Date,ANFCI,BAMLC0A0CM,DGS10,T10Y2Y,T5YIE,VIX,MOVE,GPR,d_ANFCI,d_BAMLC0A0CM,d_DGS10,d_T10Y2Y,d_T5YIE,d_VIX,d_MOVE,d_GPR
2016-04-22,-0.266,1.55,1.89,1.05,1.56,13.220000267028809,67.77999877929688,76.72159576416016,0.006000000000000005,-0.08999999999999986,0.1299999999999999,0.030000000000000027,0.14000000000000012,-0.39999961853027344,1.2900009155273438,-9.693214416503906
2016-04-29,-0.263,1.52,1.83,1.06,1.6,15.699999809265137,64.91999816894531,77.53734588623047,0.0030000000000000027,-0.030000000000000027,-0.05999999999999983,0.010000000000000009,0.040000000000000036,2.479999542236328,-2.8600006103515625,0.8157501220703125
2016-05-06,-0.261,1.56,1.79,1.05,1.51,14.720000267028809,65.1500015258789,79.36795043945312,0.0020000000000000018,0.040000000000000036,-0.040000000000000036,-0.010000000000000009,-0.09000000000000008,-0.9799995422363281,0.23000335693359375,1.8306045532226562
2016-05-13,-0.26,1.57,1.71,0.95,1.52,15.039999961853027,64.06999969482422,88.21751403808594,0.0010000000000000009,0.010000000000000009,-0.08000000000000007,-0.10000000000000009,0.010000000000000009,0.31999969482421875,-1.0800018310546875,8.849563598632812
2016-05-20,-0.256,1.56,1.85,0.96,1.51,15.199999809265137,68.51000213623047,115.90248107910156,0.0040000000000000036,-0.010000000000000009,0.14000000000000012,0.010000000000000009,-0.010000000000000009,0.15999984741210938,4.44000244140625,27.684967041015625
2016-05-27,-0.25,1.54,1.85,0.95,1.51,13.119999885559082,66.76000213623047,81.85124206542969,0.006000000000000005,-0.020000000000000018,0.0,-0.010000000000000009,0.0,-2.0799999237060547,-1.75,-34.051239013671875
2016-06-03,-0.242,1.56,1.71,0.93,1.45,13.470000267028809,67.58999633789062,144.19883728027344,0.008000000000000007,0.020000000000000018,-0.14000000000000012,-0.019999999999999907,-0.06000000000000005,0.35000038146972656,0.8299942016601562,62.34759521484375
2016-06-10,-0.234,1.56,1.64,0.91,1.49,17.030000686645508,75.0999984741211,62.16614532470703,0.00799999999999998,0.0,-0.07000000000000006,-0.020000000000000018,0.040000000000000036,3.560000419616699,7.510002136230469,-82.0326919555664
2016-06-17,-0.224,1.6,1.62,0.92,1.43,19.40999984741211,82.58000183105469,99.28677368164062,0.010000000000000009,0.040000000000000036,-0.019999999999999796,0.010000000000000009,-0.06000000000000005,2.3799991607666016,7.480003356933594,37.120628356933594
2016-06-24,-0.219,1.61,1.57,0.93,1.36,25.760000228881836,77.94000244140625,67.60342407226562,0.0050000000000000044,0.010000000000000009,-0.050000000000000044,0.010000000000000009,-0.06999999999999984,6.350000381469727,-4.6399993896484375,-31.683349609375
2016-07-01,-0.217,1.61,1.46,0.87,1.43,14.770000457763672,74.3499984741211,112.06250762939453,0.0020000000000000018,0.0,-0.1100000000000001,-0.06000000000000005,0.06999999999999984,-10.989999771118164,-3.5900039672851562,44.459083557128906
2016-07-08,-0.222,1.57,1.37,0.76,1.39,13.199999809265137,72.30999755859375,131.0286407470703,-0.0050000000000000044,-0.040000000000000036,-0.08999999999999986,-0.10999999999999999,-0.040000000000000036,-1.5700006484985352,-2.0400009155273438,18.96613311767578
2016-07-15,-0.233,1.49,1.6,0.89,1.44,12.670000076293945,74.7699966430664,91.61395263671875,-0.01100000000000001,-0.08000000000000007,0.22999999999999998,0.13,0.050000000000000044,-0.5299997329711914,2.4599990844726562,-39.41468811035156
2016-07-22,-0.244,1.47,1.57,0.86,1.36,12.020000457763672,69.91000366210938,150.14471435546875,-0.010999999999999982,-0.020000000000000018,-0.030000000000000027,-0.030000000000000027,-0.07999999999999985,-0.6499996185302734,-4.859992980957031,58.53076171875
2016-07-29,-0.255,1.5,1.46,0.79,1.31,11.869999885559082,64.1500015258789,107.76387023925781,-0.01100000000000001,0.030000000000000027,-0.1100000000000001,-0.06999999999999995,-0.050000000000000044,-0.15000057220458984,-5.760002136230469,-42.38084411621094
2016-08-05,-0.261,1.49,1.59,0.87,1.33,11.390000343322754,66.58999633789062,93.311767578125,-0.006000000000000005,-0.010000000000000009,0.13000000000000012,0.07999999999999996,0.020000000000000018,-0.4799995422363281,2.4399948120117188,-14.452102661132812
2016-08-12,-0.26,1.45,1.51,0.8,1.29,11.550000190734863,64.37000274658203,112.60853576660156,0.0010000000000000009,-0.040000000000000036,-0.08000000000000007,-0.06999999999999995,-0.040000000000000036,0.15999984741210938,-2.2199935913085938,19.296768188476562
2016-08-19,-0.252,1.4,1.58,0.82,1.34,11.34000015258789,64.81999969482422,78.40396881103516,0.008000000000000007,-0.050000000000000044,0.07000000000000006,0.019999999999999907,0.050000000000000044,-0.21000003814697266,0.4499969482421875,-34.204566955566406
2016-08-26,-0.239,1.38,1.62,0.78,1.31,13.649999618530273,71.23999786376953,80.30467224121094,0.013000000000000012,-0.020000000000000018,0.040000000000000036,-0.039999999999999925,-0.030000000000000027,2.309999465942383,6.4199981689453125,1.9007034301757812
2016-09-02,-0.224,1.39,1.6,0.8,1.28,11.979999542236328,66.45999908447266,77.37384033203125,0.014999999999999986,0.010000000000000009,-0.020000000000000018,0.020000000000000018,-0.030000000000000027,-1.6700000762939453,-4.779998779296875,-2.9308319091796875
2016-09-09,-0.213,1.4,1.67,0.88,1.32,17.5,69.12000274658203,116.9141616821289,0.01100000000000001,0.010000000000000009,0.06999999999999984,0.07999999999999996,0.040000000000000036,5.520000457763672,2.660003662109375,39.540321350097656
2016-09-16,-0.208,1.43,1.7,0.93,1.34,15.369999885559082,69.20999908447266,51.03395462036133,0.0050000000000000044,0.030000000000000027,0.030000000000000027,0.050000000000000044,0.020000000000000018,-2.130000114440918,0.089996337890625,-65.88020706176758
2016-09-23,-0.209,1.41,1.62,0.85,1.42,12.289999961853027,59.75,100.2487564086914,-0.0010000000000000009,-0.020000000000000018,-0.07999999999999985,-0.08000000000000007,0.07999999999999985,-3.0799999237060547,-9.459999084472656,49.21480178833008
2016-09-30,-0.218,1.43,1.6,0.83,1.45,13.289999961853027,60.560001373291016,120.28876495361328,-0.009000000000000008,0.020000000000000018,-0.020000000000000018,-0.020000000000000018,0.030000000000000027,1.0,0.8100013732910156,20.040008544921875
2016-10-07,-0.233,1.38,1.73,0.9,1.5,13.479999542236328,62.84000015258789,25.318988800048828,-0.015000000000000013,-0.050000000000000044,0.1299999999999999,0.07000000000000006,0.050000000000000044,0.18999958038330078,2.279998779296875,-94.96977615356445
2016-10-14,-0.25,1.36,1.8,0.96,1.53,16.1200008392334,64.9800033569336,93.18052673339844,-0.016999999999999987,-0.019999999999999796,0.07000000000000006,0.05999999999999994,0.030000000000000027,2.6400012969970703,2.140003204345703,67.86153793334961
2016-10-21,-0.27,1.35,1.74,0.9,1.56,13.34000015258789,57.09000015258789,78.98127746582031,-0.020000000000000018,-0.010000000000000009,-0.06000000000000005,-0.05999999999999994,0.030000000000000027,-2.780000686645508,-7.890003204345703,-14.199249267578125
2016-10-28,-0.295,1.37,1.86,1.0,1.6,16.190000534057617,64.37999725341797,82.20970916748047,-0.024999999999999967,0.020000000000000018,0.1200000000000001,0.09999999999999998,0.040000000000000036,2.8500003814697266,7.289997100830078,3.2284317016601562
2016-11-04,-0.322,1.41,1.79,0.99,1.52,22.510000228881836,74.61000061035156,48.217872619628906,-0.027000000000000024,0.039999999999999813,-0.07000000000000006,-0.010000000000000009,-0.08000000000000007,6.319999694824219,10.230003356933594,-33.99183654785156
2016-11-11,-0.351,1.36,2.15,1.23,1.7,14.170000076293945,82.56999969482422,94.90303039550781,-0.02899999999999997,-0.04999999999999982,0.3599999999999999,0.24,0.17999999999999994,-8.34000015258789,7.959999084472656,46.685157775878906
2016-11-18,-0.376,1.36,2.34,1.27,1.74,12.850000381469727,81.6500015258789,92.14374542236328,-0.025000000000000022,0.0,0.18999999999999995,0.040000000000000036,0.040000000000000036,-1.3199996948242188,-0.9199981689453125,-2.7592849731445312
2016-11-25,-0.395,1.36,2.36,1.24,1.74,12.34000015258789,79.69000244140625,76.48912811279297,-0.019000000000000017,0.0,0.020000000000000018,-0.030000000000000027,0.0,-0.5100002288818359,-1.9599990844726562,-15.654617309570312
2016-12-02,-0.405,1.35,2.4,1.29,1.76,14.119999885559082,82.05999755859375,64.86146545410156,-0.010000000000000009,-0.010000000000000009,0.040000000000000036,0.050000000000000044,0.020000000000000018,1.7799997329711914,2.3699951171875,-11.627662658691406
2016-12-09,-0.408,1.33,2.47,1.32,1.83,11.75,75.55000305175781,71.08514404296875,-0.002999999999999947,-0.020000000000000018,0.07000000000000028,0.030000000000000027,0.07000000000000006,-2.369999885559082,-6.5099945068359375,6.2236785888671875
2016-12-16,-0.405,1.3,2.6,1.32,1.75,12.199999809265137,78.22000122070312,107.91650390625,0.002999999999999947,-0.030000000000000027,0.1299999999999999,0.0,-0.08000000000000007,0.4499998092651367,2.6699981689453125,36.83135986328125
2016-12-23,-0.399,1.29,2.55,1.33,1.84,11.4399995803833,72.56999969482422,182.83653259277344,0.006000000000000005,-0.010000000000000009,-0.050000000000000266,0.010000000000000009,0.09000000000000008,-0.7600002288818359,-5.650001525878906,74.92002868652344
2016-12-30,-0.395,1.29,2.45,1.25,1.84,14.039999961853027,71.62999725341797,206.6664276123047,0.0040000000000000036,0.0,-0.09999999999999964,-0.08000000000000007,0.0,2.6000003814697266,-0.94000244140625,23.82989501953125
2017-01-06,-0.39,1.28,2.42,1.2,1.84,11.319999694824219,75.23999786376953,129.0610809326172,0.0050000000000000044,-0.010000000000000009,-0.03000000000000025,-0.050000000000000044,0.0,-2.7200002670288086,3.6100006103515625,-77.6053466796875
2017-01-13,-0.386,1.28,2.4,1.19,1.85,11.229999542236328,74.5,127.04450225830078,0.0040000000000000036,0.0,-0.020000000000000018,-0.010000000000000009,0.010000000000000009,-0.09000015258789062,-0.7399978637695312,-2.0165786743164062
2017-01-20,-0.382,1.28,2.48,1.28,1.92,11.539999961853027,76.70999908447266,104.65530395507812,0.0040000000000000036,0.0,0.08000000000000007,0.09000000000000008,0.06999999999999984,0.3100004196166992,2.2099990844726562,-22.389198303222656
2017-01-27,-0.38,1.26,2.49,1.27,1.96,10.579999923706055,72.19000244140625,119.15711212158203,0.0020000000000000018,-0.020000000000000018,0.010000000000000231,-0.010000000000000009,0.040000000000000036,-0.9600000381469727,-4.519996643066406,14.501808166503906
2017-02-03,-0.379,1.27,2.49,1.28,1.91,10.970000267028809,67.38999938964844,184.0315399169922,0.0010000000000000009,0.010000000000000009,0.0,0.010000000000000009,-0.050000000000000044,0.3900003433227539,-4.8000030517578125,64.87442779541016
2017-02-10,-0.382,1.27,2.41,1.21,1.87,10.850000381469727,69.62999725341797,212.408935546875,-0.0030000000000000027,0.0,-0.08000000000000007,-0.07000000000000006,-0.039999999999999813,-0.11999988555908203,2.2399978637695312,28.377395629882812
2017-02-17,-0.386,1.24,2.42,1.21,1.85,11.489999771118164,69.77999877929688,88.52149963378906,-0.0040000000000000036,-0.030000000000000027,0.009999999999999787,0.0,-0.020000000000000018,0.6399993896484375,0.15000152587890625,-123.88743591308594
2017-02-24,-0.389,1.23,2.31,1.19,1.9,11.470000267028809,69.8499984741211,90.82076263427734,-0.0030000000000000027,-0.010000000000000009,-0.10999999999999988,-0.020000000000000018,0.04999999999999982,-0.01999950408935547,0.06999969482421875,2.2992630004882812
2017-03-03,-0.394,1.18,2.49,1.17,1.92,10.960000038146973,65.79000091552734,64.7708740234375,-0.0050000000000000044,-0.050000000000000044,0.18000000000000016,-0.020000000000000018,0.020000000000000018,-0.5100002288818359,-4.05999755859375,-26.049888610839844
2017-03-10,-0.396,1.21,2.58,1.22,1.9,11.65999984741211,67.69999694824219,71.80421447753906,-0.0020000000000000018,0.030000000000000027,0.08999999999999986,0.050000000000000044,-0.020000000000000018,0.6999998092651367,1.9099960327148438,7.0333404541015625
2017-03-17,-0.397,1.22,2.5,1.17,1.89,11.279999732971191,60.720001220703125,97.03926849365234,-0.0010000000000000009,0.010000000000000009,-0.08000000000000007,-0.050000000000000044,-0.010000000000000009,-0.38000011444091797,-6.9799957275390625,25.23505401611328
2017-03-24,-0.398,1.23,2.4,1.14,1.73,12.960000038146973,64.44999694824219,177.37338256835938,-0.0010000000000000009,0.010000000000000009,-0.10000000000000009,-0.030000000000000027,-0.15999999999999992,1.6800003051757812,3.7299957275390625,80.33411407470703
2017-03-31,-0.403,1.24,2.4,1.13,1.77,12.369999885559082,60.70000076293945,118.13721466064453,-0.0050000000000000044,0.010000000000000009,0.0,-0.010000000000000009,0.040000000000000036,-0.5900001525878906,-3.7499961853027344,-59.236167907714844
2017-04-07,-0.409,1.23,2.38,1.09,1.7,12.869999885559082,68.66000366210938,143.82296752929688,-0.00599999999999995,-0.010000000000000009,-0.020000000000000018,-0.039999999999999813,-0.07000000000000006,0.5,7.960002899169922,25.685752868652344
2017-04-14,-0.418,1.25,2.24,1.03,1.74,15.960000038146973,74.4800033569336,123.9395980834961,-0.009000000000000008,0.020000000000000018,-0.13999999999999968,-0.06000000000000005,0.040000000000000036,3.0900001525878906,5.819999694824219,-19.88336944580078
2017-04-21,-0.426,1.25,2.24,1.04,1.79,14.630000114440918,77.1500015258789,130.75924682617188,-0.008000000000000007,0.0,0.0,0.010000000000000009,0.050000000000000044,-1.3299999237060547,2.6699981689453125,6.819648742675781
2017-04-28,-0.436,1.22,2.29,1.01,1.81,10.819999694824219,60.189998626708984,126.36498260498047,-0.010000000000000009,-0.030000000000000027,0.04999999999999982,-0.030000000000000027,0.020000000000000018,-3.810000419616699,-16.960002899169922,-4.394264221191406
2017-05-05,-0.447,1.21,2.36,1.04,1.75,10.569999694824219,58.720001220703125,76.30575561523438,-0.01100000000000001,-0.010000000000000009,0.06999999999999984,0.030000000000000027,-0.06000000000000005,-0.25,-1.4699974060058594,-50.059226989746094
2017-05-12,-0.458,1.18,2.33,1.04,1.75,10.399999618530273,55.709999084472656,78.98820495605469,-0.01100000000000001,-0.030000000000000027,-0.029999999999999805,0.0,0.0,-0.1700000762939453,-3.0100021362304688,2.6824493408203125
2017-05-19,-0.47,1.18,2.23,0.95,1.75,12.039999961853027,57.81999969482422,75.71583557128906,-0.011999999999999955,0.0,-0.10000000000000009,-0.09000000000000008,0.0,1.640000343322754,2.1100006103515625,-3.272369384765625
2017-05-26,-0.484,1.18,2.25,0.95,1.73,9.8100004196167,54.04999923706055,218.0687255859375,-0.014000000000000012,0.0,0.020000000000000018,0.0,-0.020000000000000018,-2.229999542236328,-3.770000457763672,142.35289001464844
2017-06-02,-0.493,1.19,2.15,0.87,1.72,9.75,53.7400016784668,88.57132720947266,-0.009000000000000008,0.010000000000000009,-0.10000000000000009,-0.07999999999999996,-0.010000000000000009,-0.06000041961669922,-0.30999755859375,-129.49739837646484
2017-06-09,-0.498,1.19,2.21,0.86,1.68,10.699999809265137,52.560001373291016,121.29351043701172,-0.0050000000000000044,0.0,0.06000000000000005,-0.010000000000000009,-0.040000000000000036,0.9499998092651367,-1.1800003051757812,32.72218322753906
2017-06-16,-0.501,1.18,2.16,0.84,1.56,10.380000114440918,51.47999954223633,105.61810302734375,-0.0030000000000000027,-0.010000000000000009,-0.04999999999999982,-0.020000000000000018,-0.11999999999999988,-0.31999969482421875,-1.0800018310546875,-15.675407409667969
2017-06-23,-0.503,1.18,2.15,0.81,1.59,10.020000457763672,51.15999984741211,107.30852508544922,-0.0020000000000000018,0.0,-0.010000000000000231,-0.029999999999999916,0.030000000000000027,-0.3599996566772461,-0.31999969482421875,1.6904220581054688
2017-06-30,-0.51,1.15,2.31,0.93,1.63,11.180000305175781,55.220001220703125,102.60165405273438,-0.007000000000000006,-0.030000000000000027,0.16000000000000014,0.12,0.039999999999999813,1.1599998474121094,4.060001373291016,-4.706871032714844
2017-07-07,-0.521,1.12,2.39,0.99,1.63,11.1899995803833,55.7599983215332,115.72289276123047,-0.01100000000000001,-0.029999999999999805,0.08000000000000007,0.05999999999999994,0.0,0.009999275207519531,0.5399971008300781,13.121238708496094
2017-07-14,-0.534,1.11,2.33,0.98,1.62,9.510000228881836,51.029998779296875,93.1047134399414,-0.013000000000000012,-0.010000000000000009,-0.06000000000000005,-0.010000000000000009,-0.009999999999999787,-1.6799993515014648,-4.729999542236328,-22.618179321289062
2017-07-21,-0.544,1.1,2.24,0.88,1.62,9.359999656677246,47.45000076293945,80.10476684570312,-0.010000000000000009,-0.010000000000000009,-0.08999999999999986,-0.09999999999999998,0.0,-0.15000057220458984,-3.579998016357422,-12.999946594238281
2017-07-28,-0.544,1.08,2.3,0.96,1.68,10.289999961853027,48.529998779296875,113.88499450683594,0.0,-0.020000000000000018,0.05999999999999961,0.07999999999999996,0.05999999999999983,0.9300003051757812,1.0799980163574219,33.78022766113281
2017-08-04,-0.532,1.09,2.27,0.91,1.65,10.029999732971191,47.279998779296875,95.55484008789062,0.01200000000000001,0.010000000000000009,-0.029999999999999805,-0.04999999999999993,-0.030000000000000027,-0.26000022888183594,-1.25,-18.330154418945312
2017-08-11,-0.513,1.16,2.19,0.89,1.64,15.510000228881836,52.060001373291016,145.5007781982422,0.019000000000000017,0.06999999999999984,-0.08000000000000007,-0.020000000000000018,-0.010000000000000009,5.4800004959106445,4.780002593994141,49.94593811035156
2017-08-18,-0.492,1.15,2.19,0.86,1.61,14.260000228881836,50.15999984741211,138.9141387939453,0.02100000000000002,-0.010000000000000009,0.0,-0.030000000000000027,-0.029999999999999805,-1.25,-1.9000015258789062,-6.586639404296875
2017-08-25,-0.477,1.14,2.17,0.82,1.57,11.279999732971191,50.560001373291016,86.63638305664062,0.015000000000000013,-0.010000000000000009,-0.020000000000000018,-0.040000000000000036,-0.040000000000000036,-2.9800004959106445,0.40000152587890625,-52.27775573730469
2017-09-01,-0.47,1.15,2.16,0.81,1.63,10.130000114440918,49.439998626708984,133.69107055664062,0.007000000000000006,0.010000000000000009,-0.009999999999999787,-0.009999999999999898,0.05999999999999983,-1.1499996185302734,-1.1200027465820312,47.0546875
2017-09-08,-0.471,1.17,2.06,0.79,1.63,12.119999885559082,54.0099983215332,132.6992950439453,-0.0010000000000000009,0.020000000000000018,-0.10000000000000009,-0.020000000000000018,0.0,1.989999771118164,4.569999694824219,-0.9917755126953125
2017-09-15,-0.479,1.14,2.2,0.81,1.72,10.170000076293945,50.630001068115234,120.09308624267578,-0.008000000000000007,-0.030000000000000027,0.14000000000000012,0.020000000000000018,0.09000000000000008,-1.9499998092651367,-3.3799972534179688,-12.606208801269531
2017-09-22,-0.49,1.11,2.26,0.8,1.71,9.59000015258789,50.52000045776367,107.4874496459961,-0.01100000000000001,-0.029999999999999805,0.05999999999999961,-0.010000000000000009,-0.010000000000000009,-0.5799999237060547,-0.1100006103515625,-12.605636596679688
2017-09-29,-0.502,1.06,2.33,0.86,1.68,9.510000228881836,52.880001068115234,72.12433624267578,-0.01200000000000001,-0.050000000000000044,0.07000000000000028,0.05999999999999994,-0.030000000000000027,-0.07999992370605469,2.3600006103515625,-35.36311340332031
2017-10-06,-0.517,1.04,2.37,0.83,1.78,9.649999618530273,54.97999954223633,151.4772186279297,-0.015000000000000013,-0.020000000000000018,0.040000000000000036,-0.030000000000000027,0.10000000000000009,0.1399993896484375,2.0999984741210938,79.3528823852539
2017-10-13,-0.534,1.04,2.28,0.77,1.71,9.609999656677246,50.849998474121094,68.34180450439453,-0.017000000000000015,0.0,-0.0900000000000003,-0.05999999999999994,-0.07000000000000006,-0.039999961853027344,-4.130001068115234,-83.13541412353516
2017-10-20,-0.553,1.01,2.39,0.79,1.76,9.970000267028809,53.97999954223633,72.2603759765625,-0.019000000000000017,-0.030000000000000027,0.11000000000000032,0.020000000000000018,0.050000000000000044,0.3600006103515625,3.1300010681152344,3.9185714721679688
2017-10-27,-0.571,1.0,2.42,0.83,1.76,9.800000190734863,54.66999816894531,94.87067413330078,-0.017999999999999905,-0.010000000000000009,0.029999999999999805,0.039999999999999925,0.0,-0.1700000762939453,0.6899986267089844,22.61029815673828
2017-11-03,-0.588,1.02,2.34,0.71,1.74,9.140000343322754,45.83000183105469,88.22819519042969,-0.017000000000000015,0.020000000000000018,-0.08000000000000007,-0.12,-0.020000000000000018,-0.6599998474121094,-8.839996337890625,-6.642478942871094
2017-11-10,-0.601,1.06,2.4,0.73,1.78,11.289999961853027,47.290000915527344,107.6008071899414,-0.013000000000000012,0.040000000000000036,0.06000000000000005,0.020000000000000018,0.040000000000000036,2.1499996185302734,1.4599990844726562,19.37261199951172
2017-11-17,-0.608,1.06,2.35,0.62,1.75,11.430000305175781,49.09000015258789,49.271602630615234,-0.007000000000000006,0.0,-0.04999999999999982,-0.10999999999999999,-0.030000000000000027,0.1400003433227539,1.7999992370605469,-58.32920455932617
2017-11-24,-0.611,1.04,2.34,0.59,1.71,9.670000076293945,46.15999984741211,74.12738800048828,-0.0030000000000000027,-0.020000000000000018,-0.010000000000000231,-0.030000000000000027,-0.040000000000000036,-1.760000228881836,-2.9300003051757812,24.855785369873047
2017-12-01,-0.612,1.03,2.37,0.59,1.72,11.430000305175781,50.16999816894531,110.03947448730469,-0.0010000000000000009,-0.010000000000000009,0.03000000000000025,0.0,0.010000000000000009,1.760000228881836,4.009998321533203,35.912086486816406
2017-12-08,-0.612,1.02,2.38,0.58,1.71,9.579999923706055,47.4900016784668,89.091064453125,0.0,-0.010000000000000009,0.009999999999999787,-0.010000000000000009,-0.010000000000000009,-1.8500003814697266,-2.6799964904785156,-20.948410034179688
2017-12-15,-0.615,1.0,2.35,0.51,1.77,9.420000076293945,46.43000030517578,90.98188018798828,-0.0030000000000000027,-0.020000000000000018,-0.029999999999999805,-0.06999999999999995,0.06000000000000005,-0.15999984741210938,-1.0600013732910156,1.8908157348632812
2017-12-22,-0.621,0.99,2.48,0.57,1.82,9.899999618530273,50.380001068115234,69.98382568359375,-0.006000000000000005,-0.010000000000000009,0.1299999999999999,0.05999999999999994,0.050000000000000044,0.4799995422363281,3.950000762939453,-20.99805450439453
2017-12-29,-0.629,0.98,2.4,0.51,1.86,11.039999961853027,46.599998474121094,121.5621109008789,-0.008000000000000007,-0.010000000000000009,-0.08000000000000007,-0.05999999999999994,0.040000000000000036,1.140000343322754,-3.7800025939941406,51.578285217285156
2018-01-05,-0.636,0.98,2.47,0.51,1.95,9.220000267028809,46.06999969482422,66.51741790771484,-0.007000000000000006,0.0,0.07000000000000028,0.0,0.08999999999999986,-1.8199996948242188,-0.529998779296875,-55.04469299316406
2018-01-12,-0.635,0.95,2.55,0.56,1.92,10.15999984741211,47.61000061035156,167.51290893554688,0.0010000000000000009,-0.030000000000000027,0.07999999999999963,0.050000000000000044,-0.030000000000000027,0.9399995803833008,1.5400009155273438,100.99549102783203
2018-01-19,-0.626,0.95,2.64,0.58,2.0,11.270000457763672,48.54999923706055,102.11367797851562,0.009000000000000008,0.0,0.0900000000000003,0.019999999999999907,0.08000000000000007,1.1100006103515625,0.9399986267089844,-65.39923095703125
2018-01-26,-0.609,0.92,2.66,0.53,1.93,11.079999923706055,55.630001068115234,65.83985137939453,0.017000000000000015,-0.029999999999999916,0.020000000000000018,-0.04999999999999993,-0.07000000000000006,-0.1900005340576172,7.0800018310546875,-36.273826599121094
2018-02-02,-0.585,0.9,2.84,0.69,1.93,17.309999465942383,60.33000183105469,30.99478530883789,0.02400000000000002,-0.020000000000000018,0.17999999999999972,0.15999999999999992,0.0,6.229999542236328,4.700000762939453,-34.84506607055664
2018-02-09,-0.559,0.97,2.83,0.78,1.83,29.059999465942383,67.8499984741211,72.09941864013672,0.025999999999999912,0.06999999999999995,-0.009999999999999787,0.09000000000000008,-0.09999999999999987,11.75,7.519996643066406,41.10463333129883
2018-02-16,-0.54,0.98,2.87,0.66,2.0,19.459999084472656,63.029998779296875,53.116973876953125,0.019000000000000017,0.010000000000000009,0.040000000000000036,-0.12,0.16999999999999993,-9.600000381469727,-4.819999694824219,-18.982444763183594
2018-02-23,-0.523,1.0,2.88,0.63,2.04,16.489999771118164,64.5999984741211,74.92713165283203,0.017000000000000015,0.020000000000000018,0.009999999999999787,-0.030000000000000027,0.040000000000000036,-2.969999313354492,1.5699996948242188,21.810157775878906
2018-03-02,-0.507,1.05,2.86,0.61,2.03,19.59000015258789,65.30000305175781,151.3148193359375,0.016000000000000014,0.050000000000000044,-0.020000000000000018,-0.020000000000000018,-0.010000000000000231,3.1000003814697266,0.7000045776367188,76.38768768310547
2018-03-09,-0.49,1.06,2.9,0.63,1.96,14.640000343322754,58.970001220703125,101.20653533935547,0.017000000000000015,0.010000000000000009,0.040000000000000036,0.020000000000000018,-0.06999999999999984,-4.949999809265137,-6.3300018310546875,-50.10828399658203
2018-03-16,-0.472,1.1,2.85,0.54,2.05,15.800000190734863,59.0099983215332,173.33203125,0.018000000000000016,0.040000000000000036,-0.04999999999999982,-0.08999999999999997,0.08999999999999986,1.1599998474121094,0.039997100830078125,72.12549591064453
2018-03-23,-0.454,1.15,2.82,0.54,2.01,24.8700008392334,56.16999816894531,84.1159896850586,0.01799999999999996,0.04999999999999982,-0.03000000000000025,0.0,-0.040000000000000036,9.070000648498535,-2.8400001525878906,-89.2160415649414
2018-03-30,-0.443,1.16,2.74,0.47,1.92,19.969999313354492,58.540000915527344,48.476600646972656,0.01100000000000001,0.010000000000000009,-0.07999999999999963,-0.07000000000000006,-0.08999999999999986,-4.900001525878906,2.3700027465820312,-35.63938903808594
2018-04-06,-0.441,1.14,2.77,0.5,2.01,21.489999771118164,56.06999969482422,100.5026626586914,0.0020000000000000018,-0.020000000000000018,0.029999999999999805,0.030000000000000027,0.08999999999999986,1.5200004577636719,-2.470001220703125,52.02606201171875
2018-04-13,-0.452,1.11,2.82,0.45,2.01,17.40999984741211,51.13999938964844,117.60595703125,-0.01100000000000001,-0.029999999999999805,0.04999999999999982,-0.04999999999999999,0.0,-4.079999923706055,-4.930000305175781,17.103294372558594
2018-04-20,-0.472,1.1,2.96,0.5,2.1,16.8799991607666,52.709999084472656,71.06819915771484,-0.019999999999999962,-0.010000000000000009,0.14000000000000012,0.04999999999999999,0.0900000000000003,-0.5300006866455078,1.5699996948242188,-46.537757873535156
2018-04-27,-0.493,1.12,2.96,0.47,2.09,15.40999984741211,51.27000045776367,91.80326080322266,-0.02100000000000002,0.020000000000000018,0.0,-0.030000000000000027,-0.010000000000000231,-1.4699993133544922,-1.4399986267089844,20.735061645507812
2018-05-04,-0.511,1.17,2.95,0.44,2.09,14.770000457763672,49.43000030517578,139.01663208007812,-0.018000000000000016,0.04999999999999982,-0.009999999999999787,-0.02999999999999997,0.0,-0.6399993896484375,-1.8400001525878906,47.21337127685547
2018-05-11,-0.522,1.15,2.97,0.43,2.13,12.649999618530273,47.060001373291016,163.6328582763672,-0.01100000000000001,-0.020000000000000018,0.020000000000000018,-0.010000000000000009,0.040000000000000036,-2.1200008392333984,-2.3699989318847656,24.616226196289062
2018-05-18,-0.527,1.14,3.06,0.51,2.14,13.420000076293945,53.2599983215332,92.46244812011719,-0.0050000000000000044,-0.010000000000000009,0.08999999999999986,0.08000000000000002,0.010000000000000231,0.7700004577636719,6.1999969482421875,-71.17041015625
2018-05-25,-0.526,1.16,2.93,0.45,2.04,13.220000267028809,54.099998474121094,140.5561981201172,0.0010000000000000009,0.020000000000000018,-0.1299999999999999,-0.06,-0.10000000000000009,-0.19999980926513672,0.8400001525878906,48.09375
2018-06-01,-0.52,1.21,2.89,0.42,2.06,13.460000038146973,56.939998626708984,186.23287963867188,0.006000000000000005,0.050000000000000044,-0.040000000000000036,-0.030000000000000027,0.020000000000000018,0.23999977111816406,2.8400001525878906,45.67668151855469
2018-06-08,-0.515,1.22,2.93,0.43,2.06,12.180000305175781,59.56999969482422,116.16471099853516,0.0050000000000000044,0.010000000000000009,0.040000000000000036,0.010000000000000009,0.0,-1.2799997329711914,2.6300010681152344,-70.06816864013672
2018-06-15,-0.508,1.21,2.93,0.38,2.08,11.979999542236328,53.08000183105469,69.98382568359375,0.007000000000000006,-0.010000000000000009,0.0,-0.04999999999999999,0.020000000000000018,-0.20000076293945312,-6.489997863769531,-46.180885314941406
2018-06-22,-0.502,1.27,2.9,0.34,2.07,13.770000457763672,53.029998779296875,57.31085968017578,0.006000000000000005,0.06000000000000005,-0.03000000000000025,-0.03999999999999998,-0.010000000000000231,1.7900009155273438,-0.0500030517578125,-12.672966003417969
2018-06-29,-0.499,1.29,2.85,0.33,2.06,16.09000015258789,51.16999816894531,141.04144287109375,0.0030000000000000027,0.020000000000000018,-0.04999999999999982,-0.010000000000000009,-0.009999999999999787,2.3199996948242188,-1.8600006103515625,83.73058319091797
2018-07-06,-0.503,1.28,2.82,0.29,2.08,13.369999885559082,50.130001068115234,128.33192443847656,-0.0040000000000000036,-0.010000000000000009,-0.03000000000000025,-0.040000000000000036,0.020000000000000018,-2.7200002670288086,-1.0399971008300781,-12.709518432617188
2018-07-13,-0.514,1.24,2.83,0.24,2.07,12.180000305175781,48.279998779296875,125.4760513305664,-0.01100000000000001,-0.040000000000000036,0.010000000000000231,-0.04999999999999999,-0.010000000000000231,-1.1899995803833008,-1.8500022888183594,-2.8558731079101562
2018-07-20,-0.531,1.22,2.89,0.29,2.02,12.859999656677246,49.04999923706055,54.0997200012207,-0.017000000000000015,-0.020000000000000018,0.06000000000000005,0.04999999999999999,-0.04999999999999982,0.6799993515014648,0.7700004577636719,-71.3763313293457
2018-07-27,-0.552,1.16,2.96,0.29,2.0,13.029999732971191,48.83000183105469,119.3347396850586,-0.02100000000000002,-0.06000000000000005,0.06999999999999984,0.0,-0.020000000000000018,0.1700000762939453,-0.21999740600585938,65.23501968383789
2018-08-03,-0.572,1.15,2.95,0.32,2.0,11.640000343322754,47.66999816894531,147.8824920654297,-0.019999999999999907,-0.010000000000000009,-0.009999999999999787,0.030000000000000027,0.0,-1.3899993896484375,-1.160003662109375,28.547752380371094
2018-08-10,-0.587,1.18,2.87,0.26,1.98,13.15999984741211,50.630001068115234,121.93501281738281,-0.015000000000000013,0.030000000000000027,-0.08000000000000007,-0.06,-0.020000000000000018,1.5199995040893555,2.960002899169922,-25.947479248046875
2018-08-17,-0.595,1.18,2.87,0.26,1.96,12.640000343322754,50.689998626708984,107.13349151611328,-0.008000000000000007,0.0,0.0,0.0,-0.020000000000000018,-0.5199995040893555,0.05999755859375,-14.801521301269531
2018-08-24,-0.599,1.19,2.82,0.19,1.99,11.989999771118164,49.15999984741211,44.46399688720703,-0.0040000000000000036,0.010000000000000009,-0.050000000000000266,-0.07,0.030000000000000027,-0.6500005722045898,-1.529998779296875,-62.66949462890625
2018-08-31,-0.603,1.21,2.86,0.24,1.98,12.859999656677246,50.709999084472656,62.03310012817383,-0.0040000000000000036,0.020000000000000018,0.040000000000000036,0.04999999999999999,-0.010000000000000009,0.869999885559082,1.5499992370605469,17.569103240966797
2018-09-07,-0.609,1.2,2.94,0.23,1.98,14.880000114440918,49.43000030517578,87.86651611328125,-0.006000000000000005,-0.010000000000000009,0.08000000000000007,-0.009999999999999981,0.0,2.020000457763672,-1.279998779296875,25.833415985107422
2018-09-14,-0.617,1.16,2.99,0.21,2.0,12.069999694824219,47.45000076293945,118.30599212646484,-0.008000000000000007,-0.040000000000000036,0.050000000000000266,-0.020000000000000018,0.020000000000000018,-2.810000419616699,-1.9799995422363281,30.439476013183594
2018-09-21,-0.623,1.13,3.07,0.26,2.02,11.680000305175781,48.83000183105469,113.79048919677734,-0.006000000000000005,-0.030000000000000027,0.07999999999999963,0.05000000000000002,0.020000000000000018,-0.3899993896484375,1.3800010681152344,-4.5155029296875
2018-09-28,-0.624,1.11,3.05,0.24,2.03,12.119999885559082,46.15999984741211,81.45658111572266,-0.0010000000000000009,-0.019999999999999796,-0.020000000000000018,-0.020000000000000018,0.009999999999999787,0.4399995803833008,-2.670001983642578,-32.33390808105469
2018-10-05,-0.618,1.13,3.23,0.35,2.05,14.819999694824219,55.189998626708984,78.21883392333984,0.006000000000000005,0.019999999999999796,0.18000000000000016,0.10999999999999999,0.020000000000000018,2.6999998092651367,9.029998779296875,-3.2377471923828125
2018-10-12,-0.605,1.16,3.15,0.3,1.99,21.309999465942383,54.369998931884766,87.06867980957031,0.013000000000000012,0.030000000000000027,-0.08000000000000007,-0.04999999999999999,-0.05999999999999983,6.489999771118164,-0.8199996948242188,8.849845886230469
2018-10-19,-0.591,1.17,3.2,0.28,1.98,19.889999389648438,52.040000915527344,106.1982192993164,0.014000000000000012,0.010000000000000009,0.050000000000000266,-0.019999999999999962,-0.010000000000000009,-1.4200000762939453,-2.329998016357422,19.129539489746094
2018-10-26,-0.578,1.23,3.08,0.27,1.93,24.15999984741211,62.70000076293945,159.10116577148438,0.013000000000000012,0.06000000000000005,-0.1200000000000001,-0.010000000000000009,-0.050000000000000044,4.270000457763672,10.65999984741211,52.90294647216797
2018-11-02,-0.569,1.24,3.22,0.31,1.91,19.510000228881836,61.41999816894531,103.39347076416016,0.009000000000000008,0.010000000000000009,0.14000000000000012,0.03999999999999998,-0.020000000000000018,-4.649999618530273,-1.2800025939941406,-55.70769500732422
2018-11-09,-0.562,1.23,3.19,0.25,1.9,17.360000610351562,53.540000915527344,114.37254333496094,0.006999999999999895,-0.010000000000000009,-0.03000000000000025,-0.06,-0.010000000000000009,-2.1499996185302734,-7.879997253417969,10.979072570800781
2018-11-16,-0.547,1.34,3.08,0.27,1.88,18.139999389648438,60.43000030517578,44.5455322265625,0.015000000000000013,0.1100000000000001,-0.10999999999999988,0.020000000000000018,-0.020000000000000018,0.779998779296875,6.8899993896484375,-69.82701110839844
2018-11-23,-0.522,1.38,3.05,0.24,1.77,21.520000457763672,57.310001373291016,135.29591369628906,0.025000000000000022,0.039999999999999813,-0.03000000000000025,-0.030000000000000027,-0.10999999999999988,3.3800010681152344,-3.1199989318847656,90.75038146972656
2018-11-30,-0.491,1.45,3.01,0.21,1.77,18.06999969482422,52.43000030517578,142.18678283691406,0.031000000000000028,0.07000000000000006,-0.040000000000000036,-0.03,0.0,-3.450000762939453,-4.880001068115234,6.890869140625
2018-12-07,-0.457,1.51,2.85,0.13,1.68,23.229999542236328,60.7400016784668,196.083984375,0.033999999999999975,0.06000000000000005,-0.1599999999999997,-0.07999999999999999,-0.09000000000000008,5.159999847412109,8.310001373291016,53.89720153808594
2018-12-14,-0.432,1.48,2.89,0.16,1.6,21.6299991607666,56.130001068115234,120.08057403564453,0.025000000000000022,-0.030000000000000027,0.040000000000000036,0.03,-0.07999999999999985,-1.6000003814697266,-4.6100006103515625,-76.00341033935547
2018-12-21,-0.421,1.54,2.79,0.16,1.55,30.110000610351562,61.61000061035156,210.32177734375,0.01100000000000001,0.06000000000000005,-0.10000000000000009,0.0,-0.050000000000000044,8.480001449584961,5.479999542236328,90.24120330810547
2018-12-28,-0.426,1.58,2.72,0.2,1.52,28.34000015258789,66.66000366210938,102.00775909423828,-0.0050000000000000044,0.040000000000000036,-0.06999999999999984,0.04000000000000001,-0.030000000000000027,-1.7700004577636719,5.0500030517578125,-108.31401824951172
2019-01-04,-0.444,1.62,2.67,0.17,1.58,21.3799991607666,65.81999969482422,99.0169677734375,-0.018000000000000016,0.040000000000000036,-0.050000000000000266,-0.03,0.06000000000000005,-6.960000991821289,-0.8400039672851562,-2.9907913208007812
2019-01-11,-0.466,1.54,2.71,0.16,1.66,18.190000534057617,55.939998626708984,101.2398452758789,-0.02200000000000002,-0.08000000000000007,0.040000000000000036,-0.010000000000000009,0.07999999999999985,-3.1899986267089844,-9.880001068115234,2.2228775024414062
2019-01-18,-0.487,1.46,2.79,0.17,1.67,17.799999237060547,53.779998779296875,112.82587432861328,-0.020999999999999963,-0.08000000000000007,0.08000000000000007,0.010000000000000009,0.010000000000000009,-0.3900012969970703,-2.1599998474121094,11.586029052734375
2019-01-25,-0.506,1.4,2.76,0.16,1.64,17.420000076293945,52.5,91.13523864746094,-0.019000000000000017,-0.06000000000000005,-0.03000000000000025,-0.010000000000000009,-0.030000000000000027,-0.37999916076660156,-1.279998779296875,-21.690635681152344
2019-02-01,-0.524,1.36,2.7,0.18,1.72,16.139999389648438,48.790000915527344,113.57374572753906,-0.018000000000000016,-0.039999999999999813,-0.05999999999999961,0.01999999999999999,0.08000000000000007,-1.2800006866455078,-3.7099990844726562,22.438507080078125
2019-02-08,-0.542,1.34,2.63,0.18,1.69,15.720000267028809,49.630001068115234,62.35421371459961,-0.018000000000000016,-0.020000000000000018,-0.07000000000000028,0.0,-0.030000000000000027,-0.4199991226196289,0.8400001525878906,-51.21953201293945
2019-02-15,-0.562,1.32,2.66,0.14,1.75,14.90999984741211,45.72999954223633,145.10621643066406,-0.020000000000000018,-0.020000000000000018,0.03000000000000025,-0.03999999999999998,0.06000000000000005,-0.8100004196166992,-3.9000015258789062,82.75200271606445
2019-02-22,-0.58,1.32,2.65,0.17,1.82,13.510000228881836,47.220001220703125,69.43730163574219,-0.017999999999999905,0.0,-0.010000000000000231,0.03,0.07000000000000006,-1.3999996185302734,1.4900016784667969,-75.66891479492188
2019-03-01,-0.593,1.28,2.76,0.21,1.85,13.569999694824219,47.900001525878906,184.49745178222656,-0.013000000000000012,-0.040000000000000036,0.10999999999999988,0.03999999999999998,0.030000000000000027,0.05999946594238281,0.6800003051757812,115.06015014648438
2019-03-08,-0.597,1.29,2.62,0.17,1.8,16.049999237060547,45.83000183105469,55.01298904418945,-0.0040000000000000036,0.010000000000000009,-0.13999999999999968,-0.03999999999999998,-0.050000000000000044,2.479999542236328,-2.0699996948242188,-129.4844627380371
2019-03-15,-0.595,1.26,2.59,0.16,1.86,12.880000114440918,46.04999923706055,61.11748123168945,0.0020000000000000018,-0.030000000000000027,-0.03000000000000025,-0.010000000000000009,0.06000000000000005,-3.169999122619629,0.21999740600585938,6.1044921875
2019-03-22,-0.592,1.25,2.44,0.13,1.8,16.479999542236328,52.2599983215332,122.84458923339844,0.0030000000000000027,-0.010000000000000009,-0.1499999999999999,-0.03,-0.06000000000000005,3.59999942779541,6.209999084472656,61.727108001708984
2019-03-29,-0.592,1.25,2.41,0.14,1.78,13.710000038146973,58.54999923706055,77.67399597167969,0.0,0.0,-0.029999999999999805,0.010000000000000009,-0.020000000000000018,-2.7699995040893555,6.290000915527344,-45.17059326171875
2019-04-05,-0.598,1.23,2.5,0.15,1.79,12.819999694824219,49.220001220703125,71.19298553466797,-0.006000000000000005,-0.020000000000000018,0.08999999999999986,0.009999999999999981,0.010000000000000009,-0.8900003433227539,-9.329998016357422,-6.481010437011719
2019-04-12,-0.608,1.18,2.56,0.16,1.86,12.010000228881836,48.84000015258789,103.63340759277344,-0.010000000000000009,-0.050000000000000044,0.06000000000000005,0.010000000000000009,0.07000000000000006,-0.8099994659423828,-0.3800010681152344,32.44042205810547
2019-04-19,-0.618,1.17,2.57,0.19,1.86,12.09000015258789,49.22999954223633,51.31344223022461,-0.010000000000000009,-0.010000000000000009,0.009999999999999787,0.03,0.0,0.07999992370605469,0.3899993896484375,-52.31996536254883
2019-04-26,-0.621,1.17,2.51,0.23,1.86,12.729999542236328,49.43000030517578,129.5658721923828,-0.0030000000000000027,0.0,-0.06000000000000005,0.04000000000000001,0.0,0.6399993896484375,0.20000076293945312,78.2524299621582
2019-05-03,-0.619,1.18,2.54,0.21,1.8,12.869999885559082,45.779998779296875,70.14849090576172,0.0020000000000000018,0.010000000000000009,0.03000000000000025,-0.020000000000000018,-0.06000000000000005,0.1400003433227539,-3.6500015258789062,-59.417381286621094
2019-05-10,-0.61,1.22,2.47,0.21,1.75,16.040000915527344,53.4900016784668,135.96359252929688,0.009000000000000008,0.040000000000000036,-0.06999999999999984,0.0,-0.050000000000000044,3.1700010299682617,7.710002899169922,65.81510162353516
2019-05-17,-0.6,1.24,2.39,0.19,1.71,15.960000038146973,56.970001220703125,141.05126953125,0.010000000000000009,0.020000000000000018,-0.08000000000000007,-0.01999999999999999,-0.040000000000000036,-0.0800008773803711,3.479999542236328,5.087677001953125
2019-05-24,-0.593,1.27,2.32,0.16,1.62,15.850000381469727,60.540000915527344,148.69381713867188,0.007000000000000006,0.030000000000000027,-0.07000000000000028,-0.03,-0.08999999999999986,-0.1099996566772461,3.5699996948242188,7.642547607421875
2019-05-31,-0.588,1.35,2.14,0.19,1.58,18.709999084472656,72.68000030517578,104.56336975097656,0.0050000000000000044,0.08000000000000007,-0.17999999999999972,0.03,-0.040000000000000036,2.8599987030029297,12.139999389648438,-44.13044738769531
2019-06-07,-0.586,1.34,2.09,0.24,1.61,16.299999237060547,68.69000244140625,69.92227935791016,0.0020000000000000018,-0.010000000000000009,-0.050000000000000266,0.04999999999999999,0.030000000000000027,-2.4099998474121094,-3.9899978637695312,-34.641090393066406
2019-06-14,-0.585,1.32,2.09,0.25,1.48,15.279999732971191,80.81999969482422,192.6398468017578,0.0010000000000000009,-0.020000000000000018,0.0,0.010000000000000009,-0.13000000000000012,-1.0199995040893555,12.129997253417969,122.71756744384766
2019-06-21,-0.583,1.25,2.07,0.3,1.6,15.399999618530273,74.62999725341797,125.99950408935547,0.0020000000000000018,-0.07000000000000006,-0.020000000000000018,0.04999999999999999,0.1200000000000001,0.11999988555908203,-6.19000244140625,-66.64034271240234
2019-06-28,-0.582,1.22,2.0,0.25,1.53,15.079999923706055,70.43000030517578,153.90248107910156,0.0010000000000000009,-0.030000000000000027,-0.06999999999999984,-0.04999999999999999,-0.07000000000000006,-0.31999969482421875,-4.1999969482421875,27.902976989746094
2019-07-05,-0.585,1.19,2.04,0.17,1.55,13.279999732971191,65.27999877929688,98.34883880615234,-0.0030000000000000027,-0.030000000000000027,0.040000000000000036,-0.07999999999999999,0.020000000000000018,-1.8000001907348633,-5.150001525878906,-55.55364227294922
2019-07-12,-0.589,1.18,2.12,0.28,1.62,12.390000343322754,62.779998779296875,107.3701400756836,-0.0040000000000000036,-0.010000000000000009,0.08000000000000007,0.11000000000000001,0.07000000000000006,-0.8899993896484375,-2.5,9.02130126953125
2019-07-19,-0.591,1.18,2.05,0.25,1.6,14.449999809265137,63.86000061035156,48.779441833496094,-0.0020000000000000018,0.0,-0.07000000000000028,-0.030000000000000027,-0.020000000000000018,2.059999465942383,1.0800018310546875,-58.5906982421875
2019-07-26,-0.59,1.14,2.08,0.22,1.57,12.15999984741211,58.900001525878906,137.65362548828125,0.0010000000000000009,-0.040000000000000036,0.03000000000000025,-0.03,-0.030000000000000027,-2.2899999618530273,-4.959999084472656,88.87418365478516
2019-08-02,-0.58,1.19,1.86,0.14,1.45,17.610000610351562,66.11000061035156,110.98809051513672,0.010000000000000009,0.050000000000000044,-0.21999999999999997,-0.07999999999999999,-0.1200000000000001,5.450000762939453,7.209999084472656,-26.66553497314453
2019-08-09,-0.565,1.26,1.74,0.11,1.44,17.969999313354492,78.97000122070312,105.86102294921875,0.015000000000000013,0.07000000000000006,-0.1200000000000001,-0.030000000000000013,-0.010000000000000009,0.3599987030029297,12.860000610351562,-5.127067565917969
2019-08-16,-0.547,1.31,1.55,0.07,1.34,18.469999313354492,89.5199966430664,104.6073989868164,0.017999999999999905,0.050000000000000044,-0.18999999999999995,-0.039999999999999994,-0.09999999999999987,0.5,10.549995422363281,-1.2536239624023438
2019-08-23,-0.538,1.25,1.52,0.01,1.35,19.8700008392334,91.81999969482422,96.78153228759766,0.009000000000000008,-0.06000000000000005,-0.030000000000000027,-0.060000000000000005,0.010000000000000009,1.4000015258789062,2.3000030517578125,-7.82586669921875
2019-08-30,-0.537,1.25,1.5,0.0,1.35,18.979999542236328,86.88999938964844,45.77669143676758,0.0010000000000000009,0.0,-0.020000000000000018,-0.01,0.0,-0.8900012969970703,-4.930000305175781,-51.00484085083008
2019-09-06,-0.548,1.26,1.55,0.02,1.35,15.0,78.81999969482422,81.73868560791016,-0.01100000000000001,0.010000000000000009,0.050000000000000044,0.02,0.0,-3.979999542236328,-8.069999694824219,35.96199417114258
2019-09-13,-0.56,1.21,1.9,0.11,1.46,13.739999771118164,85.52999877929688,70.56848907470703,-0.01200000000000001,-0.050000000000000044,0.34999999999999987,0.09,0.10999999999999988,-1.260000228881836,6.709999084472656,-11.170196533203125
2019-09-20,-0.568,1.19,1.74,0.05,1.42,15.319999694824219,80.06999969482422,126.9625244140625,-0.007999999999999896,-0.020000000000000018,-0.15999999999999992,-0.06,-0.040000000000000036,1.5799999237060547,-5.459999084472656,56.39403533935547
2019-09-27,-0.567,1.21,1.69,0.06,1.36,17.219999313354492,79.97000122070312,88.05559539794922,0.0010000000000000009,0.020000000000000018,-0.050000000000000044,0.009999999999999995,-0.05999999999999983,1.8999996185302734,-0.09999847412109375,-38.90692901611328
2019-10-04,-0.56,1.26,1.52,0.12,1.27,17.040000915527344,83.1500015258789,111.27488708496094,0.006999999999999895,0.050000000000000044,-0.16999999999999993,0.06,-0.09000000000000008,-0.17999839782714844,3.1800003051757812,23.21929168701172
2019-10-11,-0.554,1.22,1.76,0.13,1.34,15.579999923706055,79.86000061035156,204.3184814453125,0.006000000000000005,-0.040000000000000036,0.24,0.010000000000000009,0.07000000000000006,-1.460000991821289,-3.2900009155273438,93.04359436035156
2019-10-18,-0.558,1.18,1.76,0.18,1.52,14.25,78.3499984741211,106.58197021484375,-0.0040000000000000036,-0.040000000000000036,0.0,0.04999999999999999,0.17999999999999994,-1.3299999237060547,-1.5100021362304688,-97.73651123046875
2019-10-25,-0.576,1.14,1.8,0.17,1.55,12.649999618530273,67.06999969482422,140.87469482421875,-0.017999999999999905,-0.040000000000000036,0.040000000000000036,-0.009999999999999981,0.030000000000000027,-1.6000003814697266,-11.279998779296875,34.292724609375
2019-11-01,-0.6,1.16,1.73,0.17,1.5,12.300000190734863,57.279998779296875,100.65813446044922,-0.02400000000000002,0.020000000000000018,-0.07000000000000006,0.0,-0.050000000000000044,-0.34999942779541016,-9.790000915527344,-40.21656036376953
2019-11-08,-0.62,1.11,1.94,0.26,1.63,12.069999694824219,64.44000244140625,98.94168853759766,-0.020000000000000018,-0.04999999999999982,0.20999999999999996,0.09,0.1299999999999999,-0.23000049591064453,7.160003662109375,-1.7164459228515625
2019-11-15,-0.626,1.12,1.84,0.23,1.52,12.050000190734863,61.70000076293945,75.07235717773438,-0.006000000000000005,0.010000000000000009,-0.09999999999999987,-0.03,-0.10999999999999988,-0.01999950408935547,-2.740001678466797,-23.86933135986328
2019-11-22,-0.613,1.13,1.77,0.16,1.53,12.34000015258789,62.16999816894531,64.28498840332031,0.013000000000000012,0.009999999999999787,-0.07000000000000006,-0.07,0.010000000000000009,0.28999996185302734,0.4699974060058594,-10.787368774414062
2019-11-29,-0.586,1.11,1.78,0.17,1.5,12.619999885559082,56.56999969482422,108.37702941894531,0.027000000000000024,-0.019999999999999796,0.010000000000000009,0.010000000000000009,-0.030000000000000027,0.2799997329711914,-5.599998474121094,44.092041015625
2019-12-06,-0.558,1.09,1.84,0.23,1.59,13.619999885559082,64.06999969482422,88.65753173828125,0.027999999999999914,-0.020000000000000018,0.06000000000000005,0.06,0.09000000000000008,1.0,7.5,-19.719497680664062
2019-12-13,-0.543,1.05,1.82,0.21,1.62,12.630000114440918,56.439998626708984,99.6260986328125,0.015000000000000013,-0.040000000000000036,-0.020000000000000018,-0.020000000000000018,0.030000000000000027,-0.9899997711181641,-7.630001068115234,10.96856689453125
2019-12-20,-0.544,1.01,1.92,0.29,1.67,12.510000228881836,54.189998626708984,49.50848388671875,-0.0010000000000000009,-0.040000000000000036,0.09999999999999987,0.07999999999999999,0.04999999999999982,-0.11999988555908203,-2.25,-50.11761474609375
2019-12-27,-0.556,1.0,1.88,0.29,1.64,13.430000305175781,55.29999923706055,111.91106414794922,-0.01200000000000001,-0.010000000000000009,-0.040000000000000036,0.0,-0.030000000000000027,0.9200000762939453,1.1100006103515625,62.40258026123047
2020-01-03,-0.569,1.03,1.8,0.27,1.69,14.020000457763672,60.119998931884766,80.7943344116211,-0.0129999999999999,0.030000000000000027,-0.07999999999999985,-0.019999999999999962,0.050000000000000044,0.5900001525878906,4.819999694824219,-31.116729736328125
2020-01-10,-0.576,1.01,1.83,0.27,1.67,12.5600004196167,53.31999969482422,167.3013916015625,-0.007000000000000006,-0.020000000000000018,0.030000000000000027,0.0,-0.020000000000000018,-1.4600000381469727,-6.799999237060547,86.5070571899414
2020-01-17,-0.58,0.99,1.84,0.26,1.68,12.100000381469727,49.66999816894531,129.82249450683594,-0.0040000000000000036,-0.020000000000000018,0.010000000000000009,-0.010000000000000009,0.010000000000000009,-0.46000003814697266,-3.6500015258789062,-37.47889709472656
2020-01-24,-0.588,1.01,1.7,0.21,1.62,14.5600004196167,59.939998626708984,51.961849212646484,-0.008000000000000007,0.020000000000000018,-0.14000000000000012,-0.05000000000000002,-0.05999999999999983,2.4600000381469727,10.270000457763672,-77.86064529418945
2020-01-31,-0.604,1.09,1.51,0.18,1.6,18.84000015258789,72.9800033569336,73.97793579101562,-0.016000000000000014,0.08000000000000007,-0.18999999999999995,-0.03,-0.020000000000000018,4.279999732971191,13.04000473022461,22.01608657836914
2020-02-07,-0.622,1.04,1.59,0.18,1.61,15.470000267028809,65.58999633789062,78.96466064453125,-0.018000000000000016,-0.050000000000000044,0.08000000000000007,0.0,0.010000000000000009,-3.369999885559082,-7.390007019042969,4.986724853515625
2020-02-14,-0.615,1.02,1.59,0.17,1.64,13.680000305175781,62.380001068115234,89.18451690673828,0.007000000000000006,-0.020000000000000018,0.0,-0.009999999999999981,0.029999999999999805,-1.7899999618530273,-3.2099952697753906,10.219856262207031
2020-02-21,-0.545,1.05,1.46,0.12,1.6,17.079999923706055,74.54000091552734,103.92369842529297,0.06999999999999995,0.030000000000000027,-0.13000000000000012,-0.05000000000000002,-0.039999999999999813,3.3999996185302734,12.15999984741211,14.739181518554688
2020-02-28,-0.391,1.31,1.13,0.27,1.33,40.11000061035156,109.66999816894531,55.13877487182617,0.15400000000000003,0.26,-0.33000000000000007,0.15000000000000002,-0.27,23.030000686645508,35.12999725341797,-48.7849235534668
2020-03-06,-0.172,1.49,0.74,0.25,1.14,41.939998626708984,125.20999908447266,51.327030181884766,0.21900000000000003,0.17999999999999994,-0.3899999999999999,-0.020000000000000018,-0.19000000000000017,1.8299980163574219,15.540000915527344,-3.8117446899414062
2020-03-13,0.08,2.29,0.94,0.45,0.53,57.83000183105469,138.39999389648438,68.06645965576172,0.252,0.8,0.19999999999999996,0.2,-0.6099999999999999,15.890003204345703,13.189994812011719,16.739429473876953
2020-03-20,0.306,3.87,0.92,0.55,0.31,66.04000091552734,133.3699951171875,57.803192138671875,0.22599999999999998,1.58,-0.019999999999999907,0.10000000000000003,-0.22000000000000003,8.209999084472656,-5.029998779296875,-10.263267517089844
2020-03-27,0.443,3.24,0.72,0.47,0.54,65.54000091552734,88.33000183105469,52.12910461425781,0.137,-0.6299999999999999,-0.20000000000000007,-0.08000000000000007,0.23000000000000004,-0.5,-45.03999328613281,-5.6740875244140625
2020-04-03,0.483,3.08,0.62,0.39,0.78,46.79999923706055,65.01000213623047,84.5761947631836,0.03999999999999998,-0.16000000000000014,-0.09999999999999998,-0.07999999999999996,0.24,-18.740001678466797,-23.31999969482422,32.44709014892578
2020-04-10,0.435,2.61,0.73,0.5,0.9,41.66999816894531,74.38999938964844,85.4856185913086,-0.04799999999999999,-0.4700000000000002,0.10999999999999999,0.10999999999999999,0.12,-5.130001068115234,9.379997253417969,0.909423828125
2020-04-17,0.337,2.34,0.65,0.45,0.67,38.150001525878906,69.83999633789062,73.5105209350586,-0.09799999999999998,-0.27,-0.07999999999999996,-0.04999999999999999,-0.22999999999999998,-3.5199966430664062,-4.5500030517578125,-11.97509765625
2020-04-24,0.23,2.36,0.6,0.38,0.72,35.93000030517578,66.08999633789062,45.83427047729492,-0.10700000000000001,0.020000000000000018,-0.050000000000000044,-0.07,0.04999999999999993,-2.220001220703125,-3.75,-27.676250457763672
2020-05-01,0.123,2.18,0.64,0.44,0.68,37.189998626708984,48.11000061035156,60.41156768798828,-0.10700000000000001,-0.17999999999999972,0.040000000000000036,0.06,-0.039999999999999925,1.2599983215332031,-17.979995727539062,14.57729721069336
2020-05-08,0.018,2.22,0.69,0.53,0.74,27.979999542236328,57.400001525878906,70.48016357421875,-0.105,0.040000000000000036,0.04999999999999993,0.09000000000000002,0.05999999999999994,-9.209999084472656,9.290000915527344,10.068595886230469
2020-05-15,-0.087,2.2,0.64,0.48,0.75,31.889999389648438,56.529998779296875,45.81698226928711,-0.105,-0.020000000000000018,-0.04999999999999993,-0.050000000000000044,0.010000000000000009,3.9099998474121094,-0.8700027465820312,-24.66318130493164
2020-05-22,-0.202,1.97,0.66,0.49,0.8,28.15999984741211,51.66999816894531,135.6533660888672,-0.11500000000000002,-0.2300000000000002,0.020000000000000018,0.010000000000000009,0.050000000000000044,-3.729999542236328,-4.8600006103515625,89.83638381958008
2020-05-29,-0.315,1.85,0.65,0.49,0.83,27.510000228881836,51.54999923706055,137.45094299316406,-0.11299999999999999,-0.11999999999999988,-0.010000000000000009,0.0,0.029999999999999916,-0.6499996185302734,-0.11999893188476562,1.797576904296875
2020-06-05,-0.407,1.6,0.91,0.69,0.95,24.520000457763672,61.970001220703125,109.97901153564453,-0.09199999999999997,-0.25,0.26,0.19999999999999996,0.12,-2.989999771118164,10.420001983642578,-27.47193145751953
2020-06-12,-0.459,1.69,0.71,0.52,0.95,36.09000015258789,55.810001373291016,73.61261749267578,-0.052000000000000046,0.08999999999999986,-0.20000000000000007,-0.16999999999999993,0.0,11.569999694824219,-6.159999847412109,-36.36639404296875
2020-06-19,-0.477,1.57,0.7,0.51,1.06,35.119998931884766,53.45000076293945,53.8231086730957,-0.01799999999999996,-0.11999999999999988,-0.010000000000000009,-0.010000000000000009,0.1100000000000001,-0.970001220703125,-2.3600006103515625,-19.789508819580078
2020-06-26,-0.474,1.62,0.64,0.47,1.11,34.72999954223633,51.209999084472656,44.344947814941406,0.0030000000000000027,0.050000000000000044,-0.05999999999999994,-0.040000000000000036,0.050000000000000044,-0.3899993896484375,-2.240001678466797,-9.478160858154297
2020-07-03,-0.471,1.54,0.68,0.52,1.21,27.68000030517578,50.959999084472656,43.972137451171875,0.0030000000000000027,-0.08000000000000007,0.040000000000000036,0.050000000000000044,0.09999999999999987,-7.049999237060547,-0.25,-0.37281036376953125
2020-07-10,-0.483,1.52,0.65,0.49,1.25,27.290000915527344,49.189998626708984,97.42845916748047,-0.01200000000000001,-0.020000000000000018,-0.030000000000000027,-0.030000000000000027,0.040000000000000036,-0.3899993896484375,-1.7700004577636719,53.456321716308594
2020-07-17,-0.507,1.46,0.64,0.5,1.35,25.68000030517578,45.68000030517578,38.3201904296875,-0.02400000000000002,-0.06000000000000005,-0.010000000000000009,0.010000000000000009,0.10000000000000009,-1.6100006103515625,-3.509998321533203,-59.10826873779297
2020-07-24,-0.537,1.39,0.59,0.45,1.35,25.84000015258789,42.47999954223633,92.75189971923828,-0.030000000000000027,-0.07000000000000006,-0.050000000000000044,-0.04999999999999999,0.0,0.15999984741210938,-3.200000762939453,54.43170928955078
2020-07-31,-0.557,1.41,0.55,0.44,1.4,24.459999084472656,41.97999954223633,38.618019104003906,-0.020000000000000018,0.020000000000000018,-0.039999999999999925,-0.010000000000000009,0.04999999999999982,-1.3800010681152344,-0.5,-54.133880615234375
2020-08-07,-0.562,1.35,0.57,0.44,1.5,22.209999084472656,41.459999084472656,43.81703186035156,-0.0050000000000000044,-0.05999999999999983,0.019999999999999907,0.0,0.10000000000000009,-2.25,-0.5200004577636719,5.199012756347656
2020-08-14,-0.563,1.35,0.71,0.57,1.53,22.049999237060547,43.09000015258789,44.28566360473633,-0.0009999999999998899,0.0,0.14,0.12999999999999995,0.030000000000000027,-0.15999984741210938,1.6300010681152344,0.4686317443847656
2020-08-21,-0.572,1.38,0.64,0.48,1.52,22.540000915527344,45.13999938964844,166.30258178710938,-0.009000000000000008,0.029999999999999805,-0.06999999999999995,-0.08999999999999997,-0.010000000000000009,0.4900016784667969,2.049999237060547,122.01691818237305
2020-08-28,-0.597,1.37,0.74,0.6,1.68,22.959999084472656,48.189998626708984,64.11421203613281,-0.025000000000000022,-0.009999999999999787,0.09999999999999998,0.12,0.15999999999999992,0.4199981689453125,3.049999237060547,-102.18836975097656
2020-09-04,-0.635,1.35,0.72,0.58,1.57,30.75,47.040000915527344,94.90303039550781,-0.038000000000000034,-0.020000000000000018,-0.020000000000000018,-0.020000000000000018,-0.10999999999999988,7.790000915527344,-1.1499977111816406,30.788818359375
2020-09-11,-0.668,1.37,0.67,0.54,1.53,26.8700008392334,43.119998931884766,145.94757080078125,-0.03300000000000003,0.020000000000000018,-0.04999999999999993,-0.039999999999999925,-0.040000000000000036,-3.8799991607666016,-3.920001983642578,51.04454040527344
2020-09-18,-0.683,1.35,0.7,0.56,1.58,25.829999923706055,37.2400016784668,86.33578491210938,-0.015000000000000013,-0.020000000000000018,0.029999999999999916,0.020000000000000018,0.050000000000000044,-1.0400009155273438,-5.879997253417969,-59.611785888671875
2020-09-25,-0.669,1.46,0.66,0.54,1.43,26.3799991607666,36.970001220703125,55.35139083862305,0.014000000000000012,0.10999999999999988,-0.039999999999999925,-0.020000000000000018,-0.15000000000000013,0.5499992370605469,-0.2700004577636719,-30.984394073486328
2020-10-02,-0.631,1.43,0.7,0.57,1.48,27.6299991607666,39.970001220703125,101.92516326904297,0.038000000000000034,-0.030000000000000027,0.039999999999999925,0.029999999999999916,0.050000000000000044,1.25,3.0,46.57377243041992
2020-10-09,-0.58,1.35,0.79,0.63,1.56,25.0,57.52000045776367,81.5680160522461,0.051000000000000045,-0.07999999999999985,0.09000000000000008,0.06000000000000005,0.08000000000000007,-2.6299991607666016,17.549999237060547,-20.357147216796875
2020-10-16,-0.538,1.33,0.76,0.62,1.53,27.40999984741211,57.25,123.50452423095703,0.041999999999999926,-0.020000000000000018,-0.030000000000000027,-0.010000000000000009,-0.030000000000000027,2.4099998474121094,-0.2700004577636719,41.93650817871094
2020-10-23,-0.513,1.3,0.85,0.67,1.66,27.549999237060547,58.459999084472656,65.72555541992188,0.025000000000000022,-0.030000000000000027,0.08999999999999997,0.050000000000000044,0.1299999999999999,0.1399993896484375,1.2099990844726562,-57.778968811035156
2020-10-30,-0.504,1.33,0.88,0.74,1.59,38.02000045776367,61.90999984741211,80.3587875366211,0.009000000000000008,0.030000000000000027,0.030000000000000027,0.06999999999999995,-0.06999999999999984,10.470001220703125,3.450000762939453,14.633232116699219
2020-11-06,-0.505,1.25,0.83,0.67,1.54,24.860000610351562,39.880001068115234,62.92530059814453,-0.0010000000000000009,-0.08000000000000007,-0.050000000000000044,-0.06999999999999995,-0.050000000000000044,-13.15999984741211,-22.029998779296875,-17.433486938476562
2020-11-13,-0.509,1.21,0.89,0.72,1.64,23.100000381469727,42.95000076293945,69.1920166015625,-0.0040000000000000036,-0.040000000000000036,0.06000000000000005,0.04999999999999993,0.09999999999999987,-1.760000228881836,3.0699996948242188,6.266716003417969
2020-11-20,-0.507,1.16,0.83,0.67,1.61,23.700000762939453,42.310001373291016,94.15567016601562,0.0020000000000000018,-0.050000000000000044,-0.06000000000000005,-0.04999999999999993,-0.029999999999999805,0.6000003814697266,-0.6399993896484375,24.963653564453125
2020-11-27,-0.501,1.13,0.84,0.68,1.67,20.84000015258789,39.63999938964844,70.37321472167969,0.006000000000000005,-0.030000000000000027,0.010000000000000009,0.010000000000000009,0.05999999999999983,-2.8600006103515625,-2.670001983642578,-23.782455444335938
2020-12-04,-0.495,1.07,0.97,0.81,1.83,20.790000915527344,43.88999938964844,38.66810607910156,0.006000000000000005,-0.05999999999999983,0.13,0.13,0.16000000000000014,-0.049999237060546875,4.25,-31.705108642578125
2020-12-11,-0.495,1.11,0.9,0.79,1.82,23.309999465942383,47.52000045776367,42.853397369384766,0.0,0.040000000000000036,-0.06999999999999995,-0.020000000000000018,-0.010000000000000009,2.519998550415039,3.6300010681152344,4.185291290283203
2020-12-18,-0.499,1.07,0.95,0.82,1.92,21.56999969482422,44.63999938964844,79.99098205566406,-0.0040000000000000036,-0.040000000000000036,0.04999999999999993,0.029999999999999916,0.09999999999999987,-1.739999771118164,-2.8800010681152344,37.1375846862793
2020-12-25,-0.504,1.06,0.94,0.81,1.92,21.530000686645508,42.11000061035156,48.241275787353516,-0.0050000000000000044,-0.010000000000000009,-0.010000000000000009,-0.009999999999999898,0.0,-0.03999900817871094,-2.529998779296875,-31.749706268310547
2021-01-01,-0.507,1.03,0.93,0.8,1.95,22.75,48.97999954223633,65.27227020263672,-0.0030000000000000027,-0.030000000000000027,-0.009999999999999898,-0.010000000000000009,0.030000000000000027,1.2199993133544922,6.869998931884766,17.030994415283203
2021-01-08,-0.506,1.02,1.13,0.99,2.07,21.559999465942383,44.810001373291016,77.7395248413086,0.0010000000000000009,-0.010000000000000009,0.19999999999999984,0.18999999999999995,0.11999999999999988,-1.1900005340576172,-4.1699981689453125,12.467254638671875
2021-01-15,-0.505,1.0,1.11,0.98,2.09,24.34000015258789,45.13999938964844,57.96993637084961,0.0010000000000000009,-0.020000000000000018,-0.019999999999999796,-0.010000000000000009,0.020000000000000018,2.780000686645508,0.3299980163574219,-19.769588470458984
2021-01-22,-0.507,1.01,1.1,0.97,2.16,21.90999984741211,43.09000015258789,93.7134780883789,-0.0020000000000000018,0.010000000000000009,-0.010000000000000009,-0.010000000000000009,0.07000000000000028,-2.4300003051757812,-2.049999237060547,35.7435417175293
2021-01-29,-0.514,1.02,1.11,1.0,2.21,33.09000015258789,47.40999984741211,63.216941833496094,-0.007000000000000006,0.010000000000000009,0.010000000000000009,0.030000000000000027,0.04999999999999982,11.180000305175781,4.319999694824219,-30.496536254882812
2021-02-05,-0.532,0.99,1.19,1.1,2.28,20.8700008392334,47.20000076293945,106.44497680664062,-0.018000000000000016,-0.030000000000000027,0.07999999999999985,0.10000000000000009,0.06999999999999984,-12.219999313354492,-0.20999908447265625,43.22803497314453
2021-02-12,-0.548,0.97,1.2,1.09,2.35,19.969999313354492,47.0099983215332,73.32506561279297,-0.016000000000000014,-0.020000000000000018,0.010000000000000009,-0.010000000000000009,0.07000000000000028,-0.9000015258789062,-0.19000244140625,-33.119911193847656
2021-02-19,-0.561,0.94,1.34,1.23,2.29,22.049999237060547,60.43000030517578,85.1559829711914,-0.013000000000000012,-0.030000000000000027,0.14000000000000012,0.1399999999999999,-0.06000000000000005,2.0799999237060547,13.420001983642578,11.830917358398438
2021-02-26,-0.566,0.95,1.44,1.3,2.39,27.950000762939453,75.66000366210938,121.14055633544922,-0.004999999999999893,0.010000000000000009,0.09999999999999987,0.07000000000000006,0.10000000000000009,5.900001525878906,15.230003356933594,35.98457336425781
2021-03-05,-0.565,1.0,1.56,1.42,2.43,24.65999984741211,69.37000274658203,88.98228454589844,0.0010000000000000009,0.050000000000000044,0.1200000000000001,0.11999999999999988,0.040000000000000036,-3.2900009155273438,-6.290000915527344,-32.15827178955078
2021-03-12,-0.561,1.02,1.64,1.5,2.51,20.690000534057617,70.83000183105469,49.37989044189453,0.0039999999999998925,0.020000000000000018,0.07999999999999985,0.08000000000000007,0.07999999999999963,-3.969999313354492,1.4599990844726562,-39.602394104003906
2021-03-19,-0.558,1.0,1.74,1.58,2.51,20.950000762939453,68.80000305175781,42.853397369384766,0.0030000000000000027,-0.020000000000000018,0.10000000000000009,0.08000000000000007,0.0,0.26000022888183594,-2.029998779296875,-6.526493072509766
2021-03-26,-0.56,1.01,1.67,1.53,2.57,18.860000610351562,61.4900016784668,69.7814712524414,-0.0020000000000000018,0.010000000000000009,-0.07000000000000006,-0.050000000000000044,0.06000000000000005,-2.0900001525878906,-7.310001373291016,26.92807388305664
2021-04-02,-0.565,0.95,1.72,1.53,2.58,17.329999923706055,64.98999786376953,65.70381927490234,-0.004999999999999893,-0.06000000000000005,0.050000000000000044,0.0,0.010000000000000231,-1.5300006866455078,3.4999961853027344,-4.0776519775390625
2021-04-09,-0.569,0.94,1.67,1.51,2.51,16.690000534057617,61.209999084472656,48.00822830200195,-0.0040000000000000036,-0.010000000000000009,-0.050000000000000044,-0.020000000000000018,-0.07000000000000028,-0.6399993896484375,-3.779998779296875,-17.69559097290039
2021-04-16,-0.569,0.94,1.59,1.43,2.57,16.25,62.56999969482422,95.03267669677734,0.0,0.0,-0.07999999999999985,-0.08000000000000007,0.06000000000000005,-0.4400005340576172,1.3600006103515625,47.02444839477539
2021-04-23,-0.564,0.95,1.58,1.42,2.44,17.329999923706055,59.97999954223633,146.73118591308594,0.0050000000000000044,0.010000000000000009,-0.010000000000000009,-0.010000000000000009,-0.1299999999999999,1.0799999237060547,-2.5900001525878906,51.698509216308594
2021-04-30,-0.558,0.94,1.65,1.49,2.57,18.610000610351562,58.130001068115234,36.4018440246582,0.005999999999999894,-0.010000000000000009,0.06999999999999984,0.07000000000000006,0.1299999999999999,1.2800006866455078,-1.8499984741210938,-110.32934188842773
2021-05-07,-0.555,0.93,1.6,1.46,2.65,16.690000534057617,54.130001068115234,55.92646408081055,0.0030000000000000027,-0.009999999999999898,-0.04999999999999982,-0.030000000000000027,0.08000000000000007,-1.9200000762939453,-4.0,19.524620056152344
2021-05-14,-0.555,0.92,1.63,1.47,2.68,18.809999465942383,54.9900016784668,115.36304473876953,0.0,-0.010000000000000009,0.029999999999999805,0.010000000000000009,0.03000000000000025,2.1199989318847656,0.8600006103515625,59.436580657958984
2021-05-21,-0.562,0.91,1.63,1.46,2.62,20.149999618530273,54.59000015258789,165.85250854492188,-0.007000000000000006,-0.010000000000000009,0.0,-0.010000000000000009,-0.06000000000000005,1.3400001525878906,-0.40000152587890625,50.489463806152344
2021-05-28,-0.572,0.9,1.58,1.44,2.57,16.760000228881836,52.040000915527344,140.02928161621094,-0.009999999999999898,-0.010000000000000009,-0.04999999999999982,-0.020000000000000018,-0.050000000000000266,-3.3899993896484375,-2.549999237060547,-25.823226928710938
2021-06-04,-0.582,0.91,1.56,1.42,2.54,16.420000076293945,49.779998779296875,79.60777282714844,-0.010000000000000009,0.010000000000000009,-0.020000000000000018,-0.020000000000000018,-0.029999999999999805,-0.3400001525878906,-2.2600021362304688,-60.4215087890625
2021-06-11,-0.587,0.9,1.47,1.31,2.43,15.649999618530273,50.849998474121094,131.48475646972656,-0.0050000000000000044,-0.010000000000000009,-0.09000000000000008,-0.10999999999999988,-0.10999999999999988,-0.7700004577636719,1.0699996948242188,51.876983642578125
2021-06-18,-0.589,0.87,1.45,1.19,2.37,20.700000762939453,60.45000076293945,84.50428009033203,-0.0020000000000000018,-0.030000000000000027,-0.020000000000000018,-0.1200000000000001,-0.06000000000000005,5.05000114440918,9.60000228881836,-46.98047637939453
2021-06-25,-0.591,0.86,1.54,1.26,2.46,15.619999885559082,55.58000183105469,54.78801345825195,-0.0020000000000000018,-0.010000000000000009,0.09000000000000008,0.07000000000000006,0.08999999999999986,-5.080000877380371,-4.869998931884766,-29.716266632080078
2021-07-02,-0.593,0.87,1.44,1.2,2.49,15.069999694824219,52.40999984741211,78.9751205444336,-0.0020000000000000018,0.010000000000000009,-0.10000000000000009,-0.06000000000000005,0.03000000000000025,-0.5500001907348633,-3.170001983642578,24.18710708618164
2021-07-09,-0.598,0.9,1.37,1.14,2.44,16.18000030517578,59.91999816894531,32.35719299316406,-0.0050000000000000044,0.030000000000000027,-0.06999999999999984,-0.06000000000000005,-0.050000000000000266,1.1100006103515625,7.509998321533203,-46.61792755126953
2021-07-16,-0.603,0.91,1.31,1.06,2.52,18.450000762939453,58.2400016784668,70.38033294677734,-0.0050000000000000044,0.010000000000000009,-0.06000000000000005,-0.07999999999999985,0.08000000000000007,2.270000457763672,-1.6799964904785156,38.02313995361328
2021-07-23,-0.605,0.92,1.3,1.08,2.53,17.200000762939453,65.27999877929688,91.7940444946289,-0.0020000000000000018,0.010000000000000009,-0.010000000000000009,0.020000000000000018,0.009999999999999787,-1.25,7.039997100830078,21.413711547851562
2021-07-30,-0.603,0.91,1.24,1.05,2.56,18.239999771118164,61.189998626708984,80.90396118164062,0.0020000000000000018,-0.010000000000000009,-0.06000000000000005,-0.030000000000000027,0.03000000000000025,1.039999008178711,-4.090000152587891,-10.890083312988281
2021-08-06,-0.6,0.93,1.31,1.1,2.5,16.149999618530273,62.63999938964844,63.62165832519531,0.0030000000000000027,0.020000000000000018,0.07000000000000006,0.050000000000000044,-0.06000000000000005,-2.0900001525878906,1.4500007629394531,-17.282302856445312
2021-08-13,-0.601,0.93,1.29,1.06,2.52,15.449999809265137,55.45000076293945,95.29304504394531,-0.0010000000000000009,0.0,-0.020000000000000018,-0.040000000000000036,0.020000000000000018,-0.6999998092651367,-7.189998626708984,31.67138671875
2021-08-20,-0.608,0.95,1.26,1.03,2.4,18.559999465942383,59.95000076293945,68.60346984863281,-0.007000000000000006,0.019999999999999907,-0.030000000000000027,-0.030000000000000027,-0.1200000000000001,3.109999656677246,4.5,-26.6895751953125
2021-08-27,-0.625,0.92,1.31,1.09,2.53,16.389999389648438,57.97999954223633,103.81266021728516,-0.017000000000000015,-0.029999999999999916,0.050000000000000044,0.06000000000000005,0.1299999999999999,-2.1700000762939453,-1.970001220703125,35.209190368652344
2021-09-03,-0.646,0.92,1.33,1.12,2.48,16.40999984741211,53.2599983215332,98.69049072265625,-0.02100000000000002,0.0,0.020000000000000018,0.030000000000000027,-0.04999999999999982,0.020000457763671875,-4.720001220703125,-5.122169494628906
2021-09-10,-0.664,0.91,1.35,1.12,2.55,20.950000762939453,51.72999954223633,65.9410400390625,-0.018000000000000016,-0.010000000000000009,0.020000000000000018,0.0,0.06999999999999984,4.540000915527344,-1.529998779296875,-32.74945068359375
2021-09-17,-0.674,0.9,1.37,1.14,2.51,20.809999465942383,56.060001373291016,151.90768432617188,-0.010000000000000009,-0.010000000000000009,0.020000000000000018,0.019999999999999796,-0.040000000000000036,-0.1400012969970703,4.3300018310546875,85.96664428710938
2021-09-24,-0.673,0.87,1.47,1.18,2.47,17.75,58.459999084472656,92.75189971923828,0.0010000000000000009,-0.030000000000000027,0.09999999999999987,0.040000000000000036,-0.03999999999999959,-3.059999465942383,2.3999977111816406,-59.155784606933594
2021-10-01,-0.666,0.89,1.48,1.21,2.51,21.100000381469727,57.380001068115234,68.03733825683594,0.007000000000000006,0.020000000000000018,0.010000000000000009,0.030000000000000027,0.03999999999999959,3.3500003814697266,-1.0799980163574219,-24.714561462402344
2021-10-08,-0.657,0.9,1.61,1.29,2.64,18.770000457763672,59.650001525878906,94.39959716796875,0.009000000000000008,0.010000000000000009,0.13000000000000012,0.08000000000000007,0.13000000000000034,-2.3299999237060547,2.270000457763672,26.362258911132812
2021-10-15,-0.649,0.89,1.59,1.18,2.71,16.299999237060547,62.70000076293945,107.1450424194336,0.008000000000000007,-0.010000000000000009,-0.020000000000000018,-0.1100000000000001,0.06999999999999984,-2.470001220703125,3.049999237060547,12.745445251464844
2021-10-22,-0.642,0.89,1.66,1.18,2.91,15.430000305175781,72.04000091552734,86.04071807861328,0.007000000000000006,0.0,0.06999999999999984,0.0,0.20000000000000018,-0.8699989318847656,9.34000015258789,-21.104324340820312
2021-10-29,-0.631,0.89,1.55,1.07,2.89,16.260000228881836,75.44999694824219,55.781578063964844,0.01100000000000001,0.0,-0.10999999999999988,-0.10999999999999988,-0.020000000000000018,0.8299999237060547,3.4099960327148438,-30.259140014648438
2021-11-05,-0.611,0.9,1.45,1.06,2.87,16.479999542236328,66.9000015258789,76.9422836303711,0.020000000000000018,0.010000000000000009,-0.10000000000000009,-0.010000000000000009,-0.020000000000000018,0.2199993133544922,-8.549995422363281,21.16070556640625
2021-11-12,-0.582,0.91,1.58,1.05,3.11,16.290000915527344,78.61000061035156,101.21734619140625,0.029000000000000026,0.010000000000000009,0.13000000000000012,-0.010000000000000009,0.23999999999999977,-0.18999862670898438,11.709999084472656,24.275062561035156
2021-11-19,-0.549,0.94,1.54,1.02,3.02,17.90999984741211,73.38999938964844,108.7573471069336,0.03299999999999992,0.029999999999999916,-0.040000000000000036,-0.030000000000000027,-0.08999999999999986,1.6199989318847656,-5.220001220703125,7.540000915527344
2021-11-26,-0.519,1.01,1.48,0.98,2.92,28.6200008392334,89.44999694824219,58.97747039794922,0.030000000000000027,0.07000000000000006,-0.06000000000000005,-0.040000000000000036,-0.10000000000000009,10.710000991821289,16.05999755859375,-49.779876708984375
2021-12-03,-0.503,1.03,1.35,0.75,2.72,30.670000076293945,79.13999938964844,106.17205047607422,0.016000000000000014,0.020000000000000018,-0.1299999999999999,-0.22999999999999998,-0.19999999999999973,2.049999237060547,-10.30999755859375,47.194580078125
2021-12-10,-0.505,1.0,1.48,0.81,2.76,18.690000534057617,74.36000061035156,164.97715759277344,-0.0020000000000000018,-0.030000000000000027,0.1299999999999999,0.06000000000000005,0.03999999999999959,-11.979999542236328,-4.779998779296875,58.80510711669922
2021-12-17,-0.52,1.01,1.41,0.75,2.65,21.56999969482422,72.45999908447266,95.44012451171875,-0.015000000000000013,0.010000000000000009,-0.07000000000000006,-0.06000000000000005,-0.10999999999999988,2.8799991607666016,-1.9000015258789062,-69.53703308105469
2021-12-24,-0.538,1.0,1.5,0.79,2.72,17.959999084472656,77.29000091552734,135.7197723388672,-0.018000000000000016,-0.010000000000000009,0.09000000000000008,0.040000000000000036,0.07000000000000028,-3.6100006103515625,4.8300018310546875,40.27964782714844
2021-12-31,-0.55,0.98,1.52,0.79,2.87,17.219999313354492,77.0999984741211,76.59115600585938,-0.01200000000000001,-0.020000000000000018,0.020000000000000018,0.0,0.1499999999999999,-0.7399997711181641,-0.19000244140625,-59.12861633300781
2022-01-07,-0.553,0.95,1.76,0.89,2.78,18.760000228881836,74.69000244140625,118.95960998535156,-0.0030000000000000027,-0.030000000000000027,0.24,0.09999999999999998,-0.0900000000000003,1.5400009155273438,-2.4099960327148438,42.36845397949219
2022-01-14,-0.546,0.97,1.78,0.79,2.79,19.190000534057617,76.58999633789062,133.57127380371094,0.007000000000000006,0.020000000000000018,0.020000000000000018,-0.09999999999999998,0.010000000000000231,0.43000030517578125,1.899993896484375,14.611663818359375
2022-01-21,-0.535,1.03,1.75,0.74,2.7,28.850000381469727,81.02999877929688,185.75144958496094,0.01100000000000001,0.06000000000000005,-0.030000000000000027,-0.050000000000000044,-0.08999999999999986,9.65999984741211,4.44000244140625,52.18017578125
2022-01-28,-0.522,1.09,1.78,0.63,2.8,27.65999984741211,85.29000091552734,182.23171997070312,0.013000000000000012,0.06000000000000005,0.030000000000000027,-0.10999999999999999,0.09999999999999964,-1.1900005340576172,4.260002136230469,-3.5197296142578125
2022-02-04,-0.506,1.09,1.93,0.62,2.78,23.219999313354492,87.68000030517578,92.57479858398438,0.016000000000000014,0.0,0.1499999999999999,-0.010000000000000009,-0.020000000000000018,-4.440000534057617,2.3899993896484375,-89.65692138671875
2022-02-11,-0.477,1.1,1.92,0.42,2.82,27.360000610351562,94.02999877929688,179.2779541015625,0.029000000000000026,0.010000000000000009,-0.010000000000000009,-0.2,0.040000000000000036,4.14000129699707,6.349998474121094,86.70315551757812
2022-02-18,-0.431,1.2,1.92,0.45,2.86,27.75,94.36000061035156,226.35154724121094,0.045999999999999985,0.09999999999999987,0.0,0.030000000000000027,0.040000000000000036,0.3899993896484375,0.3300018310546875,47.07359313964844
2022-02-25,-0.373,1.27,1.97,0.42,3.02,27.59000015258789,93.33999633789062,515.8916625976562,0.057999999999999996,0.07000000000000006,0.050000000000000044,-0.030000000000000027,0.16000000000000014,-0.15999984741210938,-1.0200042724609375,289.5401153564453
2022-03-04,-0.311,1.38,1.74,0.24,3.19,31.979999542236328,131.82000732421875,350.0732116699219,0.062,0.10999999999999988,-0.22999999999999998,-0.18,0.16999999999999993,4.3899993896484375,38.480010986328125,-165.81845092773438
2022-03-11,-0.266,1.5,2.0,0.25,3.52,30.75,99.02999877929688,410.3309631347656,0.044999999999999984,0.1200000000000001,0.26,0.010000000000000009,0.33000000000000007,-1.2299995422363281,-32.790008544921875,60.25775146484375
2022-03-18,-0.25,1.37,2.14,0.17,3.48,23.8700008392334,91.7699966430664,285.3160400390625,0.016000000000000014,-0.1299999999999999,0.14000000000000012,-0.07999999999999999,-0.040000000000000036,-6.879999160766602,-7.260002136230469,-125.01492309570312
2022-03-25,-0.259,1.29,2.48,0.18,3.59,20.809999465942383,125.2699966430664,350.7424621582031,-0.009000000000000008,-0.08000000000000007,0.33999999999999986,0.009999999999999981,0.10999999999999988,-3.0600013732910156,33.5,65.42642211914062
2022-04-01,-0.281,1.2,2.39,-0.05,3.28,19.6299991607666,108.33999633789062,188.15780639648438,-0.02200000000000002,-0.09000000000000008,-0.08999999999999986,-0.22999999999999998,-0.31000000000000005,-1.1800003051757812,-16.93000030517578,-162.58465576171875
2022-04-08,-0.295,1.2,2.72,0.19,3.33,21.15999984741211,124.86000061035156,219.47674560546875,-0.013999999999999957,0.0,0.33000000000000007,0.24,0.050000000000000266,1.5300006866455078,16.520004272460938,31.318939208984375
2022-04-15,-0.286,1.26,2.83,0.36,3.33,22.700000762939453,119.66000366210938,168.43563842773438,0.009000000000000008,0.06000000000000005,0.10999999999999988,0.16999999999999998,0.0,1.5400009155273438,-5.1999969482421875,-51.041107177734375
2022-04-22,-0.255,1.33,2.9,0.18,3.37,28.209999084472656,128.1199951171875,246.79725646972656,0.030999999999999972,0.07000000000000006,0.06999999999999984,-0.18,0.040000000000000036,5.509998321533203,8.459991455078125,78.36161804199219
2022-04-29,-0.211,1.39,2.89,0.19,3.3,33.400001525878906,128.39999389648438,148.93714904785156,0.04400000000000001,0.05999999999999983,-0.009999999999999787,0.010000000000000009,-0.07000000000000028,5.19000244140625,0.279998779296875,-97.860107421875
2022-05-06,-0.173,1.4,3.12,0.4,3.22,30.190000534057617,121.41999816894531,174.06805419921875,0.038000000000000006,0.010000000000000009,0.22999999999999998,0.21000000000000002,-0.07999999999999963,-3.210000991821289,-6.9799957275390625,25.130905151367188
2022-05-13,-0.152,1.47,2.93,0.32,3.03,28.8700008392334,114.61000061035156,162.08282470703125,0.02099999999999999,0.07000000000000006,-0.18999999999999995,-0.08000000000000002,-0.1900000000000004,-1.3199996948242188,-6.80999755859375,-11.9852294921875
2022-05-20,-0.146,1.55,2.78,0.18,2.88,29.43000030517578,111.0999984741211,140.9603271484375,0.006000000000000005,0.08000000000000007,-0.15000000000000036,-0.14,-0.1499999999999999,0.5599994659423828,-3.5100021362304688,-21.12249755859375
2022-05-27,-0.139,1.41,2.74,0.27,2.95,25.719999313354492,98.4800033569336,155.51962280273438,0.0069999999999999785,-0.14000000000000012,-0.03999999999999959,0.09000000000000002,0.07000000000000028,-3.710000991821289,-12.6199951171875,14.559295654296875
2022-06-03,-0.121,1.38,2.96,0.3,3.04,24.790000915527344,97.7300033569336,142.78309631347656,0.018000000000000016,-0.030000000000000027,0.21999999999999975,0.02999999999999997,0.08999999999999986,-0.9299983978271484,-0.75,-12.736526489257812
2022-06-10,-0.088,1.41,3.15,0.09,3.13,27.75,114.2300033569336,94.34528350830078,0.033,0.030000000000000027,0.18999999999999995,-0.21,0.08999999999999986,2.9599990844726562,16.5,-48.43781280517578
2022-06-17,-0.049,1.5,3.25,0.08,2.8,31.1299991607666,133.75,114.04771423339844,0.03899999999999999,0.09000000000000008,0.10000000000000009,-0.009999999999999995,-0.33000000000000007,3.3799991607666016,19.519996643066406,19.702430725097656
2022-06-24,-0.023,1.55,3.13,0.09,2.82,27.229999542236328,127.0,149.3589324951172,0.026000000000000002,0.050000000000000044,-0.1200000000000001,0.009999999999999995,0.020000000000000018,-3.8999996185302734,-6.75,35.31121826171875
2022-07-01,-0.028,1.65,2.88,0.04,2.6,26.700000762939453,144.1699981689453,119.07923889160156,-0.005000000000000001,0.09999999999999987,-0.25,-0.049999999999999996,-0.21999999999999975,-0.529998779296875,17.169998168945312,-30.279693603515625
2022-07-08,-0.064,1.57,3.09,-0.03,2.62,24.639999389648438,145.25,110.41893005371094,-0.036000000000000004,-0.07999999999999985,0.20999999999999996,-0.07,0.020000000000000018,-2.0600013732910156,1.0800018310546875,-8.660308837890625
2022-07-15,-0.121,1.58,2.93,-0.2,2.59,24.229999542236328,129.85000610351562,192.0329132080078,-0.056999999999999995,0.010000000000000009,-0.1599999999999997,-0.17,-0.03000000000000025,-0.4099998474121094,-15.399993896484375,81.61398315429688
2022-07-22,-0.179,1.52,2.77,-0.21,2.56,23.030000686645508,123.69999694824219,125.4760513305664,-0.057999999999999996,-0.06000000000000005,-0.16000000000000014,-0.009999999999999981,-0.029999999999999805,-1.1999988555908203,-6.1500091552734375,-66.5568618774414
2022-07-29,-0.22,1.51,2.67,-0.22,2.73,21.329999923706055,116.36000061035156,68.24624633789062,-0.04100000000000001,-0.010000000000000009,-0.10000000000000009,-0.010000000000000009,0.16999999999999993,-1.7000007629394531,-7.339996337890625,-57.22980499267578
2022-08-05,-0.24,1.49,2.83,-0.41,2.64,21.149999618530273,122.58000183105469,163.9325408935547,-0.01999999999999999,-0.020000000000000018,0.16000000000000014,-0.18999999999999997,-0.08999999999999986,-0.18000030517578125,6.220001220703125,95.68629455566406
2022-08-12,-0.243,1.41,2.84,-0.41,2.67,19.530000686645508,106.27999877929688,182.54019165039062,-0.0030000000000000027,-0.08000000000000007,0.009999999999999787,0.0,0.029999999999999805,-1.6199989318847656,-16.300003051757812,18.607650756835938
2022-08-19,-0.238,1.42,2.98,-0.27,2.72,20.600000381469727,123.80999755859375,117.67557525634766,0.0050000000000000044,0.010000000000000009,0.14000000000000012,0.13999999999999996,0.050000000000000266,1.0699996948242188,17.529998779296875,-64.86461639404297
2022-08-26,-0.23,1.42,3.04,-0.33,2.73,25.559999465942383,122.94999694824219,108.25385284423828,0.00799999999999998,0.0,0.06000000000000005,-0.06,0.009999999999999787,4.959999084472656,-0.8600006103515625,-9.421722412109375
2022-09-02,-0.22,1.5,3.2,-0.2,2.55,25.469999313354492,120.72000122070312,84.12870788574219,0.010000000000000009,0.08000000000000007,0.16000000000000014,0.13,-0.18000000000000016,-0.09000015258789062,-2.2299957275390625,-24.125144958496094
2022-09-09,-0.204,1.47,3.33,-0.23,2.51,22.790000915527344,121.54000091552734,94.32772064208984,0.016000000000000014,-0.030000000000000027,0.1299999999999999,-0.03,-0.040000000000000036,-2.6799983978271484,0.8199996948242188,10.199012756347656
2022-09-16,-0.173,1.48,3.45,-0.4,2.49,26.299999237060547,124.94999694824219,127.40645599365234,0.031,0.010000000000000009,0.1200000000000001,-0.17,-0.019999999999999574,3.509998321533203,3.4099960327148438,33.0787353515625
2022-09-23,-0.133,1.51,3.69,-0.51,2.38,29.920000076293945,137.27999877929688,187.7991180419922,0.03999999999999998,0.030000000000000027,0.23999999999999977,-0.10999999999999999,-0.11000000000000032,3.6200008392333984,12.330001831054688,60.392662048339844
2022-09-30,-0.093,1.67,3.83,-0.39,2.14,31.6200008392334,141.88999938964844,162.7410430908203,0.04000000000000001,0.15999999999999992,0.14000000000000012,0.12,-0.23999999999999977,1.7000007629394531,4.6100006103515625,-25.058074951171875
2022-10-07,-0.067,1.6,3.89,-0.41,2.36,31.360000610351562,148.4600067138672,144.24093627929688,0.025999999999999995,-0.06999999999999984,0.06000000000000005,-0.019999999999999962,0.21999999999999975,-0.26000022888183594,6.57000732421875,-18.500106811523438
2022-10-14,-0.063,1.7,4.0,-0.48,2.44,32.02000045776367,152.88999938964844,147.22523498535156,0.0040000000000000036,0.09999999999999987,0.10999999999999988,-0.07,0.08000000000000007,0.6599998474121094,4.42999267578125,2.9842987060546875
2022-10-21,-0.084,1.71,4.21,-0.28,2.69,29.690000534057617,156.9499969482422,174.34567260742188,-0.021000000000000005,0.010000000000000009,0.20999999999999996,0.19999999999999996,0.25,-2.3299999237060547,4.05999755859375,27.120437622070312
2022-10-28,-0.117,1.66,4.02,-0.39,2.62,25.75,144.60000610351562,203.68539428710938,-0.033,-0.050000000000000044,-0.1900000000000004,-0.10999999999999999,-0.06999999999999984,-3.940000534057617,-12.349990844726562,29.3397216796875
2022-11-04,-0.153,1.61,4.17,-0.49,2.61,24.549999237060547,128.44000244140625,115.8915786743164,-0.03599999999999999,-0.04999999999999982,0.15000000000000036,-0.09999999999999998,-0.010000000000000231,-1.2000007629394531,-16.160003662109375,-87.79381561279297
2022-11-11,-0.18,1.58,3.82,-0.52,2.47,22.520000457763672,111.69000244140625,111.09221649169922,-0.026999999999999996,-0.030000000000000027,-0.3500000000000001,-0.030000000000000027,-0.13999999999999968,-2.029998779296875,-16.75,-4.7993621826171875
2022-11-18,-0.192,1.45,3.82,-0.69,2.28,23.1200008392334,129.3300018310547,77.71419525146484,-0.01200000000000001,-0.13000000000000012,0.0,-0.16999999999999993,-0.1900000000000004,0.6000003814697266,17.639999389648438,-33.378021240234375
2022-11-25,-0.193,1.4,3.68,-0.74,2.34,20.5,129.60000610351562,80.51380157470703,-0.0010000000000000009,-0.050000000000000044,-0.13999999999999968,-0.050000000000000044,0.06000000000000005,-2.6200008392333984,0.2700042724609375,2.7996063232421875
2022-12-02,-0.192,1.4,3.51,-0.77,2.51,19.059999465942383,118.62000274658203,109.09654235839844,0.0010000000000000009,0.0,-0.17000000000000037,-0.030000000000000027,0.16999999999999993,-1.4400005340576172,-10.980003356933594,28.582740783691406
2022-12-09,-0.195,1.37,3.57,-0.76,2.3,22.829999923706055,132.7899932861328,117.3084716796875,-0.0030000000000000027,-0.029999999999999805,0.06000000000000005,0.010000000000000009,-0.20999999999999996,3.770000457763672,14.169990539550781,8.211929321289062
2022-12-16,-0.206,1.39,3.48,-0.69,2.14,22.6200008392334,113.6500015258789,98.7958755493164,-0.010999999999999982,0.019999999999999796,-0.08999999999999986,0.07000000000000006,-0.1599999999999997,-0.20999908447265625,-19.139991760253906,-18.512596130371094
2022-12-23,-0.223,1.38,3.75,-0.56,2.29,20.8700008392334,113.16999816894531,114.92581939697266,-0.017000000000000015,-0.010000000000000009,0.27,0.1299999999999999,0.1499999999999999,-1.75,-0.48000335693359375,16.12994384765625
2022-12-30,-0.244,1.38,3.88,-0.53,2.33,21.670000076293945,121.61000061035156,150.22982788085938,-0.02099999999999999,0.0,0.1299999999999999,0.030000000000000027,0.040000000000000036,0.7999992370605469,8.44000244140625,35.30400848388672
2023-01-06,-0.263,1.4,3.55,-0.69,2.18,21.1299991607666,113.87000274658203,88.7294921875,-0.019000000000000017,0.020000000000000018,-0.33000000000000007,-0.15999999999999992,-0.1499999999999999,-0.5400009155273438,-7.739997863769531,-61.500335693359375
2023-01-13,-0.28,1.32,3.49,-0.73,2.2,18.350000381469727,113.55000305175781,103.69776916503906,-0.017000000000000015,-0.07999999999999985,-0.05999999999999961,-0.040000000000000036,0.020000000000000018,-2.779998779296875,-0.31999969482421875,14.968276977539062
2023-01-20,-0.293,1.29,3.48,-0.66,2.23,19.850000381469727,114.76000213623047,152.3668212890625,-0.012999999999999956,-0.030000000000000027,-0.010000000000000231,0.06999999999999995,0.029999999999999805,1.5,1.2099990844726562,48.66905212402344
2023-01-27,-0.305,1.25,3.52,-0.67,2.33,18.510000228881836,100.69999694824219,120.77069091796875,-0.01200000000000001,-0.040000000000000036,0.040000000000000036,-0.010000000000000009,0.10000000000000009,-1.3400001525878906,-14.060005187988281,-31.59613037109375
2023-02-03,-0.313,1.2,3.53,-0.77,2.27,18.329999923706055,98.98999786376953,116.32762908935547,-0.008000000000000007,-0.050000000000000044,0.009999999999999787,-0.09999999999999998,-0.06000000000000005,-0.18000030517578125,-1.7099990844726562,-4.443061828613281
2023-02-10,-0.313,1.23,3.74,-0.76,2.47,20.530000686645508,109.62999725341797,147.8824920654297,0.0,0.030000000000000027,0.2100000000000004,0.010000000000000009,0.20000000000000018,2.200000762939453,10.639999389648438,31.55486297607422
2023-02-17,-0.298,1.26,3.82,-0.78,2.5,20.020000457763672,110.11000061035156,106.09647369384766,0.015000000000000013,0.030000000000000027,0.07999999999999963,-0.020000000000000018,0.029999999999999805,-0.5100002288818359,0.48000335693359375,-41.78601837158203
2023-02-24,-0.263,1.28,3.95,-0.83,2.47,21.670000076293945,122.83999633789062,110.97380065917969,0.034999999999999976,0.020000000000000018,0.13000000000000034,-0.04999999999999993,-0.029999999999999805,1.6499996185302734,12.729995727539062,4.877326965332031
2023-03-03,-0.214,1.25,3.97,-0.89,2.71,18.489999771118164,122.5199966430664,154.6261444091797,0.049000000000000016,-0.030000000000000027,0.020000000000000018,-0.06000000000000005,0.23999999999999977,-3.1800003051757812,-0.31999969482421875,43.65234375
2023-03-10,-0.161,1.37,3.7,-0.9,2.34,24.799999237060547,140.05999755859375,113.44409942626953,0.05299999999999999,0.1200000000000001,-0.27,-0.010000000000000009,-0.3700000000000001,6.309999465942383,17.540000915527344,-41.182044982910156
2023-03-17,-0.115,1.62,3.39,-0.42,2.1,25.510000228881836,180.11000061035156,85.22901153564453,0.046,0.25,-0.31000000000000005,0.48000000000000004,-0.23999999999999977,0.7100009918212891,40.05000305175781,-28.215087890625
2023-03-24,-0.097,1.54,3.38,-0.38,2.21,21.739999771118164,173.66000366210938,72.6195297241211,0.018000000000000002,-0.08000000000000007,-0.010000000000000231,0.03999999999999998,0.10999999999999988,-3.770000457763672,-6.4499969482421875,-12.609481811523438
2023-03-31,-0.109,1.45,3.48,-0.58,2.4,18.700000762939453,135.92999267578125,90.4455337524414,-0.011999999999999997,-0.09000000000000008,0.10000000000000009,-0.19999999999999996,0.18999999999999995,-3.039999008178711,-37.730010986328125,17.826004028320312
2023-04-07,-0.137,1.46,3.39,-0.58,2.33,18.399999618530273,147.72999572753906,169.00856018066406,-0.02800000000000001,0.010000000000000009,-0.08999999999999986,0.0,-0.06999999999999984,-0.3000011444091797,11.800003051757812,78.56302642822266
2023-04-14,-0.174,1.39,3.52,-0.56,2.31,17.06999969482422,118.83999633789062,119.80353546142578,-0.03699999999999998,-0.07000000000000006,0.1299999999999999,0.019999999999999907,-0.020000000000000018,-1.3299999237060547,-28.889999389648438,-49.20502471923828
2023-04-21,-0.205,1.38,3.57,-0.6,2.3,16.770000457763672,120.83999633789062,140.05340576171875,-0.031,-0.010000000000000009,0.04999999999999982,-0.039999999999999925,-0.010000000000000231,-0.2999992370605469,2.0,20.24987030029297
2023-04-28,-0.222,1.4,3.44,-0.6,2.2,15.779999732971191,122.45999908447266,117.88497161865234,-0.017000000000000015,0.020000000000000018,-0.1299999999999999,0.0,-0.09999999999999964,-0.9900007247924805,1.6200027465820312,-22.168434143066406
2023-05-05,-0.228,1.48,3.44,-0.48,2.19,17.190000534057617,130.2100067138672,69.73827362060547,-0.006000000000000005,0.08000000000000007,0.0,0.12,-0.010000000000000231,1.4100008010864258,7.750007629394531,-48.146697998046875
2023-05-12,-0.229,1.48,3.46,-0.52,2.11,17.030000686645508,120.5199966430664,146.2168426513672,-0.0010000000000000009,0.0,0.020000000000000018,-0.040000000000000036,-0.08000000000000007,-0.15999984741210938,-9.690010070800781,76.47856903076172
2023-05-19,-0.23,1.45,3.7,-0.58,2.19,16.809999465942383,127.51000213623047,160.85305786132812,-0.0010000000000000009,-0.030000000000000027,0.2400000000000002,-0.05999999999999994,0.08000000000000007,-0.220001220703125,6.9900054931640625,14.636215209960938
2023-05-26,-0.232,1.41,3.8,-0.74,2.13,17.950000762939453,145.3699951171875,61.34384536743164,-0.0020000000000000018,-0.040000000000000036,0.09999999999999964,-0.16000000000000003,-0.06000000000000005,1.1400012969970703,17.85999298095703,-99.50921249389648
2023-06-02,-0.234,1.39,3.69,-0.81,2.13,14.600000381469727,120.94999694824219,129.57322692871094,-0.0020000000000000018,-0.020000000000000018,-0.10999999999999988,-0.07000000000000006,0.0,-3.3500003814697266,-24.419998168945312,68.2293815612793
2023-06-09,-0.23,1.4,3.75,-0.84,2.13,13.829999923706055,115.7699966430664,96.3266830444336,0.0040000000000000036,0.010000000000000009,0.06000000000000005,-0.029999999999999916,0.0,-0.7700004577636719,-5.180000305175781,-33.246543884277344
2023-06-16,-0.225,1.35,3.77,-0.93,2.17,13.539999961853027,104.43000030517578,111.43194580078125,0.0050000000000000044,-0.04999999999999982,0.020000000000000018,-0.09000000000000008,0.040000000000000036,-0.28999996185302734,-11.339996337890625,15.105262756347656
2023-06-23,-0.22,1.35,3.74,-0.97,2.16,13.4399995803833,105.73999786376953,46.4107551574707,0.0050000000000000044,0.0,-0.029999999999999805,-0.039999999999999925,-0.009999999999999787,-0.10000038146972656,1.30999755859375,-65.02119064331055
2023-06-30,-0.22,1.3,3.81,-1.06,2.18,13.59000015258789,110.63999938964844,102.67338562011719,0.0,-0.050000000000000044,0.06999999999999984,-0.09000000000000008,0.020000000000000018,0.15000057220458984,4.900001525878906,56.262630462646484
2023-07-07,-0.227,1.28,4.06,-0.88,2.22,14.829999923706055,130.41000366210938,120.56138610839844,-0.007000000000000006,-0.020000000000000018,0.24999999999999956,0.18000000000000005,0.040000000000000036,1.239999771118164,19.770004272460938,17.88800048828125
2023-07-14,-0.242,1.28,3.83,-0.91,2.15,13.34000015258789,112.4800033569336,151.36514282226562,-0.014999999999999986,0.0,-0.22999999999999954,-0.030000000000000027,-0.07000000000000028,-1.489999771118164,-17.93000030517578,30.803756713867188
2023-07-21,-0.26,1.26,3.84,-0.98,2.23,13.600000381469727,106.66000366210938,112.39069366455078,-0.018000000000000016,-0.020000000000000018,0.009999999999999787,-0.06999999999999995,0.08000000000000007,0.26000022888183594,-5.819999694824219,-38.974449157714844
2023-07-28,-0.274,1.19,3.96,-0.91,2.28,13.329999923706055,109.76000213623047,130.33053588867188,-0.014000000000000012,-0.07000000000000006,0.1200000000000001,0.06999999999999995,0.04999999999999982,-0.2700004577636719,3.0999984741210938,17.939842224121094
2023-08-04,-0.283,1.22,4.05,-0.73,2.26,17.100000381469727,115.91000366210938,119.37181091308594,-0.008999999999999952,0.030000000000000027,0.08999999999999986,0.18000000000000005,-0.020000000000000018,3.770000457763672,6.150001525878906,-10.958724975585938
2023-08-11,-0.286,1.22,4.16,-0.73,2.3,14.84000015258789,112.12999725341797,142.3582763671875,-0.0030000000000000027,0.0,0.11000000000000032,0.0,0.040000000000000036,-2.260000228881836,-3.7800064086914062,22.986465454101562
2023-08-18,-0.284,1.27,4.26,-0.66,2.22,17.299999237060547,120.51000213623047,77.42227935791016,0.0020000000000000018,0.050000000000000044,0.09999999999999964,0.06999999999999995,-0.07999999999999963,2.4599990844726562,8.3800048828125,-64.93599700927734
2023-08-25,-0.281,1.23,4.25,-0.78,2.25,15.680000305175781,110.37000274658203,40.256900787353516,0.002999999999999947,-0.040000000000000036,-0.009999999999999787,-0.12,0.029999999999999805,-1.6199989318847656,-10.139999389648438,-37.16537857055664
2023-09-01,-0.28,1.22,4.18,-0.69,2.17,13.09000015258789,102.91999816894531,73.48699951171875,0.0010000000000000009,-0.010000000000000009,-0.07000000000000028,0.09000000000000008,-0.08000000000000007,-2.5900001525878906,-7.450004577636719,33.230098724365234
2023-09-08,-0.277,1.23,4.26,-0.72,2.26,13.84000015258789,104.33999633789062,80.14276123046875,0.0030000000000000027,0.010000000000000009,0.08000000000000007,-0.030000000000000027,0.08999999999999986,0.75,1.4199981689453125,6.65576171875
2023-09-15,-0.275,1.22,4.33,-0.69,2.27,13.789999961853027,96.61000061035156,106.68494415283203,0.0020000000000000018,-0.010000000000000009,0.07000000000000028,0.030000000000000027,0.010000000000000231,-0.05000019073486328,-7.7299957275390625,26.54218292236328
2023-09-22,-0.269,1.2,4.44,-0.66,2.29,17.200000762939453,101.11000061035156,131.62521362304688,0.006000000000000005,-0.020000000000000018,0.11000000000000032,0.029999999999999916,0.020000000000000018,3.410000801086426,4.5,24.940269470214844
2023-09-29,-0.258,1.24,4.59,-0.44,2.22,17.520000457763672,113.55000305175781,86.41481018066406,0.01100000000000001,0.040000000000000036,0.14999999999999947,0.22000000000000003,-0.06999999999999984,0.31999969482421875,12.44000244140625,-45.21040344238281
2023-10-06,-0.249,1.29,4.78,-0.3,2.17,17.450000762939453,126.63999938964844,161.30764770507812,0.009000000000000008,0.050000000000000044,0.1900000000000004,0.14,-0.050000000000000266,-0.06999969482421875,13.089996337890625,74.89283752441406
2023-10-13,-0.244,1.27,4.63,-0.41,2.26,19.31999969482422,128.3300018310547,287.3145446777344,0.0050000000000000044,-0.020000000000000018,-0.15000000000000036,-0.10999999999999999,0.08999999999999986,1.8699989318847656,1.69000244140625,126.00689697265625
2023-10-20,-0.248,1.33,4.93,-0.14,2.47,21.709999084472656,135.4499969482422,298.6288146972656,-0.0040000000000000036,0.06000000000000005,0.2999999999999998,0.26999999999999996,0.2100000000000004,2.3899993896484375,7.1199951171875,11.31427001953125
2023-10-27,-0.261,1.31,4.84,-0.15,2.39,21.270000457763672,129.16000366210938,251.86463928222656,-0.013000000000000012,-0.020000000000000018,-0.08999999999999986,-0.009999999999999981,-0.08000000000000007,-0.4399986267089844,-6.2899932861328125,-46.76417541503906
2023-11-03,-0.284,1.29,4.57,-0.26,2.32,14.90999984741211,118.73999786376953,174.9210662841797,-0.022999999999999965,-0.020000000000000018,-0.2699999999999996,-0.11000000000000001,-0.07000000000000028,-6.3600006103515625,-10.420005798339844,-76.94357299804688
2023-11-10,-0.308,1.26,4.61,-0.43,2.28,14.170000076293945,116.79000091552734,180.9846649169922,-0.02400000000000002,-0.030000000000000027,0.040000000000000036,-0.16999999999999998,-0.040000000000000036,-0.7399997711181641,-1.9499969482421875,6.0635986328125
2023-11-17,-0.33,1.2,4.44,-0.44,2.23,13.800000190734863,113.11000061035156,149.48410034179688,-0.02200000000000002,-0.06000000000000005,-0.16999999999999993,-0.010000000000000009,-0.04999999999999982,-0.36999988555908203,-3.6800003051757812,-31.500564575195312
2023-11-24,-0.347,1.14,4.47,-0.45,2.21,12.460000038146973,107.43000030517578,152.79371643066406,-0.01699999999999996,-0.06000000000000005,0.02999999999999936,-0.010000000000000009,-0.020000000000000018,-1.3400001525878906,-5.680000305175781,3.3096160888671875
2023-12-01,-0.358,1.11,4.22,-0.34,2.12,12.630000114440918,111.51000213623047,94.81410217285156,-0.01100000000000001,-0.029999999999999805,-0.25,0.10999999999999999,-0.08999999999999986,0.1700000762939453,4.0800018310546875,-57.9796142578125
2023-12-08,-0.366,1.1,4.23,-0.48,2.11,12.350000381469727,121.6500015258789,153.5236358642578,-0.008000000000000007,-0.010000000000000009,0.010000000000000675,-0.13999999999999996,-0.010000000000000231,-0.2799997329711914,10.139999389648438,58.70953369140625
2023-12-15,-0.376,1.04,3.91,-0.53,2.17,12.279999732971191,115.75,169.25527954101562,-0.010000000000000009,-0.06000000000000005,-0.3200000000000003,-0.050000000000000044,0.06000000000000005,-0.07000064849853516,-5.900001525878906,15.731643676757812
2023-12-22,-0.388,1.07,3.9,-0.41,2.16,13.029999732971191,111.37999725341797,89.36782836914062,-0.01200000000000001,0.030000000000000027,-0.010000000000000231,0.12000000000000005,-0.009999999999999787,0.75,-4.370002746582031,-79.887451171875
2023-12-29,-0.402,1.04,3.88,-0.35,2.12,12.449999809265137,114.62000274658203,221.28489685058594,-0.014000000000000012,-0.030000000000000027,-0.020000000000000018,0.06,-0.040000000000000036,-0.5799999237060547,3.2400054931640625,131.9170684814453
2024-01-05,-0.417,1.09,4.05,-0.35,2.19,13.350000381469727,116.19000244140625,167.4893798828125,-0.014999999999999958,0.050000000000000044,0.16999999999999993,0.0,0.06999999999999984,0.9000005722045898,1.5699996948242188,-53.79551696777344
2024-01-12,-0.429,1.02,3.96,-0.18,2.22,12.699999809265137,106.51000213623047,210.59278869628906,-0.01200000000000001,-0.07000000000000006,-0.08999999999999986,0.16999999999999998,0.03000000000000025,-0.6500005722045898,-9.680000305175781,43.10340881347656
2024-01-19,-0.436,1.01,4.15,-0.24,2.3,13.300000190734863,104.97000122070312,207.4058380126953,-0.007000000000000006,-0.010000000000000009,0.1900000000000004,-0.06,0.07999999999999963,0.6000003814697266,-1.5400009155273438,-3.18695068359375
2024-01-26,-0.44,0.97,4.15,-0.19,2.26,13.260000228881836,100.2300033569336,141.32115173339844,-0.0040000000000000036,-0.040000000000000036,0.0,0.04999999999999999,-0.040000000000000036,-0.039999961853027344,-4.739997863769531,-66.08468627929688
2024-02-02,-0.443,1.02,4.03,-0.33,2.19,13.850000381469727,106.72000122070312,171.52455139160156,-0.0030000000000000027,0.050000000000000044,-0.1200000000000001,-0.14,-0.06999999999999984,0.5900001525878906,6.489997863769531,30.203399658203125
2024-02-09,-0.446,1.0,4.17,-0.31,2.28,12.930000305175781,106.20999908447266,194.5299835205078,-0.0030000000000000027,-0.020000000000000018,0.13999999999999968,0.020000000000000018,0.08999999999999986,-0.9200000762939453,-0.5100021362304688,23.00543212890625
2024-02-16,-0.452,0.96,4.3,-0.34,2.38,14.239999771118164,109.19999694824219,160.93446350097656,-0.006000000000000005,-0.040000000000000036,0.1299999999999999,-0.030000000000000027,0.10000000000000009,1.3099994659423828,2.9899978637695312,-33.59552001953125
2024-02-23,-0.462,0.95,4.26,-0.41,2.34,13.75,108.30999755859375,167.06863403320312,-0.010000000000000009,-0.010000000000000009,-0.040000000000000036,-0.06999999999999995,-0.040000000000000036,-0.48999977111816406,-0.8899993896484375,6.1341705322265625
2024-03-01,-0.472,1.01,4.19,-0.35,2.4,13.109999656677246,106.4800033569336,155.183349609375,-0.009999999999999953,0.06000000000000005,-0.0699999999999994,0.06,0.06000000000000005,-0.6400003433227539,-1.8299942016601562,-11.885284423828125
2024-03-08,-0.481,0.99,4.09,-0.39,2.34,14.739999771118164,100.87999725341797,183.7222442626953,-0.009000000000000008,-0.020000000000000018,-0.10000000000000053,-0.040000000000000036,-0.06000000000000005,1.630000114440918,-5.600006103515625,28.538894653320312
2024-03-15,-0.485,0.93,4.31,-0.41,2.39,14.40999984741211,97.81999969482422,138.02365112304688,-0.0040000000000000036,-0.05999999999999994,0.21999999999999975,-0.019999999999999962,0.050000000000000266,-0.3299999237060547,-3.05999755859375,-45.69859313964844
2024-03-22,-0.484,0.92,4.22,-0.37,2.41,13.0600004196167,91.04000091552734,125.00255584716797,0.0010000000000000009,-0.010000000000000009,-0.08999999999999986,0.03999999999999998,0.020000000000000018,-1.3499994277954102,-6.779998779296875,-13.021095275878906
2024-03-29,-0.476,0.93,4.2,-0.39,2.38,13.010000228881836,86.37999725341797,126.19306182861328,0.008000000000000007,0.010000000000000009,-0.019999999999999574,-0.020000000000000018,-0.03000000000000025,-0.05000019073486328,-4.660003662109375,1.1905059814453125
2024-04-05,-0.464,0.92,4.39,-0.34,2.45,16.030000686645508,94.30999755859375,142.04835510253906,0.011999999999999955,-0.010000000000000009,0.1899999999999995,0.04999999999999999,0.07000000000000028,3.020000457763672,7.930000305175781,15.855293273925781
2024-04-12,-0.45,0.92,4.5,-0.38,2.47,17.309999465942383,112.81999969482422,161.3263397216797,0.014000000000000012,0.0,0.11000000000000032,-0.03999999999999998,0.020000000000000018,1.279998779296875,18.51000213623047,19.277984619140625
2024-04-19,-0.438,0.94,4.62,-0.35,2.44,18.709999084472656,111.26000213623047,208.1194305419922,0.01200000000000001,0.019999999999999907,0.1200000000000001,0.030000000000000027,-0.03000000000000025,1.3999996185302734,-1.55999755859375,46.7930908203125
2024-04-26,-0.432,0.9,4.67,-0.29,2.44,15.029999732971191,104.4000015258789,150.83494567871094,0.006000000000000005,-0.039999999999999925,0.04999999999999982,0.06,0.0,-3.679999351501465,-6.8600006103515625,-57.28448486328125
2024-05-03,-0.431,0.89,4.5,-0.31,2.35,13.489999771118164,95.95999908447266,110.41893005371094,0.0010000000000000009,-0.010000000000000009,-0.16999999999999993,-0.020000000000000018,-0.08999999999999986,-1.5399999618530273,-8.44000244140625,-40.416015625
2024-05-10,-0.432,0.89,4.5,-0.37,2.34,12.550000190734863,94.2300033569336,185.2792205810547,-0.0010000000000000009,0.0,0.0,-0.06,-0.010000000000000231,-0.9399995803833008,-1.7299957275390625,74.86029052734375
2024-05-17,-0.432,0.89,4.42,-0.41,2.32,11.989999771118164,89.3499984741211,181.6569366455078,0.0,0.0,-0.08000000000000007,-0.03999999999999998,-0.020000000000000018,-0.5600004196166992,-4.8800048828125,-3.622283935546875
2024-05-24,-0.426,0.89,4.46,-0.47,2.33,11.930000305175781,83.56999969482422,116.63970947265625,0.006000000000000005,0.0,0.040000000000000036,-0.06,0.010000000000000231,-0.05999946594238281,-5.779998779296875,-65.01722717285156
2024-05-31,-0.414,0.88,4.51,-0.38,2.34,12.920000076293945,91.13999938964844,156.499267578125,0.01200000000000001,-0.010000000000000009,0.04999999999999982,0.08999999999999997,0.009999999999999787,0.9899997711181641,7.569999694824219,39.85955810546875
2024-06-07,-0.398,0.9,4.43,-0.44,2.28,12.220000267028809,91.81999969482422,122.68769073486328,0.01599999999999996,0.020000000000000018,-0.08000000000000007,-0.06,-0.06000000000000005,-0.6999998092651367,0.6800003051757812,-33.81157684326172
2024-06-14,-0.382,0.95,4.2,-0.47,2.11,12.65999984741211,100.16000366210938,90.13789367675781,0.016000000000000014,0.04999999999999993,-0.22999999999999954,-0.02999999999999997,-0.16999999999999993,0.4399995803833008,8.340003967285156,-32.54979705810547
2024-06-21,-0.371,0.96,4.25,-0.45,2.19,13.199999809265137,94.08999633789062,128.30368041992188,0.01100000000000001,0.010000000000000009,0.04999999999999982,0.019999999999999962,0.08000000000000007,0.5399999618530273,-6.07000732421875,38.16578674316406
2024-06-28,-0.365,0.96,4.36,-0.35,2.24,12.4399995803833,98.58999633789062,121.46080780029297,0.006000000000000005,0.0,0.11000000000000032,0.10000000000000003,0.050000000000000266,-0.7600002288818359,4.5,-6.842872619628906
2024-07-05,-0.362,0.92,4.28,-0.32,2.22,12.479999542236328,98.77999877929688,73.11270141601562,0.0030000000000000027,-0.039999999999999925,-0.08000000000000007,0.02999999999999997,-0.020000000000000018,0.039999961853027344,0.19000244140625,-48.348106384277344
2024-07-12,-0.359,0.92,4.18,-0.27,2.15,12.460000038146973,86.79000091552734,86.32097625732422,0.0030000000000000027,0.0,-0.10000000000000053,0.04999999999999999,-0.07000000000000028,-0.01999950408935547,-11.989997863769531,13.208274841308594
2024-07-19,-0.355,0.93,4.25,-0.24,2.18,16.520000457763672,94.29000091552734,143.77462768554688,0.0040000000000000036,0.010000000000000009,0.07000000000000028,0.030000000000000027,0.03000000000000025,4.060000419616699,7.5,57.453651428222656
2024-07-26,-0.351,0.95,4.2,-0.16,2.13,16.389999389648438,97.76000213623047,95.77151489257812,0.0040000000000000036,0.019999999999999907,-0.04999999999999982,0.07999999999999999,-0.050000000000000266,-0.13000106811523438,3.470001220703125,-48.00311279296875
2024-08-02,-0.351,1.06,3.8,-0.08,1.89,23.389999389648438,112.26000213623047,191.2178192138672,0.0,0.1100000000000001,-0.40000000000000036,0.08,-0.24,7.0,14.5,95.44630432128906
2024-08-09,-0.357,1.05,3.94,-0.11,1.96,20.3700008392334,108.26000213623047,151.33558654785156,-0.006000000000000005,-0.010000000000000009,0.14000000000000012,-0.03,0.07000000000000006,-3.019998550415039,-4.0,-39.882232666015625
2024-08-16,-0.373,0.98,3.89,-0.17,1.97,14.800000190734863,102.80999755859375,118.94318389892578,-0.016000000000000014,-0.07000000000000006,-0.04999999999999982,-0.06000000000000001,0.010000000000000009,-5.570000648498535,-5.450004577636719,-32.39240264892578
2024-08-23,-0.394,0.96,3.81,-0.09,2.01,15.859999656677246,105.62999725341797,143.7642364501953,-0.02100000000000002,-0.020000000000000018,-0.08000000000000007,0.08000000000000002,0.039999999999999813,1.0599994659423828,2.8199996948242188,24.82105255126953
2024-08-30,-0.416,0.95,3.91,0.0,2.01,15.0,107.7699966430664,166.55368041992188,-0.021999999999999964,-0.010000000000000009,0.10000000000000009,0.09,0.0,-0.8599996566772461,2.1399993896484375,22.789443969726562
2024-09-06,-0.436,0.99,3.72,0.06,1.86,22.3799991607666,107.23999786376953,100.38084411621094,-0.020000000000000018,0.040000000000000036,-0.18999999999999995,0.06,-0.1499999999999997,7.379999160766602,-0.529998779296875,-66.17283630371094
2024-09-13,-0.452,0.99,3.66,0.09,1.95,16.559999465942383,100.5999984741211,185.6430206298828,-0.016000000000000014,0.0,-0.06000000000000005,0.03,0.08999999999999986,-5.819999694824219,-6.6399993896484375,85.26217651367188
2024-09-20,-0.462,0.93,3.73,0.18,2.02,16.149999618530273,91.0,175.53778076171875,-0.010000000000000009,-0.05999999999999994,0.06999999999999984,0.09,0.07000000000000006,-0.4099998474121094,-9.599998474121094,-10.105239868164062
2024-09-27,-0.471,0.92,3.75,0.2,2.03,16.959999084472656,92.52999877929688,134.84788513183594,-0.008999999999999952,-0.010000000000000009,0.020000000000000018,0.020000000000000018,0.009999999999999787,0.8099994659423828,1.529998779296875,-40.68989562988281
2024-10-04,-0.479,0.87,3.98,0.05,2.14,19.209999084472656,100.1500015258789,144.27560424804688,-0.008000000000000007,-0.050000000000000044,0.22999999999999998,-0.15000000000000002,0.11000000000000032,2.25,7.620002746582031,9.427719116210938
2024-10-11,-0.486,0.84,4.08,0.13,2.25,20.459999084472656,118.47000122070312,157.45294189453125,-0.007000000000000006,-0.030000000000000027,0.10000000000000009,0.08,0.10999999999999988,1.25,18.31999969482422,13.177337646484375
2024-10-18,-0.495,0.83,4.08,0.13,2.23,18.030000686645508,123.12999725341797,124.89034271240234,-0.009000000000000008,-0.010000000000000009,0.0,0.0,-0.020000000000000018,-2.4299983978271484,4.659996032714844,-32.562599182128906
2024-10-25,-0.504,0.85,4.25,0.14,2.32,20.329999923706055,128.39999389648438,170.02560424804688,-0.009000000000000008,0.020000000000000018,0.16999999999999993,0.010000000000000009,0.08999999999999986,2.299999237060547,5.269996643066406,45.13526153564453
2024-11-01,-0.513,0.86,4.37,0.16,2.37,21.8799991607666,132.5800018310547,131.0728302001953,-0.009000000000000008,0.010000000000000009,0.1200000000000001,0.01999999999999999,0.050000000000000266,1.5499992370605469,4.1800079345703125,-38.95277404785156
2024-11-08,-0.522,0.77,4.3,0.04,2.43,14.9399995803833,99.8499984741211,108.89063262939453,-0.009000000000000008,-0.08999999999999997,-0.07000000000000028,-0.12,0.06000000000000005,-6.939999580383301,-32.730003356933594,-22.18219757080078
2024-11-15,-0.529,0.8,4.43,0.12,2.39,16.139999389648438,102.47000122070312,97.5879135131836,-0.007000000000000006,0.030000000000000027,0.1299999999999999,0.07999999999999999,-0.040000000000000036,1.1999998092651367,2.6200027465820312,-11.302719116210938
2024-11-22,-0.531,0.8,4.41,0.04,2.43,15.239999771118164,99.13999938964844,102.09968566894531,-0.0020000000000000018,0.0,-0.019999999999999574,-0.07999999999999999,0.040000000000000036,-0.8999996185302734,-3.3300018310546875,4.511772155761719
2024-11-29,-0.53,0.82,4.18,0.05,2.33,13.510000228881836,95.22000122070312,226.97222900390625,0.0010000000000000009,0.019999999999999907,-0.23000000000000043,0.010000000000000002,-0.10000000000000009,-1.7299995422363281,-3.9199981689453125,124.87254333496094
2024-12-06,-0.526,0.81,4.15,0.05,2.31,12.770000457763672,83.19999694824219,150.84552001953125,0.0040000000000000036,-0.009999999999999898,-0.02999999999999936,0.0,-0.020000000000000018,-0.7399997711181641,-12.020004272460938,-76.126708984375
2024-12-13,-0.52,0.78,4.4,0.15,2.4,13.8100004196167,85.66000366210938,191.3634796142578,0.006000000000000005,-0.030000000000000027,0.25,0.09999999999999999,0.08999999999999986,1.0399999618530273,2.4600067138671875,40.51795959472656
2024-12-20,-0.516,0.82,4.52,0.22,2.34,18.360000610351562,91.75,128.64340209960938,0.0040000000000000036,0.039999999999999925,0.11999999999999922,0.07,-0.06000000000000005,4.550000190734863,6.089996337890625,-62.72007751464844
2024-12-27,-0.518,0.81,4.62,0.31,2.38,15.949999809265137,94.80000305175781,168.5598602294922,-0.0020000000000000018,-0.009999999999999898,0.10000000000000053,0.09,0.040000000000000036,-2.410000801086426,3.0500030517578125,39.91645812988281
2025-01-03,-0.522,0.83,4.6,0.32,2.4,16.1299991607666,93.3499984741211,137.5028076171875,-0.0040000000000000036,0.019999999999999907,-0.020000000000000462,0.010000000000000009,0.020000000000000018,0.17999935150146484,-1.4500045776367188,-31.057052612304688
2025-01-10,-0.528,0.83,4.77,0.37,2.51,19.540000915527344,96.56999969482422,65.53641510009766,-0.006000000000000005,0.0,0.16999999999999993,0.04999999999999999,0.10999999999999988,3.410001754760742,3.220001220703125,-71.96639251708984
2025-01-17,-0.531,0.82,4.61,0.34,2.52,15.970000267028809,95.5999984741211,88.33514404296875,-0.0030000000000000027,-0.010000000000000009,-0.15999999999999925,-0.02999999999999997,0.010000000000000231,-3.570000648498535,-0.970001220703125,22.798728942871094
2025-01-24,-0.529,0.8,4.63,0.36,2.52,14.850000381469727,86.75,148.64085388183594,0.0020000000000000018,-0.019999999999999907,0.019999999999999574,0.019999999999999962,0.0,-1.119999885559082,-8.849998474121094,60.30570983886719
2025-01-31,-0.521,0.82,4.58,0.36,2.54,16.43000030517578,91.76000213623047,109.84081268310547,0.008000000000000007,0.019999999999999907,-0.04999999999999982,0.0,0.020000000000000018,1.5799999237060547,5.010002136230469,-38.80004119873047
2025-02-07,-0.506,0.84,4.49,0.2,2.59,16.540000915527344,93.12999725341797,124.4435043334961,0.015000000000000013,0.020000000000000018,-0.08999999999999986,-0.15999999999999998,0.04999999999999982,0.1100006103515625,1.3699951171875,14.602691650390625
2025-02-14,-0.49,0.8,4.47,0.21,2.62,14.770000457763672,84.66999816894531,119.525634765625,0.016000000000000014,-0.039999999999999925,-0.020000000000000462,0.009999999999999981,0.03000000000000025,-1.7700004577636719,-8.459999084472656,-4.917869567871094
2025-02-21,-0.474,0.81,4.42,0.23,2.61,18.209999084472656,91.83000183105469,181.8218994140625,0.016000000000000014,0.010000000000000009,-0.04999999999999982,0.020000000000000018,-0.010000000000000231,3.4399986267089844,7.160003662109375,62.2962646484375
2025-02-28,-0.461,0.88,4.24,0.25,2.58,19.6299991607666,104.45999908447266,122.68769073486328,0.012999999999999956,0.06999999999999995,-0.17999999999999972,0.01999999999999999,-0.029999999999999805,1.4200000762939453,12.629997253417969,-59.13420867919922
2025-03-07,-0.452,0.89,4.32,0.33,2.52,23.3700008392334,104.41000366210938,179.5272674560547,0.009000000000000008,0.010000000000000009,0.08000000000000007,0.08000000000000002,-0.06000000000000005,3.740001678466797,-0.04999542236328125,56.839576721191406
2025-03-14,-0.443,0.94,4.31,0.29,2.48,21.770000457763672,101.01000213623047,223.67819213867188,0.009000000000000008,0.04999999999999993,-0.010000000000000675,-0.040000000000000036,-0.040000000000000036,-1.6000003814697266,-3.4000015258789062,44.15092468261719
2025-03-21,-0.433,0.92,4.25,0.31,2.51,19.280000686645508,94.54000091552734,158.8217315673828,0.010000000000000009,-0.019999999999999907,-0.05999999999999961,0.020000000000000018,0.029999999999999805,-2.489999771118164,-6.470001220703125,-64.85646057128906
2025-03-28,-0.42,0.94,4.27,0.38,2.58,21.649999618530273,96.83000183105469,156.456787109375,0.013000000000000012,0.019999999999999907,0.019999999999999574,0.07,0.07000000000000028,2.3699989318847656,2.2900009155273438,-2.3649444580078125
2025-04-04,-0.405,1.14,4.01,0.33,2.34,45.310001373291016,125.70999908447266,176.9652099609375,0.014999999999999958,0.19999999999999996,-0.2599999999999998,-0.04999999999999999,-0.2400000000000002,23.660001754760742,28.87999725341797,20.5084228515625
2025-04-11,-0.394,1.18,4.48,0.52,2.33,37.560001373291016,137.25999450683594,134.74850463867188,0.01100000000000001,0.040000000000000036,0.47000000000000064,0.19,-0.009999999999999787,-7.75,11.549995422363281,-42.216705322265625
2025-04-18,-0.394,1.11,4.34,0.53,2.26,29.649999618530273,114.63999938964844,187.7323455810547,0.0,-0.06999999999999984,-0.14000000000000057,0.010000000000000009,-0.07000000000000028,-7.910001754760742,-22.6199951171875,52.98384094238281
2025-04-25,-0.405,1.04,4.29,0.55,2.32,24.84000015258789,105.79000091552734,190.11257934570312,-0.01100000000000001,-0.07000000000000006,-0.04999999999999982,0.020000000000000018,0.06000000000000005,-4.809999465942383,-8.849998474121094,2.3802337646484375
2025-05-02,-0.424,1.06,4.33,0.5,2.31,22.68000030517578,101.4000015258789,181.0728302001953,-0.01899999999999996,0.020000000000000018,0.040000000000000036,-0.050000000000000044,-0.009999999999999787,-2.1599998474121094,-4.3899993896484375,-9.039749145507812
2025-05-09,-0.447,1.02,4.37,0.49,2.39,21.899999618530273,100.4000015258789,150.08396911621094,-0.02300000000000002,-0.040000000000000036,0.040000000000000036,-0.010000000000000009,0.08000000000000007,-0.7800006866455078,-1.0,-30.988861083984375
2025-05-16,-0.467,0.93,4.43,0.45,2.42,17.239999771118164,96.69999694824219,206.7042236328125,-0.020000000000000018,-0.08999999999999997,0.05999999999999961,-0.03999999999999998,0.029999999999999805,-4.659999847412109,-3.7000045776367188,56.62025451660156
2025-05-23,-0.478,0.93,4.51,0.51,2.4,22.290000915527344,100.91000366210938,103.51773834228516,-0.010999999999999954,0.0,0.08000000000000007,0.06,-0.020000000000000018,5.05000114440918,4.2100067138671875,-103.18648529052734
2025-05-30,-0.483,0.91,4.41,0.52,2.39,18.56999969482422,92.11000061035156,185.31846618652344,-0.0050000000000000044,-0.020000000000000018,-0.09999999999999964,0.010000000000000009,-0.009999999999999787,-3.720001220703125,-8.800003051757812,81.80072784423828
2025-06-06,-0.483,0.87,4.51,0.47,2.35,16.770000457763672,89.6500015258789,137.7939910888672,0.0,-0.040000000000000036,0.09999999999999964,-0.050000000000000044,-0.040000000000000036,-1.7999992370605469,-2.4599990844726562,-47.52447509765625
2025-06-13,-0.484,0.88,4.41,0.45,2.31,20.81999969482422,95.30999755859375,166.77857971191406,-0.0010000000000000009,0.010000000000000009,-0.09999999999999964,-0.019999999999999962,-0.040000000000000036,4.049999237060547,5.659996032714844,28.984588623046875
2025-06-20,-0.488,0.88,4.38,0.48,2.37,20.6200008392334,90.0999984741211,284.8919982910156,-0.0040000000000000036,0.0,-0.03000000000000025,0.02999999999999997,0.06000000000000005,-0.1999988555908203,-5.209999084472656,118.11341857910156
2025-06-27,-0.494,0.88,4.29,0.56,2.31,16.31999969482422,87.93000030517578,231.2438201904297,-0.006000000000000005,0.0,-0.08999999999999986,0.08000000000000007,-0.06000000000000005,-4.30000114440918,-2.1699981689453125,-53.64817810058594
2025-07-04,-0.501,0.8,4.35,0.47,2.37,16.3799991607666,86.08999633789062,156.76760864257812,-0.007000000000000006,-0.07999999999999996,0.05999999999999961,-0.09000000000000008,0.06000000000000005,0.05999946594238281,-1.8400039672851562,-74.47621154785156
2025-07-11,-0.506,0.83,4.43,0.53,2.44,16.399999618530273,85.4800033569336,134.5205078125,-0.0050000000000000044,0.029999999999999916,0.08000000000000007,0.06000000000000005,0.06999999999999984,0.020000457763671875,-0.6099929809570312,-22.247100830078125
2025-07-18,-0.508,0.8,4.44,0.56,2.5,16.40999984741211,83.29000091552734,140.04351806640625,-0.0020000000000000018,-0.029999999999999916,0.010000000000000675,0.030000000000000027,0.06000000000000005,0.010000228881835938,-2.19000244140625,5.52301025390625
2025-07-25,-0.509,0.78,4.4,0.49,2.47,14.930000305175781,82.08999633789062,122.90444946289062,-0.0010000000000000009,-0.020000000000000018,-0.040000000000000036,-0.07000000000000006,-0.029999999999999805,-1.4799995422363281,-1.2000045776367188,-17.139068603515625
2025-08-01,-0.509,0.82,4.23,0.54,2.38,20.3799991607666,83.83000183105469,179.05772399902344,0.0,0.039999999999999925,-0.16999999999999993,0.050000000000000044,-0.0900000000000003,5.44999885559082,1.7400054931640625,56.15327453613281
2025-08-08,-0.511,0.8,4.27,0.51,2.46,15.149999618530273,79.19999694824219,175.30010986328125,-0.0020000000000000018,-0.019999999999999907,0.03999999999999915,-0.030000000000000027,0.08000000000000007,-5.229999542236328,-4.6300048828125,-3.7576141357421875
2025-08-15,-0.514,0.75,4.33,0.58,2.42,15.09000015258789,76.66000366210938,139.0772705078125,-0.0030000000000000027,-0.050000000000000044,0.0600000000000005,0.06999999999999995,-0.040000000000000036,-0.05999946594238281,-2.5399932861328125,-36.22283935546875
2025-08-22,-0.515,0.77,4.26,0.58,2.48,14.220000267028809,78.0999984741211,104.53862762451172,-0.0010000000000000009,0.020000000000000018,-0.07000000000000028,0.0,0.06000000000000005,-0.869999885559082,1.4399948120117188,-34.53864288330078
2025-08-29,-0.517,0.8,4.23,0.64,2.47,15.359999656677246,79.38999938964844,175.66647338867188,-0.0020000000000000018,0.030000000000000027,-0.02999999999999936,0.06000000000000005,-0.009999999999999787,1.1399993896484375,1.2900009155273438,71.12784576416016
2025-09-05,-0.52,0.79,4.1,0.59,2.42,15.180000305175781,85.29000091552734,142.67613220214844,-0.0030000000000000027,-0.010000000000000009,-0.13000000000000078,-0.050000000000000044,-0.050000000000000266,-0.17999935150146484,5.900001525878906,-32.99034118652344
2025-09-12,-0.525,0.77,4.06,0.5,2.42,14.760000228881836,73.37000274658203,103.72032165527344,-0.0050000000000000044,-0.020000000000000018,-0.040000000000000036,-0.08999999999999997,0.0,-0.4200000762939453,-11.919998168945312,-38.955810546875
2025-09-19,-0.531,0.74,4.14,0.57,2.43,15.449999809265137,72.51000213623047,140.83004760742188,-0.006000000000000005,-0.030000000000000027,0.08000000000000007,0.06999999999999995,0.010000000000000231,0.6899995803833008,-0.8600006103515625,37.10972595214844
2025-09-26,-0.539,0.75,4.2,0.57,2.42,15.289999961853027,74.37999725341797,159.19918823242188,-0.008000000000000007,0.010000000000000009,0.0600000000000005,0.0,-0.010000000000000231,-0.15999984741210938,1.8699951171875,18.369140625
2025-10-03,-0.547,0.75,4.13,0.55,2.38,16.649999618530273,69.52999877929688,293.1475830078125,-0.008000000000000007,0.0,-0.07000000000000028,-0.019999999999999907,-0.040000000000000036,1.359999656677246,-4.849998474121094,133.94839477539062
2025-10-10,-0.552,0.81,4.05,0.53,2.35,21.65999984741211,81.6500015258789,184.0315399169922,-0.0050000000000000044,0.06000000000000005,-0.08000000000000007,-0.020000000000000018,-0.029999999999999805,5.010000228881836,12.120002746582031,-109.11604309082031
2025-10-17,-0.553,0.8,4.02,0.56,2.29,20.780000686645508,78.62000274658203,133.89991760253906,-0.0010000000000000009,-0.010000000000000009,-0.03000000000000025,0.030000000000000027,-0.06000000000000005,-0.8799991607666016,-3.029998779296875,-50.131622314453125
2025-10-24,-0.553,0.77,4.02,0.54,2.4,16.3700008392334,68.94000244140625,158.6478729248047,0.0,-0.030000000000000027,0.0,-0.020000000000000018,0.10999999999999988,-4.409999847412109,-9.680000305175781,24.747955322265625
2025-10-31,-0.552,0.8,4.11,0.51,2.4,17.440000534057617,66.61000061035156,158.78424072265625,0.0010000000000000009,0.030000000000000027,0.09000000000000075,-0.030000000000000027,0.0,1.0699996948242188,-2.3300018310546875,0.1363677978515625
2025-11-07,-0.553,0.84,4.11,0.56,2.36,19.079999923706055,74.41000366210938,99.21167755126953,-0.0010000000000000009,0.039999999999999925,0.0,0.050000000000000044,-0.040000000000000036,1.6399993896484375,7.8000030517578125,-59.57256317138672
2025-11-14,-0.555,0.83,4.14,0.52,2.38,19.829999923706055,79.70999908447266,81.59033203125,-0.0020000000000000018,-0.010000000000000009,0.02999999999999936,-0.040000000000000036,0.020000000000000018,0.75,5.299995422363281,-17.62134552001953
2025-11-21,-0.555,0.86,4.06,0.55,2.32,23.43000030517578,78.80999755859375,163.00860595703125,0.0,0.030000000000000027,-0.08000000000000007,0.030000000000000027,-0.06000000000000005,3.6000003814697266,-0.9000015258789062,81.41827392578125
2025-11-28,-0.555,0.82,4.02,0.55,2.29,16.350000381469727,68.94999694824219,151.36514282226562,0.0,-0.040000000000000036,-0.040000000000000036,0.0,-0.029999999999999805,-7.079999923706055,-9.860000610351562,-11.643463134765625
2025-12-05,-0.554,0.79,4.14,0.58,2.34,15.40999984741211,67.27999877929688,150.29798889160156,0.0010000000000000009,-0.029999999999999916,0.1200000000000001,0.029999999999999916,0.04999999999999982,-0.9400005340576172,-1.6699981689453125,-1.0671539306640625
2025-12-12,-0.552,0.8,4.19,0.67,2.32,15.739999771118164,69.25,175.30010986328125,0.0020000000000000018,0.010000000000000009,0.05000000000000071,0.09000000000000008,-0.020000000000000018,0.3299999237060547,1.970001220703125,25.002120971679688
2025-12-19,-0.555,0.8,4.16,0.68,2.27,14.90999984741211,59.40999984741211,100.20222473144531,-0.0030000000000000027,0.0,-0.03000000000000025,0.010000000000000009,-0.04999999999999982,-0.8299999237060547,-9.84000015258789,-75.09788513183594
2025-12-26,-0.563,0.79,4.14,0.68,2.22,13.600000381469727,58.5,144.02468872070312,-0.007999999999999896,-0.010000000000000009,-0.020000000000000462,0.0,-0.04999999999999982,-1.3099994659423828,-0.9099998474121094,43.82246398925781
2026-01-02,-0.573,0.79,4.19,0.72,2.28,14.510000228881836,62.36000061035156,175.08287048339844,-0.010000000000000009,0.0,0.05000000000000071,0.039999999999999925,0.05999999999999961,0.9099998474121094,3.8600006103515625,31.058181762695312
2026-01-09,-0.582,0.78,4.18,0.64,2.32,14.489999771118164,61.54999923706055,131.62521362304688,-0.009000000000000008,-0.010000000000000009,-0.010000000000000675,-0.07999999999999996,0.040000000000000036,-0.020000457763671875,-0.8100013732910156,-43.45765686035156
2026-01-16,-0.588,0.75,4.24,0.65,2.39,15.859999656677246,58.04999923706055,194.85691833496094,-0.006000000000000005,-0.030000000000000027,0.0600000000000005,0.010000000000000009,0.07000000000000028,1.369999885559082,-3.5,63.23170471191406
2026-01-23,-0.587,0.73,4.24,0.64,2.46,16.09000015258789,56.25,193.18576049804688,0.0010000000000000009,-0.020000000000000018,0.0,-0.010000000000000009,0.06999999999999984,0.23000049591064453,-1.7999992370605469,-1.6711578369140625
2026-01-30,-0.581,0.74,4.26,0.74,2.53,17.440000534057617,59.20000076293945,161.4616241455078,0.006000000000000005,0.010000000000000009,0.019999999999999574,0.09999999999999998,0.06999999999999984,1.3500003814697266,2.950000762939453,-31.724136352539062
2026-02-06,-0.569,0.76,4.22,0.72,2.5,20.3700008392334,63.619998931884766,114.82037353515625,0.01200000000000001,0.020000000000000018,-0.040000000000000036,-0.020000000000000018,-0.029999999999999805,2.9300003051757812,4.4199981689453125,-46.64125061035156
2026-02-13,-0.554,0.79,4.04,0.64,2.42,20.600000381469727,70.0999984741211,116.78925323486328,0.014999999999999902,0.030000000000000027,-0.17999999999999972,-0.07999999999999996,-0.08000000000000007,0.22999954223632812,6.479999542236328,1.9688796997070312
2026-02-20,-0.535,0.78,4.08,0.6,2.43,19.09000015258789,64.2699966430664,153.67581176757812,0.019000000000000017,-0.010000000000000009,0.040000000000000036,-0.040000000000000036,0.010000000000000231,-1.510000228881836,-5.8300018310546875,36.886558532714844
2026-02-27,-0.515,0.85,3.97,0.59,2.4,19.860000610351562,73.37999725341797,197.11146545410156,0.020000000000000018,0.06999999999999995,-0.10999999999999988,-0.010000000000000009,-0.03000000000000025,0.7700004577636719,9.110000610351562,43.43565368652344
2026-03-06,-0.492,0.84,4.15,0.59,2.56,29.489999771118164,81.26000213623047,314.25604248046875,0.02300000000000002,-0.010000000000000009,0.18000000000000016,0.0,0.16000000000000014,9.629999160766602,7.8800048828125,117.14457702636719
2026-03-13,-0.47,0.93,4.28,0.55,2.61,27.190000534057617,91.16999816894531,335.8101501464844,0.02200000000000002,0.09000000000000008,0.1299999999999999,-0.039999999999999925,0.04999999999999982,-2.299999237060547,9.909996032714844,21.554107666015625
2026-03-20,-0.452,0.88,4.39,0.51,2.63,26.780000686645508,108.83999633789062,309.2522888183594,0.01799999999999996,-0.050000000000000044,0.10999999999999943,-0.040000000000000036,0.020000000000000018,-0.4099998474121094,17.669998168945312,-26.557861328125
2026-03-27,-0.438,0.91,4.44,0.56,2.56,31.049999237060547,111.94999694824219,258.5125427246094,0.014000000000000012,0.030000000000000027,0.05000000000000071,0.050000000000000044,-0.06999999999999984,4.269998550415039,3.1100006103515625,-50.73974609375
2026-04-03,-0.433,0.86,4.35,0.51,2.61,23.8700008392334,84.41000366210938,243.00689697265625,0.0050000000000000044,-0.050000000000000044,-0.09000000000000075,-0.050000000000000044,0.04999999999999982,-7.179998397827148,-27.539993286132812,-15.505645751953125
