,Date,ANFCI,d_ANFCI
0,1971-01-08,0.513,
1,1971-01-15,0.575,0.061999999999999944
2,1971-01-22,0.656,0.08100000000000007
3,1971-01-29,0.745,0.08899999999999997
4,1971-02-05,0.835,0.08999999999999997
5,1971-02-12,0.913,0.07800000000000007
6,1971-02-19,0.972,0.05899999999999994
7,1971-02-26,1.009,0.03699999999999992
8,1971-03-05,1.026,0.017000000000000126
9,1971-03-12,1.031,0.004999999999999893
10,1971-03-19,1.035,0.0040000000000000036
11,1971-03-26,1.056,0.02100000000000013
12,1971-04-02,1.109,0.052999999999999936
13,1971-04-09,1.205,0.09600000000000009
14,1971-04-16,1.347,0.1419999999999999
15,1971-04-23,1.521,0.17399999999999993
16,1971-04-30,1.706,0.18500000000000005
17,1971-05-07,1.87,0.16400000000000015
18,1971-05-14,1.978,0.10799999999999987
19,1971-05-21,2.002,0.0239999999999998
20,1971-05-28,1.928,-0.07399999999999984
21,1971-06-04,1.758,-0.16999999999999993
22,1971-06-11,1.501,-0.2570000000000001
23,1971-06-18,1.195,-0.3059999999999998
24,1971-06-25,0.883,-0.31200000000000006
25,1971-07-02,0.613,-0.27
26,1971-07-09,0.441,-0.172
27,1971-07-16,0.409,-0.03200000000000003
28,1971-07-23,0.54,0.13100000000000006
29,1971-07-30,0.83,0.2899999999999999
30,1971-08-06,1.243,0.41300000000000014
31,1971-08-13,1.718,0.47499999999999987
32,1971-08-20,2.185,0.4670000000000001
33,1971-08-27,2.571,0.3860000000000001
34,1971-09-03,2.83,0.2589999999999999
35,1971-09-10,2.934,0.10400000000000009
36,1971-09-17,2.888,-0.04600000000000026
37,1971-09-24,2.712,-0.1759999999999997
38,1971-10-01,2.445,-0.26700000000000035
39,1971-10-08,2.133,-0.31199999999999983
40,1971-10-15,1.824,-0.30899999999999994
41,1971-10-22,1.562,-0.262
42,1971-10-29,1.378,-0.18400000000000016
43,1971-11-05,1.289,-0.08899999999999997
44,1971-11-12,1.292,0.0030000000000001137
45,1971-11-19,1.372,0.08000000000000007
46,1971-11-26,1.501,0.12899999999999978
47,1971-12-03,1.646,0.14500000000000002
48,1971-12-10,1.777,0.131
49,1971-12-17,1.865,0.08800000000000008
50,1971-12-24,1.89,0.02499999999999991
51,1971-12-31,1.849,-0.040999999999999925
52,1972-01-07,1.733,-0.11599999999999988
53,1972-01-14,1.568,-0.16500000000000004
54,1972-01-21,1.37,-0.19799999999999995
55,1972-01-28,1.165,-0.20500000000000007
56,1972-02-04,0.975,-0.19000000000000006
57,1972-02-11,0.815,-0.16000000000000003
58,1972-02-18,0.691,-0.124
59,1972-02-25,0.605,-0.08599999999999997
60,1972-03-03,0.554,-0.050999999999999934
61,1972-03-10,0.532,-0.02200000000000002
62,1972-03-17,0.532,0.0
63,1972-03-24,0.54,0.008000000000000007
64,1972-03-31,0.543,0.0030000000000000027
65,1972-04-07,0.528,-0.015000000000000013
66,1972-04-14,0.489,-0.039000000000000035
67,1972-04-21,0.419,-0.07
68,1972-04-28,0.329,-0.08999999999999997
69,1972-05-05,0.227,-0.10200000000000001
70,1972-05-12,0.13,-0.097
71,1972-05-19,0.055,-0.07500000000000001
72,1972-05-26,0.017,-0.038
73,1972-06-02,0.023,0.005999999999999998
74,1972-06-09,0.077,0.054
75,1972-06-16,0.173,0.09599999999999999
76,1972-06-23,0.299,0.126
77,1972-06-30,0.436,0.137
78,1972-07-07,0.564,0.12799999999999995
79,1972-07-14,0.663,0.09900000000000009
80,1972-07-21,0.717,0.05399999999999994
81,1972-07-28,0.714,-0.0030000000000000027
82,1972-08-04,0.65,-0.06399999999999995
83,1972-08-11,0.531,-0.119
84,1972-08-18,0.368,-0.16300000000000003
85,1972-08-25,0.182,-0.186
86,1972-09-01,-0.006,-0.188
87,1972-09-08,-0.17,-0.164
88,1972-09-15,-0.295,-0.12499999999999997
89,1972-09-22,-0.374,-0.07900000000000001
90,1972-09-29,-0.407,-0.032999999999999974
91,1972-10-06,-0.405,0.0019999999999999463
92,1972-10-13,-0.381,0.02400000000000002
93,1972-10-20,-0.35,0.031000000000000028
94,1972-10-27,-0.322,0.02799999999999997
95,1972-11-03,-0.309,0.013000000000000012
96,1972-11-10,-0.315,-0.006000000000000005
97,1972-11-17,-0.346,-0.030999999999999972
98,1972-11-24,-0.4,-0.05400000000000005
99,1972-12-01,-0.472,-0.07199999999999995
100,1972-12-08,-0.55,-0.07800000000000007
101,1972-12-15,-0.622,-0.07199999999999995
102,1972-12-22,-0.669,-0.04700000000000004
103,1972-12-29,-0.674,-0.0050000000000000044
104,1973-01-05,-0.626,0.04800000000000004
105,1973-01-12,-0.517,0.10899999999999999
106,1973-01-19,-0.346,0.17100000000000004
107,1973-01-26,-0.12,0.22599999999999998
108,1973-02-02,0.146,0.266
109,1973-02-09,0.429,0.28300000000000003
110,1973-02-16,0.702,0.27299999999999996
111,1973-02-23,0.94,0.238
112,1973-03-02,1.121,0.18100000000000005
113,1973-03-09,1.233,0.1120000000000001
114,1973-03-16,1.277,0.04399999999999982
115,1973-03-23,1.265,-0.01200000000000001
116,1973-03-30,1.215,-0.04999999999999982
117,1973-04-06,1.143,-0.07200000000000006
118,1973-04-13,1.07,-0.07299999999999995
119,1973-04-20,1.003,-0.06700000000000017
120,1973-04-27,0.946,-0.05699999999999994
121,1973-05-04,0.897,-0.04899999999999993
122,1973-05-11,0.851,-0.04600000000000004
123,1973-05-18,0.802,-0.04899999999999993
124,1973-05-25,0.752,-0.050000000000000044
125,1973-06-01,0.704,-0.04800000000000004
126,1973-06-08,0.669,-0.03499999999999992
127,1973-06-15,0.657,-0.01200000000000001
128,1973-06-22,0.677,0.020000000000000018
129,1973-06-29,0.735,0.05799999999999994
130,1973-07-06,0.831,0.09599999999999997
131,1973-07-13,0.964,0.133
132,1973-07-20,1.126,0.16199999999999992
133,1973-07-27,1.31,0.18400000000000016
134,1973-08-03,1.506,0.19599999999999995
135,1973-08-10,1.701,0.19500000000000006
136,1973-08-17,1.881,0.17999999999999994
137,1973-08-24,2.035,0.15400000000000014
138,1973-08-31,2.15,0.11499999999999977
139,1973-09-07,2.217,0.06700000000000017
140,1973-09-14,2.235,0.017999999999999794
141,1973-09-21,2.204,-0.030999999999999694
142,1973-09-28,2.125,-0.07900000000000018
143,1973-10-05,1.997,-0.1279999999999999
144,1973-10-12,1.835,-0.16200000000000014
145,1973-10-19,1.651,-0.18399999999999994
146,1973-10-26,1.479,-0.17199999999999993
147,1973-11-02,1.348,-0.131
148,1973-11-09,1.291,-0.05700000000000016
149,1973-11-16,1.322,0.03100000000000014
150,1973-11-23,1.425,0.10299999999999998
151,1973-11-30,1.565,0.1399999999999999
152,1973-12-07,1.689,0.12400000000000011
153,1973-12-14,1.752,0.06299999999999994
154,1973-12-21,1.724,-0.028000000000000025
155,1973-12-28,1.599,-0.125
156,1974-01-04,1.391,-0.20799999999999996
157,1974-01-11,1.131,-0.26
158,1974-01-18,0.844,-0.28700000000000003
159,1974-01-25,0.554,-0.2899999999999999
160,1974-02-01,0.278,-0.276
161,1974-02-08,0.033,-0.24500000000000002
162,1974-02-15,-0.165,-0.198
163,1974-02-22,-0.298,-0.13299999999999998
164,1974-03-01,-0.355,-0.056999999999999995
165,1974-03-08,-0.334,0.020999999999999963
166,1974-03-15,-0.241,0.09300000000000003
167,1974-03-22,-0.093,0.148
168,1974-03-29,0.094,0.187
169,1974-04-05,0.312,0.218
170,1974-04-12,0.561,0.24900000000000005
171,1974-04-19,0.843,0.2819999999999999
172,1974-04-26,1.161,0.31800000000000006
173,1974-05-03,1.511,0.34999999999999987
174,1974-05-10,1.889,0.3780000000000001
175,1974-05-17,2.29,0.401
176,1974-05-24,2.707,0.4169999999999998
177,1974-05-31,3.142,0.43500000000000005
178,1974-06-07,3.592,0.4500000000000002
179,1974-06-14,4.041,0.4490000000000003
180,1974-06-21,4.463,0.4219999999999997
181,1974-06-28,4.819,0.35599999999999987
182,1974-07-05,5.072,0.2530000000000001
183,1974-07-12,5.198,0.12600000000000033
184,1974-07-19,5.196,-0.002000000000000668
185,1974-07-26,5.087,-0.10899999999999999
186,1974-08-02,4.907,-0.17999999999999972
187,1974-08-09,4.692,-0.21499999999999986
188,1974-08-16,4.484,-0.20800000000000018
189,1974-08-23,4.307,-0.1769999999999996
190,1974-08-30,4.178,-0.12900000000000045
191,1974-09-06,4.091,-0.08699999999999974
192,1974-09-13,4.031,-0.0600000000000005
193,1974-09-20,3.969,-0.06199999999999983
194,1974-09-27,3.865,-0.10399999999999965
195,1974-10-04,3.696,-0.16900000000000004
196,1974-10-11,3.452,-0.24400000000000022
197,1974-10-18,3.157,-0.29499999999999993
198,1974-10-25,2.85,-0.30699999999999994
199,1974-11-01,2.575,-0.2749999999999999
200,1974-11-08,2.371,-0.20400000000000018
201,1974-11-15,2.254,-0.11699999999999999
202,1974-11-22,2.218,-0.03600000000000003
203,1974-11-29,2.241,0.02300000000000013
204,1974-12-06,2.294,0.052999999999999936
205,1974-12-13,2.344,0.04999999999999982
206,1974-12-20,2.366,0.02200000000000024
207,1974-12-27,2.336,-0.03000000000000025
208,1975-01-03,2.241,-0.09499999999999975
209,1975-01-10,2.079,-0.16199999999999992
210,1975-01-17,1.86,-0.21900000000000008
211,1975-01-24,1.605,-0.2550000000000001
212,1975-01-31,1.342,-0.2629999999999999
213,1975-02-07,1.095,-0.2470000000000001
214,1975-02-14,0.885,-0.20999999999999996
215,1975-02-21,0.714,-0.17100000000000004
216,1975-02-28,0.58,-0.134
217,1975-03-07,0.475,-0.10499999999999998
218,1975-03-14,0.391,-0.08399999999999996
219,1975-03-21,0.322,-0.069
220,1975-03-28,0.26,-0.062
221,1975-04-04,0.202,-0.057999999999999996
222,1975-04-11,0.14,-0.062
223,1975-04-18,0.068,-0.07200000000000001
224,1975-04-25,-0.021,-0.08900000000000001
225,1975-05-02,-0.121,-0.09999999999999999
226,1975-05-09,-0.227,-0.10600000000000001
227,1975-05-16,-0.328,-0.101
228,1975-05-23,-0.414,-0.08599999999999997
229,1975-05-30,-0.475,-0.061
230,1975-06-06,-0.508,-0.03300000000000003
231,1975-06-13,-0.518,-0.010000000000000009
232,1975-06-20,-0.513,0.0050000000000000044
233,1975-06-27,-0.501,0.01200000000000001
234,1975-07-04,-0.489,0.01200000000000001
235,1975-07-11,-0.483,0.006000000000000005
236,1975-07-18,-0.488,-0.0050000000000000044
237,1975-07-25,-0.501,-0.013000000000000012
238,1975-08-01,-0.519,-0.018000000000000016
239,1975-08-08,-0.538,-0.019000000000000017
240,1975-08-15,-0.553,-0.015000000000000013
241,1975-08-22,-0.557,-0.0040000000000000036
242,1975-08-29,-0.546,0.01100000000000001
243,1975-09-05,-0.521,0.025000000000000022
244,1975-09-12,-0.481,0.040000000000000036
245,1975-09-19,-0.432,0.04899999999999999
246,1975-09-26,-0.382,0.04999999999999999
247,1975-10-03,-0.337,0.044999999999999984
248,1975-10-10,-0.301,0.03600000000000003
249,1975-10-17,-0.275,0.025999999999999968
250,1975-10-24,-0.258,0.017000000000000015
251,1975-10-31,-0.246,0.01200000000000001
252,1975-11-07,-0.242,0.0040000000000000036
253,1975-11-14,-0.243,-0.0010000000000000009
254,1975-11-21,-0.253,-0.010000000000000009
255,1975-11-28,-0.275,-0.02200000000000002
256,1975-12-05,-0.31,-0.034999999999999976
257,1975-12-12,-0.359,-0.04899999999999999
258,1975-12-19,-0.421,-0.062
259,1975-12-26,-0.496,-0.07500000000000001
260,1976-01-02,-0.581,-0.08499999999999996
261,1976-01-09,-0.67,-0.08900000000000008
262,1976-01-16,-0.759,-0.08899999999999997
263,1976-01-23,-0.841,-0.08199999999999996
264,1976-01-30,-0.91,-0.06900000000000006
265,1976-02-06,-0.963,-0.052999999999999936
266,1976-02-13,-0.996,-0.03300000000000003
267,1976-02-20,-1.015,-0.018999999999999906
268,1976-02-27,-1.022,-0.007000000000000117
269,1976-03-05,-1.021,0.001000000000000112
270,1976-03-12,-1.013,0.008000000000000007
271,1976-03-19,-1.0,0.0129999999999999
272,1976-03-26,-0.981,0.019000000000000017
273,1976-04-02,-0.953,0.028000000000000025
274,1976-04-09,-0.914,0.038999999999999924
275,1976-04-16,-0.864,0.050000000000000044
276,1976-04-23,-0.802,0.061999999999999944
277,1976-04-30,-0.731,0.07100000000000006
278,1976-05-07,-0.651,0.07999999999999996
279,1976-05-14,-0.569,0.08200000000000007
280,1976-05-21,-0.49,0.07899999999999996
281,1976-05-28,-0.424,0.066
282,1976-06-04,-0.378,0.045999999999999985
283,1976-06-11,-0.36,0.018000000000000016
284,1976-06-18,-0.369,-0.009000000000000008
285,1976-06-25,-0.405,-0.03600000000000003
286,1976-07-02,-0.461,-0.055999999999999994
287,1976-07-09,-0.532,-0.07100000000000001
288,1976-07-16,-0.61,-0.07799999999999996
289,1976-07-23,-0.69,-0.07999999999999996
290,1976-07-30,-0.766,-0.07600000000000007
291,1976-08-06,-0.836,-0.06999999999999995
292,1976-08-13,-0.896,-0.06000000000000005
293,1976-08-20,-0.947,-0.050999999999999934
294,1976-08-27,-0.987,-0.040000000000000036
295,1976-09-03,-1.019,-0.03199999999999992
296,1976-09-10,-1.045,-0.026000000000000023
297,1976-09-17,-1.069,-0.02400000000000002
298,1976-09-24,-1.093,-0.02400000000000002
299,1976-10-01,-1.115,-0.02200000000000002
300,1976-10-08,-1.137,-0.02200000000000002
301,1976-10-15,-1.155,-0.018000000000000016
302,1976-10-22,-1.164,-0.008999999999999897
303,1976-10-29,-1.162,0.0020000000000000018
304,1976-11-05,-1.148,0.014000000000000012
305,1976-11-12,-1.122,0.0259999999999998
306,1976-11-19,-1.088,0.03400000000000003
307,1976-11-26,-1.052,0.03600000000000003
308,1976-12-03,-1.021,0.03100000000000014
309,1976-12-10,-1.003,0.018000000000000016
310,1976-12-17,-1.001,0.0020000000000000018
311,1976-12-24,-1.018,-0.017000000000000126
312,1976-12-31,-1.052,-0.03400000000000003
313,1977-01-07,-1.099,-0.04699999999999993
314,1977-01-14,-1.151,-0.052000000000000046
315,1977-01-21,-1.202,-0.050999999999999934
316,1977-01-28,-1.247,-0.04500000000000015
317,1977-02-04,-1.28,-0.03299999999999992
318,1977-02-11,-1.299,-0.018999999999999906
319,1977-02-18,-1.305,-0.006000000000000005
320,1977-02-25,-1.297,0.008000000000000007
321,1977-03-04,-1.279,0.018000000000000016
322,1977-03-11,-1.253,0.026000000000000023
323,1977-03-18,-1.224,0.028999999999999915
324,1977-03-25,-1.196,0.028000000000000025
325,1977-04-01,-1.171,0.02499999999999991
326,1977-04-08,-1.15,0.02100000000000013
327,1977-04-15,-1.127,0.02299999999999991
328,1977-04-22,-1.103,0.02400000000000002
329,1977-04-29,-1.074,0.028999999999999915
330,1977-05-06,-1.043,0.03100000000000014
331,1977-05-13,-1.011,0.03200000000000003
332,1977-05-20,-0.985,0.025999999999999912
333,1977-05-27,-0.966,0.019000000000000017
334,1977-06-03,-0.958,0.008000000000000007
335,1977-06-10,-0.962,-0.0040000000000000036
336,1977-06-17,-0.975,-0.013000000000000012
337,1977-06-24,-0.998,-0.02300000000000002
338,1977-07-01,-1.028,-0.030000000000000027
339,1977-07-08,-1.061,-0.03299999999999992
340,1977-07-15,-1.091,-0.030000000000000027
341,1977-07-22,-1.113,-0.02200000000000002
342,1977-07-29,-1.121,-0.008000000000000007
343,1977-08-05,-1.114,0.006999999999999895
344,1977-08-12,-1.094,0.020000000000000018
345,1977-08-19,-1.065,0.029000000000000137
346,1977-08-26,-1.032,0.03299999999999992
347,1977-09-02,-0.997,0.03500000000000003
348,1977-09-09,-0.962,0.03500000000000003
349,1977-09-16,-0.924,0.03799999999999992
350,1977-09-23,-0.883,0.041000000000000036
351,1977-09-30,-0.838,0.04500000000000004
352,1977-10-07,-0.792,0.04599999999999993
353,1977-10-14,-0.747,0.04500000000000004
354,1977-10-21,-0.705,0.04200000000000004
355,1977-10-28,-0.665,0.039999999999999925
356,1977-11-04,-0.626,0.039000000000000035
357,1977-11-11,-0.588,0.038000000000000034
358,1977-11-18,-0.552,0.03599999999999992
359,1977-11-25,-0.52,0.03200000000000003
360,1977-12-02,-0.496,0.02400000000000002
361,1977-12-09,-0.484,0.01200000000000001
362,1977-12-16,-0.486,-0.0020000000000000018
363,1977-12-23,-0.5,-0.014000000000000012
364,1977-12-30,-0.524,-0.02400000000000002
365,1978-01-06,-0.553,-0.029000000000000026
366,1978-01-13,-0.584,-0.030999999999999917
367,1978-01-20,-0.613,-0.029000000000000026
368,1978-01-27,-0.636,-0.02300000000000002
369,1978-02-03,-0.651,-0.015000000000000013
370,1978-02-10,-0.654,-0.0030000000000000027
371,1978-02-17,-0.641,0.013000000000000012
372,1978-02-24,-0.614,0.027000000000000024
373,1978-03-03,-0.576,0.038000000000000034
374,1978-03-10,-0.53,0.04599999999999993
375,1978-03-17,-0.481,0.049000000000000044
376,1978-03-24,-0.434,0.046999999999999986
377,1978-03-31,-0.388,0.045999999999999985
378,1978-04-07,-0.343,0.044999999999999984
379,1978-04-14,-0.296,0.04700000000000004
380,1978-04-21,-0.246,0.04999999999999999
381,1978-04-28,-0.194,0.05199999999999999
382,1978-05-05,-0.144,0.05000000000000002
383,1978-05-12,-0.096,0.04799999999999999
384,1978-05-19,-0.052,0.044000000000000004
385,1978-05-26,-0.012,0.039999999999999994
386,1978-06-02,0.024,0.036000000000000004
387,1978-06-09,0.054,0.03
388,1978-06-16,0.08,0.026000000000000002
389,1978-06-23,0.098,0.018000000000000002
390,1978-06-30,0.108,0.009999999999999995
391,1978-07-07,0.109,0.0010000000000000009
392,1978-07-14,0.099,-0.009999999999999995
393,1978-07-21,0.077,-0.022000000000000006
394,1978-07-28,0.04,-0.037
395,1978-08-04,-0.013,-0.053
396,1978-08-11,-0.078,-0.065
397,1978-08-18,-0.146,-0.06799999999999999
398,1978-08-25,-0.199,-0.05300000000000002
399,1978-09-01,-0.223,-0.023999999999999994
400,1978-09-08,-0.198,0.024999999999999994
401,1978-09-15,-0.113,0.085
402,1978-09-22,0.034,0.14700000000000002
403,1978-09-29,0.242,0.208
404,1978-10-06,0.498,0.256
405,1978-10-13,0.785,0.28700000000000003
406,1978-10-20,1.082,0.29700000000000004
407,1978-10-27,1.364,0.28200000000000003
408,1978-11-03,1.601,0.23699999999999988
409,1978-11-10,1.776,0.17500000000000004
410,1978-11-17,1.875,0.09899999999999998
411,1978-11-24,1.891,0.016000000000000014
412,1978-12-01,1.839,-0.052000000000000046
413,1978-12-08,1.734,-0.10499999999999998
414,1978-12-15,1.594,-0.1399999999999999
415,1978-12-22,1.434,-0.16000000000000014
416,1978-12-29,1.263,-0.17100000000000004
417,1979-01-05,1.084,-0.17899999999999983
418,1979-01-12,0.902,-0.18200000000000005
419,1979-01-19,0.722,-0.18000000000000005
420,1979-01-26,0.551,-0.17099999999999993
421,1979-02-02,0.397,-0.15400000000000003
422,1979-02-09,0.265,-0.132
423,1979-02-16,0.151,-0.11400000000000002
424,1979-02-23,0.051,-0.1
425,1979-03-02,-0.042,-0.093
426,1979-03-09,-0.131,-0.089
427,1979-03-16,-0.215,-0.08399999999999999
428,1979-03-23,-0.287,-0.07199999999999998
429,1979-03-30,-0.341,-0.05400000000000005
430,1979-04-06,-0.377,-0.035999999999999976
431,1979-04-13,-0.395,-0.018000000000000016
432,1979-04-20,-0.403,-0.008000000000000007
433,1979-04-27,-0.406,-0.0030000000000000027
434,1979-05-04,-0.404,0.0020000000000000018
435,1979-05-11,-0.393,0.01100000000000001
436,1979-05-18,-0.366,0.027000000000000024
437,1979-05-25,-0.319,0.046999999999999986
438,1979-06-01,-0.253,0.066
439,1979-06-08,-0.177,0.07600000000000001
440,1979-06-15,-0.103,0.074
441,1979-06-22,-0.041,0.06199999999999999
442,1979-06-29,0.009,0.05
443,1979-07-06,0.051,0.041999999999999996
444,1979-07-13,0.094,0.043000000000000003
445,1979-07-20,0.146,0.05199999999999999
446,1979-07-27,0.21,0.064
447,1979-08-03,0.284,0.07399999999999998
448,1979-08-10,0.367,0.08300000000000002
449,1979-08-17,0.461,0.09400000000000003
450,1979-08-24,0.572,0.11099999999999993
451,1979-08-31,0.706,0.134
452,1979-09-07,0.863,0.15700000000000003
453,1979-09-14,1.039,0.17599999999999993
454,1979-09-21,1.222,0.18300000000000005
455,1979-09-28,1.397,0.17500000000000004
456,1979-10-05,1.556,0.15900000000000003
457,1979-10-12,1.693,0.137
458,1979-10-19,1.806,0.11299999999999999
459,1979-10-26,1.891,0.08499999999999996
460,1979-11-02,1.944,0.052999999999999936
461,1979-11-09,1.949,0.0050000000000001155
462,1979-11-16,1.901,-0.04800000000000004
463,1979-11-23,1.803,-0.09800000000000009
464,1979-11-30,1.67,-0.133
465,1979-12-07,1.523,-0.14700000000000002
466,1979-12-14,1.383,-0.1399999999999999
467,1979-12-21,1.263,-0.1200000000000001
468,1979-12-28,1.156,-0.10699999999999998
469,1980-01-04,1.054,-0.10199999999999987
470,1980-01-11,0.956,-0.09800000000000009
471,1980-01-18,0.865,-0.09099999999999997
472,1980-01-25,0.804,-0.06099999999999994
473,1980-02-01,0.804,0.0
474,1980-02-08,0.887,0.08299999999999996
475,1980-02-15,1.067,0.17999999999999994
476,1980-02-22,1.338,0.27100000000000013
477,1980-02-29,1.683,0.345
478,1980-03-07,2.07,0.3869999999999998
479,1980-03-14,2.479,0.40900000000000025
480,1980-03-21,2.876,0.3969999999999998
481,1980-03-28,3.224,0.3480000000000003
482,1980-04-04,3.498,0.274
483,1980-04-11,3.656,0.15799999999999992
484,1980-04-18,3.676,0.020000000000000018
485,1980-04-25,3.561,-0.11500000000000021
486,1980-05-02,3.333,-0.22799999999999976
487,1980-05-09,3.037,-0.29600000000000026
488,1980-05-16,2.73,-0.30699999999999994
489,1980-05-23,2.445,-0.28500000000000014
490,1980-05-30,2.19,-0.2549999999999999
491,1980-06-06,1.962,-0.22799999999999998
492,1980-06-13,1.735,-0.22699999999999987
493,1980-06-20,1.493,-0.242
494,1980-06-27,1.245,-0.248
495,1980-07-04,1.018,-0.2270000000000001
496,1980-07-11,0.831,-0.18700000000000006
497,1980-07-18,0.712,-0.119
498,1980-07-25,0.654,-0.05799999999999994
499,1980-08-01,0.645,-0.009000000000000008
500,1980-08-08,0.669,0.02400000000000002
501,1980-08-15,0.71,0.040999999999999925
502,1980-08-22,0.756,0.04600000000000004
503,1980-08-29,0.813,0.05699999999999994
504,1980-09-05,0.877,0.06400000000000006
505,1980-09-12,0.926,0.049000000000000044
506,1980-09-19,0.959,0.03299999999999992
507,1980-09-26,0.969,0.010000000000000009
508,1980-10-03,0.961,-0.008000000000000007
509,1980-10-10,0.953,-0.008000000000000007
510,1980-10-17,0.981,0.028000000000000025
511,1980-10-24,1.057,0.07599999999999996
512,1980-10-31,1.2,0.14300000000000002
513,1980-11-07,1.401,0.20100000000000007
514,1980-11-14,1.638,0.23699999999999988
515,1980-11-21,1.902,0.264
516,1980-11-28,2.177,0.27500000000000013
517,1980-12-05,2.427,0.25
518,1980-12-12,2.632,0.20500000000000007
519,1980-12-19,2.784,0.1519999999999997
520,1980-12-26,2.825,0.04100000000000037
521,1981-01-02,2.763,-0.06200000000000028
522,1981-01-09,2.597,-0.16599999999999993
523,1981-01-16,2.358,-0.23899999999999988
524,1981-01-23,2.083,-0.2749999999999999
525,1981-01-30,1.818,-0.2650000000000001
526,1981-02-06,1.583,-0.2350000000000001
527,1981-02-13,1.396,-0.18700000000000006
528,1981-02-20,1.255,-0.14100000000000001
529,1981-02-27,1.131,-0.12399999999999989
530,1981-03-06,1.033,-0.09800000000000009
531,1981-03-13,0.963,-0.06999999999999995
532,1981-03-20,0.931,-0.03199999999999992
533,1981-03-27,0.945,0.013999999999999901
534,1981-04-03,1.009,0.06399999999999995
535,1981-04-10,1.098,0.08900000000000019
536,1981-04-17,1.203,0.10499999999999998
537,1981-04-24,1.296,0.09299999999999997
538,1981-05-01,1.384,0.08799999999999986
539,1981-05-08,1.488,0.10400000000000009
540,1981-05-15,1.626,0.1379999999999999
541,1981-05-22,1.807,0.18100000000000005
542,1981-05-29,2.041,0.23399999999999999
543,1981-06-05,2.299,0.258
544,1981-06-12,2.567,0.26800000000000024
545,1981-06-19,2.819,0.2519999999999998
546,1981-06-26,3.046,0.22699999999999987
547,1981-07-03,3.243,0.19700000000000006
548,1981-07-10,3.405,0.16199999999999992
549,1981-07-17,3.522,0.11699999999999999
550,1981-07-24,3.575,0.05300000000000038
551,1981-07-31,3.566,-0.009000000000000341
552,1981-08-07,3.494,-0.07199999999999962
553,1981-08-14,3.384,-0.11000000000000032
554,1981-08-21,3.269,-0.11499999999999977
555,1981-08-28,3.177,-0.09200000000000008
556,1981-09-04,3.11,-0.06700000000000017
557,1981-09-11,3.068,-0.041999999999999815
558,1981-09-18,3.023,-0.04499999999999993
559,1981-09-25,2.966,-0.05699999999999994
560,1981-10-02,2.909,-0.057000000000000384
561,1981-10-09,2.854,-0.054999999999999716
562,1981-10-16,2.821,-0.03299999999999992
563,1981-10-23,2.808,-0.013000000000000345
564,1981-10-30,2.796,-0.01200000000000001
565,1981-11-06,2.756,-0.040000000000000036
566,1981-11-13,2.681,-0.07499999999999973
567,1981-11-20,2.572,-0.10899999999999999
568,1981-11-27,2.46,-0.1120000000000001
569,1981-12-04,2.376,-0.08400000000000007
570,1981-12-11,2.331,-0.04499999999999993
571,1981-12-18,2.314,-0.016999999999999904
572,1981-12-25,2.307,-0.007000000000000117
573,1982-01-01,2.276,-0.03100000000000014
574,1982-01-08,2.216,-0.05999999999999961
575,1982-01-15,2.146,-0.07000000000000028
576,1982-01-22,2.089,-0.05699999999999994
577,1982-01-29,2.076,-0.0129999999999999
578,1982-02-05,2.105,0.028999999999999915
579,1982-02-12,2.166,0.06099999999999994
580,1982-02-19,2.232,0.06600000000000028
581,1982-02-26,2.279,0.04699999999999971
582,1982-03-05,2.292,0.0129999999999999
583,1982-03-12,2.279,-0.0129999999999999
584,1982-03-19,2.264,-0.015000000000000124
585,1982-03-26,2.258,-0.005999999999999783
586,1982-04-02,2.264,0.005999999999999783
587,1982-04-09,2.285,0.02100000000000035
588,1982-04-16,2.314,0.028999999999999915
589,1982-04-23,2.348,0.03399999999999981
590,1982-04-30,2.401,0.052999999999999936
591,1982-05-07,2.489,0.08800000000000008
592,1982-05-14,2.624,0.13500000000000023
593,1982-05-21,2.811,0.18699999999999983
594,1982-05-28,3.028,0.21700000000000008
595,1982-06-04,3.245,0.21700000000000008
596,1982-06-11,3.436,0.19099999999999984
597,1982-06-18,3.569,0.133
598,1982-06-25,3.627,0.05799999999999983
599,1982-07-02,3.615,-0.011999999999999567
600,1982-07-09,3.548,-0.06700000000000017
601,1982-07-16,3.448,-0.10000000000000009
602,1982-07-23,3.352,-0.09600000000000009
603,1982-07-30,3.286,-0.06599999999999984
604,1982-08-06,3.281,-0.004999999999999893
605,1982-08-13,3.355,0.07399999999999984
606,1982-08-20,3.507,0.15200000000000014
607,1982-08-27,3.726,0.21899999999999986
608,1982-09-03,3.975,0.2490000000000001
609,1982-09-10,4.198,0.2230000000000003
610,1982-09-17,4.334,0.13599999999999923
611,1982-09-24,4.327,-0.006999999999999673
612,1982-10-01,4.152,-0.17499999999999982
613,1982-10-08,3.819,-0.3330000000000002
614,1982-10-15,3.371,-0.44799999999999995
615,1982-10-22,2.874,-0.4969999999999999
616,1982-10-29,2.391,-0.4830000000000001
617,1982-11-05,1.973,-0.4179999999999999
618,1982-11-12,1.647,-0.32600000000000007
619,1982-11-19,1.419,-0.22799999999999998
620,1982-11-26,1.28,-0.139
621,1982-12-03,1.206,-0.07400000000000007
622,1982-12-10,1.169,-0.03699999999999992
623,1982-12-17,1.145,-0.02400000000000002
624,1982-12-24,1.104,-0.040999999999999925
625,1982-12-31,1.033,-0.07100000000000017
626,1983-01-07,0.932,-0.10099999999999987
627,1983-01-14,0.813,-0.1190000000000001
628,1983-01-21,0.69,-0.123
629,1983-01-28,0.581,-0.10899999999999999
630,1983-02-04,0.496,-0.08499999999999996
631,1983-02-11,0.432,-0.064
632,1983-02-18,0.388,-0.043999999999999984
633,1983-02-25,0.36,-0.028000000000000025
634,1983-03-04,0.34,-0.019999999999999962
635,1983-03-11,0.335,-0.0050000000000000044
636,1983-03-18,0.343,0.008000000000000007
637,1983-03-25,0.354,0.010999999999999954
638,1983-04-01,0.359,0.0050000000000000044
639,1983-04-08,0.345,-0.014000000000000012
640,1983-04-15,0.302,-0.04299999999999998
641,1983-04-22,0.231,-0.07099999999999998
642,1983-04-29,0.142,-0.08900000000000002
643,1983-05-06,0.05,-0.09199999999999998
644,1983-05-13,-0.029,-0.079
645,1983-05-20,-0.087,-0.057999999999999996
646,1983-05-27,-0.129,-0.04200000000000001
647,1983-06-03,-0.156,-0.026999999999999996
648,1983-06-10,-0.171,-0.015000000000000013
649,1983-06-17,-0.176,-0.004999999999999977
650,1983-06-24,-0.169,0.0069999999999999785
651,1983-07-01,-0.146,0.02300000000000002
652,1983-07-08,-0.114,0.03199999999999999
653,1983-07-15,-0.079,0.035
654,1983-07-22,-0.055,0.024
655,1983-07-29,-0.046,0.009000000000000001
656,1983-08-05,-0.054,-0.008
657,1983-08-12,-0.076,-0.022
658,1983-08-19,-0.106,-0.03
659,1983-08-26,-0.14,-0.034000000000000016
660,1983-09-02,-0.177,-0.03699999999999998
661,1983-09-09,-0.22,-0.04300000000000001
662,1983-09-16,-0.269,-0.049000000000000016
663,1983-09-23,-0.313,-0.043999999999999984
664,1983-09-30,-0.347,-0.033999999999999975
665,1983-10-07,-0.36,-0.013000000000000012
666,1983-10-14,-0.347,0.013000000000000012
667,1983-10-21,-0.312,0.034999999999999976
668,1983-10-28,-0.268,0.043999999999999984
669,1983-11-04,-0.218,0.05000000000000002
670,1983-11-11,-0.172,0.04600000000000001
671,1983-11-18,-0.124,0.04799999999999999
672,1983-11-25,-0.07,0.05399999999999999
673,1983-12-02,-0.01,0.060000000000000005
674,1983-12-09,0.05,0.060000000000000005
675,1983-12-16,0.099,0.049
676,1983-12-23,0.123,0.023999999999999994
677,1983-12-30,0.113,-0.009999999999999995
678,1984-01-06,0.075,-0.038000000000000006
679,1984-01-13,0.016,-0.059
680,1984-01-20,-0.053,-0.069
681,1984-01-27,-0.12,-0.067
682,1984-02-03,-0.181,-0.061
683,1984-02-10,-0.234,-0.05300000000000002
684,1984-02-17,-0.275,-0.04100000000000001
685,1984-02-24,-0.301,-0.025999999999999968
686,1984-03-02,-0.308,-0.007000000000000006
687,1984-03-09,-0.293,0.015000000000000013
688,1984-03-16,-0.257,0.035999999999999976
689,1984-03-23,-0.207,0.05000000000000002
690,1984-03-30,-0.145,0.062
691,1984-04-06,-0.073,0.072
692,1984-04-13,0.012,0.08499999999999999
693,1984-04-20,0.118,0.106
694,1984-04-27,0.247,0.129
695,1984-05-04,0.394,0.14700000000000002
696,1984-05-11,0.55,0.15600000000000003
697,1984-05-18,0.7,0.1499999999999999
698,1984-05-25,0.836,0.136
699,1984-06-01,0.958,0.122
700,1984-06-08,1.065,0.10699999999999998
701,1984-06-15,1.162,0.09699999999999998
702,1984-06-22,1.241,0.07900000000000018
703,1984-06-29,1.286,0.04499999999999993
704,1984-07-06,1.281,-0.0050000000000001155
705,1984-07-13,1.219,-0.06199999999999983
706,1984-07-20,1.108,-0.11099999999999999
707,1984-07-27,0.968,-0.14000000000000012
708,1984-08-03,0.826,-0.14200000000000002
709,1984-08-10,0.704,-0.122
710,1984-08-17,0.614,-0.08999999999999997
711,1984-08-24,0.552,-0.061999999999999944
712,1984-08-31,0.507,-0.04500000000000004
713,1984-09-07,0.471,-0.03600000000000003
714,1984-09-14,0.434,-0.03699999999999998
715,1984-09-21,0.391,-0.04299999999999998
716,1984-09-28,0.342,-0.04899999999999999
717,1984-10-05,0.291,-0.051000000000000045
718,1984-10-12,0.236,-0.05499999999999999
719,1984-10-19,0.177,-0.059
720,1984-10-26,0.116,-0.060999999999999985
721,1984-11-02,0.056,-0.060000000000000005
722,1984-11-09,-0.003,-0.059000000000000004
723,1984-11-16,-0.057,-0.054
724,1984-11-23,-0.103,-0.04599999999999999
725,1984-11-30,-0.141,-0.03799999999999999
726,1984-12-07,-0.174,-0.033
727,1984-12-14,-0.207,-0.033
728,1984-12-21,-0.245,-0.038000000000000006
729,1984-12-28,-0.289,-0.043999999999999984
730,1985-01-04,-0.338,-0.049000000000000044
731,1985-01-11,-0.385,-0.046999999999999986
732,1985-01-18,-0.42,-0.034999999999999976
733,1985-01-25,-0.439,-0.019000000000000017
734,1985-02-01,-0.439,0.0
735,1985-02-08,-0.422,0.017000000000000015
736,1985-02-15,-0.393,0.02899999999999997
737,1985-02-22,-0.36,0.03300000000000003
738,1985-03-01,-0.326,0.033999999999999975
739,1985-03-08,-0.295,0.031000000000000028
740,1985-03-15,-0.269,0.025999999999999968
741,1985-03-22,-0.251,0.018000000000000016
742,1985-03-29,-0.244,0.007000000000000006
743,1985-04-05,-0.256,-0.01200000000000001
744,1985-04-12,-0.287,-0.030999999999999972
745,1985-04-19,-0.335,-0.04800000000000004
746,1985-04-26,-0.396,-0.061
747,1985-05-03,-0.459,-0.063
748,1985-05-10,-0.516,-0.056999999999999995
749,1985-05-17,-0.557,-0.041000000000000036
750,1985-05-24,-0.579,-0.02199999999999991
751,1985-05-31,-0.579,0.0
752,1985-06-07,-0.555,0.02399999999999991
753,1985-06-14,-0.512,0.04300000000000004
754,1985-06-21,-0.454,0.057999999999999996
755,1985-06-28,-0.388,0.066
756,1985-07-05,-0.32,0.068
757,1985-07-12,-0.257,0.063
758,1985-07-19,-0.199,0.057999999999999996
759,1985-07-26,-0.146,0.05300000000000002
760,1985-08-02,-0.094,0.05199999999999999
761,1985-08-09,-0.042,0.052
762,1985-08-16,0.011,0.053000000000000005
763,1985-08-23,0.059,0.048
764,1985-08-30,0.101,0.04200000000000001
765,1985-09-06,0.13,0.028999999999999998
766,1985-09-13,0.143,0.012999999999999984
767,1985-09-20,0.139,-0.003999999999999976
768,1985-09-27,0.118,-0.02100000000000002
769,1985-10-04,0.079,-0.03899999999999999
770,1985-10-11,0.026,-0.053000000000000005
771,1985-10-18,-0.035,-0.061
772,1985-10-25,-0.096,-0.061
773,1985-11-01,-0.146,-0.04999999999999999
774,1985-11-08,-0.176,-0.03
775,1985-11-15,-0.181,-0.0050000000000000044
776,1985-11-22,-0.159,0.021999999999999992
777,1985-11-29,-0.119,0.04000000000000001
778,1985-12-06,-0.073,0.046
779,1985-12-13,-0.03,0.043
780,1985-12-20,-0.001,0.028999999999999998
781,1985-12-27,0.015,0.016
782,1986-01-03,0.016,0.0010000000000000009
783,1986-01-10,0.005,-0.011
784,1986-01-17,-0.018,-0.023
785,1986-01-24,-0.051,-0.033
786,1986-01-31,-0.094,-0.043000000000000003
787,1986-02-07,-0.14,-0.04600000000000001
788,1986-02-14,-0.179,-0.03899999999999998
789,1986-02-21,-0.203,-0.02400000000000002
790,1986-02-28,-0.205,-0.001999999999999974
791,1986-03-07,-0.188,0.016999999999999987
792,1986-03-14,-0.16,0.027999999999999997
793,1986-03-21,-0.134,0.025999999999999995
794,1986-03-28,-0.12,0.014000000000000012
795,1986-04-04,-0.125,-0.0050000000000000044
796,1986-04-11,-0.144,-0.01899999999999999
797,1986-04-18,-0.166,-0.02200000000000002
798,1986-04-25,-0.183,-0.016999999999999987
799,1986-05-02,-0.186,-0.0030000000000000027
800,1986-05-09,-0.169,0.016999999999999987
801,1986-05-16,-0.135,0.034
802,1986-05-23,-0.084,0.051000000000000004
803,1986-05-30,-0.02,0.064
804,1986-06-06,0.052,0.072
805,1986-06-13,0.126,0.07400000000000001
806,1986-06-20,0.193,0.067
807,1986-06-27,0.24,0.046999999999999986
808,1986-07-04,0.259,0.019000000000000017
809,1986-07-11,0.246,-0.013000000000000012
810,1986-07-18,0.198,-0.04799999999999999
811,1986-07-25,0.122,-0.07600000000000001
812,1986-08-01,0.028,-0.094
813,1986-08-08,-0.069,-0.097
814,1986-08-15,-0.154,-0.08499999999999999
815,1986-08-22,-0.214,-0.06
816,1986-08-29,-0.24,-0.025999999999999995
817,1986-09-05,-0.231,0.00899999999999998
818,1986-09-12,-0.193,0.038000000000000006
819,1986-09-19,-0.142,0.05100000000000002
820,1986-09-26,-0.092,0.04999999999999999
821,1986-10-03,-0.054,0.038
822,1986-10-10,-0.037,0.017
823,1986-10-17,-0.039,-0.0020000000000000018
824,1986-10-24,-0.054,-0.015
825,1986-10-31,-0.078,-0.024
826,1986-11-07,-0.107,-0.028999999999999998
827,1986-11-14,-0.135,-0.02800000000000001
828,1986-11-21,-0.158,-0.022999999999999993
829,1986-11-28,-0.171,-0.013000000000000012
830,1986-12-05,-0.17,0.0010000000000000009
831,1986-12-12,-0.155,0.015000000000000013
832,1986-12-19,-0.131,0.023999999999999994
833,1986-12-26,-0.105,0.02600000000000001
834,1987-01-02,-0.09,0.015
835,1987-01-09,-0.087,0.0030000000000000027
836,1987-01-16,-0.096,-0.009000000000000008
837,1987-01-23,-0.11,-0.013999999999999999
838,1987-01-30,-0.125,-0.015
839,1987-02-06,-0.134,-0.009000000000000008
840,1987-02-13,-0.138,-0.0040000000000000036
841,1987-02-20,-0.14,-0.0020000000000000018
842,1987-02-27,-0.141,-0.0009999999999999731
843,1987-03-06,-0.138,0.002999999999999975
844,1987-03-13,-0.117,0.021000000000000005
845,1987-03-20,-0.066,0.051000000000000004
846,1987-03-27,0.02,0.08600000000000001
847,1987-04-03,0.144,0.12399999999999999
848,1987-04-10,0.298,0.154
849,1987-04-17,0.475,0.177
850,1987-04-24,0.66,0.18500000000000005
851,1987-05-01,0.838,0.17799999999999994
852,1987-05-08,1.001,0.16299999999999992
853,1987-05-15,1.127,0.1260000000000001
854,1987-05-22,1.208,0.08099999999999996
855,1987-05-29,1.227,0.019000000000000128
856,1987-06-05,1.189,-0.038000000000000034
857,1987-06-12,1.111,-0.07800000000000007
858,1987-06-19,1.005,-0.1060000000000001
859,1987-06-26,0.894,-0.11099999999999988
860,1987-07-03,0.788,-0.10599999999999998
861,1987-07-10,0.686,-0.10199999999999998
862,1987-07-17,0.578,-0.1080000000000001
863,1987-07-24,0.463,-0.11499999999999994
864,1987-07-31,0.351,-0.11200000000000004
865,1987-08-07,0.263,-0.08799999999999997
866,1987-08-14,0.212,-0.05100000000000002
867,1987-08-21,0.216,0.0040000000000000036
868,1987-08-28,0.274,0.058000000000000024
869,1987-09-04,0.381,0.10699999999999998
870,1987-09-11,0.522,0.14100000000000001
871,1987-09-18,0.695,0.17299999999999993
872,1987-09-25,0.896,0.20100000000000007
873,1987-10-02,1.123,0.22699999999999998
874,1987-10-09,1.351,0.22799999999999998
875,1987-10-16,1.548,0.19700000000000006
876,1987-10-23,1.689,0.14100000000000001
877,1987-10-30,1.748,0.05899999999999994
878,1987-11-06,1.729,-0.018999999999999906
879,1987-11-13,1.667,-0.062000000000000055
880,1987-11-20,1.597,-0.07000000000000006
881,1987-11-27,1.54,-0.05699999999999994
882,1987-12-04,1.501,-0.039000000000000146
883,1987-12-11,1.457,-0.04399999999999982
884,1987-12-18,1.396,-0.061000000000000165
885,1987-12-25,1.301,-0.09499999999999997
886,1988-01-01,1.176,-0.125
887,1988-01-08,1.038,-0.1379999999999999
888,1988-01-15,0.907,-0.131
889,1988-01-22,0.786,-0.121
890,1988-01-29,0.677,-0.10899999999999999
891,1988-02-05,0.575,-0.10200000000000009
892,1988-02-12,0.478,-0.09699999999999998
893,1988-02-19,0.394,-0.08399999999999996
894,1988-02-26,0.329,-0.065
895,1988-03-04,0.293,-0.03600000000000003
896,1988-03-11,0.288,-0.0050000000000000044
897,1988-03-18,0.313,0.025000000000000022
898,1988-03-25,0.352,0.03899999999999998
899,1988-04-01,0.4,0.04800000000000004
900,1988-04-08,0.45,0.04999999999999999
901,1988-04-15,0.495,0.044999999999999984
902,1988-04-22,0.536,0.041000000000000036
903,1988-04-29,0.568,0.03199999999999992
904,1988-05-06,0.588,0.020000000000000018
905,1988-05-13,0.596,0.008000000000000007
906,1988-05-20,0.591,-0.0050000000000000044
907,1988-05-27,0.58,-0.01100000000000001
908,1988-06-03,0.573,-0.007000000000000006
909,1988-06-10,0.577,0.0040000000000000036
910,1988-06-17,0.593,0.016000000000000014
911,1988-06-24,0.621,0.028000000000000025
912,1988-07-01,0.657,0.03600000000000003
913,1988-07-08,0.69,0.03299999999999992
914,1988-07-15,0.72,0.030000000000000027
915,1988-07-22,0.745,0.025000000000000022
916,1988-07-29,0.761,0.016000000000000014
917,1988-08-05,0.767,0.006000000000000005
918,1988-08-12,0.756,-0.01100000000000001
919,1988-08-19,0.723,-0.03300000000000003
920,1988-08-26,0.665,-0.05799999999999994
921,1988-09-02,0.593,-0.07200000000000006
922,1988-09-09,0.515,-0.07799999999999996
923,1988-09-16,0.449,-0.066
924,1988-09-23,0.402,-0.046999999999999986
925,1988-09-30,0.373,-0.029000000000000026
926,1988-10-07,0.355,-0.018000000000000016
927,1988-10-14,0.337,-0.01799999999999996
928,1988-10-21,0.314,-0.02300000000000002
929,1988-10-28,0.288,-0.026000000000000023
930,1988-11-04,0.264,-0.023999999999999966
931,1988-11-11,0.25,-0.014000000000000012
932,1988-11-18,0.246,-0.0040000000000000036
933,1988-11-25,0.248,0.0020000000000000018
934,1988-12-02,0.248,0.0
935,1988-12-09,0.242,-0.006000000000000005
936,1988-12-16,0.229,-0.012999999999999984
937,1988-12-23,0.215,-0.014000000000000012
938,1988-12-30,0.204,-0.01100000000000001
939,1989-01-06,0.2,-0.003999999999999976
940,1989-01-13,0.204,0.003999999999999976
941,1989-01-20,0.215,0.01100000000000001
942,1989-01-27,0.237,0.021999999999999992
943,1989-02-03,0.276,0.039000000000000035
944,1989-02-10,0.34,0.064
945,1989-02-17,0.434,0.09399999999999997
946,1989-02-24,0.556,0.12200000000000005
947,1989-03-03,0.694,0.1379999999999999
948,1989-03-10,0.828,0.134
949,1989-03-17,0.942,0.11399999999999999
950,1989-03-24,1.021,0.07899999999999996
951,1989-03-31,1.058,0.037000000000000144
952,1989-04-07,1.058,0.0
953,1989-04-14,1.022,-0.03600000000000003
954,1989-04-21,0.954,-0.06800000000000006
955,1989-04-28,0.862,-0.09199999999999997
956,1989-05-05,0.747,-0.11499999999999999
957,1989-05-12,0.623,-0.124
958,1989-05-19,0.502,-0.121
959,1989-05-26,0.404,-0.09799999999999998
960,1989-06-02,0.342,-0.062
961,1989-06-09,0.319,-0.02300000000000002
962,1989-06-16,0.326,0.007000000000000006
963,1989-06-23,0.342,0.016000000000000014
964,1989-06-30,0.346,0.003999999999999948
965,1989-07-07,0.325,-0.020999999999999963
966,1989-07-14,0.273,-0.05199999999999999
967,1989-07-21,0.208,-0.06500000000000003
968,1989-07-28,0.147,-0.061
969,1989-08-04,0.109,-0.03799999999999999
970,1989-08-11,0.107,-0.0020000000000000018
971,1989-08-18,0.141,0.03399999999999999
972,1989-08-25,0.203,0.06200000000000003
973,1989-09-01,0.284,0.08099999999999996
974,1989-09-08,0.373,0.08900000000000002
975,1989-09-15,0.461,0.08800000000000002
976,1989-09-22,0.535,0.07400000000000001
977,1989-09-29,0.588,0.052999999999999936
978,1989-10-06,0.61,0.02200000000000002
979,1989-10-13,0.592,-0.018000000000000016
980,1989-10-20,0.538,-0.05399999999999994
981,1989-10-27,0.455,-0.08300000000000002
982,1989-11-03,0.357,-0.09800000000000003
983,1989-11-10,0.261,-0.09599999999999997
984,1989-11-17,0.177,-0.08400000000000002
985,1989-11-24,0.109,-0.06799999999999999
986,1989-12-01,0.058,-0.051
987,1989-12-08,0.02,-0.038000000000000006
988,1989-12-15,-0.008,-0.028
989,1989-12-22,-0.024,-0.016
990,1989-12-29,-0.032,-0.008
991,1990-01-05,-0.031,0.0010000000000000009
992,1990-01-12,-0.028,0.002999999999999999
993,1990-01-19,-0.03,-0.0019999999999999983
994,1990-01-26,-0.04,-0.010000000000000002
995,1990-02-02,-0.064,-0.024
996,1990-02-09,-0.097,-0.033
997,1990-02-16,-0.131,-0.034
998,1990-02-23,-0.161,-0.03
999,1990-03-02,-0.18,-0.01899999999999999
1000,1990-03-09,-0.187,-0.007000000000000006
1001,1990-03-16,-0.18,0.007000000000000006
1002,1990-03-23,-0.164,0.015999999999999986
1003,1990-03-30,-0.138,0.025999999999999995
1004,1990-04-06,-0.103,0.03500000000000002
1005,1990-04-13,-0.063,0.039999999999999994
1006,1990-04-20,-0.024,0.039
1007,1990-04-27,0.005,0.029
1008,1990-05-04,0.013,0.008
1009,1990-05-11,-0.001,-0.013999999999999999
1010,1990-05-18,-0.035,-0.034
1011,1990-05-25,-0.078,-0.043
1012,1990-06-01,-0.12,-0.041999999999999996
1013,1990-06-08,-0.15,-0.03
1014,1990-06-15,-0.167,-0.017000000000000015
1015,1990-06-22,-0.175,-0.00799999999999998
1016,1990-06-29,-0.176,-0.0010000000000000009
1017,1990-07-06,-0.172,0.0040000000000000036
1018,1990-07-13,-0.163,0.00899999999999998
1019,1990-07-20,-0.142,0.02100000000000002
1020,1990-07-27,-0.11,0.03199999999999999
1021,1990-08-03,-0.069,0.040999999999999995
1022,1990-08-10,-0.024,0.045000000000000005
1023,1990-08-17,0.017,0.041
1024,1990-08-24,0.055,0.038
1025,1990-08-31,0.094,0.039
1026,1990-09-07,0.142,0.04799999999999999
1027,1990-09-14,0.202,0.060000000000000026
1028,1990-09-21,0.269,0.067
1029,1990-09-28,0.335,0.066
1030,1990-10-05,0.379,0.043999999999999984
1031,1990-10-12,0.397,0.018000000000000016
1032,1990-10-19,0.39,-0.007000000000000006
1033,1990-10-26,0.367,-0.02300000000000002
1034,1990-11-02,0.343,-0.023999999999999966
1035,1990-11-09,0.329,-0.014000000000000012
1036,1990-11-16,0.328,-0.0010000000000000009
1037,1990-11-23,0.341,0.013000000000000012
1038,1990-11-30,0.368,0.02699999999999997
1039,1990-12-07,0.402,0.03400000000000003
1040,1990-12-14,0.446,0.043999999999999984
1041,1990-12-21,0.502,0.055999999999999994
1042,1990-12-28,0.554,0.052000000000000046
1043,1991-01-04,0.585,0.030999999999999917
1044,1991-01-11,0.586,0.0010000000000000009
1045,1991-01-18,0.545,-0.040999999999999925
1046,1991-01-25,0.461,-0.08400000000000002
1047,1991-02-01,0.36,-0.10100000000000003
1048,1991-02-08,0.259,-0.10099999999999998
1049,1991-02-15,0.176,-0.08300000000000002
1050,1991-02-22,0.117,-0.05899999999999998
1051,1991-03-01,0.076,-0.04100000000000001
1052,1991-03-08,0.042,-0.033999999999999996
1053,1991-03-15,0.007,-0.035
1054,1991-03-22,-0.032,-0.039
1055,1991-03-29,-0.07,-0.038000000000000006
1056,1991-04-05,-0.101,-0.031
1057,1991-04-12,-0.12,-0.01899999999999999
1058,1991-04-19,-0.132,-0.01200000000000001
1059,1991-04-26,-0.137,-0.0050000000000000044
1060,1991-05-03,-0.141,-0.003999999999999976
1061,1991-05-10,-0.146,-0.0050000000000000044
1062,1991-05-17,-0.148,-0.0020000000000000018
1063,1991-05-24,-0.146,0.0020000000000000018
1064,1991-05-31,-0.14,0.005999999999999978
1065,1991-06-07,-0.137,0.0030000000000000027
1066,1991-06-14,-0.144,-0.0069999999999999785
1067,1991-06-21,-0.172,-0.027999999999999997
1068,1991-06-28,-0.222,-0.05000000000000002
1069,1991-07-05,-0.294,-0.07199999999999998
1070,1991-07-12,-0.376,-0.08200000000000002
1071,1991-07-19,-0.457,-0.08100000000000002
1072,1991-07-26,-0.527,-0.07
1073,1991-08-02,-0.58,-0.052999999999999936
1074,1991-08-09,-0.617,-0.03700000000000003
1075,1991-08-16,-0.639,-0.02200000000000002
1076,1991-08-23,-0.654,-0.015000000000000013
1077,1991-08-30,-0.664,-0.010000000000000009
1078,1991-09-06,-0.668,-0.0040000000000000036
1079,1991-09-13,-0.671,-0.0030000000000000027
1080,1991-09-20,-0.67,0.0010000000000000009
1081,1991-09-27,-0.666,0.0040000000000000036
1082,1991-10-04,-0.664,0.0020000000000000018
1083,1991-10-11,-0.667,-0.0030000000000000027
1084,1991-10-18,-0.674,-0.007000000000000006
1085,1991-10-25,-0.685,-0.01100000000000001
1086,1991-11-01,-0.696,-0.010999999999999899
1087,1991-11-08,-0.702,-0.006000000000000005
1088,1991-11-15,-0.703,-0.0010000000000000009
1089,1991-11-22,-0.702,0.0010000000000000009
1090,1991-11-29,-0.704,-0.0020000000000000018
1091,1991-12-06,-0.714,-0.010000000000000009
1092,1991-12-13,-0.732,-0.018000000000000016
1093,1991-12-20,-0.751,-0.019000000000000017
1094,1991-12-27,-0.766,-0.015000000000000013
1095,1992-01-03,-0.772,-0.006000000000000005
1096,1992-01-10,-0.766,0.006000000000000005
1097,1992-01-17,-0.754,0.01200000000000001
1098,1992-01-24,-0.743,0.01100000000000001
1099,1992-01-31,-0.739,0.0040000000000000036
1100,1992-02-07,-0.742,-0.0030000000000000027
1101,1992-02-14,-0.747,-0.0050000000000000044
1102,1992-02-21,-0.75,-0.0030000000000000027
1103,1992-02-28,-0.749,0.0010000000000000009
1104,1992-03-06,-0.743,0.006000000000000005
1105,1992-03-13,-0.738,0.0050000000000000044
1106,1992-03-20,-0.74,-0.0020000000000000018
1107,1992-03-27,-0.751,-0.01100000000000001
1108,1992-04-03,-0.77,-0.019000000000000017
1109,1992-04-10,-0.794,-0.02400000000000002
1110,1992-04-17,-0.819,-0.02499999999999991
1111,1992-04-24,-0.843,-0.02400000000000002
1112,1992-05-01,-0.867,-0.02400000000000002
1113,1992-05-08,-0.89,-0.02300000000000002
1114,1992-05-15,-0.913,-0.02300000000000002
1115,1992-05-22,-0.935,-0.02200000000000002
1116,1992-05-29,-0.953,-0.017999999999999905
1117,1992-06-05,-0.968,-0.015000000000000013
1118,1992-06-12,-0.981,-0.013000000000000012
1119,1992-06-19,-0.996,-0.015000000000000013
1120,1992-06-26,-1.012,-0.016000000000000014
1121,1992-07-03,-1.029,-0.016999999999999904
1122,1992-07-10,-1.043,-0.014000000000000012
1123,1992-07-17,-1.051,-0.008000000000000007
1124,1992-07-24,-1.048,0.0029999999999998916
1125,1992-07-31,-1.035,0.013000000000000123
1126,1992-08-07,-1.016,0.018999999999999906
1127,1992-08-14,-0.996,0.020000000000000018
1128,1992-08-21,-0.98,0.016000000000000014
1129,1992-08-28,-0.967,0.013000000000000012
1130,1992-09-04,-0.953,0.014000000000000012
1131,1992-09-11,-0.935,0.017999999999999905
1132,1992-09-18,-0.907,0.028000000000000025
1133,1992-09-25,-0.871,0.03600000000000003
1134,1992-10-02,-0.83,0.041000000000000036
1135,1992-10-09,-0.791,0.038999999999999924
1136,1992-10-16,-0.757,0.03400000000000003
1137,1992-10-23,-0.73,0.027000000000000024
1138,1992-10-30,-0.711,0.019000000000000017
1139,1992-11-06,-0.702,0.009000000000000008
1140,1992-11-13,-0.704,-0.0020000000000000018
1141,1992-11-20,-0.723,-0.019000000000000017
1142,1992-11-27,-0.761,-0.038000000000000034
1143,1992-12-04,-0.82,-0.05899999999999994
1144,1992-12-11,-0.891,-0.07100000000000006
1145,1992-12-18,-0.96,-0.06899999999999995
1146,1992-12-25,-1.018,-0.05800000000000005
1147,1993-01-01,-1.059,-0.040999999999999925
1148,1993-01-08,-1.081,-0.02200000000000002
1149,1993-01-15,-1.091,-0.010000000000000009
1150,1993-01-22,-1.094,-0.0030000000000001137
1151,1993-01-29,-1.094,0.0
1152,1993-02-05,-1.093,0.001000000000000112
1153,1993-02-12,-1.092,0.0009999999999998899
1154,1993-02-19,-1.089,0.0030000000000001137
1155,1993-02-26,-1.086,0.0029999999999998916
1156,1993-03-05,-1.083,0.0030000000000001137
1157,1993-03-12,-1.082,0.0009999999999998899
1158,1993-03-19,-1.083,-0.0009999999999998899
1159,1993-03-26,-1.085,-0.0020000000000000018
1160,1993-04-02,-1.085,0.0
1161,1993-04-09,-1.086,-0.001000000000000112
1162,1993-04-16,-1.085,0.001000000000000112
1163,1993-04-23,-1.086,-0.001000000000000112
1164,1993-04-30,-1.091,-0.004999999999999893
1165,1993-05-07,-1.095,-0.0040000000000000036
1166,1993-05-14,-1.098,-0.0030000000000001137
1167,1993-05-21,-1.1,-0.0020000000000000018
1168,1993-05-28,-1.1,0.0
1169,1993-06-04,-1.102,-0.0020000000000000018
1170,1993-06-11,-1.109,-0.006999999999999895
1171,1993-06-18,-1.123,-0.014000000000000012
1172,1993-06-25,-1.143,-0.020000000000000018
1173,1993-07-02,-1.165,-0.02200000000000002
1174,1993-07-09,-1.184,-0.018999999999999906
1175,1993-07-16,-1.197,-0.013000000000000123
1176,1993-07-23,-1.204,-0.006999999999999895
1177,1993-07-30,-1.205,-0.001000000000000112
1178,1993-08-06,-1.203,0.0020000000000000018
1179,1993-08-13,-1.202,0.001000000000000112
1180,1993-08-20,-1.199,0.0029999999999998916
1181,1993-08-27,-1.193,0.006000000000000005
1182,1993-09-03,-1.182,0.01100000000000012
1183,1993-09-10,-1.165,0.016999999999999904
1184,1993-09-17,-1.141,0.02400000000000002
1185,1993-09-24,-1.115,0.026000000000000023
1186,1993-10-01,-1.088,0.026999999999999913
1187,1993-10-08,-1.061,0.027000000000000135
1188,1993-10-15,-1.036,0.02499999999999991
1189,1993-10-22,-1.009,0.027000000000000135
1190,1993-10-29,-0.981,0.027999999999999914
1191,1993-11-05,-0.955,0.026000000000000023
1192,1993-11-12,-0.936,0.018999999999999906
1193,1993-11-19,-0.927,0.009000000000000008
1194,1993-11-26,-0.93,-0.0030000000000000027
1195,1993-12-03,-0.946,-0.015999999999999903
1196,1993-12-10,-0.968,-0.02200000000000002
1197,1993-12-17,-0.991,-0.02300000000000002
1198,1993-12-24,-1.01,-0.019000000000000017
1199,1993-12-31,-1.02,-0.010000000000000009
1200,1994-01-07,-1.023,-0.0029999999999998916
1201,1994-01-14,-1.019,0.0040000000000000036
1202,1994-01-21,-1.008,0.010999999999999899
1203,1994-01-28,-0.994,0.014000000000000012
1204,1994-02-04,-0.973,0.02100000000000002
1205,1994-02-11,-0.944,0.029000000000000026
1206,1994-02-18,-0.908,0.03599999999999992
1207,1994-02-25,-0.865,0.04300000000000004
1208,1994-03-04,-0.816,0.049000000000000044
1209,1994-03-11,-0.766,0.04999999999999993
1210,1994-03-18,-0.722,0.04400000000000004
1211,1994-03-25,-0.684,0.03799999999999992
1212,1994-04-01,-0.656,0.028000000000000025
1213,1994-04-08,-0.637,0.019000000000000017
1214,1994-04-15,-0.624,0.013000000000000012
1215,1994-04-22,-0.615,0.009000000000000008
1216,1994-04-29,-0.613,0.0020000000000000018
1217,1994-05-06,-0.614,-0.0010000000000000009
1218,1994-05-13,-0.624,-0.010000000000000009
1219,1994-05-20,-0.64,-0.016000000000000014
1220,1994-05-27,-0.658,-0.018000000000000016
1221,1994-06-03,-0.669,-0.01100000000000001
1222,1994-06-10,-0.673,-0.0040000000000000036
1223,1994-06-17,-0.665,0.008000000000000007
1224,1994-06-24,-0.652,0.013000000000000012
1225,1994-07-01,-0.641,0.01100000000000001
1226,1994-07-08,-0.642,-0.0010000000000000009
1227,1994-07-15,-0.656,-0.014000000000000012
1228,1994-07-22,-0.683,-0.027000000000000024
1229,1994-07-29,-0.716,-0.03299999999999992
1230,1994-08-05,-0.749,-0.03300000000000003
1231,1994-08-12,-0.777,-0.028000000000000025
1232,1994-08-19,-0.795,-0.018000000000000016
1233,1994-08-26,-0.799,-0.0040000000000000036
1234,1994-09-02,-0.787,0.01200000000000001
1235,1994-09-09,-0.758,0.029000000000000026
1236,1994-09-16,-0.711,0.04700000000000004
1237,1994-09-23,-0.654,0.05699999999999994
1238,1994-09-30,-0.594,0.06000000000000005
1239,1994-10-07,-0.541,0.052999999999999936
1240,1994-10-14,-0.502,0.039000000000000035
1241,1994-10-21,-0.476,0.026000000000000023
1242,1994-10-28,-0.459,0.01699999999999996
1243,1994-11-04,-0.443,0.016000000000000014
1244,1994-11-11,-0.42,0.02300000000000002
1245,1994-11-18,-0.387,0.032999999999999974
1246,1994-11-25,-0.34,0.046999999999999986
1247,1994-12-02,-0.286,0.05400000000000005
1248,1994-12-09,-0.228,0.05799999999999997
1249,1994-12-16,-0.179,0.049000000000000016
1250,1994-12-23,-0.145,0.034
1251,1994-12-30,-0.134,0.010999999999999982
1252,1995-01-06,-0.15,-0.015999999999999986
1253,1995-01-13,-0.191,-0.04100000000000001
1254,1995-01-20,-0.252,-0.061
1255,1995-01-27,-0.323,-0.07100000000000001
1256,1995-02-03,-0.394,-0.07100000000000001
1257,1995-02-10,-0.454,-0.06
1258,1995-02-17,-0.497,-0.04299999999999998
1259,1995-02-24,-0.522,-0.025000000000000022
1260,1995-03-03,-0.53,-0.008000000000000007
1261,1995-03-10,-0.526,0.0040000000000000036
1262,1995-03-17,-0.518,0.008000000000000007
1263,1995-03-24,-0.508,0.010000000000000009
1264,1995-03-31,-0.503,0.0050000000000000044
1265,1995-04-07,-0.503,0.0
1266,1995-04-14,-0.512,-0.009000000000000008
1267,1995-04-21,-0.53,-0.018000000000000016
1268,1995-04-28,-0.558,-0.028000000000000025
1269,1995-05-05,-0.592,-0.03399999999999992
1270,1995-05-12,-0.627,-0.03500000000000003
1271,1995-05-19,-0.655,-0.028000000000000025
1272,1995-05-26,-0.67,-0.015000000000000013
1273,1995-06-02,-0.668,0.0020000000000000018
1274,1995-06-09,-0.655,0.013000000000000012
1275,1995-06-16,-0.633,0.02200000000000002
1276,1995-06-23,-0.614,0.019000000000000017
1277,1995-06-30,-0.602,0.01200000000000001
1278,1995-07-07,-0.6,0.0020000000000000018
1279,1995-07-14,-0.609,-0.009000000000000008
1280,1995-07-21,-0.624,-0.015000000000000013
1281,1995-07-28,-0.639,-0.015000000000000013
1282,1995-08-04,-0.656,-0.017000000000000015
1283,1995-08-11,-0.671,-0.015000000000000013
1284,1995-08-18,-0.683,-0.01200000000000001
1285,1995-08-25,-0.691,-0.007999999999999896
1286,1995-09-01,-0.691,0.0
1287,1995-09-08,-0.684,0.006999999999999895
1288,1995-09-15,-0.67,0.014000000000000012
1289,1995-09-22,-0.65,0.020000000000000018
1290,1995-09-29,-0.63,0.020000000000000018
1291,1995-10-06,-0.617,0.013000000000000012
1292,1995-10-13,-0.614,0.0030000000000000027
1293,1995-10-20,-0.621,-0.007000000000000006
1294,1995-10-27,-0.637,-0.016000000000000014
1295,1995-11-03,-0.66,-0.02300000000000002
1296,1995-11-10,-0.686,-0.026000000000000023
1297,1995-11-17,-0.707,-0.020999999999999908
1298,1995-11-24,-0.723,-0.016000000000000014
1299,1995-12-01,-0.732,-0.009000000000000008
1300,1995-12-08,-0.732,0.0
1301,1995-12-15,-0.725,0.007000000000000006
1302,1995-12-22,-0.715,0.010000000000000009
1303,1995-12-29,-0.709,0.006000000000000005
1304,1996-01-05,-0.716,-0.007000000000000006
1305,1996-01-12,-0.735,-0.019000000000000017
1306,1996-01-19,-0.768,-0.03300000000000003
1307,1996-01-26,-0.81,-0.04200000000000004
1308,1996-02-02,-0.85,-0.039999999999999925
1309,1996-02-09,-0.877,-0.027000000000000024
1310,1996-02-16,-0.887,-0.010000000000000009
1311,1996-02-23,-0.877,0.010000000000000009
1312,1996-03-01,-0.852,0.025000000000000022
1313,1996-03-08,-0.818,0.03400000000000003
1314,1996-03-15,-0.78,0.03799999999999992
1315,1996-03-22,-0.745,0.03500000000000003
1316,1996-03-29,-0.711,0.03400000000000003
1317,1996-04-05,-0.682,0.028999999999999915
1318,1996-04-12,-0.657,0.025000000000000022
1319,1996-04-19,-0.643,0.014000000000000012
1320,1996-04-26,-0.643,0.0
1321,1996-05-03,-0.653,-0.010000000000000009
1322,1996-05-10,-0.671,-0.018000000000000016
1323,1996-05-17,-0.689,-0.017999999999999905
1324,1996-05-24,-0.701,-0.01200000000000001
1325,1996-05-31,-0.7,0.0010000000000000009
1326,1996-06-07,-0.688,0.01200000000000001
1327,1996-06-14,-0.67,0.017999999999999905
1328,1996-06-21,-0.649,0.02100000000000002
1329,1996-06-28,-0.633,0.016000000000000014
1330,1996-07-05,-0.622,0.01100000000000001
1331,1996-07-12,-0.618,0.0040000000000000036
1332,1996-07-19,-0.622,-0.0040000000000000036
1333,1996-07-26,-0.63,-0.008000000000000007
1334,1996-08-02,-0.639,-0.009000000000000008
1335,1996-08-09,-0.65,-0.01100000000000001
1336,1996-08-16,-0.658,-0.008000000000000007
1337,1996-08-23,-0.66,-0.0020000000000000018
1338,1996-08-30,-0.655,0.0050000000000000044
1339,1996-09-06,-0.646,0.009000000000000008
1340,1996-09-13,-0.637,0.009000000000000008
1341,1996-09-20,-0.632,0.0050000000000000044
1342,1996-09-27,-0.638,-0.006000000000000005
1343,1996-10-04,-0.659,-0.02100000000000002
1344,1996-10-11,-0.697,-0.03799999999999992
1345,1996-10-18,-0.747,-0.050000000000000044
1346,1996-10-25,-0.804,-0.05700000000000005
1347,1996-11-01,-0.861,-0.05699999999999994
1348,1996-11-08,-0.907,-0.04600000000000004
1349,1996-11-15,-0.932,-0.025000000000000022
1350,1996-11-22,-0.937,-0.0050000000000000044
1351,1996-11-29,-0.922,0.015000000000000013
1352,1996-12-06,-0.894,0.028000000000000025
1353,1996-12-13,-0.861,0.03300000000000003
1354,1996-12-20,-0.833,0.028000000000000025
1355,1996-12-27,-0.811,0.02199999999999991
1356,1997-01-03,-0.798,0.013000000000000012
1357,1997-01-10,-0.79,0.008000000000000007
1358,1997-01-17,-0.789,0.0010000000000000009
1359,1997-01-24,-0.793,-0.0040000000000000036
1360,1997-01-31,-0.802,-0.009000000000000008
1361,1997-02-07,-0.814,-0.0119999999999999
1362,1997-02-14,-0.826,-0.01200000000000001
1363,1997-02-21,-0.832,-0.006000000000000005
1364,1997-02-28,-0.827,0.0050000000000000044
1365,1997-03-07,-0.81,0.016999999999999904
1366,1997-03-14,-0.782,0.028000000000000025
1367,1997-03-21,-0.749,0.03300000000000003
1368,1997-03-28,-0.715,0.03400000000000003
1369,1997-04-04,-0.682,0.03299999999999992
1370,1997-04-11,-0.653,0.029000000000000026
1371,1997-04-18,-0.628,0.025000000000000022
1372,1997-04-25,-0.604,0.02400000000000002
1373,1997-05-02,-0.584,0.020000000000000018
1374,1997-05-09,-0.566,0.018000000000000016
1375,1997-05-16,-0.55,0.015999999999999903
1376,1997-05-23,-0.538,0.01200000000000001
1377,1997-05-30,-0.527,0.01100000000000001
1378,1997-06-06,-0.52,0.007000000000000006
1379,1997-06-13,-0.517,0.0030000000000000027
1380,1997-06-20,-0.519,-0.0020000000000000018
1381,1997-06-27,-0.527,-0.008000000000000007
1382,1997-07-04,-0.541,-0.014000000000000012
1383,1997-07-11,-0.558,-0.017000000000000015
1384,1997-07-18,-0.576,-0.017999999999999905
1385,1997-07-25,-0.591,-0.015000000000000013
1386,1997-08-01,-0.6,-0.009000000000000008
1387,1997-08-08,-0.602,-0.0020000000000000018
1388,1997-08-15,-0.597,0.0050000000000000044
1389,1997-08-22,-0.587,0.010000000000000009
1390,1997-08-29,-0.575,0.01200000000000001
1391,1997-09-05,-0.561,0.013999999999999901
1392,1997-09-12,-0.544,0.017000000000000015
1393,1997-09-19,-0.524,0.020000000000000018
1394,1997-09-26,-0.5,0.02400000000000002
1395,1997-10-03,-0.474,0.026000000000000023
1396,1997-10-10,-0.448,0.025999999999999968
1397,1997-10-17,-0.426,0.02200000000000002
1398,1997-10-24,-0.412,0.014000000000000012
1399,1997-10-31,-0.406,0.00599999999999995
1400,1997-11-07,-0.41,-0.003999999999999948
1401,1997-11-14,-0.42,-0.010000000000000009
1402,1997-11-21,-0.435,-0.015000000000000013
1403,1997-11-28,-0.455,-0.020000000000000018
1404,1997-12-05,-0.477,-0.021999999999999964
1405,1997-12-12,-0.498,-0.02100000000000002
1406,1997-12-19,-0.518,-0.020000000000000018
1407,1997-12-26,-0.534,-0.016000000000000014
1408,1998-01-02,-0.544,-0.010000000000000009
1409,1998-01-09,-0.551,-0.007000000000000006
1410,1998-01-16,-0.56,-0.009000000000000008
1411,1998-01-23,-0.572,-0.0119999999999999
1412,1998-01-30,-0.592,-0.020000000000000018
1413,1998-02-06,-0.613,-0.02100000000000002
1414,1998-02-13,-0.629,-0.016000000000000014
1415,1998-02-20,-0.636,-0.007000000000000006
1416,1998-02-27,-0.628,0.008000000000000007
1417,1998-03-06,-0.607,0.02100000000000002
1418,1998-03-13,-0.583,0.02400000000000002
1419,1998-03-20,-0.566,0.017000000000000015
1420,1998-03-27,-0.556,0.009999999999999898
1421,1998-04-03,-0.553,0.0030000000000000027
1422,1998-04-10,-0.551,0.0020000000000000018
1423,1998-04-17,-0.545,0.006000000000000005
1424,1998-04-24,-0.531,0.014000000000000012
1425,1998-05-01,-0.513,0.018000000000000016
1426,1998-05-08,-0.496,0.017000000000000015
1427,1998-05-15,-0.486,0.010000000000000009
1428,1998-05-22,-0.482,0.0040000000000000036
1429,1998-05-29,-0.478,0.0040000000000000036
1430,1998-06-05,-0.47,0.008000000000000007
1431,1998-06-12,-0.453,0.01699999999999996
1432,1998-06-19,-0.432,0.02100000000000002
1433,1998-06-26,-0.412,0.020000000000000018
1434,1998-07-03,-0.404,0.007999999999999952
1435,1998-07-10,-0.409,-0.004999999999999949
1436,1998-07-17,-0.421,-0.01200000000000001
1437,1998-07-24,-0.428,-0.007000000000000006
1438,1998-07-31,-0.417,0.01100000000000001
1439,1998-08-07,-0.382,0.034999999999999976
1440,1998-08-14,-0.326,0.055999999999999994
1441,1998-08-21,-0.259,0.067
1442,1998-08-28,-0.188,0.07100000000000001
1443,1998-09-04,-0.12,0.068
1444,1998-09-11,-0.05,0.06999999999999999
1445,1998-09-18,0.03,0.08
1446,1998-09-25,0.118,0.088
1447,1998-10-02,0.203,0.08500000000000002
1448,1998-10-09,0.267,0.064
1449,1998-10-16,0.291,0.023999999999999966
1450,1998-10-23,0.266,-0.024999999999999967
1451,1998-10-30,0.205,-0.061000000000000026
1452,1998-11-06,0.126,-0.07899999999999999
1453,1998-11-13,0.06,-0.066
1454,1998-11-20,0.012,-0.048
1455,1998-11-27,-0.013,-0.025
1456,1998-12-04,-0.027,-0.014
1457,1998-12-11,-0.042,-0.015000000000000003
1458,1998-12-18,-0.066,-0.024
1459,1998-12-25,-0.095,-0.028999999999999998
1460,1999-01-01,-0.121,-0.025999999999999995
1461,1999-01-08,-0.137,-0.016000000000000014
1462,1999-01-15,-0.146,-0.00899999999999998
1463,1999-01-22,-0.154,-0.008000000000000007
1464,1999-01-29,-0.17,-0.016000000000000014
1465,1999-02-05,-0.196,-0.025999999999999995
1466,1999-02-12,-0.23,-0.034
1467,1999-02-19,-0.265,-0.035
1468,1999-02-26,-0.293,-0.02799999999999997
1469,1999-03-05,-0.31,-0.017000000000000015
1470,1999-03-12,-0.315,-0.0050000000000000044
1471,1999-03-19,-0.314,0.0010000000000000009
1472,1999-03-26,-0.31,0.0040000000000000036
1473,1999-04-02,-0.306,0.0040000000000000036
1474,1999-04-09,-0.305,0.0010000000000000009
1475,1999-04-16,-0.306,-0.0010000000000000009
1476,1999-04-23,-0.309,-0.0030000000000000027
1477,1999-04-30,-0.313,-0.0040000000000000036
1478,1999-05-07,-0.315,-0.0020000000000000018
1479,1999-05-14,-0.31,0.0050000000000000044
1480,1999-05-21,-0.297,0.013000000000000012
1481,1999-05-28,-0.273,0.023999999999999966
1482,1999-06-04,-0.244,0.029000000000000026
1483,1999-06-11,-0.213,0.031
1484,1999-06-18,-0.187,0.025999999999999995
1485,1999-06-25,-0.166,0.02099999999999999
1486,1999-07-02,-0.149,0.017000000000000015
1487,1999-07-09,-0.128,0.02099999999999999
1488,1999-07-16,-0.097,0.031
1489,1999-07-23,-0.058,0.039
1490,1999-07-30,-0.013,0.045000000000000005
1491,1999-08-06,0.032,0.045
1492,1999-08-13,0.069,0.037000000000000005
1493,1999-08-20,0.094,0.024999999999999994
1494,1999-08-27,0.112,0.018000000000000002
1495,1999-09-03,0.13,0.018000000000000002
1496,1999-09-10,0.153,0.022999999999999993
1497,1999-09-17,0.182,0.028999999999999998
1498,1999-09-24,0.215,0.033
1499,1999-10-01,0.248,0.033
1500,1999-10-08,0.271,0.02300000000000002
1501,1999-10-15,0.273,0.0020000000000000018
1502,1999-10-22,0.253,-0.020000000000000018
1503,1999-10-29,0.215,-0.038000000000000006
1504,1999-11-05,0.167,-0.04799999999999999
1505,1999-11-12,0.12,-0.047000000000000014
1506,1999-11-19,0.085,-0.03499999999999999
1507,1999-11-26,0.07,-0.015
1508,1999-12-03,0.071,0.000999999999999987
1509,1999-12-10,0.08,0.009000000000000008
1510,1999-12-17,0.086,0.0059999999999999915
1511,1999-12-24,0.082,-0.00399999999999999
1512,1999-12-31,0.068,-0.013999999999999999
1513,2000-01-07,0.044,-0.024000000000000007
1514,2000-01-14,0.019,-0.024999999999999998
1515,2000-01-21,-0.001,-0.02
1516,2000-01-28,-0.016,-0.015
1517,2000-02-04,-0.026,-0.009999999999999998
1518,2000-02-11,-0.032,-0.006000000000000002
1519,2000-02-18,-0.032,0.0
1520,2000-02-25,-0.021,0.011
1521,2000-03-03,0.003,0.024
1522,2000-03-10,0.041,0.038
1523,2000-03-17,0.085,0.044000000000000004
1524,2000-03-24,0.123,0.03799999999999999
1525,2000-03-31,0.147,0.023999999999999994
1526,2000-04-07,0.151,0.0040000000000000036
1527,2000-04-14,0.151,0.0
1528,2000-04-21,0.156,0.0050000000000000044
1529,2000-04-28,0.177,0.02099999999999999
1530,2000-05-05,0.217,0.04000000000000001
1531,2000-05-12,0.264,0.047000000000000014
1532,2000-05-19,0.308,0.043999999999999984
1533,2000-05-26,0.34,0.03200000000000003
1534,2000-06-02,0.355,0.014999999999999958
1535,2000-06-09,0.353,-0.0020000000000000018
1536,2000-06-16,0.343,-0.009999999999999953
1537,2000-06-23,0.323,-0.020000000000000018
1538,2000-06-30,0.295,-0.028000000000000025
1539,2000-07-07,0.251,-0.043999999999999984
1540,2000-07-14,0.195,-0.055999999999999994
1541,2000-07-21,0.132,-0.063
1542,2000-07-28,0.071,-0.06100000000000001
1543,2000-08-04,0.021,-0.04999999999999999
1544,2000-08-11,-0.01,-0.031
1545,2000-08-18,-0.024,-0.014
1546,2000-08-25,-0.028,-0.004
1547,2000-09-01,-0.03,-0.0019999999999999983
1548,2000-09-08,-0.032,-0.0020000000000000018
1549,2000-09-15,-0.036,-0.003999999999999997
1550,2000-09-22,-0.037,-0.0010000000000000009
1551,2000-09-29,-0.032,0.0049999999999999975
1552,2000-10-06,-0.025,0.006999999999999999
1553,2000-10-13,-0.017,0.008
1554,2000-10-20,-0.019,-0.0019999999999999983
1555,2000-10-27,-0.028,-0.009000000000000001
1556,2000-11-03,-0.04,-0.012
1557,2000-11-10,-0.045,-0.0049999999999999975
1558,2000-11-17,-0.035,0.009999999999999995
1559,2000-11-24,-0.008,0.027000000000000003
1560,2000-12-01,0.031,0.039
1561,2000-12-08,0.066,0.035
1562,2000-12-15,0.087,0.02099999999999999
1563,2000-12-22,0.087,0.0
1564,2000-12-29,0.061,-0.025999999999999995
1565,2001-01-05,0.023,-0.038
1566,2001-01-12,-0.02,-0.043
1567,2001-01-19,-0.06,-0.039999999999999994
1568,2001-01-26,-0.093,-0.033
1569,2001-02-02,-0.119,-0.025999999999999995
1570,2001-02-09,-0.142,-0.022999999999999993
1571,2001-02-16,-0.159,-0.017000000000000015
1572,2001-02-23,-0.169,-0.010000000000000009
1573,2001-03-02,-0.169,0.0
1574,2001-03-09,-0.162,0.007000000000000006
1575,2001-03-16,-0.15,0.01200000000000001
1576,2001-03-23,-0.142,0.008000000000000007
1577,2001-03-30,-0.147,-0.0050000000000000044
1578,2001-04-06,-0.165,-0.018000000000000016
1579,2001-04-13,-0.198,-0.033
1580,2001-04-20,-0.236,-0.03799999999999998
1581,2001-04-27,-0.271,-0.03500000000000003
1582,2001-05-04,-0.299,-0.02799999999999997
1583,2001-05-11,-0.317,-0.018000000000000016
1584,2001-05-18,-0.329,-0.01200000000000001
1585,2001-05-25,-0.341,-0.01200000000000001
1586,2001-06-01,-0.355,-0.013999999999999957
1587,2001-06-08,-0.372,-0.017000000000000015
1588,2001-06-15,-0.389,-0.017000000000000015
1589,2001-06-22,-0.4,-0.01100000000000001
1590,2001-06-29,-0.407,-0.006999999999999951
1591,2001-07-06,-0.411,-0.0040000000000000036
1592,2001-07-13,-0.418,-0.007000000000000006
1593,2001-07-20,-0.43,-0.01200000000000001
1594,2001-07-27,-0.45,-0.020000000000000018
1595,2001-08-03,-0.47,-0.019999999999999962
1596,2001-08-10,-0.48,-0.010000000000000009
1597,2001-08-17,-0.476,0.0040000000000000036
1598,2001-08-24,-0.452,0.023999999999999966
1599,2001-08-31,-0.417,0.03500000000000003
1600,2001-09-07,-0.381,0.035999999999999976
1601,2001-09-14,-0.351,0.030000000000000027
1602,2001-09-21,-0.338,0.012999999999999956
1603,2001-09-28,-0.346,-0.007999999999999952
1604,2001-10-05,-0.362,-0.016000000000000014
1605,2001-10-12,-0.384,-0.02200000000000002
1606,2001-10-19,-0.408,-0.023999999999999966
1607,2001-10-26,-0.431,-0.02300000000000002
1608,2001-11-02,-0.45,-0.019000000000000017
1609,2001-11-09,-0.464,-0.014000000000000012
1610,2001-11-16,-0.467,-0.0030000000000000027
1611,2001-11-23,-0.454,0.013000000000000012
1612,2001-11-30,-0.428,0.026000000000000023
1613,2001-12-07,-0.398,0.02999999999999997
1614,2001-12-14,-0.377,0.02100000000000002
1615,2001-12-21,-0.377,0.0
1616,2001-12-28,-0.404,-0.027000000000000024
1617,2002-01-04,-0.449,-0.044999999999999984
1618,2002-01-11,-0.501,-0.05199999999999999
1619,2002-01-18,-0.545,-0.04400000000000004
1620,2002-01-25,-0.569,-0.02399999999999991
1621,2002-02-01,-0.573,-0.0040000000000000036
1622,2002-02-08,-0.564,0.009000000000000008
1623,2002-02-15,-0.549,0.014999999999999902
1624,2002-02-22,-0.535,0.014000000000000012
1625,2002-03-01,-0.525,0.010000000000000009
1626,2002-03-08,-0.514,0.01100000000000001
1627,2002-03-15,-0.502,0.01200000000000001
1628,2002-03-22,-0.49,0.01200000000000001
1629,2002-03-29,-0.481,0.009000000000000008
1630,2002-04-05,-0.484,-0.0030000000000000027
1631,2002-04-12,-0.503,-0.019000000000000017
1632,2002-04-19,-0.537,-0.03400000000000003
1633,2002-04-26,-0.578,-0.040999999999999925
1634,2002-05-03,-0.62,-0.04200000000000004
1635,2002-05-10,-0.648,-0.028000000000000025
1636,2002-05-17,-0.66,-0.01200000000000001
1637,2002-05-24,-0.656,0.0040000000000000036
1638,2002-05-31,-0.642,0.014000000000000012
1639,2002-06-07,-0.622,0.020000000000000018
1640,2002-06-14,-0.601,0.02100000000000002
1641,2002-06-21,-0.579,0.02200000000000002
1642,2002-06-28,-0.555,0.02399999999999991
1643,2002-07-05,-0.526,0.029000000000000026
1644,2002-07-12,-0.494,0.03200000000000003
1645,2002-07-19,-0.465,0.02899999999999997
1646,2002-07-26,-0.441,0.02400000000000002
1647,2002-08-02,-0.43,0.01100000000000001
1648,2002-08-09,-0.425,0.0050000000000000044
1649,2002-08-16,-0.427,-0.0020000000000000018
1650,2002-08-23,-0.426,0.0010000000000000009
1651,2002-08-30,-0.421,0.0050000000000000044
1652,2002-09-06,-0.408,0.013000000000000012
1653,2002-09-13,-0.391,0.01699999999999996
1654,2002-09-20,-0.376,0.015000000000000013
1655,2002-09-27,-0.366,0.010000000000000009
1656,2002-10-04,-0.364,0.0020000000000000018
1657,2002-10-11,-0.371,-0.007000000000000006
1658,2002-10-18,-0.385,-0.014000000000000012
1659,2002-10-25,-0.402,-0.017000000000000015
1660,2002-11-01,-0.422,-0.019999999999999962
1661,2002-11-08,-0.44,-0.018000000000000016
1662,2002-11-15,-0.456,-0.016000000000000014
1663,2002-11-22,-0.465,-0.009000000000000008
1664,2002-11-29,-0.467,-0.0020000000000000018
1665,2002-12-06,-0.464,0.0030000000000000027
1666,2002-12-13,-0.461,0.0030000000000000027
1667,2002-12-20,-0.461,0.0
1668,2002-12-27,-0.468,-0.007000000000000006
1669,2003-01-03,-0.483,-0.014999999999999958
1670,2003-01-10,-0.503,-0.020000000000000018
1671,2003-01-17,-0.522,-0.019000000000000017
1672,2003-01-24,-0.536,-0.014000000000000012
1673,2003-01-31,-0.546,-0.010000000000000009
1674,2003-02-07,-0.551,-0.0050000000000000044
1675,2003-02-14,-0.556,-0.0050000000000000044
1676,2003-02-21,-0.563,-0.006999999999999895
1677,2003-02-28,-0.573,-0.010000000000000009
1678,2003-03-07,-0.586,-0.013000000000000012
1679,2003-03-14,-0.604,-0.018000000000000016
1680,2003-03-21,-0.629,-0.025000000000000022
1681,2003-03-28,-0.66,-0.031000000000000028
1682,2003-04-04,-0.699,-0.038999999999999924
1683,2003-04-11,-0.739,-0.040000000000000036
1684,2003-04-18,-0.777,-0.038000000000000034
1685,2003-04-25,-0.806,-0.029000000000000026
1686,2003-05-02,-0.823,-0.016999999999999904
1687,2003-05-09,-0.825,-0.0020000000000000018
1688,2003-05-16,-0.817,0.008000000000000007
1689,2003-05-23,-0.803,0.013999999999999901
1690,2003-05-30,-0.788,0.015000000000000013
1691,2003-06-06,-0.772,0.016000000000000014
1692,2003-06-13,-0.76,0.01200000000000001
1693,2003-06-20,-0.752,0.008000000000000007
1694,2003-06-27,-0.749,0.0030000000000000027
1695,2003-07-04,-0.748,0.0010000000000000009
1696,2003-07-11,-0.751,-0.0030000000000000027
1697,2003-07-18,-0.754,-0.0030000000000000027
1698,2003-07-25,-0.754,0.0
1699,2003-08-01,-0.748,0.006000000000000005
1700,2003-08-08,-0.739,0.009000000000000008
1701,2003-08-15,-0.728,0.01100000000000001
1702,2003-08-22,-0.717,0.01100000000000001
1703,2003-08-29,-0.709,0.008000000000000007
1704,2003-09-05,-0.705,0.0040000000000000036
1705,2003-09-12,-0.706,-0.0010000000000000009
1706,2003-09-19,-0.708,-0.0020000000000000018
1707,2003-09-26,-0.711,-0.0030000000000000027
1708,2003-10-03,-0.713,-0.0020000000000000018
1709,2003-10-10,-0.716,-0.0030000000000000027
1710,2003-10-17,-0.72,-0.0040000000000000036
1711,2003-10-24,-0.723,-0.0030000000000000027
1712,2003-10-31,-0.726,-0.0030000000000000027
1713,2003-11-07,-0.726,0.0
1714,2003-11-14,-0.721,0.0050000000000000044
1715,2003-11-21,-0.712,0.009000000000000008
1716,2003-11-28,-0.701,0.01100000000000001
1717,2003-12-05,-0.688,0.013000000000000012
1718,2003-12-12,-0.679,0.008999999999999897
1719,2003-12-19,-0.674,0.0050000000000000044
1720,2003-12-26,-0.673,0.0010000000000000009
1721,2004-01-02,-0.676,-0.0030000000000000027
1722,2004-01-09,-0.679,-0.0030000000000000027
1723,2004-01-16,-0.685,-0.006000000000000005
1724,2004-01-23,-0.693,-0.007999999999999896
1725,2004-01-30,-0.703,-0.010000000000000009
1726,2004-02-06,-0.716,-0.013000000000000012
1727,2004-02-13,-0.731,-0.015000000000000013
1728,2004-02-20,-0.743,-0.01200000000000001
1729,2004-02-27,-0.751,-0.008000000000000007
1730,2004-03-05,-0.754,-0.0030000000000000027
1731,2004-03-12,-0.754,0.0
1732,2004-03-19,-0.755,-0.0010000000000000009
1733,2004-03-26,-0.756,-0.0010000000000000009
1734,2004-04-02,-0.759,-0.0030000000000000027
1735,2004-04-09,-0.76,-0.0010000000000000009
1736,2004-04-16,-0.754,0.006000000000000005
1737,2004-04-23,-0.74,0.014000000000000012
1738,2004-04-30,-0.722,0.018000000000000016
1739,2004-05-07,-0.703,0.019000000000000017
1740,2004-05-14,-0.69,0.013000000000000012
1741,2004-05-21,-0.686,0.0039999999999998925
1742,2004-05-28,-0.689,-0.0029999999999998916
1743,2004-06-04,-0.697,-0.008000000000000007
1744,2004-06-11,-0.702,-0.0050000000000000044
1745,2004-06-18,-0.702,0.0
1746,2004-06-25,-0.699,0.0030000000000000027
1747,2004-07-02,-0.697,0.0020000000000000018
1748,2004-07-09,-0.699,-0.0020000000000000018
1749,2004-07-16,-0.705,-0.006000000000000005
1750,2004-07-23,-0.717,-0.01200000000000001
1751,2004-07-30,-0.731,-0.014000000000000012
1752,2004-08-06,-0.742,-0.01100000000000001
1753,2004-08-13,-0.748,-0.006000000000000005
1754,2004-08-20,-0.751,-0.0030000000000000027
1755,2004-08-27,-0.75,0.0010000000000000009
1756,2004-09-03,-0.744,0.006000000000000005
1757,2004-09-10,-0.736,0.008000000000000007
1758,2004-09-17,-0.727,0.009000000000000008
1759,2004-09-24,-0.716,0.01100000000000001
1760,2004-10-01,-0.704,0.01200000000000001
1761,2004-10-08,-0.693,0.01100000000000001
1762,2004-10-15,-0.684,0.008999999999999897
1763,2004-10-22,-0.68,0.0040000000000000036
1764,2004-10-29,-0.679,0.0010000000000000009
1765,2004-11-05,-0.682,-0.0030000000000000027
1766,2004-11-12,-0.69,-0.007999999999999896
1767,2004-11-19,-0.697,-0.007000000000000006
1768,2004-11-26,-0.705,-0.008000000000000007
1769,2004-12-03,-0.71,-0.0050000000000000044
1770,2004-12-10,-0.711,-0.0010000000000000009
1771,2004-12-17,-0.706,0.0050000000000000044
1772,2004-12-24,-0.698,0.008000000000000007
1773,2004-12-31,-0.69,0.008000000000000007
1774,2005-01-07,-0.684,0.005999999999999894
1775,2005-01-14,-0.683,0.0010000000000000009
1776,2005-01-21,-0.689,-0.005999999999999894
1777,2005-01-28,-0.7,-0.01100000000000001
1778,2005-02-04,-0.712,-0.01200000000000001
1779,2005-02-11,-0.721,-0.009000000000000008
1780,2005-02-18,-0.721,0.0
1781,2005-02-25,-0.712,0.009000000000000008
1782,2005-03-04,-0.692,0.020000000000000018
1783,2005-03-11,-0.666,0.025999999999999912
1784,2005-03-18,-0.637,0.029000000000000026
1785,2005-03-25,-0.611,0.026000000000000023
1786,2005-04-01,-0.589,0.02200000000000002
1787,2005-04-08,-0.573,0.016000000000000014
1788,2005-04-15,-0.564,0.009000000000000008
1789,2005-04-22,-0.562,0.0019999999999998908
1790,2005-04-29,-0.563,-0.0009999999999998899
1791,2005-05-06,-0.568,-0.0050000000000000044
1792,2005-05-13,-0.571,-0.0030000000000000027
1793,2005-05-20,-0.571,0.0
1794,2005-05-27,-0.569,0.0020000000000000018
1795,2005-06-03,-0.561,0.007999999999999896
1796,2005-06-10,-0.552,0.009000000000000008
1797,2005-06-17,-0.543,0.009000000000000008
1798,2005-06-24,-0.539,0.0040000000000000036
1799,2005-07-01,-0.539,0.0
1800,2005-07-08,-0.543,-0.0040000000000000036
1801,2005-07-15,-0.55,-0.007000000000000006
1802,2005-07-22,-0.556,-0.006000000000000005
1803,2005-07-29,-0.559,-0.0030000000000000027
1804,2005-08-05,-0.557,0.0020000000000000018
1805,2005-08-12,-0.552,0.0050000000000000044
1806,2005-08-19,-0.541,0.01100000000000001
1807,2005-08-26,-0.525,0.016000000000000014
1808,2005-09-02,-0.505,0.020000000000000018
1809,2005-09-09,-0.484,0.02100000000000002
1810,2005-09-16,-0.464,0.019999999999999962
1811,2005-09-23,-0.453,0.01100000000000001
1812,2005-09-30,-0.454,-0.0010000000000000009
1813,2005-10-07,-0.471,-0.01699999999999996
1814,2005-10-14,-0.499,-0.028000000000000025
1815,2005-10-21,-0.531,-0.03200000000000003
1816,2005-10-28,-0.559,-0.028000000000000025
1817,2005-11-04,-0.578,-0.018999999999999906
1818,2005-11-11,-0.583,-0.0050000000000000044
1819,2005-11-18,-0.573,0.010000000000000009
1820,2005-11-25,-0.552,0.020999999999999908
1821,2005-12-02,-0.524,0.028000000000000025
1822,2005-12-09,-0.49,0.03400000000000003
1823,2005-12-16,-0.458,0.03199999999999997
1824,2005-12-23,-0.432,0.026000000000000023
1825,2005-12-30,-0.414,0.018000000000000016
1826,2006-01-06,-0.409,0.0050000000000000044
1827,2006-01-13,-0.415,-0.006000000000000005
1828,2006-01-20,-0.428,-0.013000000000000012
1829,2006-01-27,-0.444,-0.016000000000000014
1830,2006-02-03,-0.459,-0.015000000000000013
1831,2006-02-10,-0.472,-0.012999999999999956
1832,2006-02-17,-0.484,-0.01200000000000001
1833,2006-02-24,-0.494,-0.010000000000000009
1834,2006-03-03,-0.503,-0.009000000000000008
1835,2006-03-10,-0.509,-0.006000000000000005
1836,2006-03-17,-0.51,-0.0010000000000000009
1837,2006-03-24,-0.507,0.0030000000000000027
1838,2006-03-31,-0.499,0.008000000000000007
1839,2006-04-07,-0.49,0.009000000000000008
1840,2006-04-14,-0.483,0.007000000000000006
1841,2006-04-21,-0.478,0.0050000000000000044
1842,2006-04-28,-0.474,0.0040000000000000036
1843,2006-05-05,-0.466,0.007999999999999952
1844,2006-05-12,-0.456,0.010000000000000009
1845,2006-05-19,-0.438,0.018000000000000016
1846,2006-05-26,-0.417,0.02100000000000002
1847,2006-06-02,-0.395,0.021999999999999964
1848,2006-06-09,-0.375,0.020000000000000018
1849,2006-06-16,-0.36,0.015000000000000013
1850,2006-06-23,-0.352,0.008000000000000007
1851,2006-06-30,-0.352,0.0
1852,2006-07-07,-0.361,-0.009000000000000008
1853,2006-07-14,-0.376,-0.015000000000000013
1854,2006-07-21,-0.397,-0.02100000000000002
1855,2006-07-28,-0.421,-0.023999999999999966
1856,2006-08-04,-0.443,-0.02200000000000002
1857,2006-08-11,-0.462,-0.019000000000000017
1858,2006-08-18,-0.473,-0.010999999999999954
1859,2006-08-25,-0.478,-0.0050000000000000044
1860,2006-09-01,-0.477,0.0010000000000000009
1861,2006-09-08,-0.474,0.0030000000000000027
1862,2006-09-15,-0.473,0.0010000000000000009
1863,2006-09-22,-0.478,-0.0050000000000000044
1864,2006-09-29,-0.488,-0.010000000000000009
1865,2006-10-06,-0.505,-0.017000000000000015
1866,2006-10-13,-0.525,-0.020000000000000018
1867,2006-10-20,-0.543,-0.018000000000000016
1868,2006-10-27,-0.556,-0.013000000000000012
1869,2006-11-03,-0.558,-0.0020000000000000018
1870,2006-11-10,-0.548,0.010000000000000009
1871,2006-11-17,-0.525,0.02300000000000002
1872,2006-11-24,-0.491,0.03400000000000003
1873,2006-12-01,-0.453,0.03799999999999998
1874,2006-12-08,-0.419,0.03400000000000003
1875,2006-12-15,-0.4,0.01899999999999996
1876,2006-12-22,-0.397,0.0030000000000000027
1877,2006-12-29,-0.408,-0.010999999999999954
1878,2007-01-05,-0.429,-0.02100000000000002
1879,2007-01-12,-0.453,-0.02400000000000002
1880,2007-01-19,-0.477,-0.023999999999999966
1881,2007-01-26,-0.499,-0.02200000000000002
1882,2007-02-02,-0.518,-0.019000000000000017
1883,2007-02-09,-0.533,-0.015000000000000013
1884,2007-02-16,-0.537,-0.0040000000000000036
1885,2007-02-23,-0.528,0.009000000000000008
1886,2007-03-02,-0.503,0.025000000000000022
1887,2007-03-09,-0.473,0.030000000000000027
1888,2007-03-16,-0.446,0.02699999999999997
1889,2007-03-23,-0.432,0.014000000000000012
1890,2007-03-30,-0.433,-0.0010000000000000009
1891,2007-04-06,-0.442,-0.009000000000000008
1892,2007-04-13,-0.445,-0.0030000000000000027
1893,2007-04-20,-0.434,0.01100000000000001
1894,2007-04-27,-0.406,0.02799999999999997
1895,2007-05-04,-0.367,0.039000000000000035
1896,2007-05-11,-0.333,0.033999999999999975
1897,2007-05-18,-0.311,0.02200000000000002
1898,2007-05-25,-0.3,0.01100000000000001
1899,2007-06-01,-0.294,0.006000000000000005
1900,2007-06-08,-0.287,0.007000000000000006
1901,2007-06-15,-0.27,0.01699999999999996
1902,2007-06-22,-0.252,0.018000000000000016
1903,2007-06-29,-0.243,0.009000000000000008
1904,2007-07-06,-0.246,-0.0030000000000000027
1905,2007-07-13,-0.244,0.0020000000000000018
1906,2007-07-20,-0.212,0.032
1907,2007-07-27,-0.116,0.09599999999999999
1908,2007-08-03,0.052,0.168
1909,2007-08-10,0.272,0.22000000000000003
1910,2007-08-17,0.507,0.235
1911,2007-08-24,0.693,0.18599999999999994
1912,2007-08-31,0.77,0.07700000000000007
1913,2007-09-07,0.755,-0.015000000000000013
1914,2007-09-14,0.659,-0.09599999999999997
1915,2007-09-21,0.518,-0.14100000000000001
1916,2007-09-28,0.394,-0.124
1917,2007-10-05,0.301,-0.09300000000000003
1918,2007-10-12,0.247,-0.05399999999999999
1919,2007-10-19,0.235,-0.01200000000000001
1920,2007-10-26,0.264,0.029000000000000026
1921,2007-11-02,0.341,0.07700000000000001
1922,2007-11-09,0.48,0.13899999999999996
1923,2007-11-16,0.661,0.18100000000000005
1924,2007-11-23,0.861,0.19999999999999996
1925,2007-11-30,1.028,0.16700000000000004
1926,2007-12-07,1.118,0.09000000000000008
1927,2007-12-14,1.115,-0.0030000000000001137
1928,2007-12-21,1.038,-0.07699999999999996
1929,2007-12-28,0.926,-0.11199999999999999
1930,2008-01-04,0.838,-0.08800000000000008
1931,2008-01-11,0.792,-0.04599999999999993
1932,2008-01-18,0.796,0.0040000000000000036
1933,2008-01-25,0.834,0.03799999999999992
1934,2008-02-01,0.873,0.039000000000000035
1935,2008-02-08,0.931,0.05800000000000005
1936,2008-02-15,1.021,0.08999999999999986
1937,2008-02-22,1.16,0.139
1938,2008-02-29,1.336,0.17600000000000016
1939,2008-03-07,1.522,0.18599999999999994
1940,2008-03-14,1.655,0.133
1941,2008-03-21,1.697,0.04200000000000004
1942,2008-03-28,1.631,-0.06600000000000006
1943,2008-04-04,1.5,-0.131
1944,2008-04-11,1.351,-0.14900000000000002
1945,2008-04-18,1.226,-0.125
1946,2008-04-25,1.132,-0.09400000000000008
1947,2008-05-02,1.06,-0.07199999999999984
1948,2008-05-09,0.996,-0.06400000000000006
1949,2008-05-16,0.923,-0.07299999999999995
1950,2008-05-23,0.865,-0.05800000000000005
1951,2008-05-30,0.854,-0.01100000000000001
1952,2008-06-06,0.917,0.06300000000000006
1953,2008-06-13,1.028,0.11099999999999999
1954,2008-06-20,1.164,0.1359999999999999
1955,2008-06-27,1.276,0.1120000000000001
1956,2008-07-04,1.315,0.038999999999999924
1957,2008-07-11,1.286,-0.028999999999999915
1958,2008-07-18,1.227,-0.05899999999999994
1959,2008-07-25,1.163,-0.06400000000000006
1960,2008-08-01,1.129,-0.03400000000000003
1961,2008-08-08,1.125,-0.0040000000000000036
1962,2008-08-15,1.124,-0.0009999999999998899
1963,2008-08-22,1.142,0.017999999999999794
1964,2008-08-29,1.191,0.049000000000000155
1965,2008-09-05,1.321,0.1299999999999999
1966,2008-09-12,1.581,0.26
1967,2008-09-19,2.006,0.4249999999999998
1968,2008-09-26,2.467,0.4610000000000003
1969,2008-10-03,2.907,0.43999999999999995
1970,2008-10-10,3.224,0.31700000000000017
1971,2008-10-17,3.353,0.129
1972,2008-10-24,3.341,-0.01200000000000001
1973,2008-10-31,3.324,-0.017000000000000348
1974,2008-11-07,3.36,0.03600000000000003
1975,2008-11-14,3.505,0.14500000000000002
1976,2008-11-21,3.733,0.2280000000000002
1977,2008-11-28,3.887,0.15399999999999991
1978,2008-12-05,3.932,0.04499999999999993
1979,2008-12-12,3.814,-0.11799999999999988
1980,2008-12-19,3.562,-0.2520000000000002
1981,2008-12-26,3.279,-0.2829999999999999
1982,2009-01-02,3.064,-0.21499999999999986
1983,2009-01-09,2.913,-0.15100000000000025
1984,2009-01-16,2.826,-0.08699999999999974
1985,2009-01-23,2.763,-0.06300000000000017
1986,2009-01-30,2.693,-0.06999999999999984
1987,2009-02-06,2.634,-0.05900000000000016
1988,2009-02-13,2.624,-0.009999999999999787
1989,2009-02-20,2.674,0.04999999999999982
1990,2009-02-27,2.77,0.09600000000000009
1991,2009-03-06,2.869,0.0990000000000002
1992,2009-03-13,2.886,0.016999999999999904
1993,2009-03-20,2.807,-0.07900000000000018
1994,2009-03-27,2.642,-0.16500000000000004
1995,2009-04-03,2.44,-0.20199999999999996
1996,2009-04-10,2.242,-0.19799999999999995
1997,2009-04-17,2.084,-0.15799999999999992
1998,2009-04-24,1.959,-0.125
1999,2009-05-01,1.834,-0.125
2000,2009-05-08,1.692,-0.14200000000000013
2001,2009-05-15,1.541,-0.15100000000000002
2002,2009-05-22,1.396,-0.14500000000000002
2003,2009-05-29,1.301,-0.09499999999999997
2004,2009-06-05,1.261,-0.040000000000000036
2005,2009-06-12,1.268,0.007000000000000117
2006,2009-06-19,1.296,0.028000000000000025
2007,2009-06-26,1.29,-0.006000000000000005
2008,2009-07-03,1.233,-0.05699999999999994
2009,2009-07-10,1.125,-0.1080000000000001
2010,2009-07-17,0.986,-0.139
2011,2009-07-24,0.849,-0.137
2012,2009-07-31,0.744,-0.10499999999999998
2013,2009-08-07,0.679,-0.06499999999999995
2014,2009-08-14,0.642,-0.03700000000000003
2015,2009-08-21,0.613,-0.029000000000000026
2016,2009-08-28,0.572,-0.041000000000000036
2017,2009-09-04,0.52,-0.051999999999999935
2018,2009-09-11,0.461,-0.059
2019,2009-09-18,0.407,-0.05400000000000005
2020,2009-09-25,0.37,-0.03699999999999998
2021,2009-10-02,0.355,-0.015000000000000013
2022,2009-10-09,0.344,-0.01100000000000001
2023,2009-10-16,0.33,-0.013999999999999957
2024,2009-10-23,0.308,-0.02200000000000002
2025,2009-10-30,0.284,-0.02400000000000002
2026,2009-11-06,0.257,-0.02699999999999997
2027,2009-11-13,0.235,-0.02200000000000002
2028,2009-11-20,0.219,-0.015999999999999986
2029,2009-11-27,0.201,-0.017999999999999988
2030,2009-12-04,0.169,-0.032
2031,2009-12-11,0.118,-0.05100000000000002
2032,2009-12-18,0.052,-0.066
2033,2009-12-25,-0.015,-0.067
2034,2010-01-01,-0.067,-0.052000000000000005
2035,2010-01-08,-0.094,-0.026999999999999996
2036,2010-01-15,-0.088,0.006000000000000005
2037,2010-01-22,-0.058,0.029999999999999992
2038,2010-01-29,-0.029,0.029
2039,2010-02-05,-0.013,0.016
2040,2010-02-12,-0.022,-0.009
2041,2010-02-19,-0.058,-0.036000000000000004
2042,2010-02-26,-0.107,-0.048999999999999995
2043,2010-03-05,-0.161,-0.054000000000000006
2044,2010-03-12,-0.212,-0.05099999999999999
2045,2010-03-19,-0.259,-0.047000000000000014
2046,2010-03-26,-0.306,-0.046999999999999986
2047,2010-04-02,-0.352,-0.045999999999999985
2048,2010-04-09,-0.386,-0.03400000000000003
2049,2010-04-16,-0.392,-0.006000000000000005
2050,2010-04-23,-0.359,0.03300000000000003
2051,2010-04-30,-0.28,0.07899999999999996
2052,2010-05-07,-0.168,0.11200000000000002
2053,2010-05-14,-0.057,0.11100000000000002
2054,2010-05-21,0.04,0.097
2055,2010-05-28,0.099,0.059000000000000004
2056,2010-06-04,0.117,0.018000000000000002
2057,2010-06-11,0.112,-0.0050000000000000044
2058,2010-06-18,0.083,-0.028999999999999998
2059,2010-06-25,0.046,-0.037000000000000005
2060,2010-07-02,0.005,-0.041
2061,2010-07-09,-0.05,-0.055
2062,2010-07-16,-0.11,-0.06
2063,2010-07-23,-0.163,-0.053000000000000005
2064,2010-07-30,-0.2,-0.037000000000000005
2065,2010-08-06,-0.213,-0.012999999999999984
2066,2010-08-13,-0.203,0.009999999999999981
2067,2010-08-20,-0.186,0.017000000000000015
2068,2010-08-27,-0.176,0.010000000000000009
2069,2010-09-03,-0.183,-0.007000000000000006
2070,2010-09-10,-0.209,-0.025999999999999995
2071,2010-09-17,-0.242,-0.033
2072,2010-09-24,-0.271,-0.029000000000000026
2073,2010-10-01,-0.294,-0.022999999999999965
2074,2010-10-08,-0.311,-0.017000000000000015
2075,2010-10-15,-0.329,-0.018000000000000016
2076,2010-10-22,-0.35,-0.020999999999999963
2077,2010-10-29,-0.372,-0.02200000000000002
2078,2010-11-05,-0.386,-0.014000000000000012
2079,2010-11-12,-0.388,-0.0020000000000000018
2080,2010-11-19,-0.384,0.0040000000000000036
2081,2010-11-26,-0.38,0.0040000000000000036
2082,2010-12-03,-0.388,-0.008000000000000007
2083,2010-12-10,-0.414,-0.025999999999999968
2084,2010-12-17,-0.451,-0.03700000000000003
2085,2010-12-24,-0.489,-0.03799999999999998
2086,2010-12-31,-0.521,-0.03200000000000003
2087,2011-01-07,-0.54,-0.019000000000000017
2088,2011-01-14,-0.554,-0.014000000000000012
2089,2011-01-21,-0.571,-0.016999999999999904
2090,2011-01-28,-0.593,-0.02200000000000002
2091,2011-02-04,-0.615,-0.02200000000000002
2092,2011-02-11,-0.628,-0.013000000000000012
2093,2011-02-18,-0.616,0.01200000000000001
2094,2011-02-25,-0.58,0.03600000000000003
2095,2011-03-04,-0.535,0.04499999999999993
2096,2011-03-11,-0.495,0.040000000000000036
2097,2011-03-18,-0.475,0.020000000000000018
2098,2011-03-25,-0.486,-0.01100000000000001
2099,2011-04-01,-0.513,-0.027000000000000024
2100,2011-04-08,-0.543,-0.030000000000000027
2101,2011-04-15,-0.563,-0.019999999999999907
2102,2011-04-22,-0.567,-0.0040000000000000036
2103,2011-04-29,-0.566,0.0010000000000000009
2104,2011-05-06,-0.568,-0.0020000000000000018
2105,2011-05-13,-0.575,-0.007000000000000006
2106,2011-05-20,-0.585,-0.010000000000000009
2107,2011-05-27,-0.588,-0.0030000000000000027
2108,2011-06-03,-0.578,0.010000000000000009
2109,2011-06-10,-0.553,0.02499999999999991
2110,2011-06-17,-0.531,0.02200000000000002
2111,2011-06-24,-0.522,0.009000000000000008
2112,2011-07-01,-0.533,-0.01100000000000001
2113,2011-07-08,-0.551,-0.018000000000000016
2114,2011-07-15,-0.551,0.0
2115,2011-07-22,-0.517,0.03400000000000003
2116,2011-07-29,-0.441,0.07600000000000001
2117,2011-08-05,-0.333,0.10799999999999998
2118,2011-08-12,-0.22,0.11300000000000002
2119,2011-08-19,-0.135,0.08499999999999999
2120,2011-08-26,-0.074,0.06100000000000001
2121,2011-09-02,-0.04,0.033999999999999996
2122,2011-09-09,-0.011,0.029
2123,2011-09-16,0.016,0.027
2124,2011-09-23,0.042,0.026000000000000002
2125,2011-09-30,0.047,0.0049999999999999975
2126,2011-10-07,0.023,-0.024
2127,2011-10-14,-0.031,-0.054
2128,2011-10-21,-0.088,-0.056999999999999995
2129,2011-10-28,-0.128,-0.04000000000000001
2130,2011-11-04,-0.131,-0.0030000000000000027
2131,2011-11-11,-0.104,0.02700000000000001
2132,2011-11-18,-0.062,0.041999999999999996
2133,2011-11-25,-0.027,0.035
2134,2011-12-02,-0.023,0.004
2135,2011-12-09,-0.038,-0.015
2136,2011-12-16,-0.063,-0.025
2137,2011-12-23,-0.093,-0.03
2138,2011-12-30,-0.125,-0.032
2139,2012-01-06,-0.163,-0.038000000000000006
2140,2012-01-13,-0.215,-0.05199999999999999
2141,2012-01-20,-0.278,-0.06300000000000003
2142,2012-01-27,-0.34,-0.062
2143,2012-02-03,-0.383,-0.04299999999999998
2144,2012-02-10,-0.405,-0.02200000000000002
2145,2012-02-17,-0.408,-0.002999999999999947
2146,2012-02-24,-0.407,0.0010000000000000009
2147,2012-03-02,-0.416,-0.009000000000000008
2148,2012-03-09,-0.433,-0.017000000000000015
2149,2012-03-16,-0.455,-0.02200000000000002
2150,2012-03-23,-0.468,-0.013000000000000012
2151,2012-03-30,-0.461,0.007000000000000006
2152,2012-04-06,-0.439,0.02200000000000002
2153,2012-04-13,-0.41,0.029000000000000026
2154,2012-04-20,-0.385,0.024999999999999967
2155,2012-04-27,-0.362,0.02300000000000002
2156,2012-05-04,-0.337,0.024999999999999967
2157,2012-05-11,-0.3,0.03700000000000003
2158,2012-05-18,-0.25,0.04999999999999999
2159,2012-05-25,-0.201,0.04899999999999999
2160,2012-06-01,-0.163,0.038000000000000006
2161,2012-06-08,-0.15,0.013000000000000012
2162,2012-06-15,-0.167,-0.017000000000000015
2163,2012-06-22,-0.205,-0.03799999999999998
2164,2012-06-29,-0.246,-0.04100000000000001
2165,2012-07-06,-0.283,-0.03699999999999998
2166,2012-07-13,-0.305,-0.02200000000000002
2167,2012-07-20,-0.322,-0.017000000000000015
2168,2012-07-27,-0.336,-0.014000000000000012
2169,2012-08-03,-0.357,-0.020999999999999963
2170,2012-08-10,-0.383,-0.026000000000000023
2171,2012-08-17,-0.412,-0.02899999999999997
2172,2012-08-24,-0.438,-0.026000000000000023
2173,2012-08-31,-0.46,-0.02200000000000002
2174,2012-09-07,-0.481,-0.020999999999999963
2175,2012-09-14,-0.505,-0.02400000000000002
2176,2012-09-21,-0.532,-0.027000000000000024
2177,2012-09-28,-0.559,-0.027000000000000024
2178,2012-10-05,-0.584,-0.02499999999999991
2179,2012-10-12,-0.598,-0.014000000000000012
2180,2012-10-19,-0.603,-0.0050000000000000044
2181,2012-10-26,-0.595,0.008000000000000007
2182,2012-11-02,-0.586,0.009000000000000008
2183,2012-11-09,-0.579,0.007000000000000006
2184,2012-11-16,-0.577,0.0020000000000000018
2185,2012-11-23,-0.584,-0.007000000000000006
2186,2012-11-30,-0.592,-0.008000000000000007
2187,2012-12-07,-0.6,-0.008000000000000007
2188,2012-12-14,-0.608,-0.008000000000000007
2189,2012-12-21,-0.616,-0.008000000000000007
2190,2012-12-28,-0.624,-0.008000000000000007
2191,2013-01-04,-0.639,-0.015000000000000013
2192,2013-01-11,-0.652,-0.013000000000000012
2193,2013-01-18,-0.661,-0.009000000000000008
2194,2013-01-25,-0.665,-0.0040000000000000036
2195,2013-02-01,-0.662,0.0030000000000000027
2196,2013-02-08,-0.658,0.0040000000000000036
2197,2013-02-15,-0.66,-0.0020000000000000018
2198,2013-02-22,-0.67,-0.010000000000000009
2199,2013-03-01,-0.685,-0.015000000000000013
2200,2013-03-08,-0.707,-0.02199999999999991
2201,2013-03-15,-0.726,-0.019000000000000017
2202,2013-03-22,-0.739,-0.013000000000000012
2203,2013-03-29,-0.748,-0.009000000000000008
2204,2013-04-05,-0.756,-0.008000000000000007
2205,2013-04-12,-0.767,-0.01100000000000001
2206,2013-04-19,-0.78,-0.013000000000000012
2207,2013-04-26,-0.798,-0.018000000000000016
2208,2013-05-03,-0.814,-0.015999999999999903
2209,2013-05-10,-0.825,-0.01100000000000001
2210,2013-05-17,-0.823,0.0020000000000000018
2211,2013-05-24,-0.806,0.016999999999999904
2212,2013-05-31,-0.776,0.030000000000000027
2213,2013-06-07,-0.737,0.039000000000000035
2214,2013-06-14,-0.698,0.039000000000000035
2215,2013-06-21,-0.669,0.028999999999999915
2216,2013-06-28,-0.658,0.01100000000000001
2217,2013-07-05,-0.665,-0.007000000000000006
2218,2013-07-12,-0.687,-0.02200000000000002
2219,2013-07-19,-0.716,-0.028999999999999915
2220,2013-07-26,-0.742,-0.026000000000000023
2221,2013-08-02,-0.756,-0.014000000000000012
2222,2013-08-09,-0.759,-0.0030000000000000027
2223,2013-08-16,-0.753,0.006000000000000005
2224,2013-08-23,-0.744,0.009000000000000008
2225,2013-08-30,-0.739,0.0050000000000000044
2226,2013-09-06,-0.74,-0.0010000000000000009
2227,2013-09-13,-0.746,-0.006000000000000005
2228,2013-09-20,-0.754,-0.008000000000000007
2229,2013-09-27,-0.76,-0.006000000000000005
2230,2013-10-04,-0.764,-0.0040000000000000036
2231,2013-10-11,-0.772,-0.008000000000000007
2232,2013-10-18,-0.786,-0.014000000000000012
2233,2013-10-25,-0.804,-0.018000000000000016
2234,2013-11-01,-0.824,-0.019999999999999907
2235,2013-11-08,-0.843,-0.019000000000000017
2236,2013-11-15,-0.856,-0.013000000000000012
2237,2013-11-22,-0.864,-0.008000000000000007
2238,2013-11-29,-0.869,-0.0050000000000000044
2239,2013-12-06,-0.876,-0.007000000000000006
2240,2013-12-13,-0.886,-0.010000000000000009
2241,2013-12-20,-0.9,-0.014000000000000012
2242,2013-12-27,-0.912,-0.01200000000000001
2243,2014-01-03,-0.915,-0.0030000000000000027
2244,2014-01-10,-0.909,0.006000000000000005
2245,2014-01-17,-0.896,0.013000000000000012
2246,2014-01-24,-0.881,0.015000000000000013
2247,2014-01-31,-0.873,0.008000000000000007
2248,2014-02-07,-0.875,-0.0020000000000000018
2249,2014-02-14,-0.883,-0.008000000000000007
2250,2014-02-21,-0.891,-0.008000000000000007
2251,2014-02-28,-0.893,-0.0020000000000000018
2252,2014-03-07,-0.883,0.010000000000000009
2253,2014-03-14,-0.866,0.017000000000000015
2254,2014-03-21,-0.849,0.017000000000000015
2255,2014-03-28,-0.833,0.016000000000000014
2256,2014-04-04,-0.825,0.008000000000000007
2257,2014-04-11,-0.819,0.006000000000000005
2258,2014-04-18,-0.812,0.006999999999999895
2259,2014-04-25,-0.804,0.008000000000000007
2260,2014-05-02,-0.795,0.009000000000000008
2261,2014-05-09,-0.788,0.007000000000000006
2262,2014-05-16,-0.788,0.0
2263,2014-05-23,-0.797,-0.009000000000000008
2264,2014-05-30,-0.811,-0.014000000000000012
2265,2014-06-06,-0.823,-0.0119999999999999
2266,2014-06-13,-0.831,-0.008000000000000007
2267,2014-06-20,-0.829,0.0020000000000000018
2268,2014-06-27,-0.821,0.008000000000000007
2269,2014-07-04,-0.807,0.013999999999999901
2270,2014-07-11,-0.792,0.015000000000000013
2271,2014-07-18,-0.779,0.013000000000000012
2272,2014-07-25,-0.768,0.01100000000000001
2273,2014-08-01,-0.761,0.007000000000000006
2274,2014-08-08,-0.762,-0.0010000000000000009
2275,2014-08-15,-0.769,-0.007000000000000006
2276,2014-08-22,-0.779,-0.010000000000000009
2277,2014-08-29,-0.789,-0.010000000000000009
2278,2014-09-05,-0.796,-0.007000000000000006
2279,2014-09-12,-0.793,0.0030000000000000027
2280,2014-09-19,-0.78,0.013000000000000012
2281,2014-09-26,-0.76,0.020000000000000018
2282,2014-10-03,-0.739,0.02100000000000002
2283,2014-10-10,-0.725,0.014000000000000012
2284,2014-10-17,-0.719,0.006000000000000005
2285,2014-10-24,-0.726,-0.007000000000000006
2286,2014-10-31,-0.74,-0.014000000000000012
2287,2014-11-07,-0.756,-0.016000000000000014
2288,2014-11-14,-0.766,-0.010000000000000009
2289,2014-11-21,-0.763,0.0030000000000000027
2290,2014-11-28,-0.751,0.01200000000000001
2291,2014-12-05,-0.731,0.020000000000000018
2292,2014-12-12,-0.706,0.025000000000000022
2293,2014-12-19,-0.682,0.02399999999999991
2294,2014-12-26,-0.663,0.019000000000000017
2295,2015-01-02,-0.646,0.017000000000000015
2296,2015-01-09,-0.629,0.017000000000000015
2297,2015-01-16,-0.612,0.017000000000000015
2298,2015-01-23,-0.599,0.013000000000000012
2299,2015-01-30,-0.591,0.008000000000000007
2300,2015-02-06,-0.591,0.0
2301,2015-02-13,-0.599,-0.008000000000000007
2302,2015-02-20,-0.61,-0.01100000000000001
2303,2015-02-27,-0.62,-0.010000000000000009
2304,2015-03-06,-0.623,-0.0030000000000000027
2305,2015-03-13,-0.621,0.0020000000000000018
2306,2015-03-20,-0.618,0.0030000000000000027
2307,2015-03-27,-0.617,0.0010000000000000009
2308,2015-04-03,-0.619,-0.0020000000000000018
2309,2015-04-10,-0.623,-0.0040000000000000036
2310,2015-04-17,-0.624,-0.0010000000000000009
2311,2015-04-24,-0.621,0.0030000000000000027
2312,2015-05-01,-0.612,0.009000000000000008
2313,2015-05-08,-0.601,0.01100000000000001
2314,2015-05-15,-0.594,0.007000000000000006
2315,2015-05-22,-0.593,0.0010000000000000009
2316,2015-05-29,-0.594,-0.0010000000000000009
2317,2015-06-05,-0.594,0.0
2318,2015-06-12,-0.589,0.0050000000000000044
2319,2015-06-19,-0.577,0.01200000000000001
2320,2015-06-26,-0.563,0.014000000000000012
2321,2015-07-03,-0.546,0.016999999999999904
2322,2015-07-10,-0.536,0.010000000000000009
2323,2015-07-17,-0.532,0.0040000000000000036
2324,2015-07-24,-0.525,0.007000000000000006
2325,2015-07-31,-0.511,0.014000000000000012
2326,2015-08-07,-0.488,0.02300000000000002
2327,2015-08-14,-0.459,0.02899999999999997
2328,2015-08-21,-0.426,0.03300000000000003
2329,2015-08-28,-0.399,0.02699999999999997
2330,2015-09-04,-0.384,0.015000000000000013
2331,2015-09-11,-0.38,0.0040000000000000036
2332,2015-09-18,-0.383,-0.0030000000000000027
2333,2015-09-25,-0.392,-0.009000000000000008
2334,2015-10-02,-0.402,-0.010000000000000009
2335,2015-10-09,-0.418,-0.01599999999999996
2336,2015-10-16,-0.433,-0.015000000000000013
2337,2015-10-23,-0.447,-0.014000000000000012
2338,2015-10-30,-0.462,-0.015000000000000013
2339,2015-11-06,-0.471,-0.008999999999999952
2340,2015-11-13,-0.471,0.0
2341,2015-11-20,-0.461,0.009999999999999953
2342,2015-11-27,-0.442,0.019000000000000017
2343,2015-12-04,-0.413,0.029000000000000026
2344,2015-12-11,-0.379,0.033999999999999975
2345,2015-12-18,-0.348,0.031000000000000028
2346,2015-12-25,-0.322,0.025999999999999968
2347,2016-01-01,-0.305,0.017000000000000015
2348,2016-01-08,-0.293,0.01200000000000001
2349,2016-01-15,-0.281,0.011999999999999955
2350,2016-01-22,-0.267,0.014000000000000012
2351,2016-01-29,-0.253,0.014000000000000012
2352,2016-02-05,-0.237,0.016000000000000014
2353,2016-02-12,-0.226,0.010999999999999982
2354,2016-02-19,-0.231,-0.0050000000000000044
2355,2016-02-26,-0.246,-0.014999999999999986
2356,2016-03-04,-0.266,-0.020000000000000018
2357,2016-03-11,-0.286,-0.019999999999999962
2358,2016-03-18,-0.299,-0.013000000000000012
2359,2016-03-25,-0.3,-0.0010000000000000009
2360,2016-04-01,-0.293,0.007000000000000006
2361,2016-04-08,-0.281,0.011999999999999955
2362,2016-04-15,-0.272,0.009000000000000008
2363,2016-04-22,-0.266,0.006000000000000005
2364,2016-04-29,-0.263,0.0030000000000000027
2365,2016-05-06,-0.261,0.0020000000000000018
2366,2016-05-13,-0.26,0.0010000000000000009
2367,2016-05-20,-0.256,0.0040000000000000036
2368,2016-05-27,-0.25,0.006000000000000005
2369,2016-06-03,-0.242,0.008000000000000007
2370,2016-06-10,-0.234,0.00799999999999998
2371,2016-06-17,-0.224,0.010000000000000009
2372,2016-06-24,-0.219,0.0050000000000000044
2373,2016-07-01,-0.217,0.0020000000000000018
2374,2016-07-08,-0.222,-0.0050000000000000044
2375,2016-07-15,-0.233,-0.01100000000000001
2376,2016-07-22,-0.244,-0.010999999999999982
2377,2016-07-29,-0.255,-0.01100000000000001
2378,2016-08-05,-0.261,-0.006000000000000005
2379,2016-08-12,-0.26,0.0010000000000000009
2380,2016-08-19,-0.252,0.008000000000000007
2381,2016-08-26,-0.239,0.013000000000000012
2382,2016-09-02,-0.224,0.014999999999999986
2383,2016-09-09,-0.213,0.01100000000000001
2384,2016-09-16,-0.208,0.0050000000000000044
2385,2016-09-23,-0.209,-0.0010000000000000009
2386,2016-09-30,-0.218,-0.009000000000000008
2387,2016-10-07,-0.233,-0.015000000000000013
2388,2016-10-14,-0.25,-0.016999999999999987
2389,2016-10-21,-0.27,-0.020000000000000018
2390,2016-10-28,-0.295,-0.024999999999999967
2391,2016-11-04,-0.322,-0.027000000000000024
2392,2016-11-11,-0.351,-0.02899999999999997
2393,2016-11-18,-0.376,-0.025000000000000022
2394,2016-11-25,-0.395,-0.019000000000000017
2395,2016-12-02,-0.405,-0.010000000000000009
2396,2016-12-09,-0.408,-0.002999999999999947
2397,2016-12-16,-0.405,0.002999999999999947
2398,2016-12-23,-0.399,0.006000000000000005
2399,2016-12-30,-0.395,0.0040000000000000036
2400,2017-01-06,-0.39,0.0050000000000000044
2401,2017-01-13,-0.386,0.0040000000000000036
2402,2017-01-20,-0.382,0.0040000000000000036
2403,2017-01-27,-0.38,0.0020000000000000018
2404,2017-02-03,-0.379,0.0010000000000000009
2405,2017-02-10,-0.382,-0.0030000000000000027
2406,2017-02-17,-0.386,-0.0040000000000000036
2407,2017-02-24,-0.389,-0.0030000000000000027
2408,2017-03-03,-0.394,-0.0050000000000000044
2409,2017-03-10,-0.396,-0.0020000000000000018
2410,2017-03-17,-0.397,-0.0010000000000000009
2411,2017-03-24,-0.398,-0.0010000000000000009
2412,2017-03-31,-0.403,-0.0050000000000000044
2413,2017-04-07,-0.409,-0.00599999999999995
2414,2017-04-14,-0.418,-0.009000000000000008
2415,2017-04-21,-0.426,-0.008000000000000007
2416,2017-04-28,-0.436,-0.010000000000000009
2417,2017-05-05,-0.447,-0.01100000000000001
2418,2017-05-12,-0.458,-0.01100000000000001
2419,2017-05-19,-0.47,-0.011999999999999955
2420,2017-05-26,-0.484,-0.014000000000000012
2421,2017-06-02,-0.493,-0.009000000000000008
2422,2017-06-09,-0.498,-0.0050000000000000044
2423,2017-06-16,-0.501,-0.0030000000000000027
2424,2017-06-23,-0.503,-0.0020000000000000018
2425,2017-06-30,-0.51,-0.007000000000000006
2426,2017-07-07,-0.521,-0.01100000000000001
2427,2017-07-14,-0.534,-0.013000000000000012
2428,2017-07-21,-0.544,-0.010000000000000009
2429,2017-07-28,-0.544,0.0
2430,2017-08-04,-0.532,0.01200000000000001
2431,2017-08-11,-0.513,0.019000000000000017
2432,2017-08-18,-0.492,0.02100000000000002
2433,2017-08-25,-0.477,0.015000000000000013
2434,2017-09-01,-0.47,0.007000000000000006
2435,2017-09-08,-0.471,-0.0010000000000000009
2436,2017-09-15,-0.479,-0.008000000000000007
2437,2017-09-22,-0.49,-0.01100000000000001
2438,2017-09-29,-0.502,-0.01200000000000001
2439,2017-10-06,-0.517,-0.015000000000000013
2440,2017-10-13,-0.534,-0.017000000000000015
2441,2017-10-20,-0.553,-0.019000000000000017
2442,2017-10-27,-0.571,-0.017999999999999905
2443,2017-11-03,-0.588,-0.017000000000000015
2444,2017-11-10,-0.601,-0.013000000000000012
2445,2017-11-17,-0.608,-0.007000000000000006
2446,2017-11-24,-0.611,-0.0030000000000000027
2447,2017-12-01,-0.612,-0.0010000000000000009
2448,2017-12-08,-0.612,0.0
2449,2017-12-15,-0.615,-0.0030000000000000027
2450,2017-12-22,-0.621,-0.006000000000000005
2451,2017-12-29,-0.629,-0.008000000000000007
2452,2018-01-05,-0.636,-0.007000000000000006
2453,2018-01-12,-0.635,0.0010000000000000009
2454,2018-01-19,-0.626,0.009000000000000008
2455,2018-01-26,-0.609,0.017000000000000015
2456,2018-02-02,-0.585,0.02400000000000002
2457,2018-02-09,-0.559,0.025999999999999912
2458,2018-02-16,-0.54,0.019000000000000017
2459,2018-02-23,-0.523,0.017000000000000015
2460,2018-03-02,-0.507,0.016000000000000014
2461,2018-03-09,-0.49,0.017000000000000015
2462,2018-03-16,-0.472,0.018000000000000016
2463,2018-03-23,-0.454,0.01799999999999996
2464,2018-03-30,-0.443,0.01100000000000001
2465,2018-04-06,-0.441,0.0020000000000000018
2466,2018-04-13,-0.452,-0.01100000000000001
2467,2018-04-20,-0.472,-0.019999999999999962
2468,2018-04-27,-0.493,-0.02100000000000002
2469,2018-05-04,-0.511,-0.018000000000000016
2470,2018-05-11,-0.522,-0.01100000000000001
2471,2018-05-18,-0.527,-0.0050000000000000044
2472,2018-05-25,-0.526,0.0010000000000000009
2473,2018-06-01,-0.52,0.006000000000000005
2474,2018-06-08,-0.515,0.0050000000000000044
2475,2018-06-15,-0.508,0.007000000000000006
2476,2018-06-22,-0.502,0.006000000000000005
2477,2018-06-29,-0.499,0.0030000000000000027
2478,2018-07-06,-0.503,-0.0040000000000000036
2479,2018-07-13,-0.514,-0.01100000000000001
2480,2018-07-20,-0.531,-0.017000000000000015
2481,2018-07-27,-0.552,-0.02100000000000002
2482,2018-08-03,-0.572,-0.019999999999999907
2483,2018-08-10,-0.587,-0.015000000000000013
2484,2018-08-17,-0.595,-0.008000000000000007
2485,2018-08-24,-0.599,-0.0040000000000000036
2486,2018-08-31,-0.603,-0.0040000000000000036
2487,2018-09-07,-0.609,-0.006000000000000005
2488,2018-09-14,-0.617,-0.008000000000000007
2489,2018-09-21,-0.623,-0.006000000000000005
2490,2018-09-28,-0.624,-0.0010000000000000009
2491,2018-10-05,-0.618,0.006000000000000005
2492,2018-10-12,-0.605,0.013000000000000012
2493,2018-10-19,-0.591,0.014000000000000012
2494,2018-10-26,-0.578,0.013000000000000012
2495,2018-11-02,-0.569,0.009000000000000008
2496,2018-11-09,-0.562,0.006999999999999895
2497,2018-11-16,-0.547,0.015000000000000013
2498,2018-11-23,-0.522,0.025000000000000022
2499,2018-11-30,-0.491,0.031000000000000028
2500,2018-12-07,-0.457,0.033999999999999975
2501,2018-12-14,-0.432,0.025000000000000022
2502,2018-12-21,-0.421,0.01100000000000001
2503,2018-12-28,-0.426,-0.0050000000000000044
2504,2019-01-04,-0.444,-0.018000000000000016
2505,2019-01-11,-0.466,-0.02200000000000002
2506,2019-01-18,-0.487,-0.020999999999999963
2507,2019-01-25,-0.506,-0.019000000000000017
2508,2019-02-01,-0.524,-0.018000000000000016
2509,2019-02-08,-0.542,-0.018000000000000016
2510,2019-02-15,-0.562,-0.020000000000000018
2511,2019-02-22,-0.58,-0.017999999999999905
2512,2019-03-01,-0.593,-0.013000000000000012
2513,2019-03-08,-0.597,-0.0040000000000000036
2514,2019-03-15,-0.595,0.0020000000000000018
2515,2019-03-22,-0.592,0.0030000000000000027
2516,2019-03-29,-0.592,0.0
2517,2019-04-05,-0.598,-0.006000000000000005
2518,2019-04-12,-0.608,-0.010000000000000009
2519,2019-04-19,-0.618,-0.010000000000000009
2520,2019-04-26,-0.621,-0.0030000000000000027
2521,2019-05-03,-0.619,0.0020000000000000018
2522,2019-05-10,-0.61,0.009000000000000008
2523,2019-05-17,-0.6,0.010000000000000009
2524,2019-05-24,-0.593,0.007000000000000006
2525,2019-05-31,-0.588,0.0050000000000000044
2526,2019-06-07,-0.586,0.0020000000000000018
2527,2019-06-14,-0.585,0.0010000000000000009
2528,2019-06-21,-0.583,0.0020000000000000018
2529,2019-06-28,-0.582,0.0010000000000000009
2530,2019-07-05,-0.585,-0.0030000000000000027
2531,2019-07-12,-0.589,-0.0040000000000000036
2532,2019-07-19,-0.591,-0.0020000000000000018
2533,2019-07-26,-0.59,0.0010000000000000009
2534,2019-08-02,-0.58,0.010000000000000009
2535,2019-08-09,-0.565,0.015000000000000013
2536,2019-08-16,-0.547,0.017999999999999905
2537,2019-08-23,-0.538,0.009000000000000008
2538,2019-08-30,-0.537,0.0010000000000000009
2539,2019-09-06,-0.548,-0.01100000000000001
2540,2019-09-13,-0.56,-0.01200000000000001
2541,2019-09-20,-0.568,-0.007999999999999896
2542,2019-09-27,-0.567,0.0010000000000000009
2543,2019-10-04,-0.56,0.006999999999999895
2544,2019-10-11,-0.554,0.006000000000000005
2545,2019-10-18,-0.558,-0.0040000000000000036
2546,2019-10-25,-0.576,-0.017999999999999905
2547,2019-11-01,-0.6,-0.02400000000000002
2548,2019-11-08,-0.62,-0.020000000000000018
2549,2019-11-15,-0.626,-0.006000000000000005
2550,2019-11-22,-0.613,0.013000000000000012
2551,2019-11-29,-0.586,0.027000000000000024
2552,2019-12-06,-0.558,0.027999999999999914
2553,2019-12-13,-0.543,0.015000000000000013
2554,2019-12-20,-0.544,-0.0010000000000000009
2555,2019-12-27,-0.556,-0.01200000000000001
2556,2020-01-03,-0.569,-0.0129999999999999
2557,2020-01-10,-0.576,-0.007000000000000006
2558,2020-01-17,-0.58,-0.0040000000000000036
2559,2020-01-24,-0.588,-0.008000000000000007
2560,2020-01-31,-0.604,-0.016000000000000014
2561,2020-02-07,-0.622,-0.018000000000000016
2562,2020-02-14,-0.615,0.007000000000000006
2563,2020-02-21,-0.545,0.06999999999999995
2564,2020-02-28,-0.391,0.15400000000000003
2565,2020-03-06,-0.172,0.21900000000000003
2566,2020-03-13,0.08,0.252
2567,2020-03-20,0.306,0.22599999999999998
2568,2020-03-27,0.443,0.137
2569,2020-04-03,0.483,0.03999999999999998
2570,2020-04-10,0.435,-0.04799999999999999
2571,2020-04-17,0.337,-0.09799999999999998
2572,2020-04-24,0.23,-0.10700000000000001
2573,2020-05-01,0.123,-0.10700000000000001
2574,2020-05-08,0.018,-0.105
2575,2020-05-15,-0.087,-0.105
2576,2020-05-22,-0.202,-0.11500000000000002
2577,2020-05-29,-0.315,-0.11299999999999999
2578,2020-06-05,-0.407,-0.09199999999999997
2579,2020-06-12,-0.459,-0.052000000000000046
2580,2020-06-19,-0.477,-0.01799999999999996
2581,2020-06-26,-0.474,0.0030000000000000027
2582,2020-07-03,-0.471,0.0030000000000000027
2583,2020-07-10,-0.483,-0.01200000000000001
2584,2020-07-17,-0.507,-0.02400000000000002
2585,2020-07-24,-0.537,-0.030000000000000027
2586,2020-07-31,-0.557,-0.020000000000000018
2587,2020-08-07,-0.562,-0.0050000000000000044
2588,2020-08-14,-0.563,-0.0009999999999998899
2589,2020-08-21,-0.572,-0.009000000000000008
2590,2020-08-28,-0.597,-0.025000000000000022
2591,2020-09-04,-0.635,-0.038000000000000034
2592,2020-09-11,-0.668,-0.03300000000000003
2593,2020-09-18,-0.683,-0.015000000000000013
2594,2020-09-25,-0.669,0.014000000000000012
2595,2020-10-02,-0.631,0.038000000000000034
2596,2020-10-09,-0.58,0.051000000000000045
2597,2020-10-16,-0.538,0.041999999999999926
2598,2020-10-23,-0.513,0.025000000000000022
2599,2020-10-30,-0.504,0.009000000000000008
2600,2020-11-06,-0.505,-0.0010000000000000009
2601,2020-11-13,-0.509,-0.0040000000000000036
2602,2020-11-20,-0.507,0.0020000000000000018
2603,2020-11-27,-0.501,0.006000000000000005
2604,2020-12-04,-0.495,0.006000000000000005
2605,2020-12-11,-0.495,0.0
2606,2020-12-18,-0.499,-0.0040000000000000036
2607,2020-12-25,-0.504,-0.0050000000000000044
2608,2021-01-01,-0.507,-0.0030000000000000027
2609,2021-01-08,-0.506,0.0010000000000000009
2610,2021-01-15,-0.505,0.0010000000000000009
2611,2021-01-22,-0.507,-0.0020000000000000018
2612,2021-01-29,-0.514,-0.007000000000000006
2613,2021-02-05,-0.532,-0.018000000000000016
2614,2021-02-12,-0.548,-0.016000000000000014
2615,2021-02-19,-0.561,-0.013000000000000012
2616,2021-02-26,-0.566,-0.004999999999999893
2617,2021-03-05,-0.565,0.0010000000000000009
2618,2021-03-12,-0.561,0.0039999999999998925
2619,2021-03-19,-0.558,0.0030000000000000027
2620,2021-03-26,-0.56,-0.0020000000000000018
2621,2021-04-02,-0.565,-0.004999999999999893
2622,2021-04-09,-0.569,-0.0040000000000000036
2623,2021-04-16,-0.569,0.0
2624,2021-04-23,-0.564,0.0050000000000000044
2625,2021-04-30,-0.558,0.005999999999999894
2626,2021-05-07,-0.555,0.0030000000000000027
2627,2021-05-14,-0.555,0.0
2628,2021-05-21,-0.562,-0.007000000000000006
2629,2021-05-28,-0.572,-0.009999999999999898
2630,2021-06-04,-0.582,-0.010000000000000009
2631,2021-06-11,-0.587,-0.0050000000000000044
2632,2021-06-18,-0.589,-0.0020000000000000018
2633,2021-06-25,-0.591,-0.0020000000000000018
2634,2021-07-02,-0.593,-0.0020000000000000018
2635,2021-07-09,-0.598,-0.0050000000000000044
2636,2021-07-16,-0.603,-0.0050000000000000044
2637,2021-07-23,-0.605,-0.0020000000000000018
2638,2021-07-30,-0.603,0.0020000000000000018
2639,2021-08-06,-0.6,0.0030000000000000027
2640,2021-08-13,-0.601,-0.0010000000000000009
2641,2021-08-20,-0.608,-0.007000000000000006
2642,2021-08-27,-0.625,-0.017000000000000015
2643,2021-09-03,-0.646,-0.02100000000000002
2644,2021-09-10,-0.664,-0.018000000000000016
2645,2021-09-17,-0.674,-0.010000000000000009
2646,2021-09-24,-0.673,0.0010000000000000009
2647,2021-10-01,-0.666,0.007000000000000006
2648,2021-10-08,-0.657,0.009000000000000008
2649,2021-10-15,-0.649,0.008000000000000007
2650,2021-10-22,-0.642,0.007000000000000006
2651,2021-10-29,-0.631,0.01100000000000001
2652,2021-11-05,-0.611,0.020000000000000018
2653,2021-11-12,-0.582,0.029000000000000026
2654,2021-11-19,-0.549,0.03299999999999992
2655,2021-11-26,-0.519,0.030000000000000027
2656,2021-12-03,-0.503,0.016000000000000014
2657,2021-12-10,-0.505,-0.0020000000000000018
2658,2021-12-17,-0.52,-0.015000000000000013
2659,2021-12-24,-0.538,-0.018000000000000016
2660,2021-12-31,-0.55,-0.01200000000000001
2661,2022-01-07,-0.553,-0.0030000000000000027
2662,2022-01-14,-0.546,0.007000000000000006
2663,2022-01-21,-0.535,0.01100000000000001
2664,2022-01-28,-0.522,0.013000000000000012
2665,2022-02-04,-0.506,0.016000000000000014
2666,2022-02-11,-0.477,0.029000000000000026
2667,2022-02-18,-0.431,0.045999999999999985
2668,2022-02-25,-0.373,0.057999999999999996
2669,2022-03-04,-0.311,0.062
2670,2022-03-11,-0.266,0.044999999999999984
2671,2022-03-18,-0.25,0.016000000000000014
2672,2022-03-25,-0.259,-0.009000000000000008
2673,2022-04-01,-0.281,-0.02200000000000002
2674,2022-04-08,-0.295,-0.013999999999999957
2675,2022-04-15,-0.286,0.009000000000000008
2676,2022-04-22,-0.255,0.030999999999999972
2677,2022-04-29,-0.211,0.04400000000000001
2678,2022-05-06,-0.173,0.038000000000000006
2679,2022-05-13,-0.152,0.02099999999999999
2680,2022-05-20,-0.146,0.006000000000000005
2681,2022-05-27,-0.139,0.0069999999999999785
2682,2022-06-03,-0.121,0.018000000000000016
2683,2022-06-10,-0.088,0.033
2684,2022-06-17,-0.049,0.03899999999999999
2685,2022-06-24,-0.023,0.026000000000000002
2686,2022-07-01,-0.028,-0.005000000000000001
2687,2022-07-08,-0.064,-0.036000000000000004
2688,2022-07-15,-0.121,-0.056999999999999995
2689,2022-07-22,-0.179,-0.057999999999999996
2690,2022-07-29,-0.22,-0.04100000000000001
2691,2022-08-05,-0.24,-0.01999999999999999
2692,2022-08-12,-0.243,-0.0030000000000000027
2693,2022-08-19,-0.238,0.0050000000000000044
2694,2022-08-26,-0.23,0.00799999999999998
2695,2022-09-02,-0.22,0.010000000000000009
2696,2022-09-09,-0.204,0.016000000000000014
2697,2022-09-16,-0.173,0.031
2698,2022-09-23,-0.133,0.03999999999999998
2699,2022-09-30,-0.093,0.04000000000000001
2700,2022-10-07,-0.067,0.025999999999999995
2701,2022-10-14,-0.063,0.0040000000000000036
2702,2022-10-21,-0.084,-0.021000000000000005
2703,2022-10-28,-0.117,-0.033
2704,2022-11-04,-0.153,-0.03599999999999999
2705,2022-11-11,-0.18,-0.026999999999999996
2706,2022-11-18,-0.192,-0.01200000000000001
2707,2022-11-25,-0.193,-0.0010000000000000009
2708,2022-12-02,-0.192,0.0010000000000000009
2709,2022-12-09,-0.195,-0.0030000000000000027
2710,2022-12-16,-0.206,-0.010999999999999982
2711,2022-12-23,-0.223,-0.017000000000000015
2712,2022-12-30,-0.244,-0.02099999999999999
2713,2023-01-06,-0.263,-0.019000000000000017
2714,2023-01-13,-0.28,-0.017000000000000015
2715,2023-01-20,-0.293,-0.012999999999999956
2716,2023-01-27,-0.305,-0.01200000000000001
2717,2023-02-03,-0.313,-0.008000000000000007
2718,2023-02-10,-0.313,0.0
2719,2023-02-17,-0.298,0.015000000000000013
2720,2023-02-24,-0.263,0.034999999999999976
2721,2023-03-03,-0.214,0.049000000000000016
2722,2023-03-10,-0.161,0.05299999999999999
2723,2023-03-17,-0.115,0.046
2724,2023-03-24,-0.097,0.018000000000000002
2725,2023-03-31,-0.109,-0.011999999999999997
2726,2023-04-07,-0.137,-0.02800000000000001
2727,2023-04-14,-0.174,-0.03699999999999998
2728,2023-04-21,-0.205,-0.031
2729,2023-04-28,-0.222,-0.017000000000000015
2730,2023-05-05,-0.228,-0.006000000000000005
2731,2023-05-12,-0.229,-0.0010000000000000009
2732,2023-05-19,-0.23,-0.0010000000000000009
2733,2023-05-26,-0.232,-0.0020000000000000018
2734,2023-06-02,-0.234,-0.0020000000000000018
2735,2023-06-09,-0.23,0.0040000000000000036
2736,2023-06-16,-0.225,0.0050000000000000044
2737,2023-06-23,-0.22,0.0050000000000000044
2738,2023-06-30,-0.22,0.0
2739,2023-07-07,-0.227,-0.007000000000000006
2740,2023-07-14,-0.242,-0.014999999999999986
2741,2023-07-21,-0.26,-0.018000000000000016
2742,2023-07-28,-0.274,-0.014000000000000012
2743,2023-08-04,-0.283,-0.008999999999999952
2744,2023-08-11,-0.286,-0.0030000000000000027
2745,2023-08-18,-0.284,0.0020000000000000018
2746,2023-08-25,-0.281,0.002999999999999947
2747,2023-09-01,-0.28,0.0010000000000000009
2748,2023-09-08,-0.277,0.0030000000000000027
2749,2023-09-15,-0.275,0.0020000000000000018
2750,2023-09-22,-0.269,0.006000000000000005
2751,2023-09-29,-0.258,0.01100000000000001
2752,2023-10-06,-0.249,0.009000000000000008
2753,2023-10-13,-0.244,0.0050000000000000044
2754,2023-10-20,-0.248,-0.0040000000000000036
2755,2023-10-27,-0.261,-0.013000000000000012
2756,2023-11-03,-0.284,-0.022999999999999965
2757,2023-11-10,-0.308,-0.02400000000000002
2758,2023-11-17,-0.33,-0.02200000000000002
2759,2023-11-24,-0.347,-0.01699999999999996
2760,2023-12-01,-0.358,-0.01100000000000001
2761,2023-12-08,-0.366,-0.008000000000000007
2762,2023-12-15,-0.376,-0.010000000000000009
2763,2023-12-22,-0.388,-0.01200000000000001
2764,2023-12-29,-0.402,-0.014000000000000012
2765,2024-01-05,-0.417,-0.014999999999999958
2766,2024-01-12,-0.429,-0.01200000000000001
2767,2024-01-19,-0.436,-0.007000000000000006
2768,2024-01-26,-0.44,-0.0040000000000000036
2769,2024-02-02,-0.443,-0.0030000000000000027
2770,2024-02-09,-0.446,-0.0030000000000000027
2771,2024-02-16,-0.452,-0.006000000000000005
2772,2024-02-23,-0.462,-0.010000000000000009
2773,2024-03-01,-0.472,-0.009999999999999953
2774,2024-03-08,-0.481,-0.009000000000000008
2775,2024-03-15,-0.485,-0.0040000000000000036
2776,2024-03-22,-0.484,0.0010000000000000009
2777,2024-03-29,-0.476,0.008000000000000007
2778,2024-04-05,-0.464,0.011999999999999955
2779,2024-04-12,-0.45,0.014000000000000012
2780,2024-04-19,-0.438,0.01200000000000001
2781,2024-04-26,-0.432,0.006000000000000005
2782,2024-05-03,-0.431,0.0010000000000000009
2783,2024-05-10,-0.432,-0.0010000000000000009
2784,2024-05-17,-0.432,0.0
2785,2024-05-24,-0.426,0.006000000000000005
2786,2024-05-31,-0.414,0.01200000000000001
2787,2024-06-07,-0.398,0.01599999999999996
2788,2024-06-14,-0.382,0.016000000000000014
2789,2024-06-21,-0.371,0.01100000000000001
2790,2024-06-28,-0.365,0.006000000000000005
2791,2024-07-05,-0.362,0.0030000000000000027
2792,2024-07-12,-0.359,0.0030000000000000027
2793,2024-07-19,-0.355,0.0040000000000000036
2794,2024-07-26,-0.351,0.0040000000000000036
2795,2024-08-02,-0.351,0.0
2796,2024-08-09,-0.357,-0.006000000000000005
2797,2024-08-16,-0.373,-0.016000000000000014
2798,2024-08-23,-0.394,-0.02100000000000002
2799,2024-08-30,-0.416,-0.021999999999999964
2800,2024-09-06,-0.436,-0.020000000000000018
2801,2024-09-13,-0.452,-0.016000000000000014
2802,2024-09-20,-0.462,-0.010000000000000009
2803,2024-09-27,-0.471,-0.008999999999999952
2804,2024-10-04,-0.479,-0.008000000000000007
2805,2024-10-11,-0.486,-0.007000000000000006
2806,2024-10-18,-0.495,-0.009000000000000008
2807,2024-10-25,-0.504,-0.009000000000000008
2808,2024-11-01,-0.513,-0.009000000000000008
2809,2024-11-08,-0.522,-0.009000000000000008
2810,2024-11-15,-0.529,-0.007000000000000006
2811,2024-11-22,-0.531,-0.0020000000000000018
2812,2024-11-29,-0.53,0.0010000000000000009
2813,2024-12-06,-0.526,0.0040000000000000036
2814,2024-12-13,-0.52,0.006000000000000005
2815,2024-12-20,-0.516,0.0040000000000000036
2816,2024-12-27,-0.518,-0.0020000000000000018
2817,2025-01-03,-0.522,-0.0040000000000000036
2818,2025-01-10,-0.528,-0.006000000000000005
2819,2025-01-17,-0.531,-0.0030000000000000027
2820,2025-01-24,-0.529,0.0020000000000000018
2821,2025-01-31,-0.521,0.008000000000000007
2822,2025-02-07,-0.506,0.015000000000000013
2823,2025-02-14,-0.49,0.016000000000000014
2824,2025-02-21,-0.474,0.016000000000000014
2825,2025-02-28,-0.461,0.012999999999999956
2826,2025-03-07,-0.452,0.009000000000000008
2827,2025-03-14,-0.443,0.009000000000000008
2828,2025-03-21,-0.433,0.010000000000000009
2829,2025-03-28,-0.42,0.013000000000000012
2830,2025-04-04,-0.405,0.014999999999999958
2831,2025-04-11,-0.394,0.01100000000000001
2832,2025-04-18,-0.394,0.0
2833,2025-04-25,-0.405,-0.01100000000000001
2834,2025-05-02,-0.424,-0.01899999999999996
2835,2025-05-09,-0.447,-0.02300000000000002
2836,2025-05-16,-0.467,-0.020000000000000018
2837,2025-05-23,-0.478,-0.010999999999999954
2838,2025-05-30,-0.483,-0.0050000000000000044
2839,2025-06-06,-0.483,0.0
2840,2025-06-13,-0.484,-0.0010000000000000009
2841,2025-06-20,-0.488,-0.0040000000000000036
2842,2025-06-27,-0.494,-0.006000000000000005
2843,2025-07-04,-0.501,-0.007000000000000006
2844,2025-07-11,-0.506,-0.0050000000000000044
2845,2025-07-18,-0.508,-0.0020000000000000018
2846,2025-07-25,-0.509,-0.0010000000000000009
2847,2025-08-01,-0.509,0.0
2848,2025-08-08,-0.511,-0.0020000000000000018
2849,2025-08-15,-0.514,-0.0030000000000000027
2850,2025-08-22,-0.515,-0.0010000000000000009
2851,2025-08-29,-0.517,-0.0020000000000000018
2852,2025-09-05,-0.52,-0.0030000000000000027
2853,2025-09-12,-0.525,-0.0050000000000000044
2854,2025-09-19,-0.531,-0.006000000000000005
2855,2025-09-26,-0.539,-0.008000000000000007
2856,2025-10-03,-0.547,-0.008000000000000007
2857,2025-10-10,-0.552,-0.0050000000000000044
2858,2025-10-17,-0.553,-0.0010000000000000009
2859,2025-10-24,-0.553,0.0
2860,2025-10-31,-0.552,0.0010000000000000009
2861,2025-11-07,-0.553,-0.0010000000000000009
2862,2025-11-14,-0.555,-0.0020000000000000018
2863,2025-11-21,-0.555,0.0
2864,2025-11-28,-0.555,0.0
2865,2025-12-05,-0.554,0.0010000000000000009
2866,2025-12-12,-0.552,0.0020000000000000018
2867,2025-12-19,-0.555,-0.0030000000000000027
2868,2025-12-26,-0.563,-0.007999999999999896
2869,2026-01-02,-0.573,-0.010000000000000009
2870,2026-01-09,-0.582,-0.009000000000000008
2871,2026-01-16,-0.588,-0.006000000000000005
2872,2026-01-23,-0.587,0.0010000000000000009
2873,2026-01-30,-0.581,0.006000000000000005
2874,2026-02-06,-0.569,0.01200000000000001
2875,2026-02-13,-0.554,0.014999999999999902
2876,2026-02-20,-0.535,0.019000000000000017
2877,2026-02-27,-0.515,0.020000000000000018
2878,2026-03-06,-0.492,0.02300000000000002
2879,2026-03-13,-0.47,0.02200000000000002
2880,2026-03-20,-0.452,0.01799999999999996
2881,2026-03-27,-0.438,0.014000000000000012
2882,2026-04-03,-0.433,0.0050000000000000044
