,Date,BAML_C0A0CM
0,1996-12-31,0.6
1,1997-01-02,0.6
2,1997-01-03,0.61
3,1997-01-06,0.61
4,1997-01-07,0.61
5,1997-01-08,0.6
6,1997-01-09,0.62
7,1997-01-10,0.73
8,1997-01-13,0.61
9,1997-01-14,0.61
10,1997-01-15,0.61
11,1997-01-16,0.6
12,1997-01-17,0.6
13,1997-01-20,0.6
14,1997-01-21,0.61
15,1997-01-22,0.6
16,1997-01-23,0.6
17,1997-01-24,0.6
18,1997-01-27,0.6
19,1997-01-28,0.6
20,1997-01-29,0.6
21,1997-01-30,0.6
22,1997-01-31,0.61
23,1997-02-03,0.61
24,1997-02-04,0.61
25,1997-02-05,0.6
26,1997-02-06,0.6
27,1997-02-07,0.61
28,1997-02-10,0.6
29,1997-02-11,0.6
30,1997-02-12,0.6
31,1997-02-13,0.6
32,1997-02-14,0.59
33,1997-02-18,0.59
34,1997-02-19,0.6
35,1997-02-20,0.59
36,1997-02-21,0.59
37,1997-02-24,0.59
38,1997-02-25,0.59
39,1997-02-26,0.59
40,1997-02-27,0.59
41,1997-02-28,0.59
42,1997-03-03,0.57
43,1997-03-04,0.56
44,1997-03-05,0.56
45,1997-03-06,0.56
46,1997-03-07,0.57
47,1997-03-10,0.56
48,1997-03-11,0.56
49,1997-03-12,0.57
50,1997-03-13,0.57
51,1997-03-14,0.57
52,1997-03-17,0.57
53,1997-03-18,0.57
54,1997-03-19,0.56
55,1997-03-20,0.57
56,1997-03-21,0.57
57,1997-03-24,0.56
58,1997-03-25,0.57
59,1997-03-26,0.56
60,1997-03-27,0.56
61,1997-03-31,0.57
62,1997-04-01,0.58
63,1997-04-02,0.58
64,1997-04-03,0.58
65,1997-04-04,0.58
66,1997-04-07,0.59
67,1997-04-08,0.59
68,1997-04-09,0.58
69,1997-04-10,0.58
70,1997-04-11,0.58
71,1997-04-14,0.58
72,1997-04-15,0.58
73,1997-04-16,0.58
74,1997-04-17,0.58
75,1997-04-18,0.58
76,1997-04-21,0.58
77,1997-04-22,0.6
78,1997-04-23,0.6
79,1997-04-24,0.59
80,1997-04-25,0.59
81,1997-04-28,0.6
82,1997-04-29,0.61
83,1997-04-30,0.59
84,1997-05-01,0.59
85,1997-05-02,0.59
86,1997-05-05,0.59
87,1997-05-06,0.59
88,1997-05-07,0.59
89,1997-05-08,0.59
90,1997-05-09,0.59
91,1997-05-12,0.59
92,1997-05-13,0.59
93,1997-05-14,0.57
94,1997-05-15,0.59
95,1997-05-16,0.58
96,1997-05-19,0.59
97,1997-05-20,0.59
98,1997-05-21,0.59
99,1997-05-22,0.58
100,1997-05-23,0.59
101,1997-05-27,0.59
102,1997-05-28,0.59
103,1997-05-29,0.59
104,1997-05-30,0.6
105,1997-05-31,0.61
106,1997-06-02,0.6
107,1997-06-03,0.59
108,1997-06-04,0.59
109,1997-06-05,0.59
110,1997-06-06,0.59
111,1997-06-09,0.58
112,1997-06-10,0.58
113,1997-06-11,0.58
114,1997-06-12,0.58
115,1997-06-13,0.57
116,1997-06-16,0.57
117,1997-06-17,0.57
118,1997-06-18,0.57
119,1997-06-19,0.57
120,1997-06-20,0.57
121,1997-06-23,0.57
122,1997-06-24,0.57
123,1997-06-25,0.57
124,1997-06-26,0.57
125,1997-06-27,0.57
126,1997-06-30,0.58
127,1997-07-01,0.58
128,1997-07-02,0.57
129,1997-07-03,0.58
130,1997-07-07,0.57
131,1997-07-08,0.57
132,1997-07-09,0.57
133,1997-07-10,0.57
134,1997-07-11,0.57
135,1997-07-14,0.56
136,1997-07-15,0.57
137,1997-07-16,0.57
138,1997-07-17,0.57
139,1997-07-18,0.56
140,1997-07-21,0.56
141,1997-07-22,0.57
142,1997-07-23,0.55
143,1997-07-24,0.56
144,1997-07-25,0.56
145,1997-07-28,0.56
146,1997-07-29,0.55
147,1997-07-30,0.55
148,1997-07-31,0.56
149,1997-08-01,0.56
150,1997-08-04,0.56
151,1997-08-05,0.56
152,1997-08-06,0.57
153,1997-08-07,0.55
154,1997-08-08,0.55
155,1997-08-11,0.56
156,1997-08-12,0.56
157,1997-08-13,0.57
158,1997-08-14,0.57
159,1997-08-15,0.57
160,1997-08-18,0.57
161,1997-08-19,0.57
162,1997-08-20,0.57
163,1997-08-21,0.57
164,1997-08-22,0.56
165,1997-08-25,0.57
166,1997-08-26,0.57
167,1997-08-27,0.57
168,1997-08-28,0.58
169,1997-08-29,0.57
170,1997-08-31,0.57
171,1997-09-02,0.58
172,1997-09-03,0.58
173,1997-09-04,0.57
174,1997-09-05,0.58
175,1997-09-08,0.58
176,1997-09-09,0.58
177,1997-09-10,0.58
178,1997-09-11,0.58
179,1997-09-12,0.59
180,1997-09-15,0.58
181,1997-09-16,0.58
182,1997-09-17,0.58
183,1997-09-18,0.57
184,1997-09-19,0.57
185,1997-09-22,0.57
186,1997-09-23,0.57
187,1997-09-24,0.57
188,1997-09-25,0.57
189,1997-09-26,0.57
190,1997-09-29,0.57
191,1997-09-30,0.54
192,1997-10-01,0.55
193,1997-10-02,0.54
194,1997-10-03,0.53
195,1997-10-06,0.55
196,1997-10-07,0.54
197,1997-10-08,0.54
198,1997-10-09,0.54
199,1997-10-10,0.64
200,1997-10-13,0.64
201,1997-10-14,0.54
202,1997-10-15,0.54
203,1997-10-16,0.54
204,1997-10-17,0.55
205,1997-10-20,0.55
206,1997-10-21,0.55
207,1997-10-22,0.55
208,1997-10-23,0.57
209,1997-10-24,0.57
210,1997-10-27,0.6
211,1997-10-28,0.59
212,1997-10-29,0.59
213,1997-10-30,0.59
214,1997-10-31,0.67
215,1997-11-03,0.68
216,1997-11-04,0.68
217,1997-11-05,0.69
218,1997-11-06,0.7
219,1997-11-07,0.69
220,1997-11-10,0.69
221,1997-11-11,0.69
222,1997-11-12,0.69
223,1997-11-13,0.7
224,1997-11-14,0.7
225,1997-11-17,0.7
226,1997-11-18,0.71
227,1997-11-19,0.7
228,1997-11-20,0.71
229,1997-11-21,0.7
230,1997-11-24,0.71
231,1997-11-25,0.71
232,1997-11-26,0.71
233,1997-11-27,0.71
234,1997-11-28,0.72
235,1997-11-30,0.72
236,1997-12-01,0.72
237,1997-12-02,0.72
238,1997-12-03,0.72
239,1997-12-04,0.72
240,1997-12-05,0.72
241,1997-12-08,0.73
242,1997-12-09,0.73
243,1997-12-10,0.73
244,1997-12-11,0.72
245,1997-12-12,0.73
246,1997-12-15,0.75
247,1997-12-16,0.75
248,1997-12-17,0.75
249,1997-12-18,0.75
250,1997-12-19,0.73
251,1997-12-22,0.76
252,1997-12-23,0.77
253,1997-12-24,0.77
254,1997-12-26,0.76
255,1997-12-29,0.76
256,1997-12-30,0.77
257,1997-12-31,0.7
258,1998-01-02,0.71
259,1998-01-05,0.71
260,1998-01-06,0.72
261,1998-01-07,0.71
262,1998-01-08,0.71
263,1998-01-09,0.72
264,1998-01-12,0.72
265,1998-01-13,0.73
266,1998-01-14,0.73
267,1998-01-15,0.72
268,1998-01-16,0.73
269,1998-01-19,0.73
270,1998-01-20,0.73
271,1998-01-21,0.74
272,1998-01-22,0.73
273,1998-01-23,0.73
274,1998-01-26,0.74
275,1998-01-27,0.73
276,1998-01-28,0.75
277,1998-01-29,0.75
278,1998-01-30,0.77
279,1998-01-31,0.78
280,1998-02-02,0.78
281,1998-02-03,0.77
282,1998-02-04,0.78
283,1998-02-05,0.77
284,1998-02-06,0.78
285,1998-02-09,0.78
286,1998-02-10,0.78
287,1998-02-11,0.78
288,1998-02-12,0.77
289,1998-02-13,0.77
290,1998-02-16,0.76
291,1998-02-17,0.72
292,1998-02-18,0.76
293,1998-02-19,0.76
294,1998-02-20,0.76
295,1998-02-23,0.76
296,1998-02-24,0.76
297,1998-02-25,0.76
298,1998-02-26,0.76
299,1998-02-27,0.75
300,1998-02-28,0.76
301,1998-03-02,0.74
302,1998-03-03,0.74
303,1998-03-04,0.74
304,1998-03-05,0.74
305,1998-03-06,0.74
306,1998-03-09,0.73
307,1998-03-10,0.74
308,1998-03-11,0.74
309,1998-03-12,0.74
310,1998-03-13,0.73
311,1998-03-16,0.73
312,1998-03-17,0.73
313,1998-03-18,0.73
314,1998-03-19,0.73
315,1998-03-20,0.73
316,1998-03-23,0.73
317,1998-03-24,0.72
318,1998-03-25,0.73
319,1998-03-26,0.73
320,1998-03-27,0.73
321,1998-03-30,0.72
322,1998-03-31,0.72
323,1998-04-01,0.72
324,1998-04-02,0.72
325,1998-04-03,0.74
326,1998-04-06,0.73
327,1998-04-07,0.74
328,1998-04-08,0.72
329,1998-04-09,0.73
330,1998-04-13,0.72
331,1998-04-14,0.72
332,1998-04-15,0.72
333,1998-04-16,0.72
334,1998-04-17,0.72
335,1998-04-20,0.73
336,1998-04-21,0.74
337,1998-04-22,0.74
338,1998-04-23,0.72
339,1998-04-24,0.72
340,1998-04-27,0.72
341,1998-04-28,0.72
342,1998-04-29,0.72
343,1998-04-30,0.72
344,1998-05-01,0.71
345,1998-05-04,0.71
346,1998-05-05,0.72
347,1998-05-06,0.72
348,1998-05-07,0.72
349,1998-05-08,0.72
350,1998-05-11,0.71
351,1998-05-12,0.72
352,1998-05-13,0.72
353,1998-05-14,0.71
354,1998-05-15,0.7
355,1998-05-18,0.71
356,1998-05-19,0.7
357,1998-05-20,0.71
358,1998-05-21,0.71
359,1998-05-22,0.71
360,1998-05-25,0.71
361,1998-05-26,0.7
362,1998-05-27,0.7
363,1998-05-28,0.7
364,1998-05-29,0.7
365,1998-05-31,0.71
366,1998-06-01,0.72
367,1998-06-02,0.72
368,1998-06-03,0.72
369,1998-06-04,0.72
370,1998-06-05,0.72
371,1998-06-08,0.72
372,1998-06-09,0.72
373,1998-06-10,0.72
374,1998-06-11,0.73
375,1998-06-12,0.73
376,1998-06-15,0.73
377,1998-06-16,0.73
378,1998-06-17,0.73
379,1998-06-18,0.72
380,1998-06-19,0.73
381,1998-06-22,0.72
382,1998-06-23,0.73
383,1998-06-24,0.73
384,1998-06-25,0.73
385,1998-06-26,0.73
386,1998-06-29,0.73
387,1998-06-30,0.75
388,1998-07-01,0.77
389,1998-07-02,0.77
390,1998-07-03,0.77
391,1998-07-06,0.76
392,1998-07-07,0.76
393,1998-07-08,0.76
394,1998-07-09,0.76
395,1998-07-10,0.79
396,1998-07-13,0.79
397,1998-07-14,0.8
398,1998-07-15,0.79
399,1998-07-16,0.79
400,1998-07-17,0.8
401,1998-07-20,0.81
402,1998-07-21,0.82
403,1998-07-22,0.83
404,1998-07-23,0.84
405,1998-07-24,0.86
406,1998-07-27,0.76
407,1998-07-28,0.74
408,1998-07-29,0.77
409,1998-07-30,0.79
410,1998-07-31,0.82
411,1998-08-03,0.81
412,1998-08-04,0.81
413,1998-08-05,0.81
414,1998-08-06,0.82
415,1998-08-07,0.81
416,1998-08-10,0.82
417,1998-08-11,0.82
418,1998-08-12,0.83
419,1998-08-13,0.82
420,1998-08-14,0.83
421,1998-08-17,0.83
422,1998-08-18,0.84
423,1998-08-19,0.84
424,1998-08-20,0.85
425,1998-08-21,0.86
426,1998-08-24,0.87
427,1998-08-25,0.87
428,1998-08-26,0.88
429,1998-08-27,0.89
430,1998-08-28,1.0
431,1998-08-31,1.27
432,1998-09-01,1.25
433,1998-09-02,1.26
434,1998-09-03,1.26
435,1998-09-04,1.26
436,1998-09-07,1.25
437,1998-09-08,1.23
438,1998-09-09,1.25
439,1998-09-10,1.26
440,1998-09-11,1.26
441,1998-09-14,1.25
442,1998-09-15,1.24
443,1998-09-16,1.26
444,1998-09-17,1.25
445,1998-09-18,1.25
446,1998-09-21,1.24
447,1998-09-22,1.25
448,1998-09-23,1.26
449,1998-09-24,1.27
450,1998-09-25,1.27
451,1998-09-28,1.27
452,1998-09-29,1.3
453,1998-09-30,1.32
454,1998-10-01,1.32
455,1998-10-02,1.35
456,1998-10-05,1.36
457,1998-10-06,1.35
458,1998-10-07,1.35
459,1998-10-08,1.34
460,1998-10-09,1.36
461,1998-10-12,1.37
462,1998-10-13,1.38
463,1998-10-14,1.39
464,1998-10-15,1.41
465,1998-10-16,1.4
466,1998-10-19,1.41
467,1998-10-20,1.41
468,1998-10-21,1.41
469,1998-10-22,1.4
470,1998-10-23,1.37
471,1998-10-26,1.4
472,1998-10-27,1.39
473,1998-10-28,1.4
474,1998-10-29,1.43
475,1998-10-30,1.46
476,1998-10-31,1.48
477,1998-11-02,1.46
478,1998-11-03,1.47
479,1998-11-04,1.47
480,1998-11-05,1.44
481,1998-11-06,1.43
482,1998-11-09,1.42
483,1998-11-10,1.41
484,1998-11-11,1.41
485,1998-11-12,1.41
486,1998-11-13,1.42
487,1998-11-16,1.41
488,1998-11-17,1.39
489,1998-11-18,1.4
490,1998-11-19,1.4
491,1998-11-20,1.39
492,1998-11-23,1.38
493,1998-11-24,1.36
494,1998-11-25,1.33
495,1998-11-26,1.33
496,1998-11-27,1.32
497,1998-11-30,1.23
498,1998-12-01,1.23
499,1998-12-02,1.23
500,1998-12-03,1.22
501,1998-12-04,1.23
502,1998-12-07,1.21
503,1998-12-08,1.21
504,1998-12-09,1.2
505,1998-12-10,1.21
506,1998-12-11,1.22
507,1998-12-14,1.25
508,1998-12-15,1.25
509,1998-12-16,1.25
510,1998-12-17,1.24
511,1998-12-18,1.23
512,1998-12-21,1.23
513,1998-12-22,1.24
514,1998-12-23,1.24
515,1998-12-24,1.25
516,1998-12-28,1.29
517,1998-12-29,1.33
518,1998-12-30,1.47
519,1998-12-31,1.19
520,1999-01-04,1.2
521,1999-01-05,1.21
522,1999-01-06,1.21
523,1999-01-07,1.2
524,1999-01-08,1.16
525,1999-01-11,1.14
526,1999-01-12,1.16
527,1999-01-13,1.17
528,1999-01-14,1.16
529,1999-01-15,1.17
530,1999-01-18,1.18
531,1999-01-19,1.16
532,1999-01-20,1.17
533,1999-01-21,1.19
534,1999-01-22,1.18
535,1999-01-25,1.17
536,1999-01-26,1.18
537,1999-01-27,1.19
538,1999-01-28,1.18
539,1999-01-29,1.15
540,1999-01-31,1.16
541,1999-02-01,1.16
542,1999-02-02,1.15
543,1999-02-03,1.16
544,1999-02-04,1.17
545,1999-02-05,1.14
546,1999-02-08,1.14
547,1999-02-09,1.17
548,1999-02-10,1.12
549,1999-02-11,1.12
550,1999-02-12,1.14
551,1999-02-15,1.13
552,1999-02-16,1.13
553,1999-02-17,1.12
554,1999-02-18,1.09
555,1999-02-19,1.1
556,1999-02-22,1.12
557,1999-02-23,1.1
558,1999-02-24,1.11
559,1999-02-25,1.08
560,1999-02-26,1.08
561,1999-02-28,1.09
562,1999-03-01,1.08
563,1999-03-02,1.09
564,1999-03-03,1.06
565,1999-03-04,1.07
566,1999-03-05,1.07
567,1999-03-08,1.06
568,1999-03-09,1.06
569,1999-03-10,1.06
570,1999-03-11,1.05
571,1999-03-12,1.06
572,1999-03-15,1.04
573,1999-03-16,1.04
574,1999-03-17,1.03
575,1999-03-18,1.03
576,1999-03-19,1.02
577,1999-03-22,1.02
578,1999-03-23,1.04
579,1999-03-24,1.03
580,1999-03-25,1.02
581,1999-03-26,1.02
582,1999-03-29,1.02
583,1999-03-30,1.02
584,1999-03-31,1.07
585,1999-04-01,1.03
586,1999-04-02,1.03
587,1999-04-05,1.04
588,1999-04-06,1.04
589,1999-04-07,1.04
590,1999-04-08,1.04
591,1999-04-09,1.05
592,1999-04-12,1.04
593,1999-04-13,1.05
594,1999-04-14,1.04
595,1999-04-15,1.04
596,1999-04-16,1.03
597,1999-04-19,1.02
598,1999-04-20,1.03
599,1999-04-21,1.03
600,1999-04-22,1.03
601,1999-04-23,1.03
602,1999-04-26,1.04
603,1999-04-27,1.04
604,1999-04-28,1.04
605,1999-04-29,1.05
606,1999-04-30,1.07
607,1999-05-03,1.04
608,1999-05-04,1.04
609,1999-05-05,1.04
610,1999-05-06,1.03
611,1999-05-07,1.03
612,1999-05-10,1.02
613,1999-05-11,1.02
614,1999-05-12,1.02
615,1999-05-13,1.02
616,1999-05-14,1.02
617,1999-05-17,1.01
618,1999-05-18,0.96
619,1999-05-19,1.02
620,1999-05-20,1.05
621,1999-05-21,1.04
622,1999-05-24,1.03
623,1999-05-25,1.06
624,1999-05-26,1.05
625,1999-05-27,1.05
626,1999-05-28,1.08
627,1999-05-31,1.09
628,1999-06-01,1.09
629,1999-06-02,1.08
630,1999-06-03,1.09
631,1999-06-04,1.09
632,1999-06-07,1.1
633,1999-06-08,1.1
634,1999-06-09,1.09
635,1999-06-10,1.09
636,1999-06-11,1.09
637,1999-06-14,1.1
638,1999-06-15,1.1
639,1999-06-16,1.1
640,1999-06-17,1.1
641,1999-06-18,1.1
642,1999-06-21,1.1
643,1999-06-22,1.1
644,1999-06-23,1.1
645,1999-06-24,1.1
646,1999-06-25,1.09
647,1999-06-28,1.09
648,1999-06-29,1.09
649,1999-06-30,1.15
650,1999-07-01,1.14
651,1999-07-02,1.13
652,1999-07-05,1.13
653,1999-07-06,1.13
654,1999-07-07,1.14
655,1999-07-08,1.14
656,1999-07-09,1.14
657,1999-07-12,1.14
658,1999-07-13,1.13
659,1999-07-14,1.13
660,1999-07-15,1.13
661,1999-07-16,1.13
662,1999-07-19,1.13
663,1999-07-20,1.13
664,1999-07-21,1.13
665,1999-07-22,1.13
666,1999-07-23,1.13
667,1999-07-26,1.16
668,1999-07-27,1.17
669,1999-07-28,1.16
670,1999-07-29,1.16
671,1999-07-30,1.21
672,1999-07-31,1.21
673,1999-08-02,1.21
674,1999-08-03,1.2
675,1999-08-04,1.21
676,1999-08-05,1.22
677,1999-08-06,1.21
678,1999-08-09,1.23
679,1999-08-10,1.24
680,1999-08-11,1.23
681,1999-08-12,1.23
682,1999-08-13,1.24
683,1999-08-16,1.23
684,1999-08-17,1.23
685,1999-08-18,1.24
686,1999-08-19,1.24
687,1999-08-20,1.24
688,1999-08-23,1.23
689,1999-08-24,1.23
690,1999-08-25,1.24
691,1999-08-26,1.25
692,1999-08-27,1.24
693,1999-08-30,1.24
694,1999-08-31,1.28
695,1999-09-01,1.28
696,1999-09-02,1.29
697,1999-09-03,1.28
698,1999-09-06,1.27
699,1999-09-07,1.28
700,1999-09-08,1.28
701,1999-09-09,1.27
702,1999-09-10,1.27
703,1999-09-13,1.26
704,1999-09-14,1.26
705,1999-09-15,1.25
706,1999-09-16,1.25
707,1999-09-17,1.25
708,1999-09-20,1.25
709,1999-09-21,1.25
710,1999-09-22,1.25
711,1999-09-23,1.24
712,1999-09-24,1.26
713,1999-09-27,1.26
714,1999-09-28,1.25
715,1999-09-29,1.25
716,1999-09-30,1.21
717,1999-10-01,1.21
718,1999-10-04,1.19
719,1999-10-05,1.29
720,1999-10-06,1.23
721,1999-10-07,1.21
722,1999-10-08,1.22
723,1999-10-11,1.2
724,1999-10-12,1.19
725,1999-10-13,1.23
726,1999-10-14,1.19
727,1999-10-15,1.14
728,1999-10-18,1.2
729,1999-10-19,1.24
730,1999-10-20,1.17
731,1999-10-21,1.22
732,1999-10-22,1.19
733,1999-10-25,1.14
734,1999-10-26,1.19
735,1999-10-27,1.16
736,1999-10-28,1.19
737,1999-10-29,1.17
738,1999-10-31,1.17
739,1999-11-01,1.21
740,1999-11-02,1.21
741,1999-11-03,1.21
742,1999-11-04,1.21
743,1999-11-05,1.22
744,1999-11-08,1.2
745,1999-11-09,1.2
746,1999-11-10,1.2
747,1999-11-11,1.22
748,1999-11-12,1.2
749,1999-11-15,1.21
750,1999-11-16,1.19
751,1999-11-17,1.21
752,1999-11-18,1.21
753,1999-11-19,1.21
754,1999-11-22,1.2
755,1999-11-23,1.2
756,1999-11-24,1.2
757,1999-11-25,1.2
758,1999-11-26,1.19
759,1999-11-29,1.17
760,1999-11-30,1.17
761,1999-12-01,1.17
762,1999-12-02,1.17
763,1999-12-03,1.17
764,1999-12-06,1.16
765,1999-12-07,1.17
766,1999-12-08,1.16
767,1999-12-09,1.17
768,1999-12-10,1.17
769,1999-12-13,1.18
770,1999-12-14,1.17
771,1999-12-15,1.17
772,1999-12-16,1.16
773,1999-12-17,1.16
774,1999-12-20,1.15
775,1999-12-21,1.15
776,1999-12-22,1.15
777,1999-12-23,1.15
778,1999-12-24,1.15
779,1999-12-27,1.15
780,1999-12-28,1.14
781,1999-12-29,1.12
782,1999-12-30,1.12
783,1999-12-31,1.16
784,2000-01-03,1.16
785,2000-01-04,1.16
786,2000-01-05,1.18
787,2000-01-06,1.18
788,2000-01-07,1.2
789,2000-01-10,1.18
790,2000-01-11,1.17
791,2000-01-12,1.16
792,2000-01-13,1.18
793,2000-01-14,1.19
794,2000-01-17,1.2
795,2000-01-18,1.19
796,2000-01-19,1.19
797,2000-01-20,1.18
798,2000-01-21,1.19
799,2000-01-24,1.19
800,2000-01-25,1.18
801,2000-01-26,1.18
802,2000-01-27,1.18
803,2000-01-28,1.17
804,2000-01-31,1.22
805,2000-02-01,1.21
806,2000-02-02,1.19
807,2000-02-03,1.2
808,2000-02-04,1.17
809,2000-02-07,1.18
810,2000-02-08,1.19
811,2000-02-09,1.2
812,2000-02-10,1.21
813,2000-02-11,1.21
814,2000-02-14,1.21
815,2000-02-15,1.21
816,2000-02-16,1.21
817,2000-02-17,1.2
818,2000-02-18,1.21
819,2000-02-21,1.21
820,2000-02-22,1.22
821,2000-02-23,1.21
822,2000-02-24,1.22
823,2000-02-25,1.22
824,2000-02-28,1.26
825,2000-02-29,1.29
826,2000-03-01,1.3
827,2000-03-02,1.31
828,2000-03-03,1.32
829,2000-03-06,1.32
830,2000-03-07,1.32
831,2000-03-08,1.32
832,2000-03-09,1.32
833,2000-03-10,1.31
834,2000-03-13,1.33
835,2000-03-14,1.34
836,2000-03-15,1.34
837,2000-03-16,1.34
838,2000-03-17,1.34
839,2000-03-20,1.34
840,2000-03-21,1.35
841,2000-03-22,1.35
842,2000-03-23,1.34
843,2000-03-24,1.34
844,2000-03-27,1.35
845,2000-03-28,1.37
846,2000-03-29,1.37
847,2000-03-30,1.45
848,2000-03-31,1.48
849,2000-04-03,1.48
850,2000-04-04,1.49
851,2000-04-05,1.49
852,2000-04-06,1.49
853,2000-04-07,1.51
854,2000-04-10,1.53
855,2000-04-11,1.55
856,2000-04-12,1.54
857,2000-04-13,1.55
858,2000-04-14,1.57
859,2000-04-17,1.55
860,2000-04-18,1.55
861,2000-04-19,1.55
862,2000-04-20,1.56
863,2000-04-24,1.54
864,2000-04-25,1.55
865,2000-04-26,1.57
866,2000-04-27,1.59
867,2000-04-28,1.63
868,2000-04-30,1.61
869,2000-05-01,1.62
870,2000-05-02,1.62
871,2000-05-03,1.62
872,2000-05-04,1.61
873,2000-05-05,1.61
874,2000-05-08,1.62
875,2000-05-09,1.63
876,2000-05-10,1.64
877,2000-05-11,1.64
878,2000-05-12,1.65
879,2000-05-15,1.66
880,2000-05-16,1.68
881,2000-05-17,1.69
882,2000-05-18,1.68
883,2000-05-19,1.68
884,2000-05-22,1.68
885,2000-05-23,1.69
886,2000-05-24,1.69
887,2000-05-25,1.74
888,2000-05-26,1.73
889,2000-05-29,1.74
890,2000-05-30,1.74
891,2000-05-31,1.77
892,2000-06-01,1.77
893,2000-06-02,1.78
894,2000-06-05,1.75
895,2000-06-06,1.75
896,2000-06-07,1.72
897,2000-06-08,1.73
898,2000-06-09,1.72
899,2000-06-12,1.72
900,2000-06-13,1.71
901,2000-06-14,1.71
902,2000-06-15,1.7
903,2000-06-16,1.7
904,2000-06-19,1.69
905,2000-06-20,1.69
906,2000-06-21,1.68
907,2000-06-22,1.69
908,2000-06-23,1.68
909,2000-06-26,1.69
910,2000-06-27,1.69
911,2000-06-28,1.69
912,2000-06-29,1.69
913,2000-06-30,1.71
914,2000-07-03,1.71
915,2000-07-04,1.71
916,2000-07-05,1.71
917,2000-07-06,1.71
918,2000-07-07,1.71
919,2000-07-10,1.71
920,2000-07-11,1.7
921,2000-07-12,1.7
922,2000-07-13,1.7
923,2000-07-14,1.69
924,2000-07-17,1.68
925,2000-07-18,1.67
926,2000-07-19,1.67
927,2000-07-20,1.68
928,2000-07-21,1.67
929,2000-07-24,1.68
930,2000-07-25,1.68
931,2000-07-26,1.65
932,2000-07-27,1.67
933,2000-07-28,1.66
934,2000-07-31,1.69
935,2000-08-01,1.68
936,2000-08-02,1.69
937,2000-08-03,1.69
938,2000-08-04,1.69
939,2000-08-07,1.69
940,2000-08-08,1.68
941,2000-08-09,1.68
942,2000-08-10,1.69
943,2000-08-11,1.69
944,2000-08-14,1.68
945,2000-08-15,1.68
946,2000-08-16,1.68
947,2000-08-17,1.68
948,2000-08-18,1.69
949,2000-08-21,1.7
950,2000-08-22,1.71
951,2000-08-23,1.71
952,2000-08-24,1.72
953,2000-08-25,1.71
954,2000-08-28,1.72
955,2000-08-29,1.71
956,2000-08-30,1.71
957,2000-08-31,1.72
958,2000-09-01,1.72
959,2000-09-04,1.72
960,2000-09-05,1.72
961,2000-09-06,1.72
962,2000-09-07,1.72
963,2000-09-08,1.72
964,2000-09-11,1.72
965,2000-09-12,1.71
966,2000-09-13,1.71
967,2000-09-14,1.72
968,2000-09-15,1.7
969,2000-09-18,1.7
970,2000-09-19,1.69
971,2000-09-20,1.68
972,2000-09-21,1.68
973,2000-09-22,1.69
974,2000-09-25,1.67
975,2000-09-26,1.69
976,2000-09-27,1.67
977,2000-09-28,1.65
978,2000-09-29,1.65
979,2000-09-30,1.66
980,2000-10-02,1.66
981,2000-10-03,1.66
982,2000-10-04,1.67
983,2000-10-05,1.68
984,2000-10-06,1.68
985,2000-10-09,1.69
986,2000-10-10,1.71
987,2000-10-11,1.72
988,2000-10-12,1.74
989,2000-10-13,1.76
990,2000-10-16,1.76
991,2000-10-17,1.79
992,2000-10-18,1.81
993,2000-10-19,1.8
994,2000-10-20,1.81
995,2000-10-23,1.83
996,2000-10-24,1.83
997,2000-10-25,1.82
998,2000-10-26,1.83
999,2000-10-27,1.84
1000,2000-10-30,1.87
1001,2000-10-31,1.89
1002,2000-11-01,1.88
1003,2000-11-02,1.88
1004,2000-11-03,1.87
1005,2000-11-06,1.86
1006,2000-11-07,1.86
1007,2000-11-08,1.86
1008,2000-11-09,1.86
1009,2000-11-10,1.87
1010,2000-11-13,1.87
1011,2000-11-14,1.86
1012,2000-11-15,1.87
1013,2000-11-16,1.87
1014,2000-11-17,1.88
1015,2000-11-20,1.9
1016,2000-11-21,1.9
1017,2000-11-22,1.92
1018,2000-11-23,1.92
1019,2000-11-24,1.92
1020,2000-11-27,1.94
1021,2000-11-28,1.95
1022,2000-11-29,1.96
1023,2000-11-30,1.99
1024,2000-12-01,1.99
1025,2000-12-04,2.01
1026,2000-12-05,2.03
1027,2000-12-06,2.02
1028,2000-12-07,2.04
1029,2000-12-08,2.04
1030,2000-12-11,2.02
1031,2000-12-12,2.02
1032,2000-12-13,2.02
1033,2000-12-14,2.0
1034,2000-12-15,1.99
1035,2000-12-18,1.99
1036,2000-12-19,1.99
1037,2000-12-20,1.98
1038,2000-12-21,1.99
1039,2000-12-22,2.0
1040,2000-12-26,2.02
1041,2000-12-27,2.02
1042,2000-12-28,2.03
1043,2000-12-29,2.03
1044,2000-12-31,2.02
1045,2001-01-02,2.04
1046,2001-01-03,2.02
1047,2001-01-04,2.0
1048,2001-01-05,2.01
1049,2001-01-08,1.99
1050,2001-01-09,1.96
1051,2001-01-10,1.95
1052,2001-01-11,1.94
1053,2001-01-12,1.94
1054,2001-01-15,1.93
1055,2001-01-16,1.94
1056,2001-01-17,1.94
1057,2001-01-18,1.93
1058,2001-01-19,1.91
1059,2001-01-22,1.89
1060,2001-01-23,1.82
1061,2001-01-24,1.85
1062,2001-01-25,1.83
1063,2001-01-26,1.84
1064,2001-01-29,1.83
1065,2001-01-30,1.79
1066,2001-01-31,1.76
1067,2001-02-01,1.74
1068,2001-02-02,1.74
1069,2001-02-05,1.75
1070,2001-02-06,1.76
1071,2001-02-07,1.76
1072,2001-02-08,1.76
1073,2001-02-09,1.77
1074,2001-02-12,1.78
1075,2001-02-13,1.77
1076,2001-02-14,1.77
1077,2001-02-15,1.78
1078,2001-02-16,1.78
1079,2001-02-19,1.78
1080,2001-02-20,1.78
1081,2001-02-21,1.78
1082,2001-02-22,1.8
1083,2001-02-23,1.81
1084,2001-02-26,1.82
1085,2001-02-27,1.81
1086,2001-02-28,1.81
1087,2001-03-01,1.78
1088,2001-03-02,1.79
1089,2001-03-05,1.78
1090,2001-03-06,1.78
1091,2001-03-07,1.77
1092,2001-03-08,1.76
1093,2001-03-09,1.76
1094,2001-03-12,1.77
1095,2001-03-13,1.78
1096,2001-03-14,1.79
1097,2001-03-15,1.79
1098,2001-03-16,1.78
1099,2001-03-19,1.77
1100,2001-03-20,1.78
1101,2001-03-21,1.78
1102,2001-03-22,1.79
1103,2001-03-23,1.8
1104,2001-03-26,1.79
1105,2001-03-27,1.78
1106,2001-03-28,1.8
1107,2001-03-29,1.79
1108,2001-03-30,1.78
1109,2001-03-31,1.77
1110,2001-04-02,1.77
1111,2001-04-03,1.8
1112,2001-04-04,1.83
1113,2001-04-05,1.89
1114,2001-04-06,1.81
1115,2001-04-09,1.82
1116,2001-04-10,1.82
1117,2001-04-11,1.81
1118,2001-04-12,1.81
1119,2001-04-16,1.81
1120,2001-04-17,1.81
1121,2001-04-18,1.82
1122,2001-04-19,1.79
1123,2001-04-20,1.78
1124,2001-04-23,1.79
1125,2001-04-24,1.78
1126,2001-04-25,1.78
1127,2001-04-26,1.79
1128,2001-04-27,1.79
1129,2001-04-30,1.63
1130,2001-05-01,1.61
1131,2001-05-02,1.6
1132,2001-05-03,1.61
1133,2001-05-04,1.63
1134,2001-05-07,1.62
1135,2001-05-08,1.62
1136,2001-05-09,1.62
1137,2001-05-10,1.62
1138,2001-05-11,1.61
1139,2001-05-14,1.61
1140,2001-05-15,1.59
1141,2001-05-16,1.57
1142,2001-05-17,1.55
1143,2001-05-18,1.57
1144,2001-05-21,1.56
1145,2001-05-22,1.56
1146,2001-05-23,1.56
1147,2001-05-24,1.55
1148,2001-05-25,1.55
1149,2001-05-28,1.55
1150,2001-05-29,1.54
1151,2001-05-30,1.53
1152,2001-05-31,1.55
1153,2001-06-01,1.53
1154,2001-06-04,1.53
1155,2001-06-05,1.51
1156,2001-06-06,1.51
1157,2001-06-07,1.51
1158,2001-06-08,1.51
1159,2001-06-11,1.51
1160,2001-06-12,1.51
1161,2001-06-13,1.51
1162,2001-06-14,1.51
1163,2001-06-15,1.52
1164,2001-06-18,1.54
1165,2001-06-19,1.54
1166,2001-06-20,1.56
1167,2001-06-21,1.56
1168,2001-06-22,1.56
1169,2001-06-25,1.55
1170,2001-06-26,1.55
1171,2001-06-27,1.54
1172,2001-06-28,1.54
1173,2001-06-29,1.55
1174,2001-06-30,1.55
1175,2001-07-02,1.56
1176,2001-07-03,1.52
1177,2001-07-04,1.52
1178,2001-07-05,1.55
1179,2001-07-06,1.55
1180,2001-07-09,1.53
1181,2001-07-10,1.54
1182,2001-07-11,1.54
1183,2001-07-12,1.55
1184,2001-07-13,1.54
1185,2001-07-16,1.54
1186,2001-07-17,1.54
1187,2001-07-18,1.54
1188,2001-07-19,1.54
1189,2001-07-20,1.53
1190,2001-07-23,1.51
1191,2001-07-24,1.51
1192,2001-07-25,1.51
1193,2001-07-26,1.51
1194,2001-07-27,1.51
1195,2001-07-30,1.5
1196,2001-07-31,1.5
1197,2001-08-01,1.49
1198,2001-08-02,1.49
1199,2001-08-03,1.49
1200,2001-08-06,1.49
1201,2001-08-07,1.49
1202,2001-08-08,1.49
1203,2001-08-09,1.49
1204,2001-08-10,1.49
1205,2001-08-13,1.5
1206,2001-08-14,1.5
1207,2001-08-15,1.51
1208,2001-08-16,1.52
1209,2001-08-17,1.53
1210,2001-08-20,1.54
1211,2001-08-21,1.55
1212,2001-08-22,1.53
1213,2001-08-23,1.53
1214,2001-08-24,1.53
1215,2001-08-27,1.53
1216,2001-08-28,1.52
1217,2001-08-29,1.52
1218,2001-08-30,1.52
1219,2001-08-31,1.53
1220,2001-09-03,1.53
1221,2001-09-04,1.53
1222,2001-09-05,1.55
1223,2001-09-06,1.56
1224,2001-09-07,1.57
1225,2001-09-10,1.59
1226,2001-09-14,1.8
1227,2001-09-17,1.83
1228,2001-09-18,1.88
1229,2001-09-19,1.82
1230,2001-09-20,1.84
1231,2001-09-21,1.87
1232,2001-09-24,2.03
1233,2001-09-25,1.88
1234,2001-09-26,1.88
1235,2001-09-27,1.9
1236,2001-09-28,1.85
1237,2001-09-30,1.85
1238,2001-10-01,1.85
1239,2001-10-02,1.85
1240,2001-10-03,1.85
1241,2001-10-04,1.84
1242,2001-10-05,1.84
1243,2001-10-08,1.84
1244,2001-10-09,1.85
1245,2001-10-10,1.86
1246,2001-10-11,1.85
1247,2001-10-12,1.84
1248,2001-10-15,1.84
1249,2001-10-16,1.85
1250,2001-10-17,1.83
1251,2001-10-18,1.84
1252,2001-10-19,1.83
1253,2001-10-22,1.83
1254,2001-10-23,1.83
1255,2001-10-24,1.84
1256,2001-10-25,1.85
1257,2001-10-26,1.86
1258,2001-10-29,1.87
1259,2001-10-30,1.89
1260,2001-10-31,1.93
1261,2001-11-01,1.93
1262,2001-11-02,1.94
1263,2001-11-05,1.94
1264,2001-11-06,1.92
1265,2001-11-07,1.93
1266,2001-11-08,1.92
1267,2001-11-09,1.91
1268,2001-11-12,1.9
1269,2001-11-13,1.89
1270,2001-11-14,1.86
1271,2001-11-15,1.83
1272,2001-11-16,1.81
1273,2001-11-19,1.8
1274,2001-11-20,1.8
1275,2001-11-21,1.78
1276,2001-11-22,1.78
1277,2001-11-23,1.74
1278,2001-11-26,1.73
1279,2001-11-27,1.7
1280,2001-11-28,1.71
1281,2001-11-29,1.71
1282,2001-11-30,1.71
1283,2001-12-03,1.74
1284,2001-12-04,1.74
1285,2001-12-05,1.72
1286,2001-12-06,1.68
1287,2001-12-07,1.67
1288,2001-12-10,1.69
1289,2001-12-11,1.72
1290,2001-12-12,1.72
1291,2001-12-13,1.73
1292,2001-12-14,1.72
1293,2001-12-17,1.62
1294,2001-12-18,1.73
1295,2001-12-19,1.73
1296,2001-12-20,1.72
1297,2001-12-21,1.7
1298,2001-12-24,1.7
1299,2001-12-26,1.69
1300,2001-12-27,1.68
1301,2001-12-28,1.68
1302,2001-12-31,1.65
1303,2002-01-02,1.64
1304,2002-01-03,1.63
1305,2002-01-04,1.62
1306,2002-01-07,1.63
1307,2002-01-08,1.64
1308,2002-01-09,1.64
1309,2002-01-10,1.65
1310,2002-01-11,1.65
1311,2002-01-14,1.65
1312,2002-01-15,1.65
1313,2002-01-16,1.66
1314,2002-01-17,1.67
1315,2002-01-18,1.65
1316,2002-01-21,1.65
1317,2002-01-22,1.65
1318,2002-01-23,1.65
1319,2002-01-24,1.62
1320,2002-01-25,1.62
1321,2002-01-28,1.61
1322,2002-01-29,1.64
1323,2002-01-30,1.72
1324,2002-01-31,1.71
1325,2002-02-01,1.71
1326,2002-02-04,1.76
1327,2002-02-05,1.83
1328,2002-02-06,1.87
1329,2002-02-07,1.87
1330,2002-02-08,1.83
1331,2002-02-11,1.85
1332,2002-02-12,1.83
1333,2002-02-13,1.83
1334,2002-02-14,1.81
1335,2002-02-15,1.84
1336,2002-02-18,1.84
1337,2002-02-19,1.86
1338,2002-02-20,1.87
1339,2002-02-21,1.86
1340,2002-02-22,1.87
1341,2002-02-25,1.84
1342,2002-02-26,1.82
1343,2002-02-27,1.82
1344,2002-02-28,1.81
1345,2002-03-01,1.78
1346,2002-03-04,1.78
1347,2002-03-05,1.77
1348,2002-03-06,1.76
1349,2002-03-07,1.73
1350,2002-03-08,1.71
1351,2002-03-11,1.7
1352,2002-03-12,1.71
1353,2002-03-13,1.72
1354,2002-03-14,1.7
1355,2002-03-15,1.69
1356,2002-03-18,1.7
1357,2002-03-19,1.7
1358,2002-03-20,1.69
1359,2002-03-21,1.69
1360,2002-03-22,1.68
1361,2002-03-25,1.68
1362,2002-03-26,1.69
1363,2002-03-27,1.7
1364,2002-03-28,1.71
1365,2002-03-31,1.71
1366,2002-04-01,1.7
1367,2002-04-02,1.71
1368,2002-04-03,1.7
1369,2002-04-04,1.71
1370,2002-04-05,1.72
1371,2002-04-08,1.72
1372,2002-04-09,1.72
1373,2002-04-10,1.72
1374,2002-04-11,1.75
1375,2002-04-12,1.74
1376,2002-04-15,1.74
1377,2002-04-16,1.75
1378,2002-04-17,1.72
1379,2002-04-18,1.7
1380,2002-04-19,1.71
1381,2002-04-22,1.75
1382,2002-04-23,1.78
1383,2002-04-24,1.79
1384,2002-04-25,1.81
1385,2002-04-26,1.82
1386,2002-04-29,1.87
1387,2002-04-30,1.88
1388,2002-05-01,1.92
1389,2002-05-02,1.92
1390,2002-05-03,1.9
1391,2002-05-06,1.91
1392,2002-05-07,1.92
1393,2002-05-08,1.89
1394,2002-05-09,1.89
1395,2002-05-10,1.89
1396,2002-05-13,1.89
1397,2002-05-14,1.89
1398,2002-05-15,1.88
1399,2002-05-16,1.89
1400,2002-05-17,1.88
1401,2002-05-20,1.88
1402,2002-05-21,1.87
1403,2002-05-22,1.87
1404,2002-05-23,1.86
1405,2002-05-24,1.84
1406,2002-05-27,1.84
1407,2002-05-28,1.83
1408,2002-05-29,1.82
1409,2002-05-30,1.83
1410,2002-05-31,1.62
1411,2002-06-03,1.63
1412,2002-06-04,1.62
1413,2002-06-05,1.61
1414,2002-06-06,1.62
1415,2002-06-07,1.64
1416,2002-06-10,1.64
1417,2002-06-11,1.66
1418,2002-06-12,1.68
1419,2002-06-13,1.67
1420,2002-06-14,1.69
1421,2002-06-17,1.68
1422,2002-06-18,1.68
1423,2002-06-19,1.7
1424,2002-06-20,1.72
1425,2002-06-21,1.73
1426,2002-06-24,1.76
1427,2002-06-25,1.76
1428,2002-06-26,1.86
1429,2002-06-27,1.86
1430,2002-06-28,1.9
1431,2002-06-30,1.87
1432,2002-07-01,1.85
1433,2002-07-02,1.9
1434,2002-07-03,1.92
1435,2002-07-04,1.92
1436,2002-07-05,1.89
1437,2002-07-08,1.89
1438,2002-07-09,1.88
1439,2002-07-10,1.88
1440,2002-07-11,1.92
1441,2002-07-12,1.92
1442,2002-07-15,1.96
1443,2002-07-16,1.97
1444,2002-07-17,2.0
1445,2002-07-18,1.98
1446,2002-07-19,2.03
1447,2002-07-22,2.07
1448,2002-07-23,2.14
1449,2002-07-24,2.3
1450,2002-07-25,2.3
1451,2002-07-26,2.38
1452,2002-07-29,2.38
1453,2002-07-30,2.37
1454,2002-07-31,2.27
1455,2002-08-01,2.26
1456,2002-08-02,2.29
1457,2002-08-05,2.38
1458,2002-08-06,2.4
1459,2002-08-07,2.38
1460,2002-08-08,2.38
1461,2002-08-09,2.41
1462,2002-08-12,2.42
1463,2002-08-13,2.44
1464,2002-08-14,2.41
1465,2002-08-15,2.38
1466,2002-08-16,2.36
1467,2002-08-19,2.34
1468,2002-08-20,2.29
1469,2002-08-21,2.27
1470,2002-08-22,2.25
1471,2002-08-23,2.24
1472,2002-08-26,2.23
1473,2002-08-27,2.22
1474,2002-08-28,2.22
1475,2002-08-29,2.23
1476,2002-08-30,2.22
1477,2002-08-31,2.22
1478,2002-09-02,2.22
1479,2002-09-03,2.27
1480,2002-09-04,2.28
1481,2002-09-05,2.29
1482,2002-09-06,2.28
1483,2002-09-09,2.28
1484,2002-09-10,2.26
1485,2002-09-11,2.26
1486,2002-09-12,2.24
1487,2002-09-13,2.23
1488,2002-09-16,2.21
1489,2002-09-17,2.2
1490,2002-09-18,2.21
1491,2002-09-19,2.23
1492,2002-09-20,2.26
1493,2002-09-23,2.29
1494,2002-09-24,2.35
1495,2002-09-25,2.33
1496,2002-09-26,2.32
1497,2002-09-27,2.33
1498,2002-09-30,2.37
1499,2002-10-01,2.36
1500,2002-10-02,2.35
1501,2002-10-03,2.37
1502,2002-10-04,2.42
1503,2002-10-07,2.47
1504,2002-10-08,2.57
1505,2002-10-09,2.67
1506,2002-10-10,2.72
1507,2002-10-11,2.65
1508,2002-10-14,2.65
1509,2002-10-15,2.59
1510,2002-10-16,2.62
1511,2002-10-17,2.61
1512,2002-10-18,2.62
1513,2002-10-21,2.6
1514,2002-10-22,2.59
1515,2002-10-23,2.6
1516,2002-10-24,2.58
1517,2002-10-25,2.57
1518,2002-10-28,2.54
1519,2002-10-29,2.55
1520,2002-10-30,2.55
1521,2002-10-31,2.46
1522,2002-11-01,2.45
1523,2002-11-04,2.41
1524,2002-11-05,2.38
1525,2002-11-06,2.32
1526,2002-11-07,2.28
1527,2002-11-08,2.3
1528,2002-11-11,2.3
1529,2002-11-12,2.3
1530,2002-11-13,2.3
1531,2002-11-14,2.22
1532,2002-11-15,2.18
1533,2002-11-18,2.12
1534,2002-11-19,2.1
1535,2002-11-20,2.06
1536,2002-11-21,2.01
1537,2002-11-22,2.0
1538,2002-11-25,2.0
1539,2002-11-26,2.02
1540,2002-11-27,1.98
1541,2002-11-28,1.98
1542,2002-11-29,2.0
1543,2002-11-30,1.98
1544,2002-12-02,1.93
1545,2002-12-03,1.95
1546,2002-12-04,1.97
1547,2002-12-05,1.97
1548,2002-12-06,1.97
1549,2002-12-09,1.98
1550,2002-12-10,1.99
1551,2002-12-11,1.97
1552,2002-12-12,1.96
1553,2002-12-13,1.96
1554,2002-12-16,1.93
1555,2002-12-17,1.9
1556,2002-12-18,1.9
1557,2002-12-19,1.9
1558,2002-12-20,1.89
1559,2002-12-23,1.9
1560,2002-12-24,1.9
1561,2002-12-26,1.9
1562,2002-12-27,1.9
1563,2002-12-30,1.89
1564,2002-12-31,1.88
1565,2003-01-02,1.86
1566,2003-01-03,1.85
1567,2003-01-06,1.82
1568,2003-01-07,1.81
1569,2003-01-08,1.8
1570,2003-01-09,1.77
1571,2003-01-10,1.75
1572,2003-01-13,1.73
1573,2003-01-14,1.73
1574,2003-01-15,1.73
1575,2003-01-16,1.74
1576,2003-01-17,1.75
1577,2003-01-20,1.75
1578,2003-01-21,1.75
1579,2003-01-22,1.77
1580,2003-01-23,1.75
1581,2003-01-24,1.76
1582,2003-01-27,1.76
1583,2003-01-28,1.75
1584,2003-01-29,1.75
1585,2003-01-30,1.74
1586,2003-01-31,1.74
1587,2003-02-03,1.71
1588,2003-02-04,1.71
1589,2003-02-05,1.69
1590,2003-02-06,1.7
1591,2003-02-07,1.7
1592,2003-02-10,1.69
1593,2003-02-11,1.69
1594,2003-02-12,1.69
1595,2003-02-13,1.72
1596,2003-02-14,1.71
1597,2003-02-17,1.7
1598,2003-02-18,1.7
1599,2003-02-19,1.7
1600,2003-02-20,1.69
1601,2003-02-21,1.68
1602,2003-02-24,1.67
1603,2003-02-25,1.69
1604,2003-02-26,1.68
1605,2003-02-27,1.67
1606,2003-02-28,1.66
1607,2003-03-03,1.63
1608,2003-03-04,1.64
1609,2003-03-05,1.67
1610,2003-03-06,1.67
1611,2003-03-07,1.69
1612,2003-03-10,1.7
1613,2003-03-11,1.7
1614,2003-03-12,1.71
1615,2003-03-13,1.68
1616,2003-03-14,1.68
1617,2003-03-17,1.67
1618,2003-03-18,1.66
1619,2003-03-19,1.65
1620,2003-03-20,1.65
1621,2003-03-21,1.62
1622,2003-03-24,1.62
1623,2003-03-25,1.62
1624,2003-03-26,1.6
1625,2003-03-27,1.59
1626,2003-03-28,1.58
1627,2003-03-31,1.58
1628,2003-04-01,1.57
1629,2003-04-02,1.56
1630,2003-04-03,1.54
1631,2003-04-04,1.55
1632,2003-04-07,1.53
1633,2003-04-08,1.54
1634,2003-04-09,1.54
1635,2003-04-10,1.54
1636,2003-04-11,1.53
1637,2003-04-14,1.53
1638,2003-04-15,1.5
1639,2003-04-16,1.47
1640,2003-04-17,1.45
1641,2003-04-21,1.43
1642,2003-04-22,1.41
1643,2003-04-23,1.39
1644,2003-04-24,1.38
1645,2003-04-25,1.37
1646,2003-04-28,1.36
1647,2003-04-29,1.35
1648,2003-04-30,1.34
1649,2003-05-01,1.33
1650,2003-05-02,1.3
1651,2003-05-05,1.29
1652,2003-05-06,1.28
1653,2003-05-07,1.28
1654,2003-05-08,1.28
1655,2003-05-09,1.29
1656,2003-05-12,1.29
1657,2003-05-13,1.31
1658,2003-05-14,1.32
1659,2003-05-15,1.33
1660,2003-05-16,1.33
1661,2003-05-19,1.33
1662,2003-05-20,1.35
1663,2003-05-21,1.36
1664,2003-05-22,1.36
1665,2003-05-23,1.34
1666,2003-05-26,1.34
1667,2003-05-27,1.33
1668,2003-05-28,1.33
1669,2003-05-29,1.32
1670,2003-05-30,1.32
1671,2003-05-31,1.32
1672,2003-06-02,1.31
1673,2003-06-03,1.32
1674,2003-06-04,1.32
1675,2003-06-05,1.31
1676,2003-06-06,1.3
1677,2003-06-09,1.29
1678,2003-06-10,1.29
1679,2003-06-11,1.28
1680,2003-06-12,1.28
1681,2003-06-13,1.27
1682,2003-06-16,1.25
1683,2003-06-17,1.23
1684,2003-06-18,1.23
1685,2003-06-19,1.23
1686,2003-06-20,1.23
1687,2003-06-23,1.24
1688,2003-06-24,1.24
1689,2003-06-25,1.23
1690,2003-06-26,1.23
1691,2003-06-27,1.22
1692,2003-06-30,1.23
1693,2003-07-01,1.24
1694,2003-07-02,1.24
1695,2003-07-03,1.23
1696,2003-07-04,1.23
1697,2003-07-07,1.22
1698,2003-07-08,1.21
1699,2003-07-09,1.21
1700,2003-07-10,1.21
1701,2003-07-11,1.22
1702,2003-07-14,1.2
1703,2003-07-15,1.19
1704,2003-07-16,1.19
1705,2003-07-17,1.18
1706,2003-07-18,1.18
1707,2003-07-21,1.17
1708,2003-07-22,1.16
1709,2003-07-23,1.17
1710,2003-07-24,1.15
1711,2003-07-25,1.15
1712,2003-07-28,1.16
1713,2003-07-29,1.15
1714,2003-07-30,1.17
1715,2003-07-31,1.19
1716,2003-08-01,1.2
1717,2003-08-04,1.2
1718,2003-08-05,1.21
1719,2003-08-06,1.23
1720,2003-08-07,1.23
1721,2003-08-08,1.22
1722,2003-08-11,1.22
1723,2003-08-12,1.23
1724,2003-08-13,1.24
1725,2003-08-14,1.24
1726,2003-08-15,1.23
1727,2003-08-18,1.23
1728,2003-08-19,1.22
1729,2003-08-20,1.21
1730,2003-08-21,1.19
1731,2003-08-22,1.19
1732,2003-08-25,1.18
1733,2003-08-26,1.18
1734,2003-08-27,1.18
1735,2003-08-28,1.18
1736,2003-08-29,1.17
1737,2003-08-31,1.18
1738,2003-09-01,1.18
1739,2003-09-02,1.15
1740,2003-09-03,1.15
1741,2003-09-04,1.17
1742,2003-09-05,1.17
1743,2003-09-08,1.17
1744,2003-09-09,1.17
1745,2003-09-10,1.17
1746,2003-09-11,1.16
1747,2003-09-12,1.16
1748,2003-09-15,1.15
1749,2003-09-16,1.15
1750,2003-09-17,1.15
1751,2003-09-18,1.13
1752,2003-09-19,1.12
1753,2003-09-22,1.12
1754,2003-09-23,1.13
1755,2003-09-24,1.13
1756,2003-09-25,1.12
1757,2003-09-26,1.12
1758,2003-09-29,1.13
1759,2003-09-30,1.13
1760,2003-10-01,1.13
1761,2003-10-02,1.12
1762,2003-10-03,1.11
1763,2003-10-06,1.12
1764,2003-10-07,1.11
1765,2003-10-08,1.11
1766,2003-10-09,1.1
1767,2003-10-10,1.09
1768,2003-10-13,1.09
1769,2003-10-14,1.09
1770,2003-10-15,1.07
1771,2003-10-16,1.06
1772,2003-10-17,1.05
1773,2003-10-20,1.03
1774,2003-10-21,1.05
1775,2003-10-22,1.06
1776,2003-10-23,1.07
1777,2003-10-24,1.07
1778,2003-10-27,1.06
1779,2003-10-28,1.06
1780,2003-10-29,1.06
1781,2003-10-30,1.05
1782,2003-10-31,1.05
1783,2003-11-03,1.06
1784,2003-11-04,1.06
1785,2003-11-05,1.07
1786,2003-11-06,1.07
1787,2003-11-07,1.06
1788,2003-11-10,1.06
1789,2003-11-11,1.05
1790,2003-11-12,1.03
1791,2003-11-13,1.03
1792,2003-11-14,1.03
1793,2003-11-17,1.02
1794,2003-11-18,1.02
1795,2003-11-19,1.03
1796,2003-11-20,1.03
1797,2003-11-21,1.03
1798,2003-11-24,1.02
1799,2003-11-25,1.02
1800,2003-11-26,1.01
1801,2003-11-27,1.01
1802,2003-11-28,1.01
1803,2003-11-30,1.01
1804,2003-12-01,1.0
1805,2003-12-02,0.99
1806,2003-12-03,0.99
1807,2003-12-04,0.98
1808,2003-12-05,0.99
1809,2003-12-08,0.98
1810,2003-12-09,0.97
1811,2003-12-10,0.97
1812,2003-12-11,0.99
1813,2003-12-12,0.99
1814,2003-12-15,0.97
1815,2003-12-16,0.98
1816,2003-12-17,0.98
1817,2003-12-18,0.97
1818,2003-12-19,0.96
1819,2003-12-22,0.96
1820,2003-12-23,0.96
1821,2003-12-24,0.97
1822,2003-12-26,0.96
1823,2003-12-29,0.95
1824,2003-12-30,0.96
1825,2003-12-31,0.95
1826,2004-01-02,0.94
1827,2004-01-05,0.93
1828,2004-01-06,0.93
1829,2004-01-07,0.93
1830,2004-01-08,0.93
1831,2004-01-09,0.93
1832,2004-01-12,0.94
1833,2004-01-13,0.93
1834,2004-01-14,0.94
1835,2004-01-15,0.93
1836,2004-01-16,0.93
1837,2004-01-19,0.92
1838,2004-01-20,0.92
1839,2004-01-21,0.92
1840,2004-01-22,0.92
1841,2004-01-23,0.91
1842,2004-01-26,0.91
1843,2004-01-27,0.92
1844,2004-01-28,0.91
1845,2004-01-29,0.92
1846,2004-01-30,0.92
1847,2004-01-31,0.93
1848,2004-02-02,0.93
1849,2004-02-03,0.94
1850,2004-02-04,0.94
1851,2004-02-05,0.94
1852,2004-02-06,0.94
1853,2004-02-09,0.93
1854,2004-02-10,0.93
1855,2004-02-11,0.95
1856,2004-02-12,0.94
1857,2004-02-13,0.94
1858,2004-02-16,0.94
1859,2004-02-17,0.94
1860,2004-02-18,0.94
1861,2004-02-19,0.94
1862,2004-02-20,0.95
1863,2004-02-23,0.94
1864,2004-02-24,0.95
1865,2004-02-25,0.96
1866,2004-02-26,0.95
1867,2004-02-27,0.95
1868,2004-02-29,0.96
1869,2004-03-01,0.95
1870,2004-03-02,0.94
1871,2004-03-03,0.95
1872,2004-03-04,0.95
1873,2004-03-05,0.95
1874,2004-03-08,0.95
1875,2004-03-09,0.95
1876,2004-03-10,0.96
1877,2004-03-11,0.97
1878,2004-03-12,0.96
1879,2004-03-15,0.96
1880,2004-03-16,0.97
1881,2004-03-17,0.97
1882,2004-03-18,0.96
1883,2004-03-19,0.96
1884,2004-03-22,0.97
1885,2004-03-23,0.96
1886,2004-03-24,0.98
1887,2004-03-25,0.97
1888,2004-03-26,0.97
1889,2004-03-29,0.96
1890,2004-03-30,0.95
1891,2004-03-31,0.96
1892,2004-04-01,0.96
1893,2004-04-02,0.94
1894,2004-04-05,0.94
1895,2004-04-06,0.94
1896,2004-04-07,0.94
1897,2004-04-08,0.93
1898,2004-04-12,0.92
1899,2004-04-13,0.91
1900,2004-04-14,0.92
1901,2004-04-15,0.9
1902,2004-04-16,0.9
1903,2004-04-19,0.94
1904,2004-04-20,0.94
1905,2004-04-21,0.91
1906,2004-04-22,0.91
1907,2004-04-23,0.87
1908,2004-04-26,0.89
1909,2004-04-27,0.89
1910,2004-04-28,0.9
1911,2004-04-29,0.91
1912,2004-04-30,0.91
1913,2004-05-03,0.91
1914,2004-05-04,0.92
1915,2004-05-05,0.93
1916,2004-05-06,0.95
1917,2004-05-07,0.94
1918,2004-05-10,0.97
1919,2004-05-11,0.97
1920,2004-05-12,0.98
1921,2004-05-13,0.98
1922,2004-05-14,0.98
1923,2004-05-17,0.99
1924,2004-05-18,0.98
1925,2004-05-19,0.98
1926,2004-05-20,0.98
1927,2004-05-21,0.98
1928,2004-05-24,0.98
1929,2004-05-25,0.98
1930,2004-05-26,0.99
1931,2004-05-27,0.98
1932,2004-05-28,0.97
1933,2004-05-31,0.98
1934,2004-06-01,0.99
1935,2004-06-02,0.99
1936,2004-06-03,1.0
1937,2004-06-04,0.99
1938,2004-06-07,0.99
1939,2004-06-08,0.98
1940,2004-06-09,0.98
1941,2004-06-10,0.98
1942,2004-06-11,0.98
1943,2004-06-14,0.98
1944,2004-06-15,0.98
1945,2004-06-16,0.98
1946,2004-06-17,0.97
1947,2004-06-18,0.97
1948,2004-06-21,0.97
1949,2004-06-22,0.97
1950,2004-06-23,0.97
1951,2004-06-24,0.97
1952,2004-06-25,0.98
1953,2004-06-28,0.97
1954,2004-06-29,0.98
1955,2004-06-30,0.99
1956,2004-07-01,1.0
1957,2004-07-02,1.0
1958,2004-07-05,1.0
1959,2004-07-06,0.99
1960,2004-07-07,1.0
1961,2004-07-08,1.0
1962,2004-07-09,1.0
1963,2004-07-12,0.99
1964,2004-07-13,0.99
1965,2004-07-14,0.99
1966,2004-07-15,0.98
1967,2004-07-16,0.98
1968,2004-07-19,0.97
1969,2004-07-20,0.96
1970,2004-07-21,0.97
1971,2004-07-22,0.97
1972,2004-07-23,0.97
1973,2004-07-26,0.96
1974,2004-07-27,0.96
1975,2004-07-28,0.96
1976,2004-07-29,0.96
1977,2004-07-30,0.96
1978,2004-07-31,0.96
1979,2004-08-02,0.99
1980,2004-08-03,0.99
1981,2004-08-04,0.99
1982,2004-08-05,0.99
1983,2004-08-06,1.0
1984,2004-08-09,0.99
1985,2004-08-10,0.99
1986,2004-08-11,0.99
1987,2004-08-12,0.99
1988,2004-08-13,0.99
1989,2004-08-16,0.99
1990,2004-08-17,0.99
1991,2004-08-18,0.98
1992,2004-08-19,0.98
1993,2004-08-20,0.98
1994,2004-08-23,0.98
1995,2004-08-24,0.97
1996,2004-08-25,0.97
1997,2004-08-26,0.97
1998,2004-08-27,0.96
1999,2004-08-30,0.96
2000,2004-08-31,0.95
2001,2004-09-01,0.96
2002,2004-09-02,0.95
2003,2004-09-03,0.94
2004,2004-09-06,0.94
2005,2004-09-07,0.94
2006,2004-09-08,0.94
2007,2004-09-09,0.94
2008,2004-09-10,0.94
2009,2004-09-13,0.93
2010,2004-09-14,0.93
2011,2004-09-15,0.93
2012,2004-09-16,0.93
2013,2004-09-17,0.92
2014,2004-09-20,0.92
2015,2004-09-21,0.91
2016,2004-09-22,0.92
2017,2004-09-23,0.91
2018,2004-09-24,0.92
2019,2004-09-27,0.92
2020,2004-09-28,0.92
2021,2004-09-29,0.92
2022,2004-09-30,0.92
2023,2004-10-01,0.91
2024,2004-10-04,0.91
2025,2004-10-05,0.91
2026,2004-10-06,0.91
2027,2004-10-07,0.91
2028,2004-10-08,0.91
2029,2004-10-11,0.91
2030,2004-10-12,0.9
2031,2004-10-13,0.91
2032,2004-10-14,0.91
2033,2004-10-15,0.91
2034,2004-10-18,0.91
2035,2004-10-19,0.91
2036,2004-10-20,0.93
2037,2004-10-21,0.93
2038,2004-10-22,0.93
2039,2004-10-25,0.93
2040,2004-10-26,0.93
2041,2004-10-27,0.92
2042,2004-10-28,0.92
2043,2004-10-29,0.91
2044,2004-10-31,0.91
2045,2004-11-01,0.92
2046,2004-11-02,0.91
2047,2004-11-03,0.91
2048,2004-11-04,0.9
2049,2004-11-05,0.89
2050,2004-11-08,0.89
2051,2004-11-09,0.89
2052,2004-11-10,0.89
2053,2004-11-11,0.89
2054,2004-11-12,0.88
2055,2004-11-15,0.88
2056,2004-11-16,0.88
2057,2004-11-17,0.88
2058,2004-11-18,0.87
2059,2004-11-19,0.87
2060,2004-11-22,0.87
2061,2004-11-23,0.86
2062,2004-11-24,0.86
2063,2004-11-25,0.85
2064,2004-11-26,0.86
2065,2004-11-29,0.85
2066,2004-11-30,0.86
2067,2004-12-01,0.86
2068,2004-12-02,0.85
2069,2004-12-03,0.86
2070,2004-12-06,0.85
2071,2004-12-07,0.85
2072,2004-12-08,0.85
2073,2004-12-09,0.85
2074,2004-12-10,0.85
2075,2004-12-13,0.85
2076,2004-12-14,0.85
2077,2004-12-15,0.84
2078,2004-12-16,0.84
2079,2004-12-17,0.84
2080,2004-12-20,0.84
2081,2004-12-21,0.83
2082,2004-12-22,0.84
2083,2004-12-23,0.84
2084,2004-12-27,0.83
2085,2004-12-28,0.83
2086,2004-12-29,0.83
2087,2004-12-30,0.82
2088,2004-12-31,0.83
2089,2005-01-03,0.83
2090,2005-01-04,0.83
2091,2005-01-05,0.84
2092,2005-01-06,0.84
2093,2005-01-07,0.84
2094,2005-01-10,0.84
2095,2005-01-11,0.84
2096,2005-01-12,0.84
2097,2005-01-13,0.85
2098,2005-01-14,0.85
2099,2005-01-17,0.84
2100,2005-01-18,0.84
2101,2005-01-19,0.85
2102,2005-01-20,0.87
2103,2005-01-21,0.87
2104,2005-01-24,0.86
2105,2005-01-25,0.85
2106,2005-01-26,0.84
2107,2005-01-27,0.84
2108,2005-01-28,0.84
2109,2005-01-31,0.85
2110,2005-02-01,0.85
2111,2005-02-02,0.84
2112,2005-02-03,0.84
2113,2005-02-04,0.83
2114,2005-02-07,0.82
2115,2005-02-08,0.82
2116,2005-02-09,0.84
2117,2005-02-10,0.84
2118,2005-02-11,0.84
2119,2005-02-14,0.83
2120,2005-02-15,0.84
2121,2005-02-16,0.83
2122,2005-02-17,0.83
2123,2005-02-18,0.82
2124,2005-02-21,0.82
2125,2005-02-22,0.82
2126,2005-02-23,0.82
2127,2005-02-24,0.81
2128,2005-02-25,0.81
2129,2005-02-28,0.81
2130,2005-03-01,0.8
2131,2005-03-02,0.79
2132,2005-03-03,0.8
2133,2005-03-04,0.79
2134,2005-03-07,0.79
2135,2005-03-08,0.79
2136,2005-03-09,0.79
2137,2005-03-10,0.79
2138,2005-03-11,0.79
2139,2005-03-14,0.79
2140,2005-03-15,0.8
2141,2005-03-16,0.83
2142,2005-03-17,0.84
2143,2005-03-18,0.84
2144,2005-03-21,0.86
2145,2005-03-22,0.87
2146,2005-03-23,0.88
2147,2005-03-24,0.88
2148,2005-03-28,0.88
2149,2005-03-29,0.89
2150,2005-03-30,0.91
2151,2005-03-31,0.93
2152,2005-04-01,0.93
2153,2005-04-04,0.95
2154,2005-04-05,0.94
2155,2005-04-06,0.94
2156,2005-04-07,0.94
2157,2005-04-08,0.94
2158,2005-04-11,0.97
2159,2005-04-12,0.96
2160,2005-04-13,0.98
2161,2005-04-14,1.0
2162,2005-04-15,1.02
2163,2005-04-18,1.04
2164,2005-04-19,1.04
2165,2005-04-20,1.02
2166,2005-04-21,1.0
2167,2005-04-22,0.99
2168,2005-04-25,1.0
2169,2005-04-26,1.0
2170,2005-04-27,1.0
2171,2005-04-28,1.01
2172,2005-04-29,1.02
2173,2005-04-30,1.02
2174,2005-05-02,1.03
2175,2005-05-03,1.03
2176,2005-05-04,1.03
2177,2005-05-05,1.05
2178,2005-05-06,1.07
2179,2005-05-09,1.06
2180,2005-05-10,1.06
2181,2005-05-11,1.07
2182,2005-05-12,1.08
2183,2005-05-13,1.1
2184,2005-05-16,1.1
2185,2005-05-17,1.11
2186,2005-05-18,1.11
2187,2005-05-19,1.1
2188,2005-05-20,1.09
2189,2005-05-23,1.08
2190,2005-05-24,1.09
2191,2005-05-25,1.08
2192,2005-05-26,1.07
2193,2005-05-27,1.05
2194,2005-05-30,1.05
2195,2005-05-31,0.97
2196,2005-06-01,0.97
2197,2005-06-02,0.95
2198,2005-06-03,0.95
2199,2005-06-06,0.95
2200,2005-06-07,0.95
2201,2005-06-08,0.95
2202,2005-06-09,0.96
2203,2005-06-10,0.96
2204,2005-06-13,0.95
2205,2005-06-14,0.95
2206,2005-06-15,0.94
2207,2005-06-16,0.95
2208,2005-06-17,0.94
2209,2005-06-20,0.94
2210,2005-06-21,0.94
2211,2005-06-22,0.95
2212,2005-06-23,0.96
2213,2005-06-24,0.96
2214,2005-06-27,0.96
2215,2005-06-28,0.95
2216,2005-06-29,0.95
2217,2005-06-30,0.95
2218,2005-07-01,0.95
2219,2005-07-04,0.95
2220,2005-07-05,0.94
2221,2005-07-06,0.95
2222,2005-07-07,0.94
2223,2005-07-08,0.94
2224,2005-07-11,0.93
2225,2005-07-12,0.92
2226,2005-07-13,0.92
2227,2005-07-14,0.91
2228,2005-07-15,0.91
2229,2005-07-18,0.9
2230,2005-07-19,0.9
2231,2005-07-20,0.9
2232,2005-07-21,0.89
2233,2005-07-22,0.89
2234,2005-07-25,0.88
2235,2005-07-26,0.88
2236,2005-07-27,0.88
2237,2005-07-28,0.88
2238,2005-07-29,0.87
2239,2005-07-31,0.88
2240,2005-08-01,0.88
2241,2005-08-02,0.88
2242,2005-08-03,0.88
2243,2005-08-04,0.88
2244,2005-08-05,0.88
2245,2005-08-08,0.88
2246,2005-08-09,0.88
2247,2005-08-10,0.88
2248,2005-08-11,0.89
2249,2005-08-12,0.89
2250,2005-08-15,0.88
2251,2005-08-16,0.88
2252,2005-08-17,0.88
2253,2005-08-18,0.88
2254,2005-08-19,0.88
2255,2005-08-22,0.88
2256,2005-08-23,0.88
2257,2005-08-24,0.88
2258,2005-08-25,0.88
2259,2005-08-26,0.87
2260,2005-08-29,0.87
2261,2005-08-30,0.88
2262,2005-08-31,0.88
2263,2005-09-01,0.89
2264,2005-09-02,0.89
2265,2005-09-05,0.89
2266,2005-09-06,0.89
2267,2005-09-07,0.89
2268,2005-09-08,0.89
2269,2005-09-09,0.89
2270,2005-09-12,0.89
2271,2005-09-13,0.89
2272,2005-09-14,0.89
2273,2005-09-15,0.89
2274,2005-09-16,0.89
2275,2005-09-19,0.89
2276,2005-09-20,0.89
2277,2005-09-21,0.9
2278,2005-09-22,0.9
2279,2005-09-23,0.9
2280,2005-09-26,0.89
2281,2005-09-27,0.89
2282,2005-09-28,0.89
2283,2005-09-29,0.89
2284,2005-09-30,0.89
2285,2005-10-03,0.89
2286,2005-10-04,0.89
2287,2005-10-05,0.89
2288,2005-10-06,0.89
2289,2005-10-07,0.9
2290,2005-10-10,0.9
2291,2005-10-11,0.9
2292,2005-10-12,0.91
2293,2005-10-13,0.92
2294,2005-10-14,0.92
2295,2005-10-17,0.9
2296,2005-10-18,0.89
2297,2005-10-19,0.9
2298,2005-10-20,0.9
2299,2005-10-21,0.9
2300,2005-10-24,0.9
2301,2005-10-25,0.9
2302,2005-10-26,0.91
2303,2005-10-27,0.91
2304,2005-10-28,0.91
2305,2005-10-31,0.92
2306,2005-11-01,0.93
2307,2005-11-02,0.93
2308,2005-11-03,0.92
2309,2005-11-04,0.92
2310,2005-11-07,0.92
2311,2005-11-08,0.92
2312,2005-11-09,0.92
2313,2005-11-10,0.93
2314,2005-11-11,0.93
2315,2005-11-14,0.93
2316,2005-11-15,0.93
2317,2005-11-16,0.95
2318,2005-11-17,0.96
2319,2005-11-18,0.95
2320,2005-11-21,0.95
2321,2005-11-22,0.96
2322,2005-11-23,0.95
2323,2005-11-24,0.95
2324,2005-11-25,0.95
2325,2005-11-28,0.95
2326,2005-11-29,0.95
2327,2005-11-30,0.97
2328,2005-12-01,0.96
2329,2005-12-02,0.97
2330,2005-12-05,0.97
2331,2005-12-06,0.98
2332,2005-12-07,0.98
2333,2005-12-08,0.99
2334,2005-12-09,0.98
2335,2005-12-12,0.98
2336,2005-12-13,0.98
2337,2005-12-14,0.98
2338,2005-12-15,0.98
2339,2005-12-16,0.98
2340,2005-12-19,0.98
2341,2005-12-20,0.98
2342,2005-12-21,0.99
2343,2005-12-22,0.99
2344,2005-12-23,0.99
2345,2005-12-27,0.99
2346,2005-12-28,0.99
2347,2005-12-29,1.0
2348,2005-12-30,0.99
2349,2005-12-31,0.92
2350,2006-01-03,0.92
2351,2006-01-04,0.92
2352,2006-01-05,0.92
2353,2006-01-06,0.92
2354,2006-01-09,0.92
2355,2006-01-10,0.92
2356,2006-01-11,0.92
2357,2006-01-12,0.92
2358,2006-01-13,0.93
2359,2006-01-16,0.92
2360,2006-01-17,0.94
2361,2006-01-18,0.92
2362,2006-01-19,0.92
2363,2006-01-20,0.92
2364,2006-01-23,0.92
2365,2006-01-24,0.92
2366,2006-01-25,0.91
2367,2006-01-26,0.9
2368,2006-01-27,0.9
2369,2006-01-30,0.9
2370,2006-01-31,0.9
2371,2006-02-01,0.9
2372,2006-02-02,0.89
2373,2006-02-03,0.89
2374,2006-02-06,0.89
2375,2006-02-07,0.9
2376,2006-02-08,0.9
2377,2006-02-09,0.89
2378,2006-02-10,0.89
2379,2006-02-13,0.89
2380,2006-02-14,0.89
2381,2006-02-15,0.89
2382,2006-02-16,0.88
2383,2006-02-17,0.88
2384,2006-02-20,0.88
2385,2006-02-21,0.88
2386,2006-02-22,0.88
2387,2006-02-23,0.87
2388,2006-02-24,0.88
2389,2006-02-27,0.87
2390,2006-02-28,0.9
2391,2006-03-01,0.88
2392,2006-03-02,0.87
2393,2006-03-03,0.87
2394,2006-03-06,0.87
2395,2006-03-07,0.88
2396,2006-03-08,0.88
2397,2006-03-09,0.88
2398,2006-03-10,0.88
2399,2006-03-13,0.88
2400,2006-03-14,0.88
2401,2006-03-15,0.87
2402,2006-03-16,0.88
2403,2006-03-17,0.88
2404,2006-03-20,0.88
2405,2006-03-21,0.88
2406,2006-03-22,0.88
2407,2006-03-23,0.88
2408,2006-03-24,0.88
2409,2006-03-27,0.88
2410,2006-03-28,0.88
2411,2006-03-29,0.88
2412,2006-03-30,0.88
2413,2006-03-31,0.9
2414,2006-04-03,0.9
2415,2006-04-04,0.89
2416,2006-04-05,0.89
2417,2006-04-06,0.9
2418,2006-04-07,0.89
2419,2006-04-10,0.89
2420,2006-04-11,0.89
2421,2006-04-12,0.89
2422,2006-04-13,0.89
2423,2006-04-17,0.89
2424,2006-04-18,0.9
2425,2006-04-19,0.89
2426,2006-04-20,0.89
2427,2006-04-21,0.89
2428,2006-04-24,0.89
2429,2006-04-25,0.88
2430,2006-04-26,0.88
2431,2006-04-27,0.88
2432,2006-04-28,0.88
2433,2006-04-30,0.89
2434,2006-05-01,0.87
2435,2006-05-02,0.87
2436,2006-05-03,0.87
2437,2006-05-04,0.87
2438,2006-05-05,0.87
2439,2006-05-08,0.87
2440,2006-05-09,0.87
2441,2006-05-10,0.87
2442,2006-05-11,0.87
2443,2006-05-12,0.87
2444,2006-05-15,0.87
2445,2006-05-16,0.88
2446,2006-05-17,0.89
2447,2006-05-18,0.9
2448,2006-05-19,0.9
2449,2006-05-22,0.9
2450,2006-05-23,0.9
2451,2006-05-24,0.91
2452,2006-05-25,0.91
2453,2006-05-26,0.91
2454,2006-05-29,0.91
2455,2006-05-30,0.91
2456,2006-05-31,0.92
2457,2006-06-01,0.92
2458,2006-06-02,0.93
2459,2006-06-05,0.93
2460,2006-06-06,0.93
2461,2006-06-07,0.93
2462,2006-06-08,0.94
2463,2006-06-09,0.94
2464,2006-06-12,0.94
2465,2006-06-13,0.95
2466,2006-06-14,0.96
2467,2006-06-15,0.95
2468,2006-06-16,0.95
2469,2006-06-19,0.96
2470,2006-06-20,0.96
2471,2006-06-21,0.96
2472,2006-06-22,0.96
2473,2006-06-23,0.96
2474,2006-06-26,0.97
2475,2006-06-27,0.97
2476,2006-06-28,0.97
2477,2006-06-29,0.97
2478,2006-06-30,0.97
2479,2006-07-03,0.97
2480,2006-07-04,0.97
2481,2006-07-05,0.97
2482,2006-07-06,0.97
2483,2006-07-07,0.97
2484,2006-07-10,0.97
2485,2006-07-11,0.97
2486,2006-07-12,0.97
2487,2006-07-13,0.97
2488,2006-07-14,0.98
2489,2006-07-17,0.98
2490,2006-07-18,0.97
2491,2006-07-19,0.97
2492,2006-07-20,0.97
2493,2006-07-21,0.97
2494,2006-07-24,0.97
2495,2006-07-25,0.97
2496,2006-07-26,0.97
2497,2006-07-27,0.97
2498,2006-07-28,0.97
2499,2006-07-31,0.98
2500,2006-08-01,0.98
2501,2006-08-02,0.98
2502,2006-08-03,0.98
2503,2006-08-04,0.98
2504,2006-08-07,0.98
2505,2006-08-08,0.98
2506,2006-08-09,0.98
2507,2006-08-10,0.98
2508,2006-08-11,0.98
2509,2006-08-14,0.97
2510,2006-08-15,0.97
2511,2006-08-16,0.97
2512,2006-08-17,0.97
2513,2006-08-18,0.97
2514,2006-08-21,0.97
2515,2006-08-22,0.97
2516,2006-08-23,0.97
2517,2006-08-24,0.97
2518,2006-08-25,0.97
2519,2006-08-28,0.97
2520,2006-08-29,0.97
2521,2006-08-30,0.97
2522,2006-08-31,0.97
2523,2006-09-01,0.98
2524,2006-09-04,0.98
2525,2006-09-05,0.97
2526,2006-09-06,0.97
2527,2006-09-07,0.97
2528,2006-09-08,0.97
2529,2006-09-11,0.97
2530,2006-09-12,0.97
2531,2006-09-13,0.97
2532,2006-09-14,0.97
2533,2006-09-15,0.96
2534,2006-09-18,0.96
2535,2006-09-19,0.97
2536,2006-09-20,0.97
2537,2006-09-21,0.97
2538,2006-09-22,0.97
2539,2006-09-25,0.97
2540,2006-09-26,0.97
2541,2006-09-27,0.97
2542,2006-09-28,0.97
2543,2006-09-29,0.97
2544,2006-09-30,0.98
2545,2006-10-02,0.98
2546,2006-10-03,0.97
2547,2006-10-04,0.98
2548,2006-10-05,0.97
2549,2006-10-06,0.97
2550,2006-10-09,0.97
2551,2006-10-10,0.97
2552,2006-10-11,0.96
2553,2006-10-12,0.96
2554,2006-10-13,0.96
2555,2006-10-16,0.96
2556,2006-10-17,0.96
2557,2006-10-18,0.96
2558,2006-10-19,0.95
2559,2006-10-20,0.95
2560,2006-10-23,0.95
2561,2006-10-24,0.95
2562,2006-10-25,0.95
2563,2006-10-26,0.95
2564,2006-10-27,0.95
2565,2006-10-30,0.95
2566,2006-10-31,0.95
2567,2006-11-01,0.95
2568,2006-11-02,0.95
2569,2006-11-03,0.94
2570,2006-11-06,0.94
2571,2006-11-07,0.93
2572,2006-11-08,0.93
2573,2006-11-09,0.93
2574,2006-11-10,0.93
2575,2006-11-13,0.92
2576,2006-11-14,0.93
2577,2006-11-15,0.92
2578,2006-11-16,0.92
2579,2006-11-17,0.93
2580,2006-11-20,0.92
2581,2006-11-21,0.92
2582,2006-11-22,0.92
2583,2006-11-23,0.92
2584,2006-11-24,0.92
2585,2006-11-27,0.93
2586,2006-11-28,0.93
2587,2006-11-29,0.92
2588,2006-11-30,0.94
2589,2006-12-01,0.94
2590,2006-12-04,0.93
2591,2006-12-05,0.93
2592,2006-12-06,0.92
2593,2006-12-07,0.92
2594,2006-12-08,0.91
2595,2006-12-11,0.92
2596,2006-12-12,0.92
2597,2006-12-13,0.92
2598,2006-12-14,0.92
2599,2006-12-15,0.92
2600,2006-12-18,0.92
2601,2006-12-19,0.92
2602,2006-12-20,0.92
2603,2006-12-21,0.92
2604,2006-12-22,0.91
2605,2006-12-26,0.91
2606,2006-12-27,0.91
2607,2006-12-28,0.9
2608,2006-12-29,0.9
2609,2006-12-31,0.91
2610,2007-01-02,0.92
2611,2007-01-03,0.91
2612,2007-01-04,0.91
2613,2007-01-05,0.91
2614,2007-01-08,0.91
2615,2007-01-09,0.91
2616,2007-01-10,0.91
2617,2007-01-11,0.9
2618,2007-01-12,0.9
2619,2007-01-15,0.9
2620,2007-01-16,0.9
2621,2007-01-17,0.89
2622,2007-01-18,0.89
2623,2007-01-19,0.89
2624,2007-01-22,0.89
2625,2007-01-23,0.88
2626,2007-01-24,0.88
2627,2007-01-25,0.87
2628,2007-01-26,0.88
2629,2007-01-29,0.87
2630,2007-01-30,0.87
2631,2007-01-31,0.89
2632,2007-02-01,0.88
2633,2007-02-02,0.88
2634,2007-02-05,0.88
2635,2007-02-06,0.88
2636,2007-02-07,0.88
2637,2007-02-08,0.88
2638,2007-02-09,0.87
2639,2007-02-12,0.87
2640,2007-02-13,0.87
2641,2007-02-14,0.87
2642,2007-02-15,0.87
2643,2007-02-16,0.86
2644,2007-02-19,0.86
2645,2007-02-20,0.86
2646,2007-02-21,0.86
2647,2007-02-22,0.86
2648,2007-02-23,0.86
2649,2007-02-26,0.86
2650,2007-02-27,0.89
2651,2007-02-28,0.9
2652,2007-03-01,0.89
2653,2007-03-02,0.9
2654,2007-03-05,0.91
2655,2007-03-06,0.91
2656,2007-03-07,0.91
2657,2007-03-08,0.91
2658,2007-03-09,0.9
2659,2007-03-12,0.91
2660,2007-03-13,0.92
2661,2007-03-14,0.92
2662,2007-03-15,0.92
2663,2007-03-16,0.93
2664,2007-03-19,0.93
2665,2007-03-20,0.93
2666,2007-03-21,0.94
2667,2007-03-22,0.93
2668,2007-03-23,0.93
2669,2007-03-26,0.93
2670,2007-03-27,0.93
2671,2007-03-28,0.93
2672,2007-03-29,0.93
2673,2007-03-30,0.93
2674,2007-03-31,0.95
2675,2007-04-02,0.94
2676,2007-04-03,0.94
2677,2007-04-04,0.95
2678,2007-04-05,0.95
2679,2007-04-09,0.94
2680,2007-04-10,0.94
2681,2007-04-11,0.93
2682,2007-04-12,0.93
2683,2007-04-13,0.93
2684,2007-04-16,0.93
2685,2007-04-17,0.94
2686,2007-04-18,0.94
2687,2007-04-19,0.94
2688,2007-04-20,0.93
2689,2007-04-23,0.93
2690,2007-04-24,0.93
2691,2007-04-25,0.93
2692,2007-04-26,0.93
2693,2007-04-27,0.93
2694,2007-04-30,0.94
2695,2007-05-01,0.94
2696,2007-05-02,0.94
2697,2007-05-03,0.94
2698,2007-05-04,0.94
2699,2007-05-07,0.94
2700,2007-05-08,0.94
2701,2007-05-09,0.94
2702,2007-05-10,0.94
2703,2007-05-11,0.93
2704,2007-05-14,0.93
2705,2007-05-15,0.93
2706,2007-05-16,0.93
2707,2007-05-17,0.93
2708,2007-05-18,0.92
2709,2007-05-21,0.93
2710,2007-05-22,0.92
2711,2007-05-23,0.92
2712,2007-05-24,0.92
2713,2007-05-25,0.92
2714,2007-05-29,0.92
2715,2007-05-30,0.93
2716,2007-05-31,0.94
2717,2007-06-01,0.94
2718,2007-06-04,0.94
2719,2007-06-05,0.94
2720,2007-06-06,0.94
2721,2007-06-07,0.95
2722,2007-06-08,0.96
2723,2007-06-11,0.96
2724,2007-06-12,0.96
2725,2007-06-13,0.96
2726,2007-06-14,0.95
2727,2007-06-15,0.95
2728,2007-06-18,0.95
2729,2007-06-19,0.95
2730,2007-06-20,0.95
2731,2007-06-21,0.96
2732,2007-06-22,0.97
2733,2007-06-25,0.97
2734,2007-06-26,0.98
2735,2007-06-27,0.98
2736,2007-06-28,0.99
2737,2007-06-29,0.99
2738,2007-06-30,1.0
2739,2007-07-02,1.01
2740,2007-07-03,1.0
2741,2007-07-04,1.0
2742,2007-07-05,1.0
2743,2007-07-06,1.0
2744,2007-07-09,1.0
2745,2007-07-10,1.01
2746,2007-07-11,1.02
2747,2007-07-12,1.02
2748,2007-07-13,1.02
2749,2007-07-16,1.03
2750,2007-07-17,1.03
2751,2007-07-18,1.04
2752,2007-07-19,1.05
2753,2007-07-20,1.08
2754,2007-07-23,1.09
2755,2007-07-24,1.1
2756,2007-07-25,1.12
2757,2007-07-26,1.25
2758,2007-07-27,1.28
2759,2007-07-30,1.28
2760,2007-07-31,1.29
2761,2007-08-01,1.29
2762,2007-08-02,1.29
2763,2007-08-03,1.3
2764,2007-08-06,1.32
2765,2007-08-07,1.32
2766,2007-08-08,1.3
2767,2007-08-09,1.3
2768,2007-08-10,1.32
2769,2007-08-13,1.32
2770,2007-08-14,1.34
2771,2007-08-15,1.37
2772,2007-08-16,1.44
2773,2007-08-17,1.45
2774,2007-08-20,1.46
2775,2007-08-21,1.47
2776,2007-08-22,1.47
2777,2007-08-23,1.45
2778,2007-08-24,1.44
2779,2007-08-27,1.44
2780,2007-08-28,1.46
2781,2007-08-29,1.46
2782,2007-08-30,1.48
2783,2007-08-31,1.45
2784,2007-09-03,1.45
2785,2007-09-04,1.47
2786,2007-09-05,1.48
2787,2007-09-06,1.5
2788,2007-09-07,1.54
2789,2007-09-10,1.56
2790,2007-09-11,1.57
2791,2007-09-12,1.58
2792,2007-09-13,1.58
2793,2007-09-14,1.58
2794,2007-09-17,1.58
2795,2007-09-18,1.58
2796,2007-09-19,1.56
2797,2007-09-20,1.53
2798,2007-09-21,1.51
2799,2007-09-24,1.5
2800,2007-09-25,1.5
2801,2007-09-26,1.49
2802,2007-09-27,1.49
2803,2007-09-28,1.48
2804,2007-09-30,1.49
2805,2007-10-01,1.49
2806,2007-10-02,1.49
2807,2007-10-03,1.48
2808,2007-10-04,1.47
2809,2007-10-05,1.45
2810,2007-10-08,1.45
2811,2007-10-09,1.44
2812,2007-10-10,1.42
2813,2007-10-11,1.4
2814,2007-10-12,1.4
2815,2007-10-15,1.39
2816,2007-10-16,1.4
2817,2007-10-17,1.42
2818,2007-10-18,1.43
2819,2007-10-19,1.45
2820,2007-10-22,1.47
2821,2007-10-23,1.46
2822,2007-10-24,1.48
2823,2007-10-25,1.48
2824,2007-10-26,1.48
2825,2007-10-29,1.48
2826,2007-10-30,1.48
2827,2007-10-31,1.5
2828,2007-11-01,1.54
2829,2007-11-02,1.57
2830,2007-11-05,1.6
2831,2007-11-06,1.62
2832,2007-11-07,1.66
2833,2007-11-08,1.69
2834,2007-11-09,1.72
2835,2007-11-12,1.72
2836,2007-11-13,1.74
2837,2007-11-14,1.74
2838,2007-11-15,1.77
2839,2007-11-16,1.79
2840,2007-11-19,1.83
2841,2007-11-20,1.85
2842,2007-11-21,1.89
2843,2007-11-22,1.89
2844,2007-11-23,1.88
2845,2007-11-26,1.91
2846,2007-11-27,1.93
2847,2007-11-28,1.94
2848,2007-11-29,1.97
2849,2007-11-30,1.96
2850,2007-12-03,1.98
2851,2007-12-04,2.0
2852,2007-12-05,2.02
2853,2007-12-06,2.04
2854,2007-12-07,2.03
2855,2007-12-10,2.03
2856,2007-12-11,2.05
2857,2007-12-12,2.03
2858,2007-12-13,2.04
2859,2007-12-14,2.03
2860,2007-12-17,2.03
2861,2007-12-18,2.03
2862,2007-12-19,2.03
2863,2007-12-20,2.04
2864,2007-12-21,2.03
2865,2007-12-24,2.03
2866,2007-12-26,2.03
2867,2007-12-27,2.03
2868,2007-12-28,2.03
2869,2007-12-31,2.03
2870,2008-01-02,2.05
2871,2008-01-03,2.06
2872,2008-01-04,2.09
2873,2008-01-07,2.11
2874,2008-01-08,2.12
2875,2008-01-09,2.17
2876,2008-01-10,2.17
2877,2008-01-11,2.17
2878,2008-01-14,2.16
2879,2008-01-15,2.18
2880,2008-01-16,2.19
2881,2008-01-17,2.22
2882,2008-01-18,2.24
2883,2008-01-21,2.24
2884,2008-01-22,2.31
2885,2008-01-23,2.33
2886,2008-01-24,2.3
2887,2008-01-25,2.3
2888,2008-01-28,2.29
2889,2008-01-29,2.28
2890,2008-01-30,2.29
2891,2008-01-31,2.3
2892,2008-02-01,2.3
2893,2008-02-04,2.31
2894,2008-02-05,2.31
2895,2008-02-06,2.31
2896,2008-02-07,2.33
2897,2008-02-08,2.34
2898,2008-02-11,2.36
2899,2008-02-12,2.37
2900,2008-02-13,2.38
2901,2008-02-14,2.38
2902,2008-02-15,2.39
2903,2008-02-18,2.39
2904,2008-02-19,2.39
2905,2008-02-20,2.4
2906,2008-02-21,2.41
2907,2008-02-22,2.42
2908,2008-02-25,2.42
2909,2008-02-26,2.43
2910,2008-02-27,2.44
2911,2008-02-28,2.47
2912,2008-02-29,2.52
2913,2008-03-03,2.55
2914,2008-03-04,2.6
2915,2008-03-05,2.64
2916,2008-03-06,2.72
2917,2008-03-07,2.75
2918,2008-03-10,2.8
2919,2008-03-11,2.84
2920,2008-03-12,2.86
2921,2008-03-13,2.92
2922,2008-03-14,2.97
2923,2008-03-17,3.03
2924,2008-03-18,3.02
2925,2008-03-19,3.03
2926,2008-03-20,3.05
2927,2008-03-24,3.01
2928,2008-03-25,2.99
2929,2008-03-26,2.98
2930,2008-03-27,2.99
2931,2008-03-28,2.99
2932,2008-03-31,3.0
2933,2008-04-01,2.98
2934,2008-04-02,2.94
2935,2008-04-03,2.92
2936,2008-04-04,2.89
2937,2008-04-07,2.85
2938,2008-04-08,2.84
2939,2008-04-09,2.86
2940,2008-04-10,2.86
2941,2008-04-11,2.87
2942,2008-04-14,2.87
2943,2008-04-15,2.85
2944,2008-04-16,2.84
2945,2008-04-17,2.82
2946,2008-04-18,2.77
2947,2008-04-21,2.74
2948,2008-04-22,2.72
2949,2008-04-23,2.7
2950,2008-04-24,2.68
2951,2008-04-25,2.67
2952,2008-04-28,2.65
2953,2008-04-29,2.63
2954,2008-04-30,2.6
2955,2008-05-01,2.57
2956,2008-05-02,2.53
2957,2008-05-05,2.52
2958,2008-05-06,2.52
2959,2008-05-07,2.52
2960,2008-05-08,2.53
2961,2008-05-09,2.53
2962,2008-05-12,2.53
2963,2008-05-13,2.51
2964,2008-05-14,2.5
2965,2008-05-15,2.5
2966,2008-05-16,2.49
2967,2008-05-19,2.49
2968,2008-05-20,2.5
2969,2008-05-21,2.5
2970,2008-05-22,2.51
2971,2008-05-23,2.52
2972,2008-05-26,2.52
2973,2008-05-27,2.53
2974,2008-05-28,2.52
2975,2008-05-29,2.5
2976,2008-05-30,2.5
2977,2008-05-31,2.48
2978,2008-06-02,2.49
2979,2008-06-03,2.5
2980,2008-06-04,2.51
2981,2008-06-05,2.5
2982,2008-06-06,2.5
2983,2008-06-09,2.48
2984,2008-06-10,2.49
2985,2008-06-11,2.5
2986,2008-06-12,2.49
2987,2008-06-13,2.49
2988,2008-06-16,2.49
2989,2008-06-17,2.48
2990,2008-06-18,2.5
2991,2008-06-19,2.5
2992,2008-06-20,2.54
2993,2008-06-23,2.55
2994,2008-06-24,2.58
2995,2008-06-25,2.59
2996,2008-06-26,2.66
2997,2008-06-27,2.68
2998,2008-06-30,2.74
2999,2008-07-01,2.77
3000,2008-07-02,2.77
3001,2008-07-03,2.79
3002,2008-07-04,2.79
3003,2008-07-07,2.79
3004,2008-07-08,2.82
3005,2008-07-09,2.84
3006,2008-07-10,2.85
3007,2008-07-11,2.88
3008,2008-07-14,2.88
3009,2008-07-15,2.94
3010,2008-07-16,2.98
3011,2008-07-17,2.97
3012,2008-07-18,2.97
3013,2008-07-21,2.96
3014,2008-07-22,2.97
3015,2008-07-23,2.94
3016,2008-07-24,2.96
3017,2008-07-25,2.96
3018,2008-07-28,2.98
3019,2008-07-29,2.98
3020,2008-07-30,2.98
3021,2008-07-31,3.0
3022,2008-08-01,3.0
3023,2008-08-04,3.0
3024,2008-08-05,3.0
3025,2008-08-06,3.0
3026,2008-08-07,3.01
3027,2008-08-08,3.01
3028,2008-08-11,3.01
3029,2008-08-12,3.03
3030,2008-08-13,3.03
3031,2008-08-14,3.04
3032,2008-08-15,3.05
3033,2008-08-18,3.06
3034,2008-08-19,3.08
3035,2008-08-20,3.11
3036,2008-08-21,3.12
3037,2008-08-22,3.12
3038,2008-08-25,3.14
3039,2008-08-26,3.15
3040,2008-08-27,3.15
3041,2008-08-28,3.16
3042,2008-08-29,3.16
3043,2008-08-31,3.17
3044,2008-09-01,3.17
3045,2008-09-02,3.19
3046,2008-09-03,3.2
3047,2008-09-04,3.21
3048,2008-09-05,3.22
3049,2008-09-08,3.21
3050,2008-09-09,3.24
3051,2008-09-10,3.28
3052,2008-09-11,3.39
3053,2008-09-12,3.44
3054,2008-09-15,3.8
3055,2008-09-16,4.11
3056,2008-09-17,4.28
3057,2008-09-18,4.4
3058,2008-09-19,4.15
3059,2008-09-22,4.09
3060,2008-09-23,4.17
3061,2008-09-24,4.26
3062,2008-09-25,4.36
3063,2008-09-26,4.59
3064,2008-09-29,4.65
3065,2008-09-30,4.55
3066,2008-10-01,4.61
3067,2008-10-02,4.87
3068,2008-10-03,4.91
3069,2008-10-06,5.08
3070,2008-10-07,5.14
3071,2008-10-08,5.26
3072,2008-10-09,5.35
3073,2008-10-10,5.81
3074,2008-10-13,5.82
3075,2008-10-14,5.49
3076,2008-10-15,5.54
3077,2008-10-16,5.73
3078,2008-10-17,5.87
3079,2008-10-20,5.91
3080,2008-10-21,5.94
3081,2008-10-22,5.96
3082,2008-10-23,5.98
3083,2008-10-24,6.09
3084,2008-10-27,6.14
3085,2008-10-28,6.15
3086,2008-10-29,6.18
3087,2008-10-30,6.17
3088,2008-10-31,6.06
3089,2008-11-03,6.06
3090,2008-11-04,6.03
3091,2008-11-05,5.95
3092,2008-11-06,5.94
3093,2008-11-07,5.91
3094,2008-11-10,5.86
3095,2008-11-11,5.86
3096,2008-11-12,5.87
3097,2008-11-13,5.9
3098,2008-11-14,5.88
3099,2008-11-17,5.93
3100,2008-11-18,5.98
3101,2008-11-19,6.06
3102,2008-11-20,6.22
3103,2008-11-21,6.36
3104,2008-11-24,6.36
3105,2008-11-25,6.38
3106,2008-11-26,6.39
3107,2008-11-27,6.39
3108,2008-11-28,6.42
3109,2008-11-30,6.41
3110,2008-12-01,6.44
3111,2008-12-02,6.5
3112,2008-12-03,6.53
3113,2008-12-04,6.55
3114,2008-12-05,6.56
3115,2008-12-08,6.55
3116,2008-12-09,6.55
3117,2008-12-10,6.54
3118,2008-12-11,6.52
3119,2008-12-12,6.52
3120,2008-12-15,6.51
3121,2008-12-16,6.51
3122,2008-12-17,6.42
3123,2008-12-18,6.35
3124,2008-12-19,6.3
3125,2008-12-22,6.28
3126,2008-12-23,6.25
3127,2008-12-24,6.21
3128,2008-12-26,6.2
3129,2008-12-29,6.19
3130,2008-12-30,6.12
3131,2008-12-31,6.04
3132,2009-01-02,6.03
3133,2009-01-05,5.96
3134,2009-01-06,5.82
3135,2009-01-07,5.74
3136,2009-01-08,5.67
3137,2009-01-09,5.62
3138,2009-01-12,5.59
3139,2009-01-13,5.57
3140,2009-01-14,5.6
3141,2009-01-15,5.62
3142,2009-01-16,5.54
3143,2009-01-19,5.54
3144,2009-01-20,5.57
3145,2009-01-21,5.57
3146,2009-01-22,5.57
3147,2009-01-23,5.56
3148,2009-01-26,5.53
3149,2009-01-27,5.47
3150,2009-01-28,5.4
3151,2009-01-29,5.38
3152,2009-01-30,5.35
3153,2009-01-31,5.31
3154,2009-02-02,5.32
3155,2009-02-03,5.31
3156,2009-02-04,5.29
3157,2009-02-05,5.28
3158,2009-02-06,5.25
3159,2009-02-09,5.2
3160,2009-02-10,5.19
3161,2009-02-11,5.16
3162,2009-02-12,5.19
3163,2009-02-13,5.19
3164,2009-02-16,5.19
3165,2009-02-17,5.23
3166,2009-02-18,5.29
3167,2009-02-19,5.31
3168,2009-02-20,5.41
3169,2009-02-23,5.44
3170,2009-02-24,5.54
3171,2009-02-25,5.54
3172,2009-02-26,5.56
3173,2009-02-27,5.58
3174,2009-02-28,5.48
3175,2009-03-02,5.56
3176,2009-03-03,5.64
3177,2009-03-04,5.75
3178,2009-03-05,5.81
3179,2009-03-06,5.87
3180,2009-03-09,5.97
3181,2009-03-10,5.99
3182,2009-03-11,6.0
3183,2009-03-12,6.0
3184,2009-03-13,6.0
3185,2009-03-16,5.96
3186,2009-03-17,5.95
3187,2009-03-18,5.97
3188,2009-03-19,5.97
3189,2009-03-20,5.99
3190,2009-03-23,5.99
3191,2009-03-24,5.98
3192,2009-03-25,6.0
3193,2009-03-26,5.98
3194,2009-03-27,5.96
3195,2009-03-30,5.99
3196,2009-03-31,5.86
3197,2009-04-01,5.86
3198,2009-04-02,5.82
3199,2009-04-03,5.81
3200,2009-04-06,5.78
3201,2009-04-07,5.75
3202,2009-04-08,5.71
3203,2009-04-09,5.63
3204,2009-04-13,5.6
3205,2009-04-14,5.54
3206,2009-04-15,5.47
3207,2009-04-16,5.4
3208,2009-04-17,5.32
3209,2009-04-20,5.28
3210,2009-04-21,5.26
3211,2009-04-22,5.23
3212,2009-04-23,5.2
3213,2009-04-24,5.16
3214,2009-04-27,5.14
3215,2009-04-28,5.1
3216,2009-04-29,5.02
3217,2009-04-30,4.87
3218,2009-05-01,4.81
3219,2009-05-04,4.78
3220,2009-05-05,4.71
3221,2009-05-06,4.64
3222,2009-05-07,4.53
3223,2009-05-08,4.44
3224,2009-05-11,4.44
3225,2009-05-12,4.42
3226,2009-05-13,4.42
3227,2009-05-14,4.43
3228,2009-05-15,4.42
3229,2009-05-18,4.4
3230,2009-05-19,4.34
3231,2009-05-20,4.28
3232,2009-05-21,4.25
3233,2009-05-22,4.22
3234,2009-05-25,4.22
3235,2009-05-26,4.16
3236,2009-05-27,4.09
3237,2009-05-28,4.02
3238,2009-05-29,3.94
3239,2009-05-31,3.87
3240,2009-06-01,3.82
3241,2009-06-02,3.71
3242,2009-06-03,3.65
3243,2009-06-04,3.63
3244,2009-06-05,3.56
3245,2009-06-08,3.52
3246,2009-06-09,3.5
3247,2009-06-10,3.44
3248,2009-06-11,3.4
3249,2009-06-12,3.38
3250,2009-06-15,3.36
3251,2009-06-16,3.35
3252,2009-06-17,3.36
3253,2009-06-18,3.34
3254,2009-06-19,3.31
3255,2009-06-22,3.32
3256,2009-06-23,3.31
3257,2009-06-24,3.31
3258,2009-06-25,3.32
3259,2009-06-26,3.33
3260,2009-06-29,3.33
3261,2009-06-30,3.31
3262,2009-07-01,3.31
3263,2009-07-02,3.3
3264,2009-07-03,3.3
3265,2009-07-06,3.31
3266,2009-07-07,3.3
3267,2009-07-08,3.31
3268,2009-07-09,3.3
3269,2009-07-10,3.3
3270,2009-07-13,3.29
3271,2009-07-14,3.27
3272,2009-07-15,3.22
3273,2009-07-16,3.19
3274,2009-07-17,3.13
3275,2009-07-20,3.11
3276,2009-07-21,3.07
3277,2009-07-22,3.05
3278,2009-07-23,3.02
3279,2009-07-24,2.98
3280,2009-07-27,2.95
3281,2009-07-28,2.91
3282,2009-07-29,2.86
3283,2009-07-30,2.78
3284,2009-07-31,2.73
3285,2009-08-03,2.7
3286,2009-08-04,2.65
3287,2009-08-05,2.61
3288,2009-08-06,2.57
3289,2009-08-07,2.54
3290,2009-08-10,2.52
3291,2009-08-11,2.53
3292,2009-08-12,2.54
3293,2009-08-13,2.53
3294,2009-08-14,2.54
3295,2009-08-17,2.58
3296,2009-08-18,2.6
3297,2009-08-19,2.6
3298,2009-08-20,2.6
3299,2009-08-21,2.58
3300,2009-08-24,2.57
3301,2009-08-25,2.55
3302,2009-08-26,2.54
3303,2009-08-27,2.53
3304,2009-08-28,2.52
3305,2009-08-31,2.53
3306,2009-09-01,2.54
3307,2009-09-02,2.54
3308,2009-09-03,2.54
3309,2009-09-04,2.53
3310,2009-09-07,2.53
3311,2009-09-08,2.51
3312,2009-09-09,2.5
3313,2009-09-10,2.47
3314,2009-09-11,2.44
3315,2009-09-14,2.42
3316,2009-09-15,2.39
3317,2009-09-16,2.36
3318,2009-09-17,2.35
3319,2009-09-18,2.33
3320,2009-09-21,2.32
3321,2009-09-22,2.3
3322,2009-09-23,2.31
3323,2009-09-24,2.31
3324,2009-09-25,2.31
3325,2009-09-28,2.32
3326,2009-09-29,2.33
3327,2009-09-30,2.35
3328,2009-10-01,2.38
3329,2009-10-02,2.39
3330,2009-10-05,2.38
3331,2009-10-06,2.35
3332,2009-10-07,2.35
3333,2009-10-08,2.34
3334,2009-10-09,2.33
3335,2009-10-12,2.33
3336,2009-10-13,2.33
3337,2009-10-14,2.31
3338,2009-10-15,2.3
3339,2009-10-16,2.29
3340,2009-10-19,2.28
3341,2009-10-20,2.26
3342,2009-10-21,2.25
3343,2009-10-22,2.23
3344,2009-10-23,2.21
3345,2009-10-26,2.19
3346,2009-10-27,2.18
3347,2009-10-28,2.18
3348,2009-10-29,2.18
3349,2009-10-30,2.18
3350,2009-10-31,2.18
3351,2009-11-02,2.19
3352,2009-11-03,2.19
3353,2009-11-04,2.19
3354,2009-11-05,2.18
3355,2009-11-06,2.18
3356,2009-11-09,2.17
3357,2009-11-10,2.16
3358,2009-11-11,2.16
3359,2009-11-12,2.16
3360,2009-11-13,2.16
3361,2009-11-16,2.15
3362,2009-11-17,2.15
3363,2009-11-18,2.15
3364,2009-11-19,2.15
3365,2009-11-20,2.15
3366,2009-11-23,2.15
3367,2009-11-24,2.16
3368,2009-11-25,2.16
3369,2009-11-26,2.16
3370,2009-11-27,2.19
3371,2009-11-30,2.21
3372,2009-12-01,2.21
3373,2009-12-02,2.19
3374,2009-12-03,2.17
3375,2009-12-04,2.15
3376,2009-12-07,2.13
3377,2009-12-08,2.13
3378,2009-12-09,2.12
3379,2009-12-10,2.1
3380,2009-12-11,2.08
3381,2009-12-14,2.04
3382,2009-12-15,2.02
3383,2009-12-16,2.01
3384,2009-12-17,2.01
3385,2009-12-18,1.99
3386,2009-12-21,1.98
3387,2009-12-22,1.96
3388,2009-12-23,1.96
3389,2009-12-24,1.94
3390,2009-12-28,1.93
3391,2009-12-29,1.91
3392,2009-12-30,1.9
3393,2009-12-31,1.9
3394,2010-01-04,1.88
3395,2010-01-05,1.85
3396,2010-01-06,1.83
3397,2010-01-07,1.81
3398,2010-01-08,1.78
3399,2010-01-11,1.76
3400,2010-01-12,1.76
3401,2010-01-13,1.76
3402,2010-01-14,1.76
3403,2010-01-15,1.77
3404,2010-01-18,1.77
3405,2010-01-19,1.78
3406,2010-01-20,1.78
3407,2010-01-21,1.79
3408,2010-01-22,1.8
3409,2010-01-25,1.82
3410,2010-01-26,1.82
3411,2010-01-27,1.82
3412,2010-01-28,1.83
3413,2010-01-29,1.83
3414,2010-01-31,1.81
3415,2010-02-01,1.84
3416,2010-02-02,1.82
3417,2010-02-03,1.82
3418,2010-02-04,1.85
3419,2010-02-05,1.88
3420,2010-02-08,1.89
3421,2010-02-09,1.9
3422,2010-02-10,1.9
3423,2010-02-11,1.91
3424,2010-02-12,1.91
3425,2010-02-15,1.9
3426,2010-02-16,1.91
3427,2010-02-17,1.9
3428,2010-02-18,1.88
3429,2010-02-19,1.86
3430,2010-02-22,1.85
3431,2010-02-23,1.84
3432,2010-02-24,1.84
3433,2010-02-25,1.85
3434,2010-02-26,1.84
3435,2010-02-28,1.85
3436,2010-03-01,1.86
3437,2010-03-02,1.83
3438,2010-03-03,1.83
3439,2010-03-04,1.83
3440,2010-03-05,1.8
3441,2010-03-08,1.78
3442,2010-03-09,1.77
3443,2010-03-10,1.76
3444,2010-03-11,1.75
3445,2010-03-12,1.74
3446,2010-03-15,1.73
3447,2010-03-16,1.72
3448,2010-03-17,1.71
3449,2010-03-18,1.69
3450,2010-03-19,1.68
3451,2010-03-22,1.68
3452,2010-03-23,1.68
3453,2010-03-24,1.66
3454,2010-03-25,1.64
3455,2010-03-26,1.63
3456,2010-03-29,1.63
3457,2010-03-30,1.63
3458,2010-03-31,1.61
3459,2010-04-01,1.61
3460,2010-04-05,1.59
3461,2010-04-06,1.57
3462,2010-04-07,1.58
3463,2010-04-08,1.58
3464,2010-04-09,1.57
3465,2010-04-12,1.56
3466,2010-04-13,1.55
3467,2010-04-14,1.53
3468,2010-04-15,1.52
3469,2010-04-16,1.53
3470,2010-04-19,1.53
3471,2010-04-20,1.52
3472,2010-04-21,1.51
3473,2010-04-22,1.52
3474,2010-04-23,1.51
3475,2010-04-26,1.52
3476,2010-04-27,1.54
3477,2010-04-28,1.55
3478,2010-04-29,1.55
3479,2010-04-30,1.55
3480,2010-05-03,1.57
3481,2010-05-04,1.6
3482,2010-05-05,1.64
3483,2010-05-06,1.76
3484,2010-05-07,1.84
3485,2010-05-10,1.77
3486,2010-05-11,1.79
3487,2010-05-12,1.77
3488,2010-05-13,1.76
3489,2010-05-14,1.79
3490,2010-05-17,1.79
3491,2010-05-18,1.81
3492,2010-05-19,1.86
3493,2010-05-20,1.96
3494,2010-05-21,1.97
3495,2010-05-24,1.98
3496,2010-05-25,2.06
3497,2010-05-26,2.04
3498,2010-05-27,2.02
3499,2010-05-28,2.02
3500,2010-05-31,2.02
3501,2010-06-01,2.05
3502,2010-06-02,2.07
3503,2010-06-03,2.05
3504,2010-06-04,2.08
3505,2010-06-07,2.08
3506,2010-06-08,2.11
3507,2010-06-09,2.12
3508,2010-06-10,2.13
3509,2010-06-11,2.13
3510,2010-06-14,2.11
3511,2010-06-15,2.11
3512,2010-06-16,2.1
3513,2010-06-17,2.09
3514,2010-06-18,2.08
3515,2010-06-21,2.05
3516,2010-06-22,2.05
3517,2010-06-23,2.06
3518,2010-06-24,2.07
3519,2010-06-25,2.07
3520,2010-06-28,2.08
3521,2010-06-29,2.09
3522,2010-06-30,2.09
3523,2010-07-01,2.09
3524,2010-07-02,2.08
3525,2010-07-05,2.09
3526,2010-07-06,2.07
3527,2010-07-07,2.08
3528,2010-07-08,2.06
3529,2010-07-09,2.04
3530,2010-07-12,2.03
3531,2010-07-13,2.0
3532,2010-07-14,1.98
3533,2010-07-15,1.98
3534,2010-07-16,1.98
3535,2010-07-19,1.98
3536,2010-07-20,1.98
3537,2010-07-21,1.97
3538,2010-07-22,1.96
3539,2010-07-23,1.93
3540,2010-07-26,1.91
3541,2010-07-27,1.87
3542,2010-07-28,1.87
3543,2010-07-29,1.86
3544,2010-07-30,1.88
3545,2010-07-31,1.89
3546,2010-08-02,1.88
3547,2010-08-03,1.88
3548,2010-08-04,1.87
3549,2010-08-05,1.87
3550,2010-08-06,1.87
3551,2010-08-09,1.86
3552,2010-08-10,1.88
3553,2010-08-11,1.9
3554,2010-08-12,1.91
3555,2010-08-13,1.9
3556,2010-08-16,1.9
3557,2010-08-17,1.89
3558,2010-08-18,1.88
3559,2010-08-19,1.88
3560,2010-08-20,1.88
3561,2010-08-23,1.88
3562,2010-08-24,1.9
3563,2010-08-25,1.9
3564,2010-08-26,1.91
3565,2010-08-27,1.91
3566,2010-08-30,1.92
3567,2010-08-31,1.95
3568,2010-09-01,1.94
3569,2010-09-02,1.93
3570,2010-09-03,1.91
3571,2010-09-06,1.9
3572,2010-09-07,1.9
3573,2010-09-08,1.89
3574,2010-09-09,1.88
3575,2010-09-10,1.87
3576,2010-09-13,1.85
3577,2010-09-14,1.84
3578,2010-09-15,1.85
3579,2010-09-16,1.84
3580,2010-09-17,1.84
3581,2010-09-20,1.83
3582,2010-09-21,1.83
3583,2010-09-22,1.84
3584,2010-09-23,1.84
3585,2010-09-24,1.84
3586,2010-09-27,1.84
3587,2010-09-28,1.84
3588,2010-09-29,1.84
3589,2010-09-30,1.84
3590,2010-10-01,1.84
3591,2010-10-04,1.84
3592,2010-10-05,1.83
3593,2010-10-06,1.82
3594,2010-10-07,1.81
3595,2010-10-08,1.81
3596,2010-10-11,1.81
3597,2010-10-12,1.8
3598,2010-10-13,1.8
3599,2010-10-14,1.81
3600,2010-10-15,1.82
3601,2010-10-18,1.82
3602,2010-10-19,1.82
3603,2010-10-20,1.83
3604,2010-10-21,1.82
3605,2010-10-22,1.81
3606,2010-10-25,1.79
3607,2010-10-26,1.78
3608,2010-10-27,1.76
3609,2010-10-28,1.77
3610,2010-10-29,1.77
3611,2010-10-31,1.77
3612,2010-11-01,1.79
3613,2010-11-02,1.78
3614,2010-11-03,1.78
3615,2010-11-04,1.77
3616,2010-11-05,1.76
3617,2010-11-08,1.75
3618,2010-11-09,1.74
3619,2010-11-10,1.75
3620,2010-11-11,1.75
3621,2010-11-12,1.76
3622,2010-11-15,1.76
3623,2010-11-16,1.76
3624,2010-11-17,1.77
3625,2010-11-18,1.75
3626,2010-11-19,1.75
3627,2010-11-22,1.75
3628,2010-11-23,1.77
3629,2010-11-24,1.77
3630,2010-11-25,1.77
3631,2010-11-26,1.76
3632,2010-11-29,1.79
3633,2010-11-30,1.82
3634,2010-12-01,1.81
3635,2010-12-02,1.8
3636,2010-12-03,1.79
3637,2010-12-06,1.79
3638,2010-12-07,1.76
3639,2010-12-08,1.74
3640,2010-12-09,1.72
3641,2010-12-10,1.71
3642,2010-12-13,1.71
3643,2010-12-14,1.7
3644,2010-12-15,1.69
3645,2010-12-16,1.7
3646,2010-12-17,1.69
3647,2010-12-20,1.69
3648,2010-12-21,1.69
3649,2010-12-22,1.68
3650,2010-12-23,1.66
3651,2010-12-24,1.66
3652,2010-12-27,1.67
3653,2010-12-28,1.66
3654,2010-12-29,1.67
3655,2010-12-30,1.66
3656,2010-12-31,1.66
3657,2011-01-03,1.66
3658,2011-01-04,1.64
3659,2011-01-05,1.63
3660,2011-01-06,1.62
3661,2011-01-07,1.63
3662,2011-01-10,1.64
3663,2011-01-11,1.63
3664,2011-01-12,1.63
3665,2011-01-13,1.63
3666,2011-01-14,1.63
3667,2011-01-17,1.62
3668,2011-01-18,1.62
3669,2011-01-19,1.61
3670,2011-01-20,1.61
3671,2011-01-21,1.6
3672,2011-01-24,1.59
3673,2011-01-25,1.6
3674,2011-01-26,1.59
3675,2011-01-27,1.59
3676,2011-01-28,1.6
3677,2011-01-31,1.62
3678,2011-02-01,1.61
3679,2011-02-02,1.59
3680,2011-02-03,1.58
3681,2011-02-04,1.55
3682,2011-02-07,1.53
3683,2011-02-08,1.52
3684,2011-02-09,1.52
3685,2011-02-10,1.51
3686,2011-02-11,1.5
3687,2011-02-14,1.5
3688,2011-02-15,1.49
3689,2011-02-16,1.49
3690,2011-02-17,1.48
3691,2011-02-18,1.48
3692,2011-02-21,1.48
3693,2011-02-22,1.49
3694,2011-02-23,1.5
3695,2011-02-24,1.51
3696,2011-02-25,1.51
3697,2011-02-28,1.51
3698,2011-03-01,1.52
3699,2011-03-02,1.51
3700,2011-03-03,1.49
3701,2011-03-04,1.49
3702,2011-03-07,1.49
3703,2011-03-08,1.48
3704,2011-03-09,1.49
3705,2011-03-10,1.51
3706,2011-03-11,1.51
3707,2011-03-14,1.51
3708,2011-03-15,1.55
3709,2011-03-16,1.57
3710,2011-03-17,1.57
3711,2011-03-18,1.55
3712,2011-03-21,1.54
3713,2011-03-22,1.53
3714,2011-03-23,1.53
3715,2011-03-24,1.52
3716,2011-03-25,1.5
3717,2011-03-28,1.5
3718,2011-03-29,1.49
3719,2011-03-30,1.5
3720,2011-03-31,1.5
3721,2011-04-01,1.5
3722,2011-04-04,1.5
3723,2011-04-05,1.48
3724,2011-04-06,1.47
3725,2011-04-07,1.46
3726,2011-04-08,1.45
3727,2011-04-11,1.45
3728,2011-04-12,1.46
3729,2011-04-13,1.46
3730,2011-04-14,1.46
3731,2011-04-15,1.46
3732,2011-04-18,1.47
3733,2011-04-19,1.48
3734,2011-04-20,1.47
3735,2011-04-21,1.46
3736,2011-04-25,1.46
3737,2011-04-26,1.46
3738,2011-04-27,1.46
3739,2011-04-28,1.46
3740,2011-04-29,1.46
3741,2011-04-30,1.47
3742,2011-05-02,1.48
3743,2011-05-03,1.47
3744,2011-05-04,1.47
3745,2011-05-05,1.48
3746,2011-05-06,1.48
3747,2011-05-09,1.48
3748,2011-05-10,1.48
3749,2011-05-11,1.49
3750,2011-05-12,1.49
3751,2011-05-13,1.49
3752,2011-05-16,1.5
3753,2011-05-17,1.5
3754,2011-05-18,1.5
3755,2011-05-19,1.5
3756,2011-05-20,1.5
3757,2011-05-23,1.51
3758,2011-05-24,1.51
3759,2011-05-25,1.53
3760,2011-05-26,1.54
3761,2011-05-27,1.54
3762,2011-05-30,1.54
3763,2011-05-31,1.56
3764,2011-06-01,1.57
3765,2011-06-02,1.59
3766,2011-06-03,1.6
3767,2011-06-06,1.6
3768,2011-06-07,1.6
3769,2011-06-08,1.62
3770,2011-06-09,1.62
3771,2011-06-10,1.62
3772,2011-06-13,1.63
3773,2011-06-14,1.62
3774,2011-06-15,1.65
3775,2011-06-16,1.66
3776,2011-06-17,1.66
3777,2011-06-20,1.67
3778,2011-06-21,1.66
3779,2011-06-22,1.67
3780,2011-06-23,1.69
3781,2011-06-24,1.7
3782,2011-06-27,1.71
3783,2011-06-28,1.69
3784,2011-06-29,1.67
3785,2011-06-30,1.64
3786,2011-07-01,1.61
3787,2011-07-04,1.61
3788,2011-07-05,1.62
3789,2011-07-06,1.63
3790,2011-07-07,1.61
3791,2011-07-08,1.62
3792,2011-07-11,1.64
3793,2011-07-12,1.66
3794,2011-07-13,1.66
3795,2011-07-14,1.65
3796,2011-07-15,1.67
3797,2011-07-18,1.68
3798,2011-07-19,1.68
3799,2011-07-20,1.68
3800,2011-07-21,1.67
3801,2011-07-22,1.66
3802,2011-07-25,1.66
3803,2011-07-26,1.65
3804,2011-07-27,1.65
3805,2011-07-28,1.64
3806,2011-07-29,1.65
3807,2011-07-31,1.66
3808,2011-08-01,1.66
3809,2011-08-02,1.68
3810,2011-08-03,1.68
3811,2011-08-04,1.73
3812,2011-08-05,1.74
3813,2011-08-08,1.9
3814,2011-08-09,1.96
3815,2011-08-10,2.01
3816,2011-08-11,2.09
3817,2011-08-12,2.08
3818,2011-08-15,2.09
3819,2011-08-16,2.09
3820,2011-08-17,2.09
3821,2011-08-18,2.14
3822,2011-08-19,2.17
3823,2011-08-22,2.17
3824,2011-08-23,2.24
3825,2011-08-24,2.27
3826,2011-08-25,2.25
3827,2011-08-26,2.27
3828,2011-08-29,2.27
3829,2011-08-30,2.25
3830,2011-08-31,2.21
3831,2011-09-01,2.2
3832,2011-09-02,2.21
3833,2011-09-05,2.21
3834,2011-09-06,2.24
3835,2011-09-07,2.24
3836,2011-09-08,2.24
3837,2011-09-09,2.27
3838,2011-09-12,2.32
3839,2011-09-13,2.33
3840,2011-09-14,2.33
3841,2011-09-15,2.33
3842,2011-09-16,2.32
3843,2011-09-19,2.36
3844,2011-09-20,2.36
3845,2011-09-21,2.38
3846,2011-09-22,2.51
3847,2011-09-23,2.55
3848,2011-09-26,2.55
3849,2011-09-27,2.53
3850,2011-09-28,2.54
3851,2011-09-29,2.54
3852,2011-09-30,2.57
3853,2011-10-03,2.62
3854,2011-10-04,2.72
3855,2011-10-05,2.72
3856,2011-10-06,2.7
3857,2011-10-07,2.65
3858,2011-10-10,2.65
3859,2011-10-11,2.6
3860,2011-10-12,2.55
3861,2011-10-13,2.54
3862,2011-10-14,2.51
3863,2011-10-17,2.49
3864,2011-10-18,2.49
3865,2011-10-19,2.43
3866,2011-10-20,2.42
3867,2011-10-21,2.38
3868,2011-10-24,2.34
3869,2011-10-25,2.32
3870,2011-10-26,2.31
3871,2011-10-27,2.19
3872,2011-10-28,2.17
3873,2011-10-31,2.22
3874,2011-11-01,2.29
3875,2011-11-02,2.28
3876,2011-11-03,2.27
3877,2011-11-04,2.28
3878,2011-11-07,2.29
3879,2011-11-08,2.3
3880,2011-11-09,2.36
3881,2011-11-10,2.37
3882,2011-11-11,2.37
3883,2011-11-14,2.39
3884,2011-11-15,2.41
3885,2011-11-16,2.44
3886,2011-11-17,2.48
3887,2011-11-18,2.49
3888,2011-11-21,2.55
3889,2011-11-22,2.61
3890,2011-11-23,2.64
3891,2011-11-24,2.64
3892,2011-11-25,2.65
3893,2011-11-28,2.66
3894,2011-11-29,2.67
3895,2011-11-30,2.66
3896,2011-12-01,2.64
3897,2011-12-02,2.6
3898,2011-12-05,2.56
3899,2011-12-06,2.56
3900,2011-12-07,2.56
3901,2011-12-08,2.58
3902,2011-12-09,2.59
3903,2011-12-12,2.61
3904,2011-12-13,2.61
3905,2011-12-14,2.62
3906,2011-12-15,2.62
3907,2011-12-16,2.62
3908,2011-12-19,2.62
3909,2011-12-20,2.62
3910,2011-12-21,2.62
3911,2011-12-22,2.6
3912,2011-12-23,2.6
3913,2011-12-27,2.6
3914,2011-12-28,2.58
3915,2011-12-29,2.57
3916,2011-12-30,2.56
3917,2011-12-31,2.57
3918,2012-01-03,2.54
3919,2012-01-04,2.53
3920,2012-01-05,2.52
3921,2012-01-06,2.51
3922,2012-01-09,2.5
3923,2012-01-10,2.48
3924,2012-01-11,2.49
3925,2012-01-12,2.47
3926,2012-01-13,2.48
3927,2012-01-16,2.47
3928,2012-01-17,2.46
3929,2012-01-18,2.44
3930,2012-01-19,2.4
3931,2012-01-20,2.38
3932,2012-01-23,2.34
3933,2012-01-24,2.33
3934,2012-01-25,2.32
3935,2012-01-26,2.29
3936,2012-01-27,2.28
3937,2012-01-30,2.28
3938,2012-01-31,2.29
3939,2012-02-01,2.27
3940,2012-02-02,2.25
3941,2012-02-03,2.2
3942,2012-02-06,2.19
3943,2012-02-07,2.17
3944,2012-02-08,2.15
3945,2012-02-09,2.13
3946,2012-02-10,2.15
3947,2012-02-13,2.14
3948,2012-02-14,2.13
3949,2012-02-15,2.14
3950,2012-02-16,2.15
3951,2012-02-17,2.12
3952,2012-02-20,2.12
3953,2012-02-21,2.11
3954,2012-02-22,2.1
3955,2012-02-23,2.1
3956,2012-02-24,2.08
3957,2012-02-27,2.08
3958,2012-02-28,2.06
3959,2012-02-29,2.03
3960,2012-03-01,2.01
3961,2012-03-02,2.0
3962,2012-03-05,2.0
3963,2012-03-06,2.03
3964,2012-03-07,2.03
3965,2012-03-08,2.02
3966,2012-03-09,2.01
3967,2012-03-12,2.0
3968,2012-03-13,1.98
3969,2012-03-14,1.94
3970,2012-03-15,1.93
3971,2012-03-16,1.91
3972,2012-03-19,1.9
3973,2012-03-20,1.89
3974,2012-03-21,1.89
3975,2012-03-22,1.91
3976,2012-03-23,1.91
3977,2012-03-26,1.91
3978,2012-03-27,1.91
3979,2012-03-28,1.92
3980,2012-03-29,1.93
3981,2012-03-30,1.92
3982,2012-03-31,1.92
3983,2012-04-02,1.92
3984,2012-04-03,1.92
3985,2012-04-04,1.94
3986,2012-04-05,1.96
3987,2012-04-09,1.99
3988,2012-04-10,2.02
3989,2012-04-11,2.03
3990,2012-04-12,2.01
3991,2012-04-13,2.02
3992,2012-04-16,2.02
3993,2012-04-17,2.01
3994,2012-04-18,2.02
3995,2012-04-19,2.01
3996,2012-04-20,2.02
3997,2012-04-23,2.03
3998,2012-04-24,2.03
3999,2012-04-25,2.02
4000,2012-04-26,2.02
4001,2012-04-27,2.02
4002,2012-04-30,2.03
4003,2012-05-01,2.02
4004,2012-05-02,2.01
4005,2012-05-03,2.0
4006,2012-05-04,2.0
4007,2012-05-07,2.01
4008,2012-05-08,2.02
4009,2012-05-09,2.03
4010,2012-05-10,2.03
4011,2012-05-11,2.04
4012,2012-05-14,2.08
4013,2012-05-15,2.09
4014,2012-05-16,2.13
4015,2012-05-17,2.18
4016,2012-05-18,2.23
4017,2012-05-21,2.24
4018,2012-05-22,2.23
4019,2012-05-23,2.25
4020,2012-05-24,2.25
4021,2012-05-25,2.24
4022,2012-05-28,2.24
4023,2012-05-29,2.23
4024,2012-05-30,2.26
4025,2012-05-31,2.29
4026,2012-06-01,2.33
4027,2012-06-04,2.33
4028,2012-06-05,2.33
4029,2012-06-06,2.3
4030,2012-06-07,2.27
4031,2012-06-08,2.26
4032,2012-06-11,2.25
4033,2012-06-12,2.26
4034,2012-06-13,2.26
4035,2012-06-14,2.25
4036,2012-06-15,2.24
4037,2012-06-18,2.24
4038,2012-06-19,2.21
4039,2012-06-20,2.2
4040,2012-06-21,2.18
4041,2012-06-22,2.17
4042,2012-06-25,2.18
4043,2012-06-26,2.18
4044,2012-06-27,2.18
4045,2012-06-28,2.19
4046,2012-06-29,2.15
4047,2012-06-30,2.15
4048,2012-07-02,2.13
4049,2012-07-03,2.12
4050,2012-07-04,2.12
4051,2012-07-05,2.11
4052,2012-07-06,2.11
4053,2012-07-09,2.11
4054,2012-07-10,2.1
4055,2012-07-11,2.09
4056,2012-07-12,2.09
4057,2012-07-13,2.07
4058,2012-07-16,2.05
4059,2012-07-17,2.03
4060,2012-07-18,2.01
4061,2012-07-19,1.98
4062,2012-07-20,1.99
4063,2012-07-23,2.01
4064,2012-07-24,2.01
4065,2012-07-25,2.01
4066,2012-07-26,2.0
4067,2012-07-27,1.95
4068,2012-07-30,1.94
4069,2012-07-31,1.94
4070,2012-08-01,1.93
4071,2012-08-02,1.94
4072,2012-08-03,1.92
4073,2012-08-06,1.9
4074,2012-08-07,1.89
4075,2012-08-08,1.88
4076,2012-08-09,1.88
4077,2012-08-10,1.87
4078,2012-08-13,1.88
4079,2012-08-14,1.86
4080,2012-08-15,1.86
4081,2012-08-16,1.86
4082,2012-08-17,1.85
4083,2012-08-20,1.84
4084,2012-08-21,1.84
4085,2012-08-22,1.84
4086,2012-08-23,1.84
4087,2012-08-24,1.84
4088,2012-08-27,1.84
4089,2012-08-28,1.84
4090,2012-08-29,1.84
4091,2012-08-30,1.85
4092,2012-08-31,1.86
4093,2012-09-03,1.86
4094,2012-09-04,1.85
4095,2012-09-05,1.85
4096,2012-09-06,1.83
4097,2012-09-07,1.81
4098,2012-09-10,1.8
4099,2012-09-11,1.79
4100,2012-09-12,1.77
4101,2012-09-13,1.76
4102,2012-09-14,1.7
4103,2012-09-17,1.68
4104,2012-09-18,1.68
4105,2012-09-19,1.67
4106,2012-09-20,1.68
4107,2012-09-21,1.67
4108,2012-09-24,1.67
4109,2012-09-25,1.68
4110,2012-09-26,1.7
4111,2012-09-27,1.7
4112,2012-09-28,1.68
4113,2012-09-30,1.69
4114,2012-10-01,1.68
4115,2012-10-02,1.67
4116,2012-10-03,1.67
4117,2012-10-04,1.64
4118,2012-10-05,1.62
4119,2012-10-08,1.61
4120,2012-10-09,1.61
4121,2012-10-10,1.6
4122,2012-10-11,1.59
4123,2012-10-12,1.58
4124,2012-10-15,1.56
4125,2012-10-16,1.52
4126,2012-10-17,1.48
4127,2012-10-18,1.46
4128,2012-10-19,1.47
4129,2012-10-22,1.47
4130,2012-10-23,1.49
4131,2012-10-24,1.49
4132,2012-10-25,1.48
4133,2012-10-26,1.49
4134,2012-10-29,1.49
4135,2012-10-31,1.51
4136,2012-11-01,1.5
4137,2012-11-02,1.5
4138,2012-11-05,1.51
4139,2012-11-06,1.5
4140,2012-11-07,1.54
4141,2012-11-08,1.55
4142,2012-11-09,1.57
4143,2012-11-12,1.57
4144,2012-11-13,1.59
4145,2012-11-14,1.6
4146,2012-11-15,1.62
4147,2012-11-16,1.62
4148,2012-11-19,1.61
4149,2012-11-20,1.61
4150,2012-11-21,1.61
4151,2012-11-22,1.61
4152,2012-11-23,1.61
4153,2012-11-26,1.6
4154,2012-11-27,1.6
4155,2012-11-28,1.61
4156,2012-11-29,1.61
4157,2012-11-30,1.6
4158,2012-12-03,1.6
4159,2012-12-04,1.6
4160,2012-12-05,1.6
4161,2012-12-06,1.6
4162,2012-12-07,1.59
4163,2012-12-10,1.59
4164,2012-12-11,1.59
4165,2012-12-12,1.58
4166,2012-12-13,1.58
4167,2012-12-14,1.57
4168,2012-12-17,1.56
4169,2012-12-18,1.55
4170,2012-12-19,1.54
4171,2012-12-20,1.53
4172,2012-12-21,1.53
4173,2012-12-24,1.53
4174,2012-12-26,1.54
4175,2012-12-27,1.54
4176,2012-12-28,1.53
4177,2012-12-31,1.54
4178,2013-01-02,1.5
4179,2013-01-03,1.48
4180,2013-01-04,1.46
4181,2013-01-07,1.45
4182,2013-01-08,1.45
4183,2013-01-09,1.46
4184,2013-01-10,1.45
4185,2013-01-11,1.45
4186,2013-01-14,1.45
4187,2013-01-15,1.47
4188,2013-01-16,1.47
4189,2013-01-17,1.47
4190,2013-01-18,1.47
4191,2013-01-21,1.46
4192,2013-01-22,1.47
4193,2013-01-23,1.47
4194,2013-01-24,1.47
4195,2013-01-25,1.45
4196,2013-01-28,1.44
4197,2013-01-29,1.44
4198,2013-01-30,1.45
4199,2013-01-31,1.48
4200,2013-02-01,1.47
4201,2013-02-04,1.49
4202,2013-02-05,1.48
4203,2013-02-06,1.49
4204,2013-02-07,1.49
4205,2013-02-08,1.49
4206,2013-02-11,1.48
4207,2013-02-12,1.48
4208,2013-02-13,1.47
4209,2013-02-14,1.47
4210,2013-02-15,1.47
4211,2013-02-18,1.47
4212,2013-02-19,1.47
4213,2013-02-20,1.47
4214,2013-02-21,1.47
4215,2013-02-22,1.47
4216,2013-02-25,1.47
4217,2013-02-26,1.49
4218,2013-02-27,1.49
4219,2013-02-28,1.49
4220,2013-03-01,1.49
4221,2013-03-04,1.49
4222,2013-03-05,1.48
4223,2013-03-06,1.47
4224,2013-03-07,1.46
4225,2013-03-08,1.45
4226,2013-03-11,1.45
4227,2013-03-12,1.45
4228,2013-03-13,1.45
4229,2013-03-14,1.44
4230,2013-03-15,1.45
4231,2013-03-18,1.46
4232,2013-03-19,1.46
4233,2013-03-20,1.47
4234,2013-03-21,1.47
4235,2013-03-22,1.48
4236,2013-03-25,1.47
4237,2013-03-26,1.49
4238,2013-03-27,1.5
4239,2013-03-28,1.5
4240,2013-03-31,1.51
4241,2013-04-01,1.51
4242,2013-04-02,1.51
4243,2013-04-03,1.52
4244,2013-04-04,1.51
4245,2013-04-05,1.51
4246,2013-04-08,1.5
4247,2013-04-09,1.49
4248,2013-04-10,1.48
4249,2013-04-11,1.48
4250,2013-04-12,1.48
4251,2013-04-15,1.48
4252,2013-04-16,1.48
4253,2013-04-17,1.49
4254,2013-04-18,1.49
4255,2013-04-19,1.49
4256,2013-04-22,1.48
4257,2013-04-23,1.47
4258,2013-04-24,1.47
4259,2013-04-25,1.47
4260,2013-04-26,1.47
4261,2013-04-29,1.47
4262,2013-04-30,1.47
4263,2013-05-01,1.47
4264,2013-05-02,1.47
4265,2013-05-03,1.45
4266,2013-05-06,1.44
4267,2013-05-07,1.43
4268,2013-05-08,1.43
4269,2013-05-09,1.43
4270,2013-05-10,1.43
4271,2013-05-13,1.43
4272,2013-05-14,1.42
4273,2013-05-15,1.42
4274,2013-05-16,1.43
4275,2013-05-17,1.42
4276,2013-05-20,1.41
4277,2013-05-21,1.42
4278,2013-05-22,1.41
4279,2013-05-23,1.42
4280,2013-05-24,1.42
4281,2013-05-27,1.42
4282,2013-05-28,1.41
4283,2013-05-29,1.43
4284,2013-05-30,1.44
4285,2013-05-31,1.47
4286,2013-06-03,1.48
4287,2013-06-04,1.49
4288,2013-06-05,1.53
4289,2013-06-06,1.55
4290,2013-06-07,1.54
4291,2013-06-10,1.54
4292,2013-06-11,1.58
4293,2013-06-12,1.58
4294,2013-06-13,1.59
4295,2013-06-14,1.57
4296,2013-06-17,1.57
4297,2013-06-18,1.58
4298,2013-06-19,1.57
4299,2013-06-20,1.65
4300,2013-06-21,1.66
4301,2013-06-24,1.72
4302,2013-06-25,1.71
4303,2013-06-26,1.7
4304,2013-06-27,1.68
4305,2013-06-28,1.67
4306,2013-06-30,1.67
4307,2013-07-01,1.67
4308,2013-07-02,1.65
4309,2013-07-03,1.66
4310,2013-07-04,1.66
4311,2013-07-05,1.64
4312,2013-07-08,1.64
4313,2013-07-09,1.62
4314,2013-07-10,1.62
4315,2013-07-11,1.61
4316,2013-07-12,1.6
4317,2013-07-15,1.59
4318,2013-07-16,1.57
4319,2013-07-17,1.57
4320,2013-07-18,1.55
4321,2013-07-19,1.54
4322,2013-07-22,1.53
4323,2013-07-23,1.52
4324,2013-07-24,1.52
4325,2013-07-25,1.53
4326,2013-07-26,1.53
4327,2013-07-29,1.53
4328,2013-07-30,1.53
4329,2013-07-31,1.53
4330,2013-08-01,1.51
4331,2013-08-02,1.53
4332,2013-08-05,1.52
4333,2013-08-06,1.52
4334,2013-08-07,1.53
4335,2013-08-08,1.53
4336,2013-08-09,1.53
4337,2013-08-12,1.53
4338,2013-08-13,1.52
4339,2013-08-14,1.53
4340,2013-08-15,1.54
4341,2013-08-16,1.53
4342,2013-08-19,1.54
4343,2013-08-20,1.55
4344,2013-08-21,1.55
4345,2013-08-22,1.55
4346,2013-08-23,1.54
4347,2013-08-26,1.54
4348,2013-08-27,1.55
4349,2013-08-28,1.55
4350,2013-08-29,1.55
4351,2013-09-02,1.55
4352,2013-09-03,1.55
4353,2013-09-04,1.54
4354,2013-09-05,1.55
4355,2013-09-06,1.54
4356,2013-09-09,1.55
4357,2013-09-10,1.55
4358,2013-09-11,1.55
4359,2013-09-12,1.55
4360,2013-09-13,1.54
4361,2013-09-16,1.54
4362,2013-09-17,1.54
4363,2013-09-18,1.56
4364,2013-09-19,1.52
4365,2013-09-20,1.52
4366,2013-09-23,1.52
4367,2013-09-24,1.52
4368,2013-09-25,1.52
4369,2013-09-26,1.52
4370,2013-09-27,1.53
4371,2013-09-30,1.56
4372,2013-10-01,1.55
4373,2013-10-02,1.55
4374,2013-10-03,1.54
4375,2013-10-04,1.54
4376,2013-10-07,1.53
4377,2013-10-08,1.52
4378,2013-10-09,1.52
4379,2013-10-10,1.51
4380,2013-10-11,1.5
4381,2013-10-14,1.5
4382,2013-10-15,1.49
4383,2013-10-16,1.48
4384,2013-10-17,1.48
4385,2013-10-18,1.46
4386,2013-10-21,1.45
4387,2013-10-22,1.45
4388,2013-10-23,1.45
4389,2013-10-24,1.45
4390,2013-10-25,1.45
4391,2013-10-28,1.45
4392,2013-10-29,1.44
4393,2013-10-30,1.45
4394,2013-10-31,1.45
4395,2013-11-01,1.44
4396,2013-11-04,1.45
4397,2013-11-05,1.45
4398,2013-11-06,1.46
4399,2013-11-07,1.46
4400,2013-11-08,1.46
4401,2013-11-11,1.46
4402,2013-11-12,1.46
4403,2013-11-13,1.46
4404,2013-11-14,1.46
4405,2013-11-15,1.45
4406,2013-11-18,1.44
4407,2013-11-19,1.43
4408,2013-11-20,1.43
4409,2013-11-21,1.43
4410,2013-11-22,1.42
4411,2013-11-25,1.41
4412,2013-11-26,1.42
4413,2013-11-27,1.41
4414,2013-11-28,1.41
4415,2013-11-29,1.41
4416,2013-11-30,1.41
4417,2013-12-02,1.4
4418,2013-12-03,1.4
4419,2013-12-04,1.4
4420,2013-12-05,1.4
4421,2013-12-06,1.39
4422,2013-12-09,1.38
4423,2013-12-10,1.38
4424,2013-12-11,1.37
4425,2013-12-12,1.36
4426,2013-12-13,1.35
4427,2013-12-16,1.34
4428,2013-12-17,1.34
4429,2013-12-18,1.33
4430,2013-12-19,1.31
4431,2013-12-20,1.3
4432,2013-12-23,1.3
4433,2013-12-24,1.29
4434,2013-12-26,1.29
4435,2013-12-27,1.29
4436,2013-12-30,1.28
4437,2013-12-31,1.28
4438,2014-01-02,1.27
4439,2014-01-03,1.27
4440,2014-01-06,1.26
4441,2014-01-07,1.25
4442,2014-01-08,1.25
4443,2014-01-09,1.24
4444,2014-01-10,1.25
4445,2014-01-13,1.25
4446,2014-01-14,1.24
4447,2014-01-15,1.23
4448,2014-01-16,1.23
4449,2014-01-17,1.23
4450,2014-01-20,1.23
4451,2014-01-21,1.22
4452,2014-01-22,1.22
4453,2014-01-23,1.25
4454,2014-01-24,1.27
4455,2014-01-27,1.27
4456,2014-01-28,1.27
4457,2014-01-29,1.28
4458,2014-01-30,1.28
4459,2014-01-31,1.3
4460,2014-02-03,1.32
4461,2014-02-04,1.31
4462,2014-02-05,1.31
4463,2014-02-06,1.29
4464,2014-02-07,1.29
4465,2014-02-10,1.28
4466,2014-02-11,1.27
4467,2014-02-12,1.26
4468,2014-02-13,1.26
4469,2014-02-14,1.25
4470,2014-02-17,1.25
4471,2014-02-18,1.25
4472,2014-02-19,1.24
4473,2014-02-20,1.24
4474,2014-02-21,1.24
4475,2014-02-24,1.23
4476,2014-02-25,1.22
4477,2014-02-26,1.23
4478,2014-02-27,1.23
4479,2014-02-28,1.22
4480,2014-03-03,1.23
4481,2014-03-04,1.22
4482,2014-03-05,1.22
4483,2014-03-06,1.21
4484,2014-03-07,1.21
4485,2014-03-10,1.21
4486,2014-03-11,1.22
4487,2014-03-12,1.23
4488,2014-03-13,1.24
4489,2014-03-14,1.25
4490,2014-03-17,1.24
4491,2014-03-18,1.24
4492,2014-03-19,1.21
4493,2014-03-20,1.21
4494,2014-03-21,1.2
4495,2014-03-24,1.2
4496,2014-03-25,1.19
4497,2014-03-26,1.19
4498,2014-03-27,1.19
4499,2014-03-28,1.17
4500,2014-03-31,1.19
4501,2014-04-01,1.17
4502,2014-04-02,1.16
4503,2014-04-03,1.16
4504,2014-04-04,1.16
4505,2014-04-07,1.15
4506,2014-04-08,1.15
4507,2014-04-09,1.15
4508,2014-04-10,1.15
4509,2014-04-11,1.16
4510,2014-04-14,1.16
4511,2014-04-15,1.16
4512,2014-04-16,1.15
4513,2014-04-17,1.14
4514,2014-04-21,1.13
4515,2014-04-22,1.13
4516,2014-04-23,1.13
4517,2014-04-24,1.13
4518,2014-04-25,1.14
4519,2014-04-28,1.14
4520,2014-04-29,1.14
4521,2014-04-30,1.14
4522,2014-05-01,1.14
4523,2014-05-02,1.14
4524,2014-05-05,1.13
4525,2014-05-06,1.13
4526,2014-05-07,1.13
4527,2014-05-08,1.13
4528,2014-05-09,1.13
4529,2014-05-12,1.13
4530,2014-05-13,1.13
4531,2014-05-14,1.13
4532,2014-05-15,1.13
4533,2014-05-16,1.13
4534,2014-05-19,1.13
4535,2014-05-20,1.13
4536,2014-05-21,1.13
4537,2014-05-22,1.13
4538,2014-05-23,1.13
4539,2014-05-26,1.13
4540,2014-05-27,1.12
4541,2014-05-28,1.13
4542,2014-05-29,1.12
4543,2014-05-30,1.11
4544,2014-05-31,1.12
4545,2014-06-02,1.12
4546,2014-06-03,1.12
4547,2014-06-04,1.12
4548,2014-06-05,1.12
4549,2014-06-06,1.1
4550,2014-06-09,1.09
4551,2014-06-10,1.08
4552,2014-06-11,1.09
4553,2014-06-12,1.09
4554,2014-06-13,1.09
4555,2014-06-16,1.09
4556,2014-06-17,1.08
4557,2014-06-18,1.09
4558,2014-06-19,1.08
4559,2014-06-20,1.08
4560,2014-06-23,1.07
4561,2014-06-24,1.06
4562,2014-06-25,1.07
4563,2014-06-26,1.07
4564,2014-06-27,1.08
4565,2014-06-30,1.09
4566,2014-07-01,1.09
4567,2014-07-02,1.08
4568,2014-07-03,1.08
4569,2014-07-04,1.08
4570,2014-07-07,1.07
4571,2014-07-08,1.07
4572,2014-07-09,1.08
4573,2014-07-10,1.09
4574,2014-07-11,1.08
4575,2014-07-14,1.08
4576,2014-07-15,1.08
4577,2014-07-16,1.08
4578,2014-07-17,1.09
4579,2014-07-18,1.09
4580,2014-07-21,1.09
4581,2014-07-22,1.09
4582,2014-07-23,1.09
4583,2014-07-24,1.09
4584,2014-07-25,1.09
4585,2014-07-28,1.08
4586,2014-07-29,1.09
4587,2014-07-30,1.09
4588,2014-07-31,1.1
4589,2014-08-01,1.12
4590,2014-08-04,1.12
4591,2014-08-05,1.12
4592,2014-08-06,1.14
4593,2014-08-07,1.14
4594,2014-08-08,1.14
4595,2014-08-11,1.14
4596,2014-08-12,1.14
4597,2014-08-13,1.14
4598,2014-08-14,1.14
4599,2014-08-15,1.14
4600,2014-08-18,1.13
4601,2014-08-19,1.13
4602,2014-08-20,1.13
4603,2014-08-21,1.12
4604,2014-08-22,1.12
4605,2014-08-25,1.12
4606,2014-08-26,1.11
4607,2014-08-27,1.11
4608,2014-08-28,1.12
4609,2014-08-29,1.12
4610,2014-08-31,1.12
4611,2014-09-01,1.12
4612,2014-09-02,1.12
4613,2014-09-03,1.12
4614,2014-09-04,1.12
4615,2014-09-05,1.12
4616,2014-09-08,1.12
4617,2014-09-09,1.12
4618,2014-09-10,1.13
4619,2014-09-11,1.14
4620,2014-09-12,1.14
4621,2014-09-15,1.14
4622,2014-09-16,1.15
4623,2014-09-17,1.14
4624,2014-09-18,1.14
4625,2014-09-19,1.13
4626,2014-09-22,1.14
4627,2014-09-23,1.14
4628,2014-09-24,1.15
4629,2014-09-25,1.16
4630,2014-09-26,1.17
4631,2014-09-29,1.19
4632,2014-09-30,1.2
4633,2014-10-01,1.21
4634,2014-10-02,1.22
4635,2014-10-03,1.21
4636,2014-10-06,1.2
4637,2014-10-07,1.2
4638,2014-10-08,1.22
4639,2014-10-09,1.22
4640,2014-10-10,1.23
4641,2014-10-13,1.23
4642,2014-10-14,1.24
4643,2014-10-15,1.29
4644,2014-10-16,1.29
4645,2014-10-17,1.28
4646,2014-10-20,1.28
4647,2014-10-21,1.28
4648,2014-10-22,1.27
4649,2014-10-23,1.27
4650,2014-10-24,1.27
4651,2014-10-27,1.27
4652,2014-10-28,1.27
4653,2014-10-29,1.26
4654,2014-10-30,1.27
4655,2014-10-31,1.27
4656,2014-11-03,1.27
4657,2014-11-04,1.28
4658,2014-11-05,1.28
4659,2014-11-06,1.29
4660,2014-11-07,1.3
4661,2014-11-10,1.29
4662,2014-11-11,1.29
4663,2014-11-12,1.3
4664,2014-11-13,1.31
4665,2014-11-14,1.32
4666,2014-11-17,1.33
4667,2014-11-18,1.34
4668,2014-11-19,1.35
4669,2014-11-20,1.35
4670,2014-11-21,1.34
4671,2014-11-24,1.34
4672,2014-11-25,1.34
4673,2014-11-26,1.34
4674,2014-11-27,1.33
4675,2014-11-28,1.34
4676,2014-11-30,1.35
4677,2014-12-01,1.36
4678,2014-12-02,1.36
4679,2014-12-03,1.37
4680,2014-12-04,1.37
4681,2014-12-05,1.37
4682,2014-12-08,1.38
4683,2014-12-09,1.4
4684,2014-12-10,1.42
4685,2014-12-11,1.43
4686,2014-12-12,1.45
4687,2014-12-15,1.47
4688,2014-12-16,1.51
4689,2014-12-17,1.5
4690,2014-12-18,1.47
4691,2014-12-19,1.46
4692,2014-12-22,1.44
4693,2014-12-23,1.43
4694,2014-12-24,1.43
4695,2014-12-26,1.43
4696,2014-12-29,1.43
4697,2014-12-30,1.43
4698,2014-12-31,1.44
4699,2015-01-02,1.45
4700,2015-01-05,1.46
4701,2015-01-06,1.48
4702,2015-01-07,1.49
4703,2015-01-08,1.47
4704,2015-01-09,1.48
4705,2015-01-12,1.49
4706,2015-01-13,1.5
4707,2015-01-14,1.52
4708,2015-01-15,1.53
4709,2015-01-19,1.53
4710,2015-01-20,1.53
4711,2015-01-21,1.52
4712,2015-01-22,1.51
4713,2015-01-23,1.5
4714,2015-01-26,1.49
4715,2015-01-27,1.5
4716,2015-01-28,1.51
4717,2015-01-29,1.51
4718,2015-01-30,1.52
4719,2015-01-31,1.53
4720,2015-02-02,1.53
4721,2015-02-03,1.51
4722,2015-02-04,1.5
4723,2015-02-05,1.49
4724,2015-02-06,1.46
4725,2015-02-09,1.45
4726,2015-02-10,1.45
4727,2015-02-11,1.45
4728,2015-02-12,1.43
4729,2015-02-13,1.43
4730,2015-02-16,1.43
4731,2015-02-17,1.41
4732,2015-02-18,1.4
4733,2015-02-19,1.39
4734,2015-02-20,1.38
4735,2015-02-23,1.38
4736,2015-02-24,1.38
4737,2015-02-25,1.39
4738,2015-02-26,1.37
4739,2015-02-27,1.38
4740,2015-02-28,1.32
4741,2015-03-02,1.31
4742,2015-03-03,1.3
4743,2015-03-04,1.31
4744,2015-03-05,1.31
4745,2015-03-06,1.29
4746,2015-03-09,1.3
4747,2015-03-10,1.32
4748,2015-03-11,1.32
4749,2015-03-12,1.33
4750,2015-03-13,1.34
4751,2015-03-16,1.35
4752,2015-03-17,1.37
4753,2015-03-18,1.38
4754,2015-03-19,1.38
4755,2015-03-20,1.38
4756,2015-03-23,1.38
4757,2015-03-24,1.38
4758,2015-03-25,1.38
4759,2015-03-26,1.38
4760,2015-03-27,1.38
4761,2015-03-30,1.38
4762,2015-03-31,1.36
4763,2015-04-01,1.37
4764,2015-04-02,1.36
4765,2015-04-06,1.36
4766,2015-04-07,1.34
4767,2015-04-08,1.34
4768,2015-04-09,1.33
4769,2015-04-10,1.32
4770,2015-04-13,1.32
4771,2015-04-14,1.32
4772,2015-04-15,1.33
4773,2015-04-16,1.33
4774,2015-04-17,1.33
4775,2015-04-20,1.33
4776,2015-04-21,1.32
4777,2015-04-22,1.31
4778,2015-04-23,1.32
4779,2015-04-24,1.32
4780,2015-04-27,1.32
4781,2015-04-28,1.32
4782,2015-04-29,1.32
4783,2015-04-30,1.34
4784,2015-05-01,1.33
4785,2015-05-04,1.33
4786,2015-05-05,1.33
4787,2015-05-06,1.33
4788,2015-05-07,1.33
4789,2015-05-08,1.34
4790,2015-05-11,1.32
4791,2015-05-12,1.33
4792,2015-05-13,1.33
4793,2015-05-14,1.33
4794,2015-05-15,1.33
4795,2015-05-18,1.32
4796,2015-05-19,1.32
4797,2015-05-20,1.33
4798,2015-05-21,1.34
4799,2015-05-22,1.34
4800,2015-05-26,1.34
4801,2015-05-27,1.35
4802,2015-05-28,1.36
4803,2015-05-29,1.37
4804,2015-05-31,1.38
4805,2015-06-01,1.38
4806,2015-06-02,1.38
4807,2015-06-03,1.38
4808,2015-06-04,1.39
4809,2015-06-05,1.38
4810,2015-06-08,1.38
4811,2015-06-09,1.39
4812,2015-06-10,1.4
4813,2015-06-11,1.4
4814,2015-06-12,1.4
4815,2015-06-15,1.42
4816,2015-06-16,1.43
4817,2015-06-17,1.43
4818,2015-06-18,1.44
4819,2015-06-19,1.44
4820,2015-06-22,1.43
4821,2015-06-23,1.43
4822,2015-06-24,1.44
4823,2015-06-25,1.44
4824,2015-06-26,1.43
4825,2015-06-29,1.46
4826,2015-06-30,1.48
4827,2015-07-01,1.46
4828,2015-07-02,1.46
4829,2015-07-03,1.46
4830,2015-07-06,1.47
4831,2015-07-07,1.49
4832,2015-07-08,1.5
4833,2015-07-09,1.5
4834,2015-07-10,1.49
4835,2015-07-13,1.48
4836,2015-07-14,1.49
4837,2015-07-15,1.5
4838,2015-07-16,1.5
4839,2015-07-17,1.5
4840,2015-07-20,1.5
4841,2015-07-21,1.51
4842,2015-07-22,1.52
4843,2015-07-23,1.53
4844,2015-07-24,1.54
4845,2015-07-27,1.55
4846,2015-07-28,1.56
4847,2015-07-29,1.56
4848,2015-07-30,1.56
4849,2015-07-31,1.58
4850,2015-08-03,1.58
4851,2015-08-04,1.58
4852,2015-08-05,1.58
4853,2015-08-06,1.59
4854,2015-08-07,1.6
4855,2015-08-10,1.61
4856,2015-08-11,1.62
4857,2015-08-12,1.64
4858,2015-08-13,1.64
4859,2015-08-14,1.64
4860,2015-08-17,1.64
4861,2015-08-18,1.64
4862,2015-08-19,1.66
4863,2015-08-20,1.67
4864,2015-08-21,1.69
4865,2015-08-24,1.72
4866,2015-08-25,1.72
4867,2015-08-26,1.72
4868,2015-08-27,1.7
4869,2015-08-28,1.69
4870,2015-08-31,1.69
4871,2015-09-01,1.7
4872,2015-09-02,1.69
4873,2015-09-03,1.68
4874,2015-09-04,1.68
4875,2015-09-07,1.68
4876,2015-09-08,1.67
4877,2015-09-09,1.67
4878,2015-09-10,1.67
4879,2015-09-11,1.67
4880,2015-09-14,1.67
4881,2015-09-15,1.66
4882,2015-09-16,1.66
4883,2015-09-17,1.66
4884,2015-09-18,1.66
4885,2015-09-21,1.66
4886,2015-09-22,1.67
4887,2015-09-23,1.68
4888,2015-09-24,1.7
4889,2015-09-25,1.7
4890,2015-09-28,1.74
4891,2015-09-29,1.77
4892,2015-09-30,1.78
4893,2015-10-01,1.79
4894,2015-10-02,1.8
4895,2015-10-05,1.78
4896,2015-10-06,1.77
4897,2015-10-07,1.75
4898,2015-10-08,1.74
4899,2015-10-09,1.73
4900,2015-10-12,1.73
4901,2015-10-13,1.73
4902,2015-10-14,1.74
4903,2015-10-15,1.73
4904,2015-10-16,1.72
4905,2015-10-19,1.72
4906,2015-10-20,1.71
4907,2015-10-21,1.7
4908,2015-10-22,1.69
4909,2015-10-23,1.67
4910,2015-10-26,1.66
4911,2015-10-27,1.67
4912,2015-10-28,1.66
4913,2015-10-29,1.65
4914,2015-10-30,1.65
4915,2015-10-31,1.66
4916,2015-11-02,1.65
4917,2015-11-03,1.64
4918,2015-11-04,1.63
4919,2015-11-05,1.62
4920,2015-11-06,1.61
4921,2015-11-09,1.61
4922,2015-11-10,1.61
4923,2015-11-11,1.61
4924,2015-11-12,1.62
4925,2015-11-13,1.63
4926,2015-11-16,1.63
4927,2015-11-17,1.62
4928,2015-11-18,1.63
4929,2015-11-19,1.62
4930,2015-11-20,1.62
4931,2015-11-23,1.62
4932,2015-11-24,1.63
4933,2015-11-25,1.63
4934,2015-11-26,1.63
4935,2015-11-27,1.63
4936,2015-11-30,1.62
4937,2015-12-01,1.62
4938,2015-12-02,1.63
4939,2015-12-03,1.62
4940,2015-12-04,1.62
4941,2015-12-07,1.63
4942,2015-12-08,1.65
4943,2015-12-09,1.66
4944,2015-12-10,1.67
4945,2015-12-11,1.71
4946,2015-12-14,1.74
4947,2015-12-15,1.74
4948,2015-12-16,1.73
4949,2015-12-17,1.73
4950,2015-12-18,1.74
4951,2015-12-21,1.75
4952,2015-12-22,1.74
4953,2015-12-23,1.74
4954,2015-12-24,1.74
4955,2015-12-28,1.74
4956,2015-12-29,1.73
4957,2015-12-30,1.72
4958,2015-12-31,1.73
4959,2016-01-04,1.73
4960,2016-01-05,1.73
4961,2016-01-06,1.74
4962,2016-01-07,1.75
4963,2016-01-08,1.77
4964,2016-01-11,1.78
4965,2016-01-12,1.8
4966,2016-01-13,1.8
4967,2016-01-14,1.84
4968,2016-01-15,1.89
4969,2016-01-18,1.89
4970,2016-01-19,1.91
4971,2016-01-20,1.98
4972,2016-01-21,1.98
4973,2016-01-22,1.96
4974,2016-01-25,1.98
4975,2016-01-26,1.99
4976,2016-01-27,2.0
4977,2016-01-28,2.01
4978,2016-01-29,2.02
4979,2016-01-31,2.02
4980,2016-02-01,2.02
4981,2016-02-02,2.06
4982,2016-02-03,2.08
4983,2016-02-04,2.08
4984,2016-02-05,2.09
4985,2016-02-08,2.13
4986,2016-02-09,2.15
4987,2016-02-10,2.17
4988,2016-02-11,2.21
4989,2016-02-12,2.2
4990,2016-02-15,2.2
4991,2016-02-16,2.19
4992,2016-02-17,2.17
4993,2016-02-18,2.16
4994,2016-02-19,2.15
4995,2016-02-22,2.14
4996,2016-02-23,2.14
4997,2016-02-24,2.14
4998,2016-02-25,2.14
4999,2016-02-26,2.11
5000,2016-02-29,2.05
5001,2016-03-01,2.02
5002,2016-03-02,1.99
5003,2016-03-03,1.98
5004,2016-03-04,1.95
5005,2016-03-07,1.93
5006,2016-03-08,1.93
5007,2016-03-09,1.91
5008,2016-03-10,1.88
5009,2016-03-11,1.85
5010,2016-03-14,1.81
5011,2016-03-15,1.8
5012,2016-03-16,1.8
5013,2016-03-17,1.78
5014,2016-03-18,1.76
5015,2016-03-21,1.74
5016,2016-03-22,1.72
5017,2016-03-23,1.72
5018,2016-03-24,1.73
5019,2016-03-28,1.73
5020,2016-03-29,1.73
5021,2016-03-30,1.72
5022,2016-03-31,1.7
5023,2016-04-01,1.69
5024,2016-04-04,1.68
5025,2016-04-05,1.69
5026,2016-04-06,1.69
5027,2016-04-07,1.7
5028,2016-04-08,1.7
5029,2016-04-11,1.69
5030,2016-04-12,1.68
5031,2016-04-13,1.66
5032,2016-04-14,1.64
5033,2016-04-15,1.64
5034,2016-04-18,1.63
5035,2016-04-19,1.61
5036,2016-04-20,1.58
5037,2016-04-21,1.56
5038,2016-04-22,1.55
5039,2016-04-25,1.54
5040,2016-04-26,1.53
5041,2016-04-27,1.53
5042,2016-04-28,1.52
5043,2016-04-29,1.52
5044,2016-04-30,1.52
5045,2016-05-02,1.52
5046,2016-05-03,1.53
5047,2016-05-04,1.54
5048,2016-05-05,1.55
5049,2016-05-06,1.56
5050,2016-05-09,1.56
5051,2016-05-10,1.56
5052,2016-05-11,1.57
5053,2016-05-12,1.56
5054,2016-05-13,1.57
5055,2016-05-16,1.56
5056,2016-05-17,1.56
5057,2016-05-18,1.55
5058,2016-05-19,1.56
5059,2016-05-20,1.56
5060,2016-05-23,1.56
5061,2016-05-24,1.55
5062,2016-05-25,1.55
5063,2016-05-26,1.54
5064,2016-05-27,1.54
5065,2016-05-30,1.54
5066,2016-05-31,1.54
5067,2016-06-01,1.54
5068,2016-06-02,1.54
5069,2016-06-03,1.56
5070,2016-06-06,1.55
5071,2016-06-07,1.54
5072,2016-06-08,1.54
5073,2016-06-09,1.54
5074,2016-06-10,1.56
5075,2016-06-13,1.57
5076,2016-06-14,1.59
5077,2016-06-15,1.6
5078,2016-06-16,1.61
5079,2016-06-17,1.6
5080,2016-06-20,1.58
5081,2016-06-21,1.57
5082,2016-06-22,1.56
5083,2016-06-23,1.54
5084,2016-06-24,1.61
5085,2016-06-27,1.64
5086,2016-06-28,1.63
5087,2016-06-29,1.62
5088,2016-06-30,1.62
5089,2016-07-01,1.61
5090,2016-07-04,1.61
5091,2016-07-05,1.61
5092,2016-07-06,1.6
5093,2016-07-07,1.59
5094,2016-07-08,1.57
5095,2016-07-11,1.55
5096,2016-07-12,1.52
5097,2016-07-13,1.52
5098,2016-07-14,1.5
5099,2016-07-15,1.49
5100,2016-07-18,1.49
5101,2016-07-19,1.48
5102,2016-07-20,1.48
5103,2016-07-21,1.48
5104,2016-07-22,1.47
5105,2016-07-25,1.46
5106,2016-07-26,1.47
5107,2016-07-27,1.48
5108,2016-07-28,1.49
5109,2016-07-29,1.5
5110,2016-07-31,1.5
5111,2016-08-01,1.5
5112,2016-08-02,1.5
5113,2016-08-03,1.51
5114,2016-08-04,1.51
5115,2016-08-05,1.49
5116,2016-08-08,1.47
5117,2016-08-09,1.47
5118,2016-08-10,1.46
5119,2016-08-11,1.45
5120,2016-08-12,1.45
5121,2016-08-15,1.44
5122,2016-08-16,1.43
5123,2016-08-17,1.42
5124,2016-08-18,1.42
5125,2016-08-19,1.4
5126,2016-08-22,1.41
5127,2016-08-23,1.4
5128,2016-08-24,1.4
5129,2016-08-25,1.39
5130,2016-08-26,1.38
5131,2016-08-29,1.38
5132,2016-08-30,1.38
5133,2016-08-31,1.39
5134,2016-09-01,1.39
5135,2016-09-02,1.39
5136,2016-09-05,1.39
5137,2016-09-06,1.4
5138,2016-09-07,1.4
5139,2016-09-08,1.4
5140,2016-09-09,1.4
5141,2016-09-12,1.42
5142,2016-09-13,1.42
5143,2016-09-14,1.43
5144,2016-09-15,1.43
5145,2016-09-16,1.43
5146,2016-09-19,1.42
5147,2016-09-20,1.42
5148,2016-09-21,1.42
5149,2016-09-22,1.41
5150,2016-09-23,1.41
5151,2016-09-26,1.42
5152,2016-09-27,1.43
5153,2016-09-28,1.43
5154,2016-09-29,1.43
5155,2016-09-30,1.43
5156,2016-10-03,1.42
5157,2016-10-04,1.41
5158,2016-10-05,1.4
5159,2016-10-06,1.39
5160,2016-10-07,1.38
5161,2016-10-10,1.38
5162,2016-10-11,1.37
5163,2016-10-12,1.37
5164,2016-10-13,1.37
5165,2016-10-14,1.36
5166,2016-10-17,1.37
5167,2016-10-18,1.36
5168,2016-10-19,1.35
5169,2016-10-20,1.35
5170,2016-10-21,1.35
5171,2016-10-24,1.35
5172,2016-10-25,1.35
5173,2016-10-26,1.36
5174,2016-10-27,1.36
5175,2016-10-28,1.37
5176,2016-10-31,1.38
5177,2016-11-01,1.39
5178,2016-11-02,1.4
5179,2016-11-03,1.41
5180,2016-11-04,1.41
5181,2016-11-07,1.4
5182,2016-11-08,1.39
5183,2016-11-09,1.37
5184,2016-11-10,1.36
5185,2016-11-11,1.36
5186,2016-11-14,1.36
5187,2016-11-15,1.35
5188,2016-11-16,1.35
5189,2016-11-17,1.35
5190,2016-11-18,1.36
5191,2016-11-21,1.36
5192,2016-11-22,1.37
5193,2016-11-23,1.36
5194,2016-11-24,1.36
5195,2016-11-25,1.36
5196,2016-11-28,1.36
5197,2016-11-29,1.36
5198,2016-11-30,1.36
5199,2016-12-01,1.35
5200,2016-12-02,1.35
5201,2016-12-05,1.35
5202,2016-12-06,1.34
5203,2016-12-07,1.34
5204,2016-12-08,1.33
5205,2016-12-09,1.33
5206,2016-12-12,1.32
5207,2016-12-13,1.31
5208,2016-12-14,1.3
5209,2016-12-15,1.3
5210,2016-12-16,1.3
5211,2016-12-19,1.3
5212,2016-12-20,1.29
5213,2016-12-21,1.29
5214,2016-12-22,1.29
5215,2016-12-23,1.29
5216,2016-12-27,1.28
5217,2016-12-28,1.28
5218,2016-12-29,1.28
5219,2016-12-30,1.29
5220,2016-12-31,1.3
5221,2017-01-03,1.28
5222,2017-01-04,1.28
5223,2017-01-05,1.29
5224,2017-01-06,1.28
5225,2017-01-09,1.29
5226,2017-01-10,1.29
5227,2017-01-11,1.29
5228,2017-01-12,1.29
5229,2017-01-13,1.28
5230,2017-01-16,1.28
5231,2017-01-17,1.28
5232,2017-01-18,1.29
5233,2017-01-19,1.28
5234,2017-01-20,1.28
5235,2017-01-23,1.28
5236,2017-01-24,1.27
5237,2017-01-25,1.27
5238,2017-01-26,1.26
5239,2017-01-27,1.26
5240,2017-01-30,1.26
5241,2017-01-31,1.28
5242,2017-02-01,1.28
5243,2017-02-02,1.28
5244,2017-02-03,1.27
5245,2017-02-06,1.27
5246,2017-02-07,1.28
5247,2017-02-08,1.28
5248,2017-02-09,1.28
5249,2017-02-10,1.27
5250,2017-02-13,1.26
5251,2017-02-14,1.24
5252,2017-02-15,1.23
5253,2017-02-16,1.24
5254,2017-02-17,1.24
5255,2017-02-20,1.24
5256,2017-02-21,1.24
5257,2017-02-22,1.23
5258,2017-02-23,1.23
5259,2017-02-24,1.23
5260,2017-02-27,1.22
5261,2017-02-28,1.21
5262,2017-03-01,1.19
5263,2017-03-02,1.18
5264,2017-03-03,1.18
5265,2017-03-06,1.18
5266,2017-03-07,1.19
5267,2017-03-08,1.19
5268,2017-03-09,1.21
5269,2017-03-10,1.21
5270,2017-03-13,1.21
5271,2017-03-14,1.22
5272,2017-03-15,1.23
5273,2017-03-16,1.22
5274,2017-03-17,1.22
5275,2017-03-20,1.22
5276,2017-03-21,1.22
5277,2017-03-22,1.23
5278,2017-03-23,1.23
5279,2017-03-24,1.23
5280,2017-03-27,1.23
5281,2017-03-28,1.22
5282,2017-03-29,1.22
5283,2017-03-30,1.22
5284,2017-03-31,1.24
5285,2017-04-03,1.24
5286,2017-04-04,1.24
5287,2017-04-05,1.24
5288,2017-04-06,1.24
5289,2017-04-07,1.23
5290,2017-04-10,1.23
5291,2017-04-11,1.24
5292,2017-04-12,1.24
5293,2017-04-13,1.25
5294,2017-04-17,1.24
5295,2017-04-18,1.25
5296,2017-04-19,1.25
5297,2017-04-20,1.25
5298,2017-04-21,1.25
5299,2017-04-24,1.24
5300,2017-04-25,1.23
5301,2017-04-26,1.23
5302,2017-04-27,1.22
5303,2017-04-28,1.22
5304,2017-04-30,1.23
5305,2017-05-01,1.23
5306,2017-05-02,1.22
5307,2017-05-03,1.22
5308,2017-05-04,1.21
5309,2017-05-05,1.21
5310,2017-05-08,1.2
5311,2017-05-09,1.19
5312,2017-05-10,1.19
5313,2017-05-11,1.18
5314,2017-05-12,1.18
5315,2017-05-15,1.17
5316,2017-05-16,1.17
5317,2017-05-17,1.18
5318,2017-05-18,1.19
5319,2017-05-19,1.18
5320,2017-05-22,1.18
5321,2017-05-23,1.17
5322,2017-05-24,1.18
5323,2017-05-25,1.18
5324,2017-05-26,1.18
5325,2017-05-29,1.17
5326,2017-05-30,1.18
5327,2017-05-31,1.19
5328,2017-06-01,1.19
5329,2017-06-02,1.19
5330,2017-06-05,1.19
5331,2017-06-06,1.19
5332,2017-06-07,1.19
5333,2017-06-08,1.19
5334,2017-06-09,1.19
5335,2017-06-12,1.18
5336,2017-06-13,1.18
5337,2017-06-14,1.18
5338,2017-06-15,1.18
5339,2017-06-16,1.18
5340,2017-06-19,1.17
5341,2017-06-20,1.17
5342,2017-06-21,1.17
5343,2017-06-22,1.18
5344,2017-06-23,1.18
5345,2017-06-26,1.17
5346,2017-06-27,1.16
5347,2017-06-28,1.16
5348,2017-06-29,1.15
5349,2017-06-30,1.15
5350,2017-07-03,1.14
5351,2017-07-04,1.14
5352,2017-07-05,1.14
5353,2017-07-06,1.13
5354,2017-07-07,1.12
5355,2017-07-10,1.12
5356,2017-07-11,1.12
5357,2017-07-12,1.12
5358,2017-07-13,1.11
5359,2017-07-14,1.11
5360,2017-07-17,1.1
5361,2017-07-18,1.1
5362,2017-07-19,1.1
5363,2017-07-20,1.1
5364,2017-07-21,1.1
5365,2017-07-24,1.09
5366,2017-07-25,1.08
5367,2017-07-26,1.08
5368,2017-07-27,1.08
5369,2017-07-28,1.08
5370,2017-07-31,1.09
5371,2017-08-01,1.08
5372,2017-08-02,1.08
5373,2017-08-03,1.09
5374,2017-08-04,1.09
5375,2017-08-07,1.1
5376,2017-08-08,1.1
5377,2017-08-09,1.12
5378,2017-08-10,1.14
5379,2017-08-11,1.16
5380,2017-08-14,1.15
5381,2017-08-15,1.14
5382,2017-08-16,1.14
5383,2017-08-17,1.14
5384,2017-08-18,1.15
5385,2017-08-21,1.15
5386,2017-08-22,1.15
5387,2017-08-23,1.15
5388,2017-08-24,1.15
5389,2017-08-25,1.14
5390,2017-08-28,1.14
5391,2017-08-29,1.15
5392,2017-08-30,1.15
5393,2017-08-31,1.16
5394,2017-09-01,1.15
5395,2017-09-04,1.15
5396,2017-09-05,1.16
5397,2017-09-06,1.16
5398,2017-09-07,1.17
5399,2017-09-08,1.17
5400,2017-09-11,1.17
5401,2017-09-12,1.16
5402,2017-09-13,1.15
5403,2017-09-14,1.15
5404,2017-09-15,1.14
5405,2017-09-18,1.13
5406,2017-09-19,1.12
5407,2017-09-20,1.11
5408,2017-09-21,1.11
5409,2017-09-22,1.11
5410,2017-09-25,1.11
5411,2017-09-26,1.1
5412,2017-09-27,1.09
5413,2017-09-28,1.08
5414,2017-09-29,1.06
5415,2017-09-30,1.07
5416,2017-10-02,1.06
5417,2017-10-03,1.05
5418,2017-10-04,1.04
5419,2017-10-05,1.04
5420,2017-10-06,1.04
5421,2017-10-09,1.03
5422,2017-10-10,1.03
5423,2017-10-11,1.03
5424,2017-10-12,1.03
5425,2017-10-13,1.04
5426,2017-10-16,1.03
5427,2017-10-17,1.03
5428,2017-10-18,1.02
5429,2017-10-19,1.02
5430,2017-10-20,1.01
5431,2017-10-23,1.01
5432,2017-10-24,1.0
5433,2017-10-25,1.0
5434,2017-10-26,1.0
5435,2017-10-27,1.0
5436,2017-10-30,1.0
5437,2017-10-31,1.01
5438,2017-11-01,1.01
5439,2017-11-02,1.02
5440,2017-11-03,1.02
5441,2017-11-06,1.03
5442,2017-11-07,1.04
5443,2017-11-08,1.04
5444,2017-11-09,1.05
5445,2017-11-10,1.06
5446,2017-11-13,1.05
5447,2017-11-14,1.06
5448,2017-11-15,1.08
5449,2017-11-16,1.07
5450,2017-11-17,1.06
5451,2017-11-20,1.06
5452,2017-11-21,1.05
5453,2017-11-22,1.05
5454,2017-11-23,1.05
5455,2017-11-24,1.04
5456,2017-11-27,1.04
5457,2017-11-28,1.04
5458,2017-11-29,1.03
5459,2017-11-30,1.03
5460,2017-12-01,1.03
5461,2017-12-04,1.02
5462,2017-12-05,1.02
5463,2017-12-06,1.02
5464,2017-12-07,1.02
5465,2017-12-08,1.02
5466,2017-12-11,1.02
5467,2017-12-12,1.01
5468,2017-12-13,1.01
5469,2017-12-14,1.01
5470,2017-12-15,1.0
5471,2017-12-18,1.0
5472,2017-12-19,0.99
5473,2017-12-20,0.99
5474,2017-12-21,0.99
5475,2017-12-22,0.99
5476,2017-12-26,0.99
5477,2017-12-27,0.99
5478,2017-12-28,0.98
5479,2017-12-29,0.98
5480,2017-12-31,0.99
5481,2018-01-02,0.98
5482,2018-01-03,0.99
5483,2018-01-04,0.98
5484,2018-01-05,0.98
5485,2018-01-08,0.97
5486,2018-01-09,0.96
5487,2018-01-10,0.95
5488,2018-01-11,0.95
5489,2018-01-12,0.95
5490,2018-01-15,0.94
5491,2018-01-16,0.94
5492,2018-01-17,0.94
5493,2018-01-18,0.94
5494,2018-01-19,0.95
5495,2018-01-22,0.94
5496,2018-01-23,0.94
5497,2018-01-24,0.94
5498,2018-01-25,0.93
5499,2018-01-26,0.92
5500,2018-01-29,0.92
5501,2018-01-30,0.91
5502,2018-01-31,0.91
5503,2018-02-01,0.9
5504,2018-02-02,0.9
5505,2018-02-05,0.91
5506,2018-02-06,0.93
5507,2018-02-07,0.92
5508,2018-02-08,0.93
5509,2018-02-09,0.97
5510,2018-02-12,0.97
5511,2018-02-13,1.0
5512,2018-02-14,0.99
5513,2018-02-15,0.98
5514,2018-02-16,0.98
5515,2018-02-19,0.98
5516,2018-02-20,0.98
5517,2018-02-21,0.98
5518,2018-02-22,0.99
5519,2018-02-23,1.0
5520,2018-02-26,1.0
5521,2018-02-27,1.0
5522,2018-02-28,1.01
5523,2018-03-01,1.04
5524,2018-03-02,1.05
5525,2018-03-05,1.05
5526,2018-03-06,1.04
5527,2018-03-07,1.05
5528,2018-03-08,1.05
5529,2018-03-09,1.06
5530,2018-03-12,1.07
5531,2018-03-13,1.08
5532,2018-03-14,1.09
5533,2018-03-15,1.1
5534,2018-03-16,1.1
5535,2018-03-19,1.1
5536,2018-03-20,1.11
5537,2018-03-21,1.11
5538,2018-03-22,1.14
5539,2018-03-23,1.15
5540,2018-03-26,1.16
5541,2018-03-27,1.16
5542,2018-03-28,1.16
5543,2018-03-29,1.16
5544,2018-03-31,1.17
5545,2018-04-02,1.17
5546,2018-04-03,1.16
5547,2018-04-04,1.16
5548,2018-04-05,1.14
5549,2018-04-06,1.14
5550,2018-04-09,1.14
5551,2018-04-10,1.13
5552,2018-04-11,1.13
5553,2018-04-12,1.12
5554,2018-04-13,1.11
5555,2018-04-16,1.11
5556,2018-04-17,1.1
5557,2018-04-18,1.1
5558,2018-04-19,1.1
5559,2018-04-20,1.1
5560,2018-04-23,1.11
5561,2018-04-24,1.11
5562,2018-04-25,1.11
5563,2018-04-26,1.12
5564,2018-04-27,1.12
5565,2018-04-30,1.14
5566,2018-05-01,1.15
5567,2018-05-02,1.15
5568,2018-05-03,1.16
5569,2018-05-04,1.17
5570,2018-05-07,1.17
5571,2018-05-08,1.17
5572,2018-05-09,1.17
5573,2018-05-10,1.16
5574,2018-05-11,1.15
5575,2018-05-14,1.14
5576,2018-05-15,1.14
5577,2018-05-16,1.14
5578,2018-05-17,1.14
5579,2018-05-18,1.14
5580,2018-05-21,1.14
5581,2018-05-22,1.14
5582,2018-05-23,1.15
5583,2018-05-24,1.15
5584,2018-05-25,1.16
5585,2018-05-28,1.16
5586,2018-05-29,1.2
5587,2018-05-30,1.2
5588,2018-05-31,1.22
5589,2018-06-01,1.21
5590,2018-06-04,1.2
5591,2018-06-05,1.21
5592,2018-06-06,1.21
5593,2018-06-07,1.21
5594,2018-06-08,1.22
5595,2018-06-11,1.22
5596,2018-06-12,1.22
5597,2018-06-13,1.21
5598,2018-06-14,1.21
5599,2018-06-15,1.21
5600,2018-06-18,1.22
5601,2018-06-19,1.24
5602,2018-06-20,1.24
5603,2018-06-21,1.27
5604,2018-06-22,1.27
5605,2018-06-25,1.29
5606,2018-06-26,1.29
5607,2018-06-27,1.29
5608,2018-06-28,1.3
5609,2018-06-29,1.29
5610,2018-06-30,1.3
5611,2018-07-02,1.3
5612,2018-07-03,1.3
5613,2018-07-04,1.3
5614,2018-07-05,1.29
5615,2018-07-06,1.28
5616,2018-07-09,1.27
5617,2018-07-10,1.25
5618,2018-07-11,1.25
5619,2018-07-12,1.25
5620,2018-07-13,1.24
5621,2018-07-16,1.23
5622,2018-07-17,1.23
5623,2018-07-18,1.23
5624,2018-07-19,1.23
5625,2018-07-20,1.22
5626,2018-07-23,1.21
5627,2018-07-24,1.2
5628,2018-07-25,1.19
5629,2018-07-26,1.17
5630,2018-07-27,1.16
5631,2018-07-30,1.16
5632,2018-07-31,1.16
5633,2018-08-01,1.16
5634,2018-08-02,1.16
5635,2018-08-03,1.15
5636,2018-08-06,1.15
5637,2018-08-07,1.14
5638,2018-08-08,1.15
5639,2018-08-09,1.16
5640,2018-08-10,1.18
5641,2018-08-13,1.19
5642,2018-08-14,1.19
5643,2018-08-15,1.2
5644,2018-08-16,1.19
5645,2018-08-17,1.18
5646,2018-08-20,1.19
5647,2018-08-21,1.18
5648,2018-08-22,1.19
5649,2018-08-23,1.19
5650,2018-08-24,1.19
5651,2018-08-27,1.19
5652,2018-08-28,1.18
5653,2018-08-29,1.18
5654,2018-08-30,1.19
5655,2018-08-31,1.21
5656,2018-09-03,1.21
5657,2018-09-04,1.21
5658,2018-09-05,1.21
5659,2018-09-06,1.21
5660,2018-09-07,1.2
5661,2018-09-10,1.2
5662,2018-09-11,1.19
5663,2018-09-12,1.18
5664,2018-09-13,1.17
5665,2018-09-14,1.16
5666,2018-09-17,1.15
5667,2018-09-18,1.15
5668,2018-09-19,1.14
5669,2018-09-20,1.13
5670,2018-09-21,1.13
5671,2018-09-24,1.13
5672,2018-09-25,1.12
5673,2018-09-26,1.12
5674,2018-09-27,1.12
5675,2018-09-28,1.11
5676,2018-09-30,1.13
5677,2018-10-01,1.13
5678,2018-10-02,1.13
5679,2018-10-03,1.11
5680,2018-10-04,1.12
5681,2018-10-05,1.13
5682,2018-10-08,1.13
5683,2018-10-09,1.13
5684,2018-10-10,1.13
5685,2018-10-11,1.16
5686,2018-10-12,1.16
5687,2018-10-15,1.15
5688,2018-10-16,1.16
5689,2018-10-17,1.16
5690,2018-10-18,1.17
5691,2018-10-19,1.17
5692,2018-10-22,1.18
5693,2018-10-23,1.2
5694,2018-10-24,1.19
5695,2018-10-25,1.22
5696,2018-10-26,1.23
5697,2018-10-29,1.23
5698,2018-10-30,1.25
5699,2018-10-31,1.25
5700,2018-11-01,1.26
5701,2018-11-02,1.24
5702,2018-11-05,1.25
5703,2018-11-06,1.23
5704,2018-11-07,1.22
5705,2018-11-08,1.22
5706,2018-11-09,1.23
5707,2018-11-12,1.23
5708,2018-11-13,1.26
5709,2018-11-14,1.29
5710,2018-11-15,1.33
5711,2018-11-16,1.34
5712,2018-11-19,1.36
5713,2018-11-20,1.39
5714,2018-11-21,1.38
5715,2018-11-22,1.38
5716,2018-11-23,1.38
5717,2018-11-26,1.38
5718,2018-11-27,1.4
5719,2018-11-28,1.41
5720,2018-11-29,1.42
5721,2018-11-30,1.45
5722,2018-12-03,1.44
5723,2018-12-04,1.46
5724,2018-12-05,1.46
5725,2018-12-06,1.51
5726,2018-12-07,1.51
5727,2018-12-10,1.52
5728,2018-12-11,1.51
5729,2018-12-12,1.5
5730,2018-12-13,1.48
5731,2018-12-14,1.48
5732,2018-12-17,1.48
5733,2018-12-18,1.49
5734,2018-12-19,1.49
5735,2018-12-20,1.52
5736,2018-12-21,1.54
5737,2018-12-24,1.55
5738,2018-12-26,1.56
5739,2018-12-27,1.57
5740,2018-12-28,1.58
5741,2018-12-31,1.59
5742,2019-01-02,1.6
5743,2019-01-03,1.63
5744,2019-01-04,1.62
5745,2019-01-07,1.6
5746,2019-01-08,1.58
5747,2019-01-09,1.56
5748,2019-01-10,1.55
5749,2019-01-11,1.54
5750,2019-01-14,1.54
5751,2019-01-15,1.54
5752,2019-01-16,1.52
5753,2019-01-17,1.5
5754,2019-01-18,1.46
5755,2019-01-21,1.46
5756,2019-01-22,1.46
5757,2019-01-23,1.44
5758,2019-01-24,1.43
5759,2019-01-25,1.4
5760,2019-01-28,1.4
5761,2019-01-29,1.39
5762,2019-01-30,1.39
5763,2019-01-31,1.38
5764,2019-02-01,1.36
5765,2019-02-04,1.34
5766,2019-02-05,1.33
5767,2019-02-06,1.32
5768,2019-02-07,1.34
5769,2019-02-08,1.34
5770,2019-02-11,1.34
5771,2019-02-12,1.33
5772,2019-02-13,1.32
5773,2019-02-14,1.33
5774,2019-02-15,1.32
5775,2019-02-18,1.32
5776,2019-02-19,1.32
5777,2019-02-20,1.32
5778,2019-02-21,1.32
5779,2019-02-22,1.32
5780,2019-02-25,1.31
5781,2019-02-26,1.31
5782,2019-02-27,1.3
5783,2019-02-28,1.29
5784,2019-03-01,1.28
5785,2019-03-04,1.27
5786,2019-03-05,1.27
5787,2019-03-06,1.28
5788,2019-03-07,1.29
5789,2019-03-08,1.29
5790,2019-03-11,1.29
5791,2019-03-12,1.28
5792,2019-03-13,1.28
5793,2019-03-14,1.27
5794,2019-03-15,1.26
5795,2019-03-18,1.26
5796,2019-03-19,1.25
5797,2019-03-20,1.26
5798,2019-03-21,1.25
5799,2019-03-22,1.25
5800,2019-03-25,1.25
5801,2019-03-26,1.25
5802,2019-03-27,1.25
5803,2019-03-28,1.25
5804,2019-03-29,1.25
5805,2019-03-31,1.27
5806,2019-04-01,1.25
5807,2019-04-02,1.25
5808,2019-04-03,1.24
5809,2019-04-04,1.24
5810,2019-04-05,1.23
5811,2019-04-08,1.22
5812,2019-04-09,1.22
5813,2019-04-10,1.21
5814,2019-04-11,1.2
5815,2019-04-12,1.18
5816,2019-04-15,1.17
5817,2019-04-16,1.16
5818,2019-04-17,1.16
5819,2019-04-18,1.17
5820,2019-04-22,1.17
5821,2019-04-23,1.17
5822,2019-04-24,1.17
5823,2019-04-25,1.17
5824,2019-04-26,1.17
5825,2019-04-29,1.16
5826,2019-04-30,1.17
5827,2019-05-01,1.17
5828,2019-05-02,1.18
5829,2019-05-03,1.18
5830,2019-05-06,1.18
5831,2019-05-07,1.19
5832,2019-05-08,1.2
5833,2019-05-09,1.22
5834,2019-05-10,1.22
5835,2019-05-13,1.24
5836,2019-05-14,1.24
5837,2019-05-15,1.24
5838,2019-05-16,1.24
5839,2019-05-17,1.24
5840,2019-05-20,1.24
5841,2019-05-21,1.24
5842,2019-05-22,1.25
5843,2019-05-23,1.28
5844,2019-05-24,1.27
5845,2019-05-27,1.27
5846,2019-05-28,1.29
5847,2019-05-29,1.32
5848,2019-05-30,1.31
5849,2019-05-31,1.35
5850,2019-06-03,1.36
5851,2019-06-04,1.35
5852,2019-06-05,1.34
5853,2019-06-06,1.34
5854,2019-06-07,1.34
5855,2019-06-10,1.32
5856,2019-06-11,1.32
5857,2019-06-12,1.32
5858,2019-06-13,1.32
5859,2019-06-14,1.32
5860,2019-06-17,1.32
5861,2019-06-18,1.3
5862,2019-06-19,1.3
5863,2019-06-20,1.28
5864,2019-06-21,1.25
5865,2019-06-24,1.23
5866,2019-06-25,1.24
5867,2019-06-26,1.23
5868,2019-06-27,1.23
5869,2019-06-28,1.22
5870,2019-06-30,1.22
5871,2019-07-01,1.21
5872,2019-07-02,1.2
5873,2019-07-03,1.2
5874,2019-07-04,1.2
5875,2019-07-05,1.19
5876,2019-07-08,1.19
5877,2019-07-09,1.2
5878,2019-07-10,1.2
5879,2019-07-11,1.19
5880,2019-07-12,1.18
5881,2019-07-15,1.18
5882,2019-07-16,1.18
5883,2019-07-17,1.18
5884,2019-07-18,1.19
5885,2019-07-19,1.18
5886,2019-07-22,1.17
5887,2019-07-23,1.16
5888,2019-07-24,1.16
5889,2019-07-25,1.15
5890,2019-07-26,1.14
5891,2019-07-29,1.13
5892,2019-07-30,1.14
5893,2019-07-31,1.14
5894,2019-08-01,1.17
5895,2019-08-02,1.19
5896,2019-08-05,1.24
5897,2019-08-06,1.25
5898,2019-08-07,1.27
5899,2019-08-08,1.26
5900,2019-08-09,1.26
5901,2019-08-12,1.27
5902,2019-08-13,1.26
5903,2019-08-14,1.29
5904,2019-08-15,1.31
5905,2019-08-16,1.31
5906,2019-08-19,1.29
5907,2019-08-20,1.28
5908,2019-08-21,1.26
5909,2019-08-22,1.25
5910,2019-08-23,1.25
5911,2019-08-26,1.25
5912,2019-08-27,1.25
5913,2019-08-28,1.26
5914,2019-08-29,1.26
5915,2019-08-30,1.25
5916,2019-08-31,1.26
5917,2019-09-02,1.26
5918,2019-09-03,1.27
5919,2019-09-04,1.27
5920,2019-09-05,1.26
5921,2019-09-06,1.26
5922,2019-09-09,1.25
5923,2019-09-10,1.25
5924,2019-09-11,1.24
5925,2019-09-12,1.22
5926,2019-09-13,1.21
5927,2019-09-16,1.21
5928,2019-09-17,1.21
5929,2019-09-18,1.2
5930,2019-09-19,1.19
5931,2019-09-20,1.19
5932,2019-09-23,1.19
5933,2019-09-24,1.2
5934,2019-09-25,1.2
5935,2019-09-26,1.2
5936,2019-09-27,1.21
5937,2019-09-30,1.22
5938,2019-10-01,1.22
5939,2019-10-02,1.25
5940,2019-10-03,1.26
5941,2019-10-04,1.26
5942,2019-10-07,1.25
5943,2019-10-08,1.26
5944,2019-10-09,1.25
5945,2019-10-10,1.25
5946,2019-10-11,1.22
5947,2019-10-14,1.22
5948,2019-10-15,1.2
5949,2019-10-16,1.2
5950,2019-10-17,1.19
5951,2019-10-18,1.18
5952,2019-10-21,1.17
5953,2019-10-22,1.16
5954,2019-10-23,1.17
5955,2019-10-24,1.16
5956,2019-10-25,1.14
5957,2019-10-28,1.13
5958,2019-10-29,1.13
5959,2019-10-30,1.14
5960,2019-10-31,1.17
5961,2019-11-01,1.16
5962,2019-11-04,1.15
5963,2019-11-05,1.13
5964,2019-11-06,1.13
5965,2019-11-07,1.11
5966,2019-11-08,1.11
5967,2019-11-11,1.11
5968,2019-11-12,1.11
5969,2019-11-13,1.12
5970,2019-11-14,1.13
5971,2019-11-15,1.12
5972,2019-11-18,1.12
5973,2019-11-19,1.12
5974,2019-11-20,1.13
5975,2019-11-21,1.14
5976,2019-11-22,1.13
5977,2019-11-25,1.12
5978,2019-11-26,1.12
5979,2019-11-27,1.11
5980,2019-11-29,1.11
5981,2019-11-30,1.11
5982,2019-12-02,1.11
5983,2019-12-03,1.13
5984,2019-12-04,1.11
5985,2019-12-05,1.1
5986,2019-12-06,1.09
5987,2019-12-09,1.08
5988,2019-12-10,1.07
5989,2019-12-11,1.07
5990,2019-12-12,1.06
5991,2019-12-13,1.05
5992,2019-12-16,1.04
5993,2019-12-17,1.03
5994,2019-12-18,1.02
5995,2019-12-19,1.01
5996,2019-12-20,1.01
5997,2019-12-23,1.01
5998,2019-12-24,1.0
5999,2019-12-26,1.0
6000,2019-12-27,1.0
6001,2019-12-30,1.0
6002,2019-12-31,1.01
6003,2020-01-02,1.01
6004,2020-01-03,1.03
6005,2020-01-06,1.03
6006,2020-01-07,1.04
6007,2020-01-08,1.03
6008,2020-01-09,1.02
6009,2020-01-10,1.01
6010,2020-01-13,1.01
6011,2020-01-14,1.02
6012,2020-01-15,1.02
6013,2020-01-16,1.01
6014,2020-01-17,0.99
6015,2020-01-20,0.99
6016,2020-01-21,0.99
6017,2020-01-22,0.99
6018,2020-01-23,1.0
6019,2020-01-24,1.01
6020,2020-01-27,1.04
6021,2020-01-28,1.04
6022,2020-01-29,1.04
6023,2020-01-30,1.06
6024,2020-01-31,1.09
6025,2020-02-03,1.08
6026,2020-02-04,1.06
6027,2020-02-05,1.05
6028,2020-02-06,1.03
6029,2020-02-07,1.04
6030,2020-02-10,1.04
6031,2020-02-11,1.04
6032,2020-02-12,1.02
6033,2020-02-13,1.02
6034,2020-02-14,1.02
6035,2020-02-17,1.02
6036,2020-02-18,1.02
6037,2020-02-19,1.02
6038,2020-02-20,1.04
6039,2020-02-21,1.05
6040,2020-02-24,1.1
6041,2020-02-25,1.13
6042,2020-02-26,1.15
6043,2020-02-27,1.21
6044,2020-02-28,1.31
6045,2020-02-29,1.3
6046,2020-03-02,1.33
6047,2020-03-03,1.32
6048,2020-03-04,1.32
6049,2020-03-05,1.35
6050,2020-03-06,1.49
6051,2020-03-09,1.88
6052,2020-03-10,1.87
6053,2020-03-11,1.96
6054,2020-03-12,2.22
6055,2020-03-13,2.29
6056,2020-03-16,2.55
6057,2020-03-17,2.72
6058,2020-03-18,3.03
6059,2020-03-19,3.51
6060,2020-03-20,3.87
6061,2020-03-23,4.01
6062,2020-03-24,3.82
6063,2020-03-25,3.54
6064,2020-03-26,3.33
6065,2020-03-27,3.24
6066,2020-03-30,3.15
6067,2020-03-31,3.05
6068,2020-04-01,3.05
6069,2020-04-02,3.06
6070,2020-04-03,3.08
6071,2020-04-06,3.03
6072,2020-04-07,2.92
6073,2020-04-08,2.83
6074,2020-04-09,2.61
6075,2020-04-13,2.46
6076,2020-04-14,2.35
6077,2020-04-15,2.38
6078,2020-04-16,2.36
6079,2020-04-17,2.34
6080,2020-04-20,2.36
6081,2020-04-21,2.41
6082,2020-04-22,2.39
6083,2020-04-23,2.36
6084,2020-04-24,2.36
6085,2020-04-27,2.34
6086,2020-04-28,2.34
6087,2020-04-29,2.31
6088,2020-04-30,2.17
6089,2020-05-01,2.18
6090,2020-05-04,2.2
6091,2020-05-05,2.18
6092,2020-05-06,2.18
6093,2020-05-07,2.21
6094,2020-05-08,2.22
6095,2020-05-11,2.23
6096,2020-05-12,2.22
6097,2020-05-13,2.21
6098,2020-05-14,2.21
6099,2020-05-15,2.2
6100,2020-05-18,2.12
6101,2020-05-19,2.06
6102,2020-05-20,2.01
6103,2020-05-21,1.98
6104,2020-05-22,1.97
6105,2020-05-25,1.96
6106,2020-05-26,1.92
6107,2020-05-27,1.9
6108,2020-05-28,1.87
6109,2020-05-29,1.85
6110,2020-05-31,1.87
6111,2020-06-01,1.85
6112,2020-06-02,1.81
6113,2020-06-03,1.74
6114,2020-06-04,1.7
6115,2020-06-05,1.6
6116,2020-06-08,1.56
6117,2020-06-09,1.59
6118,2020-06-10,1.61
6119,2020-06-11,1.7
6120,2020-06-12,1.69
6121,2020-06-15,1.7
6122,2020-06-16,1.58
6123,2020-06-17,1.57
6124,2020-06-18,1.58
6125,2020-06-19,1.57
6126,2020-06-22,1.57
6127,2020-06-23,1.56
6128,2020-06-24,1.6
6129,2020-06-25,1.61
6130,2020-06-26,1.62
6131,2020-06-29,1.62
6132,2020-06-30,1.6
6133,2020-07-01,1.58
6134,2020-07-02,1.54
6135,2020-07-03,1.54
6136,2020-07-06,1.51
6137,2020-07-07,1.51
6138,2020-07-08,1.51
6139,2020-07-09,1.52
6140,2020-07-10,1.52
6141,2020-07-13,1.5
6142,2020-07-14,1.5
6143,2020-07-15,1.48
6144,2020-07-16,1.47
6145,2020-07-17,1.46
6146,2020-07-20,1.44
6147,2020-07-21,1.41
6148,2020-07-22,1.39
6149,2020-07-23,1.39
6150,2020-07-24,1.39
6151,2020-07-27,1.39
6152,2020-07-28,1.4
6153,2020-07-29,1.4
6154,2020-07-30,1.41
6155,2020-07-31,1.41
6156,2020-08-03,1.4
6157,2020-08-04,1.4
6158,2020-08-05,1.37
6159,2020-08-06,1.36
6160,2020-08-07,1.35
6161,2020-08-10,1.34
6162,2020-08-11,1.33
6163,2020-08-12,1.33
6164,2020-08-13,1.34
6165,2020-08-14,1.35
6166,2020-08-17,1.36
6167,2020-08-18,1.37
6168,2020-08-19,1.37
6169,2020-08-20,1.38
6170,2020-08-21,1.38
6171,2020-08-24,1.37
6172,2020-08-25,1.37
6173,2020-08-26,1.37
6174,2020-08-27,1.38
6175,2020-08-28,1.37
6176,2020-08-31,1.36
6177,2020-09-01,1.35
6178,2020-09-02,1.34
6179,2020-09-03,1.35
6180,2020-09-04,1.35
6181,2020-09-07,1.35
6182,2020-09-08,1.37
6183,2020-09-09,1.37
6184,2020-09-10,1.37
6185,2020-09-11,1.37
6186,2020-09-14,1.36
6187,2020-09-15,1.36
6188,2020-09-16,1.35
6189,2020-09-17,1.35
6190,2020-09-18,1.35
6191,2020-09-21,1.37
6192,2020-09-22,1.37
6193,2020-09-23,1.39
6194,2020-09-24,1.43
6195,2020-09-25,1.46
6196,2020-09-28,1.45
6197,2020-09-29,1.44
6198,2020-09-30,1.44
6199,2020-10-01,1.43
6200,2020-10-02,1.43
6201,2020-10-05,1.4
6202,2020-10-06,1.38
6203,2020-10-07,1.36
6204,2020-10-08,1.36
6205,2020-10-09,1.35
6206,2020-10-12,1.34
6207,2020-10-13,1.33
6208,2020-10-14,1.33
6209,2020-10-15,1.34
6210,2020-10-16,1.33
6211,2020-10-19,1.32
6212,2020-10-20,1.32
6213,2020-10-21,1.31
6214,2020-10-22,1.31
6215,2020-10-23,1.3
6216,2020-10-26,1.3
6217,2020-10-27,1.3
6218,2020-10-28,1.32
6219,2020-10-29,1.33
6220,2020-10-30,1.33
6221,2020-10-31,1.34
6222,2020-11-02,1.33
6223,2020-11-03,1.32
6224,2020-11-04,1.3
6225,2020-11-05,1.27
6226,2020-11-06,1.25
6227,2020-11-09,1.19
6228,2020-11-10,1.19
6229,2020-11-11,1.18
6230,2020-11-12,1.21
6231,2020-11-13,1.21
6232,2020-11-16,1.19
6233,2020-11-17,1.19
6234,2020-11-18,1.17
6235,2020-11-19,1.16
6236,2020-11-20,1.16
6237,2020-11-23,1.16
6238,2020-11-24,1.15
6239,2020-11-25,1.14
6240,2020-11-26,1.14
6241,2020-11-27,1.13
6242,2020-11-30,1.12
6243,2020-12-01,1.09
6244,2020-12-02,1.08
6245,2020-12-03,1.07
6246,2020-12-04,1.07
6247,2020-12-07,1.07
6248,2020-12-08,1.08
6249,2020-12-09,1.1
6250,2020-12-10,1.11
6251,2020-12-11,1.11
6252,2020-12-14,1.11
6253,2020-12-15,1.1
6254,2020-12-16,1.08
6255,2020-12-17,1.07
6256,2020-12-18,1.07
6257,2020-12-21,1.07
6258,2020-12-22,1.07
6259,2020-12-23,1.07
6260,2020-12-24,1.06
6261,2020-12-28,1.05
6262,2020-12-29,1.05
6263,2020-12-30,1.03
6264,2020-12-31,1.03
6265,2021-01-04,1.04
6266,2021-01-05,1.05
6267,2021-01-06,1.04
6268,2021-01-07,1.03
6269,2021-01-08,1.02
6270,2021-01-11,1.01
6271,2021-01-12,1.01
6272,2021-01-13,1.0
6273,2021-01-14,0.99
6274,2021-01-15,1.0
6275,2021-01-18,0.99
6276,2021-01-19,0.99
6277,2021-01-20,0.99
6278,2021-01-21,1.0
6279,2021-01-22,1.01
6280,2021-01-25,1.02
6281,2021-01-26,1.02
6282,2021-01-27,1.03
6283,2021-01-28,1.02
6284,2021-01-29,1.02
6285,2021-01-31,1.03
6286,2021-02-01,1.03
6287,2021-02-02,1.02
6288,2021-02-03,1.01
6289,2021-02-04,1.0
6290,2021-02-05,0.99
6291,2021-02-08,0.98
6292,2021-02-09,0.98
6293,2021-02-10,0.98
6294,2021-02-11,0.98
6295,2021-02-12,0.97
6296,2021-02-15,0.97
6297,2021-02-16,0.95
6298,2021-02-17,0.94
6299,2021-02-18,0.94
6300,2021-02-19,0.94
6301,2021-02-22,0.95
6302,2021-02-23,0.97
6303,2021-02-24,0.96
6304,2021-02-25,0.95
6305,2021-02-26,0.95
6306,2021-02-28,0.95
6307,2021-03-01,0.96
6308,2021-03-02,0.96
6309,2021-03-03,0.95
6310,2021-03-04,0.97
6311,2021-03-05,1.0
6312,2021-03-08,1.02
6313,2021-03-09,1.04
6314,2021-03-10,1.04
6315,2021-03-11,1.02
6316,2021-03-12,1.02
6317,2021-03-15,1.02
6318,2021-03-16,1.01
6319,2021-03-17,1.02
6320,2021-03-18,1.0
6321,2021-03-19,1.0
6322,2021-03-22,1.0
6323,2021-03-23,1.01
6324,2021-03-24,1.01
6325,2021-03-25,1.02
6326,2021-03-26,1.01
6327,2021-03-29,1.0
6328,2021-03-30,0.99
6329,2021-03-31,0.97
6330,2021-04-01,0.95
6331,2021-04-05,0.94
6332,2021-04-06,0.95
6333,2021-04-07,0.95
6334,2021-04-08,0.95
6335,2021-04-09,0.94
6336,2021-04-12,0.94
6337,2021-04-13,0.94
6338,2021-04-14,0.93
6339,2021-04-15,0.94
6340,2021-04-16,0.94
6341,2021-04-19,0.95
6342,2021-04-20,0.96
6343,2021-04-21,0.96
6344,2021-04-22,0.96
6345,2021-04-23,0.95
6346,2021-04-26,0.95
6347,2021-04-27,0.94
6348,2021-04-28,0.94
6349,2021-04-29,0.94
6350,2021-04-30,0.94
6351,2021-05-03,0.94
6352,2021-05-04,0.94
6353,2021-05-05,0.94
6354,2021-05-06,0.94
6355,2021-05-07,0.93
6356,2021-05-10,0.93
6357,2021-05-11,0.93
6358,2021-05-12,0.93
6359,2021-05-13,0.93
6360,2021-05-14,0.92
6361,2021-05-17,0.91
6362,2021-05-18,0.91
6363,2021-05-19,0.92
6364,2021-05-20,0.92
6365,2021-05-21,0.91
6366,2021-05-24,0.91
6367,2021-05-25,0.9
6368,2021-05-26,0.9
6369,2021-05-27,0.9
6370,2021-05-28,0.9
6371,2021-05-31,0.91
6372,2021-06-01,0.91
6373,2021-06-02,0.9
6374,2021-06-03,0.9
6375,2021-06-04,0.91
6376,2021-06-07,0.91
6377,2021-06-08,0.91
6378,2021-06-09,0.91
6379,2021-06-10,0.91
6380,2021-06-11,0.9
6381,2021-06-14,0.89
6382,2021-06-15,0.89
6383,2021-06-16,0.87
6384,2021-06-17,0.87
6385,2021-06-18,0.87
6386,2021-06-21,0.87
6387,2021-06-22,0.88
6388,2021-06-23,0.88
6389,2021-06-24,0.87
6390,2021-06-25,0.86
6391,2021-06-28,0.86
6392,2021-06-29,0.86
6393,2021-06-30,0.86
6394,2021-07-01,0.87
6395,2021-07-02,0.87
6396,2021-07-05,0.87
6397,2021-07-06,0.87
6398,2021-07-07,0.88
6399,2021-07-08,0.9
6400,2021-07-09,0.9
6401,2021-07-12,0.9
6402,2021-07-13,0.89
6403,2021-07-14,0.89
6404,2021-07-15,0.9
6405,2021-07-16,0.91
6406,2021-07-19,0.93
6407,2021-07-20,0.94
6408,2021-07-21,0.93
6409,2021-07-22,0.93
6410,2021-07-23,0.92
6411,2021-07-26,0.92
6412,2021-07-27,0.92
6413,2021-07-28,0.92
6414,2021-07-29,0.91
6415,2021-07-30,0.91
6416,2021-07-31,0.92
6417,2021-08-02,0.93
6418,2021-08-03,0.93
6419,2021-08-04,0.93
6420,2021-08-05,0.93
6421,2021-08-06,0.93
6422,2021-08-09,0.93
6423,2021-08-10,0.93
6424,2021-08-11,0.93
6425,2021-08-12,0.93
6426,2021-08-13,0.93
6427,2021-08-16,0.93
6428,2021-08-17,0.93
6429,2021-08-18,0.94
6430,2021-08-19,0.95
6431,2021-08-20,0.95
6432,2021-08-23,0.95
6433,2021-08-24,0.94
6434,2021-08-25,0.93
6435,2021-08-26,0.93
6436,2021-08-27,0.92
6437,2021-08-30,0.92
6438,2021-08-31,0.92
6439,2021-09-01,0.92
6440,2021-09-02,0.92
6441,2021-09-03,0.92
6442,2021-09-06,0.92
6443,2021-09-07,0.92
6444,2021-09-08,0.92
6445,2021-09-09,0.92
6446,2021-09-10,0.91
6447,2021-09-13,0.9
6448,2021-09-14,0.9
6449,2021-09-15,0.9
6450,2021-09-16,0.9
6451,2021-09-17,0.9
6452,2021-09-20,0.91
6453,2021-09-21,0.91
6454,2021-09-22,0.9
6455,2021-09-23,0.89
6456,2021-09-24,0.87
6457,2021-09-27,0.86
6458,2021-09-28,0.87
6459,2021-09-29,0.87
6460,2021-09-30,0.89
6461,2021-10-01,0.89
6462,2021-10-04,0.89
6463,2021-10-05,0.89
6464,2021-10-06,0.9
6465,2021-10-07,0.9
6466,2021-10-08,0.9
6467,2021-10-11,0.9
6468,2021-10-12,0.91
6469,2021-10-13,0.91
6470,2021-10-14,0.9
6471,2021-10-15,0.89
6472,2021-10-18,0.89
6473,2021-10-19,0.89
6474,2021-10-20,0.89
6475,2021-10-21,0.89
6476,2021-10-22,0.89
6477,2021-10-25,0.89
6478,2021-10-26,0.89
6479,2021-10-27,0.89
6480,2021-10-28,0.89
6481,2021-10-29,0.89
6482,2021-10-31,0.89
6483,2021-11-01,0.9
6484,2021-11-02,0.91
6485,2021-11-03,0.91
6486,2021-11-04,0.9
6487,2021-11-05,0.9
6488,2021-11-08,0.89
6489,2021-11-09,0.9
6490,2021-11-10,0.9
6491,2021-11-11,0.9
6492,2021-11-12,0.91
6493,2021-11-15,0.91
6494,2021-11-16,0.93
6495,2021-11-17,0.94
6496,2021-11-18,0.94
6497,2021-11-19,0.94
6498,2021-11-22,0.94
6499,2021-11-23,0.96
6500,2021-11-24,0.96
6501,2021-11-25,0.96
6502,2021-11-26,1.01
6503,2021-11-29,1.02
6504,2021-11-30,1.03
6505,2021-12-01,1.03
6506,2021-12-02,1.04
6507,2021-12-03,1.03
6508,2021-12-06,1.02
6509,2021-12-07,1.0
6510,2021-12-08,0.99
6511,2021-12-09,0.99
6512,2021-12-10,1.0
6513,2021-12-13,1.0
6514,2021-12-14,1.01
6515,2021-12-15,1.01
6516,2021-12-16,1.01
6517,2021-12-17,1.01
6518,2021-12-20,1.03
6519,2021-12-21,1.02
6520,2021-12-22,1.01
6521,2021-12-23,1.0
6522,2021-12-27,0.99
6523,2021-12-28,0.98
6524,2021-12-29,0.97
6525,2021-12-30,0.97
6526,2021-12-31,0.98
6527,2022-01-03,0.97
6528,2022-01-04,0.96
6529,2022-01-05,0.95
6530,2022-01-06,0.95
6531,2022-01-07,0.95
6532,2022-01-10,0.96
6533,2022-01-11,0.96
6534,2022-01-12,0.96
6535,2022-01-13,0.97
6536,2022-01-14,0.97
6537,2022-01-17,0.97
6538,2022-01-18,0.98
6539,2022-01-19,0.99
6540,2022-01-20,1.0
6541,2022-01-21,1.03
6542,2022-01-24,1.05
6543,2022-01-25,1.05
6544,2022-01-26,1.03
6545,2022-01-27,1.07
6546,2022-01-28,1.09
6547,2022-01-31,1.1
6548,2022-02-01,1.08
6549,2022-02-02,1.08
6550,2022-02-03,1.08
6551,2022-02-04,1.09
6552,2022-02-07,1.1
6553,2022-02-08,1.1
6554,2022-02-09,1.09
6555,2022-02-10,1.08
6556,2022-02-11,1.1
6557,2022-02-14,1.11
6558,2022-02-15,1.11
6559,2022-02-16,1.14
6560,2022-02-17,1.18
6561,2022-02-18,1.2
6562,2022-02-21,1.2
6563,2022-02-22,1.23
6564,2022-02-23,1.24
6565,2022-02-24,1.32
6566,2022-02-25,1.27
6567,2022-02-28,1.3
6568,2022-03-01,1.33
6569,2022-03-02,1.33
6570,2022-03-03,1.33
6571,2022-03-04,1.38
6572,2022-03-07,1.43
6573,2022-03-08,1.49
6574,2022-03-09,1.47
6575,2022-03-10,1.48
6576,2022-03-11,1.5
6577,2022-03-14,1.51
6578,2022-03-15,1.52
6579,2022-03-16,1.46
6580,2022-03-17,1.39
6581,2022-03-18,1.37
6582,2022-03-21,1.33
6583,2022-03-22,1.31
6584,2022-03-23,1.31
6585,2022-03-24,1.32
6586,2022-03-25,1.29
6587,2022-03-28,1.29
6588,2022-03-29,1.26
6589,2022-03-30,1.25
6590,2022-03-31,1.22
6591,2022-04-01,1.2
6592,2022-04-04,1.18
6593,2022-04-05,1.15
6594,2022-04-06,1.18
6595,2022-04-07,1.18
6596,2022-04-08,1.2
6597,2022-04-11,1.22
6598,2022-04-12,1.25
6599,2022-04-13,1.28
6600,2022-04-14,1.26
6601,2022-04-18,1.27
6602,2022-04-19,1.28
6603,2022-04-20,1.29
6604,2022-04-21,1.3
6605,2022-04-22,1.33
6606,2022-04-25,1.35
6607,2022-04-26,1.36
6608,2022-04-27,1.38
6609,2022-04-28,1.38
6610,2022-04-29,1.39
6611,2022-04-30,1.41
6612,2022-05-02,1.41
6613,2022-05-03,1.4
6614,2022-05-04,1.41
6615,2022-05-05,1.39
6616,2022-05-06,1.4
6617,2022-05-09,1.44
6618,2022-05-10,1.45
6619,2022-05-11,1.45
6620,2022-05-12,1.48
6621,2022-05-13,1.47
6622,2022-05-16,1.49
6623,2022-05-17,1.49
6624,2022-05-18,1.52
6625,2022-05-19,1.54
6626,2022-05-20,1.55
6627,2022-05-23,1.53
6628,2022-05-24,1.54
6629,2022-05-25,1.49
6630,2022-05-26,1.44
6631,2022-05-27,1.41
6632,2022-05-30,1.41
6633,2022-05-31,1.4
6634,2022-06-01,1.37
6635,2022-06-02,1.38
6636,2022-06-03,1.38
6637,2022-06-06,1.37
6638,2022-06-07,1.38
6639,2022-06-08,1.37
6640,2022-06-09,1.38
6641,2022-06-10,1.41
6642,2022-06-13,1.46
6643,2022-06-14,1.46
6644,2022-06-15,1.45
6645,2022-06-16,1.49
6646,2022-06-17,1.5
6647,2022-06-20,1.5
6648,2022-06-21,1.49
6649,2022-06-22,1.54
6650,2022-06-23,1.56
6651,2022-06-24,1.55
6652,2022-06-27,1.54
6653,2022-06-28,1.56
6654,2022-06-29,1.58
6655,2022-06-30,1.64
6656,2022-07-01,1.65
6657,2022-07-04,1.65
6658,2022-07-05,1.67
6659,2022-07-06,1.65
6660,2022-07-07,1.6
6661,2022-07-08,1.57
6662,2022-07-11,1.58
6663,2022-07-12,1.59
6664,2022-07-13,1.59
6665,2022-07-14,1.6
6666,2022-07-15,1.58
6667,2022-07-18,1.55
6668,2022-07-19,1.54
6669,2022-07-20,1.52
6670,2022-07-21,1.52
6671,2022-07-22,1.52
6672,2022-07-25,1.54
6673,2022-07-26,1.56
6674,2022-07-27,1.55
6675,2022-07-28,1.54
6676,2022-07-29,1.51
6677,2022-07-31,1.53
6678,2022-08-01,1.52
6679,2022-08-02,1.51
6680,2022-08-03,1.5
6681,2022-08-04,1.5
6682,2022-08-05,1.49
6683,2022-08-08,1.49
6684,2022-08-09,1.5
6685,2022-08-10,1.47
6686,2022-08-11,1.42
6687,2022-08-12,1.41
6688,2022-08-15,1.4
6689,2022-08-16,1.39
6690,2022-08-17,1.41
6691,2022-08-18,1.41
6692,2022-08-19,1.42
6693,2022-08-22,1.44
6694,2022-08-23,1.45
6695,2022-08-24,1.43
6696,2022-08-25,1.42
6697,2022-08-26,1.42
6698,2022-08-29,1.44
6699,2022-08-30,1.45
6700,2022-08-31,1.48
6701,2022-09-01,1.5
6702,2022-09-02,1.5
6703,2022-09-05,1.51
6704,2022-09-06,1.51
6705,2022-09-07,1.51
6706,2022-09-08,1.49
6707,2022-09-09,1.47
6708,2022-09-12,1.46
6709,2022-09-13,1.46
6710,2022-09-14,1.46
6711,2022-09-15,1.45
6712,2022-09-16,1.48
6713,2022-09-19,1.47
6714,2022-09-20,1.47
6715,2022-09-21,1.47
6716,2022-09-22,1.48
6717,2022-09-23,1.51
6718,2022-09-26,1.54
6719,2022-09-27,1.58
6720,2022-09-28,1.67
6721,2022-09-29,1.68
6722,2022-09-30,1.67
6723,2022-10-03,1.65
6724,2022-10-04,1.6
6725,2022-10-05,1.61
6726,2022-10-06,1.58
6727,2022-10-07,1.6
6728,2022-10-10,1.6
6729,2022-10-11,1.67
6730,2022-10-12,1.71
6731,2022-10-13,1.71
6732,2022-10-14,1.7
6733,2022-10-17,1.7
6734,2022-10-18,1.69
6735,2022-10-19,1.7
6736,2022-10-20,1.69
6737,2022-10-21,1.71
6738,2022-10-24,1.68
6739,2022-10-25,1.69
6740,2022-10-26,1.67
6741,2022-10-27,1.68
6742,2022-10-28,1.66
6743,2022-10-31,1.66
6744,2022-11-01,1.64
6745,2022-11-02,1.62
6746,2022-11-03,1.64
6747,2022-11-04,1.61
6748,2022-11-07,1.59
6749,2022-11-08,1.6
6750,2022-11-09,1.6
6751,2022-11-10,1.58
6752,2022-11-11,1.58
6753,2022-11-14,1.52
6754,2022-11-15,1.48
6755,2022-11-16,1.48
6756,2022-11-17,1.47
6757,2022-11-18,1.45
6758,2022-11-21,1.44
6759,2022-11-22,1.43
6760,2022-11-23,1.42
6761,2022-11-24,1.42
6762,2022-11-25,1.4
6763,2022-11-28,1.4
6764,2022-11-29,1.42
6765,2022-11-30,1.42
6766,2022-12-01,1.41
6767,2022-12-02,1.4
6768,2022-12-05,1.39
6769,2022-12-06,1.39
6770,2022-12-07,1.4
6771,2022-12-08,1.38
6772,2022-12-09,1.37
6773,2022-12-12,1.37
6774,2022-12-13,1.36
6775,2022-12-14,1.37
6776,2022-12-15,1.38
6777,2022-12-16,1.39
6778,2022-12-19,1.4
6779,2022-12-20,1.41
6780,2022-12-21,1.4
6781,2022-12-22,1.39
6782,2022-12-23,1.38
6783,2022-12-27,1.38
6784,2022-12-28,1.4
6785,2022-12-29,1.38
6786,2022-12-30,1.38
6787,2022-12-31,1.38
6788,2023-01-03,1.4
6789,2023-01-04,1.4
6790,2023-01-05,1.4
6791,2023-01-06,1.4
6792,2023-01-09,1.37
6793,2023-01-10,1.35
6794,2023-01-11,1.34
6795,2023-01-12,1.33
6796,2023-01-13,1.32
6797,2023-01-16,1.32
6798,2023-01-17,1.3
6799,2023-01-18,1.29
6800,2023-01-19,1.3
6801,2023-01-20,1.29
6802,2023-01-23,1.28
6803,2023-01-24,1.29
6804,2023-01-25,1.28
6805,2023-01-26,1.26
6806,2023-01-27,1.25
6807,2023-01-30,1.25
6808,2023-01-31,1.25
6809,2023-02-01,1.25
6810,2023-02-02,1.21
6811,2023-02-03,1.2
6812,2023-02-06,1.2
6813,2023-02-07,1.2
6814,2023-02-08,1.2
6815,2023-02-09,1.2
6816,2023-02-10,1.23
6817,2023-02-13,1.24
6818,2023-02-14,1.23
6819,2023-02-15,1.23
6820,2023-02-16,1.23
6821,2023-02-17,1.26
6822,2023-02-20,1.26
6823,2023-02-21,1.28
6824,2023-02-22,1.28
6825,2023-02-23,1.28
6826,2023-02-24,1.28
6827,2023-02-27,1.28
6828,2023-02-28,1.3
6829,2023-03-01,1.29
6830,2023-03-02,1.27
6831,2023-03-03,1.25
6832,2023-03-06,1.24
6833,2023-03-07,1.25
6834,2023-03-08,1.27
6835,2023-03-09,1.3
6836,2023-03-10,1.37
6837,2023-03-13,1.51
6838,2023-03-14,1.5
6839,2023-03-15,1.64
6840,2023-03-16,1.61
6841,2023-03-17,1.62
6842,2023-03-20,1.62
6843,2023-03-21,1.52
6844,2023-03-22,1.5
6845,2023-03-23,1.52
6846,2023-03-24,1.54
6847,2023-03-27,1.52
6848,2023-03-28,1.52
6849,2023-03-29,1.5
6850,2023-03-30,1.46
6851,2023-03-31,1.45
6852,2023-04-03,1.43
6853,2023-04-04,1.43
6854,2023-04-05,1.45
6855,2023-04-06,1.46
6856,2023-04-10,1.45
6857,2023-04-11,1.44
6858,2023-04-12,1.43
6859,2023-04-13,1.42
6860,2023-04-14,1.39
6861,2023-04-17,1.38
6862,2023-04-18,1.37
6863,2023-04-19,1.37
6864,2023-04-20,1.38
6865,2023-04-21,1.38
6866,2023-04-24,1.38
6867,2023-04-25,1.4
6868,2023-04-26,1.41
6869,2023-04-27,1.39
6870,2023-04-28,1.4
6871,2023-04-30,1.41
6872,2023-05-01,1.4
6873,2023-05-02,1.44
6874,2023-05-03,1.45
6875,2023-05-04,1.51
6876,2023-05-05,1.48
6877,2023-05-08,1.49
6878,2023-05-09,1.49
6879,2023-05-10,1.49
6880,2023-05-11,1.49
6881,2023-05-12,1.48
6882,2023-05-15,1.49
6883,2023-05-16,1.49
6884,2023-05-17,1.49
6885,2023-05-18,1.47
6886,2023-05-19,1.45
6887,2023-05-22,1.44
6888,2023-05-23,1.44
6889,2023-05-24,1.44
6890,2023-05-25,1.42
6891,2023-05-26,1.41
6892,2023-05-29,1.41
6893,2023-05-30,1.4
6894,2023-05-31,1.42
6895,2023-06-01,1.42
6896,2023-06-02,1.39
6897,2023-06-05,1.39
6898,2023-06-06,1.39
6899,2023-06-07,1.39
6900,2023-06-08,1.4
6901,2023-06-09,1.4
6902,2023-06-12,1.41
6903,2023-06-13,1.39
6904,2023-06-14,1.38
6905,2023-06-15,1.37
6906,2023-06-16,1.35
6907,2023-06-19,1.35
6908,2023-06-20,1.35
6909,2023-06-21,1.35
6910,2023-06-22,1.34
6911,2023-06-23,1.35
6912,2023-06-26,1.36
6913,2023-06-27,1.34
6914,2023-06-28,1.34
6915,2023-06-29,1.31
6916,2023-06-30,1.3
6917,2023-07-03,1.29
6918,2023-07-04,1.29
6919,2023-07-05,1.28
6920,2023-07-06,1.29
6921,2023-07-07,1.28
6922,2023-07-10,1.29
6923,2023-07-11,1.28
6924,2023-07-12,1.27
6925,2023-07-13,1.27
6926,2023-07-14,1.28
6927,2023-07-17,1.29
6928,2023-07-18,1.28
6929,2023-07-19,1.28
6930,2023-07-20,1.27
6931,2023-07-21,1.26
6932,2023-07-24,1.25
6933,2023-07-25,1.24
6934,2023-07-26,1.23
6935,2023-07-27,1.2
6936,2023-07-28,1.19
6937,2023-07-31,1.19
6938,2023-08-01,1.19
6939,2023-08-02,1.21
6940,2023-08-03,1.22
6941,2023-08-04,1.22
6942,2023-08-07,1.22
6943,2023-08-08,1.23
6944,2023-08-09,1.23
6945,2023-08-10,1.22
6946,2023-08-11,1.22
6947,2023-08-14,1.22
6948,2023-08-15,1.23
6949,2023-08-16,1.25
6950,2023-08-17,1.26
6951,2023-08-18,1.27
6952,2023-08-21,1.26
6953,2023-08-22,1.25
6954,2023-08-23,1.25
6955,2023-08-24,1.23
6956,2023-08-25,1.23
6957,2023-08-28,1.22
6958,2023-08-29,1.22
6959,2023-08-30,1.22
6960,2023-08-31,1.22
6961,2023-09-01,1.22
6962,2023-09-04,1.22
6963,2023-09-05,1.22
6964,2023-09-06,1.23
6965,2023-09-07,1.23
6966,2023-09-08,1.23
6967,2023-09-11,1.23
6968,2023-09-12,1.23
6969,2023-09-13,1.24
6970,2023-09-14,1.23
6971,2023-09-15,1.22
6972,2023-09-18,1.22
6973,2023-09-19,1.21
6974,2023-09-20,1.2
6975,2023-09-21,1.2
6976,2023-09-22,1.2
6977,2023-09-25,1.19
6978,2023-09-26,1.2
6979,2023-09-27,1.21
6980,2023-09-28,1.23
6981,2023-09-29,1.24
6982,2023-09-30,1.25
6983,2023-10-02,1.26
6984,2023-10-03,1.28
6985,2023-10-04,1.29
6986,2023-10-05,1.29
6987,2023-10-06,1.29
6988,2023-10-09,1.29
6989,2023-10-10,1.29
6990,2023-10-11,1.27
6991,2023-10-12,1.26
6992,2023-10-13,1.27
6993,2023-10-16,1.27
6994,2023-10-17,1.27
6995,2023-10-18,1.29
6996,2023-10-19,1.31
6997,2023-10-20,1.33
6998,2023-10-23,1.33
6999,2023-10-24,1.31
7000,2023-10-25,1.3
7001,2023-10-26,1.3
7002,2023-10-27,1.31
7003,2023-10-30,1.32
7004,2023-10-31,1.32
7005,2023-11-01,1.33
7006,2023-11-02,1.29
7007,2023-11-03,1.29
7008,2023-11-06,1.28
7009,2023-11-07,1.29
7010,2023-11-08,1.28
7011,2023-11-09,1.27
7012,2023-11-10,1.26
7013,2023-11-13,1.25
7014,2023-11-14,1.23
7015,2023-11-15,1.22
7016,2023-11-16,1.21
7017,2023-11-17,1.2
7018,2023-11-20,1.18
7019,2023-11-21,1.17
7020,2023-11-22,1.15
7021,2023-11-23,1.15
7022,2023-11-24,1.14
7023,2023-11-27,1.14
7024,2023-11-28,1.14
7025,2023-11-29,1.11
7026,2023-11-30,1.11
7027,2023-12-01,1.11
7028,2023-12-04,1.1
7029,2023-12-05,1.11
7030,2023-12-06,1.12
7031,2023-12-07,1.11
7032,2023-12-08,1.1
7033,2023-12-11,1.1
7034,2023-12-12,1.09
7035,2023-12-13,1.08
7036,2023-12-14,1.04
7037,2023-12-15,1.04
7038,2023-12-18,1.05
7039,2023-12-19,1.05
7040,2023-12-20,1.06
7041,2023-12-21,1.07
7042,2023-12-22,1.07
7043,2023-12-26,1.06
7044,2023-12-27,1.05
7045,2023-12-28,1.04
7046,2023-12-29,1.04
7047,2023-12-31,1.04
7048,2024-01-02,1.06
7049,2024-01-03,1.09
7050,2024-01-04,1.09
7051,2024-01-05,1.09
7052,2024-01-08,1.08
7053,2024-01-09,1.06
7054,2024-01-10,1.04
7055,2024-01-11,1.03
7056,2024-01-12,1.02
7057,2024-01-15,1.02
7058,2024-01-16,1.02
7059,2024-01-17,1.02
7060,2024-01-18,1.01
7061,2024-01-19,1.01
7062,2024-01-22,1.01
7063,2024-01-23,1.01
7064,2024-01-24,0.99
7065,2024-01-25,0.98
7066,2024-01-26,0.97
7067,2024-01-29,0.98
7068,2024-01-30,1.0
7069,2024-01-31,1.02
7070,2024-02-01,1.04
7071,2024-02-02,1.02
7072,2024-02-05,1.0
7073,2024-02-06,1.0
7074,2024-02-07,1.0
7075,2024-02-08,0.99
7076,2024-02-09,1.0
7077,2024-02-12,1.0
7078,2024-02-13,0.99
7079,2024-02-14,0.98
7080,2024-02-15,0.97
7081,2024-02-16,0.96
7082,2024-02-19,0.96
7083,2024-02-20,0.96
7084,2024-02-21,0.94
7085,2024-02-22,0.93
7086,2024-02-23,0.95
7087,2024-02-26,0.96
7088,2024-02-27,0.96
7089,2024-02-28,0.98
7090,2024-02-29,1.0
7091,2024-03-01,1.01
7092,2024-03-04,1.0
7093,2024-03-05,1.01
7094,2024-03-06,1.01
7095,2024-03-07,1.0
7096,2024-03-08,0.99
7097,2024-03-11,0.98
7098,2024-03-12,0.97
7099,2024-03-13,0.95
7100,2024-03-14,0.94
7101,2024-03-15,0.93
7102,2024-03-18,0.92
7103,2024-03-19,0.92
7104,2024-03-20,0.92
7105,2024-03-21,0.91
7106,2024-03-22,0.92
7107,2024-03-25,0.92
7108,2024-03-26,0.93
7109,2024-03-27,0.94
7110,2024-03-28,0.93
7111,2024-03-31,0.94
7112,2024-04-01,0.93
7113,2024-04-02,0.93
7114,2024-04-03,0.92
7115,2024-04-04,0.92
7116,2024-04-05,0.92
7117,2024-04-08,0.91
7118,2024-04-09,0.91
7119,2024-04-10,0.89
7120,2024-04-11,0.89
7121,2024-04-12,0.92
7122,2024-04-15,0.92
7123,2024-04-16,0.95
7124,2024-04-17,0.95
7125,2024-04-18,0.94
7126,2024-04-19,0.94
7127,2024-04-22,0.93
7128,2024-04-23,0.92
7129,2024-04-24,0.92
7130,2024-04-25,0.92
7131,2024-04-26,0.9
7132,2024-04-29,0.9
7133,2024-04-30,0.91
7134,2024-05-01,0.91
7135,2024-05-02,0.9
7136,2024-05-03,0.89
7137,2024-05-06,0.88
7138,2024-05-07,0.88
7139,2024-05-08,0.89
7140,2024-05-09,0.89
7141,2024-05-10,0.89
7142,2024-05-13,0.9
7143,2024-05-14,0.9
7144,2024-05-15,0.9
7145,2024-05-16,0.89
7146,2024-05-17,0.89
7147,2024-05-20,0.88
7148,2024-05-21,0.89
7149,2024-05-22,0.89
7150,2024-05-23,0.89
7151,2024-05-24,0.89
7152,2024-05-27,0.89
7153,2024-05-28,0.88
7154,2024-05-29,0.88
7155,2024-05-30,0.88
7156,2024-05-31,0.88
7157,2024-06-03,0.88
7158,2024-06-04,0.9
7159,2024-06-05,0.91
7160,2024-06-06,0.92
7161,2024-06-07,0.9
7162,2024-06-10,0.9
7163,2024-06-11,0.91
7164,2024-06-12,0.9
7165,2024-06-13,0.92
7166,2024-06-14,0.95
7167,2024-06-17,0.95
7168,2024-06-18,0.96
7169,2024-06-19,0.96
7170,2024-06-20,0.96
7171,2024-06-21,0.96
7172,2024-06-24,0.96
7173,2024-06-25,0.96
7174,2024-06-26,0.97
7175,2024-06-27,0.96
7176,2024-06-28,0.96
7177,2024-06-30,0.96
7178,2024-07-01,0.94
7179,2024-07-02,0.93
7180,2024-07-03,0.93
7181,2024-07-04,0.93
7182,2024-07-05,0.92
7183,2024-07-08,0.92
7184,2024-07-09,0.92
7185,2024-07-10,0.92
7186,2024-07-11,0.93
7187,2024-07-12,0.92
7188,2024-07-15,0.92
7189,2024-07-16,0.92
7190,2024-07-17,0.93
7191,2024-07-18,0.93
7192,2024-07-19,0.93
7193,2024-07-22,0.93
7194,2024-07-23,0.93
7195,2024-07-24,0.96
7196,2024-07-25,0.95
7197,2024-07-26,0.95
7198,2024-07-29,0.95
7199,2024-07-30,0.96
7200,2024-07-31,0.97
7201,2024-08-01,1.0
7202,2024-08-02,1.06
7203,2024-08-05,1.12
7204,2024-08-06,1.08
7205,2024-08-07,1.07
7206,2024-08-08,1.05
7207,2024-08-09,1.05
7208,2024-08-12,1.05
7209,2024-08-13,1.04
7210,2024-08-14,1.02
7211,2024-08-15,0.98
7212,2024-08-16,0.98
7213,2024-08-19,0.97
7214,2024-08-20,0.98
7215,2024-08-21,0.98
7216,2024-08-22,0.97
7217,2024-08-23,0.96
7218,2024-08-26,0.96
7219,2024-08-27,0.96
7220,2024-08-28,0.96
7221,2024-08-29,0.96
7222,2024-08-30,0.95
7223,2024-08-31,0.96
7224,2024-09-02,0.96
7225,2024-09-03,0.98
7226,2024-09-04,0.99
7227,2024-09-05,0.99
7228,2024-09-06,0.99
7229,2024-09-09,0.99
7230,2024-09-10,1.01
7231,2024-09-11,1.01
7232,2024-09-12,0.99
7233,2024-09-13,0.99
7234,2024-09-16,0.98
7235,2024-09-17,0.97
7236,2024-09-18,0.95
7237,2024-09-19,0.93
7238,2024-09-20,0.93
7239,2024-09-23,0.92
7240,2024-09-24,0.92
7241,2024-09-25,0.92
7242,2024-09-26,0.92
7243,2024-09-27,0.92
7244,2024-09-30,0.92
7245,2024-10-01,0.92
7246,2024-10-02,0.91
7247,2024-10-03,0.9
7248,2024-10-04,0.87
7249,2024-10-07,0.86
7250,2024-10-08,0.87
7251,2024-10-09,0.85
7252,2024-10-10,0.84
7253,2024-10-11,0.84
7254,2024-10-14,0.84
7255,2024-10-15,0.83
7256,2024-10-16,0.83
7257,2024-10-17,0.83
7258,2024-10-18,0.83
7259,2024-10-21,0.85
7260,2024-10-22,0.85
7261,2024-10-23,0.86
7262,2024-10-24,0.86
7263,2024-10-25,0.85
7264,2024-10-28,0.84
7265,2024-10-29,0.84
7266,2024-10-30,0.84
7267,2024-10-31,0.86
7268,2024-11-01,0.86
7269,2024-11-04,0.86
7270,2024-11-05,0.84
7271,2024-11-06,0.8
7272,2024-11-07,0.78
7273,2024-11-08,0.77
7274,2024-11-11,0.77
7275,2024-11-12,0.77
7276,2024-11-13,0.78
7277,2024-11-14,0.8
7278,2024-11-15,0.8
7279,2024-11-18,0.8
7280,2024-11-19,0.8
7281,2024-11-20,0.81
7282,2024-11-21,0.81
7283,2024-11-22,0.8
7284,2024-11-25,0.8
7285,2024-11-26,0.81
7286,2024-11-27,0.82
7287,2024-11-28,0.82
7288,2024-11-29,0.82
7289,2024-11-30,0.83
7290,2024-12-02,0.81
7291,2024-12-03,0.8
7292,2024-12-04,0.8
7293,2024-12-05,0.81
7294,2024-12-06,0.81
7295,2024-12-09,0.81
7296,2024-12-10,0.8
7297,2024-12-11,0.78
7298,2024-12-12,0.79
7299,2024-12-13,0.78
7300,2024-12-16,0.78
7301,2024-12-17,0.79
7302,2024-12-18,0.79
7303,2024-12-19,0.82
7304,2024-12-20,0.82
7305,2024-12-23,0.82
7306,2024-12-26,0.81
7307,2024-12-27,0.81
7308,2024-12-30,0.82
7309,2024-12-31,0.82
7310,2025-01-02,0.83
7311,2025-01-03,0.83
7312,2025-01-06,0.84
7313,2025-01-07,0.84
7314,2025-01-08,0.83
7315,2025-01-09,0.83
7316,2025-01-10,0.83
7317,2025-01-13,0.84
7318,2025-01-14,0.84
7319,2025-01-15,0.83
7320,2025-01-16,0.83
7321,2025-01-17,0.82
7322,2025-01-20,0.82
7323,2025-01-21,0.82
7324,2025-01-22,0.81
7325,2025-01-23,0.8
7326,2025-01-24,0.8
7327,2025-01-27,0.81
7328,2025-01-28,0.81
7329,2025-01-29,0.81
7330,2025-01-30,0.81
7331,2025-01-31,0.82
7332,2025-02-03,0.83
7333,2025-02-04,0.82
7334,2025-02-05,0.83
7335,2025-02-06,0.84
7336,2025-02-07,0.84
7337,2025-02-10,0.84
7338,2025-02-11,0.83
7339,2025-02-12,0.81
7340,2025-02-13,0.81
7341,2025-02-14,0.8
7342,2025-02-17,0.8
7343,2025-02-18,0.79
7344,2025-02-19,0.79
7345,2025-02-20,0.8
7346,2025-02-21,0.81
7347,2025-02-24,0.81
7348,2025-02-25,0.84
7349,2025-02-26,0.84
7350,2025-02-27,0.85
7351,2025-02-28,0.88
7352,2025-03-03,0.89
7353,2025-03-04,0.89
7354,2025-03-05,0.87
7355,2025-03-06,0.88
7356,2025-03-07,0.89
7357,2025-03-10,0.91
7358,2025-03-11,0.94
7359,2025-03-12,0.96
7360,2025-03-13,0.97
7361,2025-03-14,0.94
7362,2025-03-17,0.93
7363,2025-03-18,0.93
7364,2025-03-19,0.91
7365,2025-03-20,0.91
7366,2025-03-21,0.92
7367,2025-03-24,0.9
7368,2025-03-25,0.9
7369,2025-03-26,0.91
7370,2025-03-27,0.91
7371,2025-03-28,0.94
7372,2025-03-31,0.97
7373,2025-04-01,0.98
7374,2025-04-02,0.96
7375,2025-04-03,1.06
7376,2025-04-04,1.14
7377,2025-04-07,1.2
7378,2025-04-08,1.18
7379,2025-04-09,1.21
7380,2025-04-10,1.18
7381,2025-04-11,1.18
7382,2025-04-14,1.15
7383,2025-04-15,1.14
7384,2025-04-16,1.13
7385,2025-04-17,1.11
7386,2025-04-21,1.12
7387,2025-04-22,1.11
7388,2025-04-23,1.08
7389,2025-04-24,1.06
7390,2025-04-25,1.04
7391,2025-04-28,1.04
7392,2025-04-29,1.06
7393,2025-04-30,1.09
7394,2025-05-01,1.09
7395,2025-05-02,1.06
7396,2025-05-05,1.05
7397,2025-05-06,1.05
7398,2025-05-07,1.05
7399,2025-05-08,1.02
7400,2025-05-09,1.02
7401,2025-05-12,0.97
7402,2025-05-13,0.94
7403,2025-05-14,0.93
7404,2025-05-15,0.94
7405,2025-05-16,0.93
7406,2025-05-19,0.92
7407,2025-05-20,0.9
7408,2025-05-21,0.91
7409,2025-05-22,0.92
7410,2025-05-23,0.93
7411,2025-05-26,0.93
7412,2025-05-27,0.91
7413,2025-05-28,0.9
7414,2025-05-29,0.9
7415,2025-05-30,0.91
7416,2025-05-31,0.92
7417,2025-06-02,0.91
7418,2025-06-03,0.89
7419,2025-06-04,0.89
7420,2025-06-05,0.89
7421,2025-06-06,0.87
7422,2025-06-09,0.87
7423,2025-06-10,0.87
7424,2025-06-11,0.87
7425,2025-06-12,0.88
7426,2025-06-13,0.88
7427,2025-06-16,0.87
7428,2025-06-17,0.88
7429,2025-06-18,0.88
7430,2025-06-19,0.88
7431,2025-06-20,0.88
7432,2025-06-23,0.89
7433,2025-06-24,0.88
7434,2025-06-25,0.88
7435,2025-06-26,0.89
7436,2025-06-27,0.88
7437,2025-06-30,0.86
7438,2025-07-01,0.84
7439,2025-07-02,0.83
7440,2025-07-03,0.8
7441,2025-07-04,0.8
7442,2025-07-07,0.81
7443,2025-07-08,0.82
7444,2025-07-09,0.83
7445,2025-07-10,0.83
7446,2025-07-11,0.83
7447,2025-07-14,0.82
7448,2025-07-15,0.81
7449,2025-07-16,0.81
7450,2025-07-17,0.8
7451,2025-07-18,0.8
7452,2025-07-21,0.8
7453,2025-07-22,0.81
7454,2025-07-23,0.79
7455,2025-07-24,0.79
7456,2025-07-25,0.78
7457,2025-07-28,0.78
7458,2025-07-29,0.79
7459,2025-07-30,0.78
7460,2025-07-31,0.79
7461,2025-08-01,0.82
7462,2025-08-04,0.82
7463,2025-08-05,0.82
7464,2025-08-06,0.81
7465,2025-08-07,0.8
7466,2025-08-08,0.8
7467,2025-08-11,0.8
7468,2025-08-12,0.79
7469,2025-08-13,0.78
7470,2025-08-14,0.77
7471,2025-08-15,0.75
7472,2025-08-18,0.75
7473,2025-08-19,0.76
7474,2025-08-20,0.77
7475,2025-08-21,0.77
7476,2025-08-22,0.77
7477,2025-08-25,0.76
7478,2025-08-26,0.78
7479,2025-08-27,0.78
7480,2025-08-28,0.79
7481,2025-08-29,0.8
7482,2025-08-31,0.81
7483,2025-09-01,0.81
7484,2025-09-02,0.82
7485,2025-09-03,0.81
7486,2025-09-04,0.79
7487,2025-09-05,0.79
7488,2025-09-08,0.8
7489,2025-09-09,0.8
7490,2025-09-10,0.79
7491,2025-09-11,0.78
7492,2025-09-12,0.77
7493,2025-09-15,0.75
7494,2025-09-16,0.76
7495,2025-09-17,0.76
7496,2025-09-18,0.75
7497,2025-09-19,0.74
7498,2025-09-22,0.74
7499,2025-09-23,0.75
7500,2025-09-24,0.75
7501,2025-09-25,0.76
7502,2025-09-26,0.75
7503,2025-09-29,0.75
7504,2025-09-30,0.76
7505,2025-10-01,0.76
7506,2025-10-02,0.75
7507,2025-10-03,0.75
7508,2025-10-06,0.74
7509,2025-10-07,0.75
7510,2025-10-08,0.75
7511,2025-10-09,0.77
7512,2025-10-10,0.81
7513,2025-10-13,0.81
7514,2025-10-14,0.81
7515,2025-10-15,0.78
7516,2025-10-16,0.8
7517,2025-10-17,0.8
7518,2025-10-20,0.79
7519,2025-10-21,0.79
7520,2025-10-22,0.8
7521,2025-10-23,0.78
7522,2025-10-24,0.77
7523,2025-10-27,0.76
7524,2025-10-28,0.76
7525,2025-10-29,0.75
7526,2025-10-30,0.77
7527,2025-10-31,0.8
7528,2025-11-03,0.83
7529,2025-11-04,0.83
7530,2025-11-05,0.81
7531,2025-11-06,0.82
7532,2025-11-07,0.84
7533,2025-11-10,0.82
7534,2025-11-11,0.82
7535,2025-11-12,0.83
7536,2025-11-13,0.84
7537,2025-11-14,0.83
7538,2025-11-17,0.84
7539,2025-11-18,0.85
7540,2025-11-19,0.84
7541,2025-11-20,0.85
7542,2025-11-21,0.86
7543,2025-11-24,0.85
7544,2025-11-25,0.84
7545,2025-11-26,0.82
7546,2025-11-27,0.82
7547,2025-11-28,0.82
7548,2025-11-30,0.82
7549,2025-12-01,0.82
7550,2025-12-02,0.81
7551,2025-12-03,0.81
7552,2025-12-04,0.8
7553,2025-12-05,0.79
7554,2025-12-08,0.78
7555,2025-12-09,0.79
7556,2025-12-10,0.78
7557,2025-12-11,0.78
7558,2025-12-12,0.8
7559,2025-12-15,0.8
7560,2025-12-16,0.81
7561,2025-12-17,0.81
7562,2025-12-18,0.81
7563,2025-12-19,0.8
7564,2025-12-22,0.8
7565,2025-12-23,0.79
7566,2025-12-24,0.79
7567,2025-12-26,0.79
7568,2025-12-29,0.79
7569,2025-12-30,0.79
7570,2025-12-31,0.79
7571,2026-01-02,0.79
7572,2026-01-05,0.79
7573,2026-01-06,0.79
7574,2026-01-07,0.79
7575,2026-01-08,0.79
7576,2026-01-09,0.78
7577,2026-01-12,0.78
7578,2026-01-13,0.77
7579,2026-01-14,0.77
7580,2026-01-15,0.76
7581,2026-01-16,0.75
7582,2026-01-19,0.75
7583,2026-01-20,0.75
7584,2026-01-21,0.74
7585,2026-01-22,0.73
7586,2026-01-23,0.73
7587,2026-01-26,0.74
7588,2026-01-27,0.73
7589,2026-01-28,0.73
7590,2026-01-29,0.74
7591,2026-01-30,0.74
7592,2026-01-31,0.75
7593,2026-02-02,0.74
7594,2026-02-03,0.74
7595,2026-02-04,0.75
7596,2026-02-05,0.76
7597,2026-02-06,0.76
7598,2026-02-09,0.76
7599,2026-02-10,0.77
7600,2026-02-11,0.77
7601,2026-02-12,0.78
7602,2026-02-13,0.79
7603,2026-02-16,0.79
7604,2026-02-17,0.8
7605,2026-02-18,0.78
7606,2026-02-19,0.79
7607,2026-02-20,0.78
7608,2026-02-23,0.8
7609,2026-02-24,0.81
7610,2026-02-25,0.8
7611,2026-02-26,0.82
7612,2026-02-27,0.85
7613,2026-02-28,0.86
7614,2026-03-02,0.85
7615,2026-03-03,0.84
7616,2026-03-04,0.82
7617,2026-03-05,0.82
7618,2026-03-06,0.84
7619,2026-03-09,0.85
7620,2026-03-10,0.84
7621,2026-03-11,0.88
7622,2026-03-12,0.91
7623,2026-03-13,0.93
7624,2026-03-16,0.94
7625,2026-03-17,0.92
7626,2026-03-18,0.91
7627,2026-03-19,0.9
7628,2026-03-20,0.88
7629,2026-03-23,0.88
7630,2026-03-24,0.87
7631,2026-03-25,0.87
7632,2026-03-26,0.88
7633,2026-03-27,0.91
7634,2026-03-30,0.93
7635,2026-03-31,0.9
7636,2026-04-01,0.87
7637,2026-04-02,0.86
7638,2026-04-03,0.86
7639,2026-04-06,0.85
7640,2026-04-07,0.86
7641,2026-04-08,0.83
7642,2026-04-09,0.83
