Date,daily_returns
2002-07-30 04:00:00,
2002-07-31 04:00:00,
2002-08-01 04:00:00,
2002-08-02 04:00:00,
2002-08-05 04:00:00,
2002-08-06 04:00:00,
2002-08-07 04:00:00,
2002-08-08 04:00:00,
2002-08-09 04:00:00,
2002-08-12 04:00:00,
2002-08-13 04:00:00,
2002-08-14 04:00:00,
2002-08-15 04:00:00,
2002-08-16 04:00:00,
2002-08-19 04:00:00,
2002-08-20 04:00:00,
2002-08-21 04:00:00,
2002-08-22 04:00:00,
2002-08-23 04:00:00,
2002-08-26 04:00:00,
2002-08-27 04:00:00,
2002-08-28 04:00:00,
2002-08-29 04:00:00,
2002-08-30 04:00:00,
2002-09-03 04:00:00,
2002-09-04 04:00:00,
2002-09-05 04:00:00,
2002-09-06 04:00:00,
2002-09-09 04:00:00,
2002-09-10 04:00:00,
2002-09-11 04:00:00,
2002-09-12 04:00:00,
2002-09-13 04:00:00,
2002-09-16 04:00:00,
2002-09-17 04:00:00,
2002-09-18 04:00:00,
2002-09-19 04:00:00,
2002-09-20 04:00:00,
2002-09-23 04:00:00,
2002-09-24 04:00:00,
2002-09-25 04:00:00,
2002-09-26 04:00:00,
2002-09-27 04:00:00,
2002-09-30 04:00:00,
2002-10-01 04:00:00,
2002-10-02 04:00:00,
2002-10-03 04:00:00,
2002-10-04 04:00:00,
2002-10-07 04:00:00,
2002-10-08 04:00:00,
2002-10-09 04:00:00,
2002-10-10 04:00:00,
2002-10-11 04:00:00,
2002-10-14 04:00:00,
2002-10-15 04:00:00,
2002-10-16 04:00:00,
2002-10-17 04:00:00,
2002-10-18 04:00:00,
2002-10-21 04:00:00,
2002-10-22 04:00:00,
2002-10-23 04:00:00,
2002-10-24 04:00:00,
2002-10-25 04:00:00,
2002-10-28 05:00:00,
2002-10-29 05:00:00,
2002-10-30 05:00:00,
2002-10-31 05:00:00,
2002-11-01 05:00:00,
2002-11-04 05:00:00,
2002-11-05 05:00:00,
2002-11-06 05:00:00,
2002-11-07 05:00:00,
2002-11-08 05:00:00,
2002-11-11 05:00:00,
2002-11-12 05:00:00,
2002-11-13 05:00:00,
2002-11-14 05:00:00,
2002-11-15 05:00:00,
2002-11-18 05:00:00,
2002-11-19 05:00:00,
2002-11-20 05:00:00,
2002-11-21 05:00:00,
2002-11-22 05:00:00,
2002-11-25 05:00:00,
2002-11-26 05:00:00,
2002-11-27 05:00:00,
2002-11-29 05:00:00,
2002-12-02 05:00:00,
2002-12-03 05:00:00,
2002-12-04 05:00:00,
2002-12-05 05:00:00,
2002-12-06 05:00:00,
2002-12-09 05:00:00,
2002-12-10 05:00:00,
2002-12-11 05:00:00,
2002-12-12 05:00:00,
2002-12-13 05:00:00,
2002-12-16 05:00:00,
2002-12-17 05:00:00,
2002-12-18 05:00:00,
2002-12-19 05:00:00,
2002-12-20 05:00:00,
2002-12-23 05:00:00,
2002-12-24 05:00:00,
2002-12-26 05:00:00,
2002-12-27 05:00:00,
2002-12-30 05:00:00,
2002-12-31 05:00:00,
2003-01-02 05:00:00,
2003-01-03 05:00:00,
2003-01-06 05:00:00,
2003-01-07 05:00:00,
2003-01-08 05:00:00,
2003-01-09 05:00:00,
2003-01-10 05:00:00,
2003-01-13 05:00:00,
2003-01-14 05:00:00,
2003-01-15 05:00:00,
2003-01-16 05:00:00,
2003-01-17 05:00:00,
2003-01-21 05:00:00,
2003-01-22 05:00:00,
2003-01-23 05:00:00,
2003-01-24 05:00:00,
2003-01-27 05:00:00,
2003-01-28 05:00:00,
2003-01-29 05:00:00,
2003-01-30 05:00:00,
2003-01-31 05:00:00,
2003-02-03 05:00:00,
2003-02-04 05:00:00,
2003-02-05 05:00:00,
2003-02-06 05:00:00,
2003-02-07 05:00:00,
2003-02-10 05:00:00,
2003-02-11 05:00:00,
2003-02-12 05:00:00,
2003-02-13 05:00:00,
2003-02-14 05:00:00,
2003-02-18 05:00:00,
2003-02-19 05:00:00,
2003-02-20 05:00:00,
2003-02-21 05:00:00,
2003-02-24 05:00:00,
2003-02-25 05:00:00,
2003-02-26 05:00:00,
2003-02-27 05:00:00,
2003-02-28 05:00:00,
2003-03-03 05:00:00,
2003-03-04 05:00:00,
2003-03-05 05:00:00,
2003-03-06 05:00:00,
2003-03-07 05:00:00,
2003-03-10 05:00:00,
2003-03-11 05:00:00,
2003-03-12 05:00:00,
2003-03-13 05:00:00,
2003-03-14 05:00:00,
2003-03-17 05:00:00,
2003-03-18 05:00:00,
2003-03-19 05:00:00,
2003-03-20 05:00:00,
2003-03-21 05:00:00,
2003-03-24 05:00:00,
2003-03-25 05:00:00,
2003-03-26 05:00:00,
2003-03-27 05:00:00,
2003-03-28 05:00:00,
2003-03-31 05:00:00,
2003-04-01 05:00:00,
2003-04-02 05:00:00,
2003-04-03 05:00:00,
2003-04-04 05:00:00,
2003-04-07 04:00:00,
2003-04-08 04:00:00,
2003-04-09 04:00:00,
2003-04-10 04:00:00,
2003-04-11 04:00:00,
2003-04-14 04:00:00,
2003-04-15 04:00:00,
2003-04-16 04:00:00,
2003-04-17 04:00:00,
2003-04-21 04:00:00,
2003-04-22 04:00:00,
2003-04-23 04:00:00,
2003-04-24 04:00:00,
2003-04-25 04:00:00,
2003-04-28 04:00:00,
2003-04-29 04:00:00,
2003-04-30 04:00:00,
2003-05-01 04:00:00,
2003-05-02 04:00:00,
2003-05-05 04:00:00,
2003-05-06 04:00:00,
2003-05-07 04:00:00,
2003-05-08 04:00:00,
2003-05-09 04:00:00,
2003-05-12 04:00:00,
2003-05-13 04:00:00,
2003-05-14 04:00:00,
2003-05-15 04:00:00,
2003-05-16 04:00:00,
2003-05-19 04:00:00,
2003-05-20 04:00:00,
2003-05-21 04:00:00,
2003-05-22 04:00:00,
2003-05-23 04:00:00,
2003-05-27 04:00:00,
2003-05-28 04:00:00,
2003-05-29 04:00:00,
2003-05-30 04:00:00,
2003-06-02 04:00:00,
2003-06-03 04:00:00,
2003-06-04 04:00:00,
2003-06-05 04:00:00,
2003-06-06 04:00:00,
2003-06-09 04:00:00,
2003-06-10 04:00:00,
2003-06-11 04:00:00,
2003-06-12 04:00:00,
2003-06-13 04:00:00,
2003-06-16 04:00:00,
2003-06-17 04:00:00,
2003-06-18 04:00:00,
2003-06-19 04:00:00,
2003-06-20 04:00:00,
2003-06-23 04:00:00,
2003-06-24 04:00:00,
2003-06-25 04:00:00,
2003-06-26 04:00:00,
2003-06-27 04:00:00,
2003-06-30 04:00:00,
2003-07-01 04:00:00,
2003-07-02 04:00:00,
2003-07-03 04:00:00,
2003-07-07 04:00:00,
2003-07-08 04:00:00,
2003-07-09 04:00:00,
2003-07-10 04:00:00,
2003-07-11 04:00:00,
2003-07-14 04:00:00,
2003-07-15 04:00:00,
2003-07-16 04:00:00,
2003-07-17 04:00:00,
2003-07-18 04:00:00,
2003-07-21 04:00:00,
2003-07-22 04:00:00,
2003-07-23 04:00:00,
2003-07-24 04:00:00,
2003-07-25 04:00:00,
2003-07-28 04:00:00,
2003-07-29 04:00:00,
2003-07-30 04:00:00,
2003-07-31 04:00:00,
2003-08-01 04:00:00,
2003-08-04 04:00:00,
2003-08-05 04:00:00,
2003-08-06 04:00:00,
2003-08-07 04:00:00,
2003-08-08 04:00:00,
2003-08-11 04:00:00,
2003-08-12 04:00:00,
2003-08-13 04:00:00,
2003-08-14 04:00:00,
2003-08-15 04:00:00,
2003-08-18 04:00:00,
2003-08-19 04:00:00,
2003-08-20 04:00:00,
2003-08-21 04:00:00,
2003-08-22 04:00:00,
2003-08-25 04:00:00,
2003-08-26 04:00:00,
2003-08-27 04:00:00,
2003-08-28 04:00:00,
2003-08-29 04:00:00,
2003-09-02 04:00:00,
2003-09-03 04:00:00,
2003-09-04 04:00:00,
2003-09-05 04:00:00,
2003-09-08 04:00:00,
2003-09-09 04:00:00,
2003-09-10 04:00:00,
2003-09-11 04:00:00,
2003-09-12 04:00:00,
2003-09-15 04:00:00,
2003-09-16 04:00:00,
2003-09-17 04:00:00,
2003-09-18 04:00:00,
2003-09-19 04:00:00,
2003-09-22 04:00:00,
2003-09-23 04:00:00,
2003-09-24 04:00:00,
2003-09-25 04:00:00,
2003-09-26 04:00:00,
2003-09-29 04:00:00,
2003-09-30 04:00:00,
2003-10-01 04:00:00,
2003-10-02 04:00:00,
2003-10-03 04:00:00,
2003-10-06 04:00:00,
2003-10-07 04:00:00,
2003-10-08 04:00:00,
2003-10-09 04:00:00,
2003-10-10 04:00:00,
2003-10-13 04:00:00,
2003-10-14 04:00:00,
2003-10-15 04:00:00,
2003-10-16 04:00:00,
2003-10-17 04:00:00,
2003-10-20 04:00:00,
2003-10-21 04:00:00,
2003-10-22 04:00:00,
2003-10-23 04:00:00,
2003-10-24 04:00:00,
2003-10-27 05:00:00,
2003-10-28 05:00:00,
2003-10-29 05:00:00,
2003-10-30 05:00:00,
2003-10-31 05:00:00,
2003-11-03 05:00:00,
2003-11-04 05:00:00,
2003-11-05 05:00:00,
2003-11-06 05:00:00,
2003-11-07 05:00:00,
2003-11-10 05:00:00,
2003-11-11 05:00:00,
2003-11-12 05:00:00,
2003-11-13 05:00:00,
2003-11-14 05:00:00,
2003-11-17 05:00:00,
2003-11-18 05:00:00,
2003-11-19 05:00:00,
2003-11-20 05:00:00,
2003-11-21 05:00:00,
2003-11-24 05:00:00,
2003-11-25 05:00:00,
2003-11-26 05:00:00,
2003-11-28 05:00:00,
2003-12-01 05:00:00,
2003-12-02 05:00:00,
2003-12-03 05:00:00,
2003-12-04 05:00:00,
2003-12-05 05:00:00,
2003-12-08 05:00:00,
2003-12-09 05:00:00,
2003-12-10 05:00:00,
2003-12-11 05:00:00,
2003-12-12 05:00:00,
2003-12-15 05:00:00,
2003-12-16 05:00:00,
2003-12-17 05:00:00,
2003-12-18 05:00:00,
2003-12-19 05:00:00,
2003-12-22 05:00:00,
2003-12-23 05:00:00,
2003-12-24 05:00:00,
2003-12-26 05:00:00,
2003-12-29 05:00:00,
2003-12-30 05:00:00,
2003-12-31 05:00:00,
2004-01-02 05:00:00,
2004-01-05 05:00:00,
2004-01-06 05:00:00,
2004-01-07 05:00:00,
2004-01-08 05:00:00,
2004-01-09 05:00:00,
2004-01-12 05:00:00,
2004-01-13 05:00:00,
2004-01-14 05:00:00,
2004-01-15 05:00:00,
2004-01-16 05:00:00,
2004-01-20 05:00:00,
2004-01-21 05:00:00,
2004-01-22 05:00:00,
2004-01-23 05:00:00,
2004-01-26 05:00:00,
2004-01-27 05:00:00,
2004-01-28 05:00:00,
2004-01-29 05:00:00,
2004-01-30 05:00:00,
2004-02-02 05:00:00,
2004-02-03 05:00:00,
2004-02-04 05:00:00,
2004-02-05 05:00:00,
2004-02-06 05:00:00,
2004-02-09 05:00:00,
2004-02-10 05:00:00,
2004-02-11 05:00:00,
2004-02-12 05:00:00,
2004-02-13 05:00:00,
2004-02-17 05:00:00,
2004-02-18 05:00:00,
2004-02-19 05:00:00,
2004-02-20 05:00:00,
2004-02-23 05:00:00,
2004-02-24 05:00:00,
2004-02-25 05:00:00,
2004-02-26 05:00:00,
2004-02-27 05:00:00,
2004-03-01 05:00:00,
2004-03-02 05:00:00,
2004-03-03 05:00:00,
2004-03-04 05:00:00,
2004-03-05 05:00:00,
2004-03-08 05:00:00,
2004-03-09 05:00:00,
2004-03-10 05:00:00,
2004-03-11 05:00:00,
2004-03-12 05:00:00,
2004-03-15 05:00:00,
2004-03-16 05:00:00,
2004-03-17 05:00:00,
2004-03-18 05:00:00,
2004-03-19 05:00:00,
2004-03-22 05:00:00,
2004-03-23 05:00:00,
2004-03-24 05:00:00,
2004-03-25 05:00:00,
2004-03-26 05:00:00,
2004-03-29 05:00:00,
2004-03-30 05:00:00,
2004-03-31 05:00:00,
2004-04-01 05:00:00,
2004-04-02 05:00:00,
2004-04-05 04:00:00,
2004-04-06 04:00:00,
2004-04-07 04:00:00,
2004-04-08 04:00:00,
2004-04-12 04:00:00,
2004-04-13 04:00:00,
2004-04-14 04:00:00,
2004-04-15 04:00:00,
2004-04-16 04:00:00,
2004-04-19 04:00:00,
2004-04-20 04:00:00,
2004-04-21 04:00:00,
2004-04-22 04:00:00,
2004-04-23 04:00:00,
2004-04-26 04:00:00,
2004-04-27 04:00:00,
2004-04-28 04:00:00,
2004-04-29 04:00:00,
2004-04-30 04:00:00,
2004-05-03 04:00:00,
2004-05-04 04:00:00,
2004-05-05 04:00:00,
2004-05-06 04:00:00,
2004-05-07 04:00:00,
2004-05-10 04:00:00,
2004-05-11 04:00:00,
2004-05-12 04:00:00,
2004-05-13 04:00:00,
2004-05-14 04:00:00,
2004-05-17 04:00:00,
2004-05-18 04:00:00,
2004-05-19 04:00:00,
2004-05-20 04:00:00,
2004-05-21 04:00:00,
2004-05-24 04:00:00,
2004-05-25 04:00:00,
2004-05-26 04:00:00,
2004-05-27 04:00:00,
2004-05-28 04:00:00,
2004-06-01 04:00:00,
2004-06-02 04:00:00,
2004-06-03 04:00:00,
2004-06-04 04:00:00,
2004-06-07 04:00:00,
2004-06-08 04:00:00,
2004-06-09 04:00:00,
2004-06-10 04:00:00,
2004-06-14 04:00:00,
2004-06-15 04:00:00,
2004-06-16 04:00:00,
2004-06-17 04:00:00,
2004-06-18 04:00:00,
2004-06-21 04:00:00,
2004-06-22 04:00:00,
2004-06-23 04:00:00,
2004-06-24 04:00:00,
2004-06-25 04:00:00,
2004-06-28 04:00:00,
2004-06-29 04:00:00,
2004-06-30 04:00:00,
2004-07-01 04:00:00,
2004-07-02 04:00:00,
2004-07-06 04:00:00,
2004-07-07 04:00:00,
2004-07-08 04:00:00,
2004-07-09 04:00:00,
2004-07-12 04:00:00,
2004-07-13 04:00:00,
2004-07-14 04:00:00,
2004-07-15 04:00:00,
2004-07-16 04:00:00,
2004-07-19 04:00:00,
2004-07-20 04:00:00,
2004-07-21 04:00:00,
2004-07-22 04:00:00,
2004-07-23 04:00:00,
2004-07-26 04:00:00,
2004-07-27 04:00:00,
2004-07-28 04:00:00,
2004-07-29 04:00:00,
2004-07-30 04:00:00,
2004-08-02 04:00:00,
2004-08-03 04:00:00,
2004-08-04 04:00:00,
2004-08-05 04:00:00,
2004-08-06 04:00:00,
2004-08-09 04:00:00,
2004-08-10 04:00:00,
2004-08-11 04:00:00,
2004-08-12 04:00:00,
2004-08-13 04:00:00,
2004-08-16 04:00:00,
2004-08-17 04:00:00,
2004-08-18 04:00:00,
2004-08-19 04:00:00,
2004-08-20 04:00:00,
2004-08-23 04:00:00,
2004-08-24 04:00:00,
2004-08-25 04:00:00,
2004-08-26 04:00:00,
2004-08-27 04:00:00,
2004-08-30 04:00:00,
2004-08-31 04:00:00,
2004-09-01 04:00:00,
2004-09-02 04:00:00,
2004-09-03 04:00:00,
2004-09-07 04:00:00,
2004-09-08 04:00:00,
2004-09-09 04:00:00,
2004-09-10 04:00:00,
2004-09-13 04:00:00,
2004-09-14 04:00:00,
2004-09-15 04:00:00,
2004-09-16 04:00:00,
2004-09-17 04:00:00,
2004-09-20 04:00:00,
2004-09-21 04:00:00,
2004-09-22 04:00:00,
2004-09-23 04:00:00,
2004-09-24 04:00:00,
2004-09-27 04:00:00,
2004-09-28 04:00:00,
2004-09-29 04:00:00,
2004-09-30 04:00:00,
2004-10-01 04:00:00,
2004-10-04 04:00:00,
2004-10-05 04:00:00,
2004-10-06 04:00:00,
2004-10-07 04:00:00,
2004-10-08 04:00:00,
2004-10-11 04:00:00,
2004-10-12 04:00:00,
2004-10-13 04:00:00,
2004-10-14 04:00:00,
2004-10-15 04:00:00,
2004-10-18 04:00:00,
2004-10-19 04:00:00,
2004-10-20 04:00:00,
2004-10-21 04:00:00,
2004-10-22 04:00:00,
2004-10-25 04:00:00,
2004-10-26 04:00:00,
2004-10-27 04:00:00,
2004-10-28 04:00:00,
2004-10-29 04:00:00,
2004-11-01 05:00:00,
2004-11-02 05:00:00,
2004-11-03 05:00:00,
2004-11-04 05:00:00,
2004-11-05 05:00:00,
2004-11-08 05:00:00,
2004-11-09 05:00:00,
2004-11-10 05:00:00,
2004-11-11 05:00:00,
2004-11-12 05:00:00,
2004-11-15 05:00:00,
2004-11-16 05:00:00,
2004-11-17 05:00:00,
2004-11-18 05:00:00,
2004-11-19 05:00:00,
2004-11-22 05:00:00,
2004-11-23 05:00:00,
2004-11-24 05:00:00,
2004-11-26 05:00:00,
2004-11-29 05:00:00,
2004-11-30 05:00:00,
2004-12-01 05:00:00,
2004-12-02 05:00:00,
2004-12-03 05:00:00,
2004-12-06 05:00:00,
2004-12-07 05:00:00,
2004-12-08 05:00:00,
2004-12-09 05:00:00,
2004-12-10 05:00:00,
2004-12-13 05:00:00,
2004-12-14 05:00:00,
2004-12-15 05:00:00,
2004-12-16 05:00:00,
2004-12-17 05:00:00,
2004-12-20 05:00:00,
2004-12-21 05:00:00,
2004-12-22 05:00:00,
2004-12-23 05:00:00,
2004-12-27 05:00:00,
2004-12-28 05:00:00,
2004-12-29 05:00:00,
2004-12-30 05:00:00,
2004-12-31 05:00:00,
2005-01-03 05:00:00,
2005-01-04 05:00:00,
2005-01-05 05:00:00,
2005-01-06 05:00:00,
2005-01-07 05:00:00,
2005-01-10 05:00:00,
2005-01-11 05:00:00,
2005-01-12 05:00:00,
2005-01-13 05:00:00,
2005-01-14 05:00:00,
2005-01-18 05:00:00,
2005-01-19 05:00:00,
2005-01-20 05:00:00,
2005-01-21 05:00:00,
2005-01-24 05:00:00,
2005-01-25 05:00:00,
2005-01-26 05:00:00,
2005-01-27 05:00:00,
2005-01-28 05:00:00,
2005-01-31 05:00:00,
2005-02-01 05:00:00,
2005-02-02 05:00:00,
2005-02-03 05:00:00,
2005-02-04 05:00:00,
2005-02-07 05:00:00,
2005-02-08 05:00:00,
2005-02-09 05:00:00,
2005-02-10 05:00:00,
2005-02-11 05:00:00,
2005-02-14 05:00:00,
2005-02-15 05:00:00,
2005-02-16 05:00:00,
2005-02-17 05:00:00,
2005-02-18 05:00:00,
2005-02-22 05:00:00,
2005-02-23 05:00:00,
2005-02-24 05:00:00,
2005-02-25 05:00:00,
2005-02-28 05:00:00,
2005-03-01 05:00:00,
2005-03-02 05:00:00,
2005-03-03 05:00:00,
2005-03-04 05:00:00,
2005-03-07 05:00:00,
2005-03-08 05:00:00,
2005-03-09 05:00:00,
2005-03-10 05:00:00,
2005-03-11 05:00:00,
2005-03-14 05:00:00,
2005-03-15 05:00:00,
2005-03-16 05:00:00,
2005-03-17 05:00:00,
2005-03-18 05:00:00,
2005-03-21 05:00:00,
2005-03-22 05:00:00,
2005-03-23 05:00:00,
2005-03-24 05:00:00,
2005-03-28 05:00:00,
2005-03-29 05:00:00,
2005-03-30 05:00:00,
2005-03-31 05:00:00,
2005-04-01 05:00:00,
2005-04-04 04:00:00,
2005-04-05 04:00:00,
2005-04-06 04:00:00,
2005-04-07 04:00:00,
2005-04-08 04:00:00,
2005-04-11 04:00:00,
2005-04-12 04:00:00,
2005-04-13 04:00:00,
2005-04-14 04:00:00,
2005-04-15 04:00:00,
2005-04-18 04:00:00,
2005-04-19 04:00:00,
2005-04-20 04:00:00,
2005-04-21 04:00:00,
2005-04-22 04:00:00,
2005-04-25 04:00:00,
2005-04-26 04:00:00,
2005-04-27 04:00:00,
2005-04-28 04:00:00,
2005-04-29 04:00:00,
2005-05-02 04:00:00,
2005-05-03 04:00:00,
2005-05-04 04:00:00,
2005-05-05 04:00:00,
2005-05-06 04:00:00,
2005-05-09 04:00:00,
2005-05-10 04:00:00,
2005-05-11 04:00:00,
2005-05-12 04:00:00,
2005-05-13 04:00:00,
2005-05-16 04:00:00,
2005-05-17 04:00:00,
2005-05-18 04:00:00,
2005-05-19 04:00:00,
2005-05-20 04:00:00,
2005-05-23 04:00:00,
2005-05-24 04:00:00,
2005-05-25 04:00:00,
2005-05-26 04:00:00,
2005-05-27 04:00:00,
2005-05-31 04:00:00,
2005-06-01 04:00:00,
2005-06-02 04:00:00,
2005-06-03 04:00:00,
2005-06-06 04:00:00,
2005-06-07 04:00:00,
2005-06-08 04:00:00,
2005-06-09 04:00:00,
2005-06-10 04:00:00,
2005-06-13 04:00:00,
2005-06-14 04:00:00,
2005-06-15 04:00:00,
2005-06-16 04:00:00,
2005-06-17 04:00:00,
2005-06-20 04:00:00,
2005-06-21 04:00:00,
2005-06-22 04:00:00,
2005-06-23 04:00:00,
2005-06-24 04:00:00,
2005-06-27 04:00:00,
2005-06-28 04:00:00,
2005-06-29 04:00:00,
2005-06-30 04:00:00,
2005-07-01 04:00:00,
2005-07-05 04:00:00,
2005-07-06 04:00:00,
2005-07-07 04:00:00,
2005-07-08 04:00:00,
2005-07-11 04:00:00,
2005-07-12 04:00:00,
2005-07-13 04:00:00,
2005-07-14 04:00:00,
2005-07-15 04:00:00,
2005-07-18 04:00:00,
2005-07-19 04:00:00,
2005-07-20 04:00:00,
2005-07-21 04:00:00,
2005-07-22 04:00:00,
2005-07-25 04:00:00,
2005-07-26 04:00:00,
2005-07-27 04:00:00,
2005-07-28 04:00:00,
2005-07-29 04:00:00,
2005-08-01 04:00:00,
2005-08-02 04:00:00,
2005-08-03 04:00:00,
2005-08-04 04:00:00,
2005-08-05 04:00:00,
2005-08-08 04:00:00,
2005-08-09 04:00:00,
2005-08-10 04:00:00,
2005-08-11 04:00:00,
2005-08-12 04:00:00,
2005-08-15 04:00:00,
2005-08-16 04:00:00,
2005-08-17 04:00:00,
2005-08-18 04:00:00,
2005-08-19 04:00:00,
2005-08-22 04:00:00,
2005-08-23 04:00:00,
2005-08-24 04:00:00,
2005-08-25 04:00:00,
2005-08-26 04:00:00,
2005-08-29 04:00:00,
2005-08-30 04:00:00,
2005-08-31 04:00:00,
2005-09-01 04:00:00,
2005-09-02 04:00:00,
2005-09-06 04:00:00,
2005-09-07 04:00:00,
2005-09-08 04:00:00,
2005-09-09 04:00:00,
2005-09-12 04:00:00,
2005-09-13 04:00:00,
2005-09-14 04:00:00,
2005-09-15 04:00:00,
2005-09-16 04:00:00,
2005-09-19 04:00:00,
2005-09-20 04:00:00,
2005-09-21 04:00:00,
2005-09-22 04:00:00,
2005-09-23 04:00:00,
2005-09-26 04:00:00,
2005-09-27 04:00:00,
2005-09-28 04:00:00,
2005-09-29 04:00:00,
2005-09-30 04:00:00,
2005-10-03 04:00:00,
2005-10-04 04:00:00,
2005-10-05 04:00:00,
2005-10-06 04:00:00,
2005-10-07 04:00:00,
2005-10-10 04:00:00,
2005-10-11 04:00:00,
2005-10-12 04:00:00,
2005-10-13 04:00:00,
2005-10-14 04:00:00,
2005-10-17 04:00:00,
2005-10-18 04:00:00,
2005-10-19 04:00:00,
2005-10-20 04:00:00,
2005-10-21 04:00:00,
2005-10-24 04:00:00,
2005-10-25 04:00:00,
2005-10-26 04:00:00,
2005-10-27 04:00:00,
2005-10-28 04:00:00,
2005-10-31 05:00:00,
2005-11-01 05:00:00,
2005-11-02 05:00:00,
2005-11-03 05:00:00,
2005-11-04 05:00:00,
2005-11-07 05:00:00,
2005-11-08 05:00:00,
2005-11-09 05:00:00,
2005-11-10 05:00:00,
2005-11-11 05:00:00,
2005-11-14 05:00:00,
2005-11-15 05:00:00,
2005-11-16 05:00:00,
2005-11-17 05:00:00,
2005-11-18 05:00:00,
2005-11-21 05:00:00,
2005-11-22 05:00:00,
2005-11-23 05:00:00,
2005-11-25 05:00:00,
2005-11-28 05:00:00,
2005-11-29 05:00:00,
2005-11-30 05:00:00,
2005-12-01 05:00:00,
2005-12-02 05:00:00,
2005-12-05 05:00:00,
2005-12-06 05:00:00,
2005-12-07 05:00:00,
2005-12-08 05:00:00,
2005-12-09 05:00:00,
2005-12-12 05:00:00,
2005-12-13 05:00:00,
2005-12-14 05:00:00,
2005-12-15 05:00:00,
2005-12-16 05:00:00,
2005-12-19 05:00:00,
2005-12-20 05:00:00,
2005-12-21 05:00:00,
2005-12-22 05:00:00,
2005-12-23 05:00:00,
2005-12-27 05:00:00,
2005-12-28 05:00:00,
2005-12-29 05:00:00,
2005-12-30 05:00:00,
2006-01-03 05:00:00,
2006-01-04 05:00:00,
2006-01-05 05:00:00,
2006-01-06 05:00:00,
2006-01-09 05:00:00,
2006-01-10 05:00:00,
2006-01-11 05:00:00,
2006-01-12 05:00:00,
2006-01-13 05:00:00,
2006-01-17 05:00:00,
2006-01-18 05:00:00,
2006-01-19 05:00:00,
2006-01-20 05:00:00,
2006-01-23 05:00:00,
2006-01-24 05:00:00,
2006-01-25 05:00:00,
2006-01-26 05:00:00,
2006-01-27 05:00:00,
2006-01-30 05:00:00,
2006-01-31 05:00:00,
2006-02-01 05:00:00,
2006-02-02 05:00:00,
2006-02-03 05:00:00,
2006-02-06 05:00:00,
2006-02-07 05:00:00,
2006-02-08 05:00:00,
2006-02-09 05:00:00,
2006-02-10 05:00:00,
2006-02-13 05:00:00,
2006-02-14 05:00:00,
2006-02-15 05:00:00,
2006-02-16 05:00:00,
2006-02-17 05:00:00,
2006-02-21 05:00:00,
2006-02-22 05:00:00,
2006-02-23 05:00:00,
2006-02-24 05:00:00,
2006-02-27 05:00:00,
2006-02-28 05:00:00,
2006-03-01 05:00:00,
2006-03-02 05:00:00,
2006-03-03 05:00:00,
2006-03-06 05:00:00,
2006-03-07 05:00:00,
2006-03-08 05:00:00,
2006-03-09 05:00:00,
2006-03-10 05:00:00,
2006-03-13 05:00:00,
2006-03-14 05:00:00,
2006-03-15 05:00:00,
2006-03-16 05:00:00,
2006-03-17 05:00:00,
2006-03-20 05:00:00,
2006-03-21 05:00:00,
2006-03-22 05:00:00,
2006-03-23 05:00:00,
2006-03-24 05:00:00,
2006-03-27 05:00:00,
2006-03-28 05:00:00,
2006-03-29 05:00:00,
2006-03-30 05:00:00,
2006-03-31 05:00:00,
2006-04-03 04:00:00,
2006-04-04 04:00:00,
2006-04-05 04:00:00,
2006-04-06 04:00:00,
2006-04-07 04:00:00,
2006-04-10 04:00:00,
2006-04-11 04:00:00,
2006-04-12 04:00:00,
2006-04-13 04:00:00,
2006-04-17 04:00:00,
2006-04-18 04:00:00,
2006-04-19 04:00:00,
2006-04-20 04:00:00,
2006-04-21 04:00:00,
2006-04-24 04:00:00,
2006-04-25 04:00:00,
2006-04-26 04:00:00,
2006-04-27 04:00:00,
2006-04-28 04:00:00,
2006-05-01 04:00:00,
2006-05-02 04:00:00,
2006-05-03 04:00:00,
2006-05-04 04:00:00,
2006-05-05 04:00:00,
2006-05-08 04:00:00,
2006-05-09 04:00:00,
2006-05-10 04:00:00,
2006-05-11 04:00:00,
2006-05-12 04:00:00,
2006-05-15 04:00:00,
2006-05-16 04:00:00,
2006-05-17 04:00:00,
2006-05-18 04:00:00,
2006-05-19 04:00:00,
2006-05-22 04:00:00,
2006-05-23 04:00:00,
2006-05-24 04:00:00,
2006-05-25 04:00:00,
2006-05-26 04:00:00,
2006-05-30 04:00:00,
2006-05-31 04:00:00,
2006-06-01 04:00:00,
2006-06-02 04:00:00,
2006-06-05 04:00:00,
2006-06-06 04:00:00,
2006-06-07 04:00:00,
2006-06-08 04:00:00,
2006-06-09 04:00:00,
2006-06-12 04:00:00,
2006-06-13 04:00:00,
2006-06-14 04:00:00,
2006-06-15 04:00:00,
2006-06-16 04:00:00,
2006-06-19 04:00:00,
2006-06-20 04:00:00,
2006-06-21 04:00:00,
2006-06-22 04:00:00,
2006-06-23 04:00:00,
2006-06-26 04:00:00,
2006-06-27 04:00:00,
2006-06-28 04:00:00,
2006-06-29 04:00:00,
2006-06-30 04:00:00,
2006-07-03 04:00:00,
2006-07-05 04:00:00,
2006-07-06 04:00:00,
2006-07-07 04:00:00,
2006-07-10 04:00:00,
2006-07-11 04:00:00,
2006-07-12 04:00:00,
2006-07-13 04:00:00,
2006-07-14 04:00:00,
2006-07-17 04:00:00,
2006-07-18 04:00:00,
2006-07-19 04:00:00,
2006-07-20 04:00:00,
2006-07-21 04:00:00,
2006-07-24 04:00:00,
2006-07-25 04:00:00,
2006-07-26 04:00:00,
2006-07-27 04:00:00,
2006-07-28 04:00:00,
2006-07-31 04:00:00,
2006-08-01 04:00:00,
2006-08-02 04:00:00,
2006-08-03 04:00:00,
2006-08-04 04:00:00,
2006-08-07 04:00:00,
2006-08-08 04:00:00,
2006-08-09 04:00:00,
2006-08-10 04:00:00,
2006-08-11 04:00:00,
2006-08-14 04:00:00,
2006-08-15 04:00:00,
2006-08-16 04:00:00,
2006-08-17 04:00:00,
2006-08-18 04:00:00,
2006-08-21 04:00:00,
2006-08-22 04:00:00,
2006-08-23 04:00:00,
2006-08-24 04:00:00,
2006-08-25 04:00:00,
2006-08-28 04:00:00,
2006-08-29 04:00:00,
2006-08-30 04:00:00,
2006-08-31 04:00:00,
2006-09-01 04:00:00,
2006-09-05 04:00:00,
2006-09-06 04:00:00,
2006-09-07 04:00:00,
2006-09-08 04:00:00,
2006-09-11 04:00:00,
2006-09-12 04:00:00,
2006-09-13 04:00:00,
2006-09-14 04:00:00,
2006-09-15 04:00:00,
2006-09-18 04:00:00,
2006-09-19 04:00:00,
2006-09-20 04:00:00,
2006-09-21 04:00:00,
2006-09-22 04:00:00,
2006-09-25 04:00:00,
2006-09-26 04:00:00,
2006-09-27 04:00:00,
2006-09-28 04:00:00,
2006-09-29 04:00:00,
2006-10-02 04:00:00,
2006-10-03 04:00:00,
2006-10-04 04:00:00,
2006-10-05 04:00:00,
2006-10-06 04:00:00,
2006-10-09 04:00:00,
2006-10-10 04:00:00,
2006-10-11 04:00:00,
2006-10-12 04:00:00,
2006-10-13 04:00:00,
2006-10-16 04:00:00,
2006-10-17 04:00:00,
2006-10-18 04:00:00,
2006-10-19 04:00:00,
2006-10-20 04:00:00,
2006-10-23 04:00:00,
2006-10-24 04:00:00,
2006-10-25 04:00:00,
2006-10-26 04:00:00,
2006-10-27 04:00:00,
2006-10-30 05:00:00,
2006-10-31 05:00:00,
2006-11-01 05:00:00,
2006-11-02 05:00:00,
2006-11-03 05:00:00,
2006-11-06 05:00:00,
2006-11-07 05:00:00,
2006-11-08 05:00:00,
2006-11-09 05:00:00,
2006-11-10 05:00:00,
2006-11-13 05:00:00,
2006-11-14 05:00:00,
2006-11-15 05:00:00,
2006-11-16 05:00:00,
2006-11-17 05:00:00,
2006-11-20 05:00:00,
2006-11-21 05:00:00,
2006-11-22 05:00:00,
2006-11-24 05:00:00,
2006-11-27 05:00:00,
2006-11-28 05:00:00,
2006-11-29 05:00:00,
2006-11-30 05:00:00,
2006-12-01 05:00:00,
2006-12-04 05:00:00,
2006-12-05 05:00:00,
2006-12-06 05:00:00,
2006-12-07 05:00:00,
2006-12-08 05:00:00,
2006-12-11 05:00:00,
2006-12-12 05:00:00,
2006-12-13 05:00:00,
2006-12-14 05:00:00,
2006-12-15 05:00:00,
2006-12-18 05:00:00,
2006-12-19 05:00:00,
2006-12-20 05:00:00,
2006-12-21 05:00:00,
2006-12-22 05:00:00,
2006-12-26 05:00:00,
2006-12-27 05:00:00,
2006-12-28 05:00:00,
2006-12-29 05:00:00,
2007-01-03 05:00:00,
2007-01-04 05:00:00,
2007-01-05 05:00:00,
2007-01-08 05:00:00,
2007-01-09 05:00:00,
2007-01-10 05:00:00,
2007-01-11 05:00:00,
2007-01-12 05:00:00,
2007-01-16 05:00:00,
2007-01-17 05:00:00,
2007-01-18 05:00:00,
2007-01-19 05:00:00,
2007-01-22 05:00:00,
2007-01-23 05:00:00,
2007-01-24 05:00:00,
2007-01-25 05:00:00,
2007-01-26 05:00:00,
2007-01-29 05:00:00,
2007-01-30 05:00:00,
2007-01-31 05:00:00,
2007-02-01 05:00:00,
2007-02-02 05:00:00,
2007-02-05 05:00:00,
2007-02-06 05:00:00,
2007-02-07 05:00:00,
2007-02-08 05:00:00,
2007-02-09 05:00:00,
2007-02-12 05:00:00,
2007-02-13 05:00:00,
2007-02-14 05:00:00,
2007-02-15 05:00:00,
2007-02-16 05:00:00,
2007-02-20 05:00:00,
2007-02-21 05:00:00,
2007-02-22 05:00:00,
2007-02-23 05:00:00,
2007-02-26 05:00:00,
2007-02-27 05:00:00,
2007-02-28 05:00:00,
2007-03-01 05:00:00,
2007-03-02 05:00:00,
2007-03-05 05:00:00,
2007-03-06 05:00:00,
2007-03-07 05:00:00,
2007-03-08 05:00:00,
2007-03-09 05:00:00,
2007-03-12 04:00:00,
2007-03-13 04:00:00,
2007-03-14 04:00:00,
2007-03-15 04:00:00,
2007-03-16 04:00:00,
2007-03-19 04:00:00,
2007-03-20 04:00:00,
2007-03-21 04:00:00,
2007-03-22 04:00:00,
2007-03-23 04:00:00,
2007-03-26 04:00:00,
2007-03-27 04:00:00,
2007-03-28 04:00:00,
2007-03-29 04:00:00,
2007-03-30 04:00:00,
2007-04-02 04:00:00,
2007-04-03 04:00:00,
2007-04-04 04:00:00,
2007-04-05 04:00:00,
2007-04-09 04:00:00,
2007-04-10 04:00:00,
2007-04-11 04:00:00,
2007-04-12 04:00:00,
2007-04-13 04:00:00,
2007-04-16 04:00:00,
2007-04-17 04:00:00,
2007-04-18 04:00:00,
2007-04-19 04:00:00,
2007-04-20 04:00:00,
2007-04-23 04:00:00,
2007-04-24 04:00:00,
2007-04-25 04:00:00,
2007-04-26 04:00:00,
2007-04-27 04:00:00,
2007-04-30 04:00:00,
2007-05-01 04:00:00,
2007-05-02 04:00:00,
2007-05-03 04:00:00,
2007-05-04 04:00:00,
2007-05-07 04:00:00,
2007-05-08 04:00:00,
2007-05-09 04:00:00,
2007-05-10 04:00:00,
2007-05-11 04:00:00,
2007-05-14 04:00:00,
2007-05-15 04:00:00,
2007-05-16 04:00:00,
2007-05-17 04:00:00,
2007-05-18 04:00:00,
2007-05-21 04:00:00,
2007-05-22 04:00:00,
2007-05-23 04:00:00,
2007-05-24 04:00:00,
2007-05-25 04:00:00,
2007-05-29 04:00:00,
2007-05-30 04:00:00,
2007-05-31 04:00:00,
2007-06-01 04:00:00,
2007-06-04 04:00:00,
2007-06-05 04:00:00,
2007-06-06 04:00:00,
2007-06-07 04:00:00,
2007-06-08 04:00:00,
2007-06-11 04:00:00,
2007-06-12 04:00:00,
2007-06-13 04:00:00,
2007-06-14 04:00:00,
2007-06-15 04:00:00,
2007-06-18 04:00:00,
2007-06-19 04:00:00,
2007-06-20 04:00:00,
2007-06-21 04:00:00,
2007-06-22 04:00:00,
2007-06-25 04:00:00,
2007-06-26 04:00:00,
2007-06-27 04:00:00,
2007-06-28 04:00:00,
2007-06-29 04:00:00,
2007-07-02 04:00:00,
2007-07-03 04:00:00,
2007-07-05 04:00:00,
2007-07-06 04:00:00,
2007-07-09 04:00:00,
2007-07-10 04:00:00,
2007-07-11 04:00:00,
2007-07-12 04:00:00,
2007-07-13 04:00:00,
2007-07-16 04:00:00,
2007-07-17 04:00:00,
2007-07-18 04:00:00,
2007-07-19 04:00:00,
2007-07-20 04:00:00,
2007-07-23 04:00:00,
2007-07-24 04:00:00,
2007-07-25 04:00:00,
2007-07-26 04:00:00,
2007-07-27 04:00:00,
2007-07-30 04:00:00,
2007-07-31 04:00:00,
2007-08-01 04:00:00,
2007-08-02 04:00:00,
2007-08-03 04:00:00,
2007-08-06 04:00:00,
2007-08-07 04:00:00,
2007-08-08 04:00:00,
2007-08-09 04:00:00,
2007-08-10 04:00:00,
2007-08-13 04:00:00,
2007-08-14 04:00:00,
2007-08-15 04:00:00,
2007-08-16 04:00:00,
2007-08-17 04:00:00,
2007-08-20 04:00:00,
2007-08-21 04:00:00,
2007-08-22 04:00:00,
2007-08-23 04:00:00,
2007-08-24 04:00:00,
2007-08-27 04:00:00,
2007-08-28 04:00:00,
2007-08-29 04:00:00,
2007-08-30 04:00:00,
2007-08-31 04:00:00,
2007-09-04 04:00:00,
2007-09-05 04:00:00,
2007-09-06 04:00:00,
2007-09-07 04:00:00,
2007-09-10 04:00:00,
2007-09-11 04:00:00,
2007-09-12 04:00:00,
2007-09-13 04:00:00,
2007-09-14 04:00:00,
2007-09-17 04:00:00,
2007-09-18 04:00:00,
2007-09-19 04:00:00,
2007-09-20 04:00:00,
2007-09-21 04:00:00,
2007-09-24 04:00:00,
2007-09-25 04:00:00,
2007-09-26 04:00:00,
2007-09-27 04:00:00,
2007-09-28 04:00:00,
2007-10-01 04:00:00,
2007-10-02 04:00:00,
2007-10-03 04:00:00,
2007-10-04 04:00:00,
2007-10-05 04:00:00,
2007-10-08 04:00:00,
2007-10-09 04:00:00,
2007-10-10 04:00:00,
2007-10-11 04:00:00,
2007-10-12 04:00:00,
2007-10-15 04:00:00,
2007-10-16 04:00:00,
2007-10-17 04:00:00,
2007-10-18 04:00:00,
2007-10-19 04:00:00,
2007-10-22 04:00:00,
2007-10-23 04:00:00,
2007-10-24 04:00:00,
2007-10-25 04:00:00,
2007-10-26 04:00:00,
2007-10-29 04:00:00,
2007-10-30 04:00:00,
2007-10-31 04:00:00,
2007-11-01 04:00:00,
2007-11-02 04:00:00,
2007-11-05 05:00:00,
2007-11-06 05:00:00,
2007-11-07 05:00:00,
2007-11-08 05:00:00,
2007-11-09 05:00:00,
2007-11-12 05:00:00,
2007-11-13 05:00:00,
2007-11-14 05:00:00,
2007-11-15 05:00:00,
2007-11-16 05:00:00,
2007-11-19 05:00:00,
2007-11-20 05:00:00,
2007-11-21 05:00:00,
2007-11-23 05:00:00,
2007-11-26 05:00:00,
2007-11-27 05:00:00,
2007-11-28 05:00:00,
2007-11-29 05:00:00,
2007-11-30 05:00:00,
2007-12-03 05:00:00,
2007-12-04 05:00:00,
2007-12-05 05:00:00,
2007-12-06 05:00:00,
2007-12-07 05:00:00,
2007-12-10 05:00:00,
2007-12-11 05:00:00,
2007-12-12 05:00:00,
2007-12-13 05:00:00,
2007-12-14 05:00:00,
2007-12-17 05:00:00,
2007-12-18 05:00:00,
2007-12-19 05:00:00,
2007-12-20 05:00:00,
2007-12-21 05:00:00,
2007-12-24 05:00:00,
2007-12-26 05:00:00,
2007-12-27 05:00:00,
2007-12-28 05:00:00,
2007-12-31 05:00:00,
2008-01-02 05:00:00,
2008-01-03 05:00:00,
2008-01-04 05:00:00,
2008-01-07 05:00:00,
2008-01-08 05:00:00,
2008-01-09 05:00:00,
2008-01-10 05:00:00,
2008-01-11 05:00:00,
2008-01-14 05:00:00,
2008-01-15 05:00:00,
2008-01-16 05:00:00,
2008-01-17 05:00:00,
2008-01-18 05:00:00,
2008-01-22 05:00:00,
2008-01-23 05:00:00,
2008-01-24 05:00:00,
2008-01-25 05:00:00,
2008-01-28 05:00:00,
2008-01-29 05:00:00,
2008-01-30 05:00:00,
2008-01-31 05:00:00,
2008-02-01 05:00:00,
2008-02-04 05:00:00,
2008-02-05 05:00:00,
2008-02-06 05:00:00,
2008-02-07 05:00:00,
2008-02-08 05:00:00,
2008-02-11 05:00:00,
2008-02-12 05:00:00,
2008-02-13 05:00:00,
2008-02-14 05:00:00,
2008-02-15 05:00:00,
2008-02-19 05:00:00,
2008-02-20 05:00:00,
2008-02-21 05:00:00,
2008-02-22 05:00:00,
2008-02-25 05:00:00,
2008-02-26 05:00:00,
2008-02-27 05:00:00,
2008-02-28 05:00:00,
2008-02-29 05:00:00,
2008-03-03 05:00:00,
2008-03-04 05:00:00,
2008-03-05 05:00:00,
2008-03-06 05:00:00,
2008-03-07 05:00:00,
2008-03-10 04:00:00,
2008-03-11 04:00:00,
2008-03-12 04:00:00,
2008-03-13 04:00:00,
2008-03-14 04:00:00,
2008-03-17 04:00:00,
2008-03-18 04:00:00,
2008-03-19 04:00:00,
2008-03-20 04:00:00,
2008-03-24 04:00:00,
2008-03-25 04:00:00,
2008-03-26 04:00:00,
2008-03-27 04:00:00,
2008-03-28 04:00:00,
2008-03-31 04:00:00,
2008-04-01 04:00:00,
2008-04-02 04:00:00,
2008-04-03 04:00:00,
2008-04-04 04:00:00,
2008-04-07 04:00:00,
2008-04-08 04:00:00,
2008-04-09 04:00:00,
2008-04-10 04:00:00,
2008-04-11 04:00:00,
2008-04-14 04:00:00,
2008-04-15 04:00:00,
2008-04-16 04:00:00,
2008-04-17 04:00:00,
2008-04-18 04:00:00,
2008-04-21 04:00:00,
2008-04-22 04:00:00,
2008-04-23 04:00:00,
2008-04-24 04:00:00,
2008-04-25 04:00:00,
2008-04-28 04:00:00,
2008-04-29 04:00:00,
2008-04-30 04:00:00,
2008-05-01 04:00:00,
2008-05-02 04:00:00,
2008-05-05 04:00:00,
2008-05-06 04:00:00,
2008-05-07 04:00:00,
2008-05-08 04:00:00,
2008-05-09 04:00:00,
2008-05-12 04:00:00,
2008-05-13 04:00:00,
2008-05-14 04:00:00,
2008-05-15 04:00:00,
2008-05-16 04:00:00,
2008-05-19 04:00:00,
2008-05-20 04:00:00,
2008-05-21 04:00:00,
2008-05-22 04:00:00,
2008-05-23 04:00:00,
2008-05-27 04:00:00,
2008-05-28 04:00:00,
2008-05-29 04:00:00,
2008-05-30 04:00:00,
2008-06-02 04:00:00,
2008-06-03 04:00:00,
2008-06-04 04:00:00,
2008-06-05 04:00:00,
2008-06-06 04:00:00,
2008-06-09 04:00:00,
2008-06-10 04:00:00,
2008-06-11 04:00:00,
2008-06-12 04:00:00,
2008-06-13 04:00:00,
2008-06-16 04:00:00,
2008-06-17 04:00:00,
2008-06-18 04:00:00,
2008-06-19 04:00:00,
2008-06-20 04:00:00,
2008-06-23 04:00:00,
2008-06-24 04:00:00,
2008-06-25 04:00:00,
2008-06-26 04:00:00,
2008-06-27 04:00:00,
2008-06-30 04:00:00,
2008-07-01 04:00:00,
2008-07-02 04:00:00,
2008-07-03 04:00:00,
2008-07-07 04:00:00,
2008-07-08 04:00:00,
2008-07-09 04:00:00,
2008-07-10 04:00:00,
2008-07-11 04:00:00,
2008-07-14 04:00:00,
2008-07-15 04:00:00,
2008-07-16 04:00:00,
2008-07-17 04:00:00,
2008-07-18 04:00:00,
2008-07-21 04:00:00,
2008-07-22 04:00:00,
2008-07-23 04:00:00,
2008-07-24 04:00:00,
2008-07-25 04:00:00,
2008-07-28 04:00:00,
2008-07-29 04:00:00,
2008-07-30 04:00:00,
2008-07-31 04:00:00,
2008-08-01 04:00:00,
2008-08-04 04:00:00,
2008-08-05 04:00:00,
2008-08-06 04:00:00,
2008-08-07 04:00:00,
2008-08-08 04:00:00,
2008-08-11 04:00:00,
2008-08-12 04:00:00,
2008-08-13 04:00:00,
2008-08-14 04:00:00,
2008-08-15 04:00:00,
2008-08-18 04:00:00,
2008-08-19 04:00:00,
2008-08-20 04:00:00,
2008-08-21 04:00:00,
2008-08-22 04:00:00,
2008-08-25 04:00:00,
2008-08-26 04:00:00,
2008-08-27 04:00:00,
2008-08-28 04:00:00,
2008-08-29 04:00:00,
2008-09-02 04:00:00,
2008-09-03 04:00:00,
2008-09-04 04:00:00,
2008-09-05 04:00:00,
2008-09-08 04:00:00,
2008-09-09 04:00:00,
2008-09-10 04:00:00,
2008-09-11 04:00:00,
2008-09-12 04:00:00,
2008-09-15 04:00:00,
2008-09-16 04:00:00,
2008-09-17 04:00:00,
2008-09-18 04:00:00,
2008-09-19 04:00:00,
2008-09-22 04:00:00,
2008-09-23 04:00:00,
2008-09-24 04:00:00,
2008-09-25 04:00:00,
2008-09-26 04:00:00,
2008-09-29 04:00:00,
2008-09-30 04:00:00,
2008-10-01 04:00:00,
2008-10-02 04:00:00,
2008-10-03 04:00:00,
2008-10-06 04:00:00,
2008-10-07 04:00:00,
2008-10-08 04:00:00,
2008-10-09 04:00:00,
2008-10-10 04:00:00,
2008-10-13 04:00:00,
2008-10-14 04:00:00,
2008-10-15 04:00:00,
2008-10-16 04:00:00,
2008-10-17 04:00:00,
2008-10-20 04:00:00,
2008-10-21 04:00:00,
2008-10-22 04:00:00,
2008-10-23 04:00:00,
2008-10-24 04:00:00,
2008-10-27 04:00:00,
2008-10-28 04:00:00,
2008-10-29 04:00:00,
2008-10-30 04:00:00,
2008-10-31 04:00:00,
2008-11-03 05:00:00,
2008-11-04 05:00:00,
2008-11-05 05:00:00,
2008-11-06 05:00:00,
2008-11-07 05:00:00,
2008-11-10 05:00:00,
2008-11-11 05:00:00,
2008-11-12 05:00:00,
2008-11-13 05:00:00,
2008-11-14 05:00:00,
2008-11-17 05:00:00,
2008-11-18 05:00:00,
2008-11-19 05:00:00,
2008-11-20 05:00:00,
2008-11-21 05:00:00,
2008-11-24 05:00:00,
2008-11-25 05:00:00,
2008-11-26 05:00:00,
2008-11-28 05:00:00,
2008-12-01 05:00:00,
2008-12-02 05:00:00,
2008-12-03 05:00:00,
2008-12-04 05:00:00,
2008-12-05 05:00:00,
2008-12-08 05:00:00,
2008-12-09 05:00:00,
2008-12-10 05:00:00,
2008-12-11 05:00:00,
2008-12-12 05:00:00,
2008-12-15 05:00:00,
2008-12-16 05:00:00,
2008-12-17 05:00:00,
2008-12-18 05:00:00,
2008-12-19 05:00:00,
2008-12-22 05:00:00,
2008-12-23 05:00:00,
2008-12-24 05:00:00,
2008-12-26 05:00:00,
2008-12-29 05:00:00,
2008-12-30 05:00:00,
2008-12-31 05:00:00,
2009-01-02 05:00:00,
2009-01-05 05:00:00,
2009-01-06 05:00:00,
2009-01-07 05:00:00,
2009-01-08 05:00:00,
2009-01-09 05:00:00,
2009-01-12 05:00:00,
2009-01-13 05:00:00,
2009-01-14 05:00:00,
2009-01-15 05:00:00,
2009-01-16 05:00:00,
2009-01-20 05:00:00,
2009-01-21 05:00:00,
2009-01-22 05:00:00,
2009-01-23 05:00:00,
2009-01-26 05:00:00,
2009-01-27 05:00:00,
2009-01-28 05:00:00,
2009-01-29 05:00:00,
2009-01-30 05:00:00,
2009-02-02 05:00:00,
2009-02-03 05:00:00,
2009-02-04 05:00:00,
2009-02-05 05:00:00,
2009-02-06 05:00:00,
2009-02-09 05:00:00,
2009-02-10 05:00:00,
2009-02-11 05:00:00,
2009-02-12 05:00:00,
2009-02-13 05:00:00,
2009-02-17 05:00:00,
2009-02-18 05:00:00,
2009-02-19 05:00:00,
2009-02-20 05:00:00,
2009-02-23 05:00:00,
2009-02-24 05:00:00,
2009-02-25 05:00:00,
2009-02-26 05:00:00,
2009-02-27 05:00:00,
2009-03-02 05:00:00,
2009-03-03 05:00:00,
2009-03-04 05:00:00,
2009-03-05 05:00:00,
2009-03-06 05:00:00,
2009-03-09 04:00:00,
2009-03-10 04:00:00,
2009-03-11 04:00:00,
2009-03-12 04:00:00,
2009-03-13 04:00:00,
2009-03-16 04:00:00,
2009-03-17 04:00:00,
2009-03-18 04:00:00,
2009-03-19 04:00:00,
2009-03-20 04:00:00,
2009-03-23 04:00:00,
2009-03-24 04:00:00,
2009-03-25 04:00:00,
2009-03-26 04:00:00,
2009-03-27 04:00:00,
2009-03-30 04:00:00,
2009-03-31 04:00:00,
2009-04-01 04:00:00,
2009-04-02 04:00:00,
2009-04-03 04:00:00,
2009-04-06 04:00:00,
2009-04-07 04:00:00,
2009-04-08 04:00:00,
2009-04-09 04:00:00,
2009-04-13 04:00:00,
2009-04-14 04:00:00,
2009-04-15 04:00:00,
2009-04-16 04:00:00,
2009-04-17 04:00:00,
2009-04-20 04:00:00,
2009-04-21 04:00:00,
2009-04-22 04:00:00,
2009-04-23 04:00:00,
2009-04-24 04:00:00,
2009-04-27 04:00:00,
2009-04-28 04:00:00,
2009-04-29 04:00:00,
2009-04-30 04:00:00,
2009-05-01 04:00:00,
2009-05-04 04:00:00,
2009-05-05 04:00:00,
2009-05-06 04:00:00,
2009-05-07 04:00:00,
2009-05-08 04:00:00,
2009-05-11 04:00:00,
2009-05-12 04:00:00,
2009-05-13 04:00:00,
2009-05-14 04:00:00,
2009-05-15 04:00:00,
2009-05-18 04:00:00,
2009-05-19 04:00:00,
2009-05-20 04:00:00,
2009-05-21 04:00:00,
2009-05-22 04:00:00,
2009-05-26 04:00:00,
2009-05-27 04:00:00,
2009-05-28 04:00:00,
2009-05-29 04:00:00,
2009-06-01 04:00:00,
2009-06-02 04:00:00,
2009-06-03 04:00:00,
2009-06-04 04:00:00,
2009-06-05 04:00:00,
2009-06-08 04:00:00,
2009-06-09 04:00:00,
2009-06-10 04:00:00,
2009-06-11 04:00:00,
2009-06-12 04:00:00,
2009-06-15 04:00:00,
2009-06-16 04:00:00,
2009-06-17 04:00:00,
2009-06-18 04:00:00,
2009-06-19 04:00:00,
2009-06-22 04:00:00,
2009-06-23 04:00:00,
2009-06-24 04:00:00,
2009-06-25 04:00:00,
2009-06-26 04:00:00,
2009-06-29 04:00:00,
2009-06-30 04:00:00,
2009-07-01 04:00:00,
2009-07-02 04:00:00,
2009-07-06 04:00:00,
2009-07-07 04:00:00,
2009-07-08 04:00:00,
2009-07-09 04:00:00,
2009-07-10 04:00:00,
2009-07-13 04:00:00,
2009-07-14 04:00:00,
2009-07-15 04:00:00,
2009-07-16 04:00:00,
2009-07-17 04:00:00,
2009-07-20 04:00:00,
2009-07-21 04:00:00,
2009-07-22 04:00:00,
2009-07-23 04:00:00,
2009-07-24 04:00:00,
2009-07-27 04:00:00,
2009-07-28 04:00:00,
2009-07-29 04:00:00,
2009-07-30 04:00:00,
2009-07-31 04:00:00,
2009-08-03 04:00:00,
2009-08-04 04:00:00,
2009-08-05 04:00:00,
2009-08-06 04:00:00,
2009-08-07 04:00:00,
2009-08-10 04:00:00,
2009-08-11 04:00:00,
2009-08-12 04:00:00,
2009-08-13 04:00:00,
2009-08-14 04:00:00,
2009-08-17 04:00:00,
2009-08-18 04:00:00,
2009-08-19 04:00:00,
2009-08-20 04:00:00,
2009-08-21 04:00:00,
2009-08-24 04:00:00,
2009-08-25 04:00:00,
2009-08-26 04:00:00,
2009-08-27 04:00:00,
2009-08-28 04:00:00,
2009-08-31 04:00:00,
2009-09-01 04:00:00,
2009-09-02 04:00:00,
2009-09-03 04:00:00,
2009-09-04 04:00:00,
2009-09-08 04:00:00,
2009-09-09 04:00:00,
2009-09-10 04:00:00,
2009-09-11 04:00:00,
2009-09-14 04:00:00,
2009-09-15 04:00:00,
2009-09-16 04:00:00,
2009-09-17 04:00:00,
2009-09-18 04:00:00,
2009-09-21 04:00:00,
2009-09-22 04:00:00,
2009-09-23 04:00:00,
2009-09-24 04:00:00,
2009-09-25 04:00:00,
2009-09-28 04:00:00,
2009-09-29 04:00:00,
2009-09-30 04:00:00,
2009-10-01 04:00:00,
2009-10-02 04:00:00,
2009-10-05 04:00:00,
2009-10-06 04:00:00,
2009-10-07 04:00:00,
2009-10-08 04:00:00,
2009-10-09 04:00:00,
2009-10-12 04:00:00,
2009-10-13 04:00:00,
2009-10-14 04:00:00,
2009-10-15 04:00:00,
2009-10-16 04:00:00,
2009-10-19 04:00:00,
2009-10-20 04:00:00,
2009-10-21 04:00:00,
2009-10-22 04:00:00,
2009-10-23 04:00:00,
2009-10-26 04:00:00,
2009-10-27 04:00:00,
2009-10-28 04:00:00,
2009-10-29 04:00:00,
2009-10-30 04:00:00,
2009-11-02 05:00:00,
2009-11-03 05:00:00,
2009-11-04 05:00:00,
2009-11-05 05:00:00,
2009-11-06 05:00:00,
2009-11-09 05:00:00,
2009-11-10 05:00:00,
2009-11-11 05:00:00,
2009-11-12 05:00:00,
2009-11-13 05:00:00,
2009-11-16 05:00:00,
2009-11-17 05:00:00,
2009-11-18 05:00:00,
2009-11-19 05:00:00,
2009-11-20 05:00:00,
2009-11-23 05:00:00,
2009-11-24 05:00:00,
2009-11-25 05:00:00,
2009-11-27 05:00:00,
2009-11-30 05:00:00,
2009-12-01 05:00:00,
2009-12-02 05:00:00,
2009-12-03 05:00:00,
2009-12-04 05:00:00,
2009-12-07 05:00:00,
2009-12-08 05:00:00,
2009-12-09 05:00:00,
2009-12-10 05:00:00,
2009-12-11 05:00:00,
2009-12-14 05:00:00,
2009-12-15 05:00:00,
2009-12-16 05:00:00,
2009-12-17 05:00:00,
2009-12-18 05:00:00,
2009-12-21 05:00:00,
2009-12-22 05:00:00,
2009-12-23 05:00:00,
2009-12-24 05:00:00,
2009-12-28 05:00:00,
2009-12-29 05:00:00,
2009-12-30 05:00:00,
2009-12-31 05:00:00,
2010-01-04 05:00:00,
2010-01-05 05:00:00,
2010-01-06 05:00:00,
2010-01-07 05:00:00,
2010-01-08 05:00:00,
2010-01-11 05:00:00,
2010-01-12 05:00:00,
2010-01-13 05:00:00,
2010-01-14 05:00:00,
2010-01-15 05:00:00,
2010-01-19 05:00:00,
2010-01-20 05:00:00,
2010-01-21 05:00:00,
2010-01-22 05:00:00,
2010-01-25 05:00:00,
2010-01-26 05:00:00,
2010-01-27 05:00:00,
2010-01-28 05:00:00,
2010-01-29 05:00:00,
2010-02-01 05:00:00,
2010-02-02 05:00:00,
2010-02-03 05:00:00,
2010-02-04 05:00:00,
2010-02-05 05:00:00,
2010-02-08 05:00:00,
2010-02-09 05:00:00,
2010-02-10 05:00:00,
2010-02-11 05:00:00,
2010-02-12 05:00:00,
2010-02-16 05:00:00,
2010-02-17 05:00:00,
2010-02-18 05:00:00,
2010-02-19 05:00:00,
2010-02-22 05:00:00,
2010-02-23 05:00:00,
2010-02-24 05:00:00,
2010-02-25 05:00:00,
2010-02-26 05:00:00,
2010-03-01 05:00:00,
2010-03-02 05:00:00,
2010-03-03 05:00:00,
2010-03-04 05:00:00,
2010-03-05 05:00:00,
2010-03-08 05:00:00,
2010-03-09 05:00:00,
2010-03-10 05:00:00,
2010-03-11 05:00:00,
2010-03-12 05:00:00,
2010-03-15 04:00:00,
2010-03-16 04:00:00,
2010-03-17 04:00:00,
2010-03-18 04:00:00,
2010-03-19 04:00:00,
2010-03-22 04:00:00,
2010-03-23 04:00:00,
2010-03-24 04:00:00,
2010-03-25 04:00:00,
2010-03-26 04:00:00,
2010-03-29 04:00:00,
2010-03-30 04:00:00,
2010-03-31 04:00:00,
2010-04-01 04:00:00,
2010-04-05 04:00:00,
2010-04-06 04:00:00,
2010-04-07 04:00:00,
2010-04-08 04:00:00,
2010-04-09 04:00:00,
2010-04-12 04:00:00,
2010-04-13 04:00:00,
2010-04-14 04:00:00,
2010-04-15 04:00:00,
2010-04-16 04:00:00,
2010-04-19 04:00:00,
2010-04-20 04:00:00,
2010-04-21 04:00:00,
2010-04-22 04:00:00,
2010-04-23 04:00:00,
2010-04-26 04:00:00,
2010-04-27 04:00:00,
2010-04-28 04:00:00,
2010-04-29 04:00:00,
2010-04-30 04:00:00,
2010-05-03 04:00:00,
2010-05-04 04:00:00,
2010-05-05 04:00:00,
2010-05-06 04:00:00,
2010-05-07 04:00:00,
2010-05-10 04:00:00,
2010-05-11 04:00:00,
2010-05-12 04:00:00,
2010-05-13 04:00:00,
2010-05-14 04:00:00,
2010-05-17 04:00:00,
2010-05-18 04:00:00,
2010-05-19 04:00:00,
2010-05-20 04:00:00,
2010-05-21 04:00:00,
2010-05-24 04:00:00,
2010-05-25 04:00:00,
2010-05-26 04:00:00,
2010-05-27 04:00:00,
2010-05-28 04:00:00,
2010-06-01 04:00:00,
2010-06-02 04:00:00,
2010-06-03 04:00:00,
2010-06-04 04:00:00,
2010-06-07 04:00:00,
2010-06-08 04:00:00,
2010-06-09 04:00:00,
2010-06-10 04:00:00,
2010-06-11 04:00:00,
2010-06-14 04:00:00,
2010-06-15 04:00:00,
2010-06-16 04:00:00,
2010-06-17 04:00:00,
2010-06-18 04:00:00,
2010-06-21 04:00:00,
2010-06-22 04:00:00,
2010-06-23 04:00:00,
2010-06-24 04:00:00,
2010-06-25 04:00:00,
2010-06-28 04:00:00,
2010-06-29 04:00:00,
2010-06-30 04:00:00,
2010-07-01 04:00:00,
2010-07-02 04:00:00,
2010-07-06 04:00:00,
2010-07-07 04:00:00,
2010-07-08 04:00:00,
2010-07-09 04:00:00,
2010-07-12 04:00:00,
2010-07-13 04:00:00,
2010-07-14 04:00:00,
2010-07-15 04:00:00,
2010-07-16 04:00:00,
2010-07-19 04:00:00,
2010-07-20 04:00:00,
2010-07-21 04:00:00,
2010-07-22 04:00:00,
2010-07-23 04:00:00,
2010-07-26 04:00:00,
2010-07-27 04:00:00,
2010-07-28 04:00:00,
2010-07-29 04:00:00,
2010-07-30 04:00:00,
2010-08-02 04:00:00,
2010-08-03 04:00:00,
2010-08-04 04:00:00,
2010-08-05 04:00:00,
2010-08-06 04:00:00,
2010-08-09 04:00:00,
2010-08-10 04:00:00,
2010-08-11 04:00:00,
2010-08-12 04:00:00,
2010-08-13 04:00:00,
2010-08-16 04:00:00,
2010-08-17 04:00:00,
2010-08-18 04:00:00,
2010-08-19 04:00:00,
2010-08-20 04:00:00,
2010-08-23 04:00:00,
2010-08-24 04:00:00,
2010-08-25 04:00:00,
2010-08-26 04:00:00,
2010-08-27 04:00:00,
2010-08-30 04:00:00,
2010-08-31 04:00:00,
2010-09-01 04:00:00,
2010-09-02 04:00:00,
2010-09-03 04:00:00,
2010-09-07 04:00:00,
2010-09-08 04:00:00,
2010-09-09 04:00:00,
2010-09-10 04:00:00,
2010-09-13 04:00:00,
2010-09-14 04:00:00,
2010-09-15 04:00:00,
2010-09-16 04:00:00,
2010-09-17 04:00:00,
2010-09-20 04:00:00,
2010-09-21 04:00:00,
2010-09-22 04:00:00,
2010-09-23 04:00:00,
2010-09-24 04:00:00,
2010-09-27 04:00:00,
2010-09-28 04:00:00,
2010-09-29 04:00:00,
2010-09-30 04:00:00,
2010-10-01 04:00:00,
2010-10-04 04:00:00,
2010-10-05 04:00:00,
2010-10-06 04:00:00,
2010-10-07 04:00:00,
2010-10-08 04:00:00,
2010-10-11 04:00:00,
2010-10-12 04:00:00,
2010-10-13 04:00:00,
2010-10-14 04:00:00,
2010-10-15 04:00:00,
2010-10-18 04:00:00,
2010-10-19 04:00:00,
2010-10-20 04:00:00,
2010-10-21 04:00:00,
2010-10-22 04:00:00,
2010-10-25 04:00:00,
2010-10-26 04:00:00,
2010-10-27 04:00:00,
2010-10-28 04:00:00,
2010-10-29 04:00:00,
2010-11-01 04:00:00,
2010-11-02 04:00:00,
2010-11-03 04:00:00,
2010-11-04 04:00:00,
2010-11-05 04:00:00,
2010-11-08 05:00:00,
2010-11-09 05:00:00,
2010-11-10 05:00:00,
2010-11-11 05:00:00,
2010-11-12 05:00:00,
2010-11-15 05:00:00,
2010-11-16 05:00:00,
2010-11-17 05:00:00,
2010-11-18 05:00:00,
2010-11-19 05:00:00,
2010-11-22 05:00:00,
2010-11-23 05:00:00,
2010-11-24 05:00:00,
2010-11-26 05:00:00,
2010-11-29 05:00:00,
2010-11-30 05:00:00,
2010-12-01 05:00:00,
2010-12-02 05:00:00,
2010-12-03 05:00:00,
2010-12-06 05:00:00,
2010-12-07 05:00:00,
2010-12-08 05:00:00,
2010-12-09 05:00:00,
2010-12-10 05:00:00,
2010-12-13 05:00:00,
2010-12-14 05:00:00,
2010-12-15 05:00:00,
2010-12-16 05:00:00,
2010-12-17 05:00:00,
2010-12-20 05:00:00,
2010-12-21 05:00:00,
2010-12-22 05:00:00,
2010-12-23 05:00:00,
2010-12-27 05:00:00,
2010-12-28 05:00:00,
2010-12-29 05:00:00,
2010-12-30 05:00:00,
2010-12-31 05:00:00,
2011-01-03 05:00:00,
2011-01-04 05:00:00,
2011-01-05 05:00:00,
2011-01-06 05:00:00,
2011-01-07 05:00:00,
2011-01-10 05:00:00,
2011-01-11 05:00:00,
2011-01-12 05:00:00,
2011-01-13 05:00:00,
2011-01-14 05:00:00,
2011-01-18 05:00:00,
2011-01-19 05:00:00,
2011-01-20 05:00:00,
2011-01-21 05:00:00,
2011-01-24 05:00:00,
2011-01-25 05:00:00,
2011-01-26 05:00:00,
2011-01-27 05:00:00,
2011-01-28 05:00:00,
2011-01-31 05:00:00,
2011-02-01 05:00:00,
2011-02-02 05:00:00,
2011-02-03 05:00:00,
2011-02-04 05:00:00,
2011-02-07 05:00:00,
2011-02-08 05:00:00,
2011-02-09 05:00:00,
2011-02-10 05:00:00,
2011-02-11 05:00:00,
2011-02-14 05:00:00,
2011-02-15 05:00:00,
2011-02-16 05:00:00,
2011-02-17 05:00:00,
2011-02-18 05:00:00,
2011-02-22 05:00:00,
2011-02-23 05:00:00,
2011-02-24 05:00:00,
2011-02-25 05:00:00,
2011-02-28 05:00:00,
2011-03-01 05:00:00,
2011-03-02 05:00:00,
2011-03-03 05:00:00,
2011-03-04 05:00:00,
2011-03-07 05:00:00,
2011-03-08 05:00:00,
2011-03-09 05:00:00,
2011-03-10 05:00:00,
2011-03-11 05:00:00,
2011-03-14 04:00:00,
2011-03-15 04:00:00,
2011-03-16 04:00:00,
2011-03-17 04:00:00,
2011-03-18 04:00:00,
2011-03-21 04:00:00,
2011-03-22 04:00:00,
2011-03-23 04:00:00,
2011-03-24 04:00:00,
2011-03-25 04:00:00,
2011-03-28 04:00:00,
2011-03-29 04:00:00,
2011-03-30 04:00:00,
2011-03-31 04:00:00,
2011-04-01 04:00:00,
2011-04-04 04:00:00,
2011-04-05 04:00:00,
2011-04-06 04:00:00,
2011-04-07 04:00:00,
2011-04-08 04:00:00,
2011-04-11 04:00:00,
2011-04-12 04:00:00,
2011-04-13 04:00:00,
2011-04-14 04:00:00,
2011-04-15 04:00:00,
2011-04-18 04:00:00,
2011-04-19 04:00:00,
2011-04-20 04:00:00,
2011-04-21 04:00:00,
2011-04-25 04:00:00,
2011-04-26 04:00:00,
2011-04-27 04:00:00,
2011-04-28 04:00:00,
2011-04-29 04:00:00,
2011-05-02 04:00:00,
2011-05-03 04:00:00,
2011-05-04 04:00:00,
2011-05-05 04:00:00,
2011-05-06 04:00:00,
2011-05-09 04:00:00,
2011-05-10 04:00:00,
2011-05-11 04:00:00,
2011-05-12 04:00:00,
2011-05-13 04:00:00,
2011-05-16 04:00:00,
2011-05-17 04:00:00,
2011-05-18 04:00:00,
2011-05-19 04:00:00,
2011-05-20 04:00:00,
2011-05-23 04:00:00,
2011-05-24 04:00:00,
2011-05-25 04:00:00,
2011-05-26 04:00:00,
2011-05-27 04:00:00,
2011-05-31 04:00:00,
2011-06-01 04:00:00,
2011-06-02 04:00:00,
2011-06-03 04:00:00,
2011-06-06 04:00:00,
2011-06-07 04:00:00,
2011-06-08 04:00:00,
2011-06-09 04:00:00,
2011-06-10 04:00:00,
2011-06-13 04:00:00,
2011-06-14 04:00:00,
2011-06-15 04:00:00,
2011-06-16 04:00:00,
2011-06-17 04:00:00,
2011-06-20 04:00:00,
2011-06-21 04:00:00,
2011-06-22 04:00:00,
2011-06-23 04:00:00,
2011-06-24 04:00:00,
2011-06-27 04:00:00,
2011-06-28 04:00:00,
2011-06-29 04:00:00,
2011-06-30 04:00:00,
2011-07-01 04:00:00,
2011-07-05 04:00:00,
2011-07-06 04:00:00,
2011-07-07 04:00:00,
2011-07-08 04:00:00,
2011-07-11 04:00:00,
2011-07-12 04:00:00,
2011-07-13 04:00:00,
2011-07-14 04:00:00,
2011-07-15 04:00:00,
2011-07-18 04:00:00,
2011-07-19 04:00:00,
2011-07-20 04:00:00,
2011-07-21 04:00:00,
2011-07-22 04:00:00,
2011-07-25 04:00:00,
2011-07-26 04:00:00,
2011-07-27 04:00:00,
2011-07-28 04:00:00,
2011-07-29 04:00:00,
2011-08-01 04:00:00,
2011-08-02 04:00:00,
2011-08-03 04:00:00,
2011-08-04 04:00:00,
2011-08-05 04:00:00,
2011-08-08 04:00:00,
2011-08-09 04:00:00,
2011-08-10 04:00:00,
2011-08-11 04:00:00,
2011-08-12 04:00:00,
2011-08-15 04:00:00,
2011-08-16 04:00:00,
2011-08-17 04:00:00,
2011-08-18 04:00:00,
2011-08-19 04:00:00,
2011-08-22 04:00:00,
2011-08-23 04:00:00,
2011-08-24 04:00:00,
2011-08-25 04:00:00,
2011-08-26 04:00:00,
2011-08-29 04:00:00,
2011-08-30 04:00:00,
2011-08-31 04:00:00,
2011-09-01 04:00:00,
2011-09-02 04:00:00,
2011-09-06 04:00:00,
2011-09-07 04:00:00,
2011-09-08 04:00:00,
2011-09-09 04:00:00,
2011-09-12 04:00:00,
2011-09-13 04:00:00,
2011-09-14 04:00:00,
2011-09-15 04:00:00,
2011-09-16 04:00:00,
2011-09-19 04:00:00,
2011-09-20 04:00:00,
2011-09-21 04:00:00,
2011-09-22 04:00:00,
2011-09-23 04:00:00,
2011-09-26 04:00:00,
2011-09-27 04:00:00,
2011-09-28 04:00:00,
2011-09-29 04:00:00,
2011-09-30 04:00:00,
2011-10-03 04:00:00,
2011-10-04 04:00:00,
2011-10-05 04:00:00,
2011-10-06 04:00:00,
2011-10-07 04:00:00,
2011-10-10 04:00:00,
2011-10-11 04:00:00,
2011-10-12 04:00:00,
2011-10-13 04:00:00,
2011-10-14 04:00:00,
2011-10-17 04:00:00,
2011-10-18 04:00:00,
2011-10-19 04:00:00,
2011-10-20 04:00:00,
2011-10-21 04:00:00,
2011-10-24 04:00:00,
2011-10-25 04:00:00,
2011-10-26 04:00:00,
2011-10-27 04:00:00,
2011-10-28 04:00:00,
2011-10-31 04:00:00,
2011-11-01 04:00:00,
2011-11-02 04:00:00,
2011-11-03 04:00:00,
2011-11-04 04:00:00,
2011-11-07 05:00:00,
2011-11-08 05:00:00,
2011-11-09 05:00:00,
2011-11-10 05:00:00,
2011-11-11 05:00:00,
2011-11-14 05:00:00,
2011-11-15 05:00:00,
2011-11-16 05:00:00,
2011-11-17 05:00:00,
2011-11-18 05:00:00,
2011-11-21 05:00:00,
2011-11-22 05:00:00,
2011-11-23 05:00:00,
2011-11-25 05:00:00,
2011-11-28 05:00:00,
2011-11-29 05:00:00,
2011-11-30 05:00:00,
2011-12-01 05:00:00,
2011-12-02 05:00:00,
2011-12-05 05:00:00,
2011-12-06 05:00:00,
2011-12-07 05:00:00,
2011-12-08 05:00:00,
2011-12-09 05:00:00,
2011-12-12 05:00:00,
2011-12-13 05:00:00,
2011-12-14 05:00:00,
2011-12-15 05:00:00,
2011-12-16 05:00:00,
2011-12-19 05:00:00,
2011-12-20 05:00:00,
2011-12-21 05:00:00,
2011-12-22 05:00:00,
2011-12-23 05:00:00,
2011-12-27 05:00:00,
2011-12-28 05:00:00,
2011-12-29 05:00:00,
2011-12-30 05:00:00,
2012-01-03 05:00:00,
2012-01-04 05:00:00,
2012-01-05 05:00:00,
2012-01-06 05:00:00,
2012-01-09 05:00:00,
2012-01-10 05:00:00,
2012-01-11 05:00:00,
2012-01-12 05:00:00,
2012-01-13 05:00:00,
2012-01-17 05:00:00,
2012-01-18 05:00:00,
2012-01-19 05:00:00,
2012-01-20 05:00:00,
2012-01-23 05:00:00,
2012-01-24 05:00:00,
2012-01-25 05:00:00,
2012-01-26 05:00:00,
2012-01-27 05:00:00,
2012-01-30 05:00:00,
2012-01-31 05:00:00,
2012-02-01 05:00:00,
2012-02-02 05:00:00,
2012-02-03 05:00:00,
2012-02-06 05:00:00,
2012-02-07 05:00:00,
2012-02-08 05:00:00,
2012-02-09 05:00:00,
2012-02-10 05:00:00,
2012-02-13 05:00:00,
2012-02-14 05:00:00,
2012-02-15 05:00:00,
2012-02-16 05:00:00,
2012-02-17 05:00:00,
2012-02-21 05:00:00,
2012-02-22 05:00:00,
2012-02-23 05:00:00,
2012-02-24 05:00:00,
2012-02-27 05:00:00,
2012-02-28 05:00:00,
2012-02-29 05:00:00,
2012-03-01 05:00:00,
2012-03-02 05:00:00,
2012-03-05 05:00:00,
2012-03-06 05:00:00,
2012-03-07 05:00:00,
2012-03-08 05:00:00,
2012-03-09 05:00:00,
2012-03-12 04:00:00,
2012-03-13 04:00:00,
2012-03-14 04:00:00,
2012-03-15 04:00:00,
2012-03-16 04:00:00,
2012-03-19 04:00:00,
2012-03-20 04:00:00,
2012-03-21 04:00:00,
2012-03-22 04:00:00,
2012-03-23 04:00:00,
2012-03-26 04:00:00,
2012-03-27 04:00:00,
2012-03-28 04:00:00,
2012-03-29 04:00:00,
2012-03-30 04:00:00,
2012-04-02 04:00:00,
2012-04-03 04:00:00,
2012-04-04 04:00:00,
2012-04-05 04:00:00,
2012-04-09 04:00:00,
2012-04-10 04:00:00,
2012-04-11 04:00:00,
2012-04-12 04:00:00,
2012-04-13 04:00:00,
2012-04-16 04:00:00,
2012-04-17 04:00:00,
2012-04-18 04:00:00,
2012-04-19 04:00:00,
2012-04-20 04:00:00,
2012-04-23 04:00:00,
2012-04-24 04:00:00,
2012-04-25 04:00:00,
2012-04-26 04:00:00,
2012-04-27 04:00:00,
2012-04-30 04:00:00,
2012-05-01 04:00:00,
2012-05-02 04:00:00,
2012-05-03 04:00:00,
2012-05-04 04:00:00,
2012-05-07 04:00:00,
2012-05-08 04:00:00,
2012-05-09 04:00:00,
2012-05-10 04:00:00,
2012-05-11 04:00:00,
2012-05-14 04:00:00,
2012-05-15 04:00:00,
2012-05-16 04:00:00,
2012-05-17 04:00:00,
2012-05-18 04:00:00,
2012-05-21 04:00:00,
2012-05-22 04:00:00,
2012-05-23 04:00:00,
2012-05-24 04:00:00,
2012-05-25 04:00:00,
2012-05-29 04:00:00,
2012-05-30 04:00:00,
2012-05-31 04:00:00,
2012-06-01 04:00:00,
2012-06-04 04:00:00,
2012-06-05 04:00:00,
2012-06-06 04:00:00,
2012-06-07 04:00:00,
2012-06-08 04:00:00,
2012-06-11 04:00:00,
2012-06-12 04:00:00,
2012-06-13 04:00:00,
2012-06-14 04:00:00,
2012-06-15 04:00:00,
2012-06-18 04:00:00,
2012-06-19 04:00:00,
2012-06-20 04:00:00,
2012-06-21 04:00:00,
2012-06-22 04:00:00,
2012-06-25 04:00:00,
2012-06-26 04:00:00,
2012-06-27 04:00:00,
2012-06-28 04:00:00,
2012-06-29 04:00:00,
2012-07-02 04:00:00,
2012-07-03 04:00:00,
2012-07-05 04:00:00,
2012-07-06 04:00:00,
2012-07-09 04:00:00,
2012-07-10 04:00:00,
2012-07-11 04:00:00,
2012-07-12 04:00:00,
2012-07-13 04:00:00,
2012-07-16 04:00:00,
2012-07-17 04:00:00,
2012-07-18 04:00:00,
2012-07-19 04:00:00,
2012-07-20 04:00:00,
2012-07-23 04:00:00,
2012-07-24 04:00:00,
2012-07-25 04:00:00,
2012-07-26 04:00:00,
2012-07-27 04:00:00,
2012-07-30 04:00:00,
2012-07-31 04:00:00,
2012-08-01 04:00:00,
2012-08-02 04:00:00,
2012-08-03 04:00:00,
2012-08-06 04:00:00,
2012-08-07 04:00:00,
2012-08-08 04:00:00,
2012-08-09 04:00:00,
2012-08-10 04:00:00,
2012-08-13 04:00:00,
2012-08-14 04:00:00,
2012-08-15 04:00:00,
2012-08-16 04:00:00,
2012-08-17 04:00:00,
2012-08-20 04:00:00,
2012-08-21 04:00:00,
2012-08-22 04:00:00,
2012-08-23 04:00:00,
2012-08-24 04:00:00,
2012-08-27 04:00:00,
2012-08-28 04:00:00,
2012-08-29 04:00:00,
2012-08-30 04:00:00,
2012-08-31 04:00:00,
2012-09-04 04:00:00,
2012-09-05 04:00:00,
2012-09-06 04:00:00,
2012-09-07 04:00:00,
2012-09-10 04:00:00,
2012-09-11 04:00:00,
2012-09-12 04:00:00,
2012-09-13 04:00:00,
2012-09-14 04:00:00,
2012-09-17 04:00:00,
2012-09-18 04:00:00,
2012-09-19 04:00:00,
2012-09-20 04:00:00,
2012-09-21 04:00:00,
2012-09-24 04:00:00,
2012-09-25 04:00:00,
2012-09-26 04:00:00,
2012-09-27 04:00:00,
2012-09-28 04:00:00,
2012-10-01 04:00:00,
2012-10-02 04:00:00,
2012-10-03 04:00:00,
2012-10-04 04:00:00,
2012-10-05 04:00:00,
2012-10-08 04:00:00,
2012-10-09 04:00:00,
2012-10-10 04:00:00,
2012-10-11 04:00:00,
2012-10-12 04:00:00,
2012-10-15 04:00:00,
2012-10-16 04:00:00,
2012-10-17 04:00:00,
2012-10-18 04:00:00,
2012-10-19 04:00:00,
2012-10-22 04:00:00,
2012-10-23 04:00:00,
2012-10-24 04:00:00,
2012-10-25 04:00:00,
2012-10-26 04:00:00,
2012-10-31 04:00:00,
2012-11-01 04:00:00,
2012-11-02 04:00:00,
2012-11-05 05:00:00,
2012-11-06 05:00:00,
2012-11-07 05:00:00,
2012-11-08 05:00:00,
2012-11-09 05:00:00,
2012-11-12 05:00:00,
2012-11-13 05:00:00,
2012-11-14 05:00:00,
2012-11-15 05:00:00,
2012-11-16 05:00:00,
2012-11-19 05:00:00,
2012-11-20 05:00:00,
2012-11-21 05:00:00,
2012-11-23 05:00:00,
2012-11-26 05:00:00,
2012-11-27 05:00:00,
2012-11-28 05:00:00,
2012-11-29 05:00:00,
2012-11-30 05:00:00,
2012-12-03 05:00:00,
2012-12-04 05:00:00,
2012-12-05 05:00:00,
2012-12-06 05:00:00,
2012-12-07 05:00:00,
2012-12-10 05:00:00,
2012-12-11 05:00:00,
2012-12-12 05:00:00,
2012-12-13 05:00:00,
2012-12-14 05:00:00,
2012-12-17 05:00:00,
2012-12-18 05:00:00,
2012-12-19 05:00:00,
2012-12-20 05:00:00,
2012-12-21 05:00:00,
2012-12-24 05:00:00,
2012-12-26 05:00:00,
2012-12-27 05:00:00,
2012-12-28 05:00:00,
2012-12-31 05:00:00,
2013-01-02 05:00:00,
2013-01-03 05:00:00,
2013-01-04 05:00:00,
2013-01-07 05:00:00,
2013-01-08 05:00:00,
2013-01-09 05:00:00,
2013-01-10 05:00:00,
2013-01-11 05:00:00,
2013-01-14 05:00:00,
2013-01-15 05:00:00,
2013-01-16 05:00:00,
2013-01-17 05:00:00,
2013-01-18 05:00:00,
2013-01-22 05:00:00,
2013-01-23 05:00:00,
2013-01-24 05:00:00,
2013-01-25 05:00:00,
2013-01-28 05:00:00,
2013-01-29 05:00:00,
2013-01-30 05:00:00,
2013-01-31 05:00:00,
2013-02-01 05:00:00,
2013-02-04 05:00:00,
2013-02-05 05:00:00,
2013-02-06 05:00:00,
2013-02-07 05:00:00,
2013-02-08 05:00:00,
2013-02-11 05:00:00,
2013-02-12 05:00:00,
2013-02-13 05:00:00,
2013-02-14 05:00:00,
2013-02-15 05:00:00,
2013-02-19 05:00:00,
2013-02-20 05:00:00,
2013-02-21 05:00:00,
2013-02-22 05:00:00,
2013-02-25 05:00:00,
2013-02-26 05:00:00,
2013-02-27 05:00:00,
2013-02-28 05:00:00,
2013-03-01 05:00:00,
2013-03-04 05:00:00,
2013-03-05 05:00:00,
2013-03-06 05:00:00,
2013-03-07 05:00:00,
2013-03-08 05:00:00,
2013-03-11 04:00:00,
2013-03-12 04:00:00,
2013-03-13 04:00:00,
2013-03-14 04:00:00,
2013-03-15 04:00:00,
2013-03-18 04:00:00,
2013-03-19 04:00:00,
2013-03-20 04:00:00,
2013-03-21 04:00:00,
2013-03-22 04:00:00,
2013-03-25 04:00:00,
2013-03-26 04:00:00,
2013-03-27 04:00:00,
2013-03-28 04:00:00,
2013-04-01 04:00:00,
2013-04-02 04:00:00,
2013-04-03 04:00:00,
2013-04-04 04:00:00,
2013-04-05 04:00:00,
2013-04-08 04:00:00,
2013-04-09 04:00:00,
2013-04-10 04:00:00,
2013-04-11 04:00:00,
2013-04-12 04:00:00,
2013-04-15 04:00:00,
2013-04-16 04:00:00,
2013-04-17 04:00:00,
2013-04-18 04:00:00,
2013-04-19 04:00:00,
2013-04-22 04:00:00,
2013-04-23 04:00:00,
2013-04-24 04:00:00,
2013-04-25 04:00:00,
2013-04-26 04:00:00,
2013-04-29 04:00:00,
2013-04-30 04:00:00,
2013-05-01 04:00:00,
2013-05-02 04:00:00,
2013-05-03 04:00:00,
2013-05-06 04:00:00,
2013-05-07 04:00:00,
2013-05-08 04:00:00,
2013-05-09 04:00:00,
2013-05-10 04:00:00,
2013-05-13 04:00:00,
2013-05-14 04:00:00,
2013-05-15 04:00:00,
2013-05-16 04:00:00,
2013-05-17 04:00:00,
2013-05-20 04:00:00,
2013-05-21 04:00:00,
2013-05-22 04:00:00,
2013-05-23 04:00:00,
2013-05-24 04:00:00,
2013-05-28 04:00:00,
2013-05-29 04:00:00,
2013-05-30 04:00:00,
2013-05-31 04:00:00,
2013-06-03 04:00:00,
2013-06-04 04:00:00,
2013-06-05 04:00:00,
2013-06-06 04:00:00,
2013-06-07 04:00:00,
2013-06-10 04:00:00,
2013-06-11 04:00:00,
2013-06-12 04:00:00,
2013-06-13 04:00:00,
2013-06-14 04:00:00,
2013-06-17 04:00:00,
2013-06-18 04:00:00,
2013-06-19 04:00:00,
2013-06-20 04:00:00,
2013-06-21 04:00:00,
2013-06-24 04:00:00,
2013-06-25 04:00:00,
2013-06-26 04:00:00,
2013-06-27 04:00:00,
2013-06-28 04:00:00,
2013-07-01 04:00:00,
2013-07-02 04:00:00,
2013-07-03 04:00:00,
2013-07-05 04:00:00,
2013-07-08 04:00:00,
2013-07-09 04:00:00,
2013-07-10 04:00:00,
2013-07-11 04:00:00,
2013-07-12 04:00:00,
2013-07-15 04:00:00,
2013-07-16 04:00:00,
2013-07-17 04:00:00,
2013-07-18 04:00:00,
2013-07-19 04:00:00,
2013-07-22 04:00:00,
2013-07-23 04:00:00,
2013-07-24 04:00:00,
2013-07-25 04:00:00,
2013-07-26 04:00:00,
2013-07-29 04:00:00,
2013-07-30 04:00:00,
2013-07-31 04:00:00,
2013-08-01 04:00:00,
2013-08-02 04:00:00,
2013-08-05 04:00:00,
2013-08-06 04:00:00,
2013-08-07 04:00:00,
2013-08-08 04:00:00,
2013-08-09 04:00:00,
2013-08-12 04:00:00,
2013-08-13 04:00:00,
2013-08-14 04:00:00,
2013-08-15 04:00:00,
2013-08-16 04:00:00,
2013-08-19 04:00:00,
2013-08-20 04:00:00,
2013-08-21 04:00:00,
2013-08-22 04:00:00,
2013-08-23 04:00:00,
2013-08-26 04:00:00,
2013-08-27 04:00:00,
2013-08-28 04:00:00,
2013-08-29 04:00:00,
2013-08-30 04:00:00,
2013-09-03 04:00:00,
2013-09-04 04:00:00,
2013-09-05 04:00:00,
2013-09-06 04:00:00,
2013-09-09 04:00:00,
2013-09-10 04:00:00,
2013-09-11 04:00:00,
2013-09-12 04:00:00,
2013-09-13 04:00:00,
2013-09-16 04:00:00,
2013-09-17 04:00:00,
2013-09-18 04:00:00,
2013-09-19 04:00:00,
2013-09-20 04:00:00,
2013-09-23 04:00:00,
2013-09-24 04:00:00,
2013-09-25 04:00:00,
2013-09-26 04:00:00,
2013-09-27 04:00:00,
2013-09-30 04:00:00,
2013-10-01 04:00:00,
2013-10-02 04:00:00,
2013-10-03 04:00:00,
2013-10-04 04:00:00,
2013-10-07 04:00:00,
2013-10-08 04:00:00,
2013-10-09 04:00:00,
2013-10-10 04:00:00,
2013-10-11 04:00:00,
2013-10-14 04:00:00,
2013-10-15 04:00:00,
2013-10-16 04:00:00,
2013-10-17 04:00:00,
2013-10-18 04:00:00,
2013-10-21 04:00:00,
2013-10-22 04:00:00,
2013-10-23 04:00:00,
2013-10-24 04:00:00,
2013-10-25 04:00:00,
2013-10-28 04:00:00,
2013-10-29 04:00:00,
2013-10-30 04:00:00,
2013-10-31 04:00:00,
2013-11-01 04:00:00,
2013-11-04 05:00:00,
2013-11-05 05:00:00,
2013-11-06 05:00:00,
2013-11-07 05:00:00,
2013-11-08 05:00:00,
2013-11-11 05:00:00,
2013-11-12 05:00:00,
2013-11-13 05:00:00,
2013-11-14 05:00:00,
2013-11-15 05:00:00,
2013-11-18 05:00:00,
2013-11-19 05:00:00,
2013-11-20 05:00:00,
2013-11-21 05:00:00,
2013-11-22 05:00:00,
2013-11-25 05:00:00,
2013-11-26 05:00:00,
2013-11-27 05:00:00,
2013-11-29 05:00:00,
2013-12-02 05:00:00,
2013-12-03 05:00:00,
2013-12-04 05:00:00,
2013-12-05 05:00:00,
2013-12-06 05:00:00,
2013-12-09 05:00:00,
2013-12-10 05:00:00,
2013-12-11 05:00:00,
2013-12-12 05:00:00,
2013-12-13 05:00:00,
2013-12-16 05:00:00,
2013-12-17 05:00:00,
2013-12-18 05:00:00,
2013-12-19 05:00:00,
2013-12-20 05:00:00,
2013-12-23 05:00:00,
2013-12-24 05:00:00,
2013-12-26 05:00:00,
2013-12-27 05:00:00,
2013-12-30 05:00:00,
2013-12-31 05:00:00,
2014-01-02 05:00:00,
2014-01-03 05:00:00,
2014-01-06 05:00:00,
2014-01-07 05:00:00,
2014-01-08 05:00:00,
2014-01-09 05:00:00,
2014-01-10 05:00:00,
2014-01-13 05:00:00,
2014-01-14 05:00:00,
2014-01-15 05:00:00,
2014-01-16 05:00:00,
2014-01-17 05:00:00,
2014-01-21 05:00:00,
2014-01-22 05:00:00,
2014-01-23 05:00:00,
2014-01-24 05:00:00,
2014-01-27 05:00:00,
2014-01-28 05:00:00,
2014-01-29 05:00:00,
2014-01-30 05:00:00,
2014-01-31 05:00:00,
2014-02-03 05:00:00,
2014-02-04 05:00:00,
2014-02-05 05:00:00,
2014-02-06 05:00:00,
2014-02-07 05:00:00,
2014-02-10 05:00:00,
2014-02-11 05:00:00,
2014-02-12 05:00:00,
2014-02-13 05:00:00,
2014-02-14 05:00:00,
2014-02-18 05:00:00,
2014-02-19 05:00:00,
2014-02-20 05:00:00,
2014-02-21 05:00:00,
2014-02-24 05:00:00,
2014-02-25 05:00:00,
2014-02-26 05:00:00,
2014-02-27 05:00:00,
2014-02-28 05:00:00,
2014-03-03 05:00:00,
2014-03-04 05:00:00,
2014-03-05 05:00:00,
2014-03-06 05:00:00,
2014-03-07 05:00:00,
2014-03-10 04:00:00,
2014-03-11 04:00:00,
2014-03-12 04:00:00,
2014-03-13 04:00:00,
2014-03-14 04:00:00,
2014-03-17 04:00:00,
2014-03-18 04:00:00,
2014-03-19 04:00:00,
2014-03-20 04:00:00,
2014-03-21 04:00:00,
2014-03-24 04:00:00,
2014-03-25 04:00:00,
2014-03-26 04:00:00,
2014-03-27 04:00:00,
2014-03-28 04:00:00,
2014-03-31 04:00:00,
2014-04-01 04:00:00,
2014-04-02 04:00:00,
2014-04-03 04:00:00,
2014-04-04 04:00:00,
2014-04-07 04:00:00,
2014-04-08 04:00:00,
2014-04-09 04:00:00,
2014-04-10 04:00:00,
2014-04-11 04:00:00,
2014-04-14 04:00:00,
2014-04-15 04:00:00,
2014-04-16 04:00:00,
2014-04-17 04:00:00,
2014-04-21 04:00:00,
2014-04-22 04:00:00,
2014-04-23 04:00:00,
2014-04-24 04:00:00,
2014-04-25 04:00:00,
2014-04-28 04:00:00,
2014-04-29 04:00:00,
2014-04-30 04:00:00,
2014-05-01 04:00:00,
2014-05-02 04:00:00,
2014-05-05 04:00:00,
2014-05-06 04:00:00,
2014-05-07 04:00:00,
2014-05-08 04:00:00,
2014-05-09 04:00:00,
2014-05-12 04:00:00,
2014-05-13 04:00:00,
2014-05-14 04:00:00,
2014-05-15 04:00:00,
2014-05-16 04:00:00,
2014-05-19 04:00:00,
2014-05-20 04:00:00,
2014-05-21 04:00:00,
2014-05-22 04:00:00,
2014-05-23 04:00:00,
2014-05-27 04:00:00,
2014-05-28 04:00:00,
2014-05-29 04:00:00,
2014-05-30 04:00:00,
2014-06-02 04:00:00,
2014-06-03 04:00:00,
2014-06-04 04:00:00,
2014-06-05 04:00:00,
2014-06-06 04:00:00,
2014-06-09 04:00:00,
2014-06-10 04:00:00,
2014-06-11 04:00:00,
2014-06-12 04:00:00,
2014-06-13 04:00:00,
2014-06-16 04:00:00,
2014-06-17 04:00:00,
2014-06-18 04:00:00,
2014-06-19 04:00:00,
2014-06-20 04:00:00,
2014-06-23 04:00:00,
2014-06-24 04:00:00,
2014-06-25 04:00:00,
2014-06-26 04:00:00,
2014-06-27 04:00:00,
2014-06-30 04:00:00,
2014-07-01 04:00:00,
2014-07-02 04:00:00,
2014-07-03 04:00:00,
2014-07-07 04:00:00,
2014-07-08 04:00:00,
2014-07-09 04:00:00,
2014-07-10 04:00:00,
2014-07-11 04:00:00,
2014-07-14 04:00:00,
2014-07-15 04:00:00,
2014-07-16 04:00:00,
2014-07-17 04:00:00,
2014-07-18 04:00:00,
2014-07-21 04:00:00,
2014-07-22 04:00:00,
2014-07-23 04:00:00,
2014-07-24 04:00:00,
2014-07-25 04:00:00,
2014-07-28 04:00:00,
2014-07-29 04:00:00,
2014-07-30 04:00:00,
2014-07-31 04:00:00,
2014-08-01 04:00:00,
2014-08-04 04:00:00,
2014-08-05 04:00:00,
2014-08-06 04:00:00,
2014-08-07 04:00:00,
2014-08-08 04:00:00,
2014-08-11 04:00:00,
2014-08-12 04:00:00,
2014-08-13 04:00:00,
2014-08-14 04:00:00,
2014-08-15 04:00:00,
2014-08-18 04:00:00,
2014-08-19 04:00:00,
2014-08-20 04:00:00,
2014-08-21 04:00:00,
2014-08-22 04:00:00,
2014-08-25 04:00:00,
2014-08-26 04:00:00,
2014-08-27 04:00:00,
2014-08-28 04:00:00,
2014-08-29 04:00:00,
2014-09-02 04:00:00,
2014-09-03 04:00:00,
2014-09-04 04:00:00,
2014-09-05 04:00:00,
2014-09-08 04:00:00,
2014-09-09 04:00:00,
2014-09-10 04:00:00,
2014-09-11 04:00:00,
2014-09-12 04:00:00,
2014-09-15 04:00:00,
2014-09-16 04:00:00,
2014-09-17 04:00:00,
2014-09-18 04:00:00,
2014-09-19 04:00:00,
2014-09-22 04:00:00,
2014-09-23 04:00:00,
2014-09-24 04:00:00,
2014-09-25 04:00:00,
2014-09-26 04:00:00,
2014-09-29 04:00:00,
2014-09-30 04:00:00,
2014-10-01 04:00:00,
2014-10-02 04:00:00,
2014-10-03 04:00:00,
2014-10-06 04:00:00,
2014-10-07 04:00:00,
2014-10-08 04:00:00,
2014-10-09 04:00:00,
2014-10-10 04:00:00,
2014-10-13 04:00:00,
2014-10-14 04:00:00,
2014-10-15 04:00:00,
2014-10-16 04:00:00,
2014-10-17 04:00:00,
2014-10-20 04:00:00,
2014-10-21 04:00:00,
2014-10-22 04:00:00,
2014-10-23 04:00:00,
2014-10-24 04:00:00,
2014-10-27 04:00:00,
2014-10-28 04:00:00,
2014-10-29 04:00:00,
2014-10-30 04:00:00,
2014-10-31 04:00:00,
2014-11-03 05:00:00,
2014-11-04 05:00:00,
2014-11-05 05:00:00,
2014-11-06 05:00:00,
2014-11-07 05:00:00,
2014-11-10 05:00:00,
2014-11-11 05:00:00,
2014-11-12 05:00:00,
2014-11-13 05:00:00,
2014-11-14 05:00:00,
2014-11-17 05:00:00,
2014-11-18 05:00:00,
2014-11-19 05:00:00,
2014-11-20 05:00:00,
2014-11-21 05:00:00,
2014-11-24 05:00:00,
2014-11-25 05:00:00,
2014-11-26 05:00:00,
2014-11-28 05:00:00,
2014-12-01 05:00:00,
2014-12-02 05:00:00,
2014-12-03 05:00:00,
2014-12-04 05:00:00,
2014-12-05 05:00:00,
2014-12-08 05:00:00,
2014-12-09 05:00:00,
2014-12-10 05:00:00,
2014-12-11 05:00:00,
2014-12-12 05:00:00,
2014-12-15 05:00:00,
2014-12-16 05:00:00,
2014-12-17 05:00:00,
2014-12-18 05:00:00,
2014-12-19 05:00:00,
2014-12-22 05:00:00,
2014-12-23 05:00:00,
2014-12-24 05:00:00,
2014-12-26 05:00:00,
2014-12-29 05:00:00,
2014-12-30 05:00:00,
2014-12-31 05:00:00,
2015-01-02 05:00:00,
2015-01-05 05:00:00,
2015-01-06 05:00:00,
2015-01-07 05:00:00,
2015-01-08 05:00:00,
2015-01-09 05:00:00,
2015-01-12 05:00:00,
2015-01-13 05:00:00,
2015-01-14 05:00:00,
2015-01-15 05:00:00,
2015-01-16 05:00:00,
2015-01-20 05:00:00,
2015-01-21 05:00:00,
2015-01-22 05:00:00,
2015-01-23 05:00:00,
2015-01-26 05:00:00,
2015-01-27 05:00:00,
2015-01-28 05:00:00,
2015-01-29 05:00:00,
2015-01-30 05:00:00,
2015-02-02 05:00:00,
2015-02-03 05:00:00,
2015-02-04 05:00:00,
2015-02-05 05:00:00,
2015-02-06 05:00:00,
2015-02-09 05:00:00,
2015-02-10 05:00:00,
2015-02-11 05:00:00,
2015-02-12 05:00:00,
2015-02-13 05:00:00,
2015-02-17 05:00:00,
2015-02-18 05:00:00,
2015-02-19 05:00:00,
2015-02-20 05:00:00,
2015-02-23 05:00:00,
2015-02-24 05:00:00,
2015-02-25 05:00:00,
2015-02-26 05:00:00,
2015-02-27 05:00:00,
2015-03-02 05:00:00,
2015-03-03 05:00:00,
2015-03-04 05:00:00,
2015-03-05 05:00:00,
2015-03-06 05:00:00,
2015-03-09 04:00:00,
2015-03-10 04:00:00,
2015-03-11 04:00:00,
2015-03-12 04:00:00,
2015-03-13 04:00:00,
2015-03-16 04:00:00,
2015-03-17 04:00:00,
2015-03-18 04:00:00,
2015-03-19 04:00:00,
2015-03-20 04:00:00,
2015-03-23 04:00:00,
2015-03-24 04:00:00,
2015-03-25 04:00:00,
2015-03-26 04:00:00,
2015-03-27 04:00:00,
2015-03-30 04:00:00,
2015-03-31 04:00:00,
2015-04-01 04:00:00,
2015-04-02 04:00:00,
2015-04-06 04:00:00,
2015-04-07 04:00:00,
2015-04-08 04:00:00,
2015-04-09 04:00:00,
2015-04-10 04:00:00,
2015-04-13 04:00:00,
2015-04-14 04:00:00,
2015-04-15 04:00:00,
2015-04-16 04:00:00,
2015-04-17 04:00:00,
2015-04-20 04:00:00,
2015-04-21 04:00:00,
2015-04-22 04:00:00,
2015-04-23 04:00:00,
2015-04-24 04:00:00,
2015-04-27 04:00:00,
2015-04-28 04:00:00,
2015-04-29 04:00:00,
2015-04-30 04:00:00,
2015-05-01 04:00:00,
2015-05-04 04:00:00,
2015-05-05 04:00:00,
2015-05-06 04:00:00,
2015-05-07 04:00:00,
2015-05-08 04:00:00,
2015-05-11 04:00:00,
2015-05-12 04:00:00,
2015-05-13 04:00:00,
2015-05-14 04:00:00,
2015-05-15 04:00:00,
2015-05-18 04:00:00,
2015-05-19 04:00:00,
2015-05-20 04:00:00,
2015-05-21 04:00:00,
2015-05-22 04:00:00,
2015-05-26 04:00:00,
2015-05-27 04:00:00,
2015-05-28 04:00:00,
2015-05-29 04:00:00,
2015-06-01 04:00:00,
2015-06-02 04:00:00,
2015-06-03 04:00:00,
2015-06-04 04:00:00,
2015-06-05 04:00:00,
2015-06-08 04:00:00,
2015-06-09 04:00:00,
2015-06-10 04:00:00,
2015-06-11 04:00:00,
2015-06-12 04:00:00,
2015-06-15 04:00:00,
2015-06-16 04:00:00,
2015-06-17 04:00:00,
2015-06-18 04:00:00,
2015-06-19 04:00:00,
2015-06-22 04:00:00,
2015-06-23 04:00:00,
2015-06-24 04:00:00,
2015-06-25 04:00:00,
2015-06-26 04:00:00,
2015-06-29 04:00:00,
2015-06-30 04:00:00,
2015-07-01 04:00:00,
2015-07-02 04:00:00,
2015-07-06 04:00:00,
2015-07-07 04:00:00,
2015-07-08 04:00:00,
2015-07-09 04:00:00,
2015-07-10 04:00:00,
2015-07-13 04:00:00,
2015-07-14 04:00:00,
2015-07-15 04:00:00,
2015-07-16 04:00:00,
2015-07-17 04:00:00,
2015-07-20 04:00:00,
2015-07-21 04:00:00,
2015-07-22 04:00:00,
2015-07-23 04:00:00,
2015-07-24 04:00:00,
2015-07-27 04:00:00,
2015-07-28 04:00:00,
2015-07-29 04:00:00,
2015-07-30 04:00:00,
2015-07-31 04:00:00,
2015-08-03 04:00:00,
2015-08-04 04:00:00,
2015-08-05 04:00:00,
2015-08-06 04:00:00,
2015-08-07 04:00:00,
2015-08-10 04:00:00,
2015-08-11 04:00:00,
2015-08-12 04:00:00,
2015-08-13 04:00:00,
2015-08-14 04:00:00,
2015-08-17 04:00:00,
2015-08-18 04:00:00,
2015-08-19 04:00:00,
2015-08-20 04:00:00,
2015-08-21 04:00:00,
2015-08-24 04:00:00,
2015-08-25 04:00:00,
2015-08-26 04:00:00,
2015-08-27 04:00:00,
2015-08-28 04:00:00,
2015-08-31 04:00:00,
2015-09-01 04:00:00,
2015-09-02 04:00:00,
2015-09-03 04:00:00,
2015-09-04 04:00:00,
2015-09-08 04:00:00,
2015-09-09 04:00:00,
2015-09-10 04:00:00,
2015-09-11 04:00:00,
2015-09-14 04:00:00,
2015-09-15 04:00:00,
2015-09-16 04:00:00,
2015-09-17 04:00:00,
2015-09-18 04:00:00,
2015-09-21 04:00:00,
2015-09-22 04:00:00,
2015-09-23 04:00:00,
2015-09-24 04:00:00,
2015-09-25 04:00:00,
2015-09-28 04:00:00,
2015-09-29 04:00:00,
2015-09-30 04:00:00,
2015-10-01 04:00:00,
2015-10-02 04:00:00,
2015-10-05 04:00:00,
2015-10-06 04:00:00,
2015-10-07 04:00:00,
2015-10-08 04:00:00,
2015-10-09 04:00:00,
2015-10-12 04:00:00,
2015-10-13 04:00:00,
2015-10-14 04:00:00,
2015-10-15 04:00:00,
2015-10-16 04:00:00,
2015-10-19 04:00:00,
2015-10-20 04:00:00,
2015-10-21 04:00:00,
2015-10-22 04:00:00,
2015-10-23 04:00:00,
2015-10-26 04:00:00,
2015-10-27 04:00:00,
2015-10-28 04:00:00,
2015-10-29 04:00:00,
2015-10-30 04:00:00,
2015-11-02 05:00:00,
2015-11-03 05:00:00,
2015-11-04 05:00:00,
2015-11-05 05:00:00,
2015-11-06 05:00:00,
2015-11-09 05:00:00,
2015-11-10 05:00:00,
2015-11-11 05:00:00,
2015-11-12 05:00:00,
2015-11-13 05:00:00,
2015-11-16 05:00:00,
2015-11-17 05:00:00,
2015-11-18 05:00:00,
2015-11-19 05:00:00,
2015-11-20 05:00:00,
2015-11-23 05:00:00,
2015-11-24 05:00:00,
2015-11-25 05:00:00,
2015-11-27 05:00:00,
2015-11-30 05:00:00,
2015-12-01 05:00:00,
2015-12-02 05:00:00,
2015-12-03 05:00:00,
2015-12-04 05:00:00,
2015-12-07 05:00:00,
2015-12-08 05:00:00,
2015-12-09 05:00:00,
2015-12-10 05:00:00,
2015-12-11 05:00:00,
2015-12-14 05:00:00,
2015-12-15 05:00:00,
2015-12-16 05:00:00,
2015-12-17 05:00:00,
2015-12-18 05:00:00,
2015-12-21 05:00:00,
2015-12-22 05:00:00,
2015-12-23 05:00:00,
2015-12-24 05:00:00,
2015-12-28 05:00:00,
2015-12-29 05:00:00,
2015-12-30 05:00:00,
2015-12-31 05:00:00,
2016-01-04 05:00:00,
2016-01-05 05:00:00,
2016-01-06 05:00:00,
2016-01-07 05:00:00,
2016-01-08 05:00:00,
2016-01-11 05:00:00,
2016-01-12 05:00:00,
2016-01-13 05:00:00,
2016-01-14 05:00:00,
2016-01-15 05:00:00,
2016-01-19 05:00:00,
2016-01-20 05:00:00,
2016-01-21 05:00:00,
2016-01-22 05:00:00,
2016-01-25 05:00:00,
2016-01-26 05:00:00,
2016-01-27 05:00:00,
2016-01-28 05:00:00,
2016-01-29 05:00:00,
2016-02-01 05:00:00,
2016-02-02 05:00:00,
2016-02-03 05:00:00,
2016-02-04 05:00:00,
2016-02-05 05:00:00,
2016-02-08 05:00:00,
2016-02-09 05:00:00,
2016-02-10 05:00:00,
2016-02-11 05:00:00,
2016-02-12 05:00:00,
2016-02-16 05:00:00,
2016-02-17 05:00:00,
2016-02-18 05:00:00,
2016-02-19 05:00:00,
2016-02-22 05:00:00,
2016-02-23 05:00:00,
2016-02-24 05:00:00,
2016-02-25 05:00:00,
2016-02-26 05:00:00,
2016-02-29 05:00:00,
2016-03-01 05:00:00,
2016-03-02 05:00:00,
2016-03-03 05:00:00,
2016-03-04 05:00:00,
2016-03-07 05:00:00,
2016-03-08 05:00:00,
2016-03-09 05:00:00,
2016-03-10 05:00:00,
2016-03-11 05:00:00,
2016-03-14 04:00:00,
2016-03-15 04:00:00,
2016-03-16 04:00:00,
2016-03-17 04:00:00,
2016-03-18 04:00:00,
2016-03-21 04:00:00,
2016-03-22 04:00:00,
2016-03-23 04:00:00,
2016-03-24 04:00:00,
2016-03-28 04:00:00,
2016-03-29 04:00:00,
2016-03-30 04:00:00,
2016-03-31 04:00:00,
2016-04-01 04:00:00,
2016-04-04 04:00:00,
2016-04-05 04:00:00,
2016-04-06 04:00:00,
2016-04-07 04:00:00,
2016-04-08 04:00:00,
2016-04-11 04:00:00,
2016-04-12 04:00:00,
2016-04-13 04:00:00,
2016-04-14 04:00:00,
2016-04-15 04:00:00,
2016-04-18 04:00:00,
2016-04-19 04:00:00,
2016-04-20 04:00:00,
2016-04-21 04:00:00,
2016-04-22 04:00:00,
2016-04-25 04:00:00,
2016-04-26 04:00:00,
2016-04-27 04:00:00,
2016-04-28 04:00:00,
2016-04-29 04:00:00,
2016-05-02 04:00:00,
2016-05-03 04:00:00,
2016-05-04 04:00:00,
2016-05-05 04:00:00,
2016-05-06 04:00:00,
2016-05-09 04:00:00,
2016-05-10 04:00:00,
2016-05-11 04:00:00,
2016-05-12 04:00:00,
2016-05-13 04:00:00,
2016-05-16 04:00:00,
2016-05-17 04:00:00,
2016-05-18 04:00:00,
2016-05-19 04:00:00,
2016-05-20 04:00:00,
2016-05-23 04:00:00,
2016-05-24 04:00:00,
2016-05-25 04:00:00,
2016-05-26 04:00:00,
2016-05-27 04:00:00,
2016-05-31 04:00:00,
2016-06-01 04:00:00,
2016-06-02 04:00:00,
2016-06-03 04:00:00,
2016-06-06 04:00:00,
2016-06-07 04:00:00,
2016-06-08 04:00:00,
2016-06-09 04:00:00,
2016-06-10 04:00:00,
2016-06-13 04:00:00,
2016-06-14 04:00:00,
2016-06-15 04:00:00,
2016-06-16 04:00:00,
2016-06-17 04:00:00,
2016-06-20 04:00:00,
2016-06-21 04:00:00,
2016-06-22 04:00:00,
2016-06-23 04:00:00,
2016-06-24 04:00:00,
2016-06-27 04:00:00,
2016-06-28 04:00:00,
2016-06-29 04:00:00,
2016-06-30 04:00:00,
2016-07-01 04:00:00,
2016-07-05 04:00:00,
2016-07-06 04:00:00,
2016-07-07 04:00:00,
2016-07-08 04:00:00,
2016-07-11 04:00:00,
2016-07-12 04:00:00,
2016-07-13 04:00:00,
2016-07-14 04:00:00,
2016-07-15 04:00:00,
2016-07-18 04:00:00,
2016-07-19 04:00:00,
2016-07-20 04:00:00,
2016-07-21 04:00:00,
2016-07-22 04:00:00,
2016-07-25 04:00:00,
2016-07-26 04:00:00,
2016-07-27 04:00:00,
2016-07-28 04:00:00,
2016-07-29 04:00:00,
2016-08-01 04:00:00,
2016-08-02 04:00:00,
2016-08-03 04:00:00,
2016-08-04 04:00:00,
2016-08-05 04:00:00,
2016-08-08 04:00:00,
2016-08-09 04:00:00,
2016-08-10 04:00:00,
2016-08-11 04:00:00,
2016-08-12 04:00:00,
2016-08-15 04:00:00,
2016-08-16 04:00:00,
2016-08-17 04:00:00,
2016-08-18 04:00:00,
2016-08-19 04:00:00,
2016-08-22 04:00:00,
2016-08-23 04:00:00,
2016-08-24 04:00:00,
2016-08-25 04:00:00,
2016-08-26 04:00:00,
2016-08-29 04:00:00,
2016-08-30 04:00:00,
2016-08-31 04:00:00,
2016-09-01 04:00:00,
2016-09-02 04:00:00,
2016-09-06 04:00:00,
2016-09-07 04:00:00,
2016-09-08 04:00:00,
2016-09-09 04:00:00,
2016-09-12 04:00:00,
2016-09-13 04:00:00,
2016-09-14 04:00:00,
2016-09-15 04:00:00,
2016-09-16 04:00:00,
2016-09-19 04:00:00,
2016-09-20 04:00:00,
2016-09-21 04:00:00,
2016-09-22 04:00:00,
2016-09-23 04:00:00,
2016-09-26 04:00:00,
2016-09-27 04:00:00,
2016-09-28 04:00:00,
2016-09-29 04:00:00,
2016-09-30 04:00:00,
2016-10-03 04:00:00,
2016-10-04 04:00:00,
2016-10-05 04:00:00,
2016-10-06 04:00:00,
2016-10-07 04:00:00,
2016-10-10 04:00:00,
2016-10-11 04:00:00,
2016-10-12 04:00:00,
2016-10-13 04:00:00,
2016-10-14 04:00:00,
2016-10-17 04:00:00,
2016-10-18 04:00:00,
2016-10-19 04:00:00,
2016-10-20 04:00:00,
2016-10-21 04:00:00,
2016-10-24 04:00:00,
2016-10-25 04:00:00,
2016-10-26 04:00:00,
2016-10-27 04:00:00,
2016-10-28 04:00:00,
2016-10-31 04:00:00,
2016-11-01 04:00:00,
2016-11-02 04:00:00,
2016-11-03 04:00:00,
2016-11-04 04:00:00,
2016-11-07 05:00:00,
2016-11-08 05:00:00,
2016-11-09 05:00:00,
2016-11-10 05:00:00,
2016-11-11 05:00:00,
2016-11-14 05:00:00,
2016-11-15 05:00:00,
2016-11-16 05:00:00,
2016-11-17 05:00:00,
2016-11-18 05:00:00,
2016-11-21 05:00:00,
2016-11-22 05:00:00,
2016-11-23 05:00:00,
2016-11-25 05:00:00,
2016-11-28 05:00:00,
2016-11-29 05:00:00,
2016-11-30 05:00:00,
2016-12-01 05:00:00,
2016-12-02 05:00:00,
2016-12-05 05:00:00,
2016-12-06 05:00:00,
2016-12-07 05:00:00,
2016-12-08 05:00:00,
2016-12-09 05:00:00,
2016-12-12 05:00:00,
2016-12-13 05:00:00,
2016-12-14 05:00:00,
2016-12-15 05:00:00,
2016-12-16 05:00:00,
2016-12-19 05:00:00,
2016-12-20 05:00:00,
2016-12-21 05:00:00,
2016-12-22 05:00:00,
2016-12-23 05:00:00,
2016-12-27 05:00:00,
2016-12-28 05:00:00,
2016-12-29 05:00:00,
2016-12-30 05:00:00,
2017-01-03 05:00:00,
2017-01-04 05:00:00,
2017-01-05 05:00:00,
2017-01-06 05:00:00,
2017-01-09 05:00:00,
2017-01-10 05:00:00,
2017-01-11 05:00:00,
2017-01-12 05:00:00,
2017-01-13 05:00:00,
2017-01-17 05:00:00,
2017-01-18 05:00:00,
2017-01-19 05:00:00,
2017-01-20 05:00:00,
2017-01-23 05:00:00,
2017-01-24 05:00:00,
2017-01-25 05:00:00,
2017-01-26 05:00:00,
2017-01-27 05:00:00,
2017-01-30 05:00:00,
2017-01-31 05:00:00,
2017-02-01 05:00:00,
2017-02-02 05:00:00,
2017-02-03 05:00:00,
2017-02-06 05:00:00,
2017-02-07 05:00:00,
2017-02-08 05:00:00,
2017-02-09 05:00:00,
2017-02-10 05:00:00,
2017-02-13 05:00:00,
2017-02-14 05:00:00,
2017-02-15 05:00:00,
2017-02-16 05:00:00,
2017-02-17 05:00:00,
2017-02-21 05:00:00,
2017-02-22 05:00:00,
2017-02-23 05:00:00,
2017-02-24 05:00:00,
2017-02-27 05:00:00,
2017-02-28 05:00:00,
2017-03-01 05:00:00,
2017-03-02 05:00:00,
2017-03-03 05:00:00,
2017-03-06 05:00:00,
2017-03-07 05:00:00,
2017-03-08 05:00:00,
2017-03-09 05:00:00,
2017-03-10 05:00:00,
2017-03-13 04:00:00,
2017-03-14 04:00:00,
2017-03-15 04:00:00,
2017-03-16 04:00:00,
2017-03-17 04:00:00,
2017-03-20 04:00:00,
2017-03-21 04:00:00,
2017-03-22 04:00:00,
2017-03-23 04:00:00,
2017-03-24 04:00:00,
2017-03-27 04:00:00,
2017-03-28 04:00:00,
2017-03-29 04:00:00,
2017-03-30 04:00:00,
2017-03-31 04:00:00,
2017-04-03 04:00:00,
2017-04-04 04:00:00,
2017-04-05 04:00:00,
2017-04-06 04:00:00,
2017-04-07 04:00:00,
2017-04-10 04:00:00,
2017-04-11 04:00:00,
2017-04-12 04:00:00,
2017-04-13 04:00:00,
2017-04-17 04:00:00,
2017-04-18 04:00:00,
2017-04-19 04:00:00,
2017-04-20 04:00:00,
2017-04-21 04:00:00,
2017-04-24 04:00:00,
2017-04-25 04:00:00,
2017-04-26 04:00:00,
2017-04-27 04:00:00,
2017-04-28 04:00:00,
2017-05-01 04:00:00,
2017-05-02 04:00:00,
2017-05-03 04:00:00,
2017-05-04 04:00:00,
2017-05-05 04:00:00,
2017-05-08 04:00:00,
2017-05-09 04:00:00,
2017-05-10 04:00:00,
2017-05-11 04:00:00,
2017-05-12 04:00:00,
2017-05-15 04:00:00,
2017-05-16 04:00:00,
2017-05-17 04:00:00,
2017-05-18 04:00:00,
2017-05-19 04:00:00,
2017-05-22 04:00:00,
2017-05-23 04:00:00,
2017-05-24 04:00:00,
2017-05-25 04:00:00,
2017-05-26 04:00:00,
2017-05-30 04:00:00,
2017-05-31 04:00:00,
2017-06-01 04:00:00,
2017-06-02 04:00:00,
2017-06-05 04:00:00,
2017-06-06 04:00:00,
2017-06-07 04:00:00,
2017-06-08 04:00:00,
2017-06-09 04:00:00,
2017-06-12 04:00:00,
2017-06-13 04:00:00,
2017-06-14 04:00:00,
2017-06-15 04:00:00,
2017-06-16 04:00:00,
2017-06-19 04:00:00,
2017-06-20 04:00:00,
2017-06-21 04:00:00,
2017-06-22 04:00:00,
2017-06-23 04:00:00,
2017-06-26 04:00:00,
2017-06-27 04:00:00,
2017-06-28 04:00:00,
2017-06-29 04:00:00,
2017-06-30 04:00:00,
2017-07-03 04:00:00,
2017-07-05 04:00:00,
2017-07-06 04:00:00,
2017-07-07 04:00:00,
2017-07-10 04:00:00,
2017-07-11 04:00:00,
2017-07-12 04:00:00,
2017-07-13 04:00:00,
2017-07-14 04:00:00,
2017-07-17 04:00:00,
2017-07-18 04:00:00,
2017-07-19 04:00:00,
2017-07-20 04:00:00,
2017-07-21 04:00:00,
2017-07-24 04:00:00,
2017-07-25 04:00:00,
2017-07-26 04:00:00,
2017-07-27 04:00:00,
2017-07-28 04:00:00,
2017-07-31 04:00:00,
2017-08-01 04:00:00,
2017-08-02 04:00:00,
2017-08-03 04:00:00,
2017-08-04 04:00:00,
2017-08-07 04:00:00,
2017-08-08 04:00:00,
2017-08-09 04:00:00,
2017-08-10 04:00:00,
2017-08-11 04:00:00,
2017-08-14 04:00:00,
2017-08-15 04:00:00,
2017-08-16 04:00:00,
2017-08-17 04:00:00,
2017-08-18 04:00:00,
2017-08-21 04:00:00,
2017-08-22 04:00:00,
2017-08-23 04:00:00,
2017-08-24 04:00:00,
2017-08-25 04:00:00,
2017-08-28 04:00:00,
2017-08-29 04:00:00,
2017-08-30 04:00:00,
2017-08-31 04:00:00,
2017-09-01 04:00:00,
2017-09-05 04:00:00,
2017-09-06 04:00:00,
2017-09-07 04:00:00,
2017-09-08 04:00:00,
2017-09-11 04:00:00,
2017-09-12 04:00:00,
2017-09-13 04:00:00,
2017-09-14 04:00:00,
2017-09-15 04:00:00,
2017-09-18 04:00:00,
2017-09-19 04:00:00,
2017-09-20 04:00:00,
2017-09-21 04:00:00,
2017-09-22 04:00:00,
2017-09-25 04:00:00,
2017-09-26 04:00:00,
2017-09-27 04:00:00,
2017-09-28 04:00:00,
2017-09-29 04:00:00,
2017-10-02 04:00:00,
2017-10-03 04:00:00,
2017-10-04 04:00:00,
2017-10-05 04:00:00,
2017-10-06 04:00:00,
2017-10-09 04:00:00,
2017-10-10 04:00:00,
2017-10-11 04:00:00,
2017-10-12 04:00:00,
2017-10-13 04:00:00,
2017-10-16 04:00:00,
2017-10-17 04:00:00,
2017-10-18 04:00:00,
2017-10-19 04:00:00,
2017-10-20 04:00:00,
2017-10-23 04:00:00,
2017-10-24 04:00:00,
2017-10-25 04:00:00,
2017-10-26 04:00:00,
2017-10-27 04:00:00,
2017-10-30 04:00:00,
2017-10-31 04:00:00,
2017-11-01 04:00:00,
2017-11-02 04:00:00,
2017-11-03 04:00:00,
2017-11-06 05:00:00,
2017-11-07 05:00:00,
2017-11-08 05:00:00,
2017-11-09 05:00:00,
2017-11-10 05:00:00,
2017-11-13 05:00:00,
2017-11-14 05:00:00,
2017-11-15 05:00:00,
2017-11-16 05:00:00,
2017-11-17 05:00:00,
2017-11-20 05:00:00,
2017-11-21 05:00:00,
2017-11-22 05:00:00,
2017-11-24 05:00:00,
2017-11-27 05:00:00,
2017-11-28 05:00:00,
2017-11-29 05:00:00,
2017-11-30 05:00:00,
2017-12-01 05:00:00,
2017-12-04 05:00:00,
2017-12-05 05:00:00,
2017-12-06 05:00:00,
2017-12-07 05:00:00,
2017-12-08 05:00:00,
2017-12-11 05:00:00,
2017-12-12 05:00:00,
2017-12-13 05:00:00,
2017-12-14 05:00:00,
2017-12-15 05:00:00,
2017-12-18 05:00:00,
2017-12-19 05:00:00,
2017-12-20 05:00:00,
2017-12-21 05:00:00,
2017-12-22 05:00:00,
2017-12-26 05:00:00,
2017-12-27 05:00:00,
2017-12-28 05:00:00,
2017-12-29 05:00:00,
2018-01-02 05:00:00,
2018-01-03 05:00:00,
2018-01-04 05:00:00,
2018-01-05 05:00:00,
2018-01-08 05:00:00,
2018-01-09 05:00:00,
2018-01-10 05:00:00,
2018-01-11 05:00:00,
2018-01-12 05:00:00,
2018-01-16 05:00:00,
2018-01-17 05:00:00,
2018-01-18 05:00:00,
2018-01-19 05:00:00,
2018-01-22 05:00:00,
2018-01-23 05:00:00,
2018-01-24 05:00:00,
2018-01-25 05:00:00,
2018-01-26 05:00:00,
2018-01-29 05:00:00,
2018-01-30 05:00:00,
2018-01-31 05:00:00,
2018-02-01 05:00:00,
2018-02-02 05:00:00,
2018-02-05 05:00:00,
2018-02-06 05:00:00,
2018-02-07 05:00:00,
2018-02-08 05:00:00,
2018-02-09 05:00:00,
2018-02-12 05:00:00,
2018-02-13 05:00:00,
2018-02-14 05:00:00,
2018-02-15 05:00:00,
2018-02-16 05:00:00,
2018-02-20 05:00:00,
2018-02-21 05:00:00,
2018-02-22 05:00:00,
2018-02-23 05:00:00,
2018-02-26 05:00:00,
2018-02-27 05:00:00,
2018-02-28 05:00:00,
2018-03-01 05:00:00,
2018-03-02 05:00:00,
2018-03-05 05:00:00,
2018-03-06 05:00:00,
2018-03-07 05:00:00,
2018-03-08 05:00:00,
2018-03-09 05:00:00,
2018-03-12 04:00:00,
2018-03-13 04:00:00,
2018-03-14 04:00:00,
2018-03-15 04:00:00,
2018-03-16 04:00:00,
2018-03-19 04:00:00,
2018-03-20 04:00:00,
2018-03-21 04:00:00,
2018-03-22 04:00:00,
2018-03-23 04:00:00,
2018-03-26 04:00:00,
2018-03-27 04:00:00,
2018-03-28 04:00:00,
2018-03-29 04:00:00,
2018-04-02 04:00:00,
2018-04-03 04:00:00,
2018-04-04 04:00:00,
2018-04-05 04:00:00,
2018-04-06 04:00:00,
2018-04-09 04:00:00,
2018-04-10 04:00:00,
2018-04-11 04:00:00,
2018-04-12 04:00:00,
2018-04-13 04:00:00,
2018-04-16 04:00:00,
2018-04-17 04:00:00,
2018-04-18 04:00:00,
2018-04-19 04:00:00,
2018-04-20 04:00:00,
2018-04-23 04:00:00,
2018-04-24 04:00:00,
2018-04-25 04:00:00,
2018-04-26 04:00:00,
2018-04-27 04:00:00,
2018-04-30 04:00:00,
2018-05-01 04:00:00,
2018-05-02 04:00:00,
2018-05-03 04:00:00,
2018-05-04 04:00:00,
2018-05-07 04:00:00,
2018-05-08 04:00:00,
2018-05-09 04:00:00,
2018-05-10 04:00:00,
2018-05-11 04:00:00,
2018-05-14 04:00:00,
2018-05-15 04:00:00,
2018-05-16 04:00:00,
2018-05-17 04:00:00,
2018-05-18 04:00:00,
2018-05-21 04:00:00,
2018-05-22 04:00:00,
2018-05-23 04:00:00,
2018-05-24 04:00:00,
2018-05-25 04:00:00,
2018-05-29 04:00:00,
2018-05-30 04:00:00,
2018-05-31 04:00:00,
2018-06-01 04:00:00,
2018-06-04 04:00:00,
2018-06-05 04:00:00,
2018-06-06 04:00:00,
2018-06-07 04:00:00,
2018-06-08 04:00:00,
2018-06-11 04:00:00,
2018-06-12 04:00:00,
2018-06-13 04:00:00,
2018-06-14 04:00:00,
2018-06-15 04:00:00,
2018-06-18 04:00:00,
2018-06-19 04:00:00,
2018-06-20 04:00:00,
2018-06-21 04:00:00,
2018-06-22 04:00:00,
2018-06-25 04:00:00,
2018-06-26 04:00:00,
2018-06-27 04:00:00,
2018-06-28 04:00:00,
2018-06-29 04:00:00,
2018-07-02 04:00:00,
2018-07-03 04:00:00,
2018-07-05 04:00:00,
2018-07-06 04:00:00,
2018-07-09 04:00:00,
2018-07-10 04:00:00,
2018-07-11 04:00:00,
2018-07-12 04:00:00,
2018-07-13 04:00:00,
2018-07-16 04:00:00,
2018-07-17 04:00:00,
2018-07-18 04:00:00,
2018-07-19 04:00:00,
2018-07-20 04:00:00,
2018-07-23 04:00:00,
2018-07-24 04:00:00,
2018-07-25 04:00:00,
2018-07-26 04:00:00,
2018-07-27 04:00:00,
2018-07-30 04:00:00,
2018-07-31 04:00:00,
2018-08-01 04:00:00,
2018-08-02 04:00:00,
2018-08-03 04:00:00,
2018-08-06 04:00:00,
2018-08-07 04:00:00,
2018-08-08 04:00:00,
2018-08-09 04:00:00,
2018-08-10 04:00:00,
2018-08-13 04:00:00,
2018-08-14 04:00:00,
2018-08-15 04:00:00,
2018-08-16 04:00:00,
2018-08-17 04:00:00,
2018-08-20 04:00:00,
2018-08-21 04:00:00,
2018-08-22 04:00:00,
2018-08-23 04:00:00,
2018-08-24 04:00:00,
2018-08-27 04:00:00,
2018-08-28 04:00:00,
2018-08-29 04:00:00,
2018-08-30 04:00:00,
2018-08-31 04:00:00,
2018-09-04 04:00:00,
2018-09-05 04:00:00,
2018-09-06 04:00:00,
2018-09-07 04:00:00,
2018-09-10 04:00:00,
2018-09-11 04:00:00,
2018-09-12 04:00:00,
2018-09-13 04:00:00,
2018-09-14 04:00:00,
2018-09-17 04:00:00,
2018-09-18 04:00:00,
2018-09-19 04:00:00,
2018-09-20 04:00:00,
2018-09-21 04:00:00,
2018-09-24 04:00:00,
2018-09-25 04:00:00,
2018-09-26 04:00:00,
2018-09-27 04:00:00,
2018-09-28 04:00:00,
2018-10-01 04:00:00,
2018-10-02 04:00:00,
2018-10-03 04:00:00,
2018-10-04 04:00:00,
2018-10-05 04:00:00,
2018-10-08 04:00:00,
2018-10-09 04:00:00,
2018-10-10 04:00:00,
2018-10-11 04:00:00,
2018-10-12 04:00:00,
2018-10-15 04:00:00,
2018-10-16 04:00:00,
2018-10-17 04:00:00,
2018-10-18 04:00:00,
2018-10-19 04:00:00,
2018-10-22 04:00:00,
2018-10-23 04:00:00,
2018-10-24 04:00:00,
2018-10-25 04:00:00,
2018-10-26 04:00:00,
2018-10-29 04:00:00,
2018-10-30 04:00:00,
2018-10-31 04:00:00,
2018-11-01 04:00:00,
2018-11-02 04:00:00,
2018-11-05 05:00:00,
2018-11-06 05:00:00,
2018-11-07 05:00:00,
2018-11-08 05:00:00,
2018-11-09 05:00:00,
2018-11-12 05:00:00,
2018-11-13 05:00:00,
2018-11-14 05:00:00,
2018-11-15 05:00:00,
2018-11-16 05:00:00,
2018-11-19 05:00:00,
2018-11-20 05:00:00,
2018-11-21 05:00:00,
2018-11-23 05:00:00,
2018-11-26 05:00:00,
2018-11-27 05:00:00,
2018-11-28 05:00:00,
2018-11-29 05:00:00,
2018-11-30 05:00:00,
2018-12-03 05:00:00,
2018-12-04 05:00:00,
2018-12-06 05:00:00,
2018-12-07 05:00:00,
2018-12-10 05:00:00,
2018-12-11 05:00:00,
2018-12-12 05:00:00,
2018-12-13 05:00:00,
2018-12-14 05:00:00,
2018-12-17 05:00:00,
2018-12-18 05:00:00,
2018-12-19 05:00:00,
2018-12-20 05:00:00,
2018-12-21 05:00:00,
2018-12-24 05:00:00,
2018-12-26 05:00:00,
2018-12-27 05:00:00,
2018-12-28 05:00:00,
2018-12-31 05:00:00,
2019-01-02 05:00:00,
2019-01-03 05:00:00,
2019-01-04 05:00:00,
2019-01-07 05:00:00,
2019-01-08 05:00:00,
2019-01-09 05:00:00,
2019-01-10 05:00:00,
2019-01-11 05:00:00,
2019-01-14 05:00:00,
2019-01-15 05:00:00,
2019-01-16 05:00:00,
2019-01-17 05:00:00,
2019-01-18 05:00:00,
2019-01-22 05:00:00,
2019-01-23 05:00:00,
2019-01-24 05:00:00,
2019-01-25 05:00:00,
2019-01-28 05:00:00,
2019-01-29 05:00:00,
2019-01-30 05:00:00,
2019-01-31 05:00:00,
2019-02-01 05:00:00,
2019-02-04 05:00:00,
2019-02-05 05:00:00,
2019-02-06 05:00:00,
2019-02-07 05:00:00,
2019-02-08 05:00:00,
2019-02-11 05:00:00,
2019-02-12 05:00:00,
2019-02-13 05:00:00,
2019-02-14 05:00:00,
2019-02-15 05:00:00,
2019-02-19 05:00:00,
2019-02-20 05:00:00,
2019-02-21 05:00:00,
2019-02-22 05:00:00,
2019-02-25 05:00:00,
2019-02-26 05:00:00,
2019-02-27 05:00:00,
2019-02-28 05:00:00,
2019-03-01 05:00:00,
2019-03-04 05:00:00,
2019-03-05 05:00:00,
2019-03-06 05:00:00,
2019-03-07 05:00:00,
2019-03-08 05:00:00,
2019-03-11 04:00:00,
2019-03-12 04:00:00,
2019-03-13 04:00:00,
2019-03-14 04:00:00,
2019-03-15 04:00:00,
2019-03-18 04:00:00,
2019-03-19 04:00:00,
2019-03-20 04:00:00,
2019-03-21 04:00:00,
2019-03-22 04:00:00,
2019-03-25 04:00:00,
2019-03-26 04:00:00,
2019-03-27 04:00:00,
2019-03-28 04:00:00,
2019-03-29 04:00:00,
2019-04-01 04:00:00,
2019-04-02 04:00:00,
2019-04-03 04:00:00,
2019-04-04 04:00:00,
2019-04-05 04:00:00,
2019-04-08 04:00:00,
2019-04-09 04:00:00,
2019-04-10 04:00:00,
2019-04-11 04:00:00,
2019-04-12 04:00:00,
2019-04-15 04:00:00,
2019-04-16 04:00:00,
2019-04-17 04:00:00,
2019-04-18 04:00:00,
2019-04-22 04:00:00,
2019-04-23 04:00:00,
2019-04-24 04:00:00,
2019-04-25 04:00:00,
2019-04-26 04:00:00,
2019-04-29 04:00:00,
2019-04-30 04:00:00,
2019-05-01 04:00:00,
2019-05-02 04:00:00,
2019-05-03 04:00:00,
2019-05-06 04:00:00,
2019-05-07 04:00:00,
2019-05-08 04:00:00,
2019-05-09 04:00:00,
2019-05-10 04:00:00,
2019-05-13 04:00:00,
2019-05-14 04:00:00,
2019-05-15 04:00:00,
2019-05-16 04:00:00,
2019-05-17 04:00:00,
2019-05-20 04:00:00,
2019-05-21 04:00:00,
2019-05-22 04:00:00,
2019-05-23 04:00:00,
2019-05-24 04:00:00,
2019-05-28 04:00:00,
2019-05-29 04:00:00,
2019-05-30 04:00:00,
2019-05-31 04:00:00,
2019-06-03 04:00:00,
2019-06-04 04:00:00,
2019-06-05 04:00:00,
2019-06-06 04:00:00,
2019-06-07 04:00:00,
2019-06-10 04:00:00,
2019-06-11 04:00:00,
2019-06-12 04:00:00,
2019-06-13 04:00:00,
2019-06-14 04:00:00,
2019-06-17 04:00:00,
2019-06-18 04:00:00,
2019-06-19 04:00:00,
2019-06-20 04:00:00,
2019-06-21 04:00:00,
2019-06-24 04:00:00,
2019-06-25 04:00:00,
2019-06-26 04:00:00,
2019-06-27 04:00:00,
2019-06-28 04:00:00,
2019-07-01 04:00:00,
2019-07-02 04:00:00,
2019-07-03 04:00:00,
2019-07-05 04:00:00,
2019-07-08 04:00:00,
2019-07-09 04:00:00,
2019-07-10 04:00:00,
2019-07-11 04:00:00,
2019-07-12 04:00:00,
2019-07-15 04:00:00,
2019-07-16 04:00:00,
2019-07-17 04:00:00,
2019-07-18 04:00:00,
2019-07-19 04:00:00,
2019-07-22 04:00:00,
2019-07-23 04:00:00,
2019-07-24 04:00:00,
2019-07-25 04:00:00,
2019-07-26 04:00:00,
2019-07-29 04:00:00,
2019-07-30 04:00:00,
2019-07-31 04:00:00,
2019-08-01 04:00:00,
2019-08-02 04:00:00,
2019-08-05 04:00:00,
2019-08-06 04:00:00,
2019-08-07 04:00:00,
2019-08-08 04:00:00,
2019-08-09 04:00:00,
2019-08-12 04:00:00,
2019-08-13 04:00:00,
2019-08-14 04:00:00,
2019-08-15 04:00:00,
2019-08-16 04:00:00,
2019-08-19 04:00:00,
2019-08-20 04:00:00,
2019-08-21 04:00:00,
2019-08-22 04:00:00,
2019-08-23 04:00:00,
2019-08-26 04:00:00,
2019-08-27 04:00:00,
2019-08-28 04:00:00,
2019-08-29 04:00:00,
2019-08-30 04:00:00,
2019-09-03 04:00:00,
2019-09-04 04:00:00,
2019-09-05 04:00:00,
2019-09-06 04:00:00,
2019-09-09 04:00:00,
2019-09-10 04:00:00,
2019-09-11 04:00:00,
2019-09-12 04:00:00,
2019-09-13 04:00:00,
2019-09-16 04:00:00,
2019-09-17 04:00:00,
2019-09-18 04:00:00,
2019-09-19 04:00:00,
2019-09-20 04:00:00,
2019-09-23 04:00:00,
2019-09-24 04:00:00,
2019-09-25 04:00:00,
2019-09-26 04:00:00,
2019-09-27 04:00:00,
2019-09-30 04:00:00,
2019-10-01 04:00:00,
2019-10-02 04:00:00,
2019-10-03 04:00:00,
2019-10-04 04:00:00,
2019-10-07 04:00:00,
2019-10-08 04:00:00,
2019-10-09 04:00:00,
2019-10-10 04:00:00,
2019-10-11 04:00:00,
2019-10-14 04:00:00,
2019-10-15 04:00:00,
2019-10-16 04:00:00,
2019-10-17 04:00:00,
2019-10-18 04:00:00,
2019-10-21 04:00:00,
2019-10-22 04:00:00,
2019-10-23 04:00:00,
2019-10-24 04:00:00,
2019-10-25 04:00:00,
2019-10-28 04:00:00,
2019-10-29 04:00:00,
2019-10-30 04:00:00,
2019-10-31 04:00:00,
2019-11-01 04:00:00,
2019-11-04 05:00:00,
2019-11-05 05:00:00,
2019-11-06 05:00:00,
2019-11-07 05:00:00,
2019-11-08 05:00:00,
2019-11-11 05:00:00,
2019-11-12 05:00:00,
2019-11-13 05:00:00,
2019-11-14 05:00:00,
2019-11-15 05:00:00,
2019-11-18 05:00:00,
2019-11-19 05:00:00,
2019-11-20 05:00:00,
2019-11-21 05:00:00,
2019-11-22 05:00:00,
2019-11-25 05:00:00,
2019-11-26 05:00:00,
2019-11-27 05:00:00,
2019-11-29 05:00:00,
2019-12-02 05:00:00,
2019-12-03 05:00:00,
2019-12-04 05:00:00,
2019-12-05 05:00:00,
2019-12-06 05:00:00,
2019-12-09 05:00:00,
2019-12-10 05:00:00,
2019-12-11 05:00:00,
2019-12-12 05:00:00,
2019-12-13 05:00:00,
2019-12-16 05:00:00,
2019-12-17 05:00:00,
2019-12-18 05:00:00,
2019-12-19 05:00:00,
2019-12-20 05:00:00,
2019-12-23 05:00:00,
2019-12-24 05:00:00,
2019-12-26 05:00:00,
2019-12-27 05:00:00,
2019-12-30 05:00:00,
2019-12-31 05:00:00,
2020-01-02 05:00:00,
2020-01-03 05:00:00,
2020-01-06 05:00:00,
2020-01-07 05:00:00,
2020-01-08 05:00:00,
2020-01-09 05:00:00,
2020-01-10 05:00:00,
2020-01-13 05:00:00,
2020-01-14 05:00:00,
2020-01-15 05:00:00,
2020-01-16 05:00:00,
2020-01-17 05:00:00,
2020-01-21 05:00:00,
2020-01-22 05:00:00,
2020-01-23 05:00:00,
2020-01-24 05:00:00,
2020-01-27 05:00:00,
2020-01-28 05:00:00,
2020-01-29 05:00:00,
2020-01-30 05:00:00,
2020-01-31 05:00:00,
2020-02-03 05:00:00,
2020-02-04 05:00:00,
2020-02-05 05:00:00,
2020-02-06 05:00:00,
2020-02-07 05:00:00,
2020-02-10 05:00:00,
2020-02-11 05:00:00,
2020-02-12 05:00:00,
2020-02-13 05:00:00,
2020-02-14 05:00:00,
2020-02-18 05:00:00,
2020-02-19 05:00:00,
2020-02-20 05:00:00,
2020-02-21 05:00:00,
2020-02-24 05:00:00,
2020-02-25 05:00:00,
2020-02-26 05:00:00,
2020-02-27 05:00:00,
2020-02-28 05:00:00,
2020-03-02 05:00:00,
2020-03-03 05:00:00,
2020-03-04 05:00:00,
2020-03-05 05:00:00,
2020-03-06 05:00:00,
2020-03-09 04:00:00,
2020-03-10 04:00:00,
2020-03-11 04:00:00,
2020-03-12 04:00:00,
2020-03-13 04:00:00,
2020-03-16 04:00:00,
2020-03-17 04:00:00,
2020-03-18 04:00:00,
2020-03-19 04:00:00,
2020-03-20 04:00:00,
2020-03-23 04:00:00,
2020-03-24 04:00:00,
2020-03-25 04:00:00,
2020-03-26 04:00:00,
2020-03-27 04:00:00,
2020-03-30 04:00:00,
2020-03-31 04:00:00,
2020-04-01 04:00:00,
2020-04-02 04:00:00,
2020-04-03 04:00:00,
2020-04-06 04:00:00,
2020-04-07 04:00:00,
2020-04-08 04:00:00,
2020-04-09 04:00:00,
2020-04-13 04:00:00,
2020-04-14 04:00:00,
2020-04-15 04:00:00,
2020-04-16 04:00:00,
2020-04-17 04:00:00,
2020-04-20 04:00:00,
2020-04-21 04:00:00,
2020-04-22 04:00:00,
2020-04-23 04:00:00,
2020-04-24 04:00:00,
2020-04-27 04:00:00,
2020-04-28 04:00:00,
2020-04-29 04:00:00,
2020-04-30 04:00:00,
2020-05-01 04:00:00,
2020-05-04 04:00:00,
2020-05-05 04:00:00,
2020-05-06 04:00:00,
2020-05-07 04:00:00,
2020-05-08 04:00:00,
2020-05-11 04:00:00,
2020-05-12 04:00:00,
2020-05-13 04:00:00,
2020-05-14 04:00:00,
2020-05-15 04:00:00,
2020-05-18 04:00:00,
2020-05-19 04:00:00,
2020-05-20 04:00:00,
2020-05-21 04:00:00,
2020-05-22 04:00:00,
2020-05-26 04:00:00,
2020-05-27 04:00:00,
2020-05-28 04:00:00,
2020-05-29 04:00:00,
2020-06-01 04:00:00,
2020-06-02 04:00:00,
2020-06-03 04:00:00,
2020-06-04 04:00:00,
2020-06-05 04:00:00,
2020-06-08 04:00:00,
2020-06-09 04:00:00,
2020-06-10 04:00:00,
2020-06-11 04:00:00,
2020-06-12 04:00:00,
2020-06-15 04:00:00,
2020-06-16 04:00:00,
2020-06-17 04:00:00,
2020-06-18 04:00:00,
2020-06-19 04:00:00,
2020-06-22 04:00:00,
2020-06-23 04:00:00,
2020-06-24 04:00:00,
2020-06-25 04:00:00,
2020-06-26 04:00:00,
2020-06-29 04:00:00,
2020-06-30 04:00:00,
2020-07-01 04:00:00,
2020-07-02 04:00:00,
2020-07-06 04:00:00,
2020-07-07 04:00:00,
2020-07-08 04:00:00,
2020-07-09 04:00:00,
2020-07-10 04:00:00,
2020-07-13 04:00:00,
2020-07-14 04:00:00,
2020-07-15 04:00:00,
2020-07-16 04:00:00,
2020-07-17 04:00:00,
2020-07-20 04:00:00,
2020-07-21 04:00:00,
2020-07-22 04:00:00,
2020-07-23 04:00:00,
2020-07-24 04:00:00,
2020-07-27 04:00:00,
2020-07-28 04:00:00,
2020-07-29 04:00:00,
2020-07-30 04:00:00,
2020-07-31 04:00:00,
2020-08-03 04:00:00,
2020-08-04 04:00:00,
2020-08-05 04:00:00,
2020-08-06 04:00:00,
2020-08-07 04:00:00,
2020-08-10 04:00:00,
2020-08-11 04:00:00,
2020-08-12 04:00:00,
2020-08-13 04:00:00,
2020-08-14 04:00:00,
2020-08-17 04:00:00,
2020-08-18 04:00:00,
2020-08-19 04:00:00,
2020-08-20 04:00:00,
2020-08-21 04:00:00,
2020-08-24 04:00:00,
2020-08-25 04:00:00,
2020-08-26 04:00:00,
2020-08-27 04:00:00,
2020-08-28 04:00:00,
2020-08-31 04:00:00,
2020-09-01 04:00:00,
2020-09-02 04:00:00,
2020-09-03 04:00:00,
2020-09-04 04:00:00,
2020-09-08 04:00:00,
2020-09-09 04:00:00,
2020-09-10 04:00:00,
2020-09-11 04:00:00,
2020-09-14 04:00:00,
2020-09-15 04:00:00,
2020-09-16 04:00:00,
2020-09-17 04:00:00,
2020-09-18 04:00:00,
2020-09-21 04:00:00,
2020-09-22 04:00:00,
2020-09-23 04:00:00,
2020-09-24 04:00:00,
2020-09-25 04:00:00,
2020-09-28 04:00:00,
2020-09-29 04:00:00,
2020-09-30 04:00:00,
2020-10-01 04:00:00,
2020-10-02 04:00:00,
2020-10-05 04:00:00,
2020-10-06 04:00:00,
2020-10-07 04:00:00,
2020-10-08 04:00:00,
2020-10-09 04:00:00,
2020-10-12 04:00:00,
2020-10-13 04:00:00,
2020-10-14 04:00:00,
2020-10-15 04:00:00,
2020-10-16 04:00:00,
2020-10-19 04:00:00,
2020-10-20 04:00:00,
2020-10-21 04:00:00,
2020-10-22 04:00:00,
2020-10-23 04:00:00,
2020-10-26 04:00:00,
2020-10-27 04:00:00,
2020-10-28 04:00:00,
2020-10-29 04:00:00,
2020-10-30 04:00:00,
2020-11-02 05:00:00,
2020-11-03 05:00:00,
2020-11-04 05:00:00,
2020-11-05 05:00:00,
2020-11-06 05:00:00,
2020-11-09 05:00:00,
2020-11-10 05:00:00,
2020-11-11 05:00:00,
2020-11-12 05:00:00,
2020-11-13 05:00:00,
2020-11-16 05:00:00,
2020-11-17 05:00:00,
2020-11-18 05:00:00,
2020-11-19 05:00:00,
2020-11-20 05:00:00,
2020-11-23 05:00:00,
2020-11-24 05:00:00,
2020-11-25 05:00:00,
2020-11-27 05:00:00,
2020-11-30 05:00:00,
2020-12-01 05:00:00,
2020-12-02 05:00:00,
2020-12-03 05:00:00,
2020-12-04 05:00:00,
2020-12-07 05:00:00,
2020-12-08 05:00:00,
2020-12-09 05:00:00,
2020-12-10 05:00:00,
2020-12-11 05:00:00,
2020-12-14 05:00:00,
2020-12-15 05:00:00,
2020-12-16 05:00:00,
2020-12-17 05:00:00,
2020-12-18 05:00:00,
2020-12-21 05:00:00,
2020-12-22 05:00:00,
2020-12-23 05:00:00,
2020-12-24 05:00:00,
2020-12-28 05:00:00,
2020-12-29 05:00:00,
2020-12-30 05:00:00,
2020-12-31 05:00:00,
2021-01-04 05:00:00,
2021-01-05 05:00:00,
2021-01-06 05:00:00,
2021-01-07 05:00:00,
2021-01-08 05:00:00,
2021-01-11 05:00:00,
2021-01-12 05:00:00,
2021-01-13 05:00:00,
2021-01-14 05:00:00,
2021-01-15 05:00:00,
2021-01-19 05:00:00,
2021-01-20 05:00:00,
2021-01-21 05:00:00,
2021-01-22 05:00:00,
2021-01-25 05:00:00,
2021-01-26 05:00:00,
2021-01-27 05:00:00,
2021-01-28 05:00:00,
2021-01-29 05:00:00,
2021-02-01 05:00:00,
2021-02-02 05:00:00,
2021-02-03 05:00:00,
2021-02-04 05:00:00,
2021-02-05 05:00:00,
2021-02-08 05:00:00,
2021-02-09 05:00:00,
2021-02-10 05:00:00,
2021-02-11 05:00:00,
2021-02-12 05:00:00,
2021-02-16 05:00:00,
2021-02-17 05:00:00,
2021-02-18 05:00:00,
2021-02-19 05:00:00,
2021-02-22 05:00:00,
2021-02-23 05:00:00,
2021-02-24 05:00:00,
2021-02-25 05:00:00,
2021-02-26 05:00:00,
2021-03-01 05:00:00,
2021-03-02 05:00:00,
2021-03-03 05:00:00,
2021-03-04 05:00:00,
2021-03-05 05:00:00,
2021-03-08 05:00:00,
2021-03-09 05:00:00,
2021-03-10 05:00:00,
2021-03-11 05:00:00,
2021-03-12 05:00:00,
2021-03-15 04:00:00,
2021-03-16 04:00:00,
2021-03-17 04:00:00,
2021-03-18 04:00:00,
2021-03-19 04:00:00,
2021-03-22 04:00:00,
2021-03-23 04:00:00,
2021-03-24 04:00:00,
2021-03-25 04:00:00,
2021-03-26 04:00:00,
2021-03-29 04:00:00,
2021-03-30 04:00:00,
2021-03-31 04:00:00,
2021-04-01 04:00:00,
2021-04-05 04:00:00,
2021-04-06 04:00:00,
2021-04-07 04:00:00,
2021-04-08 04:00:00,0.0018083030550509664
2021-04-09 04:00:00,-0.0006864750194578938
2021-04-12 04:00:00,-0.00039353006897902893
2021-04-13 04:00:00,0.0017625290375973444
2021-04-14 04:00:00,-7.973653942145126e-05
2021-04-15 04:00:00,0.00332861012939351
2021-04-16 04:00:00,-0.001616112409259308
2021-04-19 04:00:00,-0.000643292570691466
2021-04-20 04:00:00,0.00016472169565402036
2021-04-21 04:00:00,0.001005281155490127
2021-04-22 04:00:00,0.0002776206889807954
2021-04-23 04:00:00,0.000675223049114646
2021-04-26 04:00:00,-5.187135845947393e-05
2021-04-27 04:00:00,-0.0013868225909803985
2021-04-28 04:00:00,0.0006882117343419468
2021-04-29 04:00:00,-0.0005341516454626449
2021-04-30 04:00:00,0.00011850677694658467
2021-05-03 04:00:00,0.00042370019323575747
2021-05-04 04:00:00,0.00017628842314979
2021-05-05 04:00:00,0.000642407246730971
2021-05-06 04:00:00,0.0007295934078318282
2021-05-07 04:00:00,0.0007925005061585648
2021-05-10 04:00:00,-0.0013741006747796864
2021-05-11 04:00:00,-0.0011539952807997288
2021-05-12 04:00:00,-0.0032546505047368534
2021-05-13 04:00:00,0.00129847969042159
2021-05-14 04:00:00,0.0020328282414362126
2021-05-17 04:00:00,-0.00020118179574286557
2021-05-18 04:00:00,-0.00046889587274449694
2021-05-19 04:00:00,-0.0014720205933402614
2021-05-20 04:00:00,0.0023532060123861156
2021-05-21 04:00:00,0.00028503362818189124
2021-05-24 04:00:00,0.0012557587995068963
2021-05-25 04:00:00,0.001387778874193583
2021-05-26 04:00:00,0.00011640969449364989
2021-05-27 04:00:00,-0.0005358385460359684
2021-05-28 04:00:00,0.0004717477351346797
2021-06-01 04:00:00,0.0004096376311644395
2021-06-02 04:00:00,0.0008540550960364356
2021-06-03 04:00:00,-0.0015395005659029923
2021-06-04 04:00:00,0.0025231262654425075
2021-06-07 04:00:00,-5.1749306449892584e-05
2021-06-08 04:00:00,0.001264084062819478
2021-06-09 04:00:00,0.0013339260125886472
2021-06-10 04:00:00,0.0016031161576229172
2021-06-11 04:00:00,-0.00017459249342868582
2021-06-14 04:00:00,-0.001193501834116651
2021-06-15 04:00:00,4.13625476884069e-05
2021-06-16 04:00:00,-0.002553223129480192
2021-06-17 04:00:00,0.0013901267875223728
2021-06-18 04:00:00,0.0008867470139459815
2021-06-21 04:00:00,-0.0009022044829912106
2021-06-22 04:00:00,0.0008277475145052652
2021-06-23 04:00:00,-0.00044071472106213506
2021-06-24 04:00:00,0.0007589856998339136
2021-06-25 04:00:00,-0.0007601510574173523
2021-06-28 04:00:00,0.001467731159813419
2021-06-29 04:00:00,0.00024460691004849644
2021-06-30 04:00:00,0.0006354046823659465
2021-07-01 04:00:00,-0.00025364619331408274
2021-07-02 04:00:00,0.0015335004560918606
2021-07-06 04:00:00,0.0012844273633958855
2021-07-07 04:00:00,0.0009036771750133023
2021-07-08 04:00:00,0.00027792633824543406
2021-07-09 04:00:00,-0.0008553799143546652
2021-07-12 04:00:00,-8.4869303591613e-05
2021-07-13 04:00:00,-0.0015008730918557363
2021-07-14 04:00:00,0.0017376133311359145
2021-07-15 04:00:00,0.000729705013223239
2021-07-16 04:00:00,-0.0005366932261807766
2021-07-19 04:00:00,0.0011188708346127375
2021-07-20 04:00:00,0.0004516820514037242
2021-07-21 04:00:00,-0.0009900804319805036
2021-07-22 04:00:00,0.0013348740303935505
2021-07-23 04:00:00,0.00013809514144147152
2021-07-26 04:00:00,-0.0002699622240424856
2021-07-27 04:00:00,0.000647557593031805
2021-07-28 04:00:00,0.0008052293397540357
2021-07-29 04:00:00,-0.00020831286338652871
2021-07-30 04:00:00,0.00016151384469096665
2021-08-02 04:00:00,0.0009473150417535189
2021-08-03 04:00:00,0.000500640517292307
2021-08-04 04:00:00,-0.0003928083768993491
2021-08-05 04:00:00,-0.0008666995771682283
2021-08-06 04:00:00,-0.002607580394757462
2021-08-09 04:00:00,-0.001203113934679324
2021-08-10 04:00:00,-0.0008931496879630651
2021-08-11 04:00:00,0.0006351710187748052
2021-08-12 04:00:00,1.893905035509944e-05
2021-08-13 04:00:00,0.0020478448202525604
2021-08-16 04:00:00,0.0002992024913033246
2021-08-17 04:00:00,-0.0008331329679134871
2021-08-18 04:00:00,-0.0005298058965805678
2021-08-19 04:00:00,0.0003254126558706369
2021-08-20 04:00:00,0.00023481764157565717
2021-08-23 04:00:00,0.0009842438567115677
2021-08-24 04:00:00,-0.00019827162954137495
2021-08-25 04:00:00,-0.0006066702087116879
2021-08-26 04:00:00,-0.000343666118052571
2021-08-27 04:00:00,0.0025465221906037735
2021-08-30 04:00:00,0.0007671104594301689
2021-08-31 04:00:00,-0.0004879635088032204
2021-09-01 04:00:00,0.0005521905317466979
2021-09-02 04:00:00,0.0006940381306272393
2021-09-03 04:00:00,-0.0007635480570185899
2021-09-07 04:00:00,-0.0021048875375776865
2021-09-08 04:00:00,0.0011556051871382618
2021-09-09 04:00:00,0.0015872064371974825
2021-09-10 04:00:00,-0.0010835812815477345
2021-09-13 04:00:00,0.0007782744366202007
2021-09-14 04:00:00,0.0009369780050213224
2021-09-15 04:00:00,7.08564310833177e-07
2021-09-16 04:00:00,-0.0010181376319724107
2021-09-17 04:00:00,-0.0011616038443755209
2021-09-20 04:00:00,8.613923594419322e-05
2021-09-21 04:00:00,7.241633254125123e-05
2021-09-22 04:00:00,0.000712229128945942
2021-09-23 04:00:00,-0.002219671924870104
2021-09-24 04:00:00,-0.0014367974013255944
2021-09-27 04:00:00,-0.0007545326505403417
2021-09-28 04:00:00,-0.003677171339163193
2021-09-29 04:00:00,2.453301308966812e-05
2021-09-30 04:00:00,-0.0004059306231043638
2021-10-01 04:00:00,0.002134220493395432
2021-10-04 04:00:00,-0.0012715377331517196
2021-10-05 04:00:00,-0.0009883950568067884
2021-10-06 04:00:00,-0.0002971317049025572
2021-10-07 04:00:00,-0.0009935004237013106
2021-10-08 04:00:00,-0.0016079106692341609
2021-10-11 04:00:00,-0.0014843202152231545
2021-10-12 04:00:00,0.0019398513673937402
2021-10-13 04:00:00,0.0018777893379494986
2021-10-14 04:00:00,0.0020672063752767878
2021-10-15 04:00:00,-0.0011121675362322464
2021-10-18 04:00:00,-0.0005518017822813857
2021-10-19 04:00:00,-0.0009822301313659567
2021-10-20 04:00:00,-0.0001273210785236443
2021-10-21 04:00:00,-0.001587180805994869
2021-10-22 04:00:00,0.0006886939437396982
2021-10-25 04:00:00,0.0005855396661156472
2021-10-26 04:00:00,0.0008424948698777769
2021-10-27 04:00:00,0.0019379334958874186
2021-10-28 04:00:00,-0.0005655174731457872
2021-10-29 04:00:00,-0.0004160027886724064
2021-11-01 04:00:00,-0.0007510412153686973
2021-11-02 04:00:00,0.0012798775005489998
2021-11-03 04:00:00,-0.00025139244208397904
2021-11-04 04:00:00,0.002141092994204699
2021-11-05 04:00:00,0.00306563435232756
2021-11-08 05:00:00,-0.0007696928701746755
2021-11-09 05:00:00,0.001704597374782563
2021-11-10 05:00:00,-0.004470409104978466
2021-11-11 05:00:00,-0.0006281779379890748
2021-11-12 05:00:00,0.00010851223136099227
2021-11-15 05:00:00,-0.0019805405620772444
2021-11-16 05:00:00,-0.0006567702467647463
2021-11-17 05:00:00,0.0007101002618705269
2021-11-18 05:00:00,0.000335686109161652
2021-11-19 05:00:00,0.00045889884032674743
2021-11-22 05:00:00,-0.003554710714379492
2021-11-23 05:00:00,-0.0023750947111013518
2021-11-24 05:00:00,0.000935124833276258
2021-11-26 05:00:00,0.0015961855928086116
2021-11-29 05:00:00,0.0008276674193084181
2021-11-30 05:00:00,0.0005199400294764863
2021-12-01 05:00:00,-0.00015213656352598963
2021-12-02 05:00:00,0.000974925585146613
2021-12-03 05:00:00,0.0016819683944412512
2021-12-06 05:00:00,-0.0010387142872947375
2021-12-07 05:00:00,0.0009610931021772412
2021-12-08 05:00:00,-0.0010359491123761776
2021-12-09 05:00:00,-0.0006956338619973929
2021-12-10 05:00:00,0.0004639630267310452
2021-12-13 05:00:00,0.00132048391711461
2021-12-14 05:00:00,-0.0014773310240337463
2021-12-15 05:00:00,0.00024057911413364567
2021-12-16 05:00:00,0.0003942129723224823
2021-12-17 05:00:00,0.000424059029078257
2021-12-20 05:00:00,-0.0010613402141172838
2021-12-21 05:00:00,0.0005574301485352132
2021-12-22 05:00:00,0.0014302946619044004
2021-12-23 05:00:00,1.905772790229213e-05
2021-12-27 05:00:00,0.0007495410807438839
2021-12-28 05:00:00,-0.00034083209648817894
2021-12-29 05:00:00,-0.0015203863348660226
2021-12-30 05:00:00,0.0012319099253005645
2021-12-31 05:00:00,4.9239461355732494e-05
2022-01-03 05:00:00,-0.0035512209402856366
2022-01-04 05:00:00,-0.0007550169688660002
2022-01-05 05:00:00,-0.0032433779337084235
2022-01-06 05:00:00,-0.0010485701083293468
2022-01-07 05:00:00,-0.0014991954139794168
2022-01-10 05:00:00,-0.0009328161786221472
2022-01-11 05:00:00,0.001731150144202601
2022-01-12 05:00:00,0.00013627897429862007
2022-01-13 05:00:00,3.0073421336460264e-07
2022-01-14 05:00:00,-0.0029426618490403294
2022-01-18 05:00:00,-0.004701837343571485
2022-01-19 05:00:00,0.0009265869330042636
2022-01-20 05:00:00,-0.0002816717146419924
2022-01-21 05:00:00,0.0013636213175008064
2022-01-24 05:00:00,-0.0010222224937467285
2022-01-25 05:00:00,-0.0014923585945618087
2022-01-26 05:00:00,-0.003430506645347649
2022-01-27 05:00:00,-1.2597556721698677e-06
2022-01-28 05:00:00,0.0002911010818326776
2022-01-31 05:00:00,0.0005725196155310656
2022-02-01 05:00:00,0.000988032649567207
2022-02-02 05:00:00,0.0011634801883938421
2022-02-03 05:00:00,-0.003265715853459942
2022-02-04 05:00:00,-0.003911572299420326
2022-02-07 05:00:00,0.00014470336090897584
2022-02-08 05:00:00,-0.0014313813683419726
2022-02-09 05:00:00,0.0014263397018330775
2022-02-10 05:00:00,-0.006477939167358516
2022-02-11 05:00:00,0.001013228706052498
2022-02-14 05:00:00,-0.002955261287209017
2022-02-15 05:00:00,-0.0006654777887760498
2022-02-16 05:00:00,0.0013267459979776912
2022-02-17 05:00:00,0.00015587992528215844
2022-02-18 05:00:00,0.0007293749491726485
2022-02-22 05:00:00,-0.0013856210929058972
2022-02-23 05:00:00,-0.0026072280938615865
2022-02-24 05:00:00,0.0003746531263488486
2022-02-25 05:00:00,0.002057216656873414
2022-02-28 05:00:00,0.0030496708142317037
2022-03-01 05:00:00,0.001569964793171686
2022-03-02 05:00:00,-0.004843275578387232
2022-03-03 05:00:00,-4.224233802214857e-05
2022-03-04 05:00:00,-0.0003357727156170914
2022-03-07 05:00:00,-0.004997024377011248
2022-03-08 05:00:00,-0.0025040871620337695
2022-03-09 05:00:00,0.0003800073242868977
2022-03-10 05:00:00,-0.0040317722251842335
2022-03-11 05:00:00,-0.001873697980433293
2022-03-14 04:00:00,-0.006986982202663613
2022-03-15 04:00:00,0.0013172272021711872
2022-03-16 04:00:00,0.00348789613223259
2022-03-17 04:00:00,0.0032583756506616487
2022-03-18 04:00:00,0.00156616451680566
2022-03-21 04:00:00,-0.006242124590081742
2022-03-22 04:00:00,-0.0011375059104274231
2022-03-23 04:00:00,0.0013695303386390223
2022-03-24 04:00:00,-0.0009308957723630402
2022-03-25 04:00:00,-0.00423037491572296
2022-03-28 04:00:00,0.0014753370045991583
2022-03-29 04:00:00,0.0038266266785189802
2022-03-30 04:00:00,0.001195798798276703
2022-03-31 04:00:00,4.45567852119508e-05
2022-04-01 04:00:00,-0.000584365153385173
2022-04-04 04:00:00,0.0014889058240589704
2022-04-05 04:00:00,-0.006890762893362585
2022-04-06 04:00:00,-0.0030625118356050656
2022-04-07 04:00:00,-0.0017280468502275108
2022-04-08 04:00:00,-0.0032680613231612027
2022-04-11 04:00:00,-0.0040801905898769485
2022-04-12 04:00:00,0.0016812591186890213
2022-04-13 04:00:00,0.0017375849386332299
2022-04-14 04:00:00,-0.004746600392740416
2022-04-18 04:00:00,-0.0019406794261523125
2022-04-19 04:00:00,-0.0036512126645018156
2022-04-20 04:00:00,0.00343761796720198
2022-04-21 04:00:00,-0.003902907678950851
2022-04-22 04:00:00,-0.0022697781188623384
2022-04-25 04:00:00,0.0029962249747047683
2022-04-26 04:00:00,-1.7403142473022376e-05
2022-04-27 04:00:00,-0.002888334822559239
2022-04-28 04:00:00,0.0002373887684070416
2022-04-29 04:00:00,-0.004763790218124299
2022-05-02 04:00:00,-0.0034655735660373992
2022-05-03 04:00:00,0.0018688919868501221
2022-05-04 04:00:00,0.005077615158259722
2022-05-05 04:00:00,-0.008067055682532409
2022-05-06 04:00:00,-0.003693874446227614
2022-05-09 04:00:00,-0.0014986716503309848
2022-05-10 04:00:00,0.0011736418082050322
2022-05-11 04:00:00,0.0007644929460905721
2022-05-12 04:00:00,-0.00015659509171696013
2022-05-13 04:00:00,-0.0011893543170546788
2022-05-16 04:00:00,0.00048375178401927196
2022-05-17 04:00:00,-0.0020401000127225947
2022-05-18 04:00:00,-0.0007067118543472
2022-05-19 04:00:00,0.002465393830350245
2022-05-20 04:00:00,0.001963611210371895
2022-05-23 04:00:00,-0.00047118839627604013
2022-05-24 04:00:00,0.005201708491772317
2022-05-25 04:00:00,0.004853342110750494
2022-05-26 04:00:00,0.003186363812091231
2022-05-27 04:00:00,0.0033590122217825114
2022-05-31 04:00:00,-0.004076148675880203
2022-06-01 04:00:00,-0.0020893481070285947
2022-06-02 04:00:00,0.002052522022183781
2022-06-03 04:00:00,-0.0019933113097369655
2022-06-06 04:00:00,-0.0035995608447722967
2022-06-07 04:00:00,0.001835196012400086
2022-06-08 04:00:00,-0.0031842465089006846
2022-06-09 04:00:00,-0.0036261447321971254
2022-06-10 04:00:00,-0.007123520349891277
2022-06-13 04:00:00,-0.016346678288004454
2022-06-14 04:00:00,-0.0023652870304471055
2022-06-15 04:00:00,0.008693137317669427
2022-06-16 04:00:00,-0.0025986886067746314
2022-06-17 04:00:00,0.0011636606474965858
2022-06-21 04:00:00,-0.002519179624293559
2022-06-22 04:00:00,0.0037647604411468485
2022-06-23 04:00:00,0.0034004092930948458
2022-06-24 04:00:00,0.0011596978115595291
2022-06-27 04:00:00,-0.0033419876033761336
2022-06-28 04:00:00,-0.0021955829680047906
2022-06-29 04:00:00,0.0018212722878417622
2022-06-30 04:00:00,0.002128462607711877
2022-07-01 04:00:00,0.0058480096346804995
2022-07-05 04:00:00,4.564148196137515e-05
2022-07-06 04:00:00,-0.0033557524215253984
2022-07-07 04:00:00,0.0012263329140565966
2022-07-08 04:00:00,-0.0010140397755903593
2022-07-11 04:00:00,0.00043709511272207275
2022-07-12 04:00:00,0.0008192000230816855
2022-07-13 04:00:00,0.0011541980642070298
2022-07-14 04:00:00,-0.002338846327157658
2022-07-15 04:00:00,0.003776400778364304
2022-07-18 04:00:00,-0.0021622725197552846
2022-07-19 04:00:00,0.0021360661003608453
2022-07-20 04:00:00,0.0007788160386828234
2022-07-21 04:00:00,0.005535832691305986
2022-07-22 04:00:00,0.004122634019611886
2022-07-25 04:00:00,-0.0016184929213034788
2022-07-26 04:00:00,-0.00120759587275276
2022-07-27 04:00:00,0.004283788835518478
2022-07-28 04:00:00,0.005681818100675489
2022-07-29 04:00:00,0.0020068922263618517
2022-08-01 04:00:00,0.0019256861852563673
2022-08-02 04:00:00,-0.005474484799967393
2022-08-03 04:00:00,0.004157668683167082
2022-08-04 04:00:00,0.001930339911670493
2022-08-05 04:00:00,-0.005968380693661341
2022-08-08 04:00:00,0.0027265866871030936
2022-08-09 04:00:00,-0.002555876977142971
2022-08-10 04:00:00,0.004430853887499421
2022-08-11 04:00:00,-0.0031996976713700174
2022-08-12 04:00:00,0.0037967791160287583
2022-08-15 04:00:00,0.00027873448742089335
2022-08-16 04:00:00,-0.0017005819768124264
2022-08-17 04:00:00,-0.004951763315362553
2022-08-18 04:00:00,0.0006948350293572742
2022-08-19 04:00:00,-0.005547054243087947
2022-08-22 04:00:00,-0.004236128268404976
2022-08-23 04:00:00,0.0007903164527178194
2022-08-24 04:00:00,-0.0012909964238663218
2022-08-25 04:00:00,0.004063345759109271
2022-08-26 04:00:00,-0.00364211317128761
2022-08-29 04:00:00,-0.0032974180817971505
2022-08-30 04:00:00,-0.0010909792723910031
2022-08-31 04:00:00,-0.0034981666074733386
2022-09-01 04:00:00,-0.003249853975300185
2022-09-02 04:00:00,0.0016437121193877777
2022-09-06 04:00:00,-0.0054455701708036736
2022-09-07 04:00:00,0.005339920207840871
2022-09-08 04:00:00,-0.0009312170117011966
2022-09-09 04:00:00,0.0013717168087793202
2022-09-12 04:00:00,0.00012235459058854283
2022-09-13 04:00:00,-0.006570908504544386
2022-09-14 04:00:00,0.0005402818704755225
2022-09-15 04:00:00,-0.002430898019344684
2022-09-16 04:00:00,-0.0007759849630155254
2022-09-19 04:00:00,-0.0001691393971525248
2022-09-20 04:00:00,-0.0046101135391009955
2022-09-21 04:00:00,0.00021951319986094977
2022-09-22 04:00:00,-0.0060875438579493825
2022-09-23 04:00:00,-0.004643811060421448
2022-09-26 04:00:00,-0.009106099192524565
2022-09-27 04:00:00,-0.004355156564719864
2022-09-28 04:00:00,0.009624942084555221
2022-09-29 04:00:00,-0.004556670406644649
2022-09-30 04:00:00,-0.0020845967389786528
2022-10-03 04:00:00,0.007430311286475418
2022-10-04 04:00:00,0.006148498840639293
2022-10-05 04:00:00,-0.003738409122175615
2022-10-06 04:00:00,-0.001996228376520532
2022-10-07 04:00:00,-0.004554382577438987
2022-10-10 04:00:00,-0.0040262489232885355
2022-10-11 04:00:00,3.18085441656744e-05
2022-10-12 04:00:00,0.0003959762394865796
2022-10-13 04:00:00,-0.0013342417575664977
2022-10-14 04:00:00,-0.0033924977816710963
2022-10-17 04:00:00,0.003150327458530763
2022-10-18 04:00:00,0.0024052597482362853
2022-10-19 04:00:00,-0.005781667847307539
2022-10-20 04:00:00,-0.003817089464033956
2022-10-21 04:00:00,0.0014293319701960182
2022-10-24 04:00:00,-0.0009400795901700671
2022-10-25 04:00:00,0.0058424696327390325
2022-10-26 04:00:00,0.0023404171102791678
2022-10-27 04:00:00,0.003341574066047513
2022-10-28 04:00:00,0.0005384196667348057
2022-10-31 04:00:00,-0.004070688805222684
2022-11-01 04:00:00,0.002705796341096047
2022-11-02 04:00:00,-0.0019611544063847467
2022-11-03 04:00:00,-0.0033436720562087883
2022-11-04 04:00:00,0.0023001772735773084
2022-11-07 05:00:00,-0.001045533956793771
2022-11-08 05:00:00,0.0024663161084569067
2022-11-09 05:00:00,-0.001563224085425975
2022-11-10 05:00:00,0.017758341045695604
2022-11-11 05:00:00,0.0013173199927259233
2022-11-14 05:00:00,-0.0027179375907306243
2022-11-15 05:00:00,0.006119995947662832
2022-11-16 05:00:00,0.003160395750940739
2022-11-17 05:00:00,-0.002583003134195835
2022-11-18 05:00:00,-0.0005189207463325203
2022-11-21 05:00:00,-1.4881653294529336e-05
2022-11-22 05:00:00,0.004178887863964228
2022-11-23 05:00:00,0.004260507823750549
2022-11-25 05:00:00,0.00016134744149548822
2022-11-28 05:00:00,-0.0021025288694061276
2022-11-29 05:00:00,-0.0001967792196682266
2022-11-30 05:00:00,0.006665868174017471
2022-12-01 05:00:00,0.006294041625156002
2022-12-02 05:00:00,0.001699272224111885
2022-12-05 05:00:00,-0.004907445466088935
2022-12-06 05:00:00,0.0006441676464600279
2022-12-07 05:00:00,0.0047114858320985295
2022-12-08 05:00:00,-0.0009082074972742926
2022-12-09 05:00:00,-0.0028190269686829425
2022-12-12 05:00:00,9.299187621029097e-05
2022-12-13 05:00:00,0.005362573843960056
2022-12-14 05:00:00,0.00020624216756140565
2022-12-15 05:00:00,-0.0008875650505300029
2022-12-16 05:00:00,-0.00217346328097844
2022-12-19 05:00:00,-0.0037885091308469546
2022-12-20 05:00:00,-0.0032738374948165735
2022-12-21 05:00:00,0.0026684543048073493
2022-12-22 05:00:00,-0.0012021858656376433
2022-12-23 05:00:00,-0.0011251757622447506
2022-12-27 05:00:00,-0.005010677604341601
2022-12-28 05:00:00,-0.0027433907452155985
2022-12-29 05:00:00,0.004229254297711804
2022-12-30 05:00:00,-0.0018795305982030404
2023-01-03 05:00:00,0.0026498667494368492
2023-01-04 05:00:00,0.004772045699405078
2023-01-05 05:00:00,-0.0009006278048541566
2023-01-06 05:00:00,0.008341882314815615
2023-01-09 05:00:00,0.0023675959770484796
2023-01-10 05:00:00,-0.001481110167909526
2023-01-11 05:00:00,0.004225720700577777
2023-01-12 05:00:00,0.005662192726993549
2023-01-13 05:00:00,-0.0013078002223084282
2023-01-17 05:00:00,-0.0006013516019913094
2023-01-18 05:00:00,0.0050354576685167525
2023-01-19 05:00:00,-0.0010632209412045244
2023-01-20 05:00:00,-0.0014662554172282774
2023-01-23 05:00:00,-0.0009823683777430473
2023-01-24 05:00:00,0.0025330761895398547
2023-01-25 05:00:00,0.0006598727472030684
2023-01-26 05:00:00,4.147449499868997e-05
2023-01-27 05:00:00,-0.0011430890241772448
2023-01-30 05:00:00,-0.002454376678653932
2023-01-31 05:00:00,0.0033714962398237124
2023-02-01 05:00:00,0.005893450592196054
2023-02-02 05:00:00,0.0017540293846754684
2023-02-03 05:00:00,-0.006364355234406869
2023-02-06 05:00:00,-0.004622286768517764
2023-02-07 05:00:00,1.6474570511547623e-05
2023-02-08 05:00:00,0.00016768285464943667
2023-02-09 05:00:00,-0.0029527598534911277
2023-02-10 05:00:00,-0.003264371893165186
2023-02-13 05:00:00,0.0013848333090270134
2023-02-14 05:00:00,-0.0013791479073416318
2023-02-15 05:00:00,-0.001988416029467729
2023-02-16 05:00:00,-0.003641011658602829
2023-02-17 05:00:00,0.0007154662588246225
2023-02-21 05:00:00,-0.0070590356682086125
2023-02-22 05:00:00,0.0016383227299917112
2023-02-23 05:00:00,0.0035330644191449013
2023-02-24 05:00:00,-0.004137536289747798
2023-02-27 05:00:00,0.0018923126520408089
2023-02-28 05:00:00,-0.00010217472671700278
2023-03-01 05:00:00,-0.002625396679091619
2023-03-02 05:00:00,-0.0009185093058142369
2023-03-03 05:00:00,0.005673201210333094
2023-03-06 05:00:00,-0.0009026659484024898
2023-03-07 05:00:00,-0.0020925666811877773
2023-03-08 05:00:00,-0.0011376528441712662
2023-03-09 05:00:00,0.0005062082232392321
2023-03-10 05:00:00,0.005803974974669871
2023-03-13 04:00:00,0.0024876019866833655
2023-03-14 04:00:00,-0.0013876459399848997
2023-03-15 04:00:00,0.0031553053972725544
2023-03-16 04:00:00,-0.0011223623215326347
2023-03-17 04:00:00,0.0026569582384788205
2023-03-20 04:00:00,-0.0019568578951381557
2023-03-21 04:00:00,0.0006065299226808423
2023-03-22 04:00:00,0.004741736653609312
2023-03-23 04:00:00,0.0012407134274169907
2023-03-24 04:00:00,0.00032234422045662443
2023-03-27 04:00:00,-0.004522488023397404
2023-03-28 04:00:00,-0.0003349712991774928
2023-03-29 04:00:00,0.002195399021952778
2023-03-30 04:00:00,0.00227912070356789
2023-03-31 04:00:00,0.004658418133000703
2023-04-03 04:00:00,0.002226315325469487
2023-04-04 04:00:00,0.0012969659091853862
2023-04-05 04:00:00,0.0010902776118921142
2023-04-06 04:00:00,0.00033137373768358326
2023-04-10 04:00:00,-0.0031731436597477753
2023-04-11 04:00:00,0.0008883185052600915
2023-04-12 04:00:00,0.0009087726723215964
2023-04-13 04:00:00,0.0008816393664968434
2023-04-14 04:00:00,-0.002696207907785862
2023-04-17 04:00:00,-0.002819389577097768
2023-04-18 04:00:00,1.835063025330757e-05
2023-04-19 04:00:00,-0.002243146011577043
2023-04-20 04:00:00,0.001854327295467423
2023-04-21 04:00:00,-0.00010460260326251012
2023-04-24 04:00:00,0.002488133219489367
2023-04-25 04:00:00,0.0028040808606087115
2023-04-26 04:00:00,-0.002219672442200714
2023-04-27 04:00:00,-0.0013810729783215918
2023-04-28 04:00:00,0.003554512549600377
2023-05-01 04:00:00,-0.00607081230031512
2023-05-02 04:00:00,0.00457682914468313
2023-05-03 04:00:00,0.002043538734514823
2023-05-04 04:00:00,-0.0006429630382087334
2023-05-05 04:00:00,-0.0006316311105686923
2023-05-08 04:00:00,-0.002785397638074374
2023-05-09 04:00:00,-0.0006861907439186969
2023-05-10 04:00:00,0.0036432510598268463
2023-05-11 04:00:00,0.0008914297280909825
2023-05-12 04:00:00,-0.00296137506294925
2023-05-15 04:00:00,-0.001013654917051898
2023-05-16 04:00:00,-0.0024896784031898716
2023-05-17 04:00:00,-0.0004160750685582943
2023-05-18 04:00:00,-0.0027449180963202277
2023-05-19 04:00:00,-0.0015252977990787412
2023-05-22 04:00:00,0.00011859009854595307
2023-05-23 04:00:00,-0.0004745392085745288
2023-05-24 04:00:00,-0.0022387660771950027
2023-05-25 04:00:00,-0.0018685909788239653
2023-05-26 04:00:00,0.0018674136699675763
2023-05-30 04:00:00,0.004167393410602421
2023-05-31 04:00:00,0.0015735229147407347
2023-06-01 04:00:00,0.0027111573096959226
2023-06-02 04:00:00,-0.0014214094264027154
2023-06-05 04:00:00,0.00023118066457519963
2023-06-06 04:00:00,0.0009591905148072402
2023-06-07 04:00:00,-0.0034626388089939297
2023-06-08 04:00:00,0.00372390347104596
2023-06-09 04:00:00,-0.0009647804761090302
2023-06-12 04:00:00,0.0010386480790475507
2023-06-13 04:00:00,-0.0015756934434698429
2023-06-14 04:00:00,0.0011446072105594095
2023-06-15 04:00:00,0.0038980261111654546
2023-06-16 04:00:00,-0.0010916900144643147
2023-06-20 04:00:00,0.0008335167877733898
2023-06-21 04:00:00,6.725561387154209e-05
2023-06-22 04:00:00,-0.002561485306906792
2023-06-23 04:00:00,0.0009249129246797278
2023-06-26 04:00:00,0.0010934681644044037
2023-06-27 04:00:00,-0.0002736839049020755
2023-06-28 04:00:00,0.0020835083367964397
2023-06-29 04:00:00,-0.00395540548692605
2023-06-30 04:00:00,0.0029222673716096173
2023-07-03 04:00:00,-0.0008080694387611018
2023-07-05 04:00:00,-0.0025799583596598334
2023-07-06 04:00:00,-0.004858741180363939
2023-07-07 04:00:00,0.0003419462474413027
2023-07-10 04:00:00,0.002385154125313048
2023-07-11 04:00:00,0.0019104334368957232
2023-07-12 04:00:00,0.00570392306922763
2023-07-13 04:00:00,0.0046550634838957005
2023-07-14 04:00:00,-0.0033080389434251662
2023-07-17 04:00:00,0.0009190306397601809
2023-07-18 04:00:00,0.0014403925636125238
2023-07-19 04:00:00,0.0017061939507523548
2023-07-20 04:00:00,-0.003255625952280893
2023-07-21 04:00:00,0.0008396680143518639
2023-07-24 04:00:00,-0.0003866006371931628
2023-07-25 04:00:00,-0.0008554403484170262
2023-07-26 04:00:00,0.0021394824664340982
2023-07-27 04:00:00,-0.005289041898695579
2023-07-28 04:00:00,0.0029238240902340973
2023-07-31 04:00:00,0.0011223691596699743
2023-08-01 04:00:00,-0.003881483358321086
2023-08-02 04:00:00,-0.0028100833274735913
2023-08-03 04:00:00,-0.0042197935897493564
2023-08-04 04:00:00,0.005152747702904694
2023-08-07 04:00:00,-0.0005911862741229293
2023-08-08 04:00:00,0.001610272479483576
2023-08-09 04:00:00,0.0005616633940448986
2023-08-10 04:00:00,-0.0025526902475892393
2023-08-11 04:00:00,-0.0018888698211526637
2023-08-14 04:00:00,-0.0007090898230269181
2023-08-15 04:00:00,-0.0017686513005095647
2023-08-16 04:00:00,-0.00217262110639113
2023-08-17 04:00:00,-0.0016274711875636013
2023-08-18 04:00:00,0.0011278874257403032
2023-08-21 04:00:00,-0.0025728864299477162
2023-08-22 04:00:00,0.0005940114805397091
2023-08-23 04:00:00,0.006161092659551998
2023-08-24 04:00:00,-0.0022273872771705503
2023-08-25 04:00:00,0.00045669918817386166
2023-08-28 04:00:00,0.0014963946150087471
2023-08-29 04:00:00,0.004297698162387728
2023-08-30 04:00:00,-0.0001733284809595891
2023-08-31 04:00:00,0.001021309172215579
2023-09-01 04:00:00,-0.0020816533394437714
2023-09-05 04:00:00,-0.0036886778254374714
2023-09-06 04:00:00,-0.0011408100120457935
2023-09-07 04:00:00,0.0017878216921133159
2023-09-08 04:00:00,0.00035510380755369574
2023-09-11 04:00:00,-0.00012223998318953375
2023-09-12 04:00:00,-0.00012335353873947448
2023-09-13 04:00:00,0.0010837709924349042
2023-09-14 04:00:00,-0.0005218656805107036
2023-09-15 04:00:00,-0.0014620717425632176
2023-09-18 04:00:00,0.0005504288284980002
2023-09-19 04:00:00,-0.0016532935783486785
2023-09-20 04:00:00,-0.00042113292368733046
2023-09-21 04:00:00,-0.004906456853871963
2023-09-22 04:00:00,0.0017892717709434185
2023-09-25 04:00:00,-0.004306505653434765
2023-09-26 04:00:00,-0.002060273367769344
2023-09-27 04:00:00,-0.002270107998979339
2023-09-28 04:00:00,0.0014632020699460319
2023-09-29 04:00:00,-6.221698858890174e-05
2023-10-02 04:00:00,-0.004740979455189531
2023-10-03 04:00:00,-0.005789880122521263
2023-10-04 04:00:00,0.003648448470013415
2023-10-05 04:00:00,0.00029054290899559437
2023-10-06 04:00:00,-0.0017370806924700737
2023-10-09 04:00:00,0.006143100544467072
2023-10-10 04:00:00,0.000563848803720977
2023-10-11 04:00:00,0.0031493767671028185
2023-10-12 04:00:00,-0.004941568008970913
2023-10-13 04:00:00,0.0021421803191938515
2023-10-16 04:00:00,-0.0024978214986798503
2023-10-17 04:00:00,-0.004347259462810673
2023-10-18 04:00:00,-0.0034483897908908754
2023-10-19 04:00:00,-0.002790466808137714
2023-10-20 04:00:00,0.0017106525803423614
2023-10-23 04:00:00,0.002438164070456551
2023-10-24 04:00:00,0.0023845605513225657
2023-10-25 04:00:00,-0.004446743094348357
2023-10-26 04:00:00,0.0033432964769209974
2023-10-27 04:00:00,-7.9927340984874e-05
2023-10-30 04:00:00,-0.0008830490844208506
2023-10-31 04:00:00,0.00014219969825979314
2023-11-01 04:00:00,0.0064411182562703695
2023-11-02 04:00:00,0.006230615809773104
2023-11-03 04:00:00,0.005874714920989251
2023-11-06 05:00:00,-0.0030427308643389502
2023-11-07 05:00:00,0.003293322528043572
2023-11-08 05:00:00,0.0019898157353512827
2023-11-09 05:00:00,-0.0049287065973824895
2023-11-10 05:00:00,0.002027121558450646
2023-11-13 05:00:00,-9.914589407631009e-05
2023-11-14 05:00:00,0.009233814174370478
2023-11-15 05:00:00,-0.0028874126771867665
2023-11-16 05:00:00,0.00337139087253868
2023-11-17 05:00:00,0.0014693870809935746
2023-11-20 05:00:00,0.002043145230497399
2023-11-21 05:00:00,0.00043560230381584216
2023-11-22 05:00:00,0.001296234176428706
2023-11-24 05:00:00,-0.0017712204035350877
2023-11-27 05:00:00,0.0031652389900338855
2023-11-28 05:00:00,0.0028880601360943827
2023-11-29 05:00:00,0.004487499798385302
2023-11-30 05:00:00,-0.002118293577095172
2023-12-01 05:00:00,0.006173895373057068
2023-12-04 05:00:00,-0.0020967799560227176
2023-12-05 05:00:00,0.0032616929383098175
2023-12-06 05:00:00,0.0017564171322478701
2023-12-07 05:00:00,0.0005428443406731055
2023-12-08 05:00:00,-0.002375049979043201
2023-12-11 05:00:00,-0.00044339263364057927
2023-12-12 05:00:00,0.0017849207893513147
2023-12-13 05:00:00,0.009033115764597636
2023-12-14 05:00:00,0.006312651662006698
2023-12-15 05:00:00,-0.0006897640986965999
2023-12-18 05:00:00,-0.0009742716743506873
2023-12-19 05:00:00,0.0017462122435583521
2023-12-20 05:00:00,0.001588607683351984
2023-12-21 05:00:00,0.0008290854304041524
2023-12-22 05:00:00,-0.0003499350762769765
2023-12-26 05:00:00,0.0008964737020065807
2023-12-27 05:00:00,0.004134894609649546
2023-12-28 05:00:00,-0.001712144051025035
2023-12-29 05:00:00,-0.0011535413543249746
2024-01-02 05:00:00,-0.003287476365907554
2024-01-03 05:00:00,-0.0004767121525130372
2024-01-04 05:00:00,-0.002662968289307413
2024-01-05 05:00:00,-0.0011536332433415932
2024-01-08 05:00:00,0.0029681334430919034
2024-01-09 05:00:00,6.475261547767171e-05
2024-01-10 05:00:00,-6.637525706779536e-05
2024-01-11 05:00:00,0.0030208645014631044
2024-01-12 05:00:00,0.0014360352781965903
2024-01-16 05:00:00,-0.004723561409064864
2024-01-17 05:00:00,-0.0023495885902079855
2024-01-18 05:00:00,-0.0004627619667678594
2024-01-19 05:00:00,0.00031894215613621703
2024-01-22 05:00:00,0.0013492378990184256
2024-01-23 05:00:00,-0.0014032837947838825
2024-01-24 05:00:00,-0.0009262336446887404
2024-01-25 05:00:00,0.003309824526096244
2024-01-26 05:00:00,-0.0005537172591134252
2024-01-29 05:00:00,0.0026197518880073127
2024-01-30 05:00:00,0.0008312764304204442
2024-01-31 05:00:00,0.001883014676404783
2024-02-01 05:00:00,0.004257988398000055
2024-02-02 05:00:00,-0.005289744504988597
2024-02-05 05:00:00,-0.004872561170245279
2024-02-06 05:00:00,0.0032277612416442393
2024-02-07 05:00:00,-0.0005966165831616348
2024-02-08 05:00:00,-0.0011849713054509234
2024-02-09 05:00:00,7.146453611133842e-05
2024-02-12 05:00:00,0.0004080524695260667
2024-02-13 05:00:00,-0.005923848909522411
2024-02-14 05:00:00,0.0028759369652232455
2024-02-15 05:00:00,0.002353493004117119
2024-02-16 05:00:00,-0.0019101867873607273
2024-02-20 05:00:00,0.0011455474437804271
2024-02-21 05:00:00,-0.0013616319975067858
2024-02-22 05:00:00,0.0009479219853897366
2024-02-23 05:00:00,0.0020294993011834945
2024-02-26 05:00:00,-0.001175621672544516
2024-02-27 05:00:00,-0.0006466540637609258
2024-02-28 05:00:00,0.0010537391452592815
2024-02-29 05:00:00,0.0011146881514657134
2024-03-01 05:00:00,0.00297347793965543
2024-03-04 05:00:00,-0.0008701364371548743
2024-03-05 05:00:00,0.0022592625126976076
2024-03-06 05:00:00,0.0012287908685301827
2024-03-07 05:00:00,0.0015178599444094902
2024-03-08 05:00:00,0.0006253043514764967
2024-03-11 04:00:00,-0.000310155104955747
2024-03-12 04:00:00,-0.001139771146333522
2024-03-13 04:00:00,-0.00021764552664565987
2024-03-14 04:00:00,-0.0037932230839598613
2024-03-15 04:00:00,-0.0003791969178602167
2024-03-18 04:00:00,-0.0003015163218418435
2024-03-19 04:00:00,0.0016678450333673153
2024-03-20 04:00:00,0.0019477909333738706
2024-03-21 04:00:00,0.0002544113047937189
2024-03-22 04:00:00,0.001390465592217461
2024-03-25 04:00:00,-0.0010921188192108506
2024-03-26 04:00:00,-4.635795650787044e-05
2024-03-27 04:00:00,0.0024816243287908886
2024-03-28 04:00:00,-0.000625838729946246
2024-04-01 04:00:00,-0.004174053677433195
2024-04-02 04:00:00,-0.0008742278717659615
2024-04-03 04:00:00,0.0004121093456129992
2024-04-04 04:00:00,0.0009592939377972001
2024-04-05 04:00:00,-0.0021758040089048607
2024-04-08 04:00:00,8.360950579863803e-05
2024-04-09 04:00:00,0.0023132471691719022
2024-04-10 04:00:00,-0.007685295033043769
2024-04-11 04:00:00,-0.00040807345997988394
2024-04-12 04:00:00,0.0009992902150967019
2024-04-15 04:00:00,-0.004334679798347718
2024-04-16 04:00:00,-0.0021744520245526337
2024-04-17 04:00:00,0.0025842536414381386
2024-04-18 04:00:00,-0.0010887272206192428
2024-04-19 04:00:00,0.0006587507360869348
2024-04-22 04:00:00,0.001444774175829347
2024-04-23 04:00:00,0.001700318774106043
2024-04-24 04:00:00,-0.0016939003493272758
2024-04-25 04:00:00,-0.00182055530723081
2024-04-26 04:00:00,0.0017332553344142593
2024-04-29 04:00:00,0.002149280267436558
2024-04-30 04:00:00,-0.0031492125442810063
2024-05-01 04:00:00,0.002456310415122173
2024-05-02 04:00:00,0.0033578620121556477
2024-05-03 04:00:00,0.0038823226079771453
2024-05-06 04:00:00,0.0011071067962648347
2024-05-07 04:00:00,0.001158122021334353
2024-05-08 04:00:00,-0.001088852348435416
2024-05-09 04:00:00,0.001113253176247977
2024-05-10 04:00:00,-0.001474625758617387
2024-05-13 04:00:00,0.0004553365350020771
2024-05-14 04:00:00,0.0015146388795057495
2024-05-15 04:00:00,0.00464645318343634
2024-05-16 04:00:00,-0.0010936590889856536
2024-05-17 04:00:00,-0.001122479857270901
2024-05-20 04:00:00,-0.0003996614346713899
2024-05-21 04:00:00,0.000718017003785276
2024-05-22 04:00:00,-0.001401988119310804
2024-05-23 04:00:00,-0.0024274353743601812
2024-05-24 04:00:00,0.0013265971402608523
2024-05-28 04:00:00,-0.0023969028392782756
2024-05-29 04:00:00,-0.002825349188940317
2024-05-30 04:00:00,0.002290531491079428
2024-05-31 04:00:00,0.002630078483147567
2024-06-03 04:00:00,0.0031565810835174927
2024-06-04 04:00:00,0.002074971057429968
2024-06-05 04:00:00,0.0022092370739150028
2024-06-06 04:00:00,0.00018161237358353864
2024-06-07 04:00:00,-0.00462858643882244
2024-06-10 04:00:00,-0.0005550611520784836
2024-06-11 04:00:00,0.0019022916157486966
2024-06-12 04:00:00,0.0032301204335295226
2024-06-13 04:00:00,0.002353726694963023
2024-06-14 04:00:00,-0.00010981440003675801
2024-06-17 04:00:00,-0.0014799582353206104
2024-06-18 04:00:00,0.0026560049738903737
2024-06-20 04:00:00,-0.0014133248545789836
2024-06-21 04:00:00,0.0004178351536751246
2024-06-24 04:00:00,0.0003438258587330038
2024-06-25 04:00:00,0.00029184754167620663
2024-06-26 04:00:00,-0.0025778397155762417
2024-06-27 04:00:00,0.0010299630234068906
2024-06-28 04:00:00,-0.002341861423384012
2024-07-01 04:00:00,-0.002603786000044144
2024-07-02 04:00:00,0.0021935817720392043
2024-07-03 04:00:00,0.0035483574402851072
2024-07-05 04:00:00,0.0032935652746509344
2024-07-08 04:00:00,-8.312640613469008e-06
2024-07-09 04:00:00,-0.000657279351885839
2024-07-10 04:00:00,0.001282132377517938
2024-07-11 04:00:00,0.0033657118467638925
2024-07-12 04:00:00,0.001967967938132994
2024-07-15 04:00:00,-0.0014933775782626456
2024-07-16 04:00:00,0.002614763228779856
2024-07-17 04:00:00,-8.924775665134688e-05
2024-07-18 04:00:00,-0.0018766881744851098
2024-07-19 04:00:00,-0.0014033833235691554
2024-07-22 04:00:00,0.0005214267614302454
2024-07-23 04:00:00,8.538376128537227e-05
2024-07-24 04:00:00,-0.0022293417755241754
2024-07-25 04:00:00,0.0010867199571481007
2024-07-26 04:00:00,0.0025554273954035154
2024-07-29 04:00:00,0.0007369037772627801
2024-07-30 04:00:00,0.000558075174457691
2024-07-31 04:00:00,0.003484487209006611
2024-08-01 04:00:00,0.0015155747724313608
2024-08-02 04:00:00,0.005151244903120966
2024-08-05 04:00:00,-0.002013081341208582
2024-08-06 04:00:00,-0.001766650259082154
2024-08-07 04:00:00,-0.0017327074865852079
2024-08-08 04:00:00,0.0003248414074112944
2024-08-09 04:00:00,0.0020630613028900426
2024-08-12 04:00:00,0.0009538330108933952
2024-08-13 04:00:00,0.0031245582742795344
2024-08-14 04:00:00,0.0014549139613164379
2024-08-15 04:00:00,-0.0018178475798194258
2024-08-16 04:00:00,0.0017681568981098247
2024-08-19 04:00:00,0.0011949698906186179
2024-08-20 04:00:00,0.0017087986927983045
2024-08-21 04:00:00,0.0014275623249547344
2024-08-22 04:00:00,-0.0025223451659518673
2024-08-23 04:00:00,0.0038921162306243514
2024-08-26 04:00:00,-0.0005178983045351966
2024-08-27 04:00:00,-4.52663574276889e-05
2024-08-28 04:00:00,-0.0007163227402315717
2024-08-29 04:00:00,-0.0003881937799807174
2024-08-30 04:00:00,-0.0008848923536593314
2024-09-03 04:00:00,0.0011268873717115368
2024-09-04 04:00:00,0.002864438599236945
2024-09-05 04:00:00,0.0019385372161858218
2024-09-06 04:00:00,0.0001903219162720475
2024-09-09 04:00:00,0.001094177312659717
2024-09-10 04:00:00,0.0012931721712810906
2024-09-11 04:00:00,0.0003864745359554938
2024-09-12 04:00:00,0.00011277683675093734
2024-09-13 04:00:00,0.0019528377702036292
2024-09-16 04:00:00,0.002145343090481676
2024-09-17 04:00:00,-0.0003340961992753706
2024-09-18 04:00:00,-0.0013573270982457806
2024-09-19 04:00:00,0.001026802017370041
2024-09-20 04:00:00,0.00010266453013363151
2024-09-23 04:00:00,-0.0004181061166671243
2024-09-24 04:00:00,0.0010439424007621834
2024-09-25 04:00:00,-0.002072851453024207
2024-09-26 04:00:00,0.00037699861021870643
2024-09-27 04:00:00,0.0020374382617832664
2024-09-30 04:00:00,-0.0008695107453646604
2024-10-01 04:00:00,0.0013493971263124835
2024-10-02 04:00:00,-0.0008746730412222925
2024-10-03 04:00:00,-0.0022991934297278364
2024-10-04 04:00:00,-0.0036436276469196385
2024-10-07 04:00:00,-0.0023718263831127803
2024-10-08 04:00:00,0.0008549043840114182
2024-10-09 04:00:00,-0.001228368471253969
2024-10-10 04:00:00,2.0438990976756434e-05
2024-10-11 04:00:00,0.0007229788668008545
2024-10-14 04:00:00,-0.00047139877656517885
2024-10-15 04:00:00,0.0018167865825802212
2024-10-16 04:00:00,0.001192358544687357
2024-10-17 04:00:00,-0.0023848250262527965
2024-10-18 04:00:00,0.0007216455557280949
2024-10-21 04:00:00,-0.004296843122876675
2024-10-22 04:00:00,-0.0006152209569739399
2024-10-23 04:00:00,-0.0027098141264948164
2024-10-24 04:00:00,0.0015849073850608634
2024-10-25 04:00:00,-0.0006972400576617315
2024-10-28 04:00:00,-0.00017883353394166504
2024-10-29 04:00:00,0.00022821683765973674
2024-10-30 04:00:00,-0.00038052027450174834
2024-10-31 04:00:00,-0.0009484854037977575
2024-11-01 04:00:00,-0.0019976236342998163
2024-11-04 05:00:00,0.0028923351339534054
2024-11-05 05:00:00,0.0017602966330362226
2024-11-06 05:00:00,-0.004344471277446348
2024-11-07 05:00:00,0.005043081053183567
2024-11-08 05:00:00,0.0020393647979040233
2024-11-11 05:00:00,-0.0010471219089372096
2024-11-12 05:00:00,-0.003684861214151065
2024-11-13 05:00:00,-0.0003641105238888952
2024-11-14 05:00:00,-0.0005318186299215356
2024-11-15 05:00:00,5.1574519974281634e-05
2024-11-18 05:00:00,0.00119749064480946
2024-11-19 05:00:00,0.0013748768677455817
2024-11-20 05:00:00,-0.0007222815881691122
2024-11-21 05:00:00,-0.00016820719817028365
2024-11-22 05:00:00,0.00043995458701029963
2024-11-25 05:00:00,0.005095264542493337
2024-11-26 05:00:00,-0.0009220795086944489
2024-11-27 05:00:00,0.0021093761396589646
2024-11-29 05:00:00,0.0026691196797645885
2024-12-02 05:00:00,0.00037269918497483226
2024-12-03 05:00:00,-0.0007336684213162035
2024-12-04 05:00:00,0.002013024752196662
2024-12-05 05:00:00,3.552675802055021e-05
2024-12-06 05:00:00,0.0014244919806001303
2024-12-09 05:00:00,-0.0013414794145170177
2024-12-10 05:00:00,-0.0007975297649914892
2024-12-11 05:00:00,-0.0008414350589486565
2024-12-12 05:00:00,-0.002628835898106248
2024-12-13 05:00:00,-0.0022808922984998287
2024-12-16 05:00:00,0.0004317920429176015
2024-12-17 05:00:00,-0.0006843046452561834
2024-12-18 05:00:00,-0.0063790821020832614
2024-12-19 05:00:00,-0.0025510860230689297
2024-12-20 05:00:00,0.0029496041815621093
2024-12-23 05:00:00,-0.0015497989936963696
2024-12-24 05:00:00,0.0011293157663743501
2024-12-26 05:00:00,0.000805733778004321
2024-12-27 05:00:00,-0.0017021070537557269
2024-12-30 05:00:00,0.001967440078838033
2024-12-31 05:00:00,-0.000533559987517985
2025-01-02 05:00:00,0.0006350676756346609
2025-01-03 05:00:00,-6.5597251740126e-05
2025-01-06 05:00:00,0.0002588596203605895
2025-01-07 05:00:00,-0.002318231996113436
2025-01-08 05:00:00,0.00019071725560689846
2025-01-10 05:00:00,-0.003905026923748834
2025-01-13 05:00:00,-0.0009584108846363221
2025-01-14 05:00:00,0.0005210084040366166
2025-01-15 05:00:00,0.005859121052225545
2025-01-16 05:00:00,0.0011524690190670196
2025-01-17 05:00:00,0.0008806935561242238
2025-01-21 05:00:00,0.0026853006894939175
2025-01-22 05:00:00,-0.0008516845001954449
2025-01-23 05:00:00,-0.0007269966208156381
2025-01-24 05:00:00,0.001448272527507115
2025-01-27 05:00:00,0.0025368636988157924
2025-01-28 05:00:00,4.491954527732616e-05
2025-01-29 05:00:00,-0.0006013699444339861
2025-01-30 05:00:00,0.0012854969786575102
2025-01-31 05:00:00,-0.00107570450950054
2025-02-03 05:00:00,0.00042972951599872075
2025-02-04 05:00:00,0.0017308308542704708
2025-02-05 05:00:00,0.003310838675274677
2025-02-06 05:00:00,-0.0005739112208112244
2025-02-07 05:00:00,-0.002058408190339308
2025-02-10 05:00:00,0.0002976784169816823
2025-02-11 05:00:00,-0.0009662304970970512
2025-02-12 05:00:00,-0.0031335584932046905
2025-02-13 05:00:00,0.004184166581896073
2025-02-14 05:00:00,0.0022131247849402815
2025-02-18 05:00:00,-0.0019145141139045479
2025-02-19 05:00:00,0.00037032805989451216
2025-02-20 05:00:00,0.0013071050645863604
2025-02-21 05:00:00,0.0014655175868998587
2025-02-24 05:00:00,0.0007679230030391241
2025-02-25 05:00:00,0.0033331536537807276
2025-02-26 05:00:00,0.0011904358452450726
2025-02-27 05:00:00,-0.0015620477008773197
2025-02-28 05:00:00,0.002849746251730456
2025-03-03 05:00:00,0.0005248029386391123
2025-03-04 05:00:00,-0.0015412785643588826
2025-03-05 05:00:00,-0.000980964227907994
2025-03-06 05:00:00,-0.0017180888433730964
2025-03-07 05:00:00,-0.00015687056701599157
2025-03-10 04:00:00,0.0010484824901115437
2025-03-11 04:00:00,-0.0023146528061403107
2025-03-12 04:00:00,-0.0012138908531352816
2025-03-13 04:00:00,5.080838165088077e-05
2025-03-14 04:00:00,0.0001727714393521566
2025-03-17 04:00:00,0.0012474483398378622
2025-03-18 04:00:00,0.0003170474757757777
2025-03-19 04:00:00,0.0023382046069378333
2025-03-20 04:00:00,-6.005320836554306e-05
2025-03-21 04:00:00,-0.0006246364933658995
2025-03-24 04:00:00,-0.0012521453564907066
2025-03-25 04:00:00,0.0001900970692326731
2025-03-26 04:00:00,-0.0024472398584764353
2025-03-27 04:00:00,-0.0008428433716369099
2025-03-28 04:00:00,0.0025131221985554815
2025-03-31 04:00:00,0.0013050624485351923
2025-04-01 04:00:00,0.0019298981627235755
2025-04-02 04:00:00,-1.2637008704709975e-05
2025-04-03 04:00:00,0.0007904980593008537
2025-04-04 04:00:00,-0.004206850237595977
2025-04-07 04:00:00,-0.010281971817090374
2025-04-08 04:00:00,-0.00507136490248879
2025-04-09 04:00:00,0.007680769364831105
2025-04-10 04:00:00,-0.0064321348665910974
2025-04-11 04:00:00,-0.0002936998879271527
2025-04-14 04:00:00,0.00483660903888221
2025-04-15 04:00:00,0.001612539821850065
2025-04-16 04:00:00,0.0017598999570889136
2025-04-17 04:00:00,0.0005266539654725985
2025-04-21 04:00:00,-0.004070640819357613
2025-04-22 04:00:00,0.0018265751720841121
2025-04-23 04:00:00,0.0023167466127866063
2025-04-24 04:00:00,0.005119167671390928
2025-04-25 04:00:00,0.0023349672600125613
2025-04-28 04:00:00,0.0016239699415128974
2025-04-29 04:00:00,0.0013763400628684374
2025-04-30 04:00:00,-0.0006316698914885187
2025-05-01 04:00:00,-0.0015265795859221443
2025-05-02 04:00:00,-0.001124541209432675
2025-05-05 04:00:00,-0.0007143932531597342
2025-05-06 04:00:00,0.001313700384694233
2025-05-07 04:00:00,0.0010758031527640126
2025-05-08 04:00:00,-0.0024323122456777146
2025-05-09 04:00:00,0.0006959931548886563
2025-05-12 04:00:00,-0.00026681100659840107
2025-05-13 04:00:00,0.0008598104920549569
2025-05-14 04:00:00,-0.002124008175974267
2025-05-15 04:00:00,0.003090931627091061
2025-05-16 04:00:00,0.000867295682221877
2025-05-19 04:00:00,0.00010904421454829049
2025-05-20 04:00:00,-0.0008330947187125103
2025-05-21 04:00:00,-0.00451072475002833
2025-05-22 04:00:00,0.0015220949027371356
2025-05-23 04:00:00,0.0010604184150787162
2025-05-27 04:00:00,0.0035909976594912236
2025-05-28 04:00:00,-0.0011578354102705563
2025-05-29 04:00:00,0.0019896279651064044
2025-05-30 04:00:00,0.0009698096988543649
2025-06-02 04:00:00,-0.0010304337921194491
2025-06-03 04:00:00,0.00019605168795632544
2025-06-04 04:00:00,0.0032824329006384753
2025-06-05 04:00:00,-0.0012394366707836496
2025-06-06 04:00:00,-0.002399777920326138
2025-06-09 04:00:00,0.001339780401440155
2025-06-10 04:00:00,0.001013345746601022
2025-06-11 04:00:00,0.001682855544358748
2025-06-12 04:00:00,0.0021787766186439645
2025-06-13 04:00:00,-0.00243920934089398
2025-06-16 04:00:00,4.976816981610433e-05
2025-06-17 04:00:00,0.0010470024266626549
2025-06-18 04:00:00,0.0004571966399730213
2025-06-20 04:00:00,0.001002183031782376
2025-06-23 04:00:00,0.001552408552675161
2025-06-24 04:00:00,0.00236599704928652
2025-06-25 04:00:00,-3.954542272452709e-05
2025-06-26 04:00:00,0.002115098809079706
2025-06-27 04:00:00,-0.0007235584004141626
2025-06-30 04:00:00,0.0027700701197335455
2025-07-01 04:00:00,4.433538439501986e-05
2025-07-02 04:00:00,-0.00012605061313536908
2025-07-03 04:00:00,-0.0005548872701990183
2025-07-07 04:00:00,-0.002275581932784111
2025-07-08 04:00:00,-0.0007681895729079247
2025-07-09 04:00:00,0.002416089271116472
2025-07-10 04:00:00,-5.345032759560277e-05
2025-07-11 04:00:00,-0.0023107619364845606
2025-07-14 04:00:00,7.833864992638736e-05
2025-07-15 04:00:00,-0.001855344853277216
2025-07-16 04:00:00,0.0009883937197115986
2025-07-17 04:00:00,0.00016012155202657728
2025-07-18 04:00:00,0.0007963556687479556
2025-07-21 04:00:00,0.0020941610893209246
2025-07-22 04:00:00,0.0013286421515565632
2025-07-23 04:00:00,-0.0008994828247861643
2025-07-24 04:00:00,-0.0003940941758318182
2025-07-25 04:00:00,0.0010279522653000605
2025-07-28 04:00:00,-0.0009058414655213318
2025-07-29 04:00:00,0.0023939277907344403
2025-07-30 04:00:00,-0.001889794917997629
2025-07-31 04:00:00,0.0003371628762527928
2025-08-01 04:00:00,0.004575039617018016
2025-08-04 04:00:00,0.0014169332917993113
2025-08-05 04:00:00,0.00014918448776481727
2025-08-06 04:00:00,0.00010461475934473778
2025-08-07 04:00:00,-0.00010894090424889897
2025-08-08 04:00:00,-0.0007146040199454598
2025-08-11 04:00:00,0.00035407407883283356
2025-08-12 04:00:00,0.0006972223023048007
2025-08-13 04:00:00,0.0023463658061719994
2025-08-14 04:00:00,-0.001850403308483109
2025-08-15 04:00:00,-0.0005307008710453386
2025-08-18 04:00:00,-0.0004124377099576121
2025-08-19 04:00:00,0.00040461287299070825
2025-08-20 04:00:00,0.00019160469646066933
2025-08-21 04:00:00,-0.0014997530738856252
2025-08-22 04:00:00,0.004490026565163322
2025-08-25 04:00:00,-0.0010457839681982262
2025-08-26 04:00:00,0.0009173578919908612
2025-08-27 04:00:00,0.0005930409216246013
2025-08-28 04:00:00,0.0009727785919162216
2025-08-29 04:00:00,-0.0006633171304979234
2025-09-02 04:00:00,-0.0016913532569164983
2025-09-03 04:00:00,0.0023457937599687794
2025-09-04 04:00:00,0.0023994529610726787
2025-09-05 04:00:00,0.003656007720071312
2025-09-08 04:00:00,0.0023360641270403293
2025-09-09 04:00:00,-0.0008614404540629155
2025-09-10 04:00:00,0.0015986720378036096
2025-09-11 04:00:00,0.002117372689586946
2025-09-12 04:00:00,-0.0007539175307259085
2025-09-15 04:00:00,0.0017208058901359885
2025-09-16 04:00:00,0.00034100651388699126
2025-09-17 04:00:00,-0.0006318002502642677
2025-09-18 04:00:00,-0.0009405092234011087
2025-09-19 04:00:00,4.0873887870912886e-05
2025-09-22 04:00:00,-0.0003055816031468954
2025-09-23 04:00:00,0.00046464790823910784
2025-09-24 04:00:00,-0.0013967269790221984
2025-09-25 04:00:00,-0.0014561010858491824
2025-09-26 04:00:00,0.00043465262633889345
2025-09-29 04:00:00,0.0017318047671055284
2025-09-30 04:00:00,-4.4361264202879204e-05
2025-10-01 04:00:00,0.001566514478407649
2025-10-02 04:00:00,0.0004853819828156761
2025-10-03 04:00:00,-0.0004179747275449542
2025-10-06 04:00:00,-0.0009347298645315929
2025-10-07 04:00:00,0.0005111926065194016
2025-10-08 04:00:00,-5.33991575747537e-05
2025-10-09 04:00:00,-0.0009966463803354564
2025-10-10 04:00:00,0.000544971303615897
2025-10-13 04:00:00,0.0021704059117034773
2025-10-14 04:00:00,0.0006827018510222507
2025-10-15 04:00:00,0.0008291080484977293
2025-10-16 04:00:00,0.0013261823210443079
2025-10-17 04:00:00,-0.00020892717382286637
2025-10-20 04:00:00,0.001437674718965398
2025-10-21 04:00:00,0.0003411905225460456
2025-10-22 04:00:00,-0.00010207189184055409
2025-10-23 04:00:00,-0.0006022683798445341
2025-10-24 04:00:00,0.0012277415914618602
2025-10-27 04:00:00,0.0012079550691728451
2025-10-28 04:00:00,5.3457347212572116e-05
2025-10-29 04:00:00,-0.0026518590042091043
2025-10-30 04:00:00,-0.0015654594877297524
2025-10-31 04:00:00,-0.00010218157637179556
2025-11-03 05:00:00,-0.0011626456095834706
2025-11-04 05:00:00,6.401657025673892e-05
2025-11-05 05:00:00,-0.0013062546596807818
2025-11-06 05:00:00,0.0018855248119662399
2025-11-07 05:00:00,1.8695057887524482e-05
2025-11-10 05:00:00,0.0008022450059909581
2025-11-11 05:00:00,0.0017142982270707057
2025-11-12 05:00:00,-0.0006778207400764422
2025-11-13 05:00:00,-0.0021448458900361015
2025-11-14 05:00:00,-0.0009696053123120736
2025-11-17 05:00:00,-7.85952964476628e-05
2025-11-18 05:00:00,0.00045080843765824355
2025-11-19 05:00:00,-0.00042041550354733154
2025-11-20 05:00:00,0.00014924425623371438
2025-11-21 05:00:00,0.0014662148113699408
2025-11-24 05:00:00,0.0017491271972647359
2025-11-25 05:00:00,0.0017192591107755071
2025-11-26 05:00:00,0.001328122456446735
2025-11-28 05:00:00,-0.00020613751631416027
2025-12-01 05:00:00,-0.0024146802567906224
2025-12-02 05:00:00,0.0006449102854088951
2025-12-03 05:00:00,0.0014293280621761493
2025-12-04 05:00:00,-0.0007510443981048559
2025-12-05 05:00:00,-0.0005253781065366425
2025-12-08 05:00:00,-0.001071216698329523
2025-12-09 05:00:00,-0.0004913322370019598
2025-12-10 05:00:00,0.001980491232911502
2025-12-11 05:00:00,0.00019702837511623026
2025-12-12 05:00:00,-0.001713828242620622
2025-12-15 05:00:00,0.0003454484643954648
2025-12-16 05:00:00,0.0010330003777158027
2025-12-17 05:00:00,-0.000526291562148528
2025-12-18 05:00:00,0.0016455792803876266
2025-12-19 05:00:00,-0.0004671647477407026
2025-12-22 05:00:00,0.0002763052162422665
2025-12-23 05:00:00,0.0004035607755683753
2025-12-24 05:00:00,0.0016859640215724347
2025-12-26 05:00:00,-5.797392790178821e-05
2025-12-29 05:00:00,0.0005421910529623937
2025-12-30 05:00:00,-1.1694466346660097e-05
2025-12-31 05:00:00,-0.0011676761948821012
2026-01-02 05:00:00,1.2798559096825255e-05
2026-01-05 05:00:00,0.0015812121063783515
2026-01-06 05:00:00,0.00031035716033435174
2026-01-07 05:00:00,0.0006062785612800115
2026-01-08 05:00:00,-0.0009290934494273083
2026-01-09 05:00:00,0.0012915455521068753
2026-01-12 05:00:00,-9.884222911486383e-05
2026-01-13 05:00:00,0.000565376682752879
2026-01-14 05:00:00,0.000990490413629782
2026-01-15 05:00:00,-0.00040738106600570324
2026-01-16 05:00:00,-0.0007014482963805803
2026-01-20 05:00:00,-0.0024174695923873863
2026-01-21 05:00:00,0.002145905031279442
2026-01-22 05:00:00,0.0006606521922898738
2026-01-23 05:00:00,0.000697057510119176
2026-01-26 05:00:00,0.0007879165812553837
2026-01-27 05:00:00,0.0003533208479817094
2026-01-28 05:00:00,-0.0003873247571009419
2026-01-29 05:00:00,0.00022091539694800834
2026-01-30 05:00:00,-0.0004653984366726225
2026-02-02 05:00:00,-0.00034808839537662226
2026-02-03 05:00:00,9.208230536918822e-05
2026-02-04 05:00:00,-0.0007181762271728809
2026-02-05 05:00:00,0.0014425954198446578
2026-02-06 05:00:00,0.00118250184922861
2026-02-09 05:00:00,0.0009484765203817849
2026-02-10 05:00:00,0.0013207069250903165
2026-02-11 05:00:00,-0.0008791788986616746
2026-02-12 05:00:00,0.001789379257766525
2026-02-13 05:00:00,0.001611527959081092
2026-02-17 05:00:00,0.000216092867138258
2026-02-18 05:00:00,-0.00036303767960009893
2026-02-19 05:00:00,0.00018409432044270404
2026-02-20 05:00:00,0.0002729719268670034
2026-02-23 05:00:00,0.00039790027603646937
2026-02-24 05:00:00,4.054455669655056e-05
2026-02-25 05:00:00,0.0003441601172197203
2026-02-26 05:00:00,0.000696468560643194
2026-02-27 05:00:00,0.00041389894329306573
2026-03-02 05:00:00,-0.002475154178726785
2026-03-03 05:00:00,-0.002043555094931903
2026-03-04 05:00:00,0.0005946323262408608
2026-03-05 05:00:00,-0.001993798823845025
2026-03-06 05:00:00,-0.0016464716427391094
2026-03-09 04:00:00,0.0020429927672035346
2026-03-10 04:00:00,-0.0015236266714782603
2026-03-11 04:00:00,-0.0028499807694796478
2026-03-12 04:00:00,-0.0034858123162879585
2026-03-13 04:00:00,-0.0012719084186097775
2026-03-16 04:00:00,0.00266349303389054
2026-03-17 04:00:00,0.002085649483331331
2026-03-18 04:00:00,-0.0029423533364655937
2026-03-19 04:00:00,0.0009976908219701819
2026-03-20 04:00:00,-0.0066848589786136555
2026-03-23 04:00:00,0.0033576623327564634
2026-03-24 04:00:00,-0.002572445507771534
2026-03-25 04:00:00,0.0026841680350254806
2026-03-26 04:00:00,-0.004393783431677226
2026-03-27 04:00:00,-0.001220503455874664
2026-03-30 04:00:00,0.002270264747454024
2026-03-31 04:00:00,0.004044461232694845
2026-04-01 04:00:00,0.0013249062116186408
2026-04-02 04:00:00,0.0015531869886751199
2026-04-06 04:00:00,-0.00029711992983244096
2026-04-07 04:00:00,0.0009720543293643652
2026-04-08 04:00:00,0.0035451830601324254
2026-04-09 04:00:00,0.0006673704740826606
2026-04-10 04:00:00,-0.0009195286119324954
