,Symbol,Name,Asset Class,Assets,Avg. Daily Volume,Price,Inverse,Leveraged,Smart Beta,Currency Hedged,1 Week Returns,1 Month Returns,YTD Price Change,1 Year Returns,3 Year Returns,5 Year Returns,1 Week FF,4 Week FF,YTD FF,1 Year FF,3 Year FF,5 Year FF,ETF Database Category,Inception,ER,Annual Dividend Rate,Dividend Date,Dividend, Annual Dividend Yield %, Dividend Frequency, Standard Deviation,P/E Ratio,Beta,5-Day Volatility,20-Day Volatility,50-Day Volatility,200-Day Volatility,Issuer,# of Holdings,% In Top 10,% In Top 15,% In Top 50,ST Cap Gains,LT Cap Gains,Tax Form,Lower Bollinger,Upper Bollinger,Support 1,Resistance 1,RSI,Liquidity,Expenses,Performance,Volatility,ETF Database Pro,Dividend.1,Concentration,ESG Score,ESG Score Peer Percentile (%),ESG Score Global Percentile (%),Carbon Intensity (Tons of CO2e / $M Sales),ESG Exclusion Criteria (%),Sustainable Impact Solutions (%)
0,AGG,iShares Core U.S. Aggregate Bond ETF,Bond,"$138,303,000,000","9,231,957",$100.13,False,False,False,False,0.02%,-0.03%,0.25%,6.69%,3.69%,-0.20%,"$1,241.22914","$2,259.74718","$2,579.40318","$13,861.38332","$50,572.14506","$64,666.31268",Total Bond Market,2003-09-22,0.03%,$3.88,2025-12-19,$0.33,3.88%,Monthly,2.12%,,0.25,6.89%,2.50%,2.72%,2.84%,"BlackRock, Inc.","13,093",6.48%,8.22%,17.29%,40%,20%,1099,$99.79,$100.37,,,53.22,A+,,A-,C+,A-,C+,A,6.09,50.74%,34.27%,244.35,2.83%,0.77%
1,BND,Vanguard Total Bond Market ETF,Bond,"$149,697,000,000","8,669,354",$74.23,False,False,False,False,-0.03%,-0.09%,0.22%,6.52%,3.68%,-0.23%,$400.834,"$2,848.056","$3,055.48","$23,089.244","$60,002.634","$91,340.923",Total Bond Market,2007-04-03,0.03%,$2.86,2025-12-18,$0.25,3.85%,Monthly,1.54%,,0.26,6.84%,2.46%,2.65%,2.85%,Vanguard,"17,731",4.81%,6.56%,16.06%,40%,20%,1099,$74.00,$74.42,,,52.38,A,,A-,B-,A-,C+,A+,6.07,45.59%,33.50%,258.26,3.11%,0.76%
2,VCIT,Vanguard Intermediate-Term Corporate Bond ETF,Bond,"$63,144,100,000","11,253,649",$83.95,False,False,False,False,0.07%,-0.13%,0.24%,8.70%,5.88%,0.99%,-$58.075972,"$3,425.0982","$3,425.0982","$12,436.734584","$19,798.520098","$25,290.330807",Corporate Bonds,2009-11-19,0.03%,$3.87,2025-12-18,$0.34,4.61%,Monthly,2.37%,,0.33,14.04%,2.64%,2.97%,3.05%,Vanguard,"2,248",2.67%,3.75%,10.11%,40%,20%,1099,$83.64,$84.12,$83.90,$84.01,54.29,A,,B+,B-,A,B-,A,6.63,67.31%,55.03%,259.22,11.05%,3.19%
3,BNDX,Vanguard Total International Bond ETF,Bond,"$75,258,300,000","5,219,478",$48.57,False,False,False,False,0.25%,0.41%,0.52%,3.25%,4.36%,-0.02%,$112.553049,$774.863124,$775.172906,"$13,711.343318","$28,704.131584","$45,461.168017",Total Bond Market,2013-06-04,0.07%,$2.12,2025-12-18,$0.97,4.37%,Monthly,0.56%,,0.22,5.67%,2.23%,2.16%,2.15%,Vanguard,"6,620",6.68%,7.92%,15.28%,40%,20%,1099,$48.34,$48.67,,,55.07,A,,A,B+,A,B-,,6.62,70.86%,54.70%,60.77,0.89%,0.69%
4,VCSH,Vanguard Short-Term Corporate Bond ETF,Bond,"$40,858,900,000","5,024,698",$80.05,False,False,False,False,0.25%,0.33%,0.40%,6.58%,5.60%,2.33%,$136.226449,$722.37799,$722.37799,"$5,385.094814","-$2,387.462887","$5,947.85875",Corporate Bonds,2009-11-19,0.03%,$3.46,2025-12-18,$0.30,4.33%,Monthly,1.52%,,0.13,5.26%,0.81%,1.17%,1.31%,Vanguard,"2,715",2.51%,3.36%,8.37%,40%,20%,1099,$79.69,$79.98,$80.00,$80.07,70.47,A,,B-,B+,A,C+,A,6.75,95.96%,60.40%,168.19,9.64%,2.89%
5,BSV,Vanguard Short-Term Bond ETF,Bond,"$43,268,100,000","3,601,468",$78.93,False,False,False,False,0.18%,0.10%,0.15%,5.69%,4.55%,1.57%,$15.766,$780.449,$804.08,"$9,604.423","$4,597.566","$14,607.615",Total Bond Market,2007-04-03,0.03%,$3.02,2025-12-18,$0.27,3.83%,Monthly,1.28%,,0.09,6.33%,0.80%,1.12%,1.29%,Vanguard,"3,116",8.39%,12.11%,33.56%,40%,20%,1099,$78.70,$78.93,$78.91,$78.96,62.98,A,,A-,A-,A,C,A,6.08,19.32%,33.89%,147.47,2.50%,0.69%
6,LQD,iShares iBoxx $ Investment Grade Corporate Bond ETF,Bond,"$28,844,600,000","31,997,273",$110.57,False,False,False,False,-0.24%,-0.20%,0.34%,7.29%,4.46%,-0.40%,"$1,273.79882","-$1,404.65537","-$1,349.50882","-$1,838.17162","-$11,444.11586","-$15,632.59878",Corporate Bonds,2002-07-22,0.14%,$4.94,2025-12-19,$0.44,4.46%,Monthly,2.96%,,0.46,43.06%,4.09%,4.23%,4.29%,"BlackRock, Inc.","3,029",2.56%,3.27%,7.27%,40%,20%,1099,$110.06,$111.10,$110.48,$110.70,50.76,A+,,A,C,A,C+,A,6.5,51.92%,49.37%,160.8,11.97%,2.29%
7,TIP,iShares TIPS Bond ETF,Bond,"$13,837,500,000","2,903,225",$110.48,False,False,False,False,0.23%,0.30%,0.52%,5.94%,3.37%,0.93%,-$242.555343,-$133.163109,-$133.163109,-$28.384617,"-$9,353.610727","-$8,414.820957",Inflation-Protected Bonds,2003-12-04,0.18%,$3.80,2025-12-19,$0.34,3.44%,Monthly,1.98%,,0.26,13.87%,2.63%,2.68%,2.87%,"BlackRock, Inc.",49,35.47%,50.87%,100.00%,40%,20%,1099,$109.80,$110.60,$110.39,$110.56,55.23,A,,B+,B+,A,C+,A-,5.78,72.03%,27.81%,0.0,0.00%,0.00%
8,MBB,iShares MBS ETF,Bond,"$39,440,400,000","3,195,568",$95.69,False,False,False,False,0.15%,0.25%,0.49%,8.15%,3.85%,0.13%,$0.0,$199.72512,$199.72512,"$1,390.68765","$13,417.21455","$15,571.47709",Mortgage Backed Securities,2007-03-13,0.04%,$4.00,2025-12-19,$0.33,4.18%,Monthly,2.34%,,0.26,8.25%,3.36%,3.28%,3.46%,"BlackRock, Inc.","11,159",10.51%,12.57%,21.70%,40%,20%,1099,$95.12,$95.94,,,56.29,A+,A,B+,A-,A,A-,A,,,,,,
9,MUB,iShares National Muni Bond ETF,Bond,"$42,170,700,000","3,955,273",$107.85,False,False,False,False,0.22%,0.76%,0.69%,4.34%,2.96%,0.82%,$118.196333,$311.094836,$364.522049,"$1,323.828438","$9,575.054928","$22,704.486308",National Munis,2007-09-07,0.05%,$3.36,2025-12-19,$0.29,3.12%,Monthly,2.16%,,0.24,2.56%,2.16%,1.78%,2.02%,"BlackRock, Inc.","6,187",2.70%,3.33%,6.81%,40%,20%,1099,$107.22,$107.93,$107.69,$107.99,64.08,A,,B+,B,A+,B,A+,,,,,,
10,IGSB,iShares 1-5 Year Investment Grade Corporate Bond ETF,Bond,"$21,702,200,000","3,404,209",$53.11,False,False,False,False,0.25%,0.34%,0.43%,6.76%,5.75%,2.42%,$42.45751,$18.35085,$34.20906,$97.48626,"-$3,302.142195",$84.190195,Corporate Bonds,2007-01-05,0.04%,$2.35,2025-12-19,$0.20,4.43%,Monthly,1.03%,,0.12,9.20%,0.89%,1.22%,1.34%,"BlackRock, Inc.","4,556",1.62%,2.16%,5.35%,40%,20%,1099,$52.85,$53.06,$53.07,$53.13,70.9,A,,B,B+,A-,C+,,6.68,92.65%,57.55%,182.85,9.06%,2.70%
11,SCHP,Schwab U.S. TIPS ETF,Bond,"$15,159,700,000","4,558,471",$26.64,False,False,False,False,0.23%,0.34%,0.57%,6.13%,3.51%,1.10%,$34.574,$462.415,$462.415,"$3,284.949","$1,090.554","$3,254.4945",Inflation-Protected Bonds,2010-08-05,0.03%,$1.08,2025-12-19,$0.18,4.04%,Monthly,0.49%,,0.26,12.88%,2.22%,2.44%,2.71%,The Charles Schwab Corp.,49,35.54%,50.95%,100.00%,40%,20%,1099,$26.47,$26.66,$26.62,$26.66,56.8,A+,,A-,B,A,B-,B+,5.78,24.58%,27.24%,1.56,0.00%,0.00%
12,HYG,iShares iBoxx $ High Yield Corporate Bond ETF,Bond,"$17,962,800,000","37,536,992",$81.12,False,False,False,False,-0.02%,0.61%,0.61%,7.57%,8.35%,4.05%,$64.89295,"-$2,052.1652","-$2,003.8331","$2,660.7938","-$1,497.25362","-$2,652.32101",High Yield Bonds,2007-04-04,0.49%,$4.61,2025-12-19,$0.38,5.68%,Monthly,2.13%,,0.41,15.19%,1.85%,2.23%,2.99%,"BlackRock, Inc.","1,339",4.16%,5.48%,13.08%,40%,20%,1099,$80.74,$81.26,$80.98,$81.19,62.75,A+,,B,B-,A-,C+,A,5.49,40.19%,21.74%,235.88,7.46%,3.04%
13,EMB,iShares J.P. Morgan USD Emerging Markets Bond ETF,Bond,"$17,004,800,000","7,349,592",$96.58,False,False,False,False,-0.14%,-0.01%,0.31%,11.92%,8.37%,1.55%,$260.68414,$357.37085,$241.83773,"$2,199.87239","-$1,731.13632","$1,660.87447",Emerging Markets Bonds,2007-12-17,0.39%,$4.79,2025-12-19,$0.38,4.96%,Monthly,3.91%,,0.52,5.23%,4.08%,3.78%,4.10%,"BlackRock, Inc.",682,6.22%,8.14%,18.71%,40%,20%,1099,$95.89,$96.88,$96.50,$96.71,55.65,A+,B,B+,C+,A-,B,A,3.88,30.59%,1.81%,673.29,0.23%,0.08%
14,SHY,iShares 1-3 Year Treasury Bond ETF,Bond,"$24,293,400,000","4,120,040",$82.99,False,False,False,False,0.18%,0.19%,0.21%,4.78%,4.17%,1.66%,-$8.298409,$910.811832,$902.530182,"$1,184.824541","-$3,427.336323","$6,582.314057",Government Bonds,2002-07-22,0.15%,$3.15,2025-12-19,$0.26,3.80%,Monthly,1.11%,,0.05,1.37%,0.58%,0.80%,0.95%,"BlackRock, Inc.",90,17.43%,24.46%,67.63%,40%,20%,1099,$82.78,$82.95,$82.96,$83.01,68.9,A,,A-,A-,A-,B-,B+,5.78,88.06%,27.81%,0.0,0.00%,0.00%
15,JPST,JPMorgan Ultra-Short Income ETF,Bond,"$36,406,400,000","6,276,184",$50.78,False,False,False,False,0.12%,0.39%,0.38%,4.92%,5.22%,3.44%,$35.489,$668.4925,$903.643,"$7,502.185","$11,677.116","$20,455.1585",Corporate Bonds,2017-05-17,0.18%,$2.24,2025-12-31,$0.18,4.42%,Monthly,0.70%,,0.01,0.00%,0.38%,0.37%,0.46%,JP Morgan,822,16.85%,19.20%,32.22%,40%,20%,1099,$50.58,$50.77,$50.75,$50.80,89.13,A,,C+,A,A,B,,7.07,86.96%,73.76%,78.18,4.48%,1.15%
16,VTIP,Vanguard Short-Term Inflation-Protected Securities ETF,Bond,"$17,244,700,000","2,489,136",$49.73,False,False,False,False,0.40%,0.55%,0.55%,5.77%,5.20%,3.63%,-$216.503461,-$158.238381,-$175.542381,"$4,824.664383",$948.816759,"$7,722.558775",Inflation-Protected Bonds,2012-10-12,0.03%,$1.88,2025-12-18,$0.71,3.79%,Quarterly,0.75%,,0.1,2.51%,1.05%,0.95%,1.14%,Vanguard,27,49.09%,69.70%,100.00%,40%,20%,1099,$49.40,$49.66,$49.70,$49.75,71.9,A,,B-,A,B+,C+,B-,5.78,72.03%,27.81%,0.0,0.00%,0.00%
17,IUSB,iShares Core Total USD Bond Market ETF,Bond,"$35,096,600,000","3,436,140",$46.65,False,False,False,False,-0.04%,-0.06%,0.24%,6.87%,4.20%,0.15%,$97.966978,$484.897764,$484.897764,"$1,822.956892","$13,804.891164","$27,509.846894",Total Bond Market,2014-06-10,0.06%,$1.94,2025-12-19,$0.17,4.16%,Monthly,1.02%,,0.26,9.94%,2.44%,2.58%,2.64%,"BlackRock, Inc.","17,607",5.69%,7.36%,16.18%,40%,20%,1099,$46.52,$46.76,,,52.85,A,,B+,B,B+,B-,,6.02,43.48%,32.36%,257.32,3.12%,0.97%
18,GOVT,iShares U.S. Treasury Bond ETF,Bond,"$35,365,100,000","7,118,900",$23.03,False,False,False,False,-0.02%,-0.24%,0.04%,5.54%,2.80%,-0.86%,$27.645288,"$1,893.387672","$1,918.700405","$5,123.497661","$14,095.937638","$23,570.672558",Government Bonds,2012-02-14,0.05%,$0.80,2025-12-19,$0.07,3.48%,Monthly,0.40%,,0.19,11.86%,2.35%,2.51%,2.81%,"BlackRock, Inc.",210,22.13%,28.20%,55.89%,40%,20%,1099,$22.97,$23.10,$23.02,$23.06,50.45,A,,B-,B-,B,C,B+,5.78,89.05%,27.81%,0.0,0.00%,0.00%
19,IEF,iShares 7-10 Year Treasury Bond ETF,Bond,"$46,703,200,000","9,142,586",$95.94,False,False,False,False,-0.01%,-0.66%,-0.23%,6.95%,2.47%,-1.60%,$153.607338,$779.462697,$817.909828,"$13,232.807848","$22,504.300953","$36,634.794223",Government Bonds,2002-07-22,0.15%,$3.62,2025-12-19,$0.31,3.78%,Monthly,2.12%,,0.26,16.66%,3.20%,3.40%,3.70%,"BlackRock, Inc.",19,84.90%,99.98%,100.00%,40%,20%,1099,$95.62,$96.57,,,47.28,A,,B-,B-,B-,C,B-,5.78,89.05%,27.81%,0.0,0.00%,0.00%
20,TLT,iShares 20+ Year Treasury Bond ETF,Bond,"$45,461,900,000","35,336,066",$87.13,False,False,False,False,-0.91%,-1.07%,-0.03%,3.02%,-2.79%,-7.69%,$335.569599,"-$2,030.92435","-$2,170.453976","-$8,109.603457","$21,874.329471","$43,097.631071",Government Bonds,2002-07-22,0.15%,$3.86,2025-12-19,$0.34,4.43%,Monthly,2.08%,,0.53,24.89%,8.47%,7.84%,8.21%,"BlackRock, Inc.",46,43.86%,60.62%,100.00%,40%,20%,1099,$86.78,$88.45,,,45.21,A+,,C,C,B-,B+,C+,5.78,89.05%,27.81%,0.0,0.00%,0.00%
21,VMBS,Vanguard Mortgage-Backed Securities ETF,Bond,"$14,801,000,000","1,833,490",$47.24,False,False,False,False,0.13%,0.19%,0.34%,8.01%,3.94%,0.24%,$0.079821,-$128.515673,-$128.515673,"-$5,479.871424",-$353.185988,"$2,897.462264",Mortgage Backed Securities,2009-11-19,0.03%,$1.98,2025-12-18,$0.16,4.19%,Monthly,1.15%,,0.26,5.07%,3.01%,2.79%,3.26%,Vanguard,"5,075",4.42%,5.51%,11.88%,40%,20%,1099,$47.02,$47.37,$47.20,$47.30,56.02,A,A,B,A-,A+,A,A+,,,,,,
22,BIV,Vanguard Intermediate-Term Bond ETF,Bond,"$27,778,200,000","1,991,943",$77.87,False,False,False,False,0.06%,-0.36%,-0.01%,7.71%,4.26%,-0.05%,$108.924,$630.443,$716.111,"$5,649.422","$13,533.443","$14,499.648",Total Bond Market,2007-04-03,0.03%,$3.13,2025-12-18,$0.28,4.01%,Monthly,1.88%,,0.26,9.37%,2.45%,2.80%,3.03%,Vanguard,"2,313",21.35%,30.18%,57.44%,40%,20%,1099,$77.61,$78.14,$77.82,$77.93,50.88,A,,A+,C+,A-,C+,A-,6.14,58.82%,35.59%,249.59,4.16%,1.24%
23,VTEB,Vanguard Tax-Exempt Bond ETF,Bond,"$43,585,800,000","6,176,957",$50.56,False,False,False,False,0.08%,0.62%,0.54%,4.11%,3.02%,0.79%,$210.369067,$829.863923,$830.097108,"$7,174.151916","$17,982.281275","$33,042.666342",National Munis,2015-08-21,0.03%,$1.66,2025-12-18,$0.14,3.28%,Monthly,1.04%,,0.25,20.45%,1.82%,1.61%,1.90%,Vanguard,"9,951",1.12%,1.53%,4.01%,40%,20%,1099,$50.38,$50.67,$50.52,$50.62,61.7,A+,,,B,,B,,,,,,,
24,MINT,PIMCO Enhanced Short Maturity Active Exchange-Traded Fund,Bond,"$14,833,800,000","1,337,625",$100.71,False,False,True,False,0.04%,0.41%,0.37%,4.74%,5.50%,3.19%,$35.2233,$211.0843,$218.1067,"$2,538.9721","$6,098.5799",$527.1896,Total Bond Market,2009-11-16,0.36%,$4.65,2025-12-31,$0.36,4.62%,Monthly,1.34%,,0.02,0.69%,0.19%,0.22%,0.24%,Allianz Investment Management LLC,887,20.07%,23.27%,39.36%,40%,20%,1099,$100.31,$100.77,$100.70,$100.72,97.08,A,,A,A,A+,B+,A+,6.92,81.16%,67.54%,81.57,7.65%,0.73%
25,VGSH,Vanguard Short-Term Treasury ETF,Bond,"$26,521,200,000","3,020,665",$58.86,False,False,False,False,0.19%,0.20%,0.22%,4.90%,4.30%,1.76%,$132.190448,$572.958768,$633.197079,"$5,184.069147","$7,212.849392","$16,890.267102",Government Bonds,2009-11-19,0.03%,$2.35,2025-12-18,$0.19,3.99%,Monthly,0.80%,,0.04,0.82%,0.57%,0.76%,0.91%,Vanguard,93,13.44%,19.79%,61.13%,40%,20%,1099,$58.69,$58.83,$58.84,$58.88,70.18,A,,A-,A-,A,B,A,5.78,88.06%,27.81%,0.0,0.00%,0.00%
26,SHV,iShares Trust iShares 0-1 Year Treasury Bond ETF,Bond,"$19,993,300,000","2,593,470",$110.44,False,False,False,False,0.06%,0.30%,0.26%,4.14%,4.78%,3.07%,-$66.225555,-$62.8606,-$51.846808,$832.922942,$765.090065,"$3,551.333632",Government Bonds,2007-01-05,0.15%,$4.50,2025-12-19,$0.36,4.08%,Monthly,1.29%,,0.01,0.08%,0.13%,0.14%,0.17%,"BlackRock, Inc.",67,37.19%,51.82%,96.18%,40%,20%,1099,$110.14,$110.46,$110.44,$110.45,99.65,A,,A,A,A,A-,B-,5.78,88.06%,27.81%,0.0,0.00%,0.00%
27,BIL,State Street SPDR Bloomberg 1-3 Month T-Bill ETF,Bond,"$42,401,400,000","8,940,668",$91.65,False,False,False,False,0.07%,0.32%,0.30%,4.12%,4.77%,3.16%,-$234.485306,-$337.802489,-$399.031305,"$5,533.352242","$17,203.175338","$29,708.539647",Government Bonds,2007-05-25,0.14%,$3.77,2025-12-18,$0.37,4.11%,Monthly,1.06%,,0.08,0.05%,0.19%,0.19%,0.20%,State Street,25,62.32%,82.54%,100.00%,40%,20%,1099,$91.38,$91.67,$91.64,$91.65,99.77,A,,A,A,A-,B+,C+,5.78,16.42%,27.19%,1.56,0.00%,0.00%
28,IGIB,iShares 5-10 Year Investment Grade Corporate Bond ETF,Bond,"$17,558,900,000","2,986,640",$54.01,False,False,False,False,0.07%,-0.11%,0.24%,8.91%,6.11%,1.15%,-$110.677,$223.78905,$248.029065,"$2,087.095205","$5,734.631365","$7,538.06581",Corporate Bonds,2007-01-05,0.04%,$2.47,2025-12-19,$0.21,4.58%,Monthly,1.55%,,0.33,2.29%,2.71%,3.03%,3.10%,"BlackRock, Inc.","2,999",2.21%,3.01%,7.80%,40%,20%,1099,$53.81,$54.12,$53.98,$54.04,54.42,A,,A-,B-,A-,B-,,6.65,90.81%,56.05%,267.94,10.24%,2.96%
29,IEI,iShares 3-7 Year Treasury Bond ETF,Bond,"$17,690,100,000","1,840,891",$119.35,False,False,False,False,0.21%,-0.20%,0.00%,6.39%,3.70%,0.11%,-$23.831153,$215.055179,$215.055179,"$1,953.1925","$4,652.560931","$7,446.929881",Government Bonds,2007-01-05,0.15%,$4.15,2025-12-19,$0.37,3.47%,Monthly,2.21%,,0.14,8.40%,1.65%,2.01%,2.27%,"BlackRock, Inc.",85,25.56%,34.29%,76.21%,40%,20%,1099,$118.91,$119.63,$119.29,$119.41,53.23,A-,,B+,B,B+,C,A-,5.78,89.05%,27.81%,0.0,0.00%,0.00%
30,JNK,State Street SPDR Bloomberg High Yield Bond ETF,Bond,"$7,891,780,000","4,326,867",$97.82,False,False,False,False,-0.05%,0.65%,0.63%,7.73%,8.49%,3.99%,-$78.272937,$214.597661,$78.601301,-$131.90233,"-$2,173.735961","-$3,126.352398",High Yield Bonds,2007-11-28,0.40%,$6.36,2025-12-18,$0.49,6.50%,Monthly,2.71%,,0.42,13.80%,1.78%,2.26%,3.07%,State Street,"1,198",4.29%,5.79%,13.72%,40%,20%,1099,$97.34,$98.05,$97.70,$97.91,63.61,A,,B,B-,A-,B,A,5.33,18.90%,19.38%,244.85,6.67%,2.67%
31,VGIT,Vanguard Intermediate-Term Treasury ETF,Bond,"$38,913,100,000","3,446,978",$59.90,False,False,False,False,0.18%,-0.30%,-0.05%,6.64%,3.53%,-0.15%,-$240.240215,"$2,483.459301","$2,541.891051","$7,261.431363","$24,508.018918","$32,586.324081",Government Bonds,2009-11-19,0.03%,$2.27,2025-12-18,$0.19,3.79%,Monthly,1.17%,,0.16,10.00%,1.92%,2.25%,2.57%,Vanguard,103,18.96%,26.95%,67.50%,40%,20%,1099,$59.68,$60.09,$59.87,$59.94,51.51,A-,,B,B,B+,C+,A,5.78,10.66%,27.81%,0.0,0.00%,0.00%
32,SCHZ,Schwab U.S. Aggregate Bond ETF,Bond,"$9,709,390,000","1,991,738",$23.45,False,False,False,False,0.09%,0.04%,0.34%,6.74%,3.63%,-0.26%,$0.0,$159.466,$178.162,$972.124,"$2,535.997","$2,344.014",Total Bond Market,2011-07-14,0.03%,$0.95,2025-12-19,$0.08,4.03%,Monthly,0.50%,,0.26,2.07%,2.29%,2.60%,2.75%,The Charles Schwab Corp.,"11,808",5.20%,6.81%,16.03%,40%,20%,1099,$23.35,$23.49,$23.41,$23.50,54.75,A,,A,B-,A-,B-,A-,6.06,44.12%,33.44%,240.56,2.76%,0.73%
33,SCHO,Schwab Short-Term U.S. Treasury ETF,Bond,"$11,685,300,000","3,409,559",$24.42,False,False,False,False,0.21%,0.21%,0.21%,4.95%,4.25%,1.73%,$46.303,-$229.055,-$689.459,$222.514,"-$1,181.328","$4,390.0645",Government Bonds,2010-08-05,0.03%,$0.99,2025-12-19,$0.08,4.05%,Monthly,0.33%,,0.05,2.04%,0.77%,0.82%,1.08%,The Charles Schwab Corp.,97,14.29%,21.06%,62.51%,40%,20%,1099,$24.35,$24.40,$24.41,$24.43,68.33,A,,A-,B+,A-,A-,B-,5.78,19.40%,27.19%,1.56,0.00%,0.00%
34,USHY,iShares Broad USD High Yield Corporate Bond ETF,Bond,"$25,587,300,000","11,321,295",$37.64,False,False,False,False,0.03%,0.61%,0.66%,7.88%,8.97%,4.59%,$0.0,-$137.03276,-$137.03276,"$6,570.63334","$15,091.81567","$18,218.400085",High Yield Bonds,2017-10-25,0.08%,$2.54,2025-12-19,$0.21,6.74%,Monthly,1.03%,,0.41,14.86%,1.65%,2.17%,2.87%,"BlackRock, Inc.","1,930",3.84%,4.91%,11.01%,40%,20%,1099,$37.45,$37.71,$37.59,$37.67,63.75,A,,B+,B,A,B+,,5.57,52.39%,23.10%,226.84,6.58%,3.36%
35,SRLN,State Street Blackstone Senior Loan ETF,Bond,"$6,447,510,000","4,181,637",$40.96,False,False,False,False,-0.87%,-0.65%,-0.75%,5.30%,7.64%,4.76%,-$262.406497,-$127.836789,-$127.836789,"-$2,498.914158",$511.595984,"$4,432.519136",High Yield Bonds,2013-04-03,0.70%,$3.17,2025-12-18,$0.26,7.73%,Monthly,0.99%,,0.18,17.37%,1.90%,1.73%,1.77%,State Street,1,100.00%,100.00%,100.00%,40%,20%,1099,$41.11,$41.53,$40.90,$41.05,34.86,A,,B+,A,A+,A,B+,,,,,,
36,SPSB,State Street SPDR Portfolio Short Term Corporate Bond ETF,Bond,"$8,636,000,000","2,307,791",$30.31,False,False,False,False,0.20%,0.36%,0.36%,5.71%,5.38%,2.65%,$48.431821,$199.570495,$199.570495,$22.44818,$565.387997,"$1,590.682376",Corporate Bonds,2009-12-16,0.04%,$1.38,2025-12-18,$0.11,4.54%,Monthly,0.50%,,0.07,3.83%,0.53%,0.82%,0.95%,State Street,"1,573",3.95%,5.48%,13.97%,40%,20%,1099,$30.19,$30.30,$30.30,$30.32,79.44,A,,C+,A-,A-,B,,6.71,67.15%,58.58%,152.43,9.27%,2.62%
37,STIP,iShares 0-5 Year TIPS Bond ETF,Bond,"$12,624,200,000","1,061,924",$102.95,False,False,False,False,0.40%,0.53%,0.55%,5.75%,5.02%,3.57%,-$35.866612,-$225.381188,-$225.381188,"$1,597.310032",-$873.400884,"$9,706.185701",Inflation-Protected Bonds,2010-12-01,0.03%,$4.21,2025-12-19,$0.35,4.09%,Monthly,1.55%,,0.1,5.56%,0.96%,0.97%,1.13%,"BlackRock, Inc.",25,51.48%,72.68%,100.00%,40%,20%,1099,$102.27,$102.83,$102.90,$102.98,71.19,A,,C+,A,A,B+,B,5.78,72.03%,27.81%,0.0,0.00%,0.00%
38,CWB,State Street SPDR Bloomberg Convertible Securities ETF,Bond,"$5,008,160,000","755,505",$93.40,False,False,False,False,-0.52%,3.80%,4.71%,17.93%,13.16%,4.03%,$0.0,$167.614517,$167.614517,-$82.597535,-$382.941807,"-$1,927.940439",Preferred Stock/Convertible Bonds,2009-04-14,0.40%,$1.51,2025-12-18,$0.16,1.62%,Monthly,6.33%,,0.71,29.93%,12.69%,13.16%,14.01%,State Street,325,17.51%,21.39%,40.92%,40%,20%,1099,$90.76,$95.70,$92.53,$94.68,54.62,A-,,A+,C,B,C,B-,6.04,56.67%,32.90%,278.71,9.69%,7.16%
39,BKLN,Invesco Senior Loan ETF,Bond,"$7,691,080,000","10,922,168",$20.74,False,False,False,False,-0.67%,-0.65%,-0.74%,5.47%,7.78%,5.20%,-$181.5119,$841.6411,$841.6411,"-$2,351.9786","$3,447.5358","$2,476.2289",High Yield Bonds,2011-03-03,0.65%,$1.57,2026-01-20,$0.11,7.56%,Monthly,0.47%,,0.21,4.08%,1.81%,1.71%,1.72%,Invesco,167,25.94%,31.47%,63.59%,40%,20%,1099,$20.76,$21.02,$20.69,$20.76,38.45,A,,B,A,A,A,B+,,,,,,
40,FLOT,iShares Floating Rate Bond ETF,Bond,"$9,059,230,000","1,616,803",$51.04,False,False,False,False,0.08%,0.45%,0.35%,4.84%,5.82%,3.91%,$45.88515,$45.88515,$45.88515,$820.29799,$467.05159,"$3,429.99749",Corporate Bonds,2011-06-14,0.15%,$2.46,2025-12-19,$0.20,4.82%,Monthly,0.74%,,0.02,8.94%,0.40%,0.45%,0.56%,"BlackRock, Inc.",505,9.46%,13.29%,30.39%,40%,20%,1099,$50.84,$51.07,,,83.79,A,,C,A,A,A-,A-,7.4,97.10%,84.35%,23.8,1.82%,0.74%
41,HYLB,Xtrackers USD High Yield Corporate Bond ETF,Bond,"$3,552,820,000","1,490,343",$37.05,False,False,False,False,-0.05%,0.57%,0.60%,7.74%,8.61%,4.27%,$0.0,-$514.3897,-$514.3897,$41.578,-$749.4031,"-$3,353.88511",High Yield Bonds,2016-12-07,0.05%,$2.32,2025-12-22,$0.21,6.25%,Monthly,0.99%,,0.41,6.33%,1.66%,2.16%,2.88%,DWS,"1,279",4.77%,6.19%,13.73%,40%,20%,1099,$36.89,$37.13,$37.01,$37.08,63.32,A,,B,B-,B+,B-,,5.45,32.06%,21.05%,254.23,7.61%,2.93%
42,LMBS,First Trust Low Duration Opportunities ETF,Bond,"$5,808,250,000","604,156",$50.17,False,False,False,False,0.28%,0.46%,0.70%,7.63%,5.90%,2.95%,$25.00755,$85.03855,$85.03855,$947.12075,$964.07175,-$679.4232,Mortgage Backed Securities,2014-11-04,0.64%,$2.21,2026-01-21,$0.17,4.41%,Monthly,1.10%,,0.08,3.04%,1.93%,1.61%,1.77%,First Trust,"1,125",11.35%,15.61%,35.83%,40%,20%,1099,$49.68,$50.36,,,67.44,A,B-,C,A+,B,B-,,,,,,,
43,USIG,iShares Broad USD Investment Grade Corporate Bond ETF,Bond,"$16,655,800,000","1,677,356",$51.96,False,False,False,False,-0.08%,0.02%,0.37%,7.42%,5.12%,0.42%,$54.59099,$981.65586,$981.65586,"$4,013.332515","$8,340.152475","$11,500.427775",Corporate Bonds,2007-01-05,0.04%,$2.39,2025-12-19,$0.21,4.60%,Monthly,1.31%,,0.36,15.13%,3.02%,3.10%,3.15%,"BlackRock, Inc.","11,264",0.74%,1.05%,2.81%,40%,20%,1099,$51.73,$52.10,$51.93,$52.00,53.53,A,,A-,B-,A-,B-,,6.58,59.62%,52.55%,275.46,11.18%,2.94%
44,SPAB,State Street SPDR Portfolio Aggregate Bond ETF,Bond,"$9,081,650,000","2,691,573",$25.82,False,False,False,False,0.04%,0.00%,0.27%,6.67%,3.70%,-0.22%,$0.0,-$242.599644,-$242.599644,$676.380339,"$2,676.831085","$4,515.542508",Total Bond Market,2007-05-23,0.03%,$1.02,2025-12-18,$0.09,3.96%,Monthly,0.55%,,0.26,8.80%,2.36%,2.63%,2.86%,State Street,"8,179",6.74%,8.61%,18.82%,40%,20%,1099,$25.73,$25.88,$25.78,$25.86,53.58,A,,B,B-,B-,C+,,6.06,42.65%,33.25%,250.39,2.93%,0.72%
45,SUB,iShares Short-Term National Muni Bond ETF,Bond,"$10,732,700,000","585,613",$107.31,False,False,False,False,0.17%,0.64%,0.57%,3.84%,2.86%,1.43%,$48.117722,$267.198086,$272.518754,"$1,823.207037",-$771.400335,"$6,356.433165",National Munis,2008-11-05,0.07%,$2.58,2025-12-19,$0.22,2.41%,Monthly,1.25%,,0.08,1.45%,0.95%,0.80%,0.96%,"BlackRock, Inc.","2,676",4.42%,5.56%,12.18%,40%,20%,1099,$106.72,$107.38,$107.25,$107.36,75.69,A,,C+,A+,A-,C,A,,,,,,
46,ISTB,iShares Core 1-5 Year USD Bond ETF,Bond,"$4,762,360,000","448,473",$48.89,False,False,False,False,0.23%,0.20%,0.29%,6.07%,5.02%,1.84%,$53.65503,$53.67012,$53.67012,$423.4342,-$486.75038,$352.90137,Total Bond Market,2012-10-18,0.06%,$2.01,2025-12-19,$0.17,4.11%,Monthly,0.86%,,0.11,4.84%,1.04%,1.24%,1.31%,"BlackRock, Inc.","7,008",8.88%,12.32%,30.59%,40%,20%,1099,$48.71,$48.86,$48.87,$48.90,65.86,A-,,B+,A-,B,C+,B-,6.05,40.81%,33.14%,184.61,2.79%,0.99%
47,BLV,Vanguard Long-Term Bond ETF,Bond,"$5,980,730,000","811,708",$69.64,False,False,False,False,-0.61%,-0.54%,0.17%,5.49%,1.05%,-4.23%,-$6.995,$98.083,$105.04,$400.881,"$1,433.366","$2,773.41",Total Bond Market,2007-04-03,0.03%,$3.24,2025-12-18,$0.28,4.66%,Monthly,1.86%,,0.59,43.18%,6.82%,6.40%,6.49%,Vanguard,"2,937",11.52%,15.95%,39.59%,40%,20%,1099,$69.28,$70.40,,,47.21,A,,B,C,B+,B,A,5.99,8.65%,31.89%,396.76,6.92%,1.27%
48,SPIB,State Street SPDR Portfolio Intermediate Term Corporate Bond ETF,Bond,"$10,771,600,000","5,147,767",$33.91,False,False,False,False,0.15%,0.12%,0.30%,7.47%,5.71%,1.66%,-$6.758648,-$203.546993,-$271.158411,$697.380412,"$3,679.234951","$5,128.770629",Corporate Bonds,2009-02-10,0.04%,$1.49,2025-12-18,$0.12,4.40%,Monthly,0.78%,,0.21,8.69%,1.56%,1.89%,2.07%,State Street,"5,152",1.80%,2.48%,6.03%,40%,20%,1099,$33.79,$33.92,$33.89,$33.93,59.32,A,,B,B,B+,C+,,6.65,71.79%,56.29%,212.97,9.62%,3.13%
49,ICSH,iShares Ultra Short Duration Bond Active ETF,Bond,"$6,875,160,000","1,512,279",$50.75,False,False,False,False,0.10%,0.38%,0.34%,4.90%,5.32%,3.47%,$48.14011,$93.7185,$111.4124,"$1,608.18529",$26.518155,"$1,653.350115",Corporate Bonds,2013-12-11,0.08%,$2.30,2025-12-19,$0.19,4.54%,Monthly,0.69%,,0.01,1.02%,0.28%,0.32%,0.32%,"BlackRock, Inc.",355,19.42%,22.60%,39.28%,40%,20%,1099,$50.55,$50.76,$50.74,$50.75,92.42,A,,C+,A+,B+,B,C,6.9,78.26%,66.74%,45.88,3.31%,0.71%
50,SHYG,iShares 0-5 Year High Yield Corporate Bond ETF,Bond,"$8,126,570,000","1,504,986",$43.10,False,False,False,False,0.02%,0.54%,0.54%,6.88%,8.12%,5.28%,$0.0,$103.02557,$103.02557,"$1,635.46851","$1,652.30191","$3,593.24928",High Yield Bonds,2013-10-15,0.30%,$3.01,2025-12-19,$0.25,6.99%,Monthly,1.06%,,0.3,6.37%,1.33%,1.75%,2.42%,"BlackRock, Inc.","1,148",5.53%,7.18%,15.76%,40%,20%,1099,$42.92,$43.16,$43.05,$43.13,66.32,A,,C+,B+,A-,B+,A,5.53,45.93%,22.36%,206.86,6.51%,3.33%
51,VCLT,Vanguard Long-Term Corporate Bond ETF,Bond,"$7,823,210,000","4,998,279",$76.21,False,False,False,False,-0.70%,-0.31%,0.47%,6.65%,3.08%,-2.42%,-$184.246,$159.553629,$159.553629,"-$5,975.287008","$3,395.774113","$4,052.996256",Corporate Bonds,2009-11-19,0.03%,$4.18,2025-12-18,$0.35,5.48%,Monthly,2.36%,,0.66,36.01%,6.60%,6.41%,6.46%,Vanguard,"2,597",2.98%,4.18%,10.44%,40%,20%,1099,$75.70,$77.03,,,48.5,A,,A,C,A+,A-,A,6.35,34.94%,43.55%,376.7,15.99%,3.10%
52,ANGL,VanEck Fallen Angel High Yield Bond ETF,Bond,"$3,127,100,000","761,868",$29.59,False,False,True,False,0.00%,0.75%,0.77%,8.32%,8.23%,3.75%,$10.364295,-$44.423755,-$44.423755,$74.76503,$216.27238,-$839.092888,High Yield Bonds,2012-04-10,0.25%,$1.82,2025-12-29,$0.16,6.16%,Monthly,0.90%,,0.44,25.53%,2.20%,2.68%,3.33%,VanEck,114,24.70%,31.65%,64.60%,40%,20%,1099,$29.44,$29.66,,,62.12,A,,A,C+,A-,B-,B+,6.12,89.95%,34.95%,265.77,5.05%,5.38%
53,FIXD,First Trust Smith Opportunistic Fixed Income ETF,Bond,"$3,443,850,000","388,498",$44.25,False,False,False,False,-0.02%,-0.08%,0.21%,7.80%,3.58%,-0.52%,$0.0,$0.0,$0.0,"-$1,051.6158",$126.21855,-$514.7857,Total Bond Market,2017-02-14,0.65%,$2.19,2026-01-21,$0.17,4.96%,Monthly,1.08%,,0.28,5.59%,3.21%,3.12%,3.15%,First Trust,414,29.02%,34.30%,53.32%,40%,20%,1099,$43.97,$44.43,$44.18,$44.35,52.91,A-,,,C+,,B-,,5.93,33.91%,30.72%,136.39,7.99%,1.13%
54,SHM,State Street SPDR Nuveen ICE Short Term Municipal Bond ETF,Bond,"$3,499,390,000","354,732",$48.33,False,False,False,False,0.17%,0.86%,0.71%,4.04%,2.45%,0.86%,$4.821645,-$33.756552,-$33.756552,-$46.999931,"-$1,229.270393",-$788.414686,National Munis,2007-10-10,0.20%,$1.25,2025-12-18,$0.11,2.59%,Monthly,0.62%,,0.12,8.03%,0.71%,0.89%,1.17%,State Street,970,6.25%,8.22%,19.27%,40%,20%,1099,$48.02,$48.36,$48.30,$48.36,77.0,A-,,B-,A,A-,C+,A,,,,,,
55,FALN,iShares Fallen Angels USD Bond ETF,Bond,"$1,857,270,000","821,019",$27.57,False,False,False,False,0.11%,0.95%,0.99%,8.33%,9.14%,4.12%,$0.0,-$8.20836,-$8.20836,-$140.595155,$204.683175,"$1,043.625815",High Yield Bonds,2016-06-14,0.25%,$1.72,2025-12-19,$0.15,6.25%,Monthly,0.89%,,0.43,6.70%,2.35%,2.93%,3.58%,"BlackRock, Inc.",156,17.82%,23.80%,55.43%,40%,20%,1099,$27.38,$27.63,$27.53,$27.60,61.95,A,,A,C+,A-,B-,,6.07,86.84%,33.63%,306.03,5.68%,6.01%
56,NEAR,iShares Short Duration Bond Active ETF,Bond,"$3,954,590,000","580,960",$51.29,False,False,False,False,0.25%,0.35%,0.37%,5.78%,6.05%,3.83%,$7.66692,$191.5808,$191.5808,$871.62082,-$256.43014,-$648.092815,Total Bond Market,2013-09-25,0.25%,$2.32,2025-12-19,$0.28,4.52%,Monthly,0.84%,,0.02,0.30%,0.78%,0.89%,0.96%,"BlackRock, Inc.","1,398",27.85%,32.82%,44.15%,40%,20%,1099,$51.07,$51.24,$51.26,$51.31,74.29,A-,,A,A-,A,B,,6.15,23.67%,35.86%,235.69,5.45%,0.77%
57,SJNK,State Street SPDR Bloomberg Short Term High Yield Bond ETF,Bond,"$5,345,070,000","3,816,406",$25.43,False,False,False,False,-0.08%,0.51%,0.43%,6.61%,8.26%,5.32%,-$7.633133,$68.615024,$68.615024,$475.646942,"$1,457.871527","$1,671.018494",High Yield Bonds,2012-03-15,0.40%,$1.80,2025-12-18,$0.14,7.09%,Monthly,0.62%,,0.31,3.04%,1.53%,1.92%,2.63%,State Street,"1,173",5.15%,6.87%,15.80%,40%,20%,1099,$25.35,$25.49,,,60.88,A,,B-,B+,A,A,A,5.47,35.89%,21.44%,209.3,6.39%,3.18%
58,SPTL,State Street SPDR Portfolio Long Term Treasury ETF,Bond,"$10,720,000,000","7,285,090",$26.44,False,False,False,False,-0.68%,-0.90%,-0.11%,4.16%,-1.53%,-6.68%,-$53.395767,-$309.014829,-$295.768585,-$108.013413,"$5,499.189252","$10,580.509729",Government Bonds,2007-05-23,0.03%,$1.09,2025-12-18,$0.09,4.13%,Monthly,0.62%,,0.5,23.88%,7.32%,6.88%,7.25%,State Street,97,21.91%,30.07%,75.30%,40%,20%,1099,$26.34,$26.79,,,45.71,A,,C,C+,B-,B-,,5.78,16.19%,27.11%,1.56,0.00%,0.00%
59,FTSM,First Trust Enhanced Short Maturity ETF,Bond,"$6,261,780,000","866,508",$59.93,False,False,False,False,-0.25%,0.04%,0.00%,4.27%,4.86%,3.17%,$0.0,-$72.01995,$5.88255,-$6.02515,"-$1,717.3005","$1,168.8319",Total Bond Market,2014-08-05,0.45%,$2.57,2025-12-29,$0.20,4.28%,Monthly,0.77%,,0.01,0.25%,1.19%,0.80%,0.63%,First Trust,614,9.27%,11.84%,27.39%,40%,20%,1099,$59.91,$60.12,$59.93,$59.94,51.28,A,,B,A,A,B+,,7.18,98.90%,77.75%,134.29,3.12%,1.16%
60,BOND,PIMCO Active Bond Exchange-Traded Fund,Bond,"$7,215,950,000","446,808",$93.58,False,False,False,False,0.01%,0.28%,0.54%,8.12%,4.80%,0.31%,$29.9456,$332.2748,$332.2748,"$1,858.8392","$3,829.0336","$3,701.925",Total Bond Market,2012-02-29,0.45%,$4.76,2025-12-31,$0.40,5.09%,Monthly,2.34%,,0.27,7.05%,2.68%,2.84%,2.99%,Allianz Investment Management LLC,"1,351",27.89%,36.81%,62.73%,40%,20%,1099,$93.11,$93.87,,,56.31,A-,,B-,C,B,A-,B+,,,,,,
61,TFI,State Street SPDR Nuveen ICE Municipal Bond ETF,Bond,"$3,033,690,000","405,397",$46.02,False,False,False,False,0.26%,0.70%,0.68%,4.02%,2.25%,-0.19%,$13.774383,-$0.006315,$4.56013,-$746.915936,-$824.18538,$129.689332,National Munis,2007-09-11,0.23%,$1.52,2025-12-18,$0.14,3.30%,Monthly,0.92%,,0.3,31.46%,2.09%,1.82%,2.02%,State Street,"1,768",2.78%,3.73%,9.15%,40%,20%,1099,$45.77,$46.04,$45.97,$46.05,64.74,A,,A-,B,A,B,A,,,,,,
62,SPMB,State Street SPDR Portfolio Mortgage Backed Bond ETF,Bond,"$6,737,990,000","809,887",$22.50,False,False,False,False,0.00%,0.18%,0.38%,7.99%,3.79%,0.03%,$4.497415,$49.447462,$56.171825,$851.153199,"$2,479.139239","$4,276.294194",Mortgage Backed Securities,2009-01-15,0.04%,$0.89,2025-12-18,$0.14,3.97%,Monthly,0.55%,,0.26,7.30%,3.35%,3.08%,3.19%,State Street,"2,632",14.38%,16.70%,29.10%,40%,20%,1099,$22.39,$22.61,$22.48,$22.54,53.72,A-,A+,A-,B,A,A,,,,,,,
63,SCHR,Schwab Intermediate-Term U.S. Treasury ETF,Bond,"$12,490,000,000","2,141,482",$25.07,False,False,False,False,0.16%,-0.28%,-0.04%,6.61%,3.48%,-0.19%,$22.536,$305.846,-$105.302,"$2,073.032","$4,666.261","$9,105.053",Government Bonds,2010-08-05,0.03%,$0.96,2025-12-19,$0.08,3.85%,Monthly,0.49%,,0.17,11.84%,2.03%,2.29%,2.65%,The Charles Schwab Corp.,102,19.22%,27.33%,69.01%,40%,20%,1099,$24.98,$25.14,$25.05,$25.08,51.8,A-,,B,B,B+,B,B+,5.78,18.10%,27.17%,1.56,0.00%,0.00%
64,IAGG,iShares Core International Aggregate Bond ETF,Bond,"$11,518,300,000","1,078,503",$50.30,False,False,False,False,0.28%,0.34%,0.58%,3.48%,4.86%,0.72%,$0.0,$12.51735,$423.15449,"$4,507.29719","$7,262.36879","$8,502.66672",Total Bond Market,2015-11-10,0.07%,$1.54,2025-12-19,$1.54,3.06%,Annually,0.58%,,0.19,4.87%,1.43%,1.73%,1.77%,"BlackRock, Inc.","7,123",5.64%,7.54%,15.93%,40%,20%,1099,$50.07,$50.35,$50.27,$50.35,58.38,A-,,,A-,,B-,,5.99,34.38%,31.78%,46.33,1.20%,0.93%
65,HYD,VanEck High Yield Muni ETF,Bond,"$4,230,920,000","867,830",$51.11,False,False,False,False,-0.10%,0.03%,-0.02%,3.01%,3.43%,-0.12%,$0.0,$194.118085,$194.118085,"$1,013.158295","$1,135.45524","$1,566.06539",National Munis,2009-02-04,0.32%,$2.19,2025-12-29,$0.18,4.29%,Monthly,1.08%,,0.35,46.92%,3.39%,2.83%,2.68%,VanEck,"1,885",8.49%,11.11%,23.66%,40%,20%,1099,$50.99,$51.44,$51.04,$51.19,52.19,A,,A,C+,A,A,B+,,,,,,
66,IVOL,KraneShares Quadratic Interest Rate Volatility and Inflation Hedge ETF,Bond,"$478,561,000","481,489",$18.96,False,False,False,False,1.08%,-0.72%,-0.76%,10.47%,-1.60%,-4.38%,-$0.788798,-$12.833335,-$12.639108,-$0.45737,-$301.720418,-$200.838732,Inflation-Protected Bonds,2019-05-13,1.02%,$0.69,2026-01-29,$0.06,3.66%,Monthly,0.65%,,0.04,32.43%,6.67%,5.79%,5.59%,KraneShares,3,100.00%,100.00%,100.00%,40%,20%,1099,$18.65,$19.11,$18.88,$19.00,50.5,A-,,,C,,B+,,5.78,24.58%,27.24%,1.56,0.00%,0.00%
67,EMLC,VanEck J. P. Morgan EM Local Currency Bond ETF,Bond,"$4,691,600,000","2,613,092",$26.30,False,False,False,False,0.00%,2.18%,1.86%,17.75%,7.64%,1.44%,$194.75222,$381.75729,$381.75729,"$1,671.88709","$1,439.58424","$1,886.00503",Emerging Markets Bonds,2010-07-22,0.30%,$1.53,2025-12-29,$0.14,5.80%,Monthly,1.16%,,0.38,15.33%,5.39%,4.45%,4.25%,VanEck,488,7.66%,10.96%,27.77%,40%,20%,1099,$25.64,$26.54,$26.23,$26.42,64.28,A,A-,C+,B+,A+,A+,A,4.72,75.82%,13.05%,170.03,0.10%,0.06%
68,SPTS,State Street SPDR Portfolio Short Term Treasury ETF,Bond,"$6,127,850,000","1,515,514",$29.33,False,False,False,False,0.17%,0.19%,0.17%,4.96%,4.32%,1.76%,$38.064057,$210.750259,$222.455604,$336.192308,"$2,115.246419","$3,288.941761",Government Bonds,2011-11-30,0.03%,$1.17,2025-12-18,$0.10,3.98%,Monthly,0.40%,,0.05,3.18%,0.59%,0.84%,1.01%,State Street,98,13.90%,20.46%,62.07%,40%,20%,1099,$29.25,$29.31,$29.31,$29.34,71.07,A-,,B+,B+,B+,B,,5.78,13.43%,27.13%,1.56,0.00%,0.00%
69,SPIP,State Street SPDR Portfolio TIPS ETF,Bond,"$993,116,000","236,625",$26.07,False,False,False,False,0.12%,0.29%,0.46%,5.88%,3.27%,0.81%,$0.0,$23.390457,$23.390457,$124.303603,"-$1,135.163799",-$837.684059,Inflation-Protected Bonds,2007-05-25,0.12%,$1.06,2025-12-18,$0.10,4.07%,Monthly,0.47%,,0.27,13.02%,2.75%,2.62%,2.85%,State Street,50,31.60%,45.92%,100.00%,40%,20%,1099,$25.92,$26.12,$26.05,$26.09,54.22,B+,,A,B,A,B,,5.78,16.95%,27.19%,1.56,0.00%,0.00%
70,TOTL,State Street DoubleLine Total Return Tactical ETF,Bond,"$4,103,860,000","385,486",$40.30,False,False,False,False,0.07%,-0.02%,0.12%,6.97%,4.49%,0.55%,$8.046782,$48.270272,$64.356528,$643.61085,"$1,734.82323","$1,348.034973",Total Bond Market,2015-02-23,0.55%,$2.11,2025-12-18,$0.26,5.23%,Monthly,0.86%,,0.21,3.80%,2.15%,2.36%,2.67%,State Street,"1,455",26.27%,30.05%,46.47%,40%,20%,1099,$40.18,$40.40,$40.29,$40.33,53.6,A-,,,B,,A-,,,,,,,
71,SPTI,State Street SPDR Portfolio Intermediate Term Treasury ETF,Bond,"$9,838,320,000","2,273,743",$28.83,False,False,False,False,0.21%,-0.24%,-0.03%,6.68%,3.54%,-0.16%,$11.510134,$224.938194,$233.588171,"$2,772.764504","$5,983.405992","$7,643.976662",Government Bonds,2007-05-23,0.03%,$1.09,2025-12-18,$0.09,3.78%,Monthly,0.56%,,0.16,11.57%,1.89%,2.20%,2.63%,State Street,104,18.85%,26.68%,66.35%,40%,20%,1099,$28.72,$28.91,$28.81,$28.85,51.99,A-,,B,B,B,C+,,5.78,13.33%,27.06%,1.56,0.00%,0.00%
72,VWOB,Vanguard Emerging Markets Government Bond ETF,Bond,"$5,881,010,000","701,375",$67.66,False,False,False,False,-0.09%,0.01%,0.34%,11.79%,8.23%,1.82%,$40.585307,$189.002688,$189.002688,$766.546434,"$2,273.085171","$3,501.455912",Emerging Markets Bonds,2013-05-31,0.15%,$3.99,2025-12-18,$0.32,5.90%,Monthly,2.66%,,0.5,7.31%,3.35%,3.26%,3.74%,Vanguard,873,6.45%,8.38%,18.43%,40%,20%,1099,$67.18,$67.81,$67.60,$67.74,56.61,A-,A,A-,B-,A,B-,A+,3.96,40.10%,2.00%,627.41,0.00%,0.03%
73,GSY,Invesco Ultra Short Duration ETF,Bond,"$3,280,280,000","729,941",$50.25,False,False,False,False,0.12%,0.39%,0.37%,3.37%,4.27%,2.66%,-$90.4452,-$104.9249,$40.8291,$805.5427,"$1,174.5465",$240.8515,Corporate Bonds,2008-02-12,0.22%,$1.51,2026-01-20,$0.19,3.01%,Monthly,0.42%,,0.02,1.21%,0.33%,0.32%,0.85%,Invesco,371,11.63%,14.29%,30.30%,40%,20%,1099,$50.07,$50.25,$50.25,$50.26,92.29,A-,,C,A,B+,C,A,6.98,83.09%,70.14%,121.92,4.25%,1.13%
74,FTSL,First Trust Senior Loan Fund,Bond,"$2,343,510,000","260,356",$45.42,False,False,False,False,-0.85%,-0.53%,-0.49%,5.39%,7.66%,5.15%,$0.0,$0.0,$0.0,$26.48585,-$389.7989,"$1,095.37415",High Yield Bonds,2013-05-01,0.87%,$3.24,2026-01-21,$0.24,7.13%,Monthly,0.96%,,0.15,16.40%,1.94%,1.49%,1.68%,First Trust,280,26.40%,30.92%,54.87%,40%,20%,1099,$45.56,$45.95,$45.35,$45.52,37.34,A-,,A-,A,A,B+,A-,,,,,,
75,VNLA,Janus Henderson Short Duration Income ETF,Bond,"$2,969,670,000","376,065",$49.17,False,False,False,False,-0.26%,0.08%,0.06%,5.17%,5.76%,3.49%,$7.398,$71.394,$71.394,$625.968,$561.032,-$28.839765,Total Bond Market,2016-11-16,0.23%,$2.38,2025-12-22,$0.20,4.84%,Monthly,0.77%,,0.03,0.66%,1.22%,0.91%,0.73%,Janus Henderson,281,19.19%,23.34%,45.15%,40%,20%,1099,$49.13,$49.35,$49.15,$49.18,53.6,A-,,C+,A,A-,A-,,6.39,43.00%,45.26%,333.16,7.64%,0.43%
76,PCY,Invesco Emerging Markets Sovereign Debt ETF,Bond,"$1,263,950,000","374,103",$21.56,False,False,True,False,-0.37%,-0.62%,0.03%,13.46%,9.79%,0.71%,$0.0,-$43.166,-$43.166,-$120.3125,-$590.5268,-$851.507,Emerging Markets Bonds,2007-10-11,0.50%,$1.39,2026-01-20,$0.11,6.46%,Monthly,1.11%,,0.73,68.46%,5.71%,5.45%,5.72%,Invesco,97,12.43%,17.93%,54.61%,40%,20%,1099,$21.42,$21.68,$21.53,$21.61,50.49,A,B-,B,C,B+,A,B,3.75,15.42%,1.50%,1.56,0.00%,0.00%
77,IGLB,iShares 10+ Year Investment Grade Corporate Bond ETF,Bond,"$2,800,450,000","1,658,510",$50.68,False,False,False,False,-0.65%,-0.28%,0.46%,6.91%,3.34%,-2.29%,-$76.55285,$20.1331,$30.22778,$49.05034,"$1,285.03443",$957.05718,Corporate Bonds,2009-12-08,0.04%,$2.59,2025-12-19,$0.22,5.12%,Monthly,1.59%,,0.65,63.76%,6.46%,6.29%,6.31%,"BlackRock, Inc.","3,824",2.36%,3.27%,7.86%,40%,20%,1099,$50.34,$51.20,,,48.71,A-,,A,C,A-,B+,,6.3,29.17%,41.62%,409.79,15.48%,2.95%
78,VGLT,Vanguard Long-Term Treasury ETF,Bond,"$10,101,400,000","2,276,470",$55.73,False,False,False,False,-0.68%,-0.87%,-0.13%,4.14%,-1.55%,-6.66%,-$9.256102,-$121.299861,-$121.299861,$286.967888,"$6,747.6859","$10,068.414258",Government Bonds,2009-11-19,0.03%,$2.48,2025-12-18,$0.21,4.45%,Monthly,1.31%,,0.5,24.09%,7.56%,6.95%,7.34%,Vanguard,97,21.79%,29.82%,75.17%,40%,20%,1099,$55.51,$56.47,,,45.82,A-,,C+,C+,B+,A-,A-,5.78,89.05%,27.81%,0.0,0.00%,0.00%
79,PZA,Invesco National AMT-Free Municipal Bond ETF,Bond,"$3,283,760,000","1,484,297",$23.29,False,False,False,False,0.43%,0.65%,0.74%,2.63%,2.47%,-0.13%,$19.71855,-$12.4928,-$11.3303,$251.0267,"$1,180.29465","$1,369.7171",National Munis,2007-10-11,0.28%,$0.90,2026-01-20,$0.07,3.85%,Monthly,0.59%,,0.36,56.37%,3.19%,2.61%,3.06%,Invesco,"5,697",2.71%,3.29%,6.94%,40%,20%,1099,$23.12,$23.34,,,59.78,A,,B+,C,B+,B+,B,,,,,,
80,SLQD,iShares 0-5 Year Investment Grade Corporate Bond ETF,Bond,"$2,359,860,000","209,800",$50.90,False,False,False,False,0.22%,0.34%,0.39%,6.11%,5.47%,2.46%,$5.08042,$10.1511,$15.21827,$128.31421,-$652.645315,$228.73707,Corporate Bonds,2013-10-15,0.06%,$2.11,2025-12-19,$0.18,4.14%,Monthly,0.89%,,0.1,0.74%,0.68%,0.90%,1.04%,"BlackRock, Inc.","2,916",2.47%,3.17%,7.33%,40%,20%,1099,$50.67,$50.86,$50.87,$50.91,75.2,B+,,B-,A-,B+,C,A-,6.75,95.59%,60.22%,134.73,9.77%,2.63%
81,GVI,iShares Intermediate Government/Credit Bond ETF,Bond,"$3,890,360,000","160,803",$107.46,False,False,False,False,0.13%,-0.06%,0.10%,6.23%,4.26%,0.85%,$0.0,-$10.759155,-$10.759155,$529.27875,"$1,085.603265","$1,735.08392",Total Bond Market,2007-01-05,0.20%,$3.73,2025-12-19,$0.32,3.47%,Monthly,1.97%,,0.14,2.09%,1.32%,1.62%,1.83%,"BlackRock, Inc.","6,109",7.42%,10.63%,28.50%,40%,20%,1099,$107.15,$107.54,$107.40,$107.50,56.8,B+,,A,B+,B+,C,B+,6.11,52.21%,34.59%,190.0,2.93%,0.94%
82,BAB,Invesco Taxable Municipal Bond ETF,Bond,"$1,049,810,000","135,987",$27.09,False,False,False,False,-0.37%,-0.44%,-0.08%,7.19%,4.09%,-0.77%,$8.13725,$23.09585,$23.09585,-$16.68325,-$510.99785,-$832.61375,National Munis,2009-11-17,0.28%,$1.17,2026-01-20,$0.09,4.31%,Monthly,0.74%,,0.32,20.35%,4.82%,4.84%,5.03%,Invesco,"1,347",9.69%,12.99%,28.04%,40%,20%,1099,$27.03,$27.30,$27.05,$27.16,48.04,B+,,A,C,A-,A-,B+,,,,,,
83,FLRN,State Street SPDR Bloomberg Investment Grade Floating Rate ETF,Bond,"$2,777,360,000","898,256",$30.85,False,False,False,False,0.06%,0.44%,0.39%,4.97%,5.83%,3.91%,$18.490629,$64.67872,$64.67872,$203.235555,-$201.899294,$401.139792,Corporate Bonds,2011-11-30,0.15%,$1.50,2025-12-18,$0.12,4.88%,Monthly,0.45%,,0.02,2.40%,0.43%,0.48%,0.60%,State Street,501,9.38%,12.74%,29.62%,40%,20%,1099,$30.72,$30.87,$30.83,$30.86,85.64,A-,,C,A,B+,A-,C+,7.34,95.17%,82.90%,27.77,1.81%,0.90%
84,FMB,First Trust Managed Municipal ETF,Bond,"$1,942,080,000","173,960",$51.42,False,False,False,False,0.27%,0.84%,0.86%,4.44%,3.46%,0.81%,$12.8148,-$20.61,-$20.61,-$84.607,$7.947132,$283.398493,National Munis,2014-05-13,0.65%,$1.88,2026-01-21,$0.15,3.66%,Monthly,1.06%,,0.25,19.95%,1.67%,1.54%,1.85%,First Trust,"1,209",5.79%,7.74%,17.66%,40%,20%,1099,$51.06,$51.43,$51.37,$51.46,71.46,A-,,B+,B,A-,B+,,,,,,,
85,HYLS,First Trust Tactical High Yield ETF,Bond,"$1,798,230,000","244,778",$41.60,False,False,False,False,-0.49%,-0.02%,-0.09%,7.05%,7.86%,3.26%,$12.5022,$31.32545,$31.32545,$132.8592,$184.5539,-$57.90895,High Yield Bonds,2013-02-27,1.02%,$2.91,2026-01-21,$0.23,7.00%,Monthly,1.11%,,0.4,9.88%,2.28%,2.26%,2.67%,First Trust,310,15.63%,20.59%,44.90%,40%,20%,1099,$41.59,$41.87,$41.37,$41.97,50.49,A-,,A-,B+,A-,B-,A-,,,,,,
86,JMST,JPMorgan Ultra-Short Municipal Income ETF,Bond,"$6,110,690,000","1,594,414",$51.13,False,False,False,False,0.10%,0.40%,0.37%,3.34%,3.41%,2.17%,$61.2375,-$290.9215,-$280.7435,"$2,835.982","$3,451.0785","$4,778.612",Government Bonds,2018-10-16,0.18%,$1.45,2025-12-31,$0.11,2.83%,Monthly,0.50%,,0.03,0.62%,0.52%,0.49%,0.65%,JP Morgan,"1,640",18.14%,21.41%,38.77%,40%,20%,1099,$50.95,$51.15,$51.10,$51.14,79.71,A,,,A,,C,,,,,,,
87,FBND,Fidelity Total Bond ETF,Bond,"$24,117,500,000","2,624,183",$46.02,False,False,False,False,0.01%,-0.04%,0.27%,7.00%,4.44%,0.62%,$172.822436,$610.279615,$610.279615,"$6,401.008355","$20,793.204704","$22,460.366104",Total Bond Market,2014-10-06,0.36%,$2.16,2026-01-29,$0.15,4.70%,Monthly,1.04%,,0.28,21.74%,2.55%,2.81%,2.98%,Fidelity,"4,329",17.90%,23.52%,42.29%,40%,20%,1099,$45.85,$46.15,$45.95,$46.12,52.82,A,,C+,B-,B,B+,,5.85,16.18%,29.15%,220.97,1.31%,0.45%
88,PULS,PGIM Ultra Short Bond ETF,Bond,"$13,732,800,000","2,403,544",$49.80,False,False,False,False,0.08%,0.45%,0.42%,4.99%,5.75%,3.90%,$6.229,$337.95125,$360.26675,"$3,445.142","$9,759.567225","$12,404.60219",Total Bond Market,2018-04-05,0.15%,$2.37,2025-12-30,$0.23,4.76%,Monthly,0.71%,,0.01,0.00%,0.34%,0.33%,0.34%,Prudential,579,9.86%,12.61%,26.74%,40%,20%,1099,$49.59,$49.82,$49.79,$49.82,94.82,A,,,A,,A-,,6.92,81.64%,67.86%,163.24,6.91%,1.03%
89,CMF,iShares California Muni Bond ETF,Bond,"$3,933,660,000","439,179",$57.90,False,False,False,False,0.28%,0.85%,0.77%,4.60%,2.98%,0.60%,$28.823333,$112.302218,$112.302218,$28.866967,"$1,858.115453","$2,357.655318",California Munis,2007-10-04,0.08%,$1.69,2025-12-19,$0.14,2.92%,Monthly,1.24%,,0.26,32.41%,2.12%,1.65%,1.92%,"BlackRock, Inc.","1,471",4.90%,6.65%,15.68%,40%,20%,1099,$57.53,$57.95,$57.84,$57.93,67.88,A,A+,A,A,A+,A-,A+,,,,,,
90,ITM,VanEck Intermediate Muni ETF,Bond,"$2,197,420,000","266,138",$47.44,False,False,False,False,0.38%,0.64%,0.59%,5.96%,3.31%,0.44%,$0.0,$56.54911,$56.54911,$160.807125,$136.58309,$555.927779,National Munis,2007-12-04,0.18%,$1.35,2025-12-29,$0.12,2.84%,Monthly,1.14%,,0.28,11.40%,2.32%,1.87%,2.10%,VanEck,"1,370",5.28%,6.61%,14.22%,40%,20%,1099,$47.13,$47.49,$47.39,$47.47,64.46,A-,,A-,B,A,B-,A,,,,,,
91,VUSB,Vanguard Ultra-Short Bond ETF,Bond,"$7,326,630,000","1,644,846",$50.03,False,False,False,False,0.17%,0.40%,0.38%,5.16%,5.45%,,$57.436,$553.6025,$571.036,"$2,796.0665","$3,952.3755","$7,271.551",Government Bonds,2021-04-05,0.10%,$2.31,2025-12-18,$0.18,4.61%,Monthly,0.73%,,0.03,0.89%,0.43%,0.47%,0.45%,Vanguard,"1,223",10.79%,12.76%,23.83%,40%,20%,1099,$49.83,$50.01,$50.01,$50.04,87.47,A-,,A-,A-,A,A,,6.67,64.25%,57.04%,142.83,5.11%,1.62%
92,HYMB,State Street SPDR Nuveen ICE High Yield Municipal Bond ETF,Bond,"$3,003,790,000","1,030,759",$25.10,False,False,False,False,0.16%,0.92%,0.64%,1.92%,3.88%,0.36%,$0.0,$85.379981,$85.379981,$207.466227,$993.534542,"$1,798.941869",National Munis,2011-04-13,0.35%,$1.13,2025-12-18,$0.10,4.52%,Monthly,0.52%,,0.38,43.21%,3.66%,2.93%,2.93%,State Street,"1,853",9.07%,10.99%,20.20%,40%,20%,1099,$24.96,$25.22,,,56.18,A,,A-,C+,A,A,B,,,,,,
93,ICVT,iShares Convertible Bond ETF,Bond,"$4,831,530,000","701,086",$103.52,False,False,False,False,-0.25%,4.38%,5.10%,19.80%,14.35%,3.83%,$222.7512,$579.945575,$579.945575,"$1,626.140295","$2,709.00993","$3,068.51905",Preferred Stock/Convertible Bonds,2015-06-02,0.20%,$1.70,2025-12-19,$0.22,1.65%,Monthly,7.40%,,0.66,15.79%,12.17%,12.95%,13.97%,"BlackRock, Inc.",366,13.83%,17.54%,36.45%,40%,20%,1099,$99.95,$105.88,$102.58,$104.95,56.27,B+,,A+,C,B+,C+,A-,6.01,50.00%,32.24%,286.28,5.95%,8.25%
94,HYS,PIMCO 0-5 Year High Yield Corporate Bond Index Exchange-Traded Fund,Bond,"$1,644,270,000","118,862",$95.18,False,False,False,False,-0.12%,0.39%,0.38%,7.49%,8.69%,5.51%,$0.0,$99.8475,$114.0645,$236.988,$273.526,-$221.654,High Yield Bonds,2011-06-16,0.56%,$6.83,2025-12-31,$0.62,7.18%,Monthly,2.58%,,0.32,7.56%,1.75%,2.14%,2.63%,Allianz Investment Management LLC,784,10.01%,12.05%,22.83%,40%,20%,1099,$94.96,$95.48,$95.02,$95.27,58.54,B+,,C,B,B+,A-,A-,5.35,21.05%,19.65%,192.87,3.83%,2.74%
95,GBIL,ACCESS TREASURY 0-1 YEAR ETF,Bond,"$7,147,130,000","798,737",$100.20,False,False,False,False,0.06%,0.30%,0.26%,4.14%,4.75%,3.08%,$11.0176,$455.4662,$459.4634,"$1,313.2322","$2,439.6021","$4,742.3671",Government Bonds,2016-09-06,0.12%,$4.02,2025-12-31,$0.34,4.01%,Monthly,1.17%,,0.01,0.41%,0.16%,0.18%,0.20%,Goldman Sachs,49,50.93%,62.80%,100.00%,40%,20%,1099,$99.93,$100.22,$100.20,$100.21,99.76,B+,,A,A,A,B+,,5.78,88.06%,27.81%,0.0,0.00%,0.00%
96,USFR,WisdomTree Floating Rate Treasury Fund,Bond,"$16,228,900,000","4,039,243",$50.35,False,False,False,False,0.06%,0.40%,0.36%,4.21%,4.97%,3.42%,$79.65093,-$174.57384,-$121.73784,"-$1,281.38467","$2,797.735385","$15,138.699845",Government Bonds,2014-02-04,0.15%,$2.07,2026-01-27,$0.16,4.11%,Monthly,0.58%,,0.09,0.25%,0.21%,0.23%,0.26%,"WisdomTree, Inc.",6,100.00%,100.00%,100.00%,40%,20%,1099,$50.15,$50.37,$50.34,$50.35,95.82,A,,A,A,A,A-,,5.78,88.06%,27.81%,0.0,0.00%,0.00%
97,FLCB,Franklin U.S. Core Bond ETF,Bond,"$2,838,340,000","362,283",$21.69,False,False,False,False,0.05%,0.00%,0.30%,6.65%,3.77%,-0.34%,$3.24945,$46.5422,$46.5422,$429.48565,"$1,312.00215","$1,530.57415",Total Bond Market,2019-09-17,0.15%,$0.91,2025-12-19,$0.08,4.18%,Monthly,0.45%,,0.24,16.69%,2.61%,2.65%,2.92%,Franklin Templeton,452,24.54%,29.74%,49.53%,40%,20%,1099,$21.60,$21.73,,,54.37,A-,,,B-,,B-,,6.0,30.51%,32.02%,374.84,4.65%,1.01%
98,EAGG,iShares ESG Aware US Aggregate Bond ETF,Bond,"$4,570,980,000","351,906",$47.94,False,False,False,False,-0.04%,-0.06%,0.19%,6.57%,3.56%,-0.32%,$9.58494,$163.1162,$163.1162,$781.37366,"$2,161.60257","$3,756.75202",Total Bond Market,2018-10-18,0.10%,$1.87,2025-12-19,$0.16,3.91%,Monthly,1.00%,,0.26,3.34%,2.59%,2.74%,2.90%,"BlackRock, Inc.","5,232",8.02%,9.75%,19.00%,40%,20%,1099,$47.80,$48.08,,,51.99,A-,,,B-,,C+,,6.67,92.28%,57.04%,130.54,2.07%,1.45%
99,JPHY,JPMorgan Active High Yield ETF,Bond,"$2,160,900,000","27,111",$50.92,False,False,False,False,0.04%,0.61%,0.66%,,,,$0.0,$17.6965,$17.6965,$133.716,$133.716,$133.716,High Yield Bonds,2025-06-24,0.45%,$1.68,2025-12-31,$0.26,3.29%,Annually,,,0.27,2.12%,1.22%,1.94%,2.55%,JP Morgan,497,12.31%,15.68%,33.15%,40%,20%,1099,$50.65,$50.98,$50.86,$50.96,66.29,B+,,A-,C+,B-,C,,5.46,34.21%,21.31%,262.82,6.00%,2.37%
100,TBT,ProShares UltraShort 20+ Year Treasury,Bond,"$270,091,000","382,744",$35.11,True,-2x,False,False,1.98%,2.75%,0.49%,0.25%,12.39%,18.03%,$5.170649,$13.485278,$13.485278,-$7.351167,-$565.486988,"-$1,128.260684",Inverse Bonds,2008-04-29,0.93%,$1.12,2025-12-24,$0.31,3.20%,Quarterly,1.40%,,-1.07,46.77%,17.36%,15.86%,16.26%,Proshare Advisors LLC,2,100.00%,100.00%,100.00%,40%,20%,1099,$33.97,$35.27,,,56.42,A+,A+,A-,B,A,C,A-,,,,,,
101,TLH,iShares 10-20 Year Treasury Bond ETF,Bond,"$12,426,600,000","1,347,035",$101.60,False,False,False,False,-0.46%,-0.69%,-0.07%,5.22%,0.04%,-5.02%,-$30.675398,$61.214479,$81.530523,"$5,350.144678","$5,887.323829","$12,499.576749",Government Bonds,2007-01-05,0.15%,$4.24,2025-12-19,$0.38,4.17%,Monthly,2.35%,,0.44,21.23%,6.37%,6.04%,6.39%,"BlackRock, Inc.",67,39.21%,54.66%,99.22%,40%,20%,1099,$101.19,$102.75,,,46.76,A-,,C+,C+,B-,B,C,5.78,89.05%,27.81%,0.0,0.00%,0.00%
102,TDTT,FlexShares iBoxx 3-Year Target Duration TIPS Index Fund,Bond,"$2,512,070,000","260,983",$24.18,False,False,False,False,0.42%,0.54%,0.50%,6.12%,4.78%,3.06%,$0.0,-$24.036445,-$25.238115,$354.4816,$469.2509,"$1,342.466455",Inflation-Protected Bonds,2011-09-19,0.18%,$1.09,2025-12-19,$0.09,4.50%,Monthly,0.39%,,0.13,2.39%,1.46%,1.37%,1.50%,Northern Trust Corp.,24,62.77%,79.43%,100.00%,40%,20%,1099,$24.01,$24.16,,,65.56,A-,,B-,A-,B+,A-,C+,5.78,72.03%,27.81%,0.0,0.00%,0.00%
103,PTBD,Pacer Trendpilot US Bond ETF,Bond,"$109,030,000","37,929",$19.45,False,False,False,False,0.00%,0.56%,0.56%,1.56%,4.08%,-1.35%,$0.0,-$7.79382,-$7.79382,-$43.13147,-$161.85319,-$117.31296,High Yield Bonds,2019-10-22,0.60%,$1.08,2026-01-22,$0.06,5.55%,Monthly,0.22%,,0.36,35.38%,2.30%,2.96%,3.34%,Pacer Advisors,"1,059",5.98%,7.31%,14.78%,40%,20%,1099,$19.36,$19.49,$19.42,$19.47,56.88,B-,,,B-,,C+,,5.78,38.51%,27.81%,0.0,0.00%,0.00%
104,HYEM,VanEck Emerging Markets High Yield Bond ETF,Bond,"$441,184,000","134,735",$20.19,False,False,False,False,0.15%,0.85%,1.51%,9.19%,8.83%,3.04%,$0.0,$0.0,$0.0,$22.72342,-$18.24889,$12.01345,High Yield Bonds,2012-05-08,0.40%,$1.33,2025-12-29,$0.11,6.57%,Monthly,0.58%,,0.35,14.48%,1.63%,3.62%,4.40%,VanEck,515,7.60%,10.06%,24.15%,40%,20%,1099,$19.87,$20.24,$20.17,$20.22,68.06,B+,,A-,C,B+,B,A-,4.65,77.63%,12.41%,649.7,6.90%,2.30%
105,EBND,SPDR Bloomberg Emerging Markets Local Bond ETF,Bond,"$2,296,880,000","310,887",$21.66,False,False,False,False,0.14%,1.40%,1.36%,14.28%,5.78%,0.10%,$0.0,$29.915802,$29.915802,$279.499452,$1.305812,"$1,560.267577",Emerging Markets Bonds,2011-02-23,0.30%,$1.18,2025-12-18,$0.11,5.47%,Monthly,0.80%,,0.4,14.64%,5.37%,4.34%,4.08%,State Street,618,6.62%,9.30%,23.62%,40%,20%,1099,$21.22,$21.84,$21.61,$21.75,61.32,A,A-,B,A-,A,B-,A,4.67,69.67%,12.59%,1.18,0.00%,0.02%
106,EDV,Vanguard Extended Duration Treasury ETF,Bond,"$3,918,660,000","1,115,652",$64.85,False,False,False,False,-1.67%,-1.73%,-0.25%,-0.23%,-6.77%,-11.82%,-$26.352,-$52.9365,-$52.9365,$300.78825,"$3,140.78625","$4,148.46625",Government Bonds,2007-12-06,0.05%,$3.21,2025-12-18,$0.81,4.95%,Quarterly,2.19%,,0.71,35.14%,13.59%,12.17%,12.61%,Vanguard,80,16.48%,23.84%,69.47%,40%,20%,1099,$64.48,$66.52,$64.68,$65.18,44.05,B+,,C,C,B,A,A-,5.78,89.05%,27.81%,0.0,0.00%,0.00%
107,STPZ,PIMCO 1-5 Year US TIPS Index Exchange-Traded Fund,Bond,"$431,396,000","33,354",$53.96,False,False,False,False,0.47%,0.54%,0.56%,6.04%,4.86%,3.12%,$0.0,-$0.001,-$0.001,-$5.481,-$690.4575,-$170.7345,Inflation-Protected Bonds,2009-08-20,0.20%,$1.96,2025-12-31,$0.17,3.63%,Monthly,0.86%,,0.11,4.33%,1.21%,1.25%,1.64%,Allianz Investment Management LLC,25,64.88%,85.03%,100.00%,40%,20%,1099,$53.57,$53.89,,,67.94,B,,C+,A-,B-,B-,B-,5.78,72.03%,27.81%,0.0,0.00%,0.00%
108,LDUR,PIMCO Enhanced Low Duration Active ETF,Bond,"$1,245,840,000","72,308",$96.19,False,False,False,False,0.10%,0.17%,0.26%,5.32%,5.09%,2.11%,$7.6848,$34.5692,$36.4872,$381.9192,-$138.1358,$515.8234,Total Bond Market,2014-01-22,0.54%,$4.41,2025-12-31,$0.35,4.58%,Monthly,1.48%,,0.03,2.83%,0.69%,0.97%,1.28%,Allianz Investment Management LLC,605,27.91%,31.92%,51.61%,40%,20%,1099,$95.94,$96.23,$96.08,$96.39,68.66,B,,B+,A-,B,B,B-,,,,,,
109,DIAL,Columbia Diversified Fixed Income Allocation ETF,Bond,"$445,568,000","83,760",$18.46,False,False,True,False,0.16%,0.35%,0.57%,9.29%,5.44%,0.39%,$0.0,$17.4395,$17.4395,$52.947,-$53.5798,-$246.198506,Total Bond Market,2017-10-12,0.29%,$0.88,2025-12-29,$0.08,4.78%,Monthly,0.52%,,0.42,15.10%,2.73%,2.85%,2.83%,Ameriprise Financial,686,25.11%,29.78%,48.11%,40%,20%,1099,$18.34,$18.50,$18.44,$18.48,58.05,B,,,B,,B+,,5.61,13.63%,23.74%,321.84,3.94%,1.33%
110,QLTA,iShares Aaa - A Rated Corporate Bond ETF,Bond,"$1,729,620,000","241,968",$48.21,False,False,False,False,-0.14%,-0.14%,0.25%,6.85%,4.15%,-0.26%,-$12.06395,$2.378045,$2.378045,-$31.729845,$906.86583,$519.47122,Corporate Bonds,2012-02-14,0.15%,$2.08,2025-12-19,$0.18,4.32%,Monthly,1.14%,,0.36,12.56%,3.14%,3.26%,3.34%,"BlackRock, Inc.","3,356",2.82%,3.57%,7.43%,40%,20%,1099,$48.03,$48.37,$48.18,$48.25,51.63,B,,A,C+,B+,C+,A-,6.59,60.90%,53.19%,188.31,12.49%,1.82%
111,IGOV,iShares International Treasury Bond ETF,Bond,"$1,070,970,000","245,633",$42.41,False,False,False,False,0.64%,1.24%,1.80%,10.08%,1.58%,-4.78%,$4.21319,$54.18335,$54.18335,$567.564565,-$132.79335,$209.651825,International Government Bonds,2009-01-21,0.35%,$0.00,2024-12-18,$0.23,0.00%,Annually,1.21%,,0.44,53.33%,7.40%,7.55%,6.72%,"BlackRock, Inc.",883,4.47%,6.35%,17.18%,40%,20%,1099,$41.03,$42.80,$42.30,$42.62,56.35,A,A-,A-,B+,A,A-,A,6.63,71.91%,55.17%,0.0,0.00%,0.00%
112,UITB,VictoryShares Core Intermediate Bond ETF,Bond,"$2,741,370,000","174,589",$47.41,False,False,False,False,0.07%,-0.07%,0.18%,6.77%,4.22%,0.30%,$11.841849,$40.245184,$40.245184,$342.993718,"$1,272.057678","$2,195.471258",Total Bond Market,2017-10-24,0.38%,$1.91,2026-01-08,$0.03,4.04%,Monthly,1.00%,,0.24,2.99%,2.36%,2.56%,2.74%,Victory Capital,"1,114",17.82%,22.25%,39.36%,40%,20%,1099,$47.25,$47.51,,,53.12,B+,,,B,,C+,,6.02,33.46%,32.54%,410.43,2.76%,0.92%
113,AGGY,WisdomTree Yield Enhanced U.S. Aggregate Bond Fund,Bond,"$883,978,000","83,838",$43.97,False,False,False,False,-0.09%,-0.05%,0.18%,6.95%,4.34%,-0.28%,$0.0,$66.1097,$66.1097,-$36.1452,$5.96552,-$93.70756,Total Bond Market,2015-07-09,0.12%,$1.97,2026-01-27,$0.16,4.49%,Monthly,1.04%,,0.3,5.89%,3.07%,3.09%,3.20%,"WisdomTree, Inc.","2,217",7.43%,9.32%,18.84%,40%,20%,1099,$43.81,$44.10,$43.94,$44.01,52.17,B,,,C+,,B,,6.12,15.71%,34.99%,579.9,9.96%,1.46%
114,BNDS,Infrastructure Capital Bond Income ETF,Bond,"$39,846,800","16,260",$51.11,False,False,False,False,0.11%,2.32%,2.29%,9.66%,,,$1.283023,$8.8998,$8.8998,$33.86336,$38.86331,$38.86331,Total Bond Market,2025-01-15,0.81%,$4.02,2026-01-29,$0.34,7.86%,Monthly,1.81%,,0.37,2.73%,2.19%,2.55%,3.09%,Infrastructure Capital Advisors LLC,68,33.11%,45.83%,94.14%,40%,20%,1099,$49.88,$51.41,$51.05,$51.18,78.97,C,,A-,B-,B-,A-,,5.05,1.74%,15.91%,278.61,3.58%,1.66%
115,SUSB,iShares ESG Aware 1-5 Year USD Corporate Bond ETF,Bond,"$1,068,790,000","129,805",$25.32,False,False,True,False,0.22%,0.26%,0.30%,6.51%,5.52%,2.19%,$0.0,$2.52429,$2.52429,$45.697315,$103.129565,$509.677555,Corporate Bonds,2017-07-11,0.12%,$1.11,2025-12-19,$0.10,4.38%,Monthly,0.48%,,0.12,5.24%,0.95%,1.26%,1.44%,"BlackRock, Inc.","1,682",4.57%,6.28%,16.15%,40%,20%,1099,$25.21,$25.30,$25.31,$25.32,67.12,B,,B-,B+,B-,C+,,8.03,100.00%,96.89%,101.21,6.11%,5.65%
116,IGHG,ProShares Investment Grade-Interest Rate Hedged,Bond,"$287,819,000","15,549",$78.89,False,False,True,False,-0.11%,0.57%,0.60%,6.00%,8.18%,5.36%,$0.0,$7.83898,$7.83898,$2.639083,-$96.949665,-$148.158075,Corporate Bonds,2013-11-05,0.30%,$4.03,2025-12-24,$0.32,5.11%,Monthly,1.82%,,0.18,7.82%,2.46%,3.93%,3.89%,Proshare Advisors LLC,182,17.31%,22.52%,50.59%,40%,20%,1099,$78.32,$79.09,,,57.11,C+,,C,B,C+,A-,B-,6.59,98.31%,53.63%,125.45,11.05%,0.91%
117,HTRB,Hartford Total Return Bond ETF,Bond,"$2,298,500,000","358,519",$34.16,False,False,False,False,-0.23%,-0.22%,0.03%,6.48%,4.36%,0.09%,-$6.853595,$227.29781,$227.29781,$263.99699,"$1,278.040585","$1,578.29734",Total Bond Market,2017-09-27,0.29%,$1.59,2025-12-30,$0.25,4.66%,Monthly,0.77%,,0.29,20.41%,2.25%,2.57%,2.88%,"The Hartford Insurance Group, Inc.","1,940",15.75%,21.73%,43.55%,40%,20%,1099,$34.12,$34.33,$34.14,$34.18,48.65,B+,,,C+,,B+,,,,,,,
118,TIPX,State Street SPDR Bloomberg 1-10 Year TIPS ETF,Bond,"$1,828,110,000","300,984",$19.19,False,False,False,False,0.37%,0.47%,0.58%,6.61%,4.49%,2.36%,$1.91425,-$5.722222,$51.507716,$423.286113,$369.093729,"$1,360.876673",Inflation-Protected Bonds,2013-05-29,0.15%,$0.72,2025-12-18,$0.07,3.77%,Monthly,0.35%,,0.18,1.58%,1.92%,1.99%,2.13%,State Street,34,37.43%,54.41%,100.00%,40%,20%,1099,$19.05,$19.18,$19.17,$19.20,60.75,A-,,B,A-,B+,B,C+,5.78,19.49%,27.22%,1.56,0.00%,0.00%
119,FLCO,Franklin Investment Grade Corporate ETF,Bond,"$567,926,000","67,586",$21.71,False,False,False,False,-0.07%,-0.05%,0.28%,7.02%,4.48%,-0.20%,$2.1758,$14.08175,$14.08175,$0.0801,-$74.4219,-$277.4839,Corporate Bonds,2016-10-03,0.35%,$1.00,2025-12-19,$0.10,4.59%,Monthly,0.53%,,0.36,34.27%,3.26%,3.38%,3.48%,Franklin Templeton,219,12.97%,18.49%,45.54%,40%,20%,1099,$21.61,$21.78,,,52.63,B-,,B+,C+,C+,C+,,6.33,32.69%,42.81%,217.32,14.32%,3.49%
120,GTO,Invesco Total Return Bond ETF,Bond,"$2,046,000,000","230,075",$47.44,False,False,False,False,0.00%,0.13%,0.43%,6.00%,3.60%,-0.26%,-$2.37085,$23.75945,$23.75945,$170.12405,"$1,174.5218","$1,616.051",Total Bond Market,2016-02-10,0.35%,$2.05,2026-01-20,$0.18,4.33%,Monthly,0.97%,,0.31,5.42%,2.35%,2.49%,2.58%,Invesco,"1,606",29.86%,35.46%,51.96%,40%,20%,1099,$47.24,$47.55,$47.42,$47.48,55.61,A-,,,B,,C+,,,,,,,
121,PHB,Invesco Fundamental High Yield® Corporate Bond ETF,Bond,"$377,905,000","121,498",$18.63,False,False,True,False,0.00%,0.41%,0.63%,7.97%,7.71%,3.99%,$0.0,$0.0,$0.0,-$1.6801,-$391.6465,-$325.1719,High Yield Bonds,2007-11-15,0.50%,$1.11,2026-01-20,$0.09,5.95%,Monthly,0.50%,,0.38,13.50%,2.08%,2.46%,2.87%,Invesco,280,9.77%,13.66%,34.66%,40%,20%,1099,$18.55,$18.65,$18.59,$18.65,62.52,B,,B+,B-,B,C+,B+,6.13,90.91%,35.22%,215.97,11.31%,3.92%
122,SPLB,State Street SPDR Portfolio Long Term Corporate Bond ETF,Bond,"$1,224,290,000","2,984,740",$22.70,False,False,False,False,-0.70%,-0.26%,0.53%,6.46%,3.20%,-2.49%,-$31.957384,$108.820933,$115.601561,$303.364834,$622.939381,$619.437944,Corporate Bonds,2009-03-10,0.04%,$1.19,2025-12-18,$0.10,5.22%,Monthly,0.70%,,0.66,65.80%,6.80%,6.43%,6.50%,State Street,"2,968",2.87%,3.87%,9.35%,40%,20%,1099,$22.53,$22.93,$22.67,$22.75,48.86,A,,A,C,A,A-,,6.31,30.77%,42.07%,406.5,15.66%,3.19%
123,BWX,SPDR Bloomberg International Treasury Bond ETF,Bond,"$1,310,350,000","746,029",$22.84,False,False,False,False,0.88%,1.11%,1.38%,8.48%,1.26%,-4.34%,$0.0,-$13.450744,-$13.450744,$278.821617,$158.751519,$514.202425,International Government Bonds,2007-10-02,0.35%,$0.50,2025-12-18,$0.05,2.17%,Monthly,0.54%,,0.4,23.94%,6.84%,5.77%,5.91%,State Street,"1,309",2.81%,4.06%,11.68%,40%,20%,1099,$22.10,$23.00,$22.78,$22.91,59.52,A+,B+,A,B,A+,A-,A+,6.18,48.22%,36.79%,1.56,0.00%,0.00%
124,LTPZ,PIMCO 15+ Year US TIPS Index Exchange-Traded Fund,Bond,"$680,555,000","65,529",$51.67,False,False,False,False,-1.11%,-0.77%,-0.15%,1.64%,-2.46%,-5.93%,$0.0,-$10.4005,-$10.4005,-$23.0085,$114.433,$140.2165,Inflation-Protected Bonds,2009-09-03,0.20%,$2.40,2025-12-31,$0.20,4.64%,Monthly,1.19%,,0.65,26.19%,8.34%,7.59%,7.93%,Allianz Investment Management LLC,16,81.55%,99.96%,100.00%,40%,20%,1099,$51.56,$52.52,$51.60,$51.81,44.41,B,,A+,C,B,B+,C,5.78,72.03%,27.81%,0.0,0.00%,0.00%
125,HYDW,Xtrackers Low Beta High Yield Bond ETF,Bond,"$70,929,100","33,608",$47.32,False,False,True,False,0.06%,0.28%,0.29%,7.33%,7.02%,3.68%,$0.0,$0.0,$0.0,-$249.65685,-$617.08345,$169.28335,High Yield Bonds,2018-01-11,0.20%,$2.71,2025-12-22,$0.29,5.73%,Monthly,1.10%,,0.33,5.13%,1.47%,1.81%,2.27%,DWS,597,8.43%,10.82%,23.16%,40%,20%,1099,$47.17,$47.38,$47.27,$47.35,62.05,B,,A,A-,A-,C+,,5.88,82.06%,29.82%,278.46,11.05%,3.65%
126,SUSC,iShares ESG Aware USD Corporate Bond ETF,Bond,"$1,329,970,000","194,473",$23.47,False,False,True,False,-0.04%,0.06%,0.36%,7.14%,4.71%,0.05%,$0.0,$16.36146,$16.36146,$191.07231,$195.489975,$694.406325,Corporate Bonds,2017-07-11,0.18%,$1.02,2025-12-19,$0.09,4.36%,Monthly,0.58%,,0.37,33.05%,3.13%,3.25%,3.37%,"BlackRock, Inc.","4,195",2.88%,4.00%,10.11%,40%,20%,1099,$23.35,$23.53,$23.45,$23.49,53.83,B,,A-,C+,B-,C+,,7.63,99.63%,90.20%,140.74,8.50%,5.36%
127,IBDR,iShares iBonds Dec 2026 Term Corporate ETF,Bond,"$3,812,990,000","879,314",$24.28,False,False,False,False,0.04%,0.29%,0.21%,4.80%,4.74%,1.15%,-$8.494885,$55.68472,$65.36412,$602.451145,"$2,269.9647","$3,233.084675",Corporate Bonds,2016-09-13,0.10%,$1.02,2025-12-19,$0.09,4.19%,Monthly,0.33%,,0.15,1.10%,0.40%,0.49%,0.61%,"BlackRock, Inc.",548,11.83%,14.82%,30.25%,40%,20%,1099,$24.22,$24.29,,,80.6,A-,,A-,A,A,C+,,6.69,76.60%,57.90%,149.5,10.69%,2.67%
128,JMBS,Janus Henderson Mortgage-Backed Securities ETF,Bond,"$6,790,260,000","881,354",$45.75,False,False,False,False,-0.22%,0.02%,0.13%,8.08%,4.12%,0.59%,$13.782,$223.54225,$223.54225,"$2,219.001","$6,248.67325","$6,581.570934",Mortgage Backed Securities,2018-09-12,0.22%,$2.30,2025-12-22,$0.20,5.03%,Monthly,1.17%,,0.26,8.23%,3.92%,3.38%,3.27%,Janus Henderson,636,60.68%,71.43%,110.96%,40%,20%,1099,$45.62,$46.07,$45.68,$45.79,50.6,B-,B,A,A,A-,B,,,,,,,
129,CORP,PIMCO Investment Grade Corporate Bond Index ETF,Bond,"$1,467,470,000","71,168",$98.20,False,False,False,False,-0.04%,0.02%,0.36%,7.49%,5.25%,0.61%,$0.0,$93.286,$93.286,$116.8315,$610.558,$722.3605,Corporate Bonds,2010-09-20,0.41%,$4.67,2025-12-31,$0.42,4.76%,Monthly,2.46%,,0.35,13.13%,3.15%,3.13%,3.21%,Allianz Investment Management LLC,"1,628",11.27%,12.88%,21.60%,40%,20%,1099,$97.75,$98.47,$98.13,$98.30,53.44,B,,A-,C+,B,B,B,6.47,46.79%,48.24%,339.11,11.28%,2.61%
130,IGBH,iShares Interest Rate Hedged Long-Term Corporate Bond ETF,Bond,"$169,520,000","76,011",$24.87,False,False,False,False,-0.54%,0.85%,0.97%,8.06%,8.52%,5.55%,-$0.00296,$27.153625,$27.153625,$54.668275,$73.958575,-$430.65094,Corporate Bonds,2015-07-22,0.14%,$1.54,2025-12-23,$0.12,6.18%,Monthly,0.74%,,0.24,16.64%,3.61%,3.02%,3.62%,"BlackRock, Inc.",2,100.00%,100.00%,100.00%,40%,20%,1099,$24.58,$25.08,$24.82,$24.89,59.95,B-,,C,B,B,A,,6.29,27.24%,41.08%,409.79,13.27%,2.53%
131,CMBS,iShares CMBS ETF,Bond,"$498,459,000","54,789",$49.31,False,False,False,False,0.28%,0.19%,0.47%,7.33%,4.91%,0.61%,$0.0,$0.0,$2.44966,$43.991845,-$72.70712,$99.25168,Mortgage Backed Securities,2012-02-14,0.25%,$1.69,2025-12-19,$0.15,3.43%,Monthly,1.02%,,0.17,12.34%,2.79%,3.22%,2.96%,"BlackRock, Inc.",497,7.84%,10.85%,26.15%,40%,20%,1099,$49.03,$49.27,$49.18,$49.38,57.63,A-,B+,A+,C+,A-,B+,A-,,,,,,
132,SGOV,iShares 0-3 Month Treasury Bond ETF,Bond,"$70,933,700,000","15,786,505",$100.67,False,False,False,False,0.06%,0.31%,0.29%,4.19%,4.88%,3.29%,$135.828734,"$1,863.264719","$2,174.438962","$38,606.235244","$64,188.29375","$69,807.351155",Government Bonds,2020-05-26,0.09%,$4.12,2025-12-19,$0.32,4.09%,Monthly,1.19%,,0.09,0.06%,0.14%,0.16%,0.18%,"BlackRock, Inc.",22,72.76%,91.56%,100.00%,40%,20%,1099,$100.37,$100.70,$100.67,$100.68,99.93,A,,A,A,A+,A-,,5.78,88.06%,27.81%,0.0,0.00%,0.00%
133,GIGB,Goldman Sachs Access Investment Grade Corporate Bond ETF,Bond,"$836,100,000","125,779",$46.42,False,False,True,False,-0.15%,-0.03%,0.37%,7.13%,4.67%,0.08%,$6.9705,$78.6545,$78.6545,-$39.082,$244.4945,$203.6685,Corporate Bonds,2017-06-06,0.08%,$2.17,2025-12-31,$0.19,4.67%,Monthly,1.15%,,0.38,34.12%,3.08%,3.25%,3.33%,Goldman Sachs,"2,130",3.20%,4.37%,10.85%,40%,20%,1099,$46.21,$46.57,,,52.71,B-,,A,C+,B,B,,6.59,60.58%,53.04%,253.76,13.74%,3.14%
134,AGZ,iShares Agency Bond ETF,Bond,"$572,324,000","16,863",$110.34,False,False,False,False,0.04%,-0.09%,0.08%,5.49%,4.22%,0.99%,$0.0,$0.0,$0.0,-$141.994993,-$110.093955,-$140.12981,Total Bond Market,2008-11-05,0.20%,$4.13,2025-12-19,$0.33,3.75%,Monthly,1.84%,,0.11,3.22%,1.90%,1.93%,2.11%,"BlackRock, Inc.",114,43.98%,54.74%,84.79%,40%,20%,1099,$110.07,$110.45,,,55.52,B-,,A-,A-,B+,C,A,4.81,1.43%,13.80%,538.95,12.34%,0.10%
135,UCON,First Trust Smith Unconstrained Bond ETF,Bond,"$3,202,610,000","591,652",$25.13,False,False,False,False,0.08%,0.07%,0.19%,7.04%,5.88%,2.89%,$0.0,$23.8593,$23.8593,-$285.0955,"$1,652.3065","$2,965.72615",Total Bond Market,2018-06-04,0.86%,$1.27,2026-01-21,$0.09,5.05%,Monthly,0.57%,,0.17,5.63%,1.44%,1.99%,2.26%,First Trust,425,24.55%,29.43%,47.31%,40%,20%,1099,$25.06,$25.15,$25.10,$25.16,57.82,A-,,A,B+,A,B,,5.88,33.33%,29.68%,208.13,7.07%,1.26%
136,FLTR,VanEck IG Floating Rate ETF,Bond,"$2,558,230,000","774,695",$25.58,False,False,False,False,0.12%,0.47%,0.39%,5.25%,6.34%,4.19%,$0.0,$8.91576,$8.91576,$535.350565,"$1,406.418705","$2,090.65791",Corporate Bonds,2011-04-25,0.14%,$1.27,2025-12-29,$0.10,4.95%,Monthly,0.40%,,0.02,20.32%,0.60%,0.67%,0.66%,VanEck,408,9.13%,12.70%,33.14%,40%,20%,1099,$25.46,$25.59,$25.57,$25.58,81.63,A-,,C,A,B+,A-,C+,7.32,93.24%,82.10%,17.52,0.66%,0.86%
137,TDTF,FlexShares iBoxx 5-Year Target Duration TIPS Index Fund,Bond,"$967,019,000","146,468",$24.11,False,False,True,False,0.46%,0.46%,0.61%,7.22%,4.15%,1.83%,$4.797495,$17.985535,$17.985535,$196.60146,$248.83946,$485.856535,Inflation-Protected Bonds,2011-09-19,0.18%,$1.10,2025-12-19,$0.09,4.55%,Monthly,0.49%,,0.23,4.83%,2.38%,2.30%,2.70%,Northern Trust Corp.,20,63.95%,84.95%,100.00%,40%,20%,1099,$23.91,$24.10,$24.09,$24.13,59.54,B+,,A-,B+,A-,A-,C+,5.78,72.03%,27.81%,0.0,0.00%,0.00%
138,LQDH,iShares Interest Rate Hedged Corporate Bond ETF,Bond,"$517,800,000","58,771",$93.91,False,False,False,False,-0.31%,0.60%,0.60%,6.62%,7.83%,5.21%,-$14.12181,-$28.2439,-$65.54822,$52.48736,$165.878555,$101.25853,Corporate Bonds,2014-05-27,0.24%,$5.66,2025-12-23,$0.46,6.02%,Monthly,2.25%,,0.2,1.61%,2.36%,2.05%,2.42%,"BlackRock, Inc.",2,100.00%,100.00%,100.00%,40%,20%,1099,$93.19,$94.41,,,62.96,B-,,C,B+,B-,A,C,6.49,49.04%,48.92%,160.8,10.67%,2.04%
139,VTC,Vanguard Total Corporate Bond ETF,Bond,"$1,598,750,000","116,021",$77.97,False,False,False,False,-0.07%,0.05%,0.42%,7.23%,4.86%,0.22%,$0.0,$85.64475,$85.64475,$459.84475,$657.83035,$782.09155,Corporate Bonds,2017-11-07,0.03%,$3.70,2025-12-18,$0.31,4.74%,Monthly,1.95%,,0.37,30.20%,3.20%,3.28%,3.32%,Vanguard,"4,632",1.18%,1.68%,4.73%,40%,20%,1099,$77.59,$78.18,$77.90,$78.03,53.65,B,,B+,C+,B,B,,6.59,89.71%,52.96%,267.31,12.05%,2.89%
140,TBF,ProShares Short 20+ Year Treasury,Bond,"$68,726,400","75,589",$24.21,True,-1x,False,False,0.92%,1.42%,0.37%,2.42%,9.02%,11.11%,$1.682114,$4.57148,$2.647608,-$18.4039,-$267.350336,-$462.339896,Inverse Bonds,2009-08-18,0.95%,$0.82,2025-12-24,$0.22,3.37%,Quarterly,0.49%,,-0.54,21.56%,8.49%,7.85%,7.96%,Proshare Advisors LLC,1,100.00%,100.00%,100.00%,40%,20%,1099,$23.82,$24.28,$24.13,$24.27,57.02,A+,B-,A-,B-,A+,A+,A+,,,,,,
141,MUNI,PIMCO Intermediate Municipal Bond Active Exchange-Traded Fund,Bond,"$2,628,590,000","358,656",$52.83,False,False,False,False,0.27%,0.80%,0.80%,5.12%,3.63%,1.23%,$12.6432,$85.2388,$85.2388,$828.1912,"$1,554.7962","$2,035.3966",National Munis,2009-11-30,0.35%,$1.71,2025-12-31,$0.15,3.24%,Monthly,1.04%,,0.2,13.28%,1.17%,1.17%,1.65%,Allianz Investment Management LLC,582,12.00%,16.09%,33.65%,40%,20%,1099,$52.48,$52.87,$52.80,$52.86,72.22,A-,,B+,B+,B+,B,C+,,,,,,
142,SCHJ,Schwab 1-5 Year Corporate Bond ETF,Bond,"$708,296,000","202,281",$24.98,False,False,False,False,0.20%,0.30%,0.32%,6.49%,5.53%,2.26%,$9.976,$32.391,$32.391,$208.608,$303.684,$484.667,Corporate Bonds,2019-10-10,0.03%,$1.10,2025-12-19,$0.08,4.40%,Monthly,0.47%,,0.13,1.68%,1.04%,1.22%,1.37%,The Charles Schwab Corp.,"3,133",2.25%,2.91%,7.01%,40%,20%,1099,$24.87,$24.97,$24.96,$24.99,67.66,B,,,A-,,B,,6.74,95.22%,59.89%,169.14,9.16%,2.78%
143,BSCQ,Invesco BulletShares 2026 Corporate Bond ETF,Bond,"$4,221,810,000","1,003,289",$19.55,False,False,False,False,0.00%,0.23%,0.21%,4.72%,4.71%,1.11%,-$8.79795,-$93.9495,-$79.2735,-$38.214,"$2,508.7863","$3,858.89625",Corporate Bonds,2016-09-14,0.10%,$0.88,2026-01-20,$0.07,4.51%,Monthly,0.27%,,0.15,4.03%,0.55%,0.57%,0.60%,Invesco,388,10.74%,14.09%,31.50%,40%,20%,1099,$19.50,$19.57,,,77.36,A-,,A-,A,A,C,,6.6,62.50%,53.80%,132.04,9.95%,2.51%
144,HYGV,FlexShares High Yield Value-Scored Bond Index Fund,Bond,"$1,182,250,000","126,198",$41.00,False,False,True,False,-0.17%,0.64%,0.65%,7.02%,8.08%,4.10%,-$8.2065,$4.049505,$4.049505,-$265.59673,$136.605865,"$1,136.3375",High Yield Bonds,2018-07-17,0.37%,$3.05,2025-12-19,$0.20,7.44%,Monthly,1.13%,,0.43,14.89%,1.71%,2.36%,3.13%,Northern Trust Corp.,"1,000",7.51%,10.16%,23.64%,40%,20%,1099,$40.81,$41.13,$40.95,$41.04,62.37,B+,,B+,C+,A-,A,,5.36,22.73%,19.85%,155.53,5.06%,2.60%
145,BNDW,Vanguard Total World Bond ETF,Bond,"$1,572,050,000","126,356",$69.01,False,False,False,False,0.10%,0.17%,0.39%,4.98%,4.05%,-0.11%,$2.7613,$18.6676,-$6.0788,$484.9004,$971.473,"$1,141.2827",Total Bond Market,2018-09-04,0.05%,$2.83,2025-12-18,$0.78,4.10%,Monthly,1.10%,,0.24,19.10%,2.15%,2.20%,2.29%,Vanguard,3,100.00%,100.00%,100.00%,40%,20%,1099,$68.74,$69.14,,,54.39,B+,,,B+,,C+,,6.3,56.39%,41.36%,187.42,2.03%,0.72%
146,PWZ,Invesco California AMT-Free Municipal Bond ETF,Bond,"$1,094,490,000","227,694",$24.16,False,False,False,False,-0.04%,0.33%,0.31%,1.99%,2.34%,-0.13%,$2.415,-$0.02595,-$0.02595,$372.5127,$509.1188,$687.89325,California Munis,2007-10-11,0.28%,$0.90,2026-01-20,$0.08,3.73%,Monthly,0.63%,,0.35,60.63%,3.76%,3.12%,3.24%,Invesco,"1,060",7.34%,9.50%,20.27%,40%,20%,1099,$24.08,$24.28,$24.14,$24.19,52.94,A+,A,A+,B+,A,A,A-,,,,,,
147,SPHY,State Street SPDR Portfolio High Yield Bond ETF,Bond,"$10,519,700,000","5,237,346",$23.82,False,False,False,False,0.00%,0.59%,0.63%,7.62%,8.94%,4.77%,-$9.52616,-$19.977459,-$19.977459,"$3,287.508292","$9,409.900211","$10,205.325532",High Yield Bonds,2012-06-18,0.05%,$1.75,2025-12-18,$0.14,7.33%,Monthly,0.65%,,0.39,19.85%,1.64%,2.15%,2.90%,State Street,"1,935",3.80%,4.87%,11.06%,40%,20%,1099,$23.71,$23.87,$23.78,$23.84,62.77,A,,,B,,A,,5.51,43.78%,22.10%,230.69,6.23%,3.30%
148,EUSB,iShares ESG Advanced Universal USD Bond ETF,Bond,"$712,013,000","44,687",$43.97,False,False,False,False,0.02%,-0.01%,0.14%,6.79%,4.05%,0.08%,$8.79572,$17.56425,$17.56425,$15.83385,$117.43699,$641.29959,Total Bond Market,2020-06-23,0.12%,$1.69,2025-12-19,$0.14,3.84%,Monthly,0.93%,,0.25,6.03%,2.25%,2.53%,2.75%,"BlackRock, Inc.","4,224",6.81%,8.53%,17.72%,40%,20%,1099,$43.84,$44.05,,,53.92,B,,,B,,C+,,6.45,84.35%,47.39%,57.33,0.18%,1.95%
149,NYF,iShares New York Muni Bond ETF,Bond,"$1,149,890,000","128,522",$53.88,False,False,False,False,0.20%,0.69%,0.69%,3.84%,2.90%,0.80%,$13.422057,$75.161022,$75.161022,$314.006255,$573.421983,$685.123248,New York Munis,2007-10-04,0.09%,$1.60,2025-12-19,$0.14,2.97%,Monthly,1.08%,,0.26,29.42%,2.03%,1.58%,1.85%,"BlackRock, Inc.",806,5.90%,8.14%,21.04%,40%,20%,1099,$53.62,$53.94,$53.83,$53.94,63.51,A-,A,A+,A+,A+,A-,A+,,,,,,
150,SMMU,PIMCO Short Term Municipal Bond Active ETF,Bond,"$987,246,000","90,473",$50.76,False,False,False,False,0.13%,0.62%,0.64%,4.27%,3.54%,1.83%,$3.0402,$5.0456,$7.0632,$289.4166,$416.1608,$684.3306,National Munis,2010-02-01,0.35%,$1.41,2025-12-31,$0.12,2.78%,Monthly,0.68%,,0.09,0.90%,0.81%,0.80%,0.84%,Allianz Investment Management LLC,335,13.30%,17.85%,40.00%,40%,20%,1099,$50.50,$50.76,$50.73,$50.77,75.82,B+,,B-,A,B,B-,C+,,,,,,
151,IBDS,iShares iBonds Dec 2027 Term Corporate ETF,Bond,"$3,656,690,000","908,308",$24.36,False,False,False,False,0.21%,0.35%,0.33%,5.67%,4.99%,1.07%,$0.0,$88.640125,$93.492565,$732.34788,"$2,405.64739","$3,239.64745",Corporate Bonds,2017-09-12,0.10%,$1.06,2025-12-19,$0.09,4.34%,Monthly,0.39%,,0.2,2.69%,0.66%,0.78%,0.90%,"BlackRock, Inc.",675,6.67%,8.80%,20.29%,40%,20%,1099,$24.27,$24.35,$24.34,$24.38,75.64,A-,,B+,A,A,C+,,6.64,68.91%,55.71%,178.92,11.90%,3.09%
152,LEMB,iShares J.P. Morgan EM Local Currency Bond ETF,Bond,"$781,980,000","256,194",$42.34,False,False,False,False,0.09%,2.15%,1.85%,17.24%,6.87%,0.58%,$33.74432,$116.82988,$116.82988,$391.818,$238.6981,$311.17498,Emerging Markets Bonds,2011-10-18,0.30%,$1.01,2025-12-19,$1.02,2.40%,Annually,1.82%,,0.33,13.44%,4.55%,3.81%,4.29%,"BlackRock, Inc.",432,11.06%,14.88%,32.61%,40%,20%,1099,$41.26,$42.71,$42.23,$42.50,66.99,A-,B+,C,B+,A-,A-,A-,4.34,34.43%,7.94%,0.0,0.00%,0.00%
153,CEMB,iShares J.P. Morgan EM Corporate Bond ETF,Bond,"$402,845,000","58,540",$46.16,False,False,False,False,0.03%,0.68%,0.63%,8.45%,6.64%,1.85%,$2.30197,$13.78407,$13.78407,-$12.817705,$68.95809,$185.16104,Corporate Bonds,2012-04-17,0.50%,$2.36,2025-12-19,$0.20,5.11%,Monthly,1.21%,,0.29,12.73%,2.35%,2.49%,2.57%,"BlackRock, Inc.","1,109",3.97%,5.32%,13.20%,40%,20%,1099,$45.82,$46.23,,,61.38,B-,,C+,B+,B+,A-,A-,5.73,95.63%,26.14%,419.8,5.22%,3.55%
154,IG,Principal Investment Grade Corporate Active ETF,Bond,"$157,941,000","37,308",$20.96,False,False,False,False,-0.07%,0.07%,0.34%,7.38%,4.36%,-0.20%,$0.0,$7.32383,$8.36519,$63.397875,$124.65955,-$94.60399,Corporate Bonds,2018-04-18,0.19%,$1.06,2025-12-29,$0.10,5.04%,Monthly,0.52%,,0.39,40.65%,3.75%,3.67%,3.65%,Principal,225,16.23%,21.63%,47.72%,40%,20%,1099,$20.83,$21.02,,,54.23,C+,,B+,C,B-,B+,,6.39,78.68%,44.99%,372.5,9.20%,2.63%
155,MMIN,NYLI MacKay Muni Insured ETF,Bond,"$379,422,000","62,921",$24.07,False,False,False,False,-0.08%,0.42%,0.54%,4.63%,3.33%,0.41%,$6.01899,$10.828488,$10.828488,-$105.983766,$32.778581,$70.903067,National Munis,2017-10-18,0.30%,$0.97,2025-12-30,$0.08,4.04%,Monthly,0.59%,,0.31,40.25%,2.39%,2.31%,2.56%,New York Life,200,16.22%,21.40%,48.76%,40%,20%,1099,$23.99,$24.16,$24.04,$24.10,56.91,A-,,,C+,,A,,,,,,,
156,GNMA,iShares GNMA Bond ETF,Bond,"$397,645,000","35,660",$44.75,False,False,False,False,0.31%,0.58%,0.47%,7.96%,3.83%,0.31%,$2.229495,-$6.700565,-$6.700565,$35.32746,-$16.78753,-$63.61804,Mortgage Backed Securities,2012-02-14,0.10%,$1.86,2025-12-19,$0.16,4.17%,Monthly,1.04%,,0.26,10.95%,4.24%,3.43%,3.32%,"BlackRock, Inc.",328,26.02%,33.42%,63.95%,40%,20%,1099,$44.44,$44.88,$44.64,$44.83,57.63,B,A-,B-,B+,B+,A-,B+,,,,,,
157,EMHY,iShares J.P. Morgan EM High Yield Bond ETF,Bond,"$569,010,000","101,373",$40.77,False,False,False,False,0.15%,0.72%,0.99%,12.62%,10.90%,4.39%,$0.0,$24.19935,$24.19935,$84.743625,$174.590365,$284.573005,Emerging Markets Bonds,2012-04-03,0.50%,$2.63,2025-12-19,$0.21,6.45%,Monthly,1.64%,,0.48,17.25%,3.18%,3.24%,4.90%,"BlackRock, Inc.",677,10.17%,12.63%,24.74%,40%,20%,1099,$40.19,$40.82,$40.73,$40.80,67.05,A-,C+,B-,C,B,A,A-,4.03,44.73%,2.17%,527.45,2.17%,0.97%
158,VRIG,Invesco Variable Rate Investment Grade ETF,Bond,"$1,354,360,000","365,702",$25.12,False,False,False,False,0.14%,0.55%,0.47%,5.13%,6.24%,4.22%,-$6.276,-$8.7837,-$8.7837,$121.37535,$790.1412,$892.79965,Total Bond Market,2016-09-22,0.30%,$1.35,2026-01-20,$0.10,5.38%,Monthly,0.37%,,0.02,1.49%,0.46%,0.45%,0.47%,Invesco,351,22.61%,25.73%,44.47%,40%,20%,1099,$24.99,$25.13,,,89.32,A-,,,A,,A-,,6.27,32.85%,39.89%,29.35,1.74%,0.32%
159,ULST,State Street Ultra Short Term Bond ETF,Bond,"$598,965,000","117,470",$40.66,False,False,False,False,0.20%,0.38%,0.38%,4.85%,5.15%,3.36%,$3.044786,-$25.336982,-$25.336982,$29.460658,$123.472056,$277.90643,Total Bond Market,2013-10-09,0.20%,$1.81,2025-12-18,$0.17,4.45%,Monthly,0.54%,,0.02,0.17%,0.45%,0.48%,0.50%,State Street,352,47.42%,53.05%,78.51%,40%,20%,1099,$40.48,$40.65,$40.65,$40.67,82.31,A-,,B,A,A-,B,,6.26,32.37%,39.16%,172.83,6.93%,1.78%
160,FTSD,Franklin Short Duration U.S. Government ETF,Bond,"$268,957,000","34,151",$91.23,False,False,False,False,0.26%,0.37%,0.24%,5.42%,5.10%,2.31%,$0.0,-$4.55055,-$4.55055,$63.434575,$59.15665,-$262.86585,Mortgage Backed Securities,2013-11-04,0.25%,$4.25,2025-12-19,$0.41,4.66%,Monthly,1.37%,,0.04,1.53%,0.95%,1.09%,1.06%,Franklin Templeton,340,42.02%,53.44%,84.43%,40%,20%,1099,$90.91,$91.15,$91.15,$91.30,69.05,,B,,,,C+,,,,,,,
161,WIP,SPDR FTSE International Government Inflation-Protected Bond ETF,Bond,"$376,736,000","52,227",$40.70,False,False,False,False,0.54%,3.75%,3.33%,17.29%,4.29%,-0.61%,$8.034143,$12.004024,$12.004024,$40.439502,-$120.616886,$131.840347,Inflation-Protected Bonds,2008-03-13,0.50%,$2.17,2025-12-18,$0.21,5.34%,Monthly,1.44%,,0.5,28.22%,6.74%,6.79%,6.51%,State Street,178,13.84%,19.10%,48.69%,40%,20%,1099,$38.97,$41.23,$40.53,$41.02,65.75,B+,,B+,C+,A+,A+,A,5.8,3.90%,28.30%,1.56,0.00%,0.00%
162,GBF,iShares Government/Credit Bond ETF,Bond,"$126,010,000","3,295",$105.04,False,False,False,False,0.01%,-0.06%,0.32%,6.12%,3.40%,-0.56%,$0.0,$0.0,$0.0,-$92.89636,-$38.95872,-$93.20742,Total Bond Market,2007-01-05,0.20%,$3.98,2025-12-19,$0.33,3.79%,Monthly,2.06%,,0.26,16.38%,2.47%,2.69%,2.88%,"BlackRock, Inc.","3,066",7.04%,10.04%,27.89%,40%,20%,1099,$104.69,$105.29,,,52.24,C,,B+,B-,C,C+,B,6.05,10.58%,33.03%,281.65,4.34%,1.04%
163,SHYD,VanEck Short High Yield Muni ETF,Bond,"$402,171,000","99,143",$23.04,False,False,False,False,0.09%,0.61%,0.57%,4.82%,4.23%,1.08%,$0.0,$8.00275,$8.00275,$79.4258,-$33.013585,$191.28652,National Munis,2014-01-13,0.32%,$0.80,2025-12-29,$0.07,3.48%,Monthly,0.42%,,0.21,29.43%,1.72%,1.81%,2.19%,VanEck,525,12.38%,16.20%,33.15%,40%,20%,1099,$22.91,$23.06,$23.01,$23.07,65.94,B,,C+,C+,C+,B+,,,,,,,
164,VBND,Vident U.S. Bond Strategy ETF,Bond,"$497,738,000","23,670",$44.03,False,False,True,False,-0.07%,0.09%,-0.05%,6.28%,4.26%,-0.05%,$0.0,$13.2183,$13.2183,$35.25859,$121.74395,$161.1301,Total Bond Market,2014-10-15,0.41%,$1.81,2026-01-21,$0.12,4.12%,Monthly,0.92%,,0.25,15.94%,4.00%,3.41%,3.90%,MM VAM LLC,187,25.40%,32.85%,62.11%,40%,20%,1099,$43.82,$44.14,,,52.88,B-,,A,C,B-,B-,,6.14,57.72%,35.42%,650.38,9.03%,1.73%
165,GOVZ,iShares 25+ Year Treasury STRIPS Bond ETF,Bond,"$317,883,000","927,133",$9.20,False,False,False,False,-2.08%,-2.34%,-0.54%,-2.77%,-9.14%,-13.31%,$0.0,-$4.21706,-$4.21706,$42.765948,$64.298854,$483.027724,Government Bonds,2020-09-22,0.10%,$0.46,2025-12-19,$0.04,5.01%,Monthly,0.35%,,0.75,40.52%,15.43%,13.62%,14.18%,"BlackRock, Inc.",22,55.69%,79.58%,100.00%,40%,20%,1099,$9.16,$9.47,$9.17,$9.25,43.46,B+,,C,C,B-,A,,5.78,89.05%,27.81%,0.0,0.00%,0.00%
166,FLGV,Franklin U.S. Treasury Bond ETF,Bond,"$1,092,200,000","104,659",$20.55,False,False,False,False,0.05%,-0.17%,0.12%,5.79%,2.85%,-0.55%,$0.0,$8.23665,$8.23665,$234.55825,$705.05325,$745.40075,Government Bonds,2020-06-09,0.09%,$0.83,2025-12-19,$0.08,4.06%,Monthly,0.37%,,0.18,13.65%,2.32%,2.55%,3.11%,Franklin Templeton,46,59.83%,71.51%,100.00%,40%,20%,1099,$20.48,$20.60,,,51.06,B-,,B,B-,B-,B,,5.78,89.05%,27.81%,0.0,0.00%,0.00%
167,SPBO,State Street SPDR Portfolio Corporate Bond ETF,Bond,"$1,837,990,000","585,384",$29.45,False,False,False,False,-0.14%,0.03%,0.37%,7.40%,5.12%,0.34%,$0.0,$23.52884,$26.462553,$28.840978,"$1,238.133446","$1,540.702683",Corporate Bonds,2011-04-06,0.03%,$1.50,2025-12-18,$0.12,5.08%,Monthly,0.76%,,0.37,33.00%,3.06%,3.28%,3.36%,State Street,"4,057",2.33%,3.09%,7.43%,40%,20%,1099,$29.31,$29.54,$29.43,$29.48,53.14,A-,,A,C+,A,A-,,6.52,55.13%,50.37%,271.78,10.86%,2.86%
168,ZROZ,PIMCO 25+ Year Zero Coupon US Treasury Index Exchange-Traded Fund,Bond,"$1,518,820,000","431,422",$63.69,False,False,False,False,-2.17%,-2.40%,-0.87%,-2.73%,-9.15%,-13.45%,-$6.499,-$55.2685,-$55.2685,$64.1155,"$1,132.354","$1,763.3875",Government Bonds,2009-10-30,0.15%,$3.19,2025-12-31,$0.88,5.01%,Quarterly,2.39%,,0.76,37.45%,15.39%,13.47%,13.88%,Allianz Investment Management LLC,21,55.31%,80.01%,100.00%,40%,20%,1099,$63.48,$65.71,$63.48,$64.10,42.9,B,,C,C,C+,A,C,5.78,89.05%,27.81%,0.0,0.00%,0.00%
169,BSCR,Invesco BulletShares 2027 Corporate Bond ETF,Bond,"$4,550,980,000","969,851",$19.74,False,False,False,False,0.20%,0.34%,0.34%,5.67%,4.94%,1.02%,$32.5101,$109.46595,$136.10685,"$1,816.01955","$3,730.8111","$4,247.61195",Corporate Bonds,2017-09-27,0.10%,$0.91,2026-01-20,$0.07,4.62%,Monthly,0.31%,,0.19,1.45%,0.53%,0.65%,0.84%,Invesco,501,6.59%,9.05%,22.32%,40%,20%,1099,$19.66,$19.73,$19.73,$19.75,83.77,A-,,A-,A-,A,C+,,6.68,74.04%,57.22%,143.82,11.19%,2.80%
170,TMF,Direxion Daily 20+ Year Treasury Bull 3X Shares,Bond,"$3,563,200,000","5,499,755",$36.93,False,3x,False,False,-2.64%,-3.95%,-1.05%,-6.03%,-21.69%,-32.21%,-$34.24035,-$301.1088,-$301.1088,"-$1,777.99665","$5,058.596962","$6,134.957212",Leveraged Bonds,2009-04-16,0.91%,$1.51,2025-12-23,$0.46,4.10%,Quarterly,2.51%,,1.55,68.80%,25.12%,23.20%,24.25%,Rafferty Asset Management,2,100.00%,100.00%,100.00%,40%,20%,1099,$36.60,$38.73,,,43.54,A-,C+,C,C+,C+,B+,A,5.72,33.90%,25.87%,1.56,0.00%,0.00%
171,NUAG,Nuveen Enhanced Yield U.S. Aggregate Bond ETF,Bond,"$60,541,800","21,094",$21.26,False,False,True,False,0.07%,0.19%,0.38%,7.03%,4.57%,0.05%,$0.0,-$6.360458,-$6.360458,$21.817811,$25.814344,-$190.617076,Total Bond Market,2016-09-14,0.19%,$0.94,2025-12-18,$0.08,4.41%,Monthly,0.49%,,0.29,19.75%,2.53%,2.62%,2.67%,TIAA Board of Governors,860,20.39%,23.63%,38.15%,40%,20%,1099,$21.15,$21.30,,,55.74,C,,,B,,B,,6.05,40.07%,33.09%,594.96,7.00%,1.26%
172,RAVI,FlexShares Ultra-Short Income Fund,Bond,"$1,396,780,000","72,602",$75.63,False,False,False,False,0.12%,0.38%,0.34%,4.89%,5.32%,3.29%,-$0.755709,$7.530766,$9.791239,$188.284945,$476.892893,$944.591401,Total Bond Market,2012-10-09,0.25%,$3.46,2025-12-19,$0.28,4.58%,Monthly,1.05%,,0.01,3.74%,0.39%,0.30%,0.36%,Northern Trust Corp.,241,16.12%,20.87%,46.72%,40%,20%,1099,$75.34,$75.63,$75.61,$75.64,89.74,B,,C+,A,B-,B+,C+,6.99,83.57%,70.58%,77.52,3.29%,1.76%
173,ILTB,iShares Core 10+ Year USD Bond ETF,Bond,"$627,164,000","51,652",$49.76,False,False,False,False,-0.66%,-0.52%,0.12%,6.09%,1.74%,-3.72%,$0.0,$0.0,$0.0,$16.079125,$328.38574,$321.272515,Total Bond Market,2009-12-08,0.06%,$2.40,2025-12-19,$0.20,4.83%,Monthly,1.42%,,0.59,25.08%,7.05%,6.30%,6.34%,"BlackRock, Inc.","3,836",11.13%,15.56%,38.23%,40%,20%,1099,$49.51,$50.29,,,47.4,B,,C+,C,C+,B+,B,5.87,32.17%,29.67%,393.93,6.62%,1.30%
174,FMHI,First Trust Municipal High Income ETF,Bond,"$904,159,000","98,321",$48.03,False,False,False,False,0.19%,0.63%,0.57%,4.01%,4.54%,1.27%,$4.7919,$28.7608,$28.7608,$141.20195,$577.485915,$802.825494,National Munis,2017-11-01,0.70%,$2.17,2026-01-21,$0.17,4.52%,Monthly,1.10%,,0.32,10.56%,2.24%,1.72%,2.19%,First Trust,690,5.88%,8.07%,20.39%,40%,20%,1099,$47.80,$48.11,$48.00,$48.09,65.08,B+,,,B-,,A,,,,,,,
175,SCHI,Schwab 5-10 Year Corporate Bond ETF,Bond,"$10,011,400,000","2,015,771",$23.02,False,False,False,False,0.04%,-0.17%,0.22%,8.75%,5.86%,0.96%,$32.242,$186.403,$115.165,"$1,772.136","$9,325.819","$9,363.747",Corporate Bonds,2019-10-10,0.03%,$1.14,2025-12-19,$0.09,4.97%,Monthly,0.65%,,0.34,7.30%,2.78%,3.00%,3.10%,The Charles Schwab Corp.,"2,327",2.46%,3.43%,9.17%,40%,20%,1099,$22.93,$23.07,,,53.65,A,,,B-,,A-,,6.65,71.15%,56.17%,260.04,10.59%,3.16%
176,TMV,Direxion Daily 20+ Year Treasury Bear 3x Shares,Bond,"$160,371,000","1,121,408",$37.48,True,-3x,False,False,2.71%,4.00%,0.86%,-0.63%,14.67%,22.56%,-$3.645,-$3.5806,-$3.5806,-$20.51685,-$389.6362,-$345.5684,Inverse Bonds,2009-04-16,0.95%,$1.06,2025-12-23,$0.12,2.82%,Quarterly,2.22%,,-1.6,69.90%,25.22%,23.24%,24.28%,Rafferty Asset Management,1,100.00%,100.00%,100.00%,40%,20%,1099,$35.74,$37.81,,,56.35,A,B,A,B-,A,A+,B,5.5,18.53%,21.96%,1.56,0.00%,0.00%
177,SMB,VanEck Short Muni ETF,Bond,"$302,341,000","84,849",$17.42,False,False,False,False,-0.01%,0.34%,0.05%,4.10%,3.07%,1.02%,$0.0,$5.19768,$5.19768,$24.233135,$5.596405,$59.683555,National Munis,2008-02-22,0.07%,$0.46,2025-12-29,$0.04,2.63%,Monthly,0.25%,,0.09,7.10%,1.71%,1.78%,1.65%,VanEck,336,9.55%,13.12%,31.09%,40%,20%,1099,$17.38,$17.43,$17.41,$17.44,57.45,B-,,B-,A-,B-,C+,B,,,,,,
178,GSST,Goldman Sachs Ultra Short Bond ETF,Bond,"$1,367,010,000","244,068",$50.65,False,False,False,False,0.11%,0.37%,0.37%,5.10%,5.64%,3.53%,$5.06075,$121.26975,$126.31675,$619.64075,$799.63875,"$1,100.4265",Mortgage Backed Securities,2019-04-15,0.16%,$2.30,2025-12-31,$0.22,4.54%,Monthly,0.72%,,0.02,0.48%,0.40%,0.39%,0.49%,Goldman Sachs,409,13.30%,17.12%,39.37%,40%,20%,1099,$50.47,$50.67,,,86.63,,A-,,,,,,6.88,77.29%,65.83%,80.36,3.58%,1.14%
179,SKOR,FlexShares Credit-Scored US Corporate Bond Index Fund,Bond,"$654,059,000","49,803",$49.26,False,False,False,False,0.13%,0.12%,0.27%,7.58%,5.81%,1.67%,$0.0,$12.28109,$14.736345,$156.619105,$401.258755,$403.149625,Corporate Bonds,2014-11-12,0.15%,$2.31,2025-12-19,$0.20,4.68%,Monthly,1.15%,,0.22,13.30%,1.59%,1.89%,1.97%,Northern Trust Corp.,"1,671",4.93%,6.25%,14.04%,40%,20%,1099,$49.07,$49.27,,,60.49,B-,,B+,B,B,B,B,6.73,82.05%,59.77%,188.28,8.76%,2.81%
180,JPIB,JPMorgan International Bond Opportunities ETF of Benef Interest,Bond,"$1,586,300,000","226,256",$49.15,False,False,False,False,0.22%,0.80%,0.92%,7.94%,6.01%,2.98%,$14.652,$87.732,$92.591,"$1,004.626","$1,263.147","$1,332.019",Total Bond Market,2017-04-05,0.50%,$2.36,2025-12-31,$0.26,4.80%,Monthly,1.12%,,0.24,0.23%,1.99%,1.98%,2.05%,JP Morgan,884,25.57%,29.96%,44.11%,40%,20%,1099,$48.80,$49.21,,,66.15,A-,,C+,B+,B+,B+,,6.1,41.09%,34.32%,201.39,5.75%,1.99%
181,IBDT,iShares iBonds Dec 2028 Term Corporate ETF,Bond,"$3,726,770,000","865,794",$25.54,False,False,False,False,0.20%,0.31%,0.33%,6.64%,5.32%,1.05%,$34.41475,$145.154385,$150.240285,"$1,086.47226","$2,964.311125","$3,469.12684",Corporate Bonds,2018-09-18,0.10%,$1.16,2025-12-19,$0.10,4.55%,Monthly,0.48%,,0.25,9.96%,0.86%,1.01%,1.27%,"BlackRock, Inc.",713,6.54%,8.69%,19.67%,40%,20%,1099,$25.43,$25.55,$25.52,$25.56,72.11,A-,,A-,A-,A,B-,,6.69,76.28%,57.72%,218.77,11.85%,4.15%
182,FDHY,Fidelity Enhanced High Yield ETF,Bond,"$502,704,000","67,889",$49.55,False,False,False,False,0.55%,1.11%,0.92%,8.57%,8.51%,4.17%,$9.895846,$34.560843,$34.560843,$135.049831,$208.772827,$342.283429,High Yield Bonds,2018-06-12,0.35%,$3.20,2026-01-29,$0.24,6.47%,Monthly,1.41%,,0.39,12.36%,2.05%,2.28%,3.08%,Fidelity,312,10.56%,14.66%,37.22%,40%,20%,1099,$49.09,$49.46,$49.42,$49.61,71.01,B,,A+,B,A,A-,,5.4,28.23%,20.41%,260.93,8.68%,3.57%
183,MEAR,iShares Short Maturity Municipal Bond Active ETF,Bond,"$1,367,240,000","125,741",$50.53,False,False,False,False,0.16%,0.44%,0.42%,3.68%,3.70%,2.32%,$0.0,$20.138479,$25.165627,$584.585267,$829.319484,"$1,060.309929",National Munis,2015-03-03,0.25%,$1.48,2025-12-19,$0.12,2.93%,Monthly,0.54%,,0.03,1.27%,0.72%,0.69%,0.80%,"BlackRock, Inc.",334,17.82%,23.58%,50.59%,40%,20%,1099,$50.32,$50.51,$50.49,$50.55,72.78,B+,,C,A,B+,B,,,,,,,
184,FLTB,Fidelity Limited Term Bond ETF,Bond,"$357,834,000","50,495",$50.75,False,False,False,False,0.30%,0.39%,0.52%,6.47%,5.57%,2.13%,$0.0,$22.799233,$22.799233,$161.399239,$148.240661,$122.263763,Corporate Bonds,2014-10-06,0.25%,$2.19,2026-01-29,$0.18,4.31%,Monthly,0.94%,,0.1,2.10%,1.40%,1.51%,1.67%,Fidelity,"1,020",17.57%,20.27%,36.11%,40%,20%,1099,$50.49,$50.70,$50.68,$50.80,65.65,C+,,C+,A-,B,B,B+,6.39,79.04%,45.06%,242.32,7.49%,1.04%
185,FCOR,Fidelity Corporate Bond ETF,Bond,"$323,642,000","40,084",$47.84,False,False,False,False,-0.03%,0.02%,0.37%,7.67%,5.27%,0.41%,$0.0,$19.119884,$19.119884,$78.275851,$158.688597,$96.203505,Corporate Bonds,2014-10-06,0.36%,$2.13,2026-01-29,$0.17,4.45%,Monthly,1.23%,,0.37,8.83%,3.30%,3.27%,3.27%,Fidelity,518,12.41%,15.92%,33.21%,40%,20%,1099,$47.62,$47.96,,,53.69,B-,,A,B-,B,B,C+,6.38,36.86%,44.83%,361.54,10.28%,2.71%
186,FCVT,First Trust SSI Strategic Convertible Securities ETF,Bond,"$102,161,000","40,860",$45.66,False,False,False,False,-0.74%,4.90%,6.20%,22.77%,13.84%,4.13%,$0.0,$0.0,$0.0,-$13.4334,-$58.928802,-$133.043809,Preferred Stock/Convertible Bonds,2015-11-03,0.95%,$0.86,2026-01-21,$0.05,1.88%,Monthly,3.77%,,0.75,36.67%,15.59%,15.69%,15.81%,First Trust,140,26.57%,33.46%,62.11%,40%,20%,1099,$43.81,$47.01,$45.23,$46.33,56.33,C+,,,C,C,C+,B+,5.9,1.79%,30.17%,213.06,9.20%,6.52%
187,DEED,First Trust Securitized Plus ETF,Bond,"$84,123,000","45,570",$21.58,False,False,False,False,-0.10%,-0.13%,0.24%,8.28%,4.89%,0.44%,$0.0,$11.8977,$11.8977,$7.6361,-$19.2232,$102.5833,Mortgage Backed Securities,2020-04-29,0.76%,$0.95,2026-01-21,$0.08,4.43%,Monthly,0.54%,,0.27,18.97%,2.87%,3.20%,3.21%,First Trust,151,17.27%,23.95%,63.57%,40%,20%,1099,$21.51,$21.65,,,54.25,,,,,,C,,,,,,,
188,USTB,VictoryShares Short-Term Bond ETF,Bond,"$1,907,810,000","189,571",$51.00,False,False,False,False,0.20%,0.36%,0.38%,5.82%,6.19%,3.41%,$43.225478,$177.853491,$177.853491,$925.132332,"$1,422.226004","$1,646.299244",Total Bond Market,2017-10-24,0.34%,$2.34,2026-01-08,$0.03,4.59%,Monthly,0.85%,,0.08,7.53%,0.81%,0.86%,1.00%,Victory Capital,923,15.83%,18.66%,31.28%,40%,20%,1099,$50.80,$50.97,$50.97,$51.01,72.62,B+,,,A,,B+,,6.28,33.33%,40.54%,263.7,3.72%,1.71%
189,FEMB,First Trust Emerging Markets Local Currency Bond ETF,Bond,"$339,394,000","111,511",$30.43,False,False,False,False,0.46%,2.87%,2.59%,21.10%,9.21%,1.88%,$7.6162,$25.5984,$27.08615,$164.9899,$179.013218,$146.168719,Emerging Markets Bonds,2014-11-04,0.85%,$1.84,2026-01-21,$0.14,6.03%,Monthly,1.57%,,0.43,11.02%,6.05%,5.83%,6.05%,First Trust,59,36.38%,51.15%,98.57%,40%,20%,1099,$29.33,$30.79,$30.25,$30.70,65.82,B+,C,C+,B+,B-,A,B-,4.79,78.28%,13.56%,1.67,0.00%,0.05%
190,NUBD,Nuveen ESG U.S. Aggregate Bond ETF,Bond,"$474,483,000","68,556",$22.41,False,False,True,False,0.04%,-0.07%,0.25%,6.50%,3.53%,-0.45%,$0.0,$11.190824,$11.190824,$60.17543,$209.719575,$315.077995,Total Bond Market,2017-09-29,0.15%,$0.87,2025-12-18,$0.08,3.88%,Monthly,0.46%,,0.25,6.12%,2.24%,2.60%,2.86%,TIAA Board of Governors,"2,386",10.37%,14.28%,32.21%,40%,20%,1099,$22.33,$22.46,,,53.14,B,,,B-,,C,,6.34,76.10%,42.97%,200.07,0.81%,1.09%
191,HCRB,Hartford Core Bond ETF,Bond,"$348,181,000","15,137",$35.46,False,False,False,False,-0.18%,-0.18%,0.08%,6.40%,4.16%,-0.19%,$0.0,-$1.77547,-$1.77547,$54.02044,$95.34231,$225.74492,Total Bond Market,2020-02-19,0.29%,$1.46,2025-12-30,$0.18,4.12%,Monthly,0.75%,,0.27,6.73%,2.60%,2.70%,2.89%,"The Hartford Insurance Group, Inc.",865,20.68%,26.99%,51.66%,40%,20%,1099,$35.38,$35.62,$35.43,$35.49,49.97,B-,,,B-,,B,,6.03,34.93%,32.59%,414.97,4.57%,0.71%
192,JAAA, Janus Henderson AAA CLO ETF,Bond,"$26,105,900,000","6,043,367",$50.67,False,False,False,False,-0.26%,0.24%,0.18%,4.70%,6.74%,4.55%,$273.998,"$1,104.2025","$1,124.4105","$5,862.92","$23,371.1245","$25,298.093492",Corporate Bonds,2020-10-16,0.20%,$2.68,2025-12-22,$0.25,5.29%,Monthly,0.79%,,0.04,2.63%,1.30%,0.94%,0.86%,Janus Henderson,540,9.88%,13.29%,32.66%,40%,20%,1099,$50.55,$50.84,$50.65,$50.69,59.71,A,,,A,,A,,,,,,,
193,VCEB,Vanguard ESG U.S. Corporate Bond ETF,Bond,"$1,042,310,000","46,108",$63.78,False,False,False,False,-0.07%,-0.11%,0.24%,6.86%,4.78%,0.18%,$15.9505,$35.03475,$35.03475,$219.17,$661.826,$963.395,Corporate Bonds,2020-09-22,0.12%,$2.91,2025-12-18,$0.25,4.56%,Monthly,1.53%,,0.36,14.51%,3.03%,3.18%,3.26%,Vanguard,"2,755",2.02%,2.70%,6.74%,40%,20%,1099,$63.55,$63.98,$63.73,$63.86,52.16,B-,,,B-,,B-,,6.64,68.59%,55.67%,27.72,2.28%,2.37%
194,TFLO,iShares Treasury Floating Rate Bond ETF,Bond,"$6,401,900,000","1,380,746",$50.63,False,False,False,False,0.04%,0.38%,0.34%,4.20%,4.91%,3.37%,-$10.12064,-$75.7969,-$75.7969,-$45.93479,"$1,929.25069","$5,999.63632",Government Bonds,2014-02-03,0.15%,$2.10,2025-12-19,$0.16,4.15%,Monthly,0.58%,,0.09,0.69%,0.38%,0.32%,0.30%,"BlackRock, Inc.",9,100.00%,100.00%,100.00%,40%,20%,1099,$50.45,$50.65,$50.63,$50.64,89.03,A-,,A,A,A,A-,,5.78,88.06%,27.81%,0.0,0.00%,0.00%
195,BGRN,iShares Trust iShares USD Green Bond ETF,Bond,"$448,431,000","22,376",$48.06,False,False,False,False,0.02%,0.09%,0.26%,6.86%,4.64%,0.02%,$2.398025,$7.179795,$7.179795,$38.31432,$141.16304,$291.21979,Total Bond Market,2018-11-13,0.20%,$2.02,2025-12-19,$0.17,4.20%,Monthly,1.04%,,0.23,5.32%,1.96%,2.05%,2.11%,"BlackRock, Inc.",324,13.33%,17.04%,35.80%,40%,20%,1099,$47.88,$48.10,$48.01,$48.10,56.51,B-,,,B+,,B-,,6.77,76.31%,61.22%,739.68,10.34%,9.49%
196,MLN,VanEck Long Muni ETF,Bond,"$644,569,000","259,327",$17.56,False,False,False,False,0.20%,-0.31%,0.14%,2.40%,2.51%,-1.27%,$0.0,$0.0,$0.0,$122.941355,$373.689655,$457.39946,National Munis,2008-01-02,0.24%,$0.65,2025-12-29,$0.06,3.71%,Monthly,0.47%,,0.44,57.98%,4.23%,3.51%,3.47%,VanEck,651,6.01%,8.12%,19.42%,40%,20%,1099,$17.46,$17.64,$17.53,$17.58,52.87,A,,A,C,A-,A-,B-,,,,,,
197,MMIT,NYLI MacKay Muni Intermediate ETF,Bond,"$1,367,190,000","267,879",$24.47,False,False,False,False,-0.04%,0.62%,0.58%,4.84%,3.31%,0.99%,$7.341267,$51.345721,$51.345721,$535.182126,$960.481312,"$1,290.33963",National Munis,2017-10-18,0.30%,$0.86,2025-12-30,$0.07,3.52%,Monthly,0.47%,,0.22,7.37%,1.66%,1.37%,2.14%,New York Life,800,9.78%,12.45%,27.00%,40%,20%,1099,$24.37,$24.55,$24.46,$24.48,60.61,A-,,,B,,B+,,,,,,,
198,GCOR,Goldman Sachs Access U.S. Aggregate Bond ETF,Bond,"$736,320,000","73,133",$41.62,False,False,False,False,0.02%,-0.06%,0.24%,6.53%,3.41%,-0.54%,$6.24,$29.077,$29.077,$330.226,$303.439,$642.4785,Total Bond Market,2020-09-08,0.08%,$1.68,2025-12-31,$0.17,4.02%,Monthly,0.87%,,0.26,3.75%,2.36%,2.55%,2.68%,Goldman Sachs,"1,616",33.73%,39.09%,58.50%,40%,20%,1099,$41.47,$41.72,,,53.29,B,,,B-,,B-,,5.97,25.74%,31.38%,234.55,2.83%,0.90%
199,IBD,Inspire Corporate Bond ETF,Bond,"$473,982,000","78,233",$24.15,False,False,True,False,0.28%,0.32%,0.03%,6.87%,5.10%,1.19%,$7.221,$19.281,$19.281,$126.749,$238.811,$335.913,Corporate Bonds,2017-07-10,0.44%,$1.01,2026-01-27,$0.06,4.18%,Quarterly,0.51%,,0.2,16.07%,4.03%,3.99%,3.86%,Inspire Impact Group LLC,250,21.86%,32.28%,58.53%,40%,20%,1099,$24.01,$24.19,$24.07,$24.25,54.14,B,,B-,C+,C+,C+,,6.53,87.50%,50.56%,246.4,8.53%,11.54%
200,PGHY,Invesco Global ex-US High Yield Corporate Bond ETF,Bond,"$197,307,000","59,924",$19.98,False,False,False,False,0.10%,0.93%,1.01%,7.80%,8.68%,4.67%,$0.0,$7.98555,$7.98555,$54.605,$14.85575,$7.50025,High Yield Bonds,2013-06-20,0.35%,$1.56,2026-01-20,$0.12,7.81%,Monthly,0.51%,,0.19,3.24%,3.33%,3.82%,4.30%,Invesco,435,7.47%,9.42%,22.55%,40%,20%,1099,$19.79,$20.03,,,61.78,B,,B-,C+,B,A-,B+,5.15,11.11%,17.01%,425.45,4.78%,2.32%
201,FLDR,Fidelity Low Duration Bond Factor ETF,Bond,"$1,292,270,000","230,187",$50.21,False,False,True,False,0.10%,0.33%,0.28%,5.24%,6.00%,3.68%,-$5.035764,$54.000961,$57.765051,$588.155622,"$1,076.296682","$1,044.928717",Corporate Bonds,2018-06-12,0.15%,$2.32,2026-01-29,$0.17,4.62%,Monthly,0.76%,,0.04,1.33%,0.47%,0.46%,0.66%,Fidelity,345,12.03%,16.16%,37.39%,40%,20%,1099,$50.05,$50.20,$50.19,$50.22,79.91,B,,C+,A,A,A,,6.79,73.43%,61.94%,29.2,2.01%,0.65%
202,BSCS,Invesco BulletShares 2028 Corporate Bond ETF,Bond,"$3,318,870,000","866,057",$20.60,False,False,False,False,0.29%,0.35%,0.35%,6.64%,5.29%,1.08%,$27.73305,$138.87705,$148.1403,$916.0101,"$2,755.81725","$3,109.35945",Corporate Bonds,2018-08-09,0.10%,$0.99,2026-01-20,$0.08,4.82%,Monthly,0.38%,,0.25,5.96%,0.98%,1.08%,1.24%,Invesco,458,7.75%,10.35%,24.03%,40%,20%,1099,$20.50,$20.58,$20.59,$20.61,70.18,B+,,A-,B+,A-,B-,,6.74,82.69%,59.93%,183.88,12.79%,3.93%
203,AGZD,WisdomTree Interest Rate Hedged U.S. Aggregate Bond Fund,Bond,"$94,794,000","33,651",$22.58,False,False,True,False,0.26%,0.72%,0.70%,4.73%,5.93%,3.97%,$0.0,$4.499,$4.499,-$45.83675,-$188.17068,$29.34368,Total Bond Market,2013-12-18,0.23%,$0.92,2026-01-27,$0.07,4.06%,Monthly,0.34%,,0.03,3.79%,2.71%,3.00%,2.86%,"WisdomTree, Inc.","1,364",8.19%,10.51%,22.97%,40%,20%,1099,$22.42,$22.57,,,60.12,B-,,C,B,C,B-,,6.03,9.94%,32.76%,235.91,2.99%,0.73%
204,TIPZ,PIMCO Broad U.S. TIPS Index ETF,Bond,"$91,984,100","12,476",$53.22,False,False,False,False,0.25%,0.36%,1.62%,6.16%,3.31%,0.73%,$0.0,$0.0,-$2.6465,-$13.016,-$48.0625,-$4.015,Inflation-Protected Bonds,2009-09-03,0.20%,$2.48,2025-12-31,$0.20,4.66%,Monthly,0.98%,,0.27,18.29%,4.23%,4.41%,3.80%,Allianz Investment Management LLC,42,50.64%,70.66%,100.00%,40%,20%,1099,$52.86,$53.27,$53.18,$53.24,55.04,B-,,A,B,A,A,B,5.78,72.03%,27.81%,0.0,0.00%,0.00%
205,HMOP,Hartford Municipal Opportunities ETF,Bond,"$688,968,000","68,713",$39.41,False,False,False,False,0.15%,0.87%,0.77%,4.98%,4.03%,1.35%,$10.821203,$30.438383,$30.438383,$158.481808,$343.822505,$551.86023,National Munis,2017-12-13,0.29%,$1.33,2025-12-30,$0.14,3.37%,Monthly,0.78%,,0.24,2.70%,1.52%,1.69%,2.19%,"The Hartford Insurance Group, Inc.",571,16.26%,20.18%,38.79%,40%,20%,1099,$39.17,$39.50,$39.36,$39.45,64.09,B+,,,B,,A-,,,,,,,
206,FLIA,Franklin International Aggregate Bond ETF,Bond,"$676,438,000","107,825",$20.31,False,False,False,False,0.25%,0.40%,0.64%,2.95%,3.45%,0.53%,$2.0265,$10.11785,$15.1646,$54.30875,$462.01475,$479.97225,International Government Bonds,2018-05-30,0.25%,$0.53,2025-12-19,$0.40,2.61%,Monthly,0.20%,,0.13,8.13%,1.62%,2.11%,2.17%,Franklin Templeton,67,37.49%,51.18%,95.17%,40%,20%,1099,$20.19,$20.33,$20.30,$20.33,58.73,B,A+,B-,A+,A-,C+,,6.14,45.07%,35.51%,14.02,0.91%,0.10%
207,XMPT,VanEck CEF Muni Income ETF,Bond,"$209,592,000","59,644",$22.16,False,False,False,False,1.05%,1.93%,1.28%,7.06%,4.69%,-0.48%,-$3.263535,$7.769795,$7.769795,$28.27434,$18.382898,$89.525202,Total Bond Market,2011-07-12,1.97%,$1.28,2025-12-29,$0.10,5.79%,Monthly,0.76%,,0.67,3.58%,4.58%,5.11%,5.19%,VanEck,50,51.45%,62.00%,100.00%,40%,20%,1099,$21.81,$22.26,$22.06,$22.23,60.68,B,,A+,C,B,A,C+,,,,,,
208,BWZ,SPDR Bloomberg Short Term International Treasury Bond ETF,Bond,"$332,990,000","121,052",$27.90,False,False,False,False,0.61%,1.64%,1.79%,11.33%,2.46%,-1.61%,$0.0,-$21.813189,-$21.813189,$182.393523,$145.596154,$148.821699,International Government Bonds,2009-01-15,0.35%,$0.56,2025-12-18,$0.05,2.02%,Monthly,0.73%,,0.24,43.94%,7.70%,6.80%,6.15%,State Street,260,11.78%,16.61%,41.84%,40%,20%,1099,$26.87,$28.17,$27.84,$28.01,60.93,A-,B,B,A,B+,C,A,6.17,47.80%,36.52%,1.56,0.00%,0.00%
209,LDSF,First Trust Low Duration Strategic Focus ETF,Bond,"$153,344,000","34,359",$19.17,False,False,False,False,0.03%,0.33%,0.42%,7.04%,5.61%,2.46%,$1.9168,$5.7546,$7.6704,$23.95625,-$54.6457,$24.07685,Total Bond Market,2019-01-03,0.87%,$0.94,2026-01-21,$0.07,4.91%,Monthly,0.40%,,0.13,6.55%,1.40%,1.31%,1.57%,First Trust,8,100.00%,100.00%,100.00%,40%,20%,1099,$19.08,$19.20,$19.14,$19.21,64.24,B-,,,A-,,B,,6.58,58.45%,52.89%,176.23,2.51%,1.29%
210,TTT,ProShares UltraPro Short 20+ Year Treasury,Bond,"$19,337,700","7,895",$67.63,True,-3x,False,False,3.23%,4.21%,1.03%,-2.78%,13.92%,22.51%,$0.0,$2.613883,$1.286557,-$5.690219,-$360.793933,-$262.759951,Inverse Bonds,2012-03-27,0.95%,$6.61,2025-12-24,$5.21,9.77%,Quarterly,4.16%,,-1.61,75.12%,25.34%,23.56%,24.42%,Proshare Advisors LLC,1,100.00%,100.00%,100.00%,40%,20%,1099,$64.23,$68.01,$66.89,$68.00,56.78,B+,A,A,C+,B,C+,B-,,,,,,
211,GHYB,Goldman Sachs Access High Yield Corporate Bond ETF,Bond,"$116,229,000","17,130",$45.57,False,False,True,False,-0.06%,0.52%,0.55%,8.25%,8.70%,4.14%,$0.0,$9.0805,$9.0805,-$32.681,-$20.552,-$46.4495,High Yield Bonds,2017-09-05,0.15%,$3.17,2025-12-31,$0.25,6.96%,Monthly,1.33%,,0.41,7.79%,1.96%,2.29%,2.87%,Goldman Sachs,839,4.80%,6.37%,15.79%,40%,20%,1099,$45.40,$45.68,,,59.37,C+,,A-,B+,B+,B+,,5.65,64.83%,24.69%,236.31,7.59%,2.88%
212,BKAG,BNY Mellon Core Bond ETF,Bond,"$2,211,080,000","162,998",$42.51,False,False,False,False,0.01%,-0.06%,0.29%,6.70%,3.66%,-0.21%,$0.0,$141.9095,$141.9095,$192.1815,"$1,765.0635","$2,186.923026",Total Bond Market,2020-04-22,0.00%,$1.77,2025-12-29,$0.09,4.16%,Monthly,0.90%,,0.25,9.63%,2.52%,2.87%,3.14%,BNY Mellon,"5,292",7.64%,9.51%,19.84%,40%,20%,1099,$42.36,$42.59,$42.47,$42.55,53.03,B+,,,B-,,B-,,6.02,34.19%,32.54%,248.26,2.87%,0.78%
213,GHYG,iShares US & Intl High Yield Corp Bond ETF,Bond,"$204,854,000","18,090",$46.50,False,False,False,False,0.04%,0.82%,0.80%,10.59%,8.99%,3.82%,$0.0,$9.20732,$9.20732,$50.15006,$102.6717,$30.70732,High Yield Bonds,2012-04-03,0.40%,$2.79,2025-12-19,$0.26,5.99%,Monthly,1.43%,,0.44,26.43%,2.57%,3.44%,3.69%,"BlackRock, Inc.","1,740",3.58%,4.56%,9.96%,40%,20%,1099,$46.03,$46.68,$46.45,$46.56,61.91,B-,,B,B,B,C+,A,5.63,39.58%,24.36%,208.0,7.41%,3.25%
214,STOT,State Street DoubleLine Short Duration Total Return Tactical ETF,Bond,"$339,552,000","40,395",$47.45,False,False,False,False,0.17%,0.38%,0.35%,5.71%,5.47%,2.65%,$0.0,$2.361722,$3.541722,$168.373423,$205.746981,$199.652338,Total Bond Market,2016-04-13,0.45%,$2.13,2025-12-18,$0.20,4.50%,Monthly,0.73%,,0.06,3.45%,0.85%,0.88%,0.93%,State Street,483,41.93%,45.35%,57.84%,40%,20%,1099,$47.27,$47.40,$47.42,$47.46,69.68,B-,,,A-,,B+,,6.2,28.02%,37.26%,373.15,1.83%,1.24%
215,HYZD,WisdomTree Interest Rate Hedged High Yield Bond Fund,Bond,"$207,580,000","49,833",$22.61,False,False,True,False,0.09%,0.90%,0.81%,6.38%,8.95%,6.53%,$0.0,$6.7885,$6.7885,$31.7834,$14.76678,$88.2075,High Yield Bonds,2013-12-18,0.43%,$1.36,2026-01-27,$0.11,6.01%,Monthly,0.59%,,0.3,17.81%,2.42%,1.97%,2.68%,"WisdomTree, Inc.",484,6.66%,9.08%,23.46%,40%,20%,1099,$22.44,$22.66,,,64.29,B-,,C,B-,C,B-,B-,5.66,65.31%,24.81%,180.07,6.40%,2.69%
216,TAXF,American Century Diversified Municipal Bond ETF,Bond,"$559,673,000","40,870",$50.81,False,False,False,False,0.32%,0.73%,0.85%,5.10%,3.62%,1.11%,$0.0,$5.047665,$5.047665,$32.95504,$276.25003,$487.44824,National Munis,2018-09-10,0.27%,$1.85,2025-12-16,$0.16,3.64%,Monthly,1.20%,,0.27,17.32%,2.24%,1.91%,2.08%,American Century Investments,704,6.33%,8.42%,20.32%,40%,20%,1099,$50.52,$50.85,$50.75,$50.86,64.12,B,,,B-,,A-,,,,,,,
217,EMHC,State Street SPDR Bloomberg Emerging Markets USD Bond ETF,Bond,"$239,811,000","27,962",$25.54,False,False,False,False,-0.08%,0.04%,0.31%,12.30%,7.76%,,$2.551185,$7.627597,$7.627597,-$121.207035,$112.264117,$226.544667,Emerging Markets Bonds,2021-04-06,0.23%,$1.57,2025-12-18,$0.22,6.15%,Monthly,1.04%,,0.52,8.81%,3.41%,3.46%,4.51%,State Street,512,8.20%,10.72%,24.56%,40%,20%,1099,$25.33,$25.59,$25.51,$25.59,57.8,C,A,,,,A,,4.04,45.50%,2.20%,717.14,0.19%,0.02%
218,OPER,ClearShares Ultra-Short Maturity ETF,Bond,"$115,322,000","9,778",$100.05,False,False,False,False,0.05%,0.33%,0.30%,4.32%,4.93%,3.42%,$0.0,-$5.0035,-$5.0035,-$25.0425,-$125.311,-$10.179,Total Bond Market,2018-07-10,0.20%,$4.28,2026-01-29,$0.28,4.28%,Monthly,1.21%,,0.11,0.23%,0.25%,0.24%,0.26%,ClearShares LLC,1,0.00%,0.00%,0.00%,40%,20%,1099,$99.74,$100.07,$100.03,$100.07,91.42,C+,,,A+,,A-,,5.04,0.48%,15.81%,1.56,0.00%,0.00%
219,FUMB,First Trust Ultra Short Duration Municipal ETF,Bond,"$238,161,000","76,092",$20.12,False,False,False,False,0.10%,0.39%,0.52%,3.22%,3.07%,1.94%,$0.0,$13.0659,$13.0659,$41.17645,-$120.875889,$127.032238,National Munis,2018-11-01,0.45%,$0.62,2026-01-21,$0.05,3.10%,Monthly,0.18%,,0.03,1.31%,0.66%,0.71%,0.89%,First Trust,226,9.33%,13.26%,36.29%,40%,20%,1099,$20.04,$20.12,$20.11,$20.13,76.91,B-,,,A,,B-,,,,,,,
220,EMNT,PIMCO Enhanced Short Maturity Active ESG Exchange-Traded Fund,Bond,"$211,603,000","8,932",$98.91,False,False,False,False,0.06%,0.34%,0.34%,4.62%,5.33%,3.23%,$0.0,$0.0,$0.0,$49.274,$63.8905,$56.6659,Total Bond Market,2019-12-10,0.24%,$4.40,2025-12-31,$0.31,4.45%,Monthly,1.29%,,0.02,1.45%,0.24%,0.24%,0.29%,Allianz Investment Management LLC,158,53.07%,57.94%,79.60%,40%,20%,1099,$98.58,$98.94,$98.88,$98.93,95.13,C+,,,A,,B+,,7.36,96.14%,83.51%,97.78,2.15%,1.46%
221,FSMB,First Trust Short Duration Managed Municipal ETF,Bond,"$537,381,000","114,960",$20.11,False,False,False,False,0.15%,0.68%,0.60%,4.46%,3.24%,1.56%,$11.04255,$24.09465,$24.09465,$91.90965,$108.366954,$459.615119,National Munis,2018-11-01,0.55%,$0.67,2026-01-21,$0.05,3.35%,Monthly,0.29%,,0.11,2.94%,1.28%,1.08%,1.32%,First Trust,496,8.04%,11.12%,27.47%,40%,20%,1099,$20.00,$20.13,$20.10,$20.12,70.61,B,,,A-,,B,,,,,,,
222,JCPB,JPMorgan Core Plus Bond ETF,Bond,"$9,677,040,000","1,150,219",$47.51,False,False,False,False,0.03%,0.07%,0.33%,7.37%,4.92%,0.80%,$80.522,$321.797,$326.52,"$4,269.901","$8,880.108","$9,425.26",Total Bond Market,2019-01-28,0.38%,$2.32,2025-12-31,$0.19,4.89%,Monthly,1.10%,,0.26,15.87%,2.46%,2.61%,2.82%,JP Morgan,"2,501",17.78%,20.73%,30.13%,40%,20%,1099,$47.31,$47.61,,,54.78,A,,,B-,,A-,,,,,,,
223,HYDB,iShares High Yield Systematic Bond ETF,Bond,"$1,666,050,000","307,876",$47.71,False,False,True,False,0.21%,0.72%,0.76%,7.54%,9.40%,5.09%,$0.0,-$4.67853,-$4.67853,$446.943615,"$1,511.558455","$1,604.94115",High Yield Bonds,2017-07-11,0.35%,$3.33,2025-12-19,$0.27,6.99%,Monthly,1.28%,,0.39,11.68%,1.67%,2.30%,3.07%,"BlackRock, Inc.",264,8.13%,11.83%,33.79%,40%,20%,1099,$47.43,$47.73,$47.64,$47.76,66.32,A-,,B+,B-,A-,B+,,5.47,36.12%,21.49%,244.32,4.41%,3.19%
224,SHAG,WisdomTree Yield Enhanced U.S. Short-Term Aggregate Bond Fund,Bond,"$43,138,800","14,711",$48.01,False,False,True,False,0.29%,0.29%,0.37%,5.98%,4.74%,1.57%,$0.0,-$33.6742,-$33.6742,$4.8029,-$19.80787,-$95.40296,Total Bond Market,2017-05-18,0.12%,$2.10,2026-01-27,$0.20,4.37%,Monthly,0.83%,,0.1,9.03%,0.85%,1.10%,1.22%,"WisdomTree, Inc.",971,21.57%,25.05%,42.76%,40%,20%,1099,$47.80,$47.98,$47.99,$48.03,69.15,C,,,A-,,B,,6.21,65.44%,37.57%,296.91,6.99%,1.86%
225,FLHY,Franklin High Yield Corporate ETF,Bond,"$748,430,000","150,444",$24.60,False,False,False,False,0.08%,0.78%,0.76%,8.57%,9.43%,4.96%,$19.6744,$42.97815,$42.97815,$121.20885,$517.56635,$535.26135,High Yield Bonds,2018-05-30,0.40%,$1.59,2025-12-19,$0.15,6.48%,Monthly,0.72%,,0.38,9.09%,1.71%,2.25%,2.97%,Franklin Templeton,259,10.62%,14.76%,38.89%,40%,20%,1099,$24.43,$24.64,$24.57,$24.62,68.18,B+,,A,B,A-,B,,5.22,11.00%,17.82%,280.84,6.28%,2.65%
226,IGEB,iShares Investment Grade Systematic Bond ETF,Bond,"$1,469,820,000","158,390",$45.76,False,False,True,False,-0.08%,-0.09%,0.22%,7.62%,5.55%,0.86%,$0.0,-$18.255815,-$18.255815,$397.13998,"$1,208.24138","$1,298.085775",Corporate Bonds,2017-07-11,0.18%,$2.25,2025-12-19,$0.21,4.91%,Monthly,1.19%,,0.36,2.46%,2.83%,3.06%,3.15%,"BlackRock, Inc.",481,5.20%,7.66%,24.35%,40%,20%,1099,$45.59,$45.89,$45.73,$45.80,52.99,B,,A,B-,A-,B+,,6.56,88.24%,51.65%,410.72,12.85%,3.74%
227,IBND,SPDR Bloomberg International Corporate Bond ETF,Bond,"$431,203,000","108,243",$32.68,False,False,False,False,0.65%,1.52%,1.78%,17.35%,6.93%,-1.04%,$8.197785,$22.53796,$22.53796,$197.842817,$238.546029,$174.798022,Corporate Bonds,2010-05-19,0.50%,$0.80,2025-12-18,$0.07,2.44%,Monthly,1.35%,,0.44,3.06%,7.61%,6.08%,5.87%,State Street,919,2.82%,3.96%,11.02%,40%,20%,1099,$31.52,$32.98,$32.56,$32.85,60.69,B,,C,C,C,C,A-,7.3,92.24%,81.36%,41.28,10.51%,2.19%
228,GTIP,Goldman Sachs Access Inflation Protected USD Bond ETF,Bond,"$219,741,000","24,492",$49.42,False,False,True,False,0.22%,0.22%,0.58%,5.98%,3.48%,1.07%,$1.2335,$11.079,$11.079,$78.8005,$95.84725,$201.821,Inflation-Protected Bonds,2018-10-02,0.12%,$2.25,2025-12-31,$0.20,4.55%,Monthly,0.89%,,0.26,12.72%,2.40%,2.59%,2.80%,Goldman Sachs,35,55.87%,72.96%,100.00%,40%,20%,1099,$49.11,$49.46,$49.36,$49.47,55.6,B,,B,B+,A,A-,A,5.78,20.34%,27.22%,1.56,0.00%,0.00%
229,JSCP,JPMorgan Short Duration Core Plus ETF,Bond,"$1,274,940,000","231,176",$47.69,False,False,False,False,0.22%,0.22%,0.29%,6.45%,5.53%,,$14.7464,$113.0679,$113.0679,$694.8254,"$1,020.7948","$1,222.1613",Total Bond Market,2021-03-01,0.33%,$2.21,2025-12-31,$0.18,4.63%,Monthly,0.89%,,0.13,5.87%,0.83%,1.24%,1.32%,JP Morgan,"1,090",24.02%,28.74%,42.04%,40%,20%,1099,$47.52,$47.68,$47.68,$47.71,67.23,B+,,,A-,,B+,,,,,,,
230,RVNU,Xtrackers Municipal Infrastructure Revenue Bond ETF,Bond,"$134,969,000","17,021",$24.71,False,False,False,False,-0.08%,0.57%,0.70%,1.40%,2.71%,-0.68%,$0.0,$0.0,$0.0,$0.0,$24.2103,$40.2495,National Munis,2013-06-04,0.15%,$0.85,2025-12-22,$0.07,3.44%,Monthly,0.61%,,0.4,68.42%,3.98%,3.83%,4.22%,DWS,281,12.36%,16.92%,41.71%,40%,20%,1099,$24.64,$24.80,$24.65,$24.79,51.91,C+,,A,C,B,B+,,,,,,,
231,KORP,American Century Diversified Corporate Bond ETF,Bond,"$691,134,000","81,833",$47.46,False,False,False,False,-0.09%,0.12%,0.43%,7.67%,5.73%,1.71%,$7.12999,$45.06319,$45.06319,$287.80885,$486.332535,$564.515415,Corporate Bonds,2018-01-11,0.29%,$2.36,2025-12-16,$0.24,4.96%,Monthly,1.21%,,0.24,14.36%,3.28%,3.25%,3.24%,American Century Investments,331,11.80%,14.99%,32.30%,40%,20%,1099,$47.23,$47.61,$47.42,$47.51,53.98,B-,,B-,C+,B-,B+,,6.25,69.85%,38.92%,364.02,8.09%,4.59%
232,BYLD,iShares Yield Optimized Bond ETF,Bond,"$310,160,000","47,951",$22.91,False,False,True,False,0.00%,0.31%,0.59%,7.91%,6.37%,1.91%,$0.0,$3.423298,$4.562143,$70.734533,$204.074792,$118.600593,Total Bond Market,2014-04-22,0.17%,$1.21,2025-12-23,$0.10,5.29%,Monthly,0.59%,,0.26,13.00%,2.74%,2.82%,2.82%,"BlackRock, Inc.",12,97.90%,100.00%,100.00%,40%,20%,1099,$22.78,$22.94,,,59.01,B,,B-,B,B,A-,,6.23,69.13%,38.35%,259.91,5.72%,1.81%
233,IBDU,iShares iBonds Dec 2029 Term Corporate ETF,Bond,"$3,568,690,000","856,324",$23.52,False,False,False,False,0.34%,0.37%,0.49%,7.40%,5.61%,0.97%,$10.554795,$151.078315,$151.078315,"$1,228.817115","$3,119.56513","$3,427.03831",Corporate Bonds,2019-09-17,0.10%,$1.09,2025-12-19,$0.09,4.64%,Monthly,0.50%,,0.29,11.18%,1.39%,1.63%,1.79%,"BlackRock, Inc.",613,6.62%,9.03%,20.94%,40%,20%,1099,$23.39,$23.49,$23.49,$23.53,67.14,B+,,,B+,,B,,6.68,74.36%,57.23%,226.26,12.14%,3.32%
234,OVB,Overlay Shares Core Bond ETF,Bond,"$33,435,500","8,711",$20.62,False,False,False,False,0.41%,0.46%,0.99%,7.42%,5.29%,0.50%,$0.0,$0.413934,$0.413934,-$12.402685,-$12.842813,-$65.175268,Total Bond Market,2019-09-30,0.79%,$1.33,2026-01-28,$0.10,6.47%,Annually,0.55%,,0.39,41.32%,10.98%,7.97%,6.46%,Liquid Strategies,4,100.00%,100.00%,100.00%,40%,20%,1099,$20.39,$20.70,$20.59,$20.65,54.58,C+,,,C,,A,,6.09,15.06%,34.26%,244.33,2.82%,0.77%
235,RIGS,RiverFront Strategic Income Fund,Bond,"$70,607,500","21,208",$23.09,False,False,False,False,0.13%,0.13%,0.55%,6.33%,4.66%,2.28%,-$4.05125,-$4.05125,-$4.05125,-$15.00125,-$41.22425,-$36.1,High Yield Bonds,2013-10-07,0.46%,$1.11,2026-01-22,$0.09,4.82%,Monthly,0.46%,,0.21,16.14%,8.34%,7.40%,10.37%,SS&C,83,30.40%,36.86%,74.03%,40%,20%,1099,$22.93,$23.18,$23.04,$23.14,51.85,C+,,A,C,C,C,,5.97,36.96%,31.34%,379.5,8.63%,1.15%
236,HYHG,ProShares High Yield-Interest Rate Hedged ETF,Bond,"$159,099,000","16,043",$65.10,False,False,True,False,0.42%,1.40%,1.09%,5.51%,9.76%,7.12%,$0.0,-$3.223855,-$3.223855,-$10.648938,$26.15053,$86.063881,High Yield Bonds,2013-05-21,0.50%,$4.49,2025-12-24,$0.37,6.89%,Monthly,1.41%,,0.29,17.20%,7.07%,5.85%,5.67%,Proshare Advisors LLC,236,15.30%,19.59%,42.67%,40%,20%,1099,$64.33,$65.31,$64.80,$65.35,58.32,C+,,C,C,C,B+,B,5.15,7.18%,16.94%,277.93,7.24%,2.10%
237,HYGH,iShares Interest Rate Hedged High Yield Bond ETF,Bond,"$447,761,000","59,025",$86.74,False,False,False,False,-0.18%,0.79%,0.63%,6.36%,9.56%,7.09%,-$4.34819,$4.312815,$4.312815,$14.69274,$306.28268,$392.272865,High Yield Bonds,2014-05-27,0.52%,$5.91,2025-12-23,$0.48,6.81%,Monthly,2.18%,,0.28,13.54%,2.36%,2.75%,3.37%,"BlackRock, Inc.",2,100.00%,100.00%,100.00%,40%,20%,1099,$86.25,$87.19,,,58.62,B-,,C,B-,C+,A-,C,5.49,40.67%,21.81%,235.88,7.12%,2.89%
238,IBDV,iShares iBonds Dec 2030 Term Corporate ETF,Bond,"$2,888,630,000","942,387",$22.15,False,False,False,False,0.25%,0.16%,0.34%,7.85%,5.43%,0.54%,$39.76144,$160.06594,$166.68301,"$1,212.92516","$2,572.960715","$2,780.878365",Corporate Bonds,2020-06-23,0.10%,$1.01,2025-12-19,$0.09,4.56%,Monthly,0.52%,,0.34,6.93%,1.70%,2.00%,2.24%,"BlackRock, Inc.",734,6.40%,8.59%,19.04%,40%,20%,1099,$22.04,$22.15,$22.11,$22.19,60.18,B+,,,B,,B-,,6.54,56.41%,50.91%,224.84,11.47%,4.37%
239,BSJQ,Invesco BulletShares 2026 High Yield Corp Bond ETF,Bond,"$1,153,000,000","300,167",$23.26,False,False,False,False,-0.11%,0.15%,0.15%,5.57%,7.06%,4.10%,$0.0,-$23.3223,-$23.3223,$195.0954,$895.3452,"$1,096.3982",High Yield Bonds,2018-08-09,0.43%,$1.54,2026-01-20,$0.11,6.60%,Monthly,0.45%,,0.3,16.40%,0.87%,1.02%,1.12%,Invesco,68,41.65%,52.26%,94.83%,40%,20%,1099,$23.21,$23.30,,,61.99,A-,,B-,A,A-,B-,,5.53,47.13%,22.43%,585.94,8.34%,0.29%
240,AFIF,Anfield Universal Fixed Income ETF,Bond,"$225,849,000","173,676",$9.44,False,False,False,False,0.05%,0.36%,0.46%,6.46%,7.39%,3.53%,$17.917,$20.0385,$20.509,$101.234,$100.26325,$100.58,Total Bond Market,2018-09-18,1.08%,$0.34,2026-01-22,$0.02,3.61%,Monthly,0.18%,,0.11,0.97%,1.57%,1.85%,2.70%,Anfield Group,310,22.92%,29.69%,63.36%,40%,20%,1099,$9.40,$9.45,,,60.21,B,,,A-,,C,,6.37,78.26%,44.29%,190.99,12.33%,0.27%
241,EMBD,Global X Emerging Markets Bond ETF,Bond,"$293,360,000","72,613",$24.15,False,False,False,False,0.37%,0.55%,0.58%,11.42%,8.67%,2.76%,$3.57139,$5.984754,$5.938104,$75.727023,$174.641042,$234.707206,Emerging Markets Bonds,2020-06-01,0.39%,$1.32,2025-12-30,$0.11,5.45%,Monthly,0.87%,,0.47,17.39%,3.58%,4.41%,5.55%,"Mirae Asset Global Investments Co., Ltd.",208,13.64%,19.05%,46.51%,40%,20%,1099,$23.88,$24.14,$24.07,$24.20,59.64,,B,,,,C,,4.06,46.79%,2.23%,"1,248.16",1.94%,0.46%
242,IMTB,iShares Core 5-10 Year USD Bond ETF,Bond,"$278,716,000","20,111",$44.27,False,False,False,False,0.11%,0.07%,0.16%,8.16%,4.48%,0.35%,$0.0,$0.0,$0.0,$52.05296,$118.05012,$169.08024,Total Bond Market,2016-11-01,0.06%,$1.94,2025-12-19,$0.16,4.39%,Monthly,1.13%,,0.28,4.10%,3.28%,3.12%,3.23%,"BlackRock, Inc.","3,507",17.00%,20.78%,37.64%,40%,20%,1099,$44.12,$44.39,$44.25,$44.31,53.85,C+,,,B,,B-,,6.11,53.31%,34.74%,245.66,1.94%,0.65%
243,BNDC,FlexShares Core Select Bond Fund Core Select Bond Fund,Bond,"$150,127,000","13,522",$22.41,False,False,False,False,0.00%,-0.13%,0.20%,6.73%,3.47%,-0.47%,$0.560118,$2.240613,$3.358618,-$2.592683,-$18.077885,$67.338948,Total Bond Market,2016-11-18,0.35%,$0.93,2025-12-26,$0.08,4.15%,Monthly,0.48%,,0.26,12.47%,4.05%,3.53%,3.36%,Northern Trust Corp.,14,98.75%,100.00%,100.00%,40%,20%,1099,$22.33,$22.48,$22.40,$22.42,51.43,C+,,,C+,,C+,,6.49,83.82%,49.11%,171.86,3.18%,1.09%
244,PICB,Invesco International Corporate Bond ETF,Bond,"$281,289,000","85,441",$24.25,False,False,False,False,0.71%,1.48%,1.81%,15.40%,6.33%,-1.75%,$0.0,$5.95725,$5.95725,$137.18725,$149.5702,$170.05075,Corporate Bonds,2010-06-03,0.50%,$0.82,2026-01-20,$0.06,3.39%,Monthly,0.85%,,0.52,9.44%,7.39%,6.01%,6.14%,Invesco,571,6.30%,8.64%,22.21%,40%,20%,1099,$23.43,$24.47,$24.20,$24.34,61.59,B-,,C+,C,C,C,B+,7.44,94.55%,85.59%,79.0,8.91%,3.77%
245,IBMO,iShares iBonds Dec 2026 Term Muni Bond ETF,Bond,"$577,891,000","115,948",$25.71,False,False,False,False,0.04%,0.25%,0.28%,3.15%,2.24%,0.44%,$0.0,$8.976762,$8.976762,$66.552476,$278.936767,$503.346472,National Munis,2019-04-02,0.18%,$0.61,2025-12-19,$0.05,2.36%,Monthly,0.23%,,0.13,1.72%,1.35%,1.47%,1.37%,"BlackRock, Inc.","1,410",9.60%,11.49%,20.54%,40%,20%,1099,$25.64,$25.70,$25.67,$25.73,60.44,B,,,A,,C,,,,,,,
246,HYXF,iShares ESG Advanced High Yield Corporate Bond ETF,Bond,"$196,597,000","13,154",$47.38,False,False,False,False,-0.16%,0.26%,0.26%,7.63%,8.53%,3.80%,$2.36875,$2.36875,$4.72456,$30.514845,$69.734295,$133.083185,High Yield Bonds,2016-06-14,0.35%,$2.92,2025-12-19,$0.24,6.17%,Monthly,1.25%,,0.4,15.80%,1.75%,2.23%,3.03%,"BlackRock, Inc.",630,6.23%,8.38%,19.54%,40%,20%,1099,$47.28,$47.56,$47.28,$47.44,57.31,B-,,C+,C,C,B-,,6.46,98.56%,47.92%,96.68,2.38%,5.17%
247,FLMB,Franklin Municipal Green Bond ETF,Bond,"$96,661,400","16,875",$23.91,False,False,False,False,0.29%,0.59%,0.50%,4.32%,3.48%,0.27%,$0.0,$3.56915,$3.56915,-$9.3735,-$14.187,-$4.6715,National Munis,2017-08-31,0.30%,$0.92,2025-12-19,$0.08,3.84%,Monthly,0.59%,,0.33,35.12%,2.15%,1.91%,2.22%,Franklin Templeton,100,32.51%,43.20%,84.98%,40%,20%,1099,$23.78,$23.93,$23.88,$23.94,62.66,C+,,,C+,,A-,,,,,,,
248,ELD,WisdomTree Emerging Markets Local Debt Fund,Bond,"$93,797,600","38,983",$29.67,False,False,False,False,0.16%,2.94%,2.10%,20.76%,8.86%,2.55%,$0.0,$4.3787,$4.3787,$19.7631,-$7.342815,-$11.521745,Emerging Markets Bonds,2010-08-09,0.55%,$1.59,2026-01-27,$0.15,5.36%,Monthly,1.48%,,0.4,8.70%,6.39%,6.36%,6.08%,"WisdomTree, Inc.",174,18.18%,23.18%,50.98%,40%,20%,1099,$28.81,$29.97,$29.53,$29.90,63.26,B+,C+,B-,B-,B-,A-,B+,4.82,80.33%,13.95%,2.2,0.00%,0.01%
249,TBX,ProShares Short 7-10 Year Treasury,Bond,"$12,584,800","5,625",$27.98,True,-1x,False,False,0.04%,1.12%,0.65%,-0.43%,4.93%,6.00%,$0.0,-$0.70767,-$0.70767,-$2.17092,-$56.756655,-$35.032693,Inverse Bonds,2011-04-04,0.95%,$0.96,2025-12-24,$0.30,3.42%,Quarterly,0.25%,,-0.25,13.67%,3.08%,3.33%,3.66%,Proshare Advisors LLC,1,100.00%,100.00%,100.00%,40%,20%,1099,$27.69,$28.09,,,58.7,A-,C,B+,A,B+,,A-,,,,,,
250,BSCT,Invesco BulletShares 2029 Corporate Bond ETF,Bond,"$2,728,680,000","764,989",$18.86,False,False,False,False,0.32%,0.35%,0.49%,7.40%,5.55%,0.93%,$31.0146,$138.423,$138.423,$930.97875,"$2,464.0098","$2,608.00875",Corporate Bonds,2019-09-12,0.10%,$0.92,2026-01-20,$0.07,4.89%,Monthly,0.40%,,0.29,5.31%,1.28%,1.69%,1.80%,Invesco,431,8.37%,11.30%,25.76%,40%,20%,1099,$18.76,$18.84,$18.84,$18.87,67.22,B+,,,B+,,B-,,6.72,81.09%,59.31%,204.06,13.29%,3.05%
251,PZT,Invesco New York AMT-Free Municipal Bond ETF,Bond,"$131,535,000","22,632",$22.28,False,False,False,False,0.22%,0.20%,0.14%,1.55%,2.27%,-0.33%,$0.0,-$2.2436,-$2.2436,-$1.03055,$43.5309,$37.95535,New York Munis,2007-10-11,0.28%,$0.83,2026-01-20,$0.07,3.75%,Monthly,0.56%,,0.37,60.92%,3.26%,3.00%,3.14%,Invesco,671,15.93%,19.99%,42.94%,40%,20%,1099,$22.17,$22.39,$22.24,$22.33,52.7,A,A-,A,A,A-,A+,A-,,,,,,
252,RFCI,RiverFront Dynamic Core Income ETF,Bond,"$16,435,700","2,006",$22.63,False,False,False,False,-0.04%,-0.10%,0.10%,6.05%,4.42%,1.39%,$0.0,-$0.56775,-$0.56775,-$6.21575,-$20.07075,-$75.6095,Total Bond Market,2016-06-12,0.51%,$1.01,2026-01-22,$0.08,4.46%,Monthly,0.46%,,0.2,1.70%,2.73%,3.27%,2.96%,SS&C,51,42.20%,53.17%,99.61%,40%,20%,1099,$22.56,$22.71,$22.62,$22.65,51.66,C,,B-,B+,C,B-,,6.24,51.99%,38.68%,537.71,9.05%,0.88%
253,CBON,VanEck China Bond ETF,Bond,"$18,474,800","2,440",$22.99,False,False,False,False,0.13%,0.66%,0.66%,5.73%,2.55%,1.47%,$0.0,$0.0,$0.0,-$4.40818,-$35.63999,-$40.27467,Emerging Markets Bonds,2014-11-10,0.50%,$0.38,2025-12-29,$0.03,1.65%,Monthly,0.36%,,0.12,6.64%,2.90%,2.61%,3.09%,VanEck,30,54.12%,71.97%,100.00%,40%,20%,1099,$22.77,$23.06,$22.91,$23.07,63.13,B-,B-,A,A,B+,C+,,3.15,29.08%,0.63%,107.02,0.00%,0.31%
254,FCAL,First Trust California Municipal High Income ETF,Bond,"$205,205,000","19,129",$49.55,False,False,False,False,0.22%,0.87%,0.77%,4.21%,3.17%,0.84%,$0.0,$2.4782,$2.4782,-$63.9767,$99.295409,$122.939923,California Munis,2017-06-20,0.65%,$1.73,2026-01-21,$0.14,3.50%,Monthly,1.00%,,0.25,26.07%,1.76%,1.66%,1.99%,First Trust,265,11.56%,16.02%,39.89%,40%,20%,1099,$49.21,$49.58,$49.52,$49.57,68.6,A-,B+,,A+,,,,,,,,,
255,HTAB,Hartford Schroders Tax-Aware Bond ETF,Bond,"$314,885,000","54,675",$19.16,False,False,False,False,-0.37%,-0.17%,0.05%,2.86%,2.55%,0.42%,$0.0,-$4.792075,-$4.792075,-$129.835995,$239.60834,$207.393815,Total Bond Market,2018-04-18,0.39%,$0.74,2025-12-30,$0.07,3.88%,Monthly,0.41%,,0.29,48.58%,2.82%,2.92%,3.20%,"The Hartford Insurance Group, Inc.",193,31.84%,39.52%,70.65%,40%,20%,1099,$19.16,$19.28,$19.15,$19.18,46.96,B+,,,C+,,B-,,,,,,,
256,MBSD,FlexShares Disciplined Duration MBS Index Fund,Bond,"$91,634,000","8,944",$20.86,False,False,True,False,0.22%,0.26%,0.43%,6.81%,3.99%,0.57%,$0.0,$0.0,$0.0,$4.235115,-$5.01585,$7.139845,Mortgage Backed Securities,2014-09-03,0.20%,$0.88,2025-12-19,$0.07,4.22%,Monthly,0.41%,,0.18,9.36%,2.38%,2.59%,2.96%,Northern Trust Corp.,461,13.29%,18.47%,48.86%,40%,20%,1099,$20.76,$20.90,$20.85,$20.88,57.92,C+,B+,C+,B-,B-,A+,,,,,,,
257,IHY,VanEck International High Yield Bond ETF,Bond,"$51,388,200","23,129",$22.29,False,False,False,False,0.09%,1.09%,1.32%,13.26%,8.60%,2.26%,$0.0,$2.19808,$2.19808,$28.03652,-$10.3702,-$32.31216,High Yield Bonds,2012-04-02,0.40%,$1.17,2025-12-29,$0.13,5.25%,Monthly,0.76%,,0.43,24.94%,4.35%,3.86%,3.93%,VanEck,575,6.16%,8.44%,20.49%,40%,20%,1099,$21.86,$22.41,$22.25,$22.34,61.66,B-,,A-,C,B-,C,A-,5.52,31.25%,22.22%,286.58,6.63%,3.47%
258,JPIE,JPMorgan Income ETF,Bond,"$7,703,120,000","1,399,705",$46.49,False,False,False,False,0.25%,0.38%,0.42%,6.96%,6.27%,,$65.1198,$908.082,$924.6672,"$4,964.4114","$7,306.3614","$7,532.3757",Total Bond Market,2021-10-28,0.39%,$2.62,2025-12-31,$0.21,5.63%,Monthly,0.95%,,0.2,4.24%,1.06%,1.00%,1.06%,JP Morgan,"2,196",20.44%,24.64%,39.80%,40%,20%,1099,$46.28,$46.46,$46.47,$46.50,72.6,A,,,A,,A,,,,,,,
259,IIGD,Invesco Investment Grade Defensive ETF,Bond,"$30,995,000","4,297",$24.84,False,False,True,False,0.23%,0.25%,0.33%,6.85%,5.17%,1.59%,$0.0,$0.0,$0.0,-$13.25795,-$45.63,-$49.76865,Corporate Bonds,2018-07-25,0.13%,$1.14,2026-01-20,$0.09,4.60%,Monthly,0.49%,,0.14,2.81%,1.13%,1.45%,1.62%,Invesco,161,6.64%,9.89%,32.45%,40%,20%,1099,$24.74,$24.83,$24.83,$24.85,64.5,C,,B,B+,C+,C+,,6.51,86.03%,49.93%,222.61,7.46%,4.14%
260,NUHY,Nuveen ESG High Yield Corporate Bond ETF,Bond,"$116,163,000","30,651",$21.70,False,False,False,False,0.00%,0.40%,0.51%,7.98%,8.13%,3.43%,$0.0,$0.0,$1.079064,$16.408455,$8.378671,$54.940461,High Yield Bonds,2019-09-25,0.30%,$1.41,2025-12-18,$0.13,6.49%,Monthly,0.61%,,0.41,5.64%,1.83%,2.22%,2.87%,TIAA Board of Governors,375,10.37%,14.33%,35.45%,40%,20%,1099,$21.63,$21.75,$21.67,$21.72,59.69,C+,,,B,,B,,6.28,96.89%,40.71%,139.88,2.08%,5.41%
261,FISR,State Street Fixed Income Sector Rotation ETF,Bond,"$342,362,000","54,186",$25.94,False,False,False,False,-0.07%,-0.08%,0.12%,5.51%,3.01%,-1.04%,$1.559731,-$19.212982,-$19.212982,$49.130832,$202.244113,$305.066057,Total Bond Market,2019-04-02,0.50%,$1.03,2025-12-18,$0.13,3.96%,Monthly,0.50%,,0.27,15.25%,3.25%,3.36%,3.28%,State Street,7,100.00%,100.00%,100.00%,40%,20%,1099,$25.84,$26.03,$25.93,$25.96,51.12,B+,,,C,,C+,,5.94,31.03%,30.91%,308.19,2.68%,0.68%
262,OWNS,CCM Affordable Housing MBS ETF,Bond,"$114,029,000","13,267",$17.56,False,False,False,False,0.20%,0.35%,0.57%,7.96%,3.55%,,$0.872239,$0.86952,$0.875754,-$18.858203,$8.299275,$126.115216,Mortgage Backed Securities,2021-07-26,0.30%,$0.72,2025-12-31,$0.20,4.09%,Quarterly,0.42%,,0.28,7.83%,2.92%,2.80%,3.78%,CCM Holding Co. LLC,261,24.54%,31.50%,57.60%,40%,20%,1099,$17.44,$17.61,$17.53,$17.58,59.05,,A,,,,A-,,,,,,,
263,UCRD, VictoryShares Corporate Bond ETF,Bond,"$152,234,000","6,184",$21.77,False,False,False,False,-0.08%,0.05%,0.37%,7.44%,5.20%,,$0.0,$4.341013,$4.341013,$10.296683,$39.496168,$855.954573,Corporate Bonds,2021-10-05,0.40%,$0.89,2026-01-08,$0.02,4.07%,Monthly,0.56%,,0.41,9.77%,3.10%,3.08%,3.23%,Victory Capital,458,9.19%,12.31%,27.67%,40%,20%,1099,$21.66,$21.83,$21.77,$21.77,54.3,C,,,C+,,C,,6.61,66.35%,54.32%,322.29,8.39%,3.95%
264,MUSI,American Century Multisector Income ETF,Bond,"$192,678,000","17,273",$44.33,False,False,False,False,0.09%,0.25%,0.38%,7.53%,6.20%,,$0.0,$2.213775,$2.213775,$4.73564,$41.108805,$184.45376,Total Bond Market,2021-06-29,0.38%,$2.53,2025-12-16,$0.24,5.72%,Monthly,1.08%,,0.25,16.34%,2.11%,2.26%,2.45%,American Century Investments,354,17.64%,20.35%,36.30%,40%,20%,1099,$44.14,$44.38,$44.31,$44.37,58.6,B-,,,B+,,A,,,,,,,
265,JMUB,JPMorgan Municipal ETF,Bond,"$6,806,530,000","774,438",$50.84,False,False,False,False,0.24%,0.71%,0.67%,4.46%,3.45%,1.17%,$10.136,$265.739,$273.3005,"$4,439.452023","$6,365.448023","$6,670.552523",Government Bonds,2018-10-29,0.18%,$1.77,2025-12-31,$0.16,3.49%,Monthly,0.95%,,0.22,7.54%,1.43%,1.39%,1.62%,JP Morgan,"1,769",16.69%,18.66%,28.62%,40%,20%,1099,$50.57,$50.88,$50.80,$50.88,67.93,A,,,B+,,C,,,,,,,
266,GRNB,VanEck Green Bond ETF,Bond,"$168,227,000","27,395",$24.41,False,False,False,False,0.05%,0.15%,0.31%,6.57%,5.04%,0.52%,$0.0,$6.0831,$6.0831,$47.22449,$88.37448,$110.03623,Total Bond Market,2017-03-03,0.20%,$1.02,2025-12-29,$0.09,4.17%,Monthly,0.51%,,0.24,11.82%,1.57%,1.81%,2.09%,VanEck,469,9.58%,12.43%,26.67%,40%,20%,1099,$24.32,$24.43,$24.39,$24.43,57.97,C+,,,B+,,B-,,6.46,65.41%,48.08%,695.87,10.43%,8.62%
267,EMTL,State Street DoubleLine Emerging Markets Fixed Income ETF,Bond,"$107,547,000","8,617",$43.58,False,False,False,False,-0.03%,0.67%,0.60%,7.75%,6.69%,1.77%,$2.172094,$2.172094,$2.172094,$15.302068,$30.850903,$27.77939,Emerging Markets Bonds,2016-04-13,0.65%,$2.20,2025-12-18,$0.17,5.06%,Monthly,1.02%,,0.33,3.71%,1.17%,1.38%,2.08%,State Street,132,22.15%,30.48%,71.98%,40%,20%,1099,$43.28,$43.66,,,67.41,B,C,B+,A-,C+,C+,,5.22,87.92%,17.83%,636.38,1.56%,1.33%
268,HYBB,iShares BB Rated Corporate Bond ETF,Bond,"$543,971,000","94,487",$47.38,False,False,False,False,0.06%,0.74%,0.53%,7.93%,7.81%,3.75%,-$2.36899,$44.87939,$44.87939,$151.618195,$230.593545,$444.370905,High Yield Bonds,2020-10-06,0.25%,$2.87,2025-12-19,$0.22,6.05%,Monthly,1.25%,,0.39,9.93%,2.02%,2.23%,2.80%,"BlackRock, Inc.","1,064",4.40%,6.02%,14.80%,40%,20%,1099,$47.16,$47.40,$47.31,$47.41,63.56,B,,,B+,,B-,,5.87,5.13%,29.53%,259.15,8.48%,3.64%
269,AVIG,Avantis Core Fixed Income ETF,Bond,"$1,580,780,000","206,668",$42.03,False,False,False,False,0.02%,-0.05%,0.26%,7.43%,4.28%,-0.14%,$8.40292,$27.25939,$27.25939,$588.420915,"$1,205.047775","$1,563.042565",Total Bond Market,2020-10-13,0.15%,$1.83,2025-12-16,$0.17,4.35%,Monthly,0.99%,,0.28,10.47%,2.51%,2.77%,2.82%,American Century Investments,759,11.98%,16.46%,38.86%,40%,20%,1099,$41.87,$42.12,$42.01,$42.07,54.08,B+,,,B-,,B-,,6.47,86.52%,48.18%,282.49,6.35%,2.15%
270,SCHQ,Schwab Long-Term U.S. Treasury ETF,Bond,"$908,010,000","901,997",$31.67,False,False,False,False,-0.69%,-0.85%,-0.09%,4.16%,-1.52%,-6.64%,$0.0,-$98.364,-$98.364,$199.858,$767.6665,$909.3505,Government Bonds,2019-10-10,0.03%,$1.44,2025-12-19,$0.13,4.54%,Monthly,0.74%,,0.5,23.89%,7.49%,6.93%,7.39%,The Charles Schwab Corp.,97,21.81%,29.83%,74.95%,40%,20%,1099,$31.54,$32.09,,,45.78,B+,,C+,C+,B,A-,,5.78,16.67%,27.11%,1.56,0.00%,0.00%
271,SHYL,Xtrackers Short Duration High Yield Bond ETF,Bond,"$259,325,000","32,560",$45.12,False,False,False,False,-0.14%,0.37%,0.32%,6.70%,8.36%,5.32%,$6.77625,$11.28585,$11.28585,$112.7203,$188.17325,$223.4763,High Yield Bonds,2018-01-10,0.20%,$3.16,2025-12-22,$0.27,7.00%,Monthly,1.11%,,0.3,10.13%,2.09%,1.96%,2.55%,DWS,794,6.56%,8.65%,19.50%,40%,20%,1099,$44.99,$45.24,$45.04,$45.16,59.17,B,,C+,B+,B+,A-,,5.46,35.17%,21.34%,222.22,6.79%,3.12%
272,FFIU,UVA Unconstrained Medium-Term Fixed Income ETF,Bond,"$52,044,200","4,233",$22.16,False,False,False,False,-0.31%,-0.74%,-0.40%,7.26%,3.83%,-0.09%,$0.0,$0.0,$0.0,$5.436658,-$14.816938,-$10.809096,Corporate Bonds,2017-08-18,0.54%,$0.87,2025-12-30,$0.22,3.90%,Quarterly,0.54%,,0.33,76.65%,6.77%,6.88%,9.90%,Mcivy Co. LLC,130,21.91%,29.22%,62.62%,40%,20%,1099,$21.99,$22.30,$22.16,$22.16,49.7,C+,,B,C,C,C,,6.3,29.81%,41.68%,91.29,6.97%,0.74%
273,LQDI,iShares Inflation Hedged Corporate Bond ETF,Bond,"$70,659,600","35,060",$26.59,False,False,False,False,-0.24%,0.45%,0.42%,7.36%,5.01%,1.98%,$0.0,-$1.325195,-$1.325195,-$21.061485,$8.56828,$57.95939,Inflation-Protected Bonds,2018-05-08,0.18%,$1.18,2025-12-23,$0.10,4.44%,Monthly,0.73%,,0.48,10.41%,5.26%,4.96%,4.99%,"BlackRock, Inc.",2,100.00%,100.00%,100.00%,40%,20%,1099,$26.37,$26.73,$26.56,$26.66,52.09,C+,,A,B-,A-,A,,6.5,97.46%,49.27%,160.8,11.35%,2.17%
274,LQDB,iShares BBB Rated Corporate Bond ETF,Bond,"$48,075,200","2,940",$87.38,False,False,False,False,-0.21%,-0.05%,0.31%,6.91%,5.13%,,$0.0,$0.0,$0.0,$4.433934,$21.490443,-$16.305402,Corporate Bonds,2021-05-18,0.15%,$4.05,2025-12-19,$0.35,4.63%,Monthly,2.14%,,0.4,13.82%,3.04%,3.14%,3.15%,"BlackRock, Inc.","1,118",7.14%,8.68%,16.94%,40%,20%,1099,$87.08,$87.71,$87.31,$87.53,51.91,C,,,B-,,B-,,6.6,61.54%,53.66%,230.97,10.47%,3.83%
275,IBMQ,iShares iBonds Dec 2028 Term Muni Bond ETF,Bond,"$614,586,000","116,040",$25.70,False,False,False,False,0.08%,0.59%,0.49%,4.09%,2.28%,0.31%,$6.411898,$33.306991,$33.306991,$186.006481,$466.437053,$551.521623,National Munis,2019-04-16,0.18%,$0.62,2025-12-19,$0.05,2.42%,Monthly,0.35%,,0.2,6.60%,1.18%,0.99%,1.16%,"BlackRock, Inc.","2,440",4.83%,6.53%,14.75%,40%,20%,1099,$25.59,$25.74,$25.69,$25.72,66.89,B,,,A,,C,,,,,,,
276,ISHG,iShares 1-3 Year International Treasury Bond ETF,Bond,"$696,283,000","70,752",$76.56,False,False,False,False,0.59%,1.57%,1.75%,12.90%,3.47%,-1.14%,$7.60256,$15.13294,$15.13294,$598.93166,$605.54682,$618.799075,International Government Bonds,2009-01-21,0.35%,$0.00,2024-12-18,$1.72,0.00%,Annually,2.46%,,0.26,26.17%,7.54%,6.60%,5.76%,"BlackRock, Inc.",161,17.21%,24.24%,61.13%,40%,20%,1099,$73.85,$77.31,$76.36,$76.93,58.82,B-,A,B+,A-,A-,B-,A-,6.62,71.49%,54.84%,0.0,0.00%,0.00%
277,JPMB,JPMorgan USD Emerging Markets Sovereign Bond ETF,Bond,"$68,578,000","14,014",$40.44,False,False,False,False,-0.10%,-0.10%,0.18%,12.10%,6.88%,1.07%,$0.0,$8.054,$8.054,-$110.763,-$146.866,$11.748,Emerging Markets Bonds,2018-01-29,0.39%,$2.71,2025-12-31,$0.21,6.70%,Monthly,1.67%,,0.49,14.40%,3.41%,3.33%,3.64%,JP Morgan,200,13.12%,18.13%,46.04%,40%,20%,1099,$40.21,$40.54,,,55.07,B,B,A-,B-,B+,B+,,3.83,24.16%,1.68%,338.17,0.00%,0.02%
278,DYLD,LeaderShares Dynamic Yield ETF,Bond,"$41,736,000","6,487",$22.58,False,False,False,False,0.34%,0.32%,0.39%,4.85%,4.25%,,$0.0,$0.0,$0.0,-$22.648,-$59.043,$48.655,Total Bond Market,2021-06-28,0.75%,$1.02,2026-01-27,$0.13,4.53%,Monthly,0.35%,,0.26,10.57%,2.78%,2.40%,2.15%,Redwood,191,56.69%,58.09%,67.55%,40%,20%,1099,$22.45,$22.58,$22.51,$22.63,57.64,C,,,B+,,B,,5.85,31.30%,29.13%,74.58,4.02%,0.24%
279,PST,ProShares UltraShort 7-10 Year Treasury,Bond,"$11,148,200","7,471",$22.31,True,-2x,False,False,0.11%,2.08%,0.79%,-3.96%,5.74%,9.54%,$0.0,$0.0,$0.0,-$3.393765,-$42.298035,-$47.616125,Inverse Bonds,2008-05-01,0.95%,$0.77,2025-12-24,$0.20,3.45%,Quarterly,0.48%,,-0.5,30.37%,6.12%,6.95%,7.48%,Proshare Advisors LLC,1,100.00%,100.00%,100.00%,40%,20%,1099,$21.89,$22.50,,,57.37,A,C+,B+,A,B+,C,A-,,,,,,
280,RDFI,Rareview Dynamic Fixed Income ETF,Bond,"$65,393,900","15,062",$24.37,False,False,False,False,0.74%,2.88%,2.62%,10.63%,9.11%,5.11%,$0.0,$1.1922,$1.1922,$7.854,$18.9924,$61.98737,Total Bond Market,2020-10-21,4.46%,$1.94,2026-01-05,$0.17,7.94%,Monthly,0.82%,,0.51,15.36%,7.48%,5.78%,5.19%,Neil Azous Revocable Trust,38,41.44%,56.33%,100.00%,40%,20%,1099,$23.78,$24.42,,,63.67,C+,,,C+,,A,,,,,,,
281,PHYL,PGIM Active High Yield Bond ETF,Bond,"$1,194,950,000","343,176",$35.70,False,False,False,False,-0.08%,0.53%,0.62%,8.60%,9.04%,4.49%,$16.9385,$263.823,$263.823,$945.0716,"$1,081.57975","$1,136.713185",High Yield Bonds,2018-09-24,0.39%,$2.50,2025-12-30,$0.15,7.01%,Monthly,1.06%,,0.4,10.59%,1.55%,1.88%,2.61%,Prudential,707,10.70%,13.50%,28.84%,40%,20%,1099,$35.52,$35.79,$35.66,$35.72,64.57,B,,B+,A-,A,A,,5.52,44.50%,22.19%,311.06,7.39%,3.55%
282,IBMP,iShares iBonds Dec 2027 Term Muni Bond ETF,Bond,"$613,842,000","106,695",$25.49,False,False,False,False,0.04%,0.45%,0.39%,3.47%,2.21%,0.35%,$2.545268,$12.716836,$12.716836,$97.399881,$354.634086,$567.455941,National Munis,2019-04-09,0.18%,$0.63,2025-12-19,$0.05,2.46%,Monthly,0.27%,,0.17,4.24%,1.14%,0.99%,1.09%,"BlackRock, Inc.","1,640",4.20%,5.76%,13.79%,40%,20%,1099,$25.41,$25.51,$25.48,$25.50,65.85,B,,,A,,C,,,,,,,
283,LKOR,FlexShares Credit-Scored US Long Corporate Bond Index Fund,Bond,"$36,363,000","8,989",$42.59,False,False,True,False,-0.81%,-0.35%,0.33%,6.42%,3.44%,-2.22%,$0.0,$4.2886,$4.2886,$11.04393,$15.68032,$12.79568,Corporate Bonds,2015-09-23,0.15%,$2.37,2025-12-19,$0.20,5.55%,Monthly,1.34%,,0.67,67.69%,6.89%,6.38%,6.36%,Northern Trust Corp.,774,7.24%,10.01%,23.79%,40%,20%,1099,$42.35,$43.07,$42.55,$42.67,47.83,C+,,A+,C,B,A-,B-,6.3,28.53%,41.47%,437.78,12.26%,2.90%
284,SJB,ProShares Short High Yield,Bond,"$43,409,800","164,022",$15.26,True,-1x,False,False,0.20%,0.03%,0.00%,-0.85%,-1.78%,-1.32%,$0.0,-$7.61721,-$8.38064,-$4.175405,-$244.644905,$12.050435,Inverse Bonds,2011-03-21,0.95%,$0.59,2025-12-24,$0.17,3.86%,Quarterly,0.17%,,-0.4,41.82%,1.69%,2.21%,3.28%,Proshare Advisors LLC,1,100.00%,100.00%,100.00%,40%,20%,1099,$15.20,$15.27,,,51.0,A,C+,C,A,B-,,B,,,,,,
285,EMCB,WisdomTree Emerging Markets Corporate Bond Fund,Bond,"$93,685,200","4,186",$66.92,False,False,False,False,0.06%,0.57%,1.08%,8.13%,7.17%,2.10%,$3.35505,$3.35505,$3.35505,$19.9594,$45.961125,$56.229125,Emerging Markets Bonds,2012-03-08,0.61%,$3.61,2026-01-27,$0.27,5.39%,Monthly,1.80%,,0.27,1.91%,3.31%,3.39%,3.13%,"WisdomTree, Inc.",193,16.50%,21.62%,47.81%,40%,20%,1099,$66.44,$67.16,$66.48,$67.41,57.37,C,C+,C+,C+,C+,A,B,5.5,91.77%,21.97%,486.71,5.28%,3.25%
286,FLMI,Franklin Dynamic Municipal Bond ETF,Bond,"$1,639,450,000","640,306",$25.11,False,False,False,False,0.32%,1.01%,0.97%,6.36%,5.45%,2.23%,$52.5925,$278.60545,$283.57925,"$1,082.13675","$1,503.93525","$1,576.51375",National Munis,2017-08-31,0.30%,$0.97,2025-12-19,$0.07,3.86%,Monthly,0.58%,,0.27,12.23%,1.45%,1.31%,2.23%,Franklin Templeton,"1,147",15.79%,20.18%,38.00%,40%,20%,1099,$24.90,$25.13,$25.09,$25.13,75.26,A-,,,B-,,A,,,,,,,
287,FLBL,Franklin Senior Loan ETF Franklin Liberty Senior Loan Fund,Bond,"$958,901,000","446,167",$23.38,False,False,False,False,-0.97%,-0.38%,-0.17%,2.70%,7.33%,5.31%,$32.9224,$21.1476,$21.1476,$152.97245,$776.22045,$944.51895,High Yield Bonds,2018-05-30,0.45%,$1.70,2025-12-19,$0.19,7.25%,Monthly,0.37%,,0.16,6.89%,3.10%,2.50%,2.33%,Franklin Templeton,228,22.07%,27.27%,54.69%,40%,20%,1099,$23.40,$23.57,$23.33,$23.42,42.14,A-,,,A,,B+,,,,,,,
288,ARCM,Arrow Reserve Capital Management ETF,Bond,"$51,178,500","1,238",$100.18,False,False,False,False,-0.14%,0.14%,0.08%,3.55%,4.62%,2.83%,$0.0,$0.0,$0.0,$5.0115,$0.01,$0.017,Money Market,2017-03-31,0.50%,$3.87,2025-12-26,$0.43,3.86%,Monthly,1.08%,,0.02,18.18%,0.74%,0.87%,0.67%,Arrow Funds,95,43.33%,51.60%,86.01%,40%,20%,1099,$100.10,$100.39,$100.18,$100.18,54.48,A,,,A,,A+,,6.29,34.30%,41.17%,491.24,14.45%,3.13%
289,PBTP, Invesco 0-5 Yr US TIPS ETF,Bond,"$67,314,100","22,411",$26.08,False,False,False,False,0.44%,0.59%,0.64%,5.80%,5.01%,3.51%,-$1.03872,-$0.51948,-$0.51948,$9.64671,-$42.8169,$57.57866,Inflation-Protected Bonds,2017-09-22,0.07%,$0.99,2025-12-22,$0.30,3.80%,Quarterly,0.39%,,0.1,3.25%,1.28%,1.17%,1.30%,Invesco,25,47.30%,69.23%,100.00%,40%,20%,1099,$25.89,$26.04,$26.06,$26.09,69.76,C+,,C,A,C,C,,5.78,22.88%,27.23%,1.56,0.00%,0.00%
290,SEIX,Virtus Seix Senior Loan ETF,Bond,"$265,117,000","160,551",$23.24,False,False,False,False,-0.54%,-0.08%,-0.17%,4.36%,7.78%,5.61%,-$5.25105,-$2.332725,-$2.332725,-$39.132725,$194.10525,$270.897025,Total Bond Market,2019-04-24,0.57%,$1.83,2026-01-20,$0.07,7.87%,Monthly,0.44%,,0.12,6.63%,1.46%,1.33%,1.45%,Virtus Investment Partners,200,25.14%,29.46%,53.51%,40%,20%,1099,$23.26,$23.40,$23.21,$23.27,45.41,B+,,,A,,A,,,,,,,
291,PVI,Invesco Floating Rate Municipal Income ETF,Bond,"$30,998,800","7,538",$24.81,False,False,False,False,0.30%,-0.05%,-0.24%,2.26%,2.59%,1.74%,$0.0,-$0.0001,-$0.0001,$3.725,-$44.8519,-$16.23405,National Munis,2007-11-15,0.25%,$0.61,2026-01-20,$0.06,2.46%,Monthly,0.16%,,-0.34,3.95%,2.46%,2.88%,3.16%,Invesco,132,33.61%,42.88%,71.68%,40%,20%,1099,$24.72,$24.85,$24.74,$24.89,53.17,C,,B-,A-,C,C,B+,,,,,,
292,UBT,ProShares Ultra 20+ Year Treasury,Bond,"$86,230,100","98,513",$16.46,False,2x,False,False,-2.14%,-2.55%,-0.54%,-0.24%,-12.49%,-20.26%,$0.0,-$2.928965,-$2.928965,-$25.022475,$77.886113,$123.726448,Leveraged Bonds,2010-01-19,0.95%,$0.71,2025-12-24,$0.18,4.28%,Quarterly,0.71%,,1.02,52.79%,17.42%,15.96%,16.68%,Proshare Advisors LLC,1,100.00%,100.00%,100.00%,40%,20%,1099,$16.38,$17.02,$16.40,$16.57,43.63,B+,B+,C+,B,A-,A,A+,,,,,,
293,FEIG,FlexShares ESG & Climate Investment Grade Corporate Core Index Fund,Bond,"$39,383,900","2,697",$41.46,False,False,False,False,-0.10%,-0.01%,0.28%,6.84%,4.54%,,$0.0,-$4.13683,-$4.13683,-$10.29599,$6.6174,-$1.63812,Corporate Bonds,2021-09-20,0.12%,$2.00,2025-12-19,$0.17,4.83%,Monthly,1.00%,,0.41,16.88%,3.18%,3.24%,3.36%,Northern Trust Corp.,717,8.65%,11.99%,28.46%,40%,20%,1099,$41.28,$41.59,,,53.08,C,,,C+,,B+,,6.94,92.31%,68.48%,111.63,5.63%,3.41%
294,PFIG,Invesco Fundamental Investment Grade Corporate Bond ETF,Bond,"$105,383,000","23,178",$24.27,False,False,True,False,0.19%,0.09%,0.30%,7.53%,5.20%,1.24%,$0.0,$7.29355,$7.29355,$47.74825,$69.14605,$54.67755,Corporate Bonds,2011-09-15,0.22%,$1.09,2026-01-20,$0.09,4.51%,Monthly,0.54%,,0.23,3.52%,1.63%,2.49%,2.64%,Invesco,790,5.61%,7.59%,18.57%,40%,20%,1099,$24.16,$24.28,$24.25,$24.29,58.74,C+,,B,B,C+,C,B+,6.61,64.74%,54.16%,211.07,10.51%,4.86%
295,BKHY,BNY Mellon High Yield ETF,Bond,"$384,383,000","37,810",$48.42,False,False,False,False,0.02%,0.74%,0.73%,7.70%,8.71%,4.45%,$2.4185,-$7.228,-$7.228,$34.834,$331.364,$358.82689,High Yield Bonds,2020-04-24,0.22%,$3.53,2025-12-29,$0.39,7.28%,Monthly,1.32%,,0.4,32.38%,1.66%,2.04%,2.69%,BNY Mellon,"1,780",4.19%,5.56%,12.56%,40%,20%,1099,$48.12,$48.52,$48.35,$48.49,65.78,B-,,,C+,,A-,,5.45,33.01%,21.12%,208.96,7.79%,2.95%
296,OVT,Overlay Shares Short Term Bond ETF,Bond,"$51,714,000","7,576",$22.01,False,False,False,False,0.44%,0.43%,0.67%,7.15%,7.10%,3.04%,$0.0,$0.4403,$1.0985,$2.4482,-$4.1071,$39.15865,Corporate Bonds,2021-01-14,0.79%,$1.71,2026-01-28,$0.12,7.74%,Annually,0.54%,,0.28,6.36%,4.75%,4.00%,3.71%,Liquid Strategies,4,100.00%,100.00%,100.00%,40%,20%,1099,$21.83,$22.04,$21.96,$22.09,59.76,C+,,,B,,A,,6.75,69.57%,60.40%,168.19,9.59%,2.88%
297,PIFI,ClearShares Piton Intermediate Fixed income ETF,Bond,"$104,329,000",452,$94.87,False,False,False,False,0.15%,-0.08%,0.07%,5.85%,3.92%,0.95%,$0.0,-$2.367608,-$2.367608,$2.430808,$371.436023,$482.26434,Corporate Bonds,2020-10-01,0.45%,$3.00,2025-12-30,$0.83,3.16%,Quarterly,1.66%,,0.13,4.37%,1.46%,1.75%,1.97%,ClearShares LLC,64,32.59%,43.09%,90.19%,40%,20%,1099,$94.57,$95.00,$94.82,$94.90,55.12,C,,,B+,,C,,5.84,15.07%,29.06%,294.22,8.48%,1.11%
298,BSJR,Invesco BulletShares 2027 High Yield Corporate Bond ETF,Bond,"$786,271,000","204,467",$22.61,False,False,False,False,0.16%,0.48%,0.43%,6.35%,7.77%,3.65%,$13.554,$56.5877,$56.5877,$388.9465,$698.2736,$767.8513,High Yield Bonds,2019-09-12,0.42%,$1.50,2026-01-20,$0.11,6.66%,Monthly,0.47%,,0.39,6.17%,1.31%,1.31%,1.70%,Invesco,122,21.52%,29.20%,64.03%,40%,20%,1099,$22.52,$22.61,$22.55,$22.64,66.06,A-,,,A,,B-,,5.63,59.81%,24.33%,209.08,7.08%,3.06%
299,MBND,State Street Nuveen Municipal Bond ETF,Bond,"$27,693,600","6,160",$27.58,False,False,False,False,0.29%,0.88%,0.80%,3.68%,3.25%,,$0.0,$0.0,$0.0,-$25.885657,-$13.773615,$0.384855,Government Bonds,2021-02-03,0.40%,$0.94,2025-12-18,$0.08,3.40%,Monthly,0.45%,,0.25,10.22%,1.25%,1.24%,1.89%,State Street,76,26.28%,36.76%,84.77%,40%,20%,1099,$27.38,$27.59,$27.55,$27.59,72.02,C,,B+,B,C+,C,,,,,,,
300,XOVR,ERShares Private-Public Crossover ETF,Bond,"$1,598,710,000","742,832",$18.60,False,False,False,False,-5.10%,-8.42%,-7.65%,-2.62%,21.66%,2.18%,$9.695,$396.51475,$164.93725,"$1,313.855","$1,532.39125","$1,495.556",High Yield Bonds,2017-11-07,0.75%,$0.00,2021-12-21,$8.73,0.00%,Annually,1.69%,,1.23,104.20%,17.22%,17.71%,19.75%,Capital Impact Advisors,34,46.51%,61.18%,100.00%,40%,20%,1099,$18.84,$20.77,$18.40,$18.91,32.02,A-,,C,C,C+,C,A-,5.49,2.22%,21.75%,9.31,0.00%,14.12%
301,THY,Toews Agility Shares Dynamic Tactical Income ETF,Bond,"$71,724,000","17,110",$22.25,False,False,False,False,0.09%,0.56%,0.58%,5.15%,4.31%,1.77%,$7.7875,$8.897,$8.897,$36.9235,$32.14525,$35.9685,High Yield Bonds,2020-06-25,1.03%,$1.23,2026-01-15,$0.11,5.52%,Monthly,0.46%,,0.19,19.70%,1.84%,2.31%,2.85%,Toews Corp.,5,100.00%,100.00%,100.00%,40%,20%,1099,$22.16,$22.29,$22.22,$22.28,59.29,B-,,,A-,,C,,5.67,8.94%,24.93%,256.75,6.49%,3.88%
302,OBND,State Street Loomis Sayles Opportunistic Bond ETF,Bond,"$53,596,200","9,540",$26.19,False,False,False,False,0.01%,0.34%,0.58%,7.68%,6.19%,,$0.0,$1.306346,$1.306346,$6.544287,$18.201605,$28.868861,Total Bond Market,2021-09-27,0.55%,$1.63,2025-12-18,$0.14,6.23%,Monthly,0.66%,,0.32,6.06%,1.84%,2.35%,2.53%,State Street,426,24.72%,27.31%,42.42%,40%,20%,1099,$26.08,$26.27,$26.13,$26.27,57.49,C,,,B+,,A,,6.29,74.78%,41.01%,274.03,2.65%,1.13%
303,NUSA,Nuveen ESG 1-5 Year U.S. Aggregate Bond ETF,Bond,"$33,932,600","7,965",$23.42,False,False,True,False,0.19%,0.18%,0.17%,5.46%,4.43%,1.45%,$0.0,$0.0,$0.0,$3.485497,$1.203624,-$3.413716,Total Bond Market,2017-03-31,0.15%,$0.90,2025-12-18,$0.08,3.83%,Monthly,0.37%,,0.1,5.66%,1.03%,1.12%,1.25%,TIAA Board of Governors,313,26.56%,35.07%,65.21%,40%,20%,1099,$23.37,$23.42,$23.41,$23.43,62.13,C,,,A-,,C+,,6.25,69.49%,38.86%,121.64,0.95%,1.05%
304,AVSF,Avantis Short-Term Fixed Income ETF,Bond,"$669,544,000","59,032",$47.22,False,False,False,False,0.21%,0.28%,0.29%,6.24%,4.92%,1.77%,$0.0,-$11.7845,-$11.7845,$70.076085,$457.56158,$642.7967,Total Bond Market,2020-10-13,0.15%,$2.03,2025-12-16,$0.19,4.30%,Monthly,0.85%,,0.1,7.59%,0.90%,1.20%,1.45%,American Century Investments,505,10.42%,14.24%,33.57%,40%,20%,1099,$47.04,$47.19,$47.19,$47.24,66.45,B-,,,A-,,B-,,6.58,57.97%,52.74%,170.25,4.97%,4.09%
305,MINO,PIMCO Municipal Income Opportunities Active Exchange-Traded Fund,Bond,"$501,961,000","85,892",$45.63,False,False,False,False,0.20%,0.58%,0.70%,4.53%,4.43%,,$5.4618,$32.7174,$34.5302,$247.3992,$439.6932,$457.5188,High Yield Bonds,2021-09-08,0.39%,$1.68,2025-12-31,$0.15,3.68%,Monthly,1.02%,,0.3,34.18%,1.64%,1.72%,2.17%,Allianz Investment Management LLC,404,27.33%,31.13%,49.02%,40%,20%,1099,$45.41,$45.68,$45.56,$45.70,63.13,B,,,B+,,C,,,,,,,
306,IHYF,Invesco High Yield Bond Factor ETF,Bond,"$151,176,000","24,646",$22.68,False,False,False,False,0.00%,0.71%,0.68%,7.33%,8.75%,4.21%,$0.0,$12.70045,$12.70045,$96.43815,$117.38599,$127.74457,High Yield Bonds,2020-12-02,0.39%,$1.72,2026-01-20,$0.13,7.60%,Monthly,0.62%,,0.4,8.71%,2.08%,2.38%,3.23%,Invesco,506,5.75%,8.20%,23.20%,40%,20%,1099,$22.54,$22.74,$22.65,$22.71,63.61,B-,,,C+,,B+,,5.65,64.11%,24.61%,212.89,6.20%,2.66%
307,MTGP,WisdomTree Mortgage Plus Bond Fund,Bond,"$75,740,100","8,632",$44.64,False,False,False,False,0.45%,0.32%,0.53%,7.34%,3.99%,0.23%,$0.0,$4.4695,$4.4695,$13.3396,$51.78939,$43.426848,Mortgage Backed Securities,2019-11-14,0.46%,$1.87,2026-01-27,$0.15,4.20%,Monthly,1.01%,,0.2,22.67%,4.56%,3.75%,3.75%,"WisdomTree, Inc.",172,36.23%,44.49%,75.02%,40%,20%,1099,$44.30,$44.79,$44.50,$44.72,56.47,,,,,,,,,,,,,
308,SPSK,SP Funds Dow Jones Global Sukuk ETF,Bond,"$462,056,000","208,695",$18.21,False,False,False,False,-0.05%,-0.11%,0.02%,6.71%,4.09%,0.79%,$0.0,$17.788915,$24.176135,$180.446735,$374.856605,$431.044918,Total Bond Market,2019-12-30,0.50%,$0.68,2026-01-23,$0.05,3.75%,Monthly,0.37%,,0.15,16.98%,1.81%,2.50%,3.47%,Tidal Financial Group,165,18.05%,23.98%,53.33%,40%,20%,1099,$18.18,$18.24,,,51.23,B+,,,B-,,C,,4.73,2.94%,13.14%,"1,450.04",0.00%,0.54%
309,TAGG,T. Rowe Price QM U.S. Bond ETF,Bond,"$1,783,530,000","159,352",$43.00,False,False,False,False,0.10%,0.05%,0.27%,6.84%,3.80%,,$10.753001,$245.981096,$251.358518,"$1,662.544056","$1,730.791845","$1,753.06141",Total Bond Market,2021-09-28,0.08%,$1.88,2026-01-27,$0.15,4.36%,Annually,0.90%,,0.27,10.36%,2.48%,2.78%,2.77%,"T. Rowe Price Group, Inc.","1,570",23.64%,29.11%,44.96%,40%,20%,1099,$42.84,$43.09,$42.97,$43.04,54.47,B,,,C+,,B-,,6.12,55.88%,34.98%,256.51,2.05%,0.79%
310,HOLD,Harbor Alpha Layering ETF,Bond,"$7,312,500","1,954",$30.83,False,False,False,False,-2.53%,0.83%,1.29%,,,,$0.0,$3.106,$3.106,$6.11775,$6.11775,$6.11775,Total Bond Market,2025-08-13,0.73%,$2.23,2025-12-19,$2.23,7.23%,Annually,,,1.33,41.80%,22.72%,17.72%,16.41%,ORIX,3,100.00%,100.00%,100.00%,40%,20%,1099,$30.17,$32.52,$30.60,$31.30,47.57,C,,B,A,C+,C,,,,,,,
311,FLRT,Pacer Aristotle Pacific Floating Rate High Income ETF,Bond,"$617,889,000","99,949",$47.12,False,False,False,False,-0.17%,0.29%,0.30%,5.89%,9.08%,5.83%,$1.888888,$21.748956,$25.520684,$146.85623,$539.828672,$593.610244,High Yield Bonds,2015-02-18,0.60%,$3.22,2026-01-22,$0.16,6.83%,Monthly,0.99%,,0.13,4.18%,1.42%,1.17%,1.32%,Pacer Advisors,254,11.05%,15.12%,41.59%,40%,20%,1099,$47.02,$47.32,$47.08,$47.15,58.52,B+,,B+,A,A-,A-,C+,,,,,,
312,SIHY,Harbor Scientific Alpha High-Yield ETF,Bond,"$179,758,000","20,086",$45.98,False,False,False,False,-0.16%,0.79%,0.66%,6.98%,9.11%,,$0.0,$11.4495,$11.4495,$2.7125,$141.60951,$142.71251,High Yield Bonds,2021-09-13,0.48%,$3.48,2025-12-19,$0.56,7.56%,Monthly,1.32%,,0.41,8.67%,1.93%,2.60%,3.57%,Harbor,296,9.59%,13.50%,35.27%,40%,20%,1099,$45.79,$46.10,$45.91,$46.03,61.96,B-,,,C,,A-,,5.85,79.67%,29.15%,260.07,9.03%,3.06%
313,SIFI,Harbor Scientific Alpha Income ETF,Bond,"$33,015,000",451,$44.10,False,False,False,False,0.20%,0.50%,0.55%,8.23%,6.89%,,$0.0,$0.0,$0.0,-$1.09225,-$0.00675,$2.14825,Total Bond Market,2021-09-13,0.50%,$2.88,2025-12-19,$0.73,6.54%,Monthly,1.19%,,0.28,5.44%,1.46%,2.13%,2.44%,Harbor,174,14.25%,18.99%,46.53%,40%,20%,1099,$43.88,$44.13,$44.10,$44.10,64.12,C,,,B,,A,,,,,,,
314,LGOV,First Trust Long Duration Opportunities ETF,Bond,"$670,811,000","188,262",$21.77,False,False,False,False,-0.16%,-0.70%,0.07%,8.50%,2.63%,-2.12%,$0.0,$0.0,$2.1797,-$6.06535,$632.2376,$638.3696,Mortgage Backed Securities,2019-01-22,0.67%,$0.96,2026-01-21,$0.08,4.42%,Monthly,0.61%,,0.33,24.55%,5.78%,5.45%,5.55%,First Trust,138,34.87%,43.43%,82.19%,40%,20%,1099,$21.65,$21.94,,,49.19,C,B,,C,C,C,,,,,,,
315,IBTH,iShares iBonds Dec 2027 Term Treasury ETF,Bond,"$2,024,710,000","612,159",$22.52,False,False,False,False,0.20%,0.27%,0.24%,5.19%,3.75%,-0.05%,$10.119021,$59.568316,$59.568316,$669.570125,"$1,834.82264","$1,992.01246",Government Bonds,2020-02-25,0.07%,$0.88,2025-12-19,$0.07,3.92%,Monthly,0.32%,,0.13,7.78%,0.59%,0.59%,0.72%,"BlackRock, Inc.",52,27.10%,39.42%,99.74%,40%,20%,1099,$22.46,$22.51,$22.51,$22.53,74.4,B,,B+,B+,B,B-,,5.78,89.05%,27.81%,0.0,0.00%,0.00%
316,UJB,ProShares Ultra High Yield,Bond,"$11,173,200","11,584",$79.64,False,2x,False,False,-0.09%,0.78%,0.81%,10.04%,11.01%,3.72%,$0.0,$3.976857,$3.976857,-$7.28312,-$4.016083,-$2.246771,Leveraged Bonds,2011-04-13,0.95%,$2.06,2025-12-24,$0.31,2.59%,Quarterly,3.08%,,0.8,7.41%,3.46%,4.22%,5.76%,Proshare Advisors LLC,2,100.00%,100.00%,100.00%,40%,20%,1099,$79.17,$79.98,$79.49,$79.72,58.95,B-,C,A-,A,B+,A+,B+,,,,,,
317,BKUI,BNY Mellon Ultra Short Income ETF,Bond,"$234,469,000","18,948",$49.91,False,False,False,False,0.12%,0.34%,0.32%,4.84%,5.31%,,$0.0,$4.981,$4.981,$29.8775,$205.7443,$208.2549,Total Bond Market,2021-08-09,0.12%,$2.23,2025-12-29,$0.21,4.47%,Monthly,0.68%,,0.02,1.32%,0.18%,0.22%,0.29%,BNY Mellon,130,23.29%,33.29%,70.22%,40%,20%,1099,$49.74,$49.91,$49.90,$49.92,97.01,B-,,,A,,B,,7.39,96.62%,84.18%,7.45,2.03%,0.69%
318,TYO,Direxion Daily 7-10 Year Treasury Bear 3x Shares,Bond,"$10,128,800","20,656",$13.48,True,-3x,False,False,0.08%,3.28%,1.58%,-5.11%,7.26%,12.88%,$0.0,$0.0,$0.0,-$4.9782,-$23.06625,-$14.19575,Inverse Bonds,2009-04-16,1.00%,$0.49,2025-12-23,$0.05,3.63%,Quarterly,0.41%,,-0.76,42.95%,9.75%,10.25%,11.19%,Rafferty Asset Management,1,100.00%,100.00%,100.00%,40%,20%,1099,$13.10,$13.64,,,57.99,B+,B-,B+,B+,B,A,C+,5.22,9.99%,17.86%,1.56,0.00%,0.00%
319,BSCU,Invesco BulletShares 2030 Corporate Bond ETF,Bond,"$2,389,780,000","938,365",$16.92,False,False,False,False,0.30%,0.12%,0.35%,7.83%,5.38%,0.38%,$27.8295,$126.81345,$126.81345,"$1,037.2341","$2,185.66185","$2,336.65365",Corporate Bonds,2020-09-16,0.10%,$0.83,2026-01-20,$0.06,4.92%,Monthly,0.39%,,0.35,14.47%,1.76%,2.23%,2.30%,Invesco,444,7.89%,10.47%,23.87%,40%,20%,1099,$16.84,$16.91,$16.90,$16.93,61.2,A-,,,B,,B-,,6.65,71.47%,56.23%,198.94,13.71%,3.26%
320,AVMU,Avantis Core Municipal Fixed Income ETF,Bond,"$151,041,000","9,805",$46.67,False,False,False,False,0.33%,0.80%,0.93%,4.53%,3.08%,0.79%,$0.0,$0.0,$0.0,$2.37949,$82.175775,$128.45535,National Munis,2020-12-08,0.15%,$1.62,2025-12-16,$0.14,3.47%,Monthly,1.09%,,0.26,36.71%,1.89%,2.01%,2.27%,American Century Investments,481,14.20%,18.36%,39.32%,40%,20%,1099,$46.29,$46.69,$46.66,$46.68,71.93,C+,,,C+,,B+,,,,,,,
321,PAB,PGIM Active Aggregate Bond ETF,Bond,"$99,649,500","10,186",$42.86,False,False,False,False,0.05%,0.04%,0.26%,7.01%,4.14%,,$0.0,$3.21175,$3.21175,$35.06935,$55.2403,$79.736153,Total Bond Market,2021-04-15,0.19%,$1.83,2025-12-30,$0.21,4.28%,Monthly,0.96%,,0.27,1.67%,2.31%,2.59%,2.77%,Prudential,493,22.67%,28.96%,52.77%,40%,20%,1099,$42.69,$42.97,,,54.34,C+,,,B-,,C+,,5.98,28.31%,31.64%,467.58,4.82%,0.74%
322,BSMQ,Invesco BulletShares 2026 Municipal Bond ETF,Bond,"$304,750,000","76,986",$23.65,False,False,False,False,-0.19%,0.43%,0.22%,2.84%,2.34%,0.25%,$0.0,$2.361,$2.361,$56.5769,$209.176,$284.7116,National Munis,2019-09-25,0.18%,$0.70,2026-01-20,$0.05,2.97%,Monthly,0.23%,,0.19,6.20%,1.38%,1.46%,1.43%,Invesco,"2,286",4.56%,6.24%,14.18%,40%,20%,1099,$23.57,$23.69,$23.62,$23.68,58.43,B-,,,A-,,C+,,,,,,,
323,INMU,iShares Intermediate Muni Income Active ETF,Bond,"$334,079,000","161,395",$24.32,False,False,False,False,0.33%,0.95%,1.16%,6.08%,4.48%,,$4.84025,$77.31538,$77.31538,$282.84129,$297.15662,$303.46729,National Munis,2021-03-16,0.30%,$0.84,2025-12-19,$0.07,3.43%,Monthly,0.52%,,0.23,9.41%,1.54%,1.78%,2.03%,"BlackRock, Inc.",337,24.47%,28.64%,49.49%,40%,20%,1099,$24.07,$24.35,$24.30,$24.34,72.0,B,,,B,,B+,,,,,,,
324,GSIG,Goldman Sachs Access Investment Grade Corporate 1-5 Year Bond ETF,Bond,"$9,550,000",803,$47.83,False,False,False,False,0.23%,0.33%,0.36%,6.52%,5.46%,2.16%,$0.0,$0.0,$0.0,-$0.0005,$4.5745,-$16.7405,Corporate Bonds,2020-07-07,0.08%,$2.20,2025-12-31,$0.20,4.59%,Monthly,0.89%,,0.12,2.65%,0.80%,1.11%,1.22%,Goldman Sachs,505,8.32%,10.86%,24.24%,40%,20%,1099,$47.62,$47.81,$47.82,$47.84,70.82,C,,,A-,,B-,,6.58,89.34%,52.71%,162.44,8.81%,2.66%
325,KHYB,KraneShares Asia Pacific High Income USD Bond ETF,Bond,"$17,409,500","4,306",$24.75,False,False,False,False,0.48%,1.79%,1.73%,11.98%,7.04%,0.25%,$0.002526,$0.002153,$0.003375,-$2.387218,-$1.156764,$17.66572,High Yield Bonds,2018-06-28,0.69%,$1.88,2026-01-29,$0.19,7.59%,Monthly,0.81%,,0.16,5.11%,1.80%,1.84%,2.22%,CICC,66,29.38%,39.85%,83.14%,40%,20%,1099,$24.36,$24.75,$24.72,$24.77,79.2,C,,C,A-,B,A,,5.66,94.86%,24.73%,542.91,17.92%,2.80%
326,TYD,Direxion Daily 7-10 Year Treasury Bull 3x Shares,Bond,"$43,832,300","29,821",$25.02,False,3x,False,False,-0.24%,-2.95%,-1.57%,8.38%,-5.62%,-13.79%,$0.0,-$1.25085,-$1.25085,-$7.6808,$26.69915,$43.8839,Leveraged Bonds,2009-04-16,1.06%,$0.75,2025-12-23,$0.25,3.02%,Quarterly,0.92%,,0.74,46.97%,9.59%,10.28%,11.31%,Rafferty Asset Management,2,100.00%,100.00%,100.00%,40%,20%,1099,$24.80,$25.75,,,42.49,B,B,C+,B+,B-,B,B+,5.67,29.89%,25.01%,1.56,0.00%,0.00%
327,TBUX,T. Rowe Price Ultra Short-Term Bond ETF,Bond,"$866,461,000","174,529",$49.87,False,False,False,False,0.13%,0.39%,0.37%,5.24%,5.94%,,$3.734744,$59.843457,$62.333605,$537.621032,$809.492763,$843.899249,Total Bond Market,2021-09-28,0.17%,$2.30,2026-01-27,$0.17,4.62%,Annually,0.73%,,0.03,0.72%,0.45%,0.40%,0.55%,"T. Rowe Price Group, Inc.",593,13.65%,17.06%,34.40%,40%,20%,1099,$49.66,$49.87,$49.85,$49.88,84.87,B+,,,A,,A-,,,,,,,
328,HYUP,Xtrackers High Beta High Yield Bond ETF,Bond,"$31,784,300","8,433",$42.37,False,False,True,False,-0.30%,0.61%,0.51%,7.42%,9.81%,4.78%,$0.0,$2.122,$2.122,$21.0133,$16.91805,$24.68605,High Yield Bonds,2018-01-11,0.20%,$3.14,2025-12-22,$0.28,7.40%,Monthly,1.23%,,0.48,16.76%,2.65%,2.73%,3.55%,DWS,683,5.87%,8.07%,20.22%,40%,20%,1099,$42.21,$42.60,$42.31,$42.43,57.21,C+,,C+,C+,C+,A,,5.04,4.31%,15.82%,230.2,4.46%,2.39%
329,NFLT,Virtus Newfleet Multi-Sector Bond ETF,Bond,"$370,659,000","67,659",$23.15,False,False,False,False,0.19%,0.60%,0.73%,8.04%,7.13%,3.15%,$0.0,$17.2842,$17.2842,$120.3133,$312.52095,$346.00025,Total Bond Market,2015-08-11,0.50%,$1.38,2026-01-20,$0.06,5.97%,Monthly,0.62%,,0.26,6.50%,2.10%,2.96%,3.48%,Virtus Investment Partners,814,17.51%,20.93%,32.85%,40%,20%,1099,$22.98,$23.15,$23.02,$23.22,60.79,B,,,C+,,A,,,,,,,
330,TOTR,T. Rowe Price Total Return ETF,Bond,"$549,430,000","5,332",$40.75,False,False,False,False,0.01%,0.16%,0.39%,6.73%,4.32%,,$0.0,$2.040068,$2.040068,$411.47824,$521.149345,$529.913831,Total Bond Market,2021-09-28,0.31%,$2.09,2026-01-27,$0.18,5.12%,Annually,0.87%,,0.29,14.84%,2.21%,2.67%,3.23%,"T. Rowe Price Group, Inc.","1,027",18.84%,23.45%,39.30%,40%,20%,1099,$40.58,$40.83,,,56.23,C,,,C,,A-,,,,,,,
331,RTAI,Rareview Tax Advantaged Income ETF,Bond,"$18,235,100",894,$21.66,False,False,False,False,1.39%,2.91%,2.41%,6.30%,5.19%,0.54%,$0.0,$0.0,$0.0,-$1.6556,-$3.5205,$17.35575,National Munis,2020-10-21,4.72%,$1.18,2026-01-05,$0.09,5.47%,Monthly,0.67%,,0.64,3.34%,5.06%,4.87%,4.81%,Neil Azous Revocable Trust,12,95.62%,100.00%,100.00%,40%,20%,1099,$21.10,$21.73,$21.66,$21.66,65.26,C,,,C,,A+,,,,,,,
332,JHCB,John Hancock Corporate Bond ETF,Bond,"$103,481,000","31,338",$21.53,False,False,False,False,-0.12%,-0.17%,0.34%,7.29%,5.23%,,$0.0,$3.768583,$3.768583,$48.373768,$83.900278,$85.107368,Corporate Bonds,2021-03-30,0.29%,$1.08,2026-01-28,$0.06,5.03%,Monthly,0.57%,,0.41,10.20%,2.66%,3.05%,3.40%,Manulife,167,15.80%,22.08%,55.06%,40%,20%,1099,$21.45,$21.59,,,51.85,C+,,,C+,,B+,,6.33,32.37%,42.73%,260.03,9.93%,2.70%
333,IBHF,iShares iBonds 2026 Term High Yield and Income ETF,Bond,"$1,059,660,000","337,710",$23.13,False,False,False,False,0.11%,0.26%,0.22%,5.64%,7.60%,4.58%,$0.0,-$26.52545,-$26.52545,$339.86388,$985.57565,"$1,040.49153",Corporate Bonds,2020-11-10,0.35%,$1.56,2025-12-19,$0.12,6.73%,Monthly,0.46%,,0.29,9.06%,1.07%,1.39%,1.85%,"BlackRock, Inc.",299,23.59%,32.72%,68.87%,40%,20%,1099,$23.06,$23.14,$23.10,$23.15,62.02,B+,,,B+,,A,,5.68,67.94%,25.07%,170.89,7.64%,2.40%
334,UST,ProShares Ultra 7-10 Year Treasury,Bond,"$16,720,500","33,924",$43.42,False,2x,False,False,0.00%,-1.54%,-0.55%,9.29%,-0.98%,-7.48%,$0.0,-$0.825535,-$0.825535,-$3.094847,$8.766688,-$2.600962,Leveraged Bonds,2010-01-19,0.95%,$1.59,2025-12-24,$0.57,3.67%,Quarterly,1.40%,,0.49,31.39%,6.39%,6.71%,7.34%,Proshare Advisors LLC,1,100.00%,100.00%,100.00%,40%,20%,1099,$43.09,$44.06,$43.40,$43.45,45.7,A,A-,C+,A,A+,A,A,,,,,,
335,JHMB,John Hancock Mortgage-Backed Securities ETF,Bond,"$204,532,000","52,300",$22.22,False,False,False,False,-0.37%,0.19%,0.44%,7.94%,5.21%,,$7.78015,$14.43795,$14.43795,$127.830463,$176.245623,$203.96946,Mortgage Backed Securities,2021-08-19,0.39%,$1.01,2026-01-28,$0.04,4.56%,Monthly,0.55%,,0.22,0.49%,3.70%,3.27%,3.17%,Manulife,420,14.33%,17.16%,34.36%,40%,20%,1099,$22.10,$22.31,$22.19,$22.26,54.64,,A-,,,,A-,,,,,,,
336,IBTI,iShares iBonds Dec 2028 Term Treasury ETF,Bond,"$1,516,320,000","426,270",$22.41,False,False,False,False,0.23%,0.18%,0.18%,5.91%,3.69%,-0.32%,$15.645931,$97.249089,$102.838443,$621.966402,"$1,434.809192","$1,472.518067",Government Bonds,2020-02-25,0.07%,$0.87,2025-12-19,$0.07,3.86%,Monthly,0.36%,,0.16,2.39%,0.90%,1.12%,1.33%,"BlackRock, Inc.",41,28.55%,42.40%,100.00%,40%,20%,1099,$22.34,$22.40,$22.39,$22.41,63.79,B,,B,B+,B,B-,,5.78,89.05%,27.81%,0.0,0.00%,0.00%
337,BSMS,Invesco BulletShares 2028 Municipal Bond ETF,Bond,"$265,516,000","58,041",$23.58,False,False,False,False,0.15%,0.71%,0.58%,3.92%,2.51%,0.05%,$4.6994,$14.096,$14.096,$109.3559,$204.8008,$256.9394,National Munis,2019-09-25,0.18%,$0.71,2026-01-20,$0.05,3.01%,Monthly,0.34%,,0.25,12.66%,0.89%,0.92%,1.28%,Invesco,"1,941",4.16%,5.64%,13.49%,40%,20%,1099,$23.46,$23.60,,,75.05,B-,,,B+,,B-,,,,,,,
338,BSMR,Invesco BulletShares 2027 Municipal Bond ETF,Bond,"$310,051,000","63,041",$23.70,False,False,False,False,-0.06%,0.45%,0.38%,3.11%,2.45%,0.41%,$0.0,$7.0972,$7.0972,$91.8327,$230.7555,$291.5284,National Munis,2019-09-25,0.18%,$0.71,2026-01-20,$0.05,2.99%,Monthly,0.29%,,0.2,1.98%,1.43%,1.18%,1.13%,Invesco,"2,217",6.89%,8.38%,15.80%,40%,20%,1099,$23.64,$23.74,$23.69,$23.73,61.08,C+,,,A-,,C+,,,,,,,
339,IBTJ,iShares iBonds Dec 2029 Term Treasury ETF,Bond,"$1,129,090,000","394,230",$21.98,False,False,False,False,0.27%,0.05%,0.14%,6.42%,3.56%,-0.58%,$10.959456,$62.498299,$63.594972,$578.100961,"$1,060.760102","$1,093.784447",Government Bonds,2020-02-25,0.07%,$0.83,2025-12-19,$0.06,3.77%,Monthly,0.39%,,0.18,9.93%,1.29%,1.54%,1.84%,"BlackRock, Inc.",29,49.71%,68.34%,100.00%,40%,20%,1099,$21.89,$21.98,$21.96,$21.99,58.47,B-,,B,B+,B-,C+,,5.78,89.05%,27.81%,0.0,0.00%,0.00%
340,JHMU,John Hancock Dynamic Municipal Bond ETF,Bond,"$40,885,300","7,667",$26.41,False,False,True,False,0.40%,1.27%,1.14%,5.67%,,,$0.0,$0.0,$0.0,$16.225615,$39.542453,$39.542453,National Munis,2023-11-01,0.39%,$1.07,2026-01-28,$0.05,4.05%,Monthly,0.56%,,0.22,1.38%,2.96%,2.39%,2.31%,Manulife,196,13.27%,18.83%,45.04%,40%,20%,1099,$26.12,$26.44,$26.40,$26.42,65.57,C,,,B+,,A,,,,,,,
341,ADFI,Anfield Dynamic Fixed Income ETF,Bond,"$50,407,500","24,749",$8.57,False,False,False,False,0.00%,-0.17%,0.00%,4.51%,3.14%,-0.49%,$0.21475,$4.2885,$4.2885,$4.2655,$34.559,$48.16725,Total Bond Market,2020-08-17,1.68%,$0.28,2025-12-12,$0.05,3.30%,Monthly,0.14%,,0.26,24.08%,3.79%,4.19%,4.32%,Anfield Group,33,89.56%,92.53%,100.00%,40%,20%,1099,$8.51,$8.68,$8.57,$8.59,49.94,C+,,,C,,C,,,,,,,
342,IBTG,iShares iBonds Dec 2026 Term Treasury ETF,Bond,"$2,366,250,000","774,981",$22.93,False,False,False,False,0.04%,0.26%,0.26%,4.41%,3.83%,0.30%,-$6.878624,$4.558356,$6.845876,$671.249152,"$2,125.287474","$2,336.330939",Government Bonds,2020-02-25,0.07%,$0.92,2025-12-19,$0.08,4.01%,Monthly,0.28%,,0.09,2.15%,0.38%,0.48%,0.52%,"BlackRock, Inc.",50,30.05%,43.52%,100.00%,40%,20%,1099,$22.88,$22.94,,,79.48,B+,,B+,A-,B+,B,,5.78,89.05%,27.81%,0.0,0.00%,0.00%
343,IBDW,iShares iBonds Dec 2031 Term Corporate ETF,Bond,"$2,196,150,000","485,425",$21.22,False,False,False,False,0.24%,0.09%,0.33%,8.46%,5.71%,,$33.8592,$87.788895,$90.959205,$808.323795,"$1,936.7793","$2,134.38401",Corporate Bonds,2021-06-22,0.10%,$1.01,2025-12-19,$0.09,4.76%,Monthly,0.54%,,0.4,5.96%,2.19%,2.57%,2.74%,"BlackRock, Inc.",503,7.40%,10.28%,23.96%,40%,20%,1099,$21.12,$21.23,$21.20,$21.23,58.38,B+,,,B,,B+,,6.55,58.01%,51.46%,255.03,11.78%,4.56%
344,VABS,Virtus Newfleet ABS/MBS ETF,Bond,"$82,603,100","3,184",$24.32,False,False,False,False,0.21%,0.62%,0.48%,5.14%,6.45%,,$0.0,$0.0,$0.0,$65.9205,$69.67335,$77.3178,Total Bond Market,2021-02-09,0.39%,$1.25,2026-01-20,$0.05,5.14%,Monthly,0.35%,,0.06,4.47%,0.65%,1.11%,2.25%,Virtus Investment Partners,129,24.44%,33.27%,78.90%,40%,20%,1099,$24.19,$24.32,$24.31,$24.32,72.41,B-,,,A-,,A-,,,,,,,
345,BSMT,Invesco BulletShares 2029 Municipal Bond ETF,Bond,"$243,558,000","46,330",$23.27,False,False,False,False,0.09%,0.80%,0.73%,4.23%,2.49%,-0.15%,$4.6392,$6.9596,$6.9596,$73.4311,$193.1034,$232.7063,National Munis,2019-09-25,0.18%,$0.69,2026-01-20,$0.05,2.98%,Monthly,0.38%,,0.28,8.09%,1.32%,1.33%,1.59%,Invesco,"1,654",5.10%,6.71%,14.98%,40%,20%,1099,$23.12,$23.30,,,70.77,B-,,,B+,,C+,,,,,,,
346,BSJS,Invesco BulletShares 2028 High Yield Corporate Bond ETF,Bond,"$629,143,000","169,843",$22.00,False,False,False,False,0.09%,0.49%,0.49%,6.80%,8.13%,3.27%,$10.9965,$44.0753,$44.0753,$287.7921,$586.5065,$613.6311,High Yield Bonds,2020-09-16,0.42%,$1.54,2026-01-20,$0.11,6.99%,Monthly,0.52%,,0.42,11.38%,1.46%,1.83%,2.13%,Invesco,216,14.44%,19.57%,44.46%,40%,20%,1099,$21.90,$22.03,,,64.27,B+,,,B+,,B,,5.48,37.80%,21.62%,204.85,5.17%,4.33%
347,FMNY,First Trust New York Municipal High Income ETF,Bond,"$29,447,100","7,770",$26.78,False,False,False,False,0.30%,0.64%,0.62%,4.40%,3.31%,,$0.0,$1.3342,$1.3342,$9.2626,$15.915559,$30.62657,New York Munis,2021-05-12,0.65%,$1.05,2026-01-21,$0.08,3.94%,Monthly,0.60%,,0.29,26.58%,3.12%,2.59%,3.02%,First Trust,94,18.02%,25.69%,63.21%,40%,20%,1099,$26.65,$26.87,$26.75,$26.84,58.47,,B+,,,,A-,,,,,,,
348,MIG,VanEck Moody's Analytics IG Corporate Bond ETF,Bond,"$17,306,400","7,502",$21.68,False,False,False,False,0.14%,0.22%,0.51%,7.39%,5.31%,0.92%,$1.081708,$1.081708,$1.081708,-$0.90662,$4.504923,$4.504923,Corporate Bonds,2020-12-01,0.20%,$1.04,2025-12-29,$0.08,4.78%,Monthly,0.52%,,0.35,17.53%,2.97%,3.50%,3.56%,VanEck,372,7.88%,10.93%,28.03%,40%,20%,1099,$21.51,$21.72,$21.65,$21.70,56.02,C,,,B-,,B,,6.46,45.51%,47.75%,227.16,18.68%,2.82%
349,SSFI,Day Hagan / Ned Davis Research Smart Sector Fixed Income ETF,Bond,"$30,300,900","8,795",$21.50,False,False,False,False,0.05%,-0.01%,0.26%,5.82%,2.85%,,$0.0,-$5.1464,-$5.1464,-$10.42935,$0.2869,$33.67165,Total Bond Market,2021-09-29,0.76%,$0.75,2025-12-29,$0.29,3.50%,Quarterly,0.41%,,0.29,14.17%,3.17%,2.84%,3.34%,Arax Investment Partners LLC,10,100.00%,100.00%,100.00%,40%,20%,1099,$21.42,$21.54,$21.49,$21.51,52.95,C+,,,C+,,C,,5.94,45.95%,30.79%,256.59,1.99%,0.59%
350,IBHG,iShares iBonds 2027 Term High Yield and Income ETF,Bond,"$444,707,000","182,705",$22.31,False,False,False,False,-0.14%,0.01%,-0.03%,5.47%,7.16%,,$0.0,$22.280625,$22.280625,$204.20355,$419.1578,$432.5613,High Yield Bonds,2021-07-07,0.35%,$1.41,2025-12-19,$0.11,6.33%,Monthly,0.43%,,0.38,2.06%,1.43%,1.67%,1.84%,"BlackRock, Inc.",135,22.16%,29.55%,62.17%,40%,20%,1099,$22.30,$22.37,,,53.6,B+,,,A-,,B,,5.7,71.29%,25.58%,237.06,10.97%,3.95%
351,OVM,Overlay Shares Municipal Bond ETF,Bond,"$33,745,800","10,521",$21.63,False,False,False,False,0.48%,1.04%,1.23%,4.81%,4.41%,1.50%,$0.0,-$0.430337,-$1.289421,$5.561436,$21.285843,$4.393608,National Munis,2019-09-30,0.81%,$1.26,2026-01-28,$0.09,5.84%,Annually,0.59%,,0.39,33.05%,4.97%,4.65%,4.06%,Liquid Strategies,4,100.00%,100.00%,100.00%,40%,20%,1099,$21.43,$21.70,,,60.1,C,,,B-,,A,,,,,,,
352,BSMU,Invesco BulletShares 2030 Municipal Bond ETF,Bond,"$236,310,000","52,405",$22.16,False,False,False,False,0.16%,0.85%,0.80%,4.61%,2.59%,-0.56%,$0.0,$8.8249,$11.0212,$87.4434,$201.0238,$230.5361,National Munis,2020-09-16,0.18%,$0.67,2026-01-20,$0.05,3.04%,Monthly,0.42%,,0.33,25.63%,1.36%,1.18%,1.44%,Invesco,"1,545",5.62%,7.24%,15.83%,40%,20%,1099,$22.02,$22.17,$22.13,$22.18,73.1,B-,,,B+,,B-,,,,,,,
353,FIGB,Fidelity Investment Grade Bond ETF,Bond,"$351,429,000","71,597",$43.32,False,False,False,False,0.02%,-0.17%,0.04%,6.49%,3.89%,,$2.168206,$23.829722,$23.829722,$168.768868,$337.855721,$339.742434,Total Bond Market,2021-03-02,0.36%,$1.78,2026-01-29,$0.13,4.12%,Monthly,0.91%,,0.28,13.66%,2.63%,2.81%,3.16%,Fidelity,700,24.31%,32.26%,57.90%,40%,20%,1099,$43.18,$43.45,$43.16,$43.57,51.7,B,,,C,,B,,5.89,18.38%,29.97%,222.64,0.76%,0.55%
354,AAA,Alternative Access First Priority CLO Bond ETF,Bond,"$42,609,200","9,979",$24.98,False,False,False,False,-0.26%,-0.04%,-0.08%,4.32%,6.58%,4.21%,$0.002117,$0.01449,$0.000878,$10.041515,$34.997907,$34.997899,Corporate Bonds,2020-09-09,0.19%,$1.28,2025-12-26,$0.10,5.11%,Monthly,0.38%,,0.03,1.67%,2.57%,2.58%,2.17%,Alternative Access Funds LLC,36,46.79%,61.87%,100.00%,40%,20%,1099,$24.93,$25.08,$24.95,$25.02,50.96,C+,,,B+,,A,,,,,,,
355,BILS,State Street SPDR Bloomberg 3-12 Month T-Bill ETF,Bond,"$3,883,070,000","421,370",$99.49,False,False,False,False,0.07%,0.31%,0.27%,4.16%,4.77%,3.06%,-$9.943838,$19.825417,$19.825417,$520.180263,"$3,070.690294","$3,865.816162",Government Bonds,2020-09-23,0.14%,$4.05,2025-12-18,$0.34,4.07%,Monthly,1.17%,,0.01,0.24%,0.11%,0.20%,0.22%,State Street,25,51.88%,72.45%,100.00%,40%,20%,1099,$99.21,$99.50,$99.48,$99.49,98.79,B+,,A,A,A,B+,,5.78,17.91%,27.19%,1.56,0.00%,0.00%
356,MBBB,VanEck Moody's Analytics BBB Corporate Bond ETF,Bond,"$8,685,800","5,170",$21.76,False,False,False,False,0.18%,0.13%,0.39%,7.23%,5.66%,1.11%,$0.0,$0.0,$0.0,-$1.07903,$0.00999,$0.00999,Corporate Bonds,2020-12-01,0.25%,$1.08,2025-12-29,$0.09,4.96%,Monthly,0.53%,,0.37,18.21%,2.83%,2.99%,3.17%,VanEck,217,12.19%,16.72%,40.47%,40%,20%,1099,$21.63,$21.78,,,56.3,C,,,B-,,B+,,6.73,81.41%,59.45%,165.19,14.27%,3.06%
357,LDRI,iShares iBonds 1-5 Year TIPS Ladder ETF,Bond,"$12,126,500","5,495",$25.32,False,False,False,False,0.36%,0.50%,0.34%,5.46%,,,$0.0,$1.510804,$1.510804,$10.146401,$10.146401,$10.146401,Corporate Bonds,2024-11-07,0.10%,$1.07,2025-12-23,$0.31,4.21%,Quarterly,0.36%,,-0.26,0.79%,1.58%,2.48%,1.95%,"BlackRock, Inc.",6,100.00%,100.00%,100.00%,40%,20%,1099,$25.15,$25.31,$25.29,$25.36,62.29,C,,B-,A-,C,C,C+,5.78,72.03%,27.81%,0.0,0.00%,0.00%
358,FSEC,Fidelity Investment Grade Securitized ETF,Bond,"$4,369,840,000","239,424",$44.21,False,False,False,False,0.25%,0.20%,0.47%,8.07%,4.24%,,$2.210617,$62.988738,$62.988738,"$2,172.301939","$4,268.002451","$4,262.051401",Mortgage Backed Securities,2021-03-02,0.36%,$1.90,2026-01-29,$0.13,4.30%,Monthly,1.08%,,0.29,14.97%,2.40%,2.64%,4.06%,Fidelity,920,22.94%,28.29%,51.16%,40%,20%,1099,$43.97,$44.28,$44.12,$44.29,57.44,C+,A-,,A,A,A,,,,,,,
359,CRDT,Simplify Opportunistic Income ETF,Bond,"$39,806,400","31,181",$23.28,False,False,False,False,-1.70%,1.06%,0.37%,-1.93%,,,$0.0,-$14.133325,-$14.133325,-$27.5151,$51.199275,$51.199275,Corporate Bonds,2023-06-26,0.99%,$1.62,2026-01-27,$0.12,6.96%,Monthly,0.42%,,0.05,15.82%,7.87%,6.06%,5.32%,Simplify,59,40.13%,54.41%,109.55%,40%,20%,1099,$23.22,$23.78,$23.18,$23.49,47.67,C+,,C+,C,C,A,C,,,,,,
360,TFJL,Innovator 20+ Year Treasury Bond 5 Floor ETF - July,Bond,"$7,943,300","20,333",$19.77,False,False,False,False,-0.62%,-1.14%,-0.11%,-1.50%,-1.26%,-3.81%,$0.0,$0.0,$0.0,-$24.58942,$4.620595,-$14.75413,Total Bond Market,2020-08-18,0.79%,$0.00,,,0.00%,Quarterly,0.34%,,0.24,31.55%,6.84%,6.79%,7.45%,Innovator,2,100.00%,100.00%,100.00%,40%,20%,1099,$19.69,$19.99,$19.77,$19.77,44.87,B,,,C,,C,,,,,,,
361,HYTR,Counterpoint High Yield Trend ETF,Bond,"$240,676,000","59,600",$21.84,False,False,False,False,-0.05%,0.57%,0.58%,5.15%,6.54%,2.53%,$2.185,$7.64,$7.64,$155.19025,$231.85725,$228.46475,High Yield Bonds,2020-01-21,0.79%,$1.26,2025-12-12,$0.23,5.75%,Monthly,0.47%,,0.25,10.77%,1.55%,2.31%,2.96%,Counterpoint Mutual Funds LLC,4,100.00%,100.00%,100.00%,40%,20%,1099,$21.75,$21.89,$21.82,$21.86,61.86,B,,,C+,,C+,,5.48,36.84%,21.51%,234.73,6.85%,3.04%
362,FPFD,Fidelity Preferred Securities & Income ETF,Bond,"$78,035,500","22,105",$21.97,False,False,False,False,-0.01%,1.18%,1.16%,6.57%,6.13%,,$0.0,$1.090233,$1.090233,$26.047902,$43.44959,$76.651007,Preferred Stock/Convertible Bonds,2021-06-15,0.59%,$1.09,2026-01-29,$0.08,4.97%,Monthly,0.58%,,0.41,8.41%,2.36%,2.11%,2.48%,Fidelity,331,22.22%,27.22%,50.84%,40%,20%,1099,$21.77,$22.03,$21.94,$21.98,65.53,C+,,,A-,,B-,,6.52,87.83%,50.20%,352.98,9.28%,1.23%
363,TRSY,Xtrackers US 0-1 Year Treasury ETF,Bond,"$20,502,700","15,202",$30.15,False,False,False,False,0.02%,0.25%,0.25%,4.14%,,,$0.0,-$1.20256,-$1.20256,$17.4346,$18.03604,$18.03604,Government Bonds,2024-10-09,0.06%,$1.20,2025-12-22,$0.10,3.99%,Monthly,0.36%,,0.1,0.12%,0.38%,0.35%,0.41%,Deutsche Bank AG,93,27.34%,37.75%,75.16%,40%,20%,1099,$30.07,$30.17,$30.14,$30.16,84.59,C,,B,B+,C+,C,C+,5.78,20.90%,27.20%,1.56,0.00%,0.00%
364,CVRT,Calamos Convertible Equity Alternative ETF,Bond,"$21,155,000","7,838",$41.02,False,False,False,False,0.06%,6.21%,7.63%,31.60%,,,$0.0,$4.048,$4.048,$5.0505,$10.039,$10.039,Preferred Stock/Convertible Bonds,2023-10-04,0.69%,$0.64,2025-12-23,$0.10,1.56%,Monthly,4.14%,,1.18,37.37%,21.77%,20.24%,20.78%,"Calamos Family Partners, Inc.",96,34.94%,43.06%,79.46%,40%,20%,1099,$38.85,$42.37,$40.40,$42.03,57.47,C,,,,,C,C+,6.05,60.00%,33.11%,286.39,16.89%,6.65%
365,BNDD,Quadratic Deflation ETF,Bond,"$9,235,800","2,503",$95.74,False,False,False,False,-1.19%,-0.92%,-0.03%,-6.20%,-3.91%,,$0.00075,$0.509745,$0.51002,-$1.884622,-$18.814199,$53.306236,Government Bonds,2021-09-20,1.02%,$0.97,2025-12-30,$0.29,1.01%,Monthly,2.91%,,0.33,40.41%,18.43%,13.08%,10.72%,KraneShares,3,100.00%,100.00%,100.00%,40%,20%,1099,$94.45,$98.50,$95.74,$95.74,45.39,C,,B-,C,C,C,,5.78,72.03%,27.81%,0.0,0.00%,0.00%
366,JOJO,ATAC Credit Rotation ETF,Bond,"$5,889,600","3,997",$15.70,False,False,False,False,-0.05%,1.00%,1.01%,9.96%,5.29%,,$0.0,-$0.391963,-$0.391963,$2.768738,$0.954403,$8.371093,High Yield Bonds,2021-07-15,1.24%,$0.74,2025-12-30,$0.08,4.73%,Monthly,0.51%,,0.53,15.57%,5.79%,4.26%,5.33%,Tidal Financial Group,4,100.00%,100.00%,100.00%,40%,20%,1099,$15.53,$15.76,$15.67,$15.71,58.91,C+,,,C,,C,,5.78,14.63%,27.16%,1.56,0.00%,0.00%
367,BSCV,Invesco BulletShares 2031 Corporate Bond ETF,Bond,"$1,563,340,000","565,378",$16.69,False,False,False,False,0.30%,0.09%,0.33%,8.38%,5.50%,,$0.0,$45.11295,$45.11295,$677.58915,"$1,438.52235","$1,525.8069",Corporate Bonds,2021-09-15,0.10%,$0.84,2026-01-20,$0.06,5.02%,Monthly,0.42%,,0.42,9.59%,1.95%,2.40%,2.55%,Invesco,357,8.99%,12.32%,28.56%,40%,20%,1099,$16.61,$16.68,$16.66,$16.70,59.2,B+,,,B,,B,,6.6,62.82%,53.91%,232.47,12.53%,4.44%
368,BSMV,Invesco BulletShares 2031 Municipal Bond ETF,Bond,"$167,504,000","48,376",$21.31,False,False,False,False,0.31%,1.02%,1.02%,4.66%,2.68%,,$6.359,$6.359,$6.359,$71.1314,$148.1461,$161.4919,National Munis,2021-09-15,0.18%,$0.67,2026-01-20,$0.05,3.13%,Monthly,0.42%,,0.38,29.83%,1.46%,1.59%,1.78%,Invesco,"1,371",4.62%,6.20%,14.65%,40%,20%,1099,$21.11,$21.30,,,74.69,C+,,,B-,,B-,,,,,,,
369,BSJT,Invesco BulletShares 2029 High Yield Corporate Bond ETF,Bond,"$436,430,000","150,773",$21.48,False,False,False,False,-0.19%,0.29%,0.39%,6.40%,8.31%,,$0.0,$32.3695,$32.3695,$241.5824,$417.8501,$428.964,High Yield Bonds,2021-09-15,0.42%,$1.57,2026-01-20,$0.12,7.32%,Monthly,0.56%,,0.5,2.96%,2.30%,2.49%,3.29%,Invesco,352,12.74%,16.11%,32.22%,40%,20%,1099,$21.45,$21.56,$21.45,$21.52,55.75,B+,,,C+,,B+,,5.49,39.47%,21.70%,212.33,5.01%,3.08%
370,REC,Emles Real Estate Credit ETF,Bond,"$2,012,000","3,085",$20.06,False,False,False,False,-0.73%,-3.81%,-16.66%,-16.41%,,,$0.0,$0.0,$0.0,$0.0,$0.0,-$20.747,Real Estate,2020-10-15,0.48%,$0.61,2022-10-13,$0.12,3.05%,Monthly,1.26%,,0.25,7.60%,8.43%,6.82%,7.42%,Emles Advisors LLC,15,77.46%,100.02%,100.02%,40%,20%,1099,$19.96,$20.57,,,29.51,C+,,C+,A,B-,B,C,,,,,,
371,TBJL,Innovator 20+ Year Treasury Bond 9 Buffer ETF - July,Bond,"$22,946,800","7,324",$19.91,False,False,False,False,-0.18%,-0.43%,0.00%,0.83%,-0.89%,-3.80%,-$0.501408,-$1.998055,-$1.998055,$5.154868,-$28.66798,$18.351593,Total Bond Market,2020-08-18,0.79%,$0.00,,,0.00%,Annually,0.26%,,0.36,14.87%,4.75%,4.89%,5.88%,Innovator,2,100.00%,100.00%,100.00%,40%,20%,1099,$19.86,$20.05,$19.89,$19.92,46.24,B-,,,C,,C,,,,,,,
372,GGOV,iShares Global Government Bond USD Hedged Active ETF,Bond,"$42,862,500","1,138",$48.65,False,False,False,False,0.14%,-0.75%,-0.43%,,,,$0.0,$0.973726,$0.973726,$3.989088,$3.989088,$3.989088,International Government Bonds,2025-06-25,0.39%,$1.62,2025-12-19,$1.62,3.33%,Annually,,,0.21,5.34%,3.24%,2.77%,2.53%,"BlackRock, Inc.",399,23.45%,31.21%,53.74%,40%,20%,1099,$48.40,$48.89,$48.60,$48.73,47.15,B-,A-,A,,B+,B,B-,5.92,30.19%,30.50%,2.19,0.00%,0.01%
373,TAPR,Innovator Equity Defined Protection ETF - 2 Yr to April 2027,Bond,"$10,398,500","1,898",$25.98,True,False,False,False,0.08%,0.13%,0.37%,,,,$0.0,$0.0,$0.0,$9.708283,$9.708283,$9.708283,Inverse Bonds,2025-03-31,0.79%,$0.00,,,0.00%,Annually,,,0.14,5.51%,1.66%,1.87%,1.81%,Innovator,5,100.00%,100.00%,100.00%,40%,20%,1099,$25.86,$26.01,,,61.11,,A+,,,,,,,,,,,
374,FLUD,Franklin Ultra Short Bond ETF,Bond,"$185,363,000","47,363",$25.09,False,False,False,False,0.16%,0.38%,0.45%,5.10%,5.59%,3.44%,$1.25155,$3.75285,$5.00125,$83.56485,$180.55535,$181.79485,Corporate Bonds,2020-07-14,0.15%,$1.12,2025-12-19,$0.11,4.48%,Monthly,0.37%,,0.01,0.84%,0.77%,0.76%,1.83%,Franklin Templeton,439,7.69%,10.36%,25.48%,40%,20%,1099,$24.98,$25.10,,,71.24,C+,,,A-,,B,,7.12,88.89%,75.61%,44.06,4.51%,1.38%
375,IBTK,iShares iBonds Dec 2030 Term Treasury ETF,Bond,"$777,472,000","321,314",$19.85,False,False,False,False,0.25%,-0.15%,0.05%,6.81%,3.11%,-1.21%,$14.859281,$76.281826,$76.281826,$427.959165,$699.120289,$782.136384,Government Bonds,2020-07-14,0.07%,$0.75,2025-12-19,$0.06,3.79%,Monthly,0.38%,,0.22,9.99%,1.78%,2.09%,2.36%,"BlackRock, Inc.",27,52.40%,74.23%,100.00%,40%,20%,1099,$19.77,$19.89,$19.84,$19.86,54.3,B-,,B-,B,B-,C+,,5.78,89.05%,27.81%,0.0,0.00%,0.00%
376,UBND,VictoryShares Core Plus Intermediate Bond ETF,Bond,"$1,720,620,000","311,756",$22.01,False,False,False,False,0.00%,0.00%,0.09%,6.88%,4.84%,,$38.521505,$140.742104,$140.742104,"$1,116.207712","$1,483.455757","$2,278.459969",Total Bond Market,2021-10-05,0.40%,$1.00,2026-01-08,$0.01,4.56%,Monthly,0.48%,,0.32,3.65%,2.34%,2.48%,2.72%,Victory Capital,"1,385",14.01%,18.32%,35.16%,40%,20%,1099,$21.95,$22.08,,,53.26,A-,,,B,,B,,,,,,,
377,IBTL,iShares iBonds Dec 2031 Term Treasury ETF,Bond,"$513,856,000","213,833",$20.52,False,False,False,False,0.24%,-0.25%,-0.01%,7.20%,2.76%,,$32.765765,$55.314153,$57.365512,$219.869242,$474.121952,$508.931477,Government Bonds,2021-07-13,0.07%,$0.81,2025-12-19,$0.06,3.93%,Monthly,0.43%,,45981.17,12.30%,2.08%,2.49%,2.79%,"BlackRock, Inc.",17,73.91%,98.08%,100.00%,40%,20%,1099,$20.43,$20.58,$20.51,$20.53,52.33,B-,,B-,B-,B-,B-,,5.78,89.05%,27.81%,0.0,0.00%,0.00%
378,RISR,FolioBeyond Alternative Income and Interest Rate Hedge ETF,Bond,"$195,037,000","45,919",$35.77,False,False,False,False,-0.14%,-0.01%,-0.45%,3.11%,12.89%,,$3.9556,$11.491261,$11.491261,$75.972328,$111.458979,$191.235002,Government Bonds,2021-09-30,1.04%,$2.15,2026-01-29,$0.18,6.00%,Monthly,0.44%,,-0.43,44.26%,6.83%,6.08%,5.37%,Tidal Financial Group,106,31.53%,42.38%,87.04%,40%,20%,1099,$35.48,$36.12,,,50.8,C+,,A+,B-,B+,A,,,,,,,
379,SBND,Columbia Short Duration Bond ETF,Bond,"$140,082,000","71,051",$19.00,True,False,False,False,0.24%,0.40%,0.40%,7.10%,5.94%,,$0.946,$21.7365,$21.7365,$70.867,$83.638379,$136.436879,Total Bond Market,2021-09-21,0.25%,$0.88,2025-12-29,$0.07,4.63%,Monthly,0.41%,,0.2,3.36%,1.06%,1.58%,1.88%,Ameriprise Financial,0,,,,40%,20%,1099,$18.92,$18.99,$18.98,$19.01,67.14,B-,,A,B+,A-,B+,,5.64,2.42%,24.43%,334.15,4.80%,1.84%
380,MINN,Mairs & Power Minnesota Municipal Bond ETF,Bond,"$36,867,000",,,False,False,False,False,,,,,,,$0.224559,$0.674108,$0.674108,$12.438734,$17.816978,$38.57668,National Munis,2021-03-11,0.25%,,,,,Monthly,,,,,,,,"Mairs & Power, Inc.",121,29.64%,37.66%,69.51%,40%,20%,1099,,,,,,,,,,,,,,,,,,
381,TYA,Simplify Intermediate Term Treasury Futures Strategy ETF,Bond,"$62,519,400","97,316",$13.35,False,False,False,False,0.24%,-2.20%,-0.94%,11.65%,-2.40%,,-$12.71575,-$21.405575,-$21.405575,-$56.25595,$40.530775,$92.99995,Government Bonds,2021-09-27,0.15%,$0.51,2026-01-27,$0.02,3.82%,Monthly,0.53%,,0.67,41.59%,7.75%,8.91%,9.76%,Simplify,3,100.00%,100.00%,100.00%,40%,20%,1099,$13.20,$13.63,,,44.92,B-,,C,C,C,C+,,,,,,,
382,DFIP,Dimensional Inflation-Protected Securities ETF,Bond,"$1,068,070,000","104,633",$41.81,False,False,False,False,0.30%,0.37%,0.61%,6.89%,3.71%,,$5.215203,$14.57834,$14.57834,$229.773616,$704.845775,"$1,067.271377",Government Bonds,2021-11-15,0.11%,$1.96,2025-12-16,$0.29,4.68%,Monthly,0.85%,,0.32,13.00%,2.66%,2.64%,2.85%,Dimensional,20,82.29%,94.66%,100.00%,40%,20%,1099,$41.50,$41.84,$41.76,$41.85,56.69,B-,,C+,B-,C+,C+,,5.78,15.25%,27.16%,1.56,0.00%,0.00%
383,DFNM,Dimensional National Municipal Bond ETF,Bond,"$1,992,330,000","176,151",$48.52,False,False,False,False,0.22%,0.81%,0.81%,4.27%,2.75%,,$0.0,$43.497384,$50.716066,$504.493881,"$1,204.665723","$1,958.884813",National Munis,2021-11-15,0.17%,$1.41,2026-01-21,$0.04,2.91%,Monthly,0.76%,,0.18,2.06%,1.14%,1.10%,1.31%,Dimensional,"1,129",6.47%,8.98%,21.64%,40%,20%,1099,$48.19,$48.58,$48.48,$48.55,76.13,B+,,,A-,,B-,,,,,,,
384,DFSD,Dimensional Short-Duration Fixed Income ETF,Bond,"$6,107,500,000","507,552",$48.16,False,False,False,False,0.23%,0.38%,0.44%,6.44%,5.56%,,$28.804138,$158.276321,$167.860581,"$2,020.776624","$4,969.866737","$6,009.421172",Corporate Bonds,2021-11-15,0.16%,$1.98,2025-12-16,$0.38,4.11%,Monthly,0.89%,,0.11,1.25%,1.02%,1.33%,1.35%,Dimensional,"1,468",6.94%,9.24%,21.48%,40%,20%,1099,$47.94,$48.13,$48.13,$48.18,67.1,B+,,,A-,,C+,,7.0,84.06%,71.14%,97.13,5.42%,3.06%
385,AHYB,American Century  Select High Yield ETF,Bond,"$58,613,100","4,102",$46.96,False,False,False,False,0.15%,0.59%,0.45%,7.78%,7.94%,,$0.0,$2.337355,$2.337355,$23.23468,$27.67291,$40.885125,High Yield Bonds,2021-11-16,0.45%,$2.71,2025-12-16,$0.27,5.77%,Monthly,1.20%,,0.44,2.20%,1.90%,2.04%,2.62%,American Century Investments,573,7.42%,9.39%,21.19%,40%,20%,1099,$46.73,$46.99,$46.89,$47.01,64.57,C,,,B,,C+,,5.64,61.96%,24.49%,310.67,8.16%,2.65%
386,FSIG,First Trust Limited Duration Investment Grade Corporate ETF,Bond,"$1,452,620,000","380,321",$19.16,False,False,False,False,0.05%,0.15%,0.21%,6.73%,5.51%,,$14.34045,$20.06045,$20.06045,$159.2804,"$1,043.2447","$1,429.20735",Corporate Bonds,2021-11-17,0.55%,$0.98,2026-01-21,$0.07,5.09%,Monthly,0.38%,,0.14,4.09%,1.33%,1.33%,1.59%,First Trust,323,11.60%,15.46%,35.71%,40%,20%,1099,$19.10,$19.16,$19.15,$19.17,63.83,B+,,,B+,,B-,,7.0,98.16%,70.85%,180.8,4.55%,2.45%
387,PTRB,PGIM Total Return Bond ETF,Bond,"$809,472,000","110,541",$42.14,False,False,False,False,-0.09%,0.02%,0.24%,6.87%,4.80%,,$6.32425,$134.8375,$134.8375,$409.10595,$720.11075,$784.72483,Total Bond Market,2021-12-08,0.49%,$1.99,2025-12-30,$0.20,4.72%,Monthly,0.96%,,0.35,10.67%,2.30%,2.63%,2.94%,Prudential,"1,024",20.78%,25.12%,41.17%,40%,20%,1099,$41.97,$42.25,,,54.0,B,,,C+,,B+,,,,,,,
388,JHPI,John Hancock Preferred Income ETF,Bond,"$146,581,000","51,311",$23.08,False,False,False,False,-0.07%,1.20%,1.26%,7.67%,6.53%,,$0.0,$20.063648,$21.771968,$91.442865,$123.666983,$144.652775,Preferred Stock/Convertible Bonds,2021-12-14,0.54%,$1.35,2026-01-28,$0.05,5.84%,Monthly,0.67%,,0.4,8.97%,3.02%,2.43%,3.03%,Manulife,192,12.89%,17.68%,45.20%,40%,20%,1099,$22.82,$23.17,$23.03,$23.14,65.95,B-,,,A,,B,,6.18,63.04%,36.63%,468.59,13.35%,2.25%
389,FCSH,Federated Hermes Short Duration Corporate ETF,Bond,"$64,819,100","2,397",$24.44,False,False,False,False,-0.12%,-0.03%,-0.02%,5.68%,5.02%,,$0.0,$0.0,$0.0,$54.7099,$36.8577,$64.926341,Corporate Bonds,2021-12-16,0.30%,$1.01,2025-12-31,$0.08,4.14%,Monthly,0.44%,,0.13,1.46%,1.24%,1.24%,1.31%,"Federated Hermes, Inc.",164,20.70%,26.66%,54.75%,40%,20%,1099,$24.44,$24.50,$24.43,$24.45,52.31,B-,,,A-,,B+,,6.27,71.32%,40.01%,234.22,11.97%,2.83%
390,FHYS,Federated Hermes Short Duration High Yield ETF,Bond,"$51,419,300","19,181",$23.30,False,False,False,False,-0.30%,-0.01%,0.06%,6.54%,7.82%,,$0.0,$0.0,$0.0,$23.1986,$21.6939,$53.61809,High Yield Bonds,2021-12-16,0.50%,$1.39,2025-12-31,$0.14,5.95%,Monthly,0.54%,,0.26,5.08%,1.45%,1.80%,2.04%,"Federated Hermes, Inc.",230,16.69%,20.82%,43.49%,40%,20%,1099,$23.30,$23.40,$23.25,$23.37,53.06,B-,,,A,,B,,5.64,63.40%,24.54%,316.51,8.06%,2.06%
391,MMCA,NYLI MacKay California Muni Intermediate ETF,Bond,"$72,454,800","16,908",$21.96,False,False,False,False,0.09%,0.72%,0.62%,5.85%,3.77%,,$0.0,$3.2866,$3.2866,$45.5041,$21.79215,$28.17085,California Munis,2021-12-21,0.36%,$0.74,2025-12-30,$0.06,3.37%,Monthly,0.48%,,0.3,8.85%,1.68%,1.45%,1.94%,New York Life,116,19.11%,26.67%,65.93%,40%,20%,1099,$21.86,$22.03,$21.94,$21.97,62.95,B+,A-,,A-,,,,,,,,,
392,DFCF,Dimensional Core Fixed Income ETF,Bond,"$9,154,050,000","827,165",$42.63,False,False,False,False,0.00%,-0.07%,0.26%,7.38%,4.48%,,$55.387424,$276.970855,$276.970855,"$2,911.907993","$6,664.583248","$9,094.833208",Total Bond Market,2021-11-15,0.17%,$1.93,2026-01-21,$0.04,4.52%,Monthly,1.02%,,0.32,11.59%,2.60%,2.93%,3.02%,Dimensional,"1,605",40.22%,48.53%,70.70%,40%,20%,1099,$42.48,$42.74,$42.60,$42.67,53.21,A-,,,C+,,B,,6.23,21.79%,38.21%,224.32,4.87%,1.07%
393,KDRN,Kingsbarn Tactical Bond ETF,Bond,"$2,334,000","1,313",$23.31,False,False,False,False,-0.01%,-0.13%,0.43%,4.34%,4.70%,,$0.0,$0.0,$0.0,$1.1715,$1.203595,$1.659486,Total Bond Market,2021-12-19,0.57%,$0.59,2025-12-24,$0.23,2.53%,Quarterly,0.29%,,0.3,16.23%,2.19%,3.15%,4.06%,Kingsbarn Capital Management LLC,6,100.00%,100.00%,100.00%,40%,20%,1099,$23.20,$23.35,$23.31,$23.31,53.31,C,,,B,,C,,5.99,38.26%,31.73%,158.54,2.38%,0.46%
394,JBBB,Janus Henderson B-BBB CLO ETF,Bond,"$1,186,900,000","399,370",$47.84,False,False,False,False,-0.79%,0.42%,0.29%,3.65%,9.29%,,$9.618,-$16.6875,-$16.6875,-$532.3185,"$1,129.039","$1,193.9915",Corporate Bonds,2022-01-11,0.48%,$3.54,2025-12-22,$0.29,7.39%,Annually,0.84%,,0.18,17.68%,3.09%,2.46%,2.22%,Janus Henderson,203,18.26%,23.77%,51.96%,40%,20%,1099,$47.67,$48.35,$47.79,$47.95,49.73,A-,,,B,,A,,,,,,,
395,HYRM,Xtrackers Risk Managed USD High Yield Strategy ETF,Bond,"$48,704,400","2,943",$23.50,False,False,True,False,-0.17%,0.62%,0.62%,5.08%,7.54%,,$0.0,$0.586525,$0.586525,$3.49075,$1.250425,$48.38205,High Yield Bonds,2022-02-10,0.30%,$1.47,2025-12-22,$0.22,6.24%,Monthly,0.48%,,0.46,9.63%,3.61%,3.06%,3.59%,DWS,3,100.00%,100.00%,100.00%,40%,20%,1099,$23.39,$23.56,$23.48,$23.51,58.37,C,,,B+,,C+,,5.43,29.67%,20.87%,253.22,7.48%,2.90%
396,AGGH,Simplify Aggregate Bond ETF,Bond,"$359,983,000","188,173",$20.71,False,False,False,False,0.08%,-0.06%,0.66%,7.80%,5.88%,,$5.16825,$56.648425,$59.765725,$102.3867,$366.823025,$367.473325,Total Bond Market,2022-02-14,0.30%,$1.56,2026-01-27,$0.13,7.53%,Monthly,0.59%,,0.21,19.00%,3.39%,3.79%,5.04%,Simplify,8,100.00%,100.00%,100.00%,40%,20%,1099,$20.59,$20.75,$20.67,$20.74,55.23,B+,,,C,,A,,,,,,,
397,HYBL,State Street Blackstone High Income ETF,Bond,"$581,063,000","226,610",$28.49,False,False,False,False,-0.30%,0.30%,0.16%,6.95%,8.67%,,$2.856691,$32.764542,$32.764542,$285.742847,$454.264841,$457.173565,High Yield Bonds,2022-02-16,0.70%,$2.05,2025-12-18,$0.17,7.21%,Monthly,0.74%,,0.3,5.07%,2.03%,1.93%,2.22%,State Street,592,23.11%,25.87%,40.53%,40%,20%,1099,$28.46,$28.60,$28.45,$28.51,55.27,A-,,,A-,,A,,,,,,,
398,CDX,Simplify High Yield ETF,Bond,"$486,582,000","247,133",$22.14,False,False,False,False,-0.10%,0.01%,0.05%,6.58%,9.54%,,$6.132225,$31.825175,$28.477325,$367.7987,$461.34645,$505.12475,Corporate Bonds,2022-02-14,0.25%,$1.70,2026-01-27,$0.15,7.68%,Monthly,0.42%,,0.33,113.39%,4.55%,4.22%,4.26%,Simplify,11,99.42%,100.00%,100.00%,40%,20%,1099,$22.00,$22.30,$22.07,$22.22,48.16,B+,,,C+,,A+,,5.06,5.02%,16.10%,1.56,0.00%,0.00%
399,FSYD,Fidelity Sustainable High Yield ETF,Bond,"$101,494,000","22,975",$48.75,False,False,False,False,0.00%,1.14%,1.11%,8.71%,9.03%,,$3.666952,$12.190667,$14.606083,$56.762394,$89.743059,$89.743059,High Yield Bonds,2022-02-15,0.55%,$3.13,2026-01-29,$0.23,6.43%,Monthly,1.49%,,0.46,2.69%,1.73%,2.51%,3.50%,Fidelity,426,14.76%,19.89%,46.43%,40%,20%,1099,$48.32,$48.92,$48.68,$48.78,66.57,C+,,,C+,,A-,,5.83,78.23%,28.78%,175.31,6.29%,3.68%
400,GEMD,Goldman Sachs Access Emerging Markets USD Bond ETF,Bond,"$34,160,000","3,949",$42.62,False,False,True,True,0.02%,0.09%,0.40%,11.95%,7.01%,,$0.0,$0.0,$0.0,-$35.8205,-$13.603,-$6.9425,Emerging Markets Bonds,2022-02-15,0.30%,$2.68,2025-12-31,$0.21,6.30%,Monthly,1.73%,,0.53,1.30%,4.72%,3.93%,4.60%,Goldman Sachs,181,13.12%,18.08%,43.29%,40%,20%,1099,$42.29,$42.71,$42.61,$42.64,56.33,,A+,,,,,,4.08,48.59%,2.29%,648.36,0.00%,0.46%
401,XHYC,BondBloxx USD High Yield Bond Consumer Cyclicals Sector ETF,Bond,"$25,352,300","3,911",$37.55,False,False,False,False,0.02%,1.04%,0.69%,6.85%,8.79%,,$0.0,$0.0,$0.0,-$46.22328,$21.72681,$26.073095,High Yield Bonds,2022-02-15,0.35%,$2.68,2025-12-30,$0.40,7.13%,Monthly,0.94%,,0.46,5.30%,2.48%,2.44%,2.64%,Bondbloxx Investment Management Corp.,272,13.26%,17.62%,37.46%,40%,20%,1099,$37.37,$37.60,$37.55,$37.55,66.23,C,,,A-,,B,,6.17,94.50%,36.58%,129.76,22.67%,1.50%
402,XHYH,BondBloxx USD High Yield Bond Healthcare Sector ETF,Bond,"$22,419,600","7,487",$35.83,False,False,False,False,-0.35%,0.67%,0.35%,10.20%,9.77%,,-$1.79477,-$1.79477,-$1.79477,-$24.903813,$18.638688,$21.573178,High Yield Bonds,2022-02-15,0.35%,$2.68,2025-12-30,$0.40,7.48%,Monthly,1.17%,,0.48,10.04%,3.72%,3.52%,3.59%,Bondbloxx Investment Management Corp.,128,24.10%,31.41%,65.48%,40%,20%,1099,$35.75,$36.05,$35.78,$35.91,55.34,C,,,B-,,B+,,6.09,87.32%,34.17%,25.0,0.00%,7.69%
403,XHYT,"BondBloxx USD High Yield Bond Telecom, Media & Technology Sector ETF",Bond,"$52,087,200","7,975",$34.55,False,False,False,False,-0.62%,0.61%,-0.11%,7.34%,7.84%,,$0.0,$0.0,$0.0,-$70.891865,$48.9495,$52.94942,High Yield Bonds,2022-02-15,0.35%,$2.90,2025-12-30,$0.44,8.40%,Monthly,0.97%,,0.49,18.96%,2.71%,2.86%,4.03%,Bondbloxx Investment Management Corp.,313,15.08%,19.38%,40.52%,40%,20%,1099,$34.55,$34.83,,,51.79,C+,,,B-,,A,,5.1,6.22%,16.53%,30.0,0.17%,1.44%
404,CGCP, Capital Group Core Plus Income ETF,Bond,"$6,806,860,000","1,395,182",$22.64,False,False,False,False,-0.31%,-0.18%,0.00%,5.65%,4.50%,,-$62.638241,$285.726798,$300.672303,"$2,482.630173","$6,240.011286","$6,767.728511",Total Bond Market,2022-02-22,0.34%,$0.98,2025-12-24,$0.12,4.32%,Monthly,0.47%,,0.36,1.91%,2.39%,2.84%,2.74%,The Capital Group Companies,"1,400",23.69%,28.01%,42.19%,40%,20%,1099,$22.63,$22.76,$22.63,$22.66,47.78,A,,,B,,A-,,,,,,,
405,XHYD,BondBloxx USD High Yield Bond Consumer Non-Cyclicals Sector ETF,Bond,"$22,177,900","5,108",$38.63,False,False,False,False,0.19%,1.26%,0.71%,8.50%,8.18%,,$0.0,$1.92162,$1.92162,-$11.973995,$18.199,$22.41943,High Yield Bonds,2022-02-15,0.35%,$2.42,2025-12-30,$0.38,6.27%,Monthly,0.98%,,0.4,6.45%,2.99%,3.72%,3.19%,Bondbloxx Investment Management Corp.,180,13.99%,18.92%,46.45%,40%,20%,1099,$38.24,$38.87,$38.14,$39.61,63.64,C,,,A-,,C+,,5.6,56.46%,23.60%,921.25,12.97%,10.17%
406,HISF,First Trust High Income Strategic Focus ETF,Bond,"$85,918,100","12,570",$45.17,False,False,False,False,-0.03%,0.19%,0.25%,8.08%,4.95%,3.31%,$2.2616,$20.34485,$20.34485,$40.6186,$47.39465,$39.57565,Total Bond Market,2014-08-13,0.87%,$2.32,2026-01-21,$0.19,5.13%,Monthly,1.15%,,0.31,4.12%,2.05%,2.16%,2.25%,First Trust,10,100.00%,100.00%,100.00%,40%,20%,1099,$45.00,$45.25,$45.13,$45.23,57.74,C+,,B,B+,B-,B,,6.17,47.59%,36.43%,217.05,4.00%,1.29%
407,IBHH,iShares iBonds 2028 Term High Yield and Income ETF,Bond,"$436,957,000",,,False,False,False,False,,,,,,,$0.0,$28.37016,$28.37016,$247.738085,$416.76743,$421.24424,High Yield Bonds,2022-03-08,0.35%,,,,,Monthly,,,,,,,,"BlackRock, Inc.",259,15.50%,19.68%,40.87%,40%,20%,1099,,,,,,,,,,,,,5.59,55.98%,23.44%,206.38,5.74%,3.63%
408,IBHI,iShares iBonds 2029 Term High Yield and Income ETF,Bond,"$366,018,000",,,False,False,False,False,,,,,,,$0.0,$42.5101,$42.5101,$253.076035,$367.170398,$369.679438,High Yield Bonds,2022-03-08,0.35%,,,,,Monthly,,,,,,,,"BlackRock, Inc.",412,13.99%,17.54%,31.93%,40%,20%,1099,,,,,,,,,,,,,5.64,62.44%,24.51%,218.87,5.89%,3.02%
409,XHYE,BondBloxx USD High Yield Bond Energy Sector ETF,Bond,"$10,844,600","1,470",$39.13,False,False,False,False,0.16%,2.23%,1.48%,7.04%,8.23%,,$0.0,-$0.965975,-$0.965975,-$4.63497,$3.7616,$9.754555,High Yield Bonds,2022-02-15,0.35%,$2.74,2025-12-30,$0.43,6.99%,Monthly,1.06%,,0.4,5.57%,2.58%,3.38%,3.71%,Bondbloxx Investment Management Corp.,213,14.94%,19.27%,42.30%,40%,20%,1099,$38.46,$39.23,$39.13,$39.13,72.11,C,,,C,,B+,,4.8,1.44%,13.73%,478.17,0.22%,0.12%
410,XHYF,BondBloxx USD High Yield Bond Financial & REIT Sector ETF,Bond,"$27,604,600","4,121",$37.99,False,False,False,False,-0.24%,1.05%,0.25%,7.94%,9.10%,,$0.0,$0.0,$0.0,-$32.30228,$22.08075,$26.254745,High Yield Bonds,2022-02-15,0.35%,$2.75,2025-12-30,$0.39,7.24%,Monthly,0.99%,,0.44,3.71%,2.80%,2.90%,3.19%,Bondbloxx Investment Management Corp.,271,14.78%,18.77%,38.91%,40%,20%,1099,$37.77,$38.39,,,59.97,C,,,B+,,B+,,4.94,1.91%,14.86%,25.41,0.18%,1.94%
411,XHYI,BondBloxx USD High Yield Bond Industrial Sector ETF,Bond,"$37,507,400","5,032",$38.40,False,False,False,False,-0.19%,1.15%,0.51%,7.43%,8.33%,,$0.0,$0.9566,$0.9566,-$45.349978,$32.905553,$37.045628,High Yield Bonds,2022-02-15,0.35%,$2.69,2025-12-30,$0.41,7.00%,Monthly,1.00%,,0.43,7.54%,2.55%,3.24%,3.07%,Bondbloxx Investment Management Corp.,490,10.24%,13.38%,27.72%,40%,20%,1099,$38.17,$38.61,$38.21,$38.79,62.39,C,,,A-,,B,,6.04,86.36%,32.85%,262.2,8.94%,4.05%
412,OACP,OneAscent Core Plus Bond ETF,Bond,"$223,779,000","29,962",$23.01,False,False,False,False,0.05%,0.03%,0.21%,6.69%,4.09%,,$0.0,$5.765,$5.765,$55.05,$118.756,$209.39,Total Bond Market,2022-03-30,0.74%,$1.01,2026-01-29,$0.08,4.41%,Monthly,0.51%,,0.3,7.80%,2.41%,2.52%,2.62%,Oneascent Holdings LLC,245,19.38%,23.75%,42.37%,40%,20%,1099,$22.95,$23.06,$23.00,$23.04,53.99,B-,,,B,,B+,,,,,,,
413,DBND,DoubleLine Opportunistic Core Bond ETF,Bond,"$635,482,000","60,938",$46.54,False,False,False,False,0.24%,0.22%,0.38%,6.89%,4.59%,,$2.7888,$14.8406,$16.6938,$242.3412,$560.1438,$629.9978,Total Bond Market,2022-03-31,0.50%,$2.21,2025-12-23,$0.20,4.76%,Monthly,0.97%,,0.28,4.17%,1.81%,2.08%,2.34%,Doubleline ETF Holdings LP,"1,007",27.70%,31.16%,45.80%,40%,20%,1099,$46.30,$46.56,$46.47,$46.60,60.16,B,,,B,,B+,,,,,,,
414,TIPD,Northern Trust 2055 Inflation-Linked Distributing Ladder ETF,Bond,"$3,031,500",189,$100.72,True,-2x,False,False,-0.32%,-0.20%,0.24%,,,,$0.0,$0.0,$0.0,$1.021339,$1.021339,$1.021339,Inverse Bonds,2025-08-18,0.10%,$1.88,2025-12-19,$0.50,1.87%,Monthly,,,0.55,3.85%,5.37%,5.04%,5.46%,Northern Trust Corp.,26,52.34%,69.16%,100.00%,40%,20%,1099,$100.28,$101.47,$100.72,$100.72,47.86,,C,,,,,,5.78,72.03%,27.81%,0.0,0.00%,0.00%
415,LQIG,State Street SPDR MarketAxess Investment Grade 400 Corporate Bond ETF,Bond,"$28,819,100","4,106",$96.10,False,False,False,False,-0.15%,-0.02%,0.40%,7.06%,4.72%,,$0.0,$9.59583,$9.59583,-$24.018437,-$2.159814,-$70.623688,Corporate Bonds,2022-05-11,0.09%,$4.90,2025-12-18,$0.40,5.10%,Monthly,2.46%,,0.46,18.66%,4.07%,3.92%,4.17%,State Street,411,6.87%,9.61%,25.75%,40%,20%,1099,$95.57,$96.50,$96.03,$96.18,51.87,C+,,,C,,B+,,6.22,21.47%,38.02%,112.32,16.01%,0.87%
416,MNBD,ALPS Intermediate Municipal Bond ETF,Bond,"$42,363,800","4,446",$26.15,False,False,False,False,0.44%,1.01%,0.99%,5.72%,4.11%,,$0.0,-$1.305,-$1.305,$6.32425,$10.16425,$21.03975,National Munis,2022-05-19,0.50%,$0.87,2026-01-22,$0.08,3.32%,Monthly,0.51%,,0.25,4.38%,2.70%,2.30%,2.21%,SS&C,158,17.85%,24.35%,57.14%,40%,20%,1099,$25.92,$26.17,$26.14,$26.16,66.36,C,,C+,B+,B-,A-,,,,,,,
417,PFRL,PGIM Floating Rate Income ETF,Bond,"$110,761,000","12,702",$49.66,False,False,False,False,-0.30%,0.24%,-0.03%,5.32%,8.75%,,$0.0,$7.4575,$7.4575,$13.025825,$57.506425,$85.938,Total Bond Market,2022-05-17,0.72%,$3.65,2025-12-30,$0.42,7.35%,Monthly,1.14%,,0.18,2.36%,1.18%,1.51%,1.69%,Prudential,348,33.51%,37.27%,54.18%,40%,20%,1099,$49.61,$49.84,$49.57,$49.75,56.41,C+,,,A,,A,,,,,,,
418,XB,BondBloxx B-Rated USD High Yield Corporate Bond ETF,Bond,"$31,799,400","4,621",$39.71,False,False,False,False,-0.03%,1.25%,0.61%,7.33%,8.53%,,$0.0,$0.0,$0.0,$3.94648,$19.714155,$31.683735,High Yield Bonds,2022-05-26,0.30%,$2.99,2025-12-30,$0.49,7.54%,Monthly,1.03%,,0.47,11.26%,1.73%,2.50%,3.13%,Bondbloxx Investment Management Corp.,600,11.10%,13.75%,26.77%,40%,20%,1099,$39.51,$39.80,$39.65,$39.74,68.39,C,,,B,,A-,,5.11,6.70%,16.62%,229.5,5.02%,2.88%
419,XBB,BondBloxx BB-Rated USD High Yield Corporate Bond ETF,Bond,"$382,554,000","160,195",$41.38,False,False,False,False,0.06%,1.00%,0.58%,8.09%,7.80%,,$10.341775,-$27.892428,-$27.892428,$306.509213,$328.570343,$374.651418,High Yield Bonds,2022-05-26,0.20%,$2.43,2025-12-30,$0.40,5.87%,Monthly,1.08%,,0.44,10.48%,2.14%,2.82%,3.97%,Bondbloxx Investment Management Corp.,"1,062",5.79%,7.39%,16.15%,40%,20%,1099,$41.22,$41.45,$41.28,$41.54,63.02,C+,,,B+,,C+,,5.85,79.90%,29.25%,263.93,8.23%,3.75%
420,XCCC,BondBloxx CCC-Rated USD High Yield Corporate Bond ETF,Bond,"$287,329,000","360,443",$38.01,False,False,False,False,-0.86%,1.01%,-0.04%,6.87%,11.31%,,$7.66276,-$1.92539,-$1.92539,$149.880033,$282.879958,$290.917548,High Yield Bonds,2022-05-26,0.40%,$4.19,2025-12-30,$0.74,11.03%,Monthly,1.38%,,0.52,40.42%,3.57%,4.06%,4.99%,Bondbloxx Investment Management Corp.,202,17.92%,23.06%,49.39%,40%,20%,1099,$38.01,$38.44,$37.96,$38.07,51.57,B+,,,C,,A,,5.1,5.98%,16.51%,61.79,1.64%,1.99%
421,LONZ,PIMCO Senior Loan Active Exchange-Traded Fund,Bond,"$486,580,000","110,375",$50.24,False,False,False,False,-0.80%,-0.04%,-0.08%,5.55%,8.46%,,$0.0,$2.041,$2.041,-$472.2648,$336.1574,$399.4464,Corporate Bonds,2022-06-08,0.52%,$3.71,2025-12-31,$0.39,7.38%,Monthly,1.14%,,0.15,3.90%,1.85%,1.48%,1.53%,Allianz Investment Management LLC,247,36.84%,41.68%,61.68%,40%,20%,1099,$50.30,$50.71,$50.09,$50.45,45.46,B,,,A-,,A,,,,,,,
422,JCPI,JPMorgan Inflation Managed Bond ETF,Bond,"$788,591,000","56,449",$48.46,False,False,False,False,0.21%,0.39%,0.56%,6.82%,4.96%,,$0.0,-$21.645,-$21.645,$103.631,-$67.466,-$325.410435,Corporate Bonds,2022-04-08,0.25%,$1.89,2025-12-31,$0.15,3.91%,Monthly,0.96%,,0.27,2.55%,1.96%,2.41%,2.33%,JP Morgan,729,45.79%,48.15%,59.15%,40%,20%,1099,$48.12,$48.46,$48.43,$48.50,58.52,B-,,,B,,C,,6.17,96.61%,36.28%,268.52,2.65%,0.85%
423,MBNE,State Street Nuveen Municipal Bond ESG ETF,Bond,"$11,784,300","2,711",$29.23,False,False,False,False,0.31%,0.67%,0.64%,2.57%,2.63%,,$0.0,-$1.473583,-$1.473583,-$27.763617,-$24.862991,$9.457882,National Munis,2022-04-04,0.43%,$1.06,2025-12-18,$0.09,3.61%,Monthly,0.49%,,0.27,35.99%,1.35%,2.49%,2.07%,State Street,48,36.34%,49.07%,100.00%,40%,20%,1099,$29.06,$29.28,$29.22,$29.24,61.84,C,,,B-,,A-,,,,,,,
424,CLOI,VanEck CLO ETF,Bond,"$1,346,530,000","288,851",$53.04,False,False,False,True,0.08%,0.47%,0.44%,5.56%,7.29%,,$5.29796,$15.89026,$15.89026,$518.20072,"$1,311.72981","$1,336.72976",Corporate Bonds,2022-06-21,0.36%,$2.96,2025-12-29,$0.27,5.58%,Monthly,0.91%,,0.02,0.64%,0.82%,0.81%,0.95%,VanEck,163,23.60%,31.34%,65.17%,40%,20%,1099,$52.70,$53.09,,,75.96,B,,,A-,,A,,,,,,,
425,AGRH,iShares Interest Rate Hedged U.S. Aggregate Bond ETF,Bond,"$5,268,400",779,$26.32,False,False,False,False,-0.09%,0.57%,0.50%,5.94%,5.88%,,$0.0,$0.0,$0.0,-$41.06213,$3.09362,$3.11402,Total Bond Market,2022-06-22,0.13%,$1.21,2025-12-23,$0.10,4.60%,Monthly,0.48%,,0.08,2.20%,1.72%,1.21%,1.17%,"BlackRock, Inc.",3,100.00%,100.00%,100.00%,40%,20%,1099,$26.17,$26.40,$26.32,$26.32,68.38,C,,,A-,,B+,,6.09,49.63%,34.17%,244.35,2.69%,0.73%
426,CPII,American Beacon Ionic Inflation Protection ETF,Bond,"$10,422,500",349,$19.07,False,False,False,False,0.85%,0.85%,0.95%,1.63%,4.11%,,$0.0,$0.0,$0.0,-$1.45097,$1.063048,$11.054203,Government Bonds,2022-06-29,0.70%,$0.54,2025-12-31,$0.05,2.83%,Annually,0.09%,,-0.07,6.24%,1.71%,2.05%,1.82%,"Resolute Investment Managers, Inc.",9,100.00%,100.00%,100.00%,40%,20%,1099,$18.83,$19.02,$19.07,$19.07,69.23,C,,B+,B-,B,A,,5.78,11.02%,27.11%,1.56,0.00%,0.00%
427,IBDX,iShares iBonds Dec 2032 Term Corporate ETF,Bond,"$1,567,940,000","386,497",$25.61,False,False,False,False,0.20%,0.12%,0.31%,8.67%,5.51%,,$12.767943,$53.632885,$56.183626,$568.193238,"$1,477.609973","$1,512.001103",Corporate Bonds,2022-06-28,0.10%,$1.23,2025-12-19,$0.10,4.79%,Monthly,0.70%,,0.45,5.50%,2.62%,2.82%,2.95%,"BlackRock, Inc.",420,9.30%,12.37%,28.04%,40%,20%,1099,$25.49,$25.63,$25.59,$25.63,57.32,B+,,,B-,,B+,,6.5,50.00%,49.27%,261.04,12.72%,3.85%
428,XEMD,BondBloxx JP Morgan USD Emerging Markets 1-10 Year Bond ETF,Bond,"$801,564,000","143,543",$45.04,False,False,False,False,0.07%,0.87%,1.04%,12.73%,10.14%,,$24.754435,$53.822325,$53.822325,$431.609015,$578.78166,$731.886535,Emerging Markets Bonds,2022-06-30,0.29%,$2.74,2025-12-30,$0.21,6.09%,Monthly,1.72%,,0.35,21.88%,4.18%,3.39%,3.98%,Bondbloxx Investment Management Corp.,442,10.72%,13.36%,28.22%,40%,20%,1099,$44.56,$45.11,$45.02,$45.08,63.56,C,A-,,,,,,3.75,15.17%,1.48%,703.5,0.34%,0.03%
429,IRVH,Global X Interest Rate Volatility & Inflation Hedge ETF,Bond,"$1,420,400",475,$20.35,False,False,False,False,0.56%,-0.39%,-0.57%,6.38%,0.56%,,-$0.00004,$0.000177,-$0.000145,-$0.84236,-$1.195304,$2.044703,Inflation-Protected Bonds,2022-07-05,0.45%,$1.00,2025-12-30,$0.35,4.92%,Monthly,0.42%,,0.22,20.95%,5.03%,4.20%,4.39%,"Mirae Asset Global Investments Co., Ltd.",43,46.27%,62.88%,100.00%,40%,20%,1099,$20.18,$20.50,$20.31,$20.38,49.41,C,,,C+,,B,,5.78,72.03%,27.81%,0.0,0.00%,0.00%
430,IBTM,iShares iBonds Dec 2032 Term Treasury ETF,Bond,"$517,749,000","143,605",$23.06,False,False,False,False,0.17%,-0.43%,-0.09%,7.09%,2.66%,,$12.661715,$24.173517,$24.173517,$244.312326,$462.568353,$513.470368,Government Bonds,2022-07-06,0.07%,$0.89,2025-12-19,$0.08,3.87%,Monthly,0.49%,,0.32,7.81%,2.48%,2.81%,3.16%,"BlackRock, Inc.",16,73.83%,98.77%,100.00%,40%,20%,1099,$22.96,$23.15,$23.03,$23.07,50.16,B,,B-,B-,B-,C+,,5.78,89.05%,27.81%,0.0,0.00%,0.00%
431,SIO,Touchstone Strategic Income ETF,Bond,"$232,139,000","20,706",$26.03,False,False,False,False,0.38%,0.59%,0.67%,9.12%,6.88%,,$0.0,$1.94675,$1.94675,$44.935925,$126.326775,$152.50965,Total Bond Market,2022-07-21,0.50%,$1.77,2026-01-29,$0.10,6.80%,Monthly,0.69%,,0.31,8.57%,3.46%,4.31%,4.17%,Western & Southern Mutual Holding Co.,205,31.18%,35.07%,57.65%,40%,20%,1099,$25.84,$26.05,$25.98,$26.09,58.75,C+,,,C+,,A,,6.06,49.57%,33.43%,278.6,4.01%,1.27%
432,TUSI,Touchstone Ultra Short Income ETF,Bond,"$337,922,000","119,990",$25.36,False,False,False,False,-0.10%,0.17%,0.12%,4.59%,5.67%,,$15.234,$39.3265,$39.3265,$231.96985,$284.9991,$298.74975,Total Bond Market,2022-08-04,0.25%,,,,,Monthly,0.36%,,0.17,0.26%,1.00%,0.83%,1.03%,Western & Southern Mutual Holding Co.,221,19.43%,25.62%,54.28%,40%,20%,1099,$25.33,$25.42,$25.35,$25.37,59.91,B+,,C,A,,,,,,,,,
433,UTWO,US Treasury 2 Year Note ETF,Bond,"$403,779,000","61,968",$48.51,False,False,False,False,0.18%,0.18%,0.17%,4.62%,3.84%,,$6.799254,$10.201479,$10.201479,$10.427275,$178.400474,$405.477751,Government Bonds,2022-08-09,0.15%,$1.74,2026-01-29,$0.14,3.58%,Monthly,0.62%,,0.04,2.22%,0.61%,0.73%,0.92%,1251 Capital Group Inc.,2,100.00%,100.00%,100.00%,40%,20%,1099,$48.38,$48.49,$48.50,$48.53,68.7,B-,,C+,B+,B-,C+,,,,,,,
434,TBIL,US Treasury 3 Month Bill ETF,Bond,"$6,304,920,000","1,996,448",$49.88,False,False,False,False,0.09%,0.33%,0.31%,4.19%,4.82%,,$0.0,-$55.434376,-$18.020926,"$1,454.086301","$6,052.299262","$6,288.639409",Government Bonds,2022-08-09,0.15%,$2.01,2026-01-29,$0.16,4.03%,Monthly,0.59%,,0.08,0.06%,0.26%,0.26%,0.26%,F/m Investments,5,100.00%,100.00%,100.00%,40%,20%,1099,$49.73,$49.88,$49.87,$49.89,95.15,A-,,B-,A,A-,B+,,,,,,,
435,UTEN,US Treasury 10 Year Note ETF,Bond,"$272,132,000","61,703",$43.81,False,False,False,False,-0.06%,-0.69%,-0.25%,6.81%,1.87%,,$14.94871,$25.981874,$27.303605,$113.762379,$261.368664,$271.914807,Government Bonds,2022-08-09,0.15%,$1.80,2026-01-29,$0.14,4.12%,Monthly,0.97%,,0.33,12.12%,3.60%,3.78%,4.09%,F/m Investments,2,100.00%,100.00%,100.00%,40%,20%,1099,$43.64,$44.11,,,47.33,C+,,C,C+,C,B,,,,,,,
436,HYGW,iShares High Yield Corporate Bond BuyWrite Strategy ETF,Bond,"$181,573,000","92,486",$30.02,False,False,True,False,0.13%,0.57%,0.54%,5.89%,5.77%,,-$5.249308,-$74.929063,-$74.929063,-$12.957223,$188.084735,$200.253473,High Yield Bonds,2022-08-18,0.69%,$3.74,2025-12-23,$0.24,12.46%,Monthly,0.60%,,0.22,2.50%,1.57%,1.96%,2.51%,"BlackRock, Inc.",2,100.00%,100.00%,100.00%,40%,20%,1099,$29.86,$30.03,,,65.2,B,,,A,,A+,,5.49,16.82%,21.77%,235.88,7.39%,3.00%
437,LQDW,iShares Investment Grade Corporate Bond BuyWrite Strategy ETF,Bond,"$275,944,000",,,False,False,True,False,,,,,,,$5.555925,-$0.60026,-$0.60026,$80.395123,$318.04255,$333.003515,Corporate Bonds,2022-08-18,0.34%,,,,,Monthly,,,,,,,,"BlackRock, Inc.",2,100.00%,100.00%,100.00%,40%,20%,1099,,,,,,,,,,,,,6.5,88.39%,49.26%,160.8,11.86%,2.27%
438,TLTW,iShares 20+ Year Treasury Bond BuyWrite Strategy ETF,Bond,"$1,722,040,000","1,353,513",$22.71,False,False,True,False,-0.83%,-0.57%,0.18%,10.33%,0.60%,,$21.213855,$57.119003,$58.251598,$775.321388,"$2,003.281678","$2,048.490668",Government Bonds,2022-08-18,0.35%,$3.36,2025-12-23,$0.19,14.80%,Monthly,0.85%,,0.54,21.86%,7.89%,7.04%,6.91%,"BlackRock, Inc.",2,100.00%,100.00%,100.00%,40%,20%,1099,$22.60,$23.03,,,46.65,B+,,C+,C+,B,A+,,5.78,38.51%,27.81%,0.0,0.00%,0.00%
439,CSHI,NEOS Enhanced Income 1-3 Month T-Bill ETF,Bond,"$868,538,000","266,957",$49.69,False,False,False,False,0.12%,0.38%,0.32%,4.99%,5.36%,,$5.461589,$63.609555,$63.609555,$344.586032,$862.723489,$872.227154,Government Bonds,2022-08-30,0.39%,$2.74,2026-01-14,$0.20,5.52%,Monthly,0.74%,,0.02,0.32%,0.63%,0.65%,0.87%,Neos Investments LLC,17,80.93%,108.22%,100.00%,40%,20%,1099,$49.51,$49.69,$49.66,$49.72,75.13,B,,,A-,,A,,5.78,38.17%,27.12%,1.56,0.00%,0.00%
440,BNDI,NEOS Enhanced Income Aggregate Bond ETF,Bond,"$140,050,000","19,543",$47.51,False,False,False,False,0.10%,0.02%,0.37%,7.50%,4.31%,,$0.949822,$8.543029,$9.018215,$70.486528,$139.583138,$140.578488,Total Bond Market,2022-08-30,0.58%,$2.94,2026-01-14,$0.23,6.18%,Monthly,1.19%,,0.32,5.07%,3.22%,3.12%,3.03%,Neos Investments LLC,6,100.00%,100.00%,100.00%,40%,20%,1099,$47.29,$47.59,$47.47,$47.56,54.9,C+,,,C+,,A,,6.08,62.43%,33.83%,251.37,2.94%,0.76%
441,BSCW,Invesco BulletShares 2032 Corporate Bond ETF,Bond,"$1,349,850,000","369,378",$20.86,False,False,True,False,0.19%,0.01%,0.30%,8.57%,5.44%,,$6.2433,$75.10185,$75.10185,$564.82695,"$1,302.0036","$1,314.1992",Corporate Bonds,2022-09-08,0.10%,$1.08,2026-01-20,$0.08,5.20%,Monthly,0.56%,,0.4,4.91%,2.30%,2.80%,2.91%,Invesco,321,10.35%,13.96%,32.16%,40%,20%,1099,$20.77,$20.87,$20.84,$20.88,57.28,B,,,B-,,B+,,6.48,48.72%,48.67%,253.59,14.77%,3.93%
442,BSJU,Invesco BulletShares 2030 High Yield Corporate Bond ETF,Bond,"$242,823,000","78,398",$26.15,False,False,True,False,0.11%,0.67%,0.68%,7.60%,8.73%,,$7.8303,$26.1691,$26.1691,$142.5514,$234.2507,$234.2507,High Yield Bonds,2022-09-08,0.42%,$1.84,2026-01-20,$0.14,7.03%,Monthly,0.71%,,0.42,26.03%,1.76%,2.30%,3.13%,Invesco,229,14.75%,19.92%,43.93%,40%,20%,1099,$26.01,$26.18,$26.10,$26.18,63.97,B,,,C+,,B,,5.64,61.24%,24.45%,159.16,4.19%,3.17%
443,TAFI,AB Tax-Aware Short Duration Municipal ETF,Bond,"$1,116,290,000","305,279",$25.36,False,False,False,False,0.08%,0.65%,0.60%,4.29%,3.43%,,$1.26655,$44.284965,$48.064995,$450.58726,"$1,016.94933","$1,078.87749",National Munis,2022-09-14,0.27%,$0.81,2025-12-31,$0.08,3.19%,Monthly,0.35%,,0.11,4.19%,1.00%,0.94%,1.27%,AllianceBernstein Holding,601,8.12%,10.79%,24.88%,40%,20%,1099,$25.23,$25.40,,,68.96,A-,,,A-,,B,,,,,,,
444,YEAR,AB Ultra Short Income ETF,Bond,"$1,457,040,000","204,117",$50.63,False,False,False,False,0.14%,0.32%,0.30%,4.58%,5.21%,,-$5.05899,-$41.665663,$7.55107,$246.06834,"$1,241.92016","$1,294.430533",High Yield Bonds,2022-09-14,0.25%,$2.19,2025-12-31,$0.20,4.32%,Monthly,0.65%,,0.01,0.69%,0.46%,0.52%,0.65%,AllianceBernstein Holding,160,45.81%,52.89%,75.45%,40%,20%,1099,$50.48,$50.61,$50.62,$50.63,78.19,A-,,,A,,C,,6.21,28.99%,37.60%,205.42,2.24%,0.69%
445,XFIV,BondBloxx Bloomberg Five Year Target Duration US Treasury ETF,Bond,"$417,820,000","76,962",$49.46,False,False,False,False,0.20%,-0.31%,-0.04%,6.87%,3.67%,,$0.0,$0.492984,$0.492984,$303.976324,$380.165873,$414.483717,Government Bonds,2022-09-13,0.05%,$2.00,2025-12-30,$0.15,4.05%,Monthly,0.99%,,0.17,10.27%,2.07%,2.41%,2.71%,Bondbloxx Investment Management Corp.,50,34.44%,45.50%,100.00%,40%,20%,1099,$49.26,$49.62,$49.43,$49.49,51.51,C+,,,B,,B,,5.78,10.66%,27.81%,0.0,0.00%,0.00%
446,XHLF,BondBloxx Bloomberg Six Month Target Duration US Treasury ETF,Bond,"$1,971,750,000","514,622",$50.39,False,False,False,False,0.08%,0.59%,0.28%,4.51%,4.83%,,$58.424138,-$26.569938,-$26.569938,$934.478852,"$1,839.965372","$1,963.630978",Government Bonds,2022-09-13,0.03%,$2.16,2025-12-30,$0.32,4.29%,Monthly,0.62%,,0.08,0.54%,0.32%,0.71%,0.54%,Bondbloxx Investment Management Corp.,22,76.97%,92.66%,100.00%,40%,20%,1099,$50.25,$50.39,$50.38,$50.40,92.42,B,,,A-,,B+,,5.78,88.06%,27.81%,0.0,0.00%,0.00%
447,XSVN,BondBloxx Bloomberg Seven Year Target Duration US Treasury ETF,Bond,"$286,268,000","64,519",$47.95,False,False,False,False,0.00%,-0.37%,-0.20%,7.40%,2.83%,,$2.397555,$10.077847,$11.521285,$134.811401,$257.504626,$282.28058,Government Bonds,2022-09-13,0.05%,$2.09,2025-12-30,$0.28,4.35%,Monthly,1.08%,,0.26,10.02%,2.92%,3.21%,3.59%,Bondbloxx Investment Management Corp.,39,72.21%,80.36%,100.00%,40%,20%,1099,$47.78,$48.24,,,49.19,C+,,,B-,,B,,5.78,10.66%,27.81%,0.0,0.00%,0.00%
448,XTEN,BondBloxx Bloomberg Ten Year Target Duration US Treasury ETF,Bond,"$894,891,000","151,963",$46.16,False,False,False,False,-0.24%,-0.36%,-0.13%,6.49%,1.59%,,$0.0,$31.126864,$34.370671,$616.523255,$867.477195,$887.733569,Government Bonds,2022-09-13,0.08%,$2.03,2025-12-30,$0.32,4.40%,Monthly,1.04%,,0.39,11.73%,4.76%,4.64%,4.98%,Bondbloxx Investment Management Corp.,67,37.73%,50.90%,93.65%,40%,20%,1099,$46.02,$46.56,,,48.04,B-,,,C+,,B-,,5.78,89.05%,27.81%,0.0,0.00%,0.00%
449,XTRE,BondBloxx Bloomberg Three Year Target Duration US Treasury ETF,Bond,"$218,380,000","26,056",$49.83,False,False,False,False,0.23%,0.37%,0.14%,6.09%,4.22%,,$0.0,$8.966805,$11.953305,$102.051021,$196.133134,$216.031221,Government Bonds,2022-09-13,0.05%,$2.07,2025-12-30,$0.32,4.16%,Monthly,0.82%,,0.08,3.83%,1.15%,1.53%,1.67%,Bondbloxx Investment Management Corp.,71,23.30%,32.86%,82.44%,40%,20%,1099,$49.66,$49.84,$49.81,$49.84,62.39,C+,,,B+,,B-,,5.78,10.66%,27.81%,0.0,0.00%,0.00%
450,XTWO,BondBloxx Bloomberg Two Year Target Duration US Treasury ETF,Bond,"$168,793,000","21,022",$49.55,False,False,False,False,0.16%,0.47%,0.16%,5.30%,4.37%,,$0.0,$0.989158,$0.989158,$40.10903,$94.559662,$167.71882,Government Bonds,2022-09-13,0.05%,$2.26,2025-12-30,$0.31,4.55%,Monthly,0.71%,,0.03,2.45%,0.57%,1.10%,1.11%,Bondbloxx Investment Management Corp.,91,15.54%,22.40%,65.91%,40%,20%,1099,$49.43,$49.53,$49.54,$49.56,71.69,C+,,,B+,,A-,,5.78,88.06%,27.81%,0.0,0.00%,0.00%
451,XTWY,BondBloxx Bloomberg Twenty Year Target Duration US Treasury ETF,Bond,"$193,407,000","72,690",$37.84,False,False,False,False,-1.07%,-0.89%,0.00%,2.10%,-4.24%,,$0.0,-$19.213221,-$19.213221,$137.311901,$178.633398,$203.994387,Government Bonds,2022-09-13,0.13%,$1.83,2025-12-30,$0.21,4.84%,Monthly,1.02%,,0.75,25.74%,10.48%,9.50%,9.87%,Bondbloxx Investment Management Corp.,53,49.57%,67.50%,99.38%,40%,20%,1099,$37.61,$38.49,$37.80,$37.93,45.81,C+,,,C,,A-,,5.78,89.05%,27.81%,0.0,0.00%,0.00%
452,XONE,BondBloxx Bloomberg One Year Target Duration US Treasury ETF,Bond,"$718,049,000","85,732",$49.66,False,False,False,False,0.10%,0.60%,0.25%,4.71%,4.74%,,$3.471958,$40.655236,$41.6458,$176.857147,$643.74463,$720.059543,Government Bonds,2022-09-13,0.03%,$2.30,2025-12-30,$0.32,4.64%,Monthly,0.63%,,0.08,0.44%,0.29%,0.76%,0.65%,Bondbloxx Investment Management Corp.,53,27.10%,39.06%,98.19%,40%,20%,1099,$49.53,$49.65,$49.65,$49.66,92.24,B,,,A-,,A-,,5.78,88.06%,27.81%,0.0,0.00%,0.00%
453,SDSI,American Century Short Duration Strategic Income ETF,Bond,"$170,664,000","22,576",$51.84,False,False,False,False,0.18%,0.48%,0.50%,6.35%,5.71%,,$0.0,$10.32217,$12.89898,$95.432255,$136.15359,$148.81028,Total Bond Market,2022-10-11,0.32%,$2.53,2025-12-16,$0.26,4.89%,Monthly,0.96%,,0.08,2.34%,1.05%,1.13%,1.37%,American Century Investments,371,24.61%,27.78%,44.31%,40%,20%,1099,$51.55,$51.82,,,70.65,C+,,,A-,,A-,,6.02,32.35%,32.37%,188.45,1.74%,2.23%
454,CGMU,Capital Group Municipal Income ETF,Bond,"$5,046,860,000","855,427",$27.58,False,False,False,False,0.04%,0.80%,0.73%,5.10%,4.13%,,$19.836011,$199.668545,$202.950235,"$2,170.760725","$4,836.627523","$4,893.247518",Government Bonds,2022-10-25,0.27%,$0.84,2025-12-24,$0.09,3.05%,Monthly,0.55%,,0.3,2.45%,1.63%,1.66%,2.09%,The Capital Group Companies,"1,997",5.38%,7.27%,16.97%,40%,20%,1099,$27.42,$27.67,$27.54,$27.61,63.41,A,,C,C,B-,B+,,,,,,,
455,OBIL,US Treasury 12 Month Bill ETF,Bond,"$300,265,000","38,968",$50.18,False,False,False,False,0.10%,0.30%,0.26%,4.23%,4.58%,,$0.0,$3.516005,$3.516005,$26.061601,$284.974027,$298.503378,Government Bonds,2022-11-15,0.15%,$1.91,2026-01-29,$0.15,3.80%,Monthly,0.60%,,0.01,0.50%,0.34%,0.34%,0.42%,F/m Investments,2,100.00%,100.00%,100.00%,40%,20%,1099,$50.04,$50.17,$50.17,$50.19,87.5,C+,,C+,A-,B-,B-,,,,,,,
456,DFSB,Dimensional Global Sustainability Fixed Income ETF,Bond,"$618,408,000","40,638",$52.09,False,False,False,False,0.22%,0.25%,0.56%,5.28%,4.61%,,$0.0,$12.987964,$18.162803,$188.415669,$516.113267,$609.703307,Total Bond Market,2022-11-15,0.24%,$1.79,2025-12-16,$0.63,3.45%,Monthly,0.95%,,0.33,9.34%,2.75%,2.69%,2.67%,Dimensional,659,14.65%,19.08%,39.53%,40%,20%,1099,$51.77,$52.20,$52.05,$52.13,55.55,B-,,,B,,C,,7.0,84.70%,71.07%,12.22,3.05%,1.86%
457,HIYS,Invesco High Yield Select ETF,Bond,"$7,946,600","1,565",$25.70,False,False,False,False,0.00%,0.70%,0.70%,7.10%,7.67%,,$0.0,$0.0,$0.0,-$2.28087,-$2.28087,-$2.28087,High Yield Bonds,2022-12-09,0.48%,$1.82,2026-01-20,$0.13,7.08%,Monthly,0.67%,,0.3,2.19%,1.88%,2.24%,2.73%,Invesco,193,17.79%,23.42%,49.19%,40%,20%,1099,$25.56,$25.75,$25.67,$25.72,63.23,C,,,A-,,B-,,5.43,29.19%,20.85%,339.96,8.92%,1.59%
458,ICLO,Invesco AAA CLO Floating Rate Note ETF,Bond,"$406,388,000","134,544",$25.57,False,False,False,False,0.10%,0.50%,0.48%,5.33%,6.77%,,$0.0,-$20.4832,-$20.4832,$106.56945,$376.9529,$376.9529,,2022-12-09,0.19%,$1.51,2026-01-20,$0.11,5.89%,Monthly,0.43%,,0.04,4.39%,1.12%,1.18%,1.15%,Invesco,155,25.79%,33.14%,66.28%,40%,20%,1099,$25.44,$25.58,$25.56,$25.59,69.78,A-,,C+,,B-,A-,,,,,,,
459,BOXX,Alpha Architect 1-3 Month Box ETF,Bond,"$9,819,000,000","1,702,675",$115.45,False,False,False,False,0.03%,0.34%,0.30%,4.27%,4.76%,,$64.630151,$479.375788,$466.717109,"$4,602.554738","$9,278.185388","$9,334.252333",Government Bonds,2022-12-28,0.19%,$0.00,,,0.00%,Annually,1.36%,,0.02,0.00%,0.22%,0.27%,0.28%,ETF Architect,3,100.00%,100.00%,100.00%,40%,20%,1099,$115.10,$115.53,$115.44,$115.48,92.04,B+,,B-,A,B,C,,,,,,,
460,CLOA,iShares AAA CLO Active ETF,Bond,"$1,455,530,000","437,771",$52.04,False,False,False,False,0.13%,0.64%,0.58%,5.58%,6.86%,,$5.19767,$72.70836,$72.70836,$772.57521,"$1,423.40796","$1,428.43289",Corporate Bonds,2023-01-10,0.20%,$2.77,2025-12-19,$0.23,5.32%,Monthly,0.84%,,0.04,1.56%,0.67%,0.57%,0.66%,"BlackRock, Inc.",367,10.28%,13.94%,33.27%,40%,20%,1099,$51.71,$52.07,$52.03,$52.06,89.1,B+,,,A,,A,,,,,,,
461,CLOZ,Eldridge BBB-B CLO ETF,Bond,"$766,577,000","493,073",$26.78,False,False,False,False,-0.04%,1.09%,1.13%,6.08%,11.15%,,$0.0,$0.0,$0.0,-$21.637,$752.159,$767.180975,Corporate Bonds,2023-01-24,0.50%,$2.02,2025-12-29,$0.16,7.55%,Monthly,0.61%,,0.1,1.42%,2.09%,1.67%,1.98%,Eldridge Industries LLC,201,17.07%,21.67%,46.60%,40%,20%,1099,$26.50,$26.82,$26.72,$26.81,73.25,B+,,B,B,A,A,,,,,,,
462,BBAG,JPMorgan BetaBuilders U.S. Aggregate Bond ETF,Bond,"$1,138,920,000","117,087",$46.52,False,False,False,False,0.06%,-0.02%,0.22%,6.79%,3.22%,-0.49%,-$9.308,-$24.35925,-$24.35925,-$348.3265,-$182.0935,$468.118908,Total Bond Market,2018-12-12,0.03%,$1.99,2025-12-31,$0.19,4.28%,Monthly,0.98%,,0.25,5.71%,2.54%,2.85%,2.91%,JP Morgan,"1,751",10.41%,13.40%,30.26%,40%,20%,1099,$46.33,$46.62,,,53.91,B,,C+,B-,C,C+,,6.01,43.04%,32.29%,248.7,2.84%,0.71%
463,BBCB,JPMorgan BetaBuilders USD Investment Grade Corporate Bond ETF,Bond,"$42,503,800","3,495",$46.00,False,False,False,False,-0.06%,0.09%,0.41%,7.25%,4.73%,,$0.0,$2.294,$2.294,$0.0385,-$20.43525,-$4.34075,Corporate Bonds,2018-12-12,0.04%,$2.30,2025-12-31,$0.19,5.00%,Monthly,1.15%,,0.37,31.58%,3.32%,3.45%,3.37%,JP Morgan,"1,180",5.45%,7.70%,19.90%,40%,20%,1099,$45.76,$46.12,,,54.06,C,,C+,B-,C+,B+,,6.6,63.78%,54.01%,257.75,11.94%,3.44%
464,BBHY,JPMorgan BetaBuilders USD High Yield Corporate Bond ETF,Bond,"$712,480,000","110,829",$46.83,False,False,False,False,0.04%,0.68%,0.71%,7.67%,8.45%,4.25%,$0.0,$11.672,$11.672,-$192.43775,$210.7145,-$186.8385,High Yield Bonds,2016-09-14,0.07%,$3.37,2025-12-31,$0.26,7.19%,Monthly,1.27%,,0.4,5.42%,1.61%,2.23%,2.82%,JP Morgan,"1,605",4.07%,5.30%,12.41%,40%,20%,1099,$46.57,$46.90,$46.76,$46.86,65.82,B+,,B-,B,A-,A,,5.52,45.22%,22.30%,233.7,6.20%,3.16%
465,CVSB,Calvert Ultra-Short Investment Grade ETF,Bond,"$183,096,000","19,590",$50.78,False,False,False,False,-0.16%,0.16%,0.05%,4.68%,,,$0.0,$0.0,$0.0,-$25.3335,$141.920417,$141.920417,Total Bond Market,2023-01-31,0.24%,$2.39,2025-12-23,$0.22,4.71%,Monthly,0.70%,,0.02,1.45%,1.13%,0.92%,0.88%,Morgan Stanley,243,24.57%,29.45%,53.20%,40%,20%,1099,$50.72,$50.91,$50.74,$50.79,56.52,C+,,,A,,A-,,6.49,51.69%,49.05%,90.71,1.05%,1.70%
466,XBIL,US Treasury 6 Month Bill ETF,Bond,"$758,243,000","132,949",$50.06,False,False,False,False,0.07%,0.31%,0.27%,4.15%,,,$0.0,$7.01598,$7.01598,$97.992341,$754.337933,$754.337933,Government Bonds,2023-03-07,0.15%,$1.99,2026-01-29,$0.15,3.97%,Monthly,0.59%,,0.08,0.22%,0.23%,0.25%,0.27%,F/m Investments,4,100.00%,100.00%,100.00%,40%,20%,1099,$49.92,$50.06,$50.05,$50.06,96.64,B,,C+,A,B+,B+,,,,,,,
467,GMUN,Goldman Sachs Access Municipal Bond ETF,Bond,"$10,194,000","1,173",$51.11,False,False,False,False,0.24%,0.89%,0.96%,6.34%,,,$0.0,$0.0,$0.0,$0.0,-$10.04,-$10.04,National Munis,2023-03-07,0.08%,$1.49,2025-12-31,$0.13,2.92%,Monthly,1.13%,,0.23,3.54%,1.43%,1.12%,1.42%,Goldman Sachs,271,8.12%,11.06%,28.65%,40%,20%,1099,$50.76,$51.18,$51.06,$51.14,74.37,C,,,B+,,B-,,,,,,,
468,VTES,Vanguard Short-Term Tax Exempt Bond ETF,Bond,"$1,646,850,000","137,108",$102.32,False,False,False,False,0.18%,0.88%,0.73%,4.39%,,,$10.211,$33.131,$33.131,$962.712,"$1,595.6785","$1,595.6785",,2023-03-07,0.06%,$2.82,2025-12-24,$0.23,2.75%,Monthly,1.42%,,0.13,2.60%,0.94%,0.81%,1.00%,Vanguard,"3,033",3.46%,4.51%,10.24%,40%,20%,1099,$101.65,$102.38,$102.25,$102.37,78.45,A-,,C+,,B-,B+,,,,,,,
469,UFIV,US Treasury 5 Year Note ETF,Bond,"$32,949,500","6,729",$49.13,False,False,False,False,0.23%,-0.22%,0.01%,6.24%,,,$2.950422,$3.448345,$3.448345,-$12.269696,$32.266566,$32.266566,Government Bonds,2023-03-28,0.15%,$1.78,2026-01-29,$0.14,3.61%,Monthly,0.89%,,0.12,3.59%,1.80%,2.19%,2.43%,F/m Investments,2,100.00%,100.00%,100.00%,40%,20%,1099,$48.93,$49.24,$49.10,$49.14,52.94,C+,,C+,B,C+,C+,,,,,,,
470,FXED,Sound Enhanced Fixed Income ETF,Bond,"$42,127,800","8,784",$18.09,False,False,False,False,0.10%,2.16%,1.44%,5.30%,6.61%,4.24%,$0.0,$0.0,$0.0,$1.833595,$17.289798,$43.649238,Total Bond Market,2020-12-30,2.51%,$1.25,2026-01-29,$0.04,6.89%,,0.46%,,0.57,64.00%,3.85%,4.32%,5.65%,Tidal Financial Group,59,28.31%,39.65%,95.65%,40%,20%,1099,$17.80,$18.16,,,62.29,C+,,B,C,B-,A,,5.93,33.48%,30.60%,155.6,2.18%,1.43%
471,BBIB,JPMorgan BetaBuilders U.S. Treasury Bond 3-10 Year ETF,Bond,"$25,773,800",714,$99.33,False,False,False,False,0.20%,-0.26%,-0.01%,6.69%,,,$0.0,$1.49295,$1.49295,$5.67305,$25.588476,$25.588476,Government Bonds,2023-04-19,0.04%,$3.92,2025-12-31,$0.35,3.95%,Monthly,1.95%,,0.15,3.87%,1.94%,2.28%,2.58%,JP Morgan,85,24.08%,33.97%,83.39%,40%,20%,1099,$98.92,$99.63,$99.31,$99.34,52.2,C,,,B,,C,,5.79,11.03%,27.95%,2.5,0.00%,0.00%
472,BBLB,JPMorgan BetaBuilders U.S. Treasury Bond 20+ Year ETF,Bond,"$5,990,000",473,$82.35,False,False,False,False,-0.72%,-0.84%,0.03%,3.41%,,,$0.0,$0.0,$0.0,$0.29055,$10.046976,$10.046976,Government Bonds,2023-04-19,0.04%,$4.14,2025-12-31,$0.41,5.03%,Monthly,1.98%,,0.71,20.76%,8.30%,7.64%,8.08%,JP Morgan,42,39.94%,54.32%,100.00%,40%,20%,1099,$81.90,$83.42,$82.35,$82.35,46.25,C,,,C,,A,,5.79,92.38%,28.06%,2.5,0.00%,0.01%
473,BBSB,JPMorgan BetaBuilders U.S. Treasury Bond 1-3 Year ETF,Bond,"$34,975,100","1,316",$99.35,False,False,False,False,0.22%,0.17%,0.20%,4.90%,,,$0.0,$1.48695,$1.48695,$23.677525,$34.789601,$34.789601,Government Bonds,2023-04-19,0.04%,$3.66,2025-12-31,$0.33,3.68%,Monthly,1.35%,,0.02,0.40%,0.67%,0.77%,0.93%,JP Morgan,93,15.53%,22.33%,64.70%,40%,20%,1099,$99.08,$99.33,,,67.92,C,,,A-,,B-,,5.78,89.55%,27.88%,2.5,0.00%,0.00%
474,HYFI,AB High Yield ETF,Bond,"$312,350,000","30,859",$37.91,False,False,True,False,0.11%,0.69%,0.88%,8.20%,,,$0.0,$1.88645,$4.700428,$122.155345,$235.565648,$235.565648,High Yield Bonds,2023-05-15,0.40%,$2.50,2025-12-31,$0.26,6.60%,Monthly,1.10%,,0.33,28.96%,2.62%,2.75%,3.10%,AllianceBernstein Holding,658,9.27%,12.02%,28.53%,40%,20%,1099,$37.66,$37.94,$37.84,$37.96,62.1,B,,,B-,,B,,5.55,49.52%,22.83%,264.3,6.20%,2.84%
475,BINC,iShares Flexible Income Active ETF,Bond,"$16,366,500,000","1,844,416",$53.13,False,False,False,False,0.23%,0.66%,0.68%,7.27%,,,$219.65862,"$1,117.57516","$1,117.57516","$8,748.230495","$16,166.49792","$16,166.49792",High Yield Bonds,2023-05-19,0.40%,$3.09,2025-12-19,$0.43,5.82%,Monthly,1.20%,,0.17,4.79%,1.49%,1.52%,1.66%,"BlackRock, Inc.","4,029",19.32%,21.49%,29.41%,40%,20%,1099,$52.78,$53.16,$53.10,$53.16,70.43,A,,B-,A,A-,B-,,,,,,,
476,RMIF,LHA Risk-Managed Income ETF,Bond,"$28,120,800","4,500",$24.80,False,False,False,False,-0.31%,0.14%,0.03%,3.52%,,,-$1.991,-$3.110021,-$3.110021,-$7.349903,$28.374591,$28.374591,Total Bond Market,2023-06-09,1.68%,$1.37,2026-01-29,$0.00,5.54%,Annually,0.40%,,0.12,0.87%,1.50%,1.79%,2.41%,Little Harbor Advisors,9,100.00%,100.00%,100.00%,40%,20%,1099,$24.79,$24.92,$24.77,$24.81,51.15,C+,,C+,,C+,A-,,5.48,1.28%,21.64%,220.35,4.63%,2.33%
477,PYLD,PIMCO Multisector Bond Active Exchange-Traded Fund,Bond,"$11,560,500,000","3,660,027",$26.85,False,False,False,False,0.00%,0.44%,0.64%,9.08%,,,$183.4488,"$1,282.3552","$1,312.2256","$8,159.39","$11,292.9444","$11,292.9444",Total Bond Market,2023-06-22,0.64%,$1.66,2025-12-31,$0.13,6.17%,Monthly,0.74%,,0.29,1.16%,1.68%,2.06%,1.95%,Allianz Investment Management LLC,"1,367",47.51%,51.72%,60.92%,40%,20%,1099,$26.71,$26.90,,,63.5,A,,,B+,,A,,,,,,,
478,SCYB,Schwab High Yield Bond ETF,Bond,"$2,231,590,000","924,686",$26.62,False,False,False,False,0.08%,0.72%,0.76%,7.62%,,,$26.63,$172.605,$183.189,"$1,400.476","$2,203.992449","$2,203.992449",High Yield Bonds,2023-07-11,0.03%,$1.85,2025-12-19,$0.15,6.95%,Monthly,0.72%,,0.32,11.74%,1.84%,2.19%,3.03%,The Charles Schwab Corp.,"1,864",3.41%,4.42%,10.12%,40%,20%,1099,$26.48,$26.66,$26.57,$26.65,64.05,A,,,B,,A,,5.57,52.63%,23.10%,233.0,6.43%,3.28%
479,CLOX,Eldridge AAA CLO ETF,Bond,"$290,418,000","125,392",$25.63,False,False,False,False,0.11%,0.33%,0.45%,5.34%,,,$0.0,$0.0,$1.273035,$184.927005,$288.61508,$288.61508,Corporate Bonds,2023-07-19,0.20%,$1.32,2025-12-29,$0.10,5.16%,Monthly,0.42%,,0.03,22.38%,0.39%,0.94%,1.17%,Eldridge Industries LLC,104,18.84%,26.65%,66.52%,40%,20%,1099,$25.49,$25.63,$25.60,$25.64,80.13,B,,,B+,,A-,,,,,,,
480,VETZ,Academy Veteran Bond ETF,Bond,"$88,836,700","11,848",$20.10,False,False,False,False,0.07%,0.48%,0.55%,7.92%,,,$0.0,$0.50162,$0.50162,$13.463538,$86.751965,$86.751965,Mortgage Backed Securities,2023-08-01,0.35%,$1.23,2025-12-30,$0.13,6.11%,Monthly,0.46%,,0.31,11.59%,4.17%,4.16%,4.25%,Tidal Financial Group,129,24.28%,33.26%,70.84%,40%,20%,1099,$19.95,$20.19,$20.07,$20.17,55.95,A-,A-,,,,B-,,,,,,,
481,GOVI,Invesco Equal Weight 0-30 Year Treasury ETF,Bond,"$876,587,000","298,970",$27.47,False,False,True,False,-0.27%,-0.57%,0.01%,4.93%,0.61%,-3.56%,$0.0,-$3.2751,-$3.2751,-$137.21803,$402.3004,$915.80194,Government Bonds,2007-10-11,0.15%,$1.13,2026-01-20,$0.09,4.10%,Monthly,0.55%,,0.34,17.35%,5.05%,4.78%,5.19%,Invesco,32,34.15%,50.86%,100.00%,40%,20%,1099,$27.36,$27.68,,,47.51,B-,,C,C+,C,C,,5.78,19.52%,27.23%,1.56,0.00%,0.00%
482,TBLL,Invesco Short Term Treasury ETF,Bond,"$2,234,870,000","182,603",$105.61,False,False,False,False,0.06%,0.29%,0.27%,4.16%,4.76%,3.12%,-$20.05638,-$12.64371,-$8.41735,$246.4087,"$1,213.74146","$1,445.41577",Government Bonds,2017-01-12,0.08%,$4.64,2026-01-20,$0.33,4.39%,Monthly,1.25%,,0.01,0.58%,0.18%,0.15%,0.17%,Invesco,73,21.29%,31.02%,85.39%,40%,20%,1099,$105.33,$105.63,$105.60,$105.62,99.78,B,,A-,A+,A-,B+,,5.78,22.39%,27.24%,1.56,0.00%,0.00%
483,HYSA,BondBloxx USD High Yield Bond Sector Rotation ETF,Bond,"$31,528,800","14,598",$15.24,False,False,False,False,0.20%,1.35%,0.59%,8.09%,,,-$0.761565,-$0.761565,-$0.761565,$1.160333,$4.13435,-$16.127804,High Yield Bonds,2023-09-18,0.55%,$1.10,2025-12-30,$0.17,7.22%,Monthly,0.41%,,0.3,8.13%,4.06%,3.98%,4.12%,Bondbloxx Investment Management Corp.,9,100.00%,100.00%,100.00%,40%,20%,1099,$15.17,$15.25,$15.17,$15.28,58.56,C+,,,C+,,B,,5.53,47.37%,22.48%,165.21,5.40%,2.81%
484,VSHY,Virtus Newfleet Short Duration High Yield Bond ETF,Bond,"$31,240,800","1,211",$21.90,False,False,False,False,0.13%,0.77%,0.71%,6.48%,8.30%,4.26%,$0.0,$0.0,$0.0,$24.60285,$26.81735,$25.7304,High Yield Bonds,2016-12-05,0.39%,$1.40,2026-01-20,$0.06,6.39%,Monthly,0.52%,,0.34,16.41%,1.42%,2.24%,2.75%,Virtus Investment Partners,170,12.29%,17.95%,53.41%,40%,20%,1099,$21.74,$21.93,$21.90,$21.90,65.11,C,,B,A-,B-,B-,,4.86,1.67%,14.22%,295.5,4.33%,3.06%
485,SMTH,ALPS | Smith Core Plus Bond ETF,Bond,"$2,455,460,000","334,579",$26.02,False,False,False,False,-0.08%,-0.10%,0.15%,6.37%,,,$24.677,$105.917,$105.917,"$1,018.9035","$2,428.41625","$2,428.41625",Total Bond Market,2023-12-06,0.59%,$1.16,2026-01-22,$0.09,4.45%,Monthly,0.55%,,0.15,5.40%,2.37%,2.77%,2.83%,SS&C,902,32.55%,40.09%,58.63%,40%,20%,1099,$25.94,$26.10,,,51.51,A-,,,C+,,B,,5.92,22.06%,30.42%,160.29,7.28%,1.09%
486,CPLS,AB Core Plus Bond ETF,Bond,"$197,513,000","19,841",$35.63,False,False,True,False,-0.02%,-0.01%,0.26%,6.49%,,,$0.0,$1.77352,$1.77352,$151.21353,$170.60679,$170.60679,Total Bond Market,2023-12-13,0.30%,$1.65,2025-12-31,$0.20,4.64%,Monthly,0.77%,,0.17,5.09%,2.38%,2.67%,2.71%,AllianceBernstein Holding,748,33.41%,38.46%,53.20%,40%,20%,1099,$35.52,$35.70,$35.61,$35.66,53.11,B-,,,B-,,B,,5.9,19.12%,30.01%,167.88,3.90%,0.68%
487,EYEG,AB Corporate Bond ETF,Bond,"$26,877,800","2,827",$35.87,False,False,False,False,-0.06%,-0.03%,0.28%,6.75%,,,$0.0,-$0.009625,-$0.009625,$1.735635,$1.75459,$1.75459,Corporate Bonds,2023-12-13,0.30%,$1.77,2025-12-31,$0.19,4.93%,Monthly,0.88%,,0.23,9.20%,3.14%,3.19%,3.34%,AllianceBernstein Holding,353,7.80%,10.29%,27.65%,40%,20%,1099,$35.68,$35.96,$35.87,$35.87,53.39,C,,,C+,,A,,7.26,98.72%,80.28%,154.96,10.13%,2.09%
488,TAFL,AB Tax-Aware Long Municipal ETF,Bond,"$50,106,600","18,254",$25.08,False,False,True,False,0.06%,0.41%,0.36%,3.56%,,,$0.0,$2.498955,$7.489995,$15.010455,$25.094045,$25.094045,National Munis,2023-12-13,0.28%,$1.03,2025-12-31,$0.10,4.09%,Monthly,0.60%,,0.23,9.06%,2.38%,2.46%,2.82%,AllianceBernstein Holding,109,23.00%,33.52%,83.72%,40%,20%,1099,$25.02,$25.20,$25.07,$25.12,54.8,C+,,,C,,A,,,,,,,
489,TAFM,AB Tax-Aware Intermediate Municipal ETF,Bond,"$471,886,000","93,152",$25.63,False,False,False,False,0.31%,0.77%,0.83%,4.66%,,,$1.27787,$16.58724,$19.12817,$318.677265,$438.021795,$438.021795,National Munis,2023-12-13,0.28%,$0.89,2025-12-31,$0.09,3.48%,Monthly,0.52%,,0.19,1.57%,2.04%,2.52%,2.73%,AllianceBernstein Holding,471,8.65%,11.18%,25.73%,40%,20%,1099,$25.48,$25.65,$25.60,$25.66,63.23,B,,,C+,,B+,,,,,,,
490,ZTEN,F/M 10-Year Investment Grade Corporate Bond Etf,Bond,"$28,767,600","1,768",$51.16,False,False,False,False,-0.09%,-0.27%,0.12%,8.52%,,,$0.0,-$0.000624,-$0.000624,-$32.596456,$28.054862,$28.054862,Corporate Bonds,2024-01-10,0.15%,$2.63,2026-01-29,$0.21,5.15%,Monthly,1.49%,,0.25,7.68%,3.64%,3.72%,3.72%,F/m Investments,228,5.59%,7.79%,23.14%,40%,20%,1099,$50.96,$51.35,$51.13,$51.20,52.16,C+,,,C,,A-,,6.57,88.97%,52.50%,383.27,11.59%,3.83%
491,ZTWO,F/M 2-Year Investment Grade Corporate Bond Etf,Bond,"$18,335,700","1,294",$50.85,False,False,False,False,0.24%,0.39%,0.42%,5.45%,,,$0.0,-$2.033948,-$2.033948,-$133.68206,$17.61661,$17.61661,Corporate Bonds,2024-01-10,0.15%,$2.16,2026-01-29,$0.17,4.25%,Monthly,0.78%,,0.03,0.94%,0.83%,0.86%,0.98%,F/m Investments,429,3.58%,4.80%,13.32%,40%,20%,1099,$50.62,$50.81,$50.83,$50.87,74.53,B-,,,A,,B-,,6.66,91.54%,56.63%,237.95,9.04%,5.10%
492,BBBI,BondBloxx BBB Rated 5-10 Year Corporate Bond ETF,Bond,"$133,012,000","35,552",$52.20,False,False,False,False,0.06%,0.37%,0.31%,9.17%,,,$10.43282,$54.766335,$54.766335,$118.78642,$128.9375,$128.9375,Corporate Bonds,2024-01-25,0.19%,$2.75,2025-12-30,$0.40,5.27%,Monthly,1.51%,,0.21,6.13%,2.93%,3.12%,3.15%,Bondbloxx Investment Management Corp.,"1,030",5.38%,6.85%,15.02%,40%,20%,1099,$52.00,$52.28,$52.15,$52.24,57.27,C,,,B,,B+,,6.69,93.38%,58.06%,264.86,10.69%,4.25%
493,BBBL,BondBloxx BBB Rated 10+ Year Corporate Bond ETF,Bond,"$4,881,500",400,$48.72,False,False,False,False,-0.36%,0.60%,0.86%,7.43%,,,$0.0,$0.0,$0.0,-$7.24232,$2.61382,$2.61382,Corporate Bonds,2024-01-25,0.19%,$3.02,2025-12-30,$0.46,6.19%,Monthly,1.55%,,0.45,18.81%,6.52%,6.35%,6.33%,Bondbloxx Investment Management Corp.,787,6.97%,8.77%,18.27%,40%,20%,1099,$48.22,$49.11,$48.72,$48.73,52.86,C,,,C,,A-,,6.39,37.50%,44.98%,240.96,12.56%,3.55%
494,BBBS,BondBloxx BBB Rated 1-5 Year Corporate Bond ETF,Bond,"$154,810,000","38,246",$51.67,False,False,False,False,0.19%,0.78%,0.36%,6.99%,,,$0.0,-$18.030315,-$18.030315,$76.349215,$149.16914,$149.16914,Corporate Bonds,2024-01-25,0.19%,$2.58,2025-12-30,$0.48,4.99%,Monthly,1.02%,,0.07,5.46%,0.92%,1.48%,1.53%,Bondbloxx Investment Management Corp.,"1,247",5.32%,6.76%,13.91%,40%,20%,1099,$51.43,$51.64,$51.64,$51.68,73.68,B-,,,A-,,B-,,6.72,94.12%,59.14%,228.79,11.62%,4.03%
495,DCRE,DoubleLine Commercial Real Estate ETF,Bond,"$344,968,000","27,046",$52.17,False,False,False,False,0.19%,0.54%,0.52%,5.83%,,,$0.0,$4.1592,$4.1592,$114.8902,$333.8658,$333.8658,Real Estate,2023-03-31,0.40%,$2.51,2025-12-23,$0.20,4.82%,Monthly,0.86%,,0.04,0.21%,0.82%,0.78%,0.88%,Doubleline ETF Holdings LP,249,17.11%,21.50%,47.79%,40%,20%,1099,$51.91,$52.21,$52.14,$52.20,74.07,B,,,A+,,A-,,,,,,,
496,JLQD,Janus Henderson Corporate Bond ETF,Bond,"$25,290,000",452,$42.03,False,False,False,False,-0.34%,-0.08%,0.12%,6.95%,5.14%,,$0.0,$0.0,$0.0,-$6.204,-$6.204,$2.59505,Corporate Bonds,2021-09-08,0.20%,$2.22,2025-12-22,$0.19,5.28%,Monthly,1.06%,,0.38,13.81%,2.63%,2.72%,2.70%,Janus Henderson,143,18.59%,24.59%,58.18%,40%,20%,1099,$41.93,$42.26,$42.02,$42.05,50.12,C,,C+,B-,C+,A-,,6.07,13.14%,33.59%,323.64,6.92%,4.48%
497,SYFI,AB Short Duration High Yield ETF,Bond,"$875,605,000","105,284",$36.09,False,False,True,False,-0.06%,0.46%,0.45%,6.26%,,,$3.60403,$6.296935,$11.67157,$68.508675,$179.941323,$179.941323,High Yield Bonds,2024-06-10,0.40%,$2.23,2025-12-31,$0.19,6.17%,Monthly,0.83%,,0.19,7.79%,1.22%,1.78%,2.59%,AllianceBernstein Holding,550,11.37%,14.90%,34.44%,40%,20%,1099,$35.90,$36.14,,,66.06,B+,,,B+,,C+,,5.68,43.06%,25.06%,245.71,5.43%,2.69%
498,SDFI,AB Short Duration Income ETF,Bond,"$155,436,000","21,489",$35.89,False,False,False,False,0.14%,0.22%,0.27%,5.98%,,,$0.0,$1.788995,$3.576385,$58.874935,$51.782145,$51.782145,Total Bond Market,2024-06-10,0.30%,$1.67,2025-12-31,$0.16,4.65%,Monthly,0.63%,,0.05,1.65%,0.97%,1.25%,1.33%,AllianceBernstein Holding,509,18.45%,23.16%,39.42%,40%,20%,1099,$35.78,$35.89,$35.87,$35.91,64.65,B-,,,B+,,A-,,6.18,26.09%,36.74%,216.29,6.46%,0.95%
499,FLXR,TCW Flexible Income ETF,Bond,"$2,599,450,000","377,265",$39.75,False,False,False,False,0.08%,0.43%,0.38%,7.80%,,,$17.052504,$129.057282,$133.797702,"$1,967.544593","$2,168.848934","$2,168.848934",Total Bond Market,2024-06-24,0.40%,$2.24,2025-12-17,$0.20,5.64%,Monthly,0.92%,,0.1,1.98%,1.20%,1.60%,1.88%,"The TCW Group, Inc.","1,442",19.68%,23.81%,37.59%,40%,20%,1099,$39.60,$39.79,$39.72,$39.79,63.22,A-,,,A-,,A,,,,,,,
500,CGHM,Capital Group Municipal High-Income ETF,Bond,"$2,618,440,000","377,352",$25.52,False,False,False,False,-0.22%,0.28%,0.16%,3.63%,,,$5.108275,$116.048295,$116.048295,"$2,418.662315","$2,503.485515","$2,503.485515",National Munis,2024-06-25,0.34%,$0.84,2025-12-24,$0.11,3.30%,Monthly,0.61%,,0.25,5.19%,2.08%,1.96%,2.41%,The Capital Group Companies,"3,296",6.00%,7.82%,17.58%,40%,20%,1099,$25.49,$25.67,$25.50,$25.57,50.5,A,,,B-,,A-,,,,,,,
501,MMKT,Texas Capital Government Money Market ETF,Bond,"$75,180,000","10,959",$100.22,False,False,False,False,0.01%,0.21%,0.19%,3.92%,,,$0.0,$5.01475,$5.01475,$25.055,$72.6245,$72.6245,Money Market,2024-09-24,0.20%,$3.85,2026-01-23,$0.09,3.84%,,1.13%,,-0.04,0.00%,0.21%,0.24%,0.26%,"Texas Capital Bancshares, Inc.",34,87.09%,101.29%,126.67%,40%,20%,1099,$100.00,$100.29,$100.21,$100.23,83.97,A+,,,A+,,A,,5.79,61.40%,27.90%,1.56,0.00%,0.00%
502,SOFR,Amplify Samsung SOFR ETF,Bond,"$380,464,000","6,806",$100.17,False,False,False,False,0.08%,0.35%,0.28%,4.20%,,,$2.00733,$17.04003,$18.041237,$120.297668,$379.82443,$379.82443,Total Bond Market,2023-11-15,0.20%,$4.17,2026-01-29,$0.30,4.16%,Monthly,1.18%,,0.09,0.00%,0.40%,0.33%,0.98%,Amplify Investments,2,100.00%,100.00%,100.00%,40%,20%,1099,$99.84,$100.20,$100.14,$100.19,81.28,B-,,C+,,C+,A-,,5.0,15.69%,15.45%,1.56,0.00%,0.00%
503,EDGF,3EDGE Dynamic Fixed Income ETF,Bond,"$300,898,000","92,965",$24.62,False,False,True,False,-0.16%,-0.15%,-0.12%,3.76%,,,$0.067107,$6.880601,$7.945094,$168.563093,$303.147031,$303.147031,Total Bond Market,2024-10-03,0.79%,$0.89,2025-12-30,$0.33,3.61%,Quarterly,0.31%,,-0.29,4.58%,2.40%,2.11%,2.11%,3EDGE Asset Management LP,9,100.00%,100.00%,100.00%,40%,20%,1099,$24.59,$24.72,$24.58,$24.70,47.16,B+,,,A-,,C,,5.78,21.30%,27.12%,1.56,0.00%,0.00%
504,HYBI,NEOS Enhanced Income Credit Select ETF,Bond,"$200,533,000","24,329",$50.33,False,False,False,False,0.00%,-0.03%,0.01%,3.68%,,,$1.510041,$3.531361,$6.045111,$65.770765,$70.422353,$70.422353,Total Bond Market,2024-09-30,0.68%,$3.24,2025-10-22,$0.35,6.44%,Monthly,1.03%,,-0.44,18.42%,3.49%,3.56%,3.73%,Neos Investments LLC,7,100.00%,100.00%,100.00%,40%,20%,1099,$50.11,$50.64,$50.27,$50.37,48.7,B-,,,B+,,A-,,5.51,19.61%,22.07%,236.47,6.42%,3.01%
505,TLTP,Amplify TLT U.S. Treasury 12% Option Income ETF,Bond,"$26,907,600","16,994",$21.93,False,False,False,False,-0.54%,-0.08%,0.49%,5.19%,,,$0.667422,$1.771731,$1.771731,$21.130611,$28.360371,$28.360371,Government Bonds,2024-10-29,0.38%,$2.75,2026-01-29,$0.22,12.53%,Monthly,0.52%,,0.58,18.09%,6.42%,6.05%,6.31%,Amplify Investments,5,100.00%,100.00%,100.00%,40%,20%,1099,$21.71,$22.12,,,50.24,C,,,C+,,A,,5.78,15.71%,27.11%,1.56,0.00%,0.00%
506,TLTI,NEOS Enhanced Income 20+ Year Treasury Bond ETF,Bond,"$10,615,400","5,751",$45.89,False,False,False,False,-0.81%,-0.83%,0.11%,3.50%,,,$0.0,$0.927234,$1.848804,$9.891195,$10.891145,$10.891145,Government Bonds,2024-12-11,0.58%,$3.15,2026-01-14,$0.23,6.87%,Monthly,1.14%,,0.87,14.44%,8.28%,7.69%,7.83%,Neos Investments LLC,5,100.00%,100.00%,100.00%,40%,20%,1099,$45.65,$46.50,,,46.22,C,,,C,,A,,5.78,14.76%,27.09%,1.56,0.00%,0.00%
507,HIMU,iShares High Yield Muni Active ETF,Bond,"$2,488,160,000","272,770",$49.09,False,False,False,False,0.39%,0.88%,0.84%,,,,$37.143358,$102.536944,$105.448948,-$283.28581,-$283.28581,-$283.28581,High Yield Bonds,2025-02-07,0.42%,$2.22,2025-12-19,$0.23,4.53%,Monthly,,,0.43,0.10%,2.94%,2.45%,3.13%,"BlackRock, Inc.",917,16.65%,20.11%,35.87%,40%,20%,1099,$48.77,$49.23,$49.02,$49.13,60.33,A-,,,C,,C,,,,,,,
508,RBIL,F/m Ultrashort Treasury Inflation-Protected Security (TIPS) ETF,Bond,"$43,223,500","20,686",$49.76,False,False,False,False,0.17%,0.37%,0.37%,,,,$0.0,$0.001679,$0.001679,$43.551097,$43.551097,$43.551097,Inflation-Protected Bonds,2025-02-24,0.17%,$1.90,2026-01-16,$0.09,3.83%,Monthly,,,-0.11,0.04%,0.50%,0.48%,0.50%,1251 Capital Group Inc.,6,100.00%,100.00%,100.00%,40%,20%,1099,$49.58,$49.74,$49.75,$49.77,76.49,B-,,,A+,,C,,,,,,,
509,PRIV,SPDR SSGA IG Public & Private Credit ETF,Bond,"$100,632,000","95,873",$25.48,False,False,False,False,0.14%,0.00%,0.24%,,,,$0.0,$3.822071,$3.822071,$48.339323,$48.339323,$48.339323,Total Bond Market,2025-02-26,0.70%,$0.95,2025-12-18,$0.10,3.74%,Monthly,,,0.28,4.09%,2.21%,2.64%,2.70%,State Street,195,41.40%,50.42%,76.95%,40%,20%,1099,$25.38,$25.52,$25.45,$25.51,55.01,B+,,,B,,C,,,,,,,
510,BMAX,REX Bitcoin Corporate Treasury Convertible Bond ETF,Bond,"$13,657,300","3,600",$23.66,False,False,False,False,-1.83%,2.19%,2.68%,,,,$0.0,$0.0,$0.0,$0.0,$0.0,$0.0,Corporate Bonds,2025-03-14,1.14%,$0.00,,,0.00%,,,,-1.94,67.99%,33.28%,30.45%,26.69%,Rex Financial LLC,14,98.80%,100.00%,100.00%,40%,20%,1099,$23.01,$24.98,$23.19,$23.90,46.63,C+,,,C,,C,,5.43,3.33%,20.78%,465.29,0.00%,0.00%
511,VCRM,Vanguard Core Tax-Exempt Bond ETF,Bond,"$917,959,000","140,600",$76.13,False,False,False,False,0.30%,0.82%,0.74%,5.07%,,,$24.2934,$91.0832,$94.1072,$821.9502,$860.7622,$860.7622,National Munis,2024-11-21,0.12%,$2.59,2025-12-18,$0.24,3.40%,Monthly,1.70%,,0.3,1.46%,1.86%,1.69%,2.19%,Vanguard,"1,774",11.40%,13.54%,25.12%,40%,20%,1099,$75.68,$76.18,$76.05,$76.20,67.87,B+,,,B-,,C+,,,,,,,
512,VSDM,Vanguard Short Duration Tax-Exempt Bond ETF,Bond,"$412,238,000","62,103",$77.01,False,False,False,False,0.21%,0.83%,0.74%,5.49%,,,$7.6868,$56.8084,$61.3936,$358.979,$366.4948,$366.4948,National Munis,2024-11-05,0.12%,$2.33,2025-12-18,$0.20,3.03%,Monthly,1.30%,,0.16,4.70%,0.83%,0.85%,1.10%,Vanguard,"1,882",4.51%,6.36%,16.66%,40%,20%,1099,$76.51,$77.13,$77.00,$77.04,80.45,C+,,,A-,,C,,,,,,,
513,ZTOP,F/m High Yield 100 ETF,Bond,"$17,821,300","2,487",$52.41,False,False,True,False,-0.11%,0.68%,0.60%,,,,-$2.62078,-$1.575526,-$1.575526,$17.345787,$17.345787,$17.345787,High Yield Bonds,2025-04-14,0.39%,$2.42,2026-01-16,$0.13,4.63%,Monthly,,,-0.35,1.85%,1.71%,1.89%,2.67%,1251 Capital Group Inc.,100,12.24%,17.29%,52.11%,40%,20%,1099,$52.16,$52.54,$52.41,$52.41,64.72,C+,,,A-,,C,,5.4,26.56%,20.27%,326.45,7.93%,1.86%
514,ACVT,Advent Convertible Bond ETF,Bond,"$28,428,500",833,$26.95,False,False,True,False,-0.23%,0.39%,0.83%,,,,$0.0,$0.808595,$0.808595,$26.549416,$26.549416,$26.549416,Preferred Stock/Convertible Bonds,2025-04-30,0.65%,$0.36,2026-01-29,$0.04,1.33%,Monthly,,,0.41,8.31%,4.89%,4.61%,4.85%,Advent Capital Management LLC,66,29.85%,40.03%,85.72%,40%,20%,1099,$26.82,$27.17,,,52.08,C,,,,,C,,6.17,3.57%,36.44%,53.52,2.02%,4.38%
515,RAAA,Reckoner Yield Enhanced AAA CLO ETF,Bond,"$27,682,300","5,610",$25.16,False,False,False,False,0.14%,0.62%,0.68%,,,,$0.0,$0.0,$0.0,$27.465845,$27.465845,$27.465845,Leveraged Bonds,2025-07-09,0.30%,$0.67,2025-12-23,$0.13,2.68%,Monthly,,,-0.16,1.84%,1.63%,1.50%,1.31%,Reckoner Capital Management LLC,29,72.54%,108.75%,100.00%,40%,20%,1099,$25.00,$25.19,$25.14,$25.19,70.72,,,,,,B-,,,,,,,
516,CAM,AB California Intermediate Municipal ETF,Bond,"$1,122,160,000",,,False,False,False,False,,,,,,,$1.26211,-$0.042315,$3.71991,$25.03269,$25.03269,$25.03269,California Munis,2025-10-03,0.27%,,,,,Monthly,,,,,,,,AllianceBernstein LP,396,16.24%,21.00%,44.06%,40%,20%,1099,,,,,,,,,,,,,,,,,,
517,RCLO,Reckoner BBB-B CLO ETF,Bond,"$27,733,900",,,False,False,False,False,,,,,,,$0.0,$0.0,$0.0,$27.499975,$27.499975,$27.499975,Corporate Bonds,2025-10-22,0.50%,,,,,Monthly,,,,,,,,Reckoner Capital Management LLC,24,51.50%,69.66%,100.00%,40%,20%,1099,,,,,,,,,,,,,,,,,,
