,Date,DGS10
0,1962-01-02,4.06
1,1962-01-03,4.03
2,1962-01-04,3.99
3,1962-01-05,4.02
4,1962-01-08,4.03
5,1962-01-09,4.05
6,1962-01-10,4.07
7,1962-01-11,4.08
8,1962-01-12,4.08
9,1962-01-15,4.1
10,1962-01-16,4.13
11,1962-01-17,4.12
12,1962-01-18,4.11
13,1962-01-19,4.11
14,1962-01-22,4.09
15,1962-01-23,4.11
16,1962-01-24,4.1
17,1962-01-25,4.11
18,1962-01-26,4.11
19,1962-01-29,4.12
20,1962-01-30,4.11
21,1962-01-31,4.1
22,1962-02-01,4.09
23,1962-02-02,4.08
24,1962-02-05,4.07
25,1962-02-06,4.06
26,1962-02-07,4.07
27,1962-02-08,4.07
28,1962-02-09,4.05
29,1962-02-13,4.03
30,1962-02-14,4.03
31,1962-02-15,4.02
32,1962-02-16,4.02
33,1962-02-19,4.01
34,1962-02-20,4.05
35,1962-02-21,4.03
36,1962-02-23,4.02
37,1962-02-26,4.0
38,1962-02-27,4.01
39,1962-02-28,4.0
40,1962-03-01,3.98
41,1962-03-02,3.98
42,1962-03-05,4.0
43,1962-03-06,4.01
44,1962-03-07,4.0
45,1962-03-08,3.98
46,1962-03-09,3.96
47,1962-03-12,3.94
48,1962-03-13,3.92
49,1962-03-14,3.93
50,1962-03-15,3.96
51,1962-03-16,3.96
52,1962-03-19,3.93
53,1962-03-20,3.91
54,1962-03-21,3.86
55,1962-03-22,3.83
56,1962-03-23,3.87
57,1962-03-26,3.89
58,1962-03-27,3.9
59,1962-03-28,3.9
60,1962-03-29,3.9
61,1962-03-30,3.86
62,1962-04-02,3.86
63,1962-04-03,3.83
64,1962-04-04,3.78
65,1962-04-05,3.84
66,1962-04-06,3.81
67,1962-04-09,3.83
68,1962-04-10,3.83
69,1962-04-11,3.87
70,1962-04-12,3.86
71,1962-04-13,3.85
72,1962-04-16,3.83
73,1962-04-17,3.82
74,1962-04-18,3.81
75,1962-04-19,3.82
76,1962-04-23,3.86
77,1962-04-24,3.87
78,1962-04-25,3.88
79,1962-04-26,3.89
80,1962-04-27,3.86
81,1962-04-30,3.86
82,1962-05-01,3.85
83,1962-05-02,3.86
84,1962-05-03,3.86
85,1962-05-04,3.87
86,1962-05-07,3.86
87,1962-05-08,3.85
88,1962-05-09,3.82
89,1962-05-10,3.83
90,1962-05-11,3.82
91,1962-05-14,3.85
92,1962-05-15,3.87
93,1962-05-16,3.86
94,1962-05-17,3.87
95,1962-05-18,3.93
96,1962-05-21,3.94
97,1962-05-22,3.93
98,1962-05-23,3.91
99,1962-05-24,3.9
100,1962-05-25,3.88
101,1962-05-28,3.87
102,1962-05-29,3.89
103,1962-05-31,3.9
104,1962-06-01,3.89
105,1962-06-04,3.88
106,1962-06-05,3.89
107,1962-06-06,3.89
108,1962-06-07,3.87
109,1962-06-08,3.86
110,1962-06-11,3.87
111,1962-06-12,3.86
112,1962-06-13,3.87
113,1962-06-14,3.9
114,1962-06-15,3.89
115,1962-06-18,3.91
116,1962-06-19,3.93
117,1962-06-20,3.92
118,1962-06-21,3.9
119,1962-06-22,3.9
120,1962-06-25,3.95
121,1962-06-26,3.97
122,1962-06-27,3.96
123,1962-06-28,3.98
124,1962-06-29,4.0
125,1962-07-02,4.0
126,1962-07-03,4.0
127,1962-07-05,4.0
128,1962-07-06,4.02
129,1962-07-09,4.05
130,1962-07-10,4.02
131,1962-07-11,3.99
132,1962-07-12,4.0
133,1962-07-13,4.0
134,1962-07-16,4.01
135,1962-07-17,4.03
136,1962-07-18,4.02
137,1962-07-19,4.02
138,1962-07-20,4.01
139,1962-07-23,4.0
140,1962-07-24,4.01
141,1962-07-25,4.02
142,1962-07-26,4.01
143,1962-07-27,4.02
144,1962-07-30,4.03
145,1962-07-31,4.04
146,1962-08-01,4.03
147,1962-08-02,4.0
148,1962-08-03,4.01
149,1962-08-06,4.01
150,1962-08-07,4.02
151,1962-08-08,4.01
152,1962-08-09,3.99
153,1962-08-10,3.99
154,1962-08-13,3.99
155,1962-08-14,3.98
156,1962-08-15,3.98
157,1962-08-16,3.96
158,1962-08-17,3.96
159,1962-08-20,3.94
160,1962-08-21,3.94
161,1962-08-22,3.95
162,1962-08-23,3.95
163,1962-08-24,3.95
164,1962-08-27,3.95
165,1962-08-28,3.96
166,1962-08-29,3.96
167,1962-08-30,3.95
168,1962-08-31,3.96
169,1962-09-04,3.96
170,1962-09-05,3.97
171,1962-09-06,3.99
172,1962-09-07,4.01
173,1962-09-10,4.0
174,1962-09-11,4.0
175,1962-09-12,4.0
176,1962-09-13,3.99
177,1962-09-14,3.99
178,1962-09-17,3.99
179,1962-09-18,3.98
180,1962-09-19,3.99
181,1962-09-20,3.98
182,1962-09-21,3.98
183,1962-09-24,3.97
184,1962-09-25,3.96
185,1962-09-26,3.95
186,1962-09-27,3.95
187,1962-09-28,3.94
188,1962-10-01,3.93
189,1962-10-02,3.92
190,1962-10-03,3.9
191,1962-10-04,3.9
192,1962-10-05,3.92
193,1962-10-08,3.93
194,1962-10-09,3.95
195,1962-10-10,3.93
196,1962-10-11,3.94
197,1962-10-15,3.94
198,1962-10-16,3.94
199,1962-10-17,3.94
200,1962-10-18,3.92
201,1962-10-19,3.88
202,1962-10-22,3.91
203,1962-10-23,3.94
204,1962-10-24,3.94
205,1962-10-25,3.94
206,1962-10-26,3.93
207,1962-10-29,3.92
208,1962-10-30,3.92
209,1962-10-31,3.92
210,1962-11-01,3.92
211,1962-11-02,3.91
212,1962-11-05,3.91
213,1962-11-07,3.91
214,1962-11-08,3.9
215,1962-11-09,3.89
216,1962-11-13,3.9
217,1962-11-14,3.91
218,1962-11-15,3.91
219,1962-11-16,3.93
220,1962-11-19,3.93
221,1962-11-20,3.93
222,1962-11-21,3.92
223,1962-11-23,3.92
224,1962-11-26,3.93
225,1962-11-27,3.92
226,1962-11-28,3.92
227,1962-11-29,3.92
228,1962-11-30,3.92
229,1962-12-03,3.93
230,1962-12-04,3.94
231,1962-12-05,3.93
232,1962-12-06,3.92
233,1962-12-07,3.91
234,1962-12-10,3.9
235,1962-12-11,3.89
236,1962-12-12,3.88
237,1962-12-13,3.88
238,1962-12-14,3.87
239,1962-12-17,3.85
240,1962-12-18,3.83
241,1962-12-19,3.84
242,1962-12-20,3.83
243,1962-12-21,3.81
244,1962-12-24,3.79
245,1962-12-26,3.79
246,1962-12-27,3.81
247,1962-12-28,3.84
248,1962-12-31,3.85
249,1963-01-02,3.82
250,1963-01-03,3.81
251,1963-01-04,3.84
252,1963-01-07,3.83
253,1963-01-08,3.81
254,1963-01-09,3.82
255,1963-01-10,3.81
256,1963-01-11,3.8
257,1963-01-14,3.81
258,1963-01-15,3.8
259,1963-01-16,3.8
260,1963-01-17,3.82
261,1963-01-18,3.84
262,1963-01-21,3.85
263,1963-01-22,3.86
264,1963-01-23,3.86
265,1963-01-24,3.86
266,1963-01-25,3.85
267,1963-01-28,3.86
268,1963-01-29,3.86
269,1963-01-30,3.86
270,1963-01-31,3.87
271,1963-02-01,3.88
272,1963-02-04,3.89
273,1963-02-05,3.9
274,1963-02-06,3.91
275,1963-02-07,3.91
276,1963-02-08,3.91
277,1963-02-11,3.92
278,1963-02-13,3.92
279,1963-02-14,3.91
280,1963-02-15,3.91
281,1963-02-18,3.91
282,1963-02-19,3.93
283,1963-02-20,3.94
284,1963-02-21,3.95
285,1963-02-25,3.95
286,1963-02-26,3.95
287,1963-02-27,3.95
288,1963-02-28,3.94
289,1963-03-01,3.93
290,1963-03-04,3.92
291,1963-03-05,3.92
292,1963-03-06,3.91
293,1963-03-07,3.92
294,1963-03-08,3.92
295,1963-03-11,3.92
296,1963-03-12,3.92
297,1963-03-13,3.92
298,1963-03-14,3.92
299,1963-03-15,3.92
300,1963-03-18,3.92
301,1963-03-19,3.92
302,1963-03-20,3.92
303,1963-03-21,3.92
304,1963-03-22,3.93
305,1963-03-25,3.94
306,1963-03-26,3.96
307,1963-03-27,3.96
308,1963-03-28,3.96
309,1963-03-29,3.95
310,1963-04-01,3.95
311,1963-04-02,3.96
312,1963-04-03,3.96
313,1963-04-04,3.95
314,1963-04-05,3.95
315,1963-04-08,3.97
316,1963-04-09,3.98
317,1963-04-10,4.0
318,1963-04-11,4.0
319,1963-04-15,4.01
320,1963-04-16,4.0
321,1963-04-17,4.0
322,1963-04-18,3.99
323,1963-04-19,3.97
324,1963-04-22,3.97
325,1963-04-23,3.97
326,1963-04-24,3.96
327,1963-04-25,3.95
328,1963-04-26,3.95
329,1963-04-29,3.95
330,1963-04-30,3.95
331,1963-05-01,3.94
332,1963-05-02,3.94
333,1963-05-03,3.93
334,1963-05-06,3.92
335,1963-05-07,3.91
336,1963-05-08,3.92
337,1963-05-09,3.93
338,1963-05-10,3.93
339,1963-05-13,3.92
340,1963-05-14,3.91
341,1963-05-15,3.91
342,1963-05-16,3.9
343,1963-05-17,3.92
344,1963-05-20,3.93
345,1963-05-21,3.92
346,1963-05-22,3.92
347,1963-05-23,3.93
348,1963-05-24,3.95
349,1963-05-27,3.95
350,1963-05-28,3.96
351,1963-05-29,3.96
352,1963-05-31,3.96
353,1963-06-03,3.98
354,1963-06-04,3.98
355,1963-06-05,3.98
356,1963-06-06,3.99
357,1963-06-07,3.99
358,1963-06-10,3.99
359,1963-06-11,3.98
360,1963-06-12,3.99
361,1963-06-13,3.99
362,1963-06-14,3.99
363,1963-06-17,4.0
364,1963-06-18,4.0
365,1963-06-19,4.0
366,1963-06-20,4.0
367,1963-06-21,4.0
368,1963-06-24,4.0
369,1963-06-25,4.0
370,1963-06-26,4.0
371,1963-06-27,4.0
372,1963-06-28,4.0
373,1963-07-01,4.01
374,1963-07-02,4.03
375,1963-07-03,4.03
376,1963-07-05,4.04
377,1963-07-08,4.05
378,1963-07-09,4.04
379,1963-07-10,4.03
380,1963-07-11,4.04
381,1963-07-12,4.03
382,1963-07-15,4.02
383,1963-07-16,4.02
384,1963-07-17,4.03
385,1963-07-18,4.02
386,1963-07-19,4.02
387,1963-07-22,4.02
388,1963-07-23,4.02
389,1963-07-24,4.01
390,1963-07-25,4.01
391,1963-07-26,3.99
392,1963-07-29,3.99
393,1963-07-30,4.0
394,1963-07-31,4.0
395,1963-08-01,3.99
396,1963-08-02,3.99
397,1963-08-05,3.99
398,1963-08-06,4.0
399,1963-08-07,4.01
400,1963-08-08,4.0
401,1963-08-09,4.0
402,1963-08-12,4.01
403,1963-08-13,4.02
404,1963-08-14,4.02
405,1963-08-15,4.01
406,1963-08-16,4.0
407,1963-08-19,3.99
408,1963-08-20,3.99
409,1963-08-21,4.0
410,1963-08-22,4.0
411,1963-08-23,4.0
412,1963-08-26,4.0
413,1963-08-27,4.0
414,1963-08-28,4.0
415,1963-08-29,4.01
416,1963-08-30,4.02
417,1963-09-03,4.03
418,1963-09-04,4.04
419,1963-09-05,4.08
420,1963-09-06,4.09
421,1963-09-09,4.09
422,1963-09-10,4.09
423,1963-09-11,4.09
424,1963-09-12,4.09
425,1963-09-13,4.09
426,1963-09-16,4.09
427,1963-09-17,4.09
428,1963-09-18,4.08
429,1963-09-19,4.08
430,1963-09-20,4.07
431,1963-09-23,4.07
432,1963-09-24,4.08
433,1963-09-25,4.08
434,1963-09-26,4.08
435,1963-09-27,4.07
436,1963-09-30,4.07
437,1963-10-01,4.07
438,1963-10-02,4.07
439,1963-10-03,4.07
440,1963-10-04,4.08
441,1963-10-07,4.08
442,1963-10-08,4.09
443,1963-10-09,4.1
444,1963-10-10,4.1
445,1963-10-11,4.1
446,1963-10-14,4.1
447,1963-10-15,4.11
448,1963-10-16,4.11
449,1963-10-17,4.12
450,1963-10-18,4.12
451,1963-10-21,4.12
452,1963-10-22,4.11
453,1963-10-23,4.12
454,1963-10-24,4.11
455,1963-10-25,4.12
456,1963-10-28,4.12
457,1963-10-29,4.13
458,1963-10-30,4.14
459,1963-10-31,4.15
460,1963-11-01,4.15
461,1963-11-04,4.15
462,1963-11-06,4.17
463,1963-11-07,4.17
464,1963-11-08,4.16
465,1963-11-12,4.16
466,1963-11-13,4.15
467,1963-11-14,4.12
468,1963-11-15,4.11
469,1963-11-18,4.11
470,1963-11-19,4.1
471,1963-11-20,4.09
472,1963-11-21,4.1
473,1963-11-22,4.09
474,1963-11-26,4.08
475,1963-11-27,4.08
476,1963-11-29,4.08
477,1963-12-02,4.09
478,1963-12-03,4.1
479,1963-12-04,4.1
480,1963-12-05,4.11
481,1963-12-06,4.11
482,1963-12-09,4.1
483,1963-12-10,4.1
484,1963-12-11,4.12
485,1963-12-12,4.12
486,1963-12-13,4.13
487,1963-12-16,4.15
488,1963-12-17,4.15
489,1963-12-18,4.15
490,1963-12-19,4.14
491,1963-12-20,4.15
492,1963-12-23,4.15
493,1963-12-24,4.15
494,1963-12-26,4.15
495,1963-12-27,4.15
496,1963-12-30,4.14
497,1963-12-31,4.14
498,1964-01-02,4.14
499,1964-01-03,4.15
500,1964-01-06,4.16
501,1964-01-07,4.15
502,1964-01-08,4.18
503,1964-01-09,4.18
504,1964-01-10,4.18
505,1964-01-13,4.18
506,1964-01-14,4.18
507,1964-01-15,4.18
508,1964-01-16,4.17
509,1964-01-17,4.17
510,1964-01-20,4.16
511,1964-01-21,4.16
512,1964-01-22,4.16
513,1964-01-23,4.16
514,1964-01-24,4.18
515,1964-01-27,4.18
516,1964-01-28,4.17
517,1964-01-29,4.17
518,1964-01-30,4.16
519,1964-01-31,4.15
520,1964-02-03,4.15
521,1964-02-04,4.15
522,1964-02-05,4.15
523,1964-02-06,4.14
524,1964-02-07,4.14
525,1964-02-10,4.14
526,1964-02-11,4.14
527,1964-02-13,4.13
528,1964-02-14,4.13
529,1964-02-17,4.13
530,1964-02-18,4.14
531,1964-02-19,4.14
532,1964-02-20,4.14
533,1964-02-24,4.15
534,1964-02-25,4.15
535,1964-02-26,4.15
536,1964-02-27,4.17
537,1964-02-28,4.18
538,1964-03-02,4.17
539,1964-03-03,4.18
540,1964-03-04,4.19
541,1964-03-05,4.19
542,1964-03-06,4.19
543,1964-03-09,4.2
544,1964-03-10,4.2
545,1964-03-11,4.21
546,1964-03-12,4.21
547,1964-03-13,4.22
548,1964-03-16,4.21
549,1964-03-17,4.22
550,1964-03-18,4.23
551,1964-03-19,4.24
552,1964-03-20,4.25
553,1964-03-23,4.25
554,1964-03-24,4.26
555,1964-03-25,4.26
556,1964-03-26,4.25
557,1964-03-30,4.25
558,1964-03-31,4.23
559,1964-04-01,4.23
560,1964-04-02,4.24
561,1964-04-03,4.25
562,1964-04-06,4.25
563,1964-04-07,4.25
564,1964-04-08,4.22
565,1964-04-09,4.22
566,1964-04-10,4.22
567,1964-04-13,4.23
568,1964-04-14,4.24
569,1964-04-15,4.23
570,1964-04-16,4.23
571,1964-04-17,4.24
572,1964-04-20,4.24
573,1964-04-21,4.23
574,1964-04-22,4.23
575,1964-04-23,4.23
576,1964-04-24,4.23
577,1964-04-27,4.23
578,1964-04-28,4.23
579,1964-04-29,4.22
580,1964-04-30,4.22
581,1964-05-01,4.22
582,1964-05-04,4.22
583,1964-05-05,4.22
584,1964-05-06,4.22
585,1964-05-07,4.22
586,1964-05-08,4.2
587,1964-05-11,4.19
588,1964-05-12,4.19
589,1964-05-13,4.19
590,1964-05-14,4.19
591,1964-05-15,4.19
592,1964-05-18,4.19
593,1964-05-19,4.19
594,1964-05-20,4.2
595,1964-05-21,4.2
596,1964-05-22,4.2
597,1964-05-25,4.19
598,1964-05-26,4.19
599,1964-05-27,4.2
600,1964-05-28,4.19
601,1964-06-01,4.19
602,1964-06-02,4.19
603,1964-06-03,4.19
604,1964-06-04,4.19
605,1964-06-05,4.18
606,1964-06-08,4.18
607,1964-06-09,4.17
608,1964-06-10,4.17
609,1964-06-11,4.18
610,1964-06-12,4.18
611,1964-06-15,4.18
612,1964-06-16,4.18
613,1964-06-17,4.18
614,1964-06-18,4.17
615,1964-06-19,4.16
616,1964-06-22,4.15
617,1964-06-23,4.15
618,1964-06-24,4.15
619,1964-06-25,4.15
620,1964-06-26,4.15
621,1964-06-29,4.15
622,1964-06-30,4.15
623,1964-07-01,4.15
624,1964-07-02,4.15
625,1964-07-06,4.16
626,1964-07-07,4.15
627,1964-07-08,4.15
628,1964-07-09,4.18
629,1964-07-10,4.19
630,1964-07-13,4.19
631,1964-07-14,4.19
632,1964-07-15,4.19
633,1964-07-16,4.19
634,1964-07-17,4.2
635,1964-07-20,4.21
636,1964-07-21,4.2
637,1964-07-22,4.21
638,1964-07-23,4.2
639,1964-07-24,4.2
640,1964-07-27,4.2
641,1964-07-28,4.2
642,1964-07-29,4.2
643,1964-07-30,4.19
644,1964-07-31,4.19
645,1964-08-03,4.19
646,1964-08-04,4.19
647,1964-08-05,4.19
648,1964-08-06,4.18
649,1964-08-07,4.19
650,1964-08-10,4.19
651,1964-08-11,4.2
652,1964-08-12,4.2
653,1964-08-13,4.19
654,1964-08-14,4.19
655,1964-08-17,4.19
656,1964-08-18,4.19
657,1964-08-19,4.19
658,1964-08-20,4.19
659,1964-08-21,4.19
660,1964-08-24,4.19
661,1964-08-25,4.2
662,1964-08-26,4.2
663,1964-08-27,4.2
664,1964-08-28,4.21
665,1964-08-31,4.21
666,1964-09-01,4.21
667,1964-09-02,4.22
668,1964-09-03,4.22
669,1964-09-04,4.22
670,1964-09-08,4.22
671,1964-09-09,4.22
672,1964-09-10,4.22
673,1964-09-11,4.22
674,1964-09-14,4.22
675,1964-09-15,4.22
676,1964-09-16,4.21
677,1964-09-17,4.2
678,1964-09-18,4.2
679,1964-09-21,4.19
680,1964-09-22,4.19
681,1964-09-23,4.19
682,1964-09-24,4.19
683,1964-09-25,4.19
684,1964-09-28,4.17
685,1964-09-29,4.18
686,1964-09-30,4.18
687,1964-10-01,4.18
688,1964-10-02,4.18
689,1964-10-05,4.2
690,1964-10-06,4.19
691,1964-10-07,4.19
692,1964-10-08,4.19
693,1964-10-09,4.19
694,1964-10-13,4.19
695,1964-10-14,4.19
696,1964-10-15,4.2
697,1964-10-16,4.21
698,1964-10-19,4.21
699,1964-10-20,4.2
700,1964-10-21,4.19
701,1964-10-22,4.19
702,1964-10-23,4.19
703,1964-10-26,4.19
704,1964-10-27,4.18
705,1964-10-28,4.17
706,1964-10-29,4.16
707,1964-10-30,4.16
708,1964-11-02,4.15
709,1964-11-04,4.15
710,1964-11-05,4.15
711,1964-11-06,4.15
712,1964-11-09,4.15
713,1964-11-10,4.14
714,1964-11-12,4.12
715,1964-11-13,4.13
716,1964-11-16,4.13
717,1964-11-17,4.14
718,1964-11-18,4.14
719,1964-11-19,4.13
720,1964-11-20,4.13
721,1964-11-23,4.18
722,1964-11-24,4.18
723,1964-11-25,4.19
724,1964-11-27,4.19
725,1964-11-30,4.2
726,1964-12-01,4.2
727,1964-12-02,4.19
728,1964-12-03,4.18
729,1964-12-04,4.18
730,1964-12-07,4.17
731,1964-12-08,4.16
732,1964-12-09,4.16
733,1964-12-10,4.15
734,1964-12-11,4.15
735,1964-12-14,4.16
736,1964-12-15,4.17
737,1964-12-16,4.18
738,1964-12-17,4.18
739,1964-12-18,4.19
740,1964-12-21,4.18
741,1964-12-22,4.18
742,1964-12-23,4.19
743,1964-12-24,4.19
744,1964-12-28,4.19
745,1964-12-29,4.19
746,1964-12-30,4.2
747,1964-12-31,4.21
748,1965-01-04,4.2
749,1965-01-05,4.2
750,1965-01-06,4.2
751,1965-01-07,4.2
752,1965-01-08,4.2
753,1965-01-11,4.2
754,1965-01-12,4.19
755,1965-01-13,4.19
756,1965-01-14,4.19
757,1965-01-15,4.19
758,1965-01-18,4.19
759,1965-01-19,4.18
760,1965-01-20,4.18
761,1965-01-21,4.17
762,1965-01-22,4.17
763,1965-01-25,4.18
764,1965-01-26,4.19
765,1965-01-27,4.19
766,1965-01-28,4.19
767,1965-01-29,4.19
768,1965-02-01,4.2
769,1965-02-02,4.2
770,1965-02-03,4.2
771,1965-02-04,4.21
772,1965-02-05,4.22
773,1965-02-08,4.21
774,1965-02-09,4.21
775,1965-02-10,4.21
776,1965-02-11,4.21
777,1965-02-15,4.22
778,1965-02-16,4.21
779,1965-02-17,4.21
780,1965-02-18,4.21
781,1965-02-19,4.22
782,1965-02-23,4.21
783,1965-02-24,4.22
784,1965-02-25,4.21
785,1965-02-26,4.22
786,1965-03-01,4.22
787,1965-03-02,4.24
788,1965-03-03,4.23
789,1965-03-04,4.22
790,1965-03-05,4.23
791,1965-03-08,4.23
792,1965-03-09,4.23
793,1965-03-10,4.23
794,1965-03-11,4.22
795,1965-03-12,4.22
796,1965-03-15,4.21
797,1965-03-16,4.21
798,1965-03-17,4.2
799,1965-03-18,4.2
800,1965-03-19,4.2
801,1965-03-22,4.19
802,1965-03-23,4.19
803,1965-03-24,4.18
804,1965-03-25,4.19
805,1965-03-26,4.2
806,1965-03-29,4.2
807,1965-03-30,4.2
808,1965-03-31,4.2
809,1965-04-01,4.2
810,1965-04-02,4.2
811,1965-04-05,4.2
812,1965-04-06,4.2
813,1965-04-07,4.2
814,1965-04-08,4.19
815,1965-04-09,4.2
816,1965-04-12,4.2
817,1965-04-13,4.2
818,1965-04-14,4.19
819,1965-04-15,4.2
820,1965-04-19,4.21
821,1965-04-20,4.21
822,1965-04-21,4.21
823,1965-04-22,4.21
824,1965-04-23,4.21
825,1965-04-26,4.21
826,1965-04-27,4.21
827,1965-04-28,4.21
828,1965-04-29,4.21
829,1965-04-30,4.21
830,1965-05-03,4.21
831,1965-05-04,4.2
832,1965-05-05,4.2
833,1965-05-06,4.2
834,1965-05-07,4.2
835,1965-05-10,4.2
836,1965-05-11,4.2
837,1965-05-12,4.2
838,1965-05-13,4.21
839,1965-05-14,4.21
840,1965-05-17,4.21
841,1965-05-18,4.22
842,1965-05-19,4.22
843,1965-05-20,4.22
844,1965-05-21,4.22
845,1965-05-24,4.22
846,1965-05-25,4.22
847,1965-05-26,4.22
848,1965-05-27,4.22
849,1965-05-28,4.23
850,1965-06-01,4.23
851,1965-06-02,4.23
852,1965-06-03,4.23
853,1965-06-04,4.23
854,1965-06-07,4.23
855,1965-06-08,4.23
856,1965-06-09,4.23
857,1965-06-10,4.23
858,1965-06-11,4.23
859,1965-06-14,4.21
860,1965-06-15,4.21
861,1965-06-16,4.21
862,1965-06-17,4.21
863,1965-06-18,4.21
864,1965-06-21,4.2
865,1965-06-22,4.2
866,1965-06-23,4.2
867,1965-06-24,4.19
868,1965-06-25,4.19
869,1965-06-28,4.19
870,1965-06-29,4.2
871,1965-06-30,4.2
872,1965-07-01,4.2
873,1965-07-02,4.21
874,1965-07-06,4.21
875,1965-07-07,4.21
876,1965-07-08,4.2
877,1965-07-09,4.21
878,1965-07-12,4.21
879,1965-07-13,4.21
880,1965-07-14,4.21
881,1965-07-15,4.2
882,1965-07-16,4.2
883,1965-07-19,4.2
884,1965-07-20,4.2
885,1965-07-21,4.2
886,1965-07-22,4.2
887,1965-07-23,4.2
888,1965-07-26,4.2
889,1965-07-27,4.2
890,1965-07-28,4.2
891,1965-07-29,4.21
892,1965-07-30,4.22
893,1965-08-02,4.22
894,1965-08-03,4.22
895,1965-08-04,4.23
896,1965-08-05,4.23
897,1965-08-06,4.24
898,1965-08-09,4.24
899,1965-08-10,4.24
900,1965-08-11,4.25
901,1965-08-12,4.25
902,1965-08-13,4.25
903,1965-08-16,4.26
904,1965-08-17,4.27
905,1965-08-18,4.26
906,1965-08-19,4.26
907,1965-08-20,4.26
908,1965-08-23,4.26
909,1965-08-24,4.27
910,1965-08-25,4.26
911,1965-08-26,4.27
912,1965-08-27,4.27
913,1965-08-30,4.27
914,1965-08-31,4.27
915,1965-09-01,4.28
916,1965-09-02,4.28
917,1965-09-03,4.27
918,1965-09-07,4.27
919,1965-09-08,4.27
920,1965-09-09,4.27
921,1965-09-10,4.28
922,1965-09-13,4.28
923,1965-09-14,4.28
924,1965-09-15,4.28
925,1965-09-16,4.27
926,1965-09-17,4.27
927,1965-09-20,4.27
928,1965-09-21,4.28
929,1965-09-22,4.29
930,1965-09-23,4.3
931,1965-09-24,4.31
932,1965-09-27,4.31
933,1965-09-28,4.33
934,1965-09-29,4.36
935,1965-09-30,4.35
936,1965-10-01,4.36
937,1965-10-04,4.35
938,1965-10-05,4.33
939,1965-10-06,4.32
940,1965-10-07,4.31
941,1965-10-08,4.32
942,1965-10-11,4.31
943,1965-10-13,4.3
944,1965-10-14,4.31
945,1965-10-15,4.34
946,1965-10-18,4.34
947,1965-10-19,4.35
948,1965-10-20,4.36
949,1965-10-21,4.37
950,1965-10-22,4.36
951,1965-10-25,4.38
952,1965-10-26,4.38
953,1965-10-27,4.39
954,1965-10-28,4.4
955,1965-10-29,4.41
956,1965-11-01,4.43
957,1965-11-03,4.43
958,1965-11-04,4.43
959,1965-11-05,4.43
960,1965-11-08,4.45
961,1965-11-09,4.47
962,1965-11-10,4.46
963,1965-11-12,4.44
964,1965-11-15,4.45
965,1965-11-16,4.44
966,1965-11-17,4.45
967,1965-11-18,4.45
968,1965-11-19,4.46
969,1965-11-22,4.45
970,1965-11-23,4.45
971,1965-11-24,4.45
972,1965-11-26,4.45
973,1965-11-29,4.46
974,1965-11-30,4.48
975,1965-12-01,4.52
976,1965-12-02,4.52
977,1965-12-03,4.52
978,1965-12-06,4.61
979,1965-12-07,4.59
980,1965-12-08,4.6
981,1965-12-09,4.6
982,1965-12-10,4.6
983,1965-12-13,4.65
984,1965-12-14,4.67
985,1965-12-15,4.67
986,1965-12-16,4.66
987,1965-12-17,4.65
988,1965-12-20,4.61
989,1965-12-21,4.64
990,1965-12-22,4.65
991,1965-12-23,4.65
992,1965-12-27,4.62
993,1965-12-28,4.61
994,1965-12-29,4.62
995,1965-12-30,4.63
996,1965-12-31,4.65
997,1966-01-03,4.63
998,1966-01-04,4.65
999,1966-01-05,4.63
1000,1966-01-06,4.6
1001,1966-01-07,4.6
1002,1966-01-10,4.61
1003,1966-01-11,4.6
1004,1966-01-12,4.56
1005,1966-01-13,4.58
1006,1966-01-14,4.59
1007,1966-01-17,4.61
1008,1966-01-18,4.61
1009,1966-01-19,4.61
1010,1966-01-20,4.6
1011,1966-01-21,4.59
1012,1966-01-24,4.6
1013,1966-01-25,4.61
1014,1966-01-26,4.61
1015,1966-01-27,4.63
1016,1966-01-28,4.65
1017,1966-01-31,4.69
1018,1966-02-01,4.69
1019,1966-02-02,4.7
1020,1966-02-03,4.7
1021,1966-02-04,4.71
1022,1966-02-07,4.73
1023,1966-02-08,4.72
1024,1966-02-09,4.74
1025,1966-02-10,4.78
1026,1966-02-11,4.86
1027,1966-02-14,4.87
1028,1966-02-15,4.88
1029,1966-02-16,4.89
1030,1966-02-17,4.88
1031,1966-02-18,4.9
1032,1966-02-21,4.92
1033,1966-02-23,4.92
1034,1966-02-24,4.93
1035,1966-02-25,4.97
1036,1966-02-28,5.02
1037,1966-03-01,5.01
1038,1966-03-02,5.0
1039,1966-03-03,5.0
1040,1966-03-04,4.98
1041,1966-03-07,4.96
1042,1966-03-08,4.93
1043,1966-03-09,4.93
1044,1966-03-10,4.95
1045,1966-03-11,4.96
1046,1966-03-14,4.94
1047,1966-03-15,4.91
1048,1966-03-16,4.9
1049,1966-03-17,4.86
1050,1966-03-18,4.84
1051,1966-03-21,4.81
1052,1966-03-22,4.78
1053,1966-03-23,4.73
1054,1966-03-24,4.76
1055,1966-03-25,4.82
1056,1966-03-28,4.81
1057,1966-03-29,4.8
1058,1966-03-30,4.7
1059,1966-03-31,4.71
1060,1966-04-01,4.7
1061,1966-04-04,4.69
1062,1966-04-05,4.66
1063,1966-04-06,4.71
1064,1966-04-07,4.73
1065,1966-04-11,4.73
1066,1966-04-12,4.73
1067,1966-04-13,4.74
1068,1966-04-14,4.76
1069,1966-04-15,4.77
1070,1966-04-18,4.76
1071,1966-04-19,4.76
1072,1966-04-20,4.8
1073,1966-04-21,4.77
1074,1966-04-22,4.77
1075,1966-04-25,4.78
1076,1966-04-26,4.79
1077,1966-04-27,4.78
1078,1966-04-28,4.78
1079,1966-04-29,4.79
1080,1966-05-02,4.8
1081,1966-05-03,4.81
1082,1966-05-04,4.81
1083,1966-05-05,4.81
1084,1966-05-06,4.79
1085,1966-05-09,4.75
1086,1966-05-10,4.75
1087,1966-05-11,4.77
1088,1966-05-12,4.77
1089,1966-05-13,4.77
1090,1966-05-16,4.77
1091,1966-05-17,4.75
1092,1966-05-18,4.75
1093,1966-05-19,4.75
1094,1966-05-20,4.75
1095,1966-05-23,4.77
1096,1966-05-24,4.79
1097,1966-05-25,4.78
1098,1966-05-26,4.8
1099,1966-05-27,4.81
1100,1966-05-31,4.8
1101,1966-06-01,4.79
1102,1966-06-02,4.77
1103,1966-06-03,4.78
1104,1966-06-06,4.79
1105,1966-06-07,4.81
1106,1966-06-08,4.83
1107,1966-06-09,4.83
1108,1966-06-10,4.83
1109,1966-06-13,4.83
1110,1966-06-14,4.83
1111,1966-06-15,4.79
1112,1966-06-16,4.81
1113,1966-06-17,4.8
1114,1966-06-20,4.76
1115,1966-06-21,4.75
1116,1966-06-22,4.76
1117,1966-06-23,4.77
1118,1966-06-24,4.8
1119,1966-06-27,4.83
1120,1966-06-28,4.89
1121,1966-06-29,4.9
1122,1966-06-30,4.97
1123,1966-07-01,4.99
1124,1966-07-05,4.96
1125,1966-07-06,4.95
1126,1966-07-07,4.95
1127,1966-07-08,4.97
1128,1966-07-11,5.03
1129,1966-07-12,5.05
1130,1966-07-13,5.07
1131,1966-07-14,5.1
1132,1966-07-15,5.09
1133,1966-07-18,5.04
1134,1966-07-19,5.03
1135,1966-07-20,5.02
1136,1966-07-21,5.04
1137,1966-07-22,5.02
1138,1966-07-25,4.99
1139,1966-07-26,4.99
1140,1966-07-27,4.99
1141,1966-07-28,5.03
1142,1966-07-29,5.05
1143,1966-08-01,5.05
1144,1966-08-02,5.04
1145,1966-08-03,5.06
1146,1966-08-04,5.07
1147,1966-08-05,5.07
1148,1966-08-08,5.08
1149,1966-08-09,5.1
1150,1966-08-10,5.1
1151,1966-08-11,5.11
1152,1966-08-12,5.11
1153,1966-08-15,5.15
1154,1966-08-16,5.18
1155,1966-08-17,5.24
1156,1966-08-18,5.29
1157,1966-08-19,5.31
1158,1966-08-22,5.29
1159,1966-08-23,5.33
1160,1966-08-24,5.36
1161,1966-08-25,5.39
1162,1966-08-26,5.48
1163,1966-08-29,5.51
1164,1966-08-30,5.48
1165,1966-08-31,5.36
1166,1966-09-01,5.3
1167,1966-09-02,5.23
1168,1966-09-06,5.19
1169,1966-09-07,5.2
1170,1966-09-08,5.18
1171,1966-09-09,5.17
1172,1966-09-12,5.18
1173,1966-09-13,5.16
1174,1966-09-14,5.21
1175,1966-09-15,5.25
1176,1966-09-16,5.24
1177,1966-09-19,5.32
1178,1966-09-20,5.27
1179,1966-09-21,5.21
1180,1966-09-22,5.15
1181,1966-09-23,5.17
1182,1966-09-26,5.17
1183,1966-09-27,5.13
1184,1966-09-28,5.09
1185,1966-09-29,4.99
1186,1966-09-30,5.02
1187,1966-10-03,5.08
1188,1966-10-04,5.06
1189,1966-10-05,5.05
1190,1966-10-06,5.03
1191,1966-10-07,5.02
1192,1966-10-10,5.05
1193,1966-10-11,5.05
1194,1966-10-13,5.07
1195,1966-10-14,5.06
1196,1966-10-17,5.04
1197,1966-10-18,4.99
1198,1966-10-19,5.0
1199,1966-10-20,5.02
1200,1966-10-21,4.94
1201,1966-10-24,4.94
1202,1966-10-25,4.94
1203,1966-10-26,4.96
1204,1966-10-27,4.99
1205,1966-10-28,4.97
1206,1966-10-31,4.97
1207,1966-11-01,4.99
1208,1966-11-02,5.04
1209,1966-11-03,5.06
1210,1966-11-04,5.11
1211,1966-11-07,5.11
1212,1966-11-09,5.12
1213,1966-11-10,5.17
1214,1966-11-14,5.19
1215,1966-11-15,5.21
1216,1966-11-16,5.22
1217,1966-11-17,5.23
1218,1966-11-18,5.22
1219,1966-11-21,5.17
1220,1966-11-22,5.2
1221,1966-11-23,5.22
1222,1966-11-25,5.23
1223,1966-11-28,5.19
1224,1966-11-29,5.15
1225,1966-11-30,5.12
1226,1966-12-01,5.09
1227,1966-12-02,5.03
1228,1966-12-05,5.06
1229,1966-12-06,5.07
1230,1966-12-07,5.07
1231,1966-12-08,5.1
1232,1966-12-09,5.05
1233,1966-12-12,4.93
1234,1966-12-13,4.86
1235,1966-12-14,4.83
1236,1966-12-15,4.76
1237,1966-12-16,4.78
1238,1966-12-19,4.72
1239,1966-12-20,4.69
1240,1966-12-21,4.66
1241,1966-12-22,4.68
1242,1966-12-23,4.67
1243,1966-12-27,4.71
1244,1966-12-28,4.64
1245,1966-12-29,4.66
1246,1966-12-30,4.64
1247,1967-01-03,4.69
1248,1967-01-04,4.65
1249,1967-01-05,4.63
1250,1967-01-06,4.64
1251,1967-01-09,4.71
1252,1967-01-10,4.69
1253,1967-01-11,4.54
1254,1967-01-12,4.55
1255,1967-01-13,4.51
1256,1967-01-16,4.49
1257,1967-01-17,4.51
1258,1967-01-18,4.53
1259,1967-01-19,4.58
1260,1967-01-20,4.6
1261,1967-01-23,4.6
1262,1967-01-24,4.65
1263,1967-01-25,4.62
1264,1967-01-26,4.5
1265,1967-01-27,4.47
1266,1967-01-30,4.48
1267,1967-01-31,4.52
1268,1967-02-01,4.52
1269,1967-02-02,4.51
1270,1967-02-03,4.52
1271,1967-02-06,4.53
1272,1967-02-07,4.54
1273,1967-02-08,4.54
1274,1967-02-09,4.53
1275,1967-02-10,4.59
1276,1967-02-14,4.64
1277,1967-02-15,4.69
1278,1967-02-16,4.67
1279,1967-02-17,4.68
1280,1967-02-20,4.7
1281,1967-02-21,4.71
1282,1967-02-23,4.74
1283,1967-02-24,4.73
1284,1967-02-27,4.72
1285,1967-02-28,4.72
1286,1967-03-01,4.66
1287,1967-03-02,4.63
1288,1967-03-03,4.62
1289,1967-03-06,4.61
1290,1967-03-07,4.6
1291,1967-03-08,4.61
1292,1967-03-09,4.57
1293,1967-03-10,4.58
1294,1967-03-13,4.56
1295,1967-03-14,4.53
1296,1967-03-15,4.49
1297,1967-03-16,4.45
1298,1967-03-17,4.47
1299,1967-03-20,4.45
1300,1967-03-21,4.51
1301,1967-03-22,4.52
1302,1967-03-23,4.5
1303,1967-03-27,4.52
1304,1967-03-28,4.52
1305,1967-03-29,4.52
1306,1967-03-30,4.5
1307,1967-03-31,4.5
1308,1967-04-03,4.5
1309,1967-04-04,4.49
1310,1967-04-05,4.5
1311,1967-04-06,4.49
1312,1967-04-07,4.48
1313,1967-04-10,4.5
1314,1967-04-11,4.51
1315,1967-04-12,4.51
1316,1967-04-13,4.54
1317,1967-04-14,4.56
1318,1967-04-17,4.61
1319,1967-04-18,4.63
1320,1967-04-19,4.63
1321,1967-04-20,4.63
1322,1967-04-21,4.66
1323,1967-04-24,4.68
1324,1967-04-25,4.71
1325,1967-04-26,4.73
1326,1967-04-27,4.73
1327,1967-04-28,4.78
1328,1967-05-01,4.77
1329,1967-05-02,4.75
1330,1967-05-03,4.75
1331,1967-05-04,4.76
1332,1967-05-05,4.77
1333,1967-05-08,4.83
1334,1967-05-09,4.87
1335,1967-05-10,4.87
1336,1967-05-11,4.84
1337,1967-05-12,4.82
1338,1967-05-15,4.86
1339,1967-05-16,4.87
1340,1967-05-17,4.88
1341,1967-05-18,4.88
1342,1967-05-19,4.89
1343,1967-05-22,4.94
1344,1967-05-23,4.94
1345,1967-05-24,4.93
1346,1967-05-25,4.92
1347,1967-05-26,4.86
1348,1967-05-29,4.84
1349,1967-05-31,4.81
1350,1967-06-01,4.81
1351,1967-06-02,4.82
1352,1967-06-05,4.85
1353,1967-06-06,4.84
1354,1967-06-07,4.84
1355,1967-06-08,4.86
1356,1967-06-09,4.89
1357,1967-06-12,4.94
1358,1967-06-13,4.95
1359,1967-06-14,5.02
1360,1967-06-15,5.02
1361,1967-06-16,5.07
1362,1967-06-19,5.07
1363,1967-06-20,5.14
1364,1967-06-21,5.14
1365,1967-06-22,5.13
1366,1967-06-23,5.14
1367,1967-06-26,5.16
1368,1967-06-27,5.21
1369,1967-06-28,5.18
1370,1967-06-29,5.2
1371,1967-06-30,5.22
1372,1967-07-03,5.22
1373,1967-07-05,5.17
1374,1967-07-06,5.11
1375,1967-07-07,5.15
1376,1967-07-10,5.16
1377,1967-07-11,5.09
1378,1967-07-12,5.06
1379,1967-07-13,5.08
1380,1967-07-14,5.08
1381,1967-07-17,5.09
1382,1967-07-18,5.16
1383,1967-07-19,5.18
1384,1967-07-20,5.2
1385,1967-07-21,5.2
1386,1967-07-24,5.23
1387,1967-07-25,5.23
1388,1967-07-26,5.23
1389,1967-07-27,5.2
1390,1967-07-28,5.18
1391,1967-07-31,5.16
1392,1967-08-01,5.18
1393,1967-08-02,5.21
1394,1967-08-03,5.2
1395,1967-08-04,5.26
1396,1967-08-07,5.3
1397,1967-08-08,5.28
1398,1967-08-09,5.27
1399,1967-08-10,5.28
1400,1967-08-11,5.29
1401,1967-08-14,5.29
1402,1967-08-15,5.29
1403,1967-08-16,5.28
1404,1967-08-17,5.28
1405,1967-08-18,5.28
1406,1967-08-21,5.3
1407,1967-08-22,5.3
1408,1967-08-23,5.31
1409,1967-08-24,5.31
1410,1967-08-25,5.32
1411,1967-08-28,5.29
1412,1967-08-29,5.27
1413,1967-08-30,5.28
1414,1967-08-31,5.27
1415,1967-09-01,5.25
1416,1967-09-05,5.22
1417,1967-09-06,5.2
1418,1967-09-07,5.2
1419,1967-09-08,5.26
1420,1967-09-11,5.28
1421,1967-09-12,5.29
1422,1967-09-13,5.27
1423,1967-09-14,5.28
1424,1967-09-15,5.29
1425,1967-09-18,5.3
1426,1967-09-19,5.35
1427,1967-09-20,5.34
1428,1967-09-21,5.36
1429,1967-09-22,5.36
1430,1967-09-25,5.38
1431,1967-09-26,5.37
1432,1967-09-27,5.37
1433,1967-09-28,5.36
1434,1967-09-29,5.31
1435,1967-10-02,5.35
1436,1967-10-03,5.35
1437,1967-10-04,5.37
1438,1967-10-05,5.37
1439,1967-10-06,5.37
1440,1967-10-09,5.39
1441,1967-10-10,5.42
1442,1967-10-11,5.42
1443,1967-10-13,5.45
1444,1967-10-16,5.47
1445,1967-10-17,5.49
1446,1967-10-18,5.52
1447,1967-10-19,5.53
1448,1967-10-20,5.52
1449,1967-10-23,5.56
1450,1967-10-24,5.56
1451,1967-10-25,5.57
1452,1967-10-26,5.58
1453,1967-10-27,5.57
1454,1967-10-30,5.6
1455,1967-10-31,5.64
1456,1967-11-01,5.7
1457,1967-11-02,5.71
1458,1967-11-03,5.75
1459,1967-11-06,5.77
1460,1967-11-08,5.74
1461,1967-11-09,5.78
1462,1967-11-10,5.83
1463,1967-11-13,5.87
1464,1967-11-14,5.81
1465,1967-11-15,5.78
1466,1967-11-16,5.72
1467,1967-11-17,5.75
1468,1967-11-20,5.85
1469,1967-11-21,5.71
1470,1967-11-22,5.7
1471,1967-11-24,5.78
1472,1967-11-27,5.76
1473,1967-11-28,5.65
1474,1967-11-29,5.67
1475,1967-11-30,5.74
1476,1967-12-01,5.78
1477,1967-12-04,5.76
1478,1967-12-05,5.74
1479,1967-12-06,5.69
1480,1967-12-07,5.71
1481,1967-12-08,5.72
1482,1967-12-11,5.74
1483,1967-12-12,5.75
1484,1967-12-13,5.71
1485,1967-12-14,5.7
1486,1967-12-15,5.71
1487,1967-12-18,5.68
1488,1967-12-19,5.66
1489,1967-12-20,5.62
1490,1967-12-21,5.64
1491,1967-12-22,5.69
1492,1967-12-26,5.64
1493,1967-12-27,5.64
1494,1967-12-28,5.7
1495,1967-12-29,5.7
1496,1968-01-02,5.63
1497,1968-01-03,5.63
1498,1968-01-04,5.51
1499,1968-01-05,5.48
1500,1968-01-08,5.5
1501,1968-01-09,5.52
1502,1968-01-10,5.46
1503,1968-01-11,5.46
1504,1968-01-12,5.43
1505,1968-01-15,5.49
1506,1968-01-16,5.52
1507,1968-01-17,5.48
1508,1968-01-18,5.55
1509,1968-01-19,5.59
1510,1968-01-22,5.61
1511,1968-01-23,5.56
1512,1968-01-24,5.56
1513,1968-01-25,5.52
1514,1968-01-26,5.53
1515,1968-01-29,5.53
1516,1968-01-30,5.53
1517,1968-01-31,5.54
1518,1968-02-01,5.58
1519,1968-02-02,5.58
1520,1968-02-05,5.6
1521,1968-02-06,5.61
1522,1968-02-07,5.59
1523,1968-02-08,5.6
1524,1968-02-09,5.59
1525,1968-02-13,5.55
1526,1968-02-14,5.54
1527,1968-02-15,5.51
1528,1968-02-16,5.5
1529,1968-02-19,5.53
1530,1968-02-20,5.54
1531,1968-02-21,5.54
1532,1968-02-23,5.56
1533,1968-02-26,5.58
1534,1968-02-27,5.58
1535,1968-02-28,5.57
1536,1968-02-29,5.56
1537,1968-03-01,5.56
1538,1968-03-04,5.57
1539,1968-03-05,5.59
1540,1968-03-06,5.61
1541,1968-03-07,5.67
1542,1968-03-08,5.75
1543,1968-03-11,5.75
1544,1968-03-12,5.79
1545,1968-03-13,5.86
1546,1968-03-14,5.95
1547,1968-03-15,5.84
1548,1968-03-18,5.76
1549,1968-03-19,5.77
1550,1968-03-20,5.73
1551,1968-03-21,5.76
1552,1968-03-22,5.74
1553,1968-03-25,5.74
1554,1968-03-26,5.78
1555,1968-03-27,5.78
1556,1968-03-28,5.78
1557,1968-03-29,5.76
1558,1968-04-01,5.64
1559,1968-04-02,5.62
1560,1968-04-03,5.49
1561,1968-04-04,5.52
1562,1968-04-05,5.52
1563,1968-04-08,5.54
1564,1968-04-10,5.53
1565,1968-04-11,5.54
1566,1968-04-15,5.6
1567,1968-04-16,5.62
1568,1968-04-17,5.62
1569,1968-04-18,5.64
1570,1968-04-19,5.76
1571,1968-04-22,5.78
1572,1968-04-23,5.73
1573,1968-04-24,5.72
1574,1968-04-25,5.72
1575,1968-04-26,5.71
1576,1968-04-29,5.73
1577,1968-04-30,5.74
1578,1968-05-01,5.73
1579,1968-05-02,5.76
1580,1968-05-03,5.8
1581,1968-05-06,5.78
1582,1968-05-07,5.79
1583,1968-05-08,5.8
1584,1968-05-09,5.79
1585,1968-05-10,5.79
1586,1968-05-13,5.79
1587,1968-05-14,5.82
1588,1968-05-15,5.85
1589,1968-05-16,5.9
1590,1968-05-17,5.92
1591,1968-05-20,5.96
1592,1968-05-21,6.02
1593,1968-05-22,6.02
1594,1968-05-23,5.98
1595,1968-05-24,5.96
1596,1968-05-27,5.92
1597,1968-05-28,5.94
1598,1968-05-29,5.95
1599,1968-05-31,5.86
1600,1968-06-03,5.79
1601,1968-06-04,5.78
1602,1968-06-05,5.81
1603,1968-06-06,5.83
1604,1968-06-07,5.82
1605,1968-06-10,5.8
1606,1968-06-11,5.79
1607,1968-06-12,5.77
1608,1968-06-13,5.76
1609,1968-06-14,5.72
1610,1968-06-17,5.71
1611,1968-06-18,5.71
1612,1968-06-19,5.67
1613,1968-06-20,5.62
1614,1968-06-21,5.6
1615,1968-06-24,5.61
1616,1968-06-25,5.64
1617,1968-06-26,5.64
1618,1968-06-27,5.65
1619,1968-06-28,5.64
1620,1968-07-01,5.62
1621,1968-07-02,5.58
1622,1968-07-03,5.57
1623,1968-07-05,5.56
1624,1968-07-08,5.53
1625,1968-07-09,5.51
1626,1968-07-10,5.52
1627,1968-07-11,5.52
1628,1968-07-12,5.53
1629,1968-07-15,5.56
1630,1968-07-16,5.57
1631,1968-07-17,5.55
1632,1968-07-18,5.56
1633,1968-07-19,5.53
1634,1968-07-22,5.45
1635,1968-07-23,5.38
1636,1968-07-24,5.39
1637,1968-07-25,5.37
1638,1968-07-26,5.39
1639,1968-07-29,5.41
1640,1968-07-30,5.41
1641,1968-07-31,5.39
1642,1968-08-01,5.38
1643,1968-08-02,5.34
1644,1968-08-05,5.37
1645,1968-08-06,5.38
1646,1968-08-07,5.36
1647,1968-08-08,5.37
1648,1968-08-09,5.39
1649,1968-08-12,5.42
1650,1968-08-13,5.43
1651,1968-08-14,5.43
1652,1968-08-15,5.45
1653,1968-08-16,5.42
1654,1968-08-19,5.43
1655,1968-08-20,5.43
1656,1968-08-21,5.46
1657,1968-08-22,5.5
1658,1968-08-23,5.47
1659,1968-08-26,5.46
1660,1968-08-27,5.46
1661,1968-08-28,5.45
1662,1968-08-29,5.43
1663,1968-08-30,5.42
1664,1968-09-03,5.41
1665,1968-09-04,5.43
1666,1968-09-05,5.46
1667,1968-09-06,5.48
1668,1968-09-09,5.49
1669,1968-09-10,5.51
1670,1968-09-11,5.5
1671,1968-09-12,5.49
1672,1968-09-13,5.48
1673,1968-09-16,5.46
1674,1968-09-17,5.46
1675,1968-09-18,5.42
1676,1968-09-19,5.43
1677,1968-09-20,5.45
1678,1968-09-23,5.45
1679,1968-09-24,5.44
1680,1968-09-25,5.44
1681,1968-09-26,5.45
1682,1968-09-27,5.46
1683,1968-09-30,5.49
1684,1968-10-01,5.49
1685,1968-10-02,5.49
1686,1968-10-03,5.5
1687,1968-10-04,5.52
1688,1968-10-07,5.55
1689,1968-10-08,5.57
1690,1968-10-09,5.6
1691,1968-10-10,5.61
1692,1968-10-11,5.61
1693,1968-10-14,5.62
1694,1968-10-15,5.65
1695,1968-10-16,5.62
1696,1968-10-17,5.58
1697,1968-10-18,5.57
1698,1968-10-21,5.58
1699,1968-10-22,5.58
1700,1968-10-23,5.58
1701,1968-10-24,5.61
1702,1968-10-25,5.6
1703,1968-10-28,5.61
1704,1968-10-29,5.62
1705,1968-10-30,5.63
1706,1968-10-31,5.61
1707,1968-11-01,5.61
1708,1968-11-04,5.63
1709,1968-11-06,5.62
1710,1968-11-07,5.63
1711,1968-11-08,5.65
1712,1968-11-12,5.68
1713,1968-11-13,5.66
1714,1968-11-14,5.66
1715,1968-11-15,5.68
1716,1968-11-18,5.71
1717,1968-11-19,5.74
1718,1968-11-20,5.74
1719,1968-11-21,5.73
1720,1968-11-22,5.74
1721,1968-11-25,5.75
1722,1968-11-26,5.76
1723,1968-11-27,5.76
1724,1968-11-29,5.78
1725,1968-12-02,5.89
1726,1968-12-03,5.96
1727,1968-12-04,5.95
1728,1968-12-05,5.93
1729,1968-12-06,5.91
1730,1968-12-09,5.92
1731,1968-12-10,5.93
1732,1968-12-11,5.93
1733,1968-12-12,5.94
1734,1968-12-13,5.93
1735,1968-12-16,5.96
1736,1968-12-17,5.97
1737,1968-12-18,6.0
1738,1968-12-19,6.07
1739,1968-12-20,6.14
1740,1968-12-23,6.23
1741,1968-12-24,6.27
1742,1968-12-26,6.17
1743,1968-12-27,6.2
1744,1968-12-30,6.21
1745,1968-12-31,6.16
1746,1969-01-02,6.04
1747,1969-01-03,6.01
1748,1969-01-06,6.04
1749,1969-01-07,6.14
1750,1969-01-08,6.09
1751,1969-01-09,6.04
1752,1969-01-10,6.03
1753,1969-01-13,6.04
1754,1969-01-14,6.04
1755,1969-01-15,6.02
1756,1969-01-16,5.98
1757,1969-01-17,5.97
1758,1969-01-20,5.95
1759,1969-01-21,5.97
1760,1969-01-22,6.03
1761,1969-01-23,6.02
1762,1969-01-24,6.01
1763,1969-01-27,6.03
1764,1969-01-28,6.05
1765,1969-01-29,6.09
1766,1969-01-30,6.14
1767,1969-01-31,6.19
1768,1969-02-03,6.22
1769,1969-02-04,6.2
1770,1969-02-05,6.19
1771,1969-02-06,6.2
1772,1969-02-07,6.14
1773,1969-02-10,6.14
1774,1969-02-11,6.1
1775,1969-02-13,6.09
1776,1969-02-14,6.11
1777,1969-02-17,6.14
1778,1969-02-18,6.16
1779,1969-02-19,6.2
1780,1969-02-20,6.23
1781,1969-02-21,6.24
1782,1969-02-24,6.22
1783,1969-02-25,6.24
1784,1969-02-26,6.24
1785,1969-02-27,6.27
1786,1969-02-28,6.26
1787,1969-03-03,6.25
1788,1969-03-04,6.24
1789,1969-03-05,6.24
1790,1969-03-06,6.26
1791,1969-03-07,6.27
1792,1969-03-10,6.27
1793,1969-03-11,6.3
1794,1969-03-12,6.31
1795,1969-03-13,6.32
1796,1969-03-14,6.31
1797,1969-03-17,6.35
1798,1969-03-18,6.35
1799,1969-03-19,6.32
1800,1969-03-20,6.31
1801,1969-03-21,6.29
1802,1969-03-24,6.28
1803,1969-03-25,6.3
1804,1969-03-26,6.32
1805,1969-03-27,6.33
1806,1969-03-28,6.3
1807,1969-04-01,6.25
1808,1969-04-02,6.25
1809,1969-04-03,6.26
1810,1969-04-07,6.28
1811,1969-04-08,6.25
1812,1969-04-09,6.19
1813,1969-04-10,6.18
1814,1969-04-11,6.15
1815,1969-04-14,6.06
1816,1969-04-15,6.11
1817,1969-04-16,6.1
1818,1969-04-17,6.13
1819,1969-04-18,6.16
1820,1969-04-21,6.14
1821,1969-04-22,6.12
1822,1969-04-23,6.12
1823,1969-04-24,6.14
1824,1969-04-25,6.15
1825,1969-04-28,6.19
1826,1969-04-29,6.21
1827,1969-04-30,6.2
1828,1969-05-01,6.25
1829,1969-05-02,6.23
1830,1969-05-05,6.19
1831,1969-05-06,6.22
1832,1969-05-07,6.22
1833,1969-05-08,6.2
1834,1969-05-09,6.23
1835,1969-05-12,6.27
1836,1969-05-13,6.25
1837,1969-05-14,6.24
1838,1969-05-15,6.26
1839,1969-05-16,6.31
1840,1969-05-19,6.36
1841,1969-05-20,6.36
1842,1969-05-21,6.36
1843,1969-05-22,6.36
1844,1969-05-23,6.38
1845,1969-05-26,6.44
1846,1969-05-27,6.54
1847,1969-05-28,6.56
1848,1969-05-29,6.56
1849,1969-06-02,6.56
1850,1969-06-03,6.55
1851,1969-06-04,6.56
1852,1969-06-05,6.54
1853,1969-06-06,6.52
1854,1969-06-09,6.59
1855,1969-06-10,6.56
1856,1969-06-11,6.56
1857,1969-06-12,6.54
1858,1969-06-13,6.51
1859,1969-06-16,6.49
1860,1969-06-17,6.52
1861,1969-06-18,6.53
1862,1969-06-19,6.57
1863,1969-06-20,6.59
1864,1969-06-23,6.6
1865,1969-06-24,6.63
1866,1969-06-25,6.63
1867,1969-06-26,6.62
1868,1969-06-27,6.66
1869,1969-06-30,6.73
1870,1969-07-01,6.75
1871,1969-07-02,6.77
1872,1969-07-03,6.75
1873,1969-07-07,6.76
1874,1969-07-08,6.79
1875,1969-07-09,6.82
1876,1969-07-10,6.78
1877,1969-07-11,6.64
1878,1969-07-14,6.69
1879,1969-07-15,6.72
1880,1969-07-16,6.67
1881,1969-07-17,6.69
1882,1969-07-18,6.7
1883,1969-07-22,6.66
1884,1969-07-23,6.68
1885,1969-07-24,6.7
1886,1969-07-25,6.71
1887,1969-07-28,6.73
1888,1969-07-29,6.72
1889,1969-07-30,6.72
1890,1969-07-31,6.66
1891,1969-08-01,6.66
1892,1969-08-04,6.63
1893,1969-08-05,6.6
1894,1969-08-06,6.62
1895,1969-08-07,6.63
1896,1969-08-08,6.64
1897,1969-08-11,6.69
1898,1969-08-12,6.7
1899,1969-08-13,6.7
1900,1969-08-14,6.68
1901,1969-08-15,6.68
1902,1969-08-18,6.66
1903,1969-08-19,6.65
1904,1969-08-20,6.66
1905,1969-08-21,6.68
1906,1969-08-22,6.71
1907,1969-08-25,6.72
1908,1969-08-26,6.76
1909,1969-08-27,6.79
1910,1969-08-28,6.83
1911,1969-08-29,6.83
1912,1969-09-02,6.87
1913,1969-09-03,6.94
1914,1969-09-04,6.96
1915,1969-09-05,6.99
1916,1969-09-08,7.03
1917,1969-09-09,7.04
1918,1969-09-10,7.02
1919,1969-09-11,7.05
1920,1969-09-12,7.08
1921,1969-09-15,7.09
1922,1969-09-16,7.14
1923,1969-09-17,7.14
1924,1969-09-18,7.27
1925,1969-09-19,7.28
1926,1969-09-22,7.26
1927,1969-09-23,7.26
1928,1969-09-24,7.27
1929,1969-09-25,7.3
1930,1969-09-26,7.4
1931,1969-09-29,7.45
1932,1969-09-30,7.51
1933,1969-10-01,7.52
1934,1969-10-02,7.45
1935,1969-10-03,7.38
1936,1969-10-06,7.35
1937,1969-10-07,7.31
1938,1969-10-08,7.29
1939,1969-10-09,7.3
1940,1969-10-10,7.22
1941,1969-10-14,7.1
1942,1969-10-15,7.12
1943,1969-10-16,7.04
1944,1969-10-17,6.99
1945,1969-10-20,6.83
1946,1969-10-21,6.77
1947,1969-10-22,6.8
1948,1969-10-23,6.9
1949,1969-10-24,6.9
1950,1969-10-27,6.93
1951,1969-10-28,7.0
1952,1969-10-29,7.0
1953,1969-10-30,6.96
1954,1969-10-31,6.94
1955,1969-11-03,6.9
1956,1969-11-05,6.97
1957,1969-11-06,7.01
1958,1969-11-07,6.99
1959,1969-11-10,6.99
1960,1969-11-12,7.06
1961,1969-11-13,7.12
1962,1969-11-14,7.08
1963,1969-11-17,7.13
1964,1969-11-18,7.22
1965,1969-11-19,7.25
1966,1969-11-20,7.31
1967,1969-11-21,7.28
1968,1969-11-24,7.27
1969,1969-11-25,7.28
1970,1969-11-26,7.3
1971,1969-11-28,7.29
1972,1969-12-01,7.29
1973,1969-12-02,7.35
1974,1969-12-03,7.39
1975,1969-12-04,7.35
1976,1969-12-05,7.35
1977,1969-12-08,7.4
1978,1969-12-09,7.5
1979,1969-12-10,7.59
1980,1969-12-11,7.62
1981,1969-12-12,7.6
1982,1969-12-15,7.63
1983,1969-12-16,7.72
1984,1969-12-17,7.76
1985,1969-12-18,7.81
1986,1969-12-19,7.79
1987,1969-12-22,7.76
1988,1969-12-23,7.82
1989,1969-12-24,7.89
1990,1969-12-26,7.87
1991,1969-12-29,8.05
1992,1969-12-30,7.97
1993,1969-12-31,7.88
1994,1970-01-02,7.86
1995,1970-01-05,7.88
1996,1970-01-06,7.96
1997,1970-01-07,7.99
1998,1970-01-08,7.96
1999,1970-01-09,7.86
2000,1970-01-12,7.82
2001,1970-01-13,7.81
2002,1970-01-14,7.86
2003,1970-01-15,7.85
2004,1970-01-16,7.75
2005,1970-01-19,7.69
2006,1970-01-20,7.72
2007,1970-01-21,7.69
2008,1970-01-22,7.67
2009,1970-01-23,7.69
2010,1970-01-26,7.71
2011,1970-01-27,7.7
2012,1970-01-28,7.7
2013,1970-01-29,7.77
2014,1970-01-30,7.75
2015,1970-02-02,7.65
2016,1970-02-03,7.58
2017,1970-02-04,7.5
2018,1970-02-05,7.45
2019,1970-02-06,7.36
2020,1970-02-09,7.28
2021,1970-02-10,7.32
2022,1970-02-11,7.33
2023,1970-02-13,7.15
2024,1970-02-16,7.17
2025,1970-02-17,7.15
2026,1970-02-18,7.12
2027,1970-02-19,7.09
2028,1970-02-20,7.12
2029,1970-02-24,7.14
2030,1970-02-25,7.04
2031,1970-02-26,6.94
2032,1970-02-27,6.9
2033,1970-03-02,6.95
2034,1970-03-03,6.99
2035,1970-03-04,6.97
2036,1970-03-05,6.98
2037,1970-03-06,6.96
2038,1970-03-09,6.99
2039,1970-03-10,7.04
2040,1970-03-11,7.11
2041,1970-03-12,7.16
2042,1970-03-13,7.23
2043,1970-03-16,7.24
2044,1970-03-17,7.36
2045,1970-03-18,7.28
2046,1970-03-19,7.07
2047,1970-03-20,7.06
2048,1970-03-23,7.05
2049,1970-03-24,7.02
2050,1970-03-25,6.96
2051,1970-03-26,6.98
2052,1970-03-30,7.05
2053,1970-03-31,7.08
2054,1970-04-01,7.04
2055,1970-04-02,7.08
2056,1970-04-03,7.14
2057,1970-04-06,7.17
2058,1970-04-07,7.18
2059,1970-04-08,7.17
2060,1970-04-09,7.18
2061,1970-04-10,7.17
2062,1970-04-13,7.2
2063,1970-04-14,7.22
2064,1970-04-15,7.27
2065,1970-04-16,7.34
2066,1970-04-17,7.4
2067,1970-04-20,7.44
2068,1970-04-21,7.5
2069,1970-04-22,7.61
2070,1970-04-23,7.64
2071,1970-04-24,7.72
2072,1970-04-27,7.74
2073,1970-04-28,7.79
2074,1970-04-29,7.78
2075,1970-04-30,7.82
2076,1970-05-01,7.85
2077,1970-05-04,7.94
2078,1970-05-05,7.92
2079,1970-05-06,7.86
2080,1970-05-07,7.82
2081,1970-05-08,7.78
2082,1970-05-11,7.82
2083,1970-05-12,7.84
2084,1970-05-13,7.85
2085,1970-05-14,7.86
2086,1970-05-15,7.83
2087,1970-05-18,7.8
2088,1970-05-19,7.8
2089,1970-05-20,7.85
2090,1970-05-21,7.9
2091,1970-05-22,7.99
2092,1970-05-25,8.15
2093,1970-05-26,8.22
2094,1970-05-27,8.02
2095,1970-05-28,7.98
2096,1970-05-29,7.95
2097,1970-06-01,7.84
2098,1970-06-02,7.78
2099,1970-06-03,7.76
2100,1970-06-04,7.8
2101,1970-06-05,7.88
2102,1970-06-08,7.89
2103,1970-06-09,7.88
2104,1970-06-10,7.87
2105,1970-06-11,7.92
2106,1970-06-12,7.98
2107,1970-06-15,7.98
2108,1970-06-16,7.87
2109,1970-06-17,7.9
2110,1970-06-18,7.9
2111,1970-06-19,7.9
2112,1970-06-22,7.86
2113,1970-06-23,7.79
2114,1970-06-24,7.74
2115,1970-06-25,7.76
2116,1970-06-26,7.78
2117,1970-06-29,7.76
2118,1970-06-30,7.68
2119,1970-07-01,7.64
2120,1970-07-02,7.55
2121,1970-07-06,7.49
2122,1970-07-07,7.46
2123,1970-07-08,7.49
2124,1970-07-09,7.49
2125,1970-07-10,7.54
2126,1970-07-13,7.55
2127,1970-07-14,7.53
2128,1970-07-15,7.49
2129,1970-07-16,7.46
2130,1970-07-17,7.45
2131,1970-07-20,7.46
2132,1970-07-21,7.45
2133,1970-07-22,7.43
2134,1970-07-23,7.32
2135,1970-07-24,7.34
2136,1970-07-27,7.36
2137,1970-07-28,7.41
2138,1970-07-29,7.39
2139,1970-07-30,7.38
2140,1970-07-31,7.38
2141,1970-08-03,7.39
2142,1970-08-04,7.4
2143,1970-08-05,7.42
2144,1970-08-06,7.43
2145,1970-08-07,7.45
2146,1970-08-10,7.5
2147,1970-08-11,7.54
2148,1970-08-12,7.56
2149,1970-08-13,7.58
2150,1970-08-14,7.67
2151,1970-08-17,7.71
2152,1970-08-18,7.68
2153,1970-08-19,7.65
2154,1970-08-20,7.64
2155,1970-08-21,7.6
2156,1970-08-24,7.48
2157,1970-08-25,7.46
2158,1970-08-26,7.45
2159,1970-08-27,7.48
2160,1970-08-28,7.49
2161,1970-08-31,7.49
2162,1970-09-01,7.47
2163,1970-09-02,7.48
2164,1970-09-03,7.48
2165,1970-09-04,7.47
2166,1970-09-08,7.5
2167,1970-09-09,7.54
2168,1970-09-10,7.52
2169,1970-09-11,7.5
2170,1970-09-14,7.48
2171,1970-09-15,7.46
2172,1970-09-16,7.4
2173,1970-09-17,7.32
2174,1970-09-18,7.31
2175,1970-09-21,7.29
2176,1970-09-22,7.28
2177,1970-09-23,7.24
2178,1970-09-24,7.26
2179,1970-09-25,7.28
2180,1970-09-28,7.31
2181,1970-09-29,7.3
2182,1970-09-30,7.29
2183,1970-10-01,7.29
2184,1970-10-02,7.26
2185,1970-10-05,7.26
2186,1970-10-06,7.24
2187,1970-10-07,7.23
2188,1970-10-08,7.25
2189,1970-10-09,7.25
2190,1970-10-13,7.25
2191,1970-10-14,7.3
2192,1970-10-15,7.3
2193,1970-10-16,7.31
2194,1970-10-19,7.35
2195,1970-10-20,7.37
2196,1970-10-21,7.42
2197,1970-10-22,7.46
2198,1970-10-23,7.44
2199,1970-10-26,7.44
2200,1970-10-27,7.42
2201,1970-10-28,7.38
2202,1970-10-29,7.31
2203,1970-10-30,7.33
2204,1970-11-02,7.24
2205,1970-11-04,7.23
2206,1970-11-05,7.2
2207,1970-11-06,7.15
2208,1970-11-09,7.06
2209,1970-11-10,7.06
2210,1970-11-12,7.03
2211,1970-11-13,7.0
2212,1970-11-16,6.96
2213,1970-11-17,6.93
2214,1970-11-18,6.86
2215,1970-11-19,6.72
2216,1970-11-20,6.48
2217,1970-11-23,6.32
2218,1970-11-24,6.45
2219,1970-11-25,6.48
2220,1970-11-27,6.48
2221,1970-11-30,6.49
2222,1970-12-01,6.48
2223,1970-12-02,6.41
2224,1970-12-03,6.31
2225,1970-12-04,6.21
2226,1970-12-07,6.27
2227,1970-12-08,6.29
2228,1970-12-09,6.34
2229,1970-12-10,6.34
2230,1970-12-11,6.31
2231,1970-12-14,6.26
2232,1970-12-15,6.29
2233,1970-12-16,6.29
2234,1970-12-17,6.3
2235,1970-12-18,6.33
2236,1970-12-21,6.45
2237,1970-12-22,6.52
2238,1970-12-23,6.57
2239,1970-12-24,6.53
2240,1970-12-28,6.54
2241,1970-12-29,6.56
2242,1970-12-30,6.51
2243,1970-12-31,6.5
2244,1971-01-04,6.46
2245,1971-01-05,6.47
2246,1971-01-06,6.47
2247,1971-01-07,6.45
2248,1971-01-08,6.44
2249,1971-01-11,6.39
2250,1971-01-12,6.35
2251,1971-01-13,6.29
2252,1971-01-14,6.22
2253,1971-01-15,6.22
2254,1971-01-18,6.16
2255,1971-01-19,6.17
2256,1971-01-20,6.15
2257,1971-01-21,6.09
2258,1971-01-22,6.06
2259,1971-01-25,6.05
2260,1971-01-26,6.07
2261,1971-01-27,6.09
2262,1971-01-28,6.08
2263,1971-01-29,6.09
2264,1971-02-01,6.09
2265,1971-02-02,6.11
2266,1971-02-03,6.11
2267,1971-02-04,6.1
2268,1971-02-05,6.1
2269,1971-02-08,6.09
2270,1971-02-09,6.07
2271,1971-02-10,6.08
2272,1971-02-11,6.08
2273,1971-02-16,6.11
2274,1971-02-17,6.11
2275,1971-02-18,6.11
2276,1971-02-19,6.12
2277,1971-02-22,6.15
2278,1971-02-23,6.18
2279,1971-02-24,6.16
2280,1971-02-25,6.11
2281,1971-02-26,6.14
2282,1971-03-01,6.12
2283,1971-03-02,6.09
2284,1971-03-03,6.05
2285,1971-03-04,6.05
2286,1971-03-05,6.03
2287,1971-03-08,5.99
2288,1971-03-09,5.9
2289,1971-03-10,5.8
2290,1971-03-11,5.69
2291,1971-03-12,5.72
2292,1971-03-15,5.7
2293,1971-03-16,5.68
2294,1971-03-17,5.61
2295,1971-03-18,5.55
2296,1971-03-19,5.51
2297,1971-03-22,5.42
2298,1971-03-23,5.38
2299,1971-03-24,5.41
2300,1971-03-25,5.43
2301,1971-03-26,5.48
2302,1971-03-29,5.54
2303,1971-03-30,5.5
2304,1971-03-31,5.53
2305,1971-04-01,5.58
2306,1971-04-02,5.6
2307,1971-04-05,5.63
2308,1971-04-06,5.6
2309,1971-04-07,5.58
2310,1971-04-08,5.62
2311,1971-04-12,5.73
2312,1971-04-13,5.72
2313,1971-04-14,5.77
2314,1971-04-15,5.8
2315,1971-04-16,5.82
2316,1971-04-19,5.88
2317,1971-04-20,5.97
2318,1971-04-21,6.04
2319,1971-04-22,6.02
2320,1971-04-23,6.01
2321,1971-04-26,6.0
2322,1971-04-27,6.0
2323,1971-04-28,5.99
2324,1971-04-29,6.07
2325,1971-04-30,6.08
2326,1971-05-03,6.15
2327,1971-05-04,6.25
2328,1971-05-05,6.26
2329,1971-05-06,6.28
2330,1971-05-07,6.25
2331,1971-05-10,6.22
2332,1971-05-11,6.26
2333,1971-05-12,6.35
2334,1971-05-13,6.47
2335,1971-05-14,6.49
2336,1971-05-17,6.57
2337,1971-05-18,6.65
2338,1971-05-19,6.6
2339,1971-05-20,6.49
2340,1971-05-21,6.53
2341,1971-05-24,6.49
2342,1971-05-25,6.44
2343,1971-05-26,6.37
2344,1971-05-27,6.35
2345,1971-05-28,6.38
2346,1971-06-01,6.36
2347,1971-06-02,6.24
2348,1971-06-03,6.19
2349,1971-06-04,6.26
2350,1971-06-07,6.34
2351,1971-06-08,6.38
2352,1971-06-09,6.44
2353,1971-06-10,6.48
2354,1971-06-11,6.5
2355,1971-06-14,6.63
2356,1971-06-15,6.73
2357,1971-06-16,6.68
2358,1971-06-17,6.68
2359,1971-06-18,6.58
2360,1971-06-21,6.53
2361,1971-06-22,6.62
2362,1971-06-23,6.61
2363,1971-06-24,6.61
2364,1971-06-25,6.62
2365,1971-06-28,6.64
2366,1971-06-29,6.67
2367,1971-06-30,6.7
2368,1971-07-01,6.69
2369,1971-07-02,6.69
2370,1971-07-06,6.68
2371,1971-07-07,6.66
2372,1971-07-08,6.67
2373,1971-07-09,6.68
2374,1971-07-12,6.6
2375,1971-07-13,6.61
2376,1971-07-14,6.6
2377,1971-07-15,6.59
2378,1971-07-16,6.66
2379,1971-07-19,6.71
2380,1971-07-20,6.7
2381,1971-07-21,6.7
2382,1971-07-22,6.79
2383,1971-07-23,6.84
2384,1971-07-26,6.86
2385,1971-07-27,6.91
2386,1971-07-28,6.95
2387,1971-07-29,6.88
2388,1971-07-30,6.85
2389,1971-08-02,6.86
2390,1971-08-03,6.91
2391,1971-08-04,6.89
2392,1971-08-05,6.86
2393,1971-08-06,6.86
2394,1971-08-09,6.88
2395,1971-08-10,6.89
2396,1971-08-11,6.86
2397,1971-08-12,6.8
2398,1971-08-13,6.68
2399,1971-08-16,6.41
2400,1971-08-17,6.3
2401,1971-08-18,6.35
2402,1971-08-19,6.34
2403,1971-08-20,6.37
2404,1971-08-23,6.48
2405,1971-08-24,6.38
2406,1971-08-25,6.4
2407,1971-08-26,6.37
2408,1971-08-27,6.33
2409,1971-08-30,6.32
2410,1971-08-31,6.28
2411,1971-09-01,6.22
2412,1971-09-02,6.17
2413,1971-09-03,6.12
2414,1971-09-07,6.07
2415,1971-09-08,6.08
2416,1971-09-09,6.13
2417,1971-09-10,6.12
2418,1971-09-13,6.2
2419,1971-09-14,6.18
2420,1971-09-15,6.17
2421,1971-09-16,6.14
2422,1971-09-17,6.13
2423,1971-09-20,6.15
2424,1971-09-21,6.17
2425,1971-09-22,6.19
2426,1971-09-23,6.2
2427,1971-09-24,6.16
2428,1971-09-27,6.13
2429,1971-09-28,6.12
2430,1971-09-29,6.08
2431,1971-09-30,6.0
2432,1971-10-01,6.0
2433,1971-10-04,5.98
2434,1971-10-05,6.01
2435,1971-10-06,5.98
2436,1971-10-07,5.97
2437,1971-10-08,5.94
2438,1971-10-12,5.88
2439,1971-10-13,5.86
2440,1971-10-14,5.88
2441,1971-10-15,5.9
2442,1971-10-18,5.95
2443,1971-10-19,5.96
2444,1971-10-20,5.92
2445,1971-10-21,5.88
2446,1971-10-22,5.9
2447,1971-10-26,5.89
2448,1971-10-27,5.92
2449,1971-10-28,5.9
2450,1971-10-29,5.87
2451,1971-11-01,5.8
2452,1971-11-03,5.72
2453,1971-11-04,5.72
2454,1971-11-05,5.72
2455,1971-11-08,5.77
2456,1971-11-09,5.77
2457,1971-11-10,5.82
2458,1971-11-11,5.79
2459,1971-11-12,5.77
2460,1971-11-15,5.77
2461,1971-11-16,5.76
2462,1971-11-17,5.75
2463,1971-11-18,5.77
2464,1971-11-19,5.79
2465,1971-11-22,5.82
2466,1971-11-23,5.89
2467,1971-11-24,5.95
2468,1971-11-26,5.94
2469,1971-11-29,5.95
2470,1971-11-30,5.93
2471,1971-12-01,5.92
2472,1971-12-02,5.9
2473,1971-12-03,5.88
2474,1971-12-06,5.88
2475,1971-12-07,5.92
2476,1971-12-08,5.92
2477,1971-12-09,5.94
2478,1971-12-10,5.93
2479,1971-12-13,5.9
2480,1971-12-14,5.94
2481,1971-12-15,5.96
2482,1971-12-16,5.95
2483,1971-12-17,5.93
2484,1971-12-20,5.97
2485,1971-12-21,6.0
2486,1971-12-22,6.01
2487,1971-12-23,5.97
2488,1971-12-27,5.91
2489,1971-12-28,5.86
2490,1971-12-29,5.9
2491,1971-12-30,5.9
2492,1971-12-31,5.89
2493,1972-01-03,5.94
2494,1972-01-04,5.93
2495,1972-01-05,5.91
2496,1972-01-06,5.9
2497,1972-01-07,5.88
2498,1972-01-10,5.86
2499,1972-01-11,5.88
2500,1972-01-12,5.88
2501,1972-01-13,5.86
2502,1972-01-14,5.85
2503,1972-01-17,5.89
2504,1972-01-18,5.92
2505,1972-01-19,5.96
2506,1972-01-20,5.98
2507,1972-01-21,5.99
2508,1972-01-24,6.02
2509,1972-01-25,6.02
2510,1972-01-26,6.01
2511,1972-01-27,6.05
2512,1972-01-28,6.08
2513,1972-01-31,6.09
2514,1972-02-01,6.09
2515,1972-02-02,6.08
2516,1972-02-03,6.08
2517,1972-02-04,6.08
2518,1972-02-07,6.09
2519,1972-02-08,6.11
2520,1972-02-09,6.12
2521,1972-02-10,6.11
2522,1972-02-11,6.12
2523,1972-02-14,6.1
2524,1972-02-15,6.1
2525,1972-02-16,6.08
2526,1972-02-17,6.06
2527,1972-02-18,6.06
2528,1972-02-22,6.06
2529,1972-02-23,6.07
2530,1972-02-24,6.07
2531,1972-02-25,6.06
2532,1972-02-28,6.04
2533,1972-02-29,6.04
2534,1972-03-01,6.04
2535,1972-03-02,6.03
2536,1972-03-03,6.02
2537,1972-03-06,6.01
2538,1972-03-07,6.02
2539,1972-03-08,6.02
2540,1972-03-09,6.02
2541,1972-03-10,6.03
2542,1972-03-13,6.07
2543,1972-03-14,6.06
2544,1972-03-15,6.11
2545,1972-03-16,6.08
2546,1972-03-17,6.08
2547,1972-03-20,6.09
2548,1972-03-21,6.08
2549,1972-03-22,6.08
2550,1972-03-23,6.1
2551,1972-03-24,6.12
2552,1972-03-27,6.1
2553,1972-03-28,6.11
2554,1972-03-29,6.12
2555,1972-03-30,6.12
2556,1972-04-03,6.14
2557,1972-04-04,6.18
2558,1972-04-05,6.18
2559,1972-04-06,6.18
2560,1972-04-07,6.18
2561,1972-04-10,6.17
2562,1972-04-11,6.18
2563,1972-04-12,6.21
2564,1972-04-13,6.25
2565,1972-04-14,6.25
2566,1972-04-17,6.24
2567,1972-04-18,6.24
2568,1972-04-19,6.22
2569,1972-04-20,6.21
2570,1972-04-21,6.2
2571,1972-04-24,6.21
2572,1972-04-25,6.21
2573,1972-04-26,6.19
2574,1972-04-27,6.11
2575,1972-04-28,6.14
2576,1972-05-01,6.14
2577,1972-05-02,6.16
2578,1972-05-03,6.17
2579,1972-05-04,6.17
2580,1972-05-05,6.17
2581,1972-05-08,6.17
2582,1972-05-09,6.2
2583,1972-05-10,6.19
2584,1972-05-11,6.19
2585,1972-05-12,6.16
2586,1972-05-15,6.16
2587,1972-05-16,6.16
2588,1972-05-17,6.15
2589,1972-05-18,6.13
2590,1972-05-19,6.1
2591,1972-05-22,6.07
2592,1972-05-23,6.05
2593,1972-05-24,6.06
2594,1972-05-25,6.04
2595,1972-05-26,6.04
2596,1972-05-30,6.05
2597,1972-05-31,6.05
2598,1972-06-01,6.07
2599,1972-06-02,6.09
2600,1972-06-05,6.1
2601,1972-06-06,6.13
2602,1972-06-07,6.12
2603,1972-06-08,6.12
2604,1972-06-09,6.11
2605,1972-06-12,6.1
2606,1972-06-13,6.1
2607,1972-06-14,6.1
2608,1972-06-15,6.1
2609,1972-06-16,6.1
2610,1972-06-19,6.08
2611,1972-06-20,6.08
2612,1972-06-21,6.09
2613,1972-06-22,6.11
2614,1972-06-23,6.1
2615,1972-06-26,6.12
2616,1972-06-27,6.12
2617,1972-06-28,6.12
2618,1972-06-29,6.14
2619,1972-06-30,6.15
2620,1972-07-03,6.14
2621,1972-07-05,6.13
2622,1972-07-06,6.13
2623,1972-07-07,6.13
2624,1972-07-10,6.13
2625,1972-07-11,6.13
2626,1972-07-12,6.12
2627,1972-07-13,6.11
2628,1972-07-14,6.1
2629,1972-07-17,6.11
2630,1972-07-18,6.11
2631,1972-07-19,6.09
2632,1972-07-20,6.09
2633,1972-07-21,6.1
2634,1972-07-24,6.1
2635,1972-07-25,6.09
2636,1972-07-26,6.08
2637,1972-07-27,6.13
2638,1972-07-28,6.12
2639,1972-07-31,6.12
2640,1972-08-01,6.14
2641,1972-08-02,6.14
2642,1972-08-03,6.15
2643,1972-08-04,6.16
2644,1972-08-07,6.16
2645,1972-08-08,6.15
2646,1972-08-09,6.14
2647,1972-08-10,6.14
2648,1972-08-11,6.14
2649,1972-08-14,6.16
2650,1972-08-15,6.17
2651,1972-08-16,6.18
2652,1972-08-17,6.2
2653,1972-08-18,6.21
2654,1972-08-21,6.21
2655,1972-08-22,6.2
2656,1972-08-23,6.22
2657,1972-08-24,6.23
2658,1972-08-25,6.26
2659,1972-08-28,6.3
2660,1972-08-29,6.34
2661,1972-08-30,6.42
2662,1972-08-31,6.42
2663,1972-09-01,6.43
2664,1972-09-05,6.46
2665,1972-09-06,6.49
2666,1972-09-07,6.52
2667,1972-09-08,6.56
2668,1972-09-11,6.54
2669,1972-09-12,6.54
2670,1972-09-13,6.54
2671,1972-09-14,6.57
2672,1972-09-15,6.56
2673,1972-09-18,6.55
2674,1972-09-19,6.55
2675,1972-09-20,6.56
2676,1972-09-21,6.59
2677,1972-09-22,6.62
2678,1972-09-25,6.62
2679,1972-09-26,6.6
2680,1972-09-27,6.59
2681,1972-09-28,6.56
2682,1972-09-29,6.54
2683,1972-10-02,6.54
2684,1972-10-03,6.54
2685,1972-10-04,6.53
2686,1972-10-05,6.53
2687,1972-10-06,6.52
2688,1972-10-10,6.48
2689,1972-10-11,6.47
2690,1972-10-12,6.5
2691,1972-10-13,6.5
2692,1972-10-16,6.49
2693,1972-10-17,6.49
2694,1972-10-18,6.49
2695,1972-10-19,6.48
2696,1972-10-20,6.47
2697,1972-10-24,6.45
2698,1972-10-25,6.44
2699,1972-10-26,6.42
2700,1972-10-27,6.42
2701,1972-10-30,6.42
2702,1972-10-31,6.41
2703,1972-11-01,6.39
2704,1972-11-02,6.34
2705,1972-11-03,6.3
2706,1972-11-06,6.27
2707,1972-11-08,6.3
2708,1972-11-09,6.3
2709,1972-11-10,6.3
2710,1972-11-13,6.27
2711,1972-11-14,6.26
2712,1972-11-15,6.23
2713,1972-11-16,6.24
2714,1972-11-17,6.24
2715,1972-11-20,6.23
2716,1972-11-21,6.26
2717,1972-11-22,6.27
2718,1972-11-24,6.27
2719,1972-11-27,6.3
2720,1972-11-28,6.29
2721,1972-11-29,6.27
2722,1972-11-30,6.28
2723,1972-12-01,6.29
2724,1972-12-04,6.3
2725,1972-12-05,6.31
2726,1972-12-06,6.31
2727,1972-12-07,6.31
2728,1972-12-08,6.32
2729,1972-12-11,6.34
2730,1972-12-12,6.35
2731,1972-12-13,6.35
2732,1972-12-14,6.35
2733,1972-12-15,6.35
2734,1972-12-18,6.38
2735,1972-12-19,6.4
2736,1972-12-20,6.4
2737,1972-12-21,6.4
2738,1972-12-22,6.4
2739,1972-12-26,6.39
2740,1972-12-27,6.4
2741,1972-12-28,6.41
2742,1972-12-29,6.41
2743,1973-01-02,6.43
2744,1973-01-03,6.42
2745,1973-01-04,6.4
2746,1973-01-05,6.42
2747,1973-01-08,6.43
2748,1973-01-09,6.42
2749,1973-01-10,6.43
2750,1973-01-11,6.43
2751,1973-01-12,6.44
2752,1973-01-15,6.44
2753,1973-01-16,6.44
2754,1973-01-17,6.45
2755,1973-01-18,6.46
2756,1973-01-19,6.49
2757,1973-01-22,6.5
2758,1973-01-23,6.48
2759,1973-01-24,6.49
2760,1973-01-25,6.51
2761,1973-01-26,6.53
2762,1973-01-29,6.55
2763,1973-01-30,6.52
2764,1973-01-31,6.54
2765,1973-02-01,6.6
2766,1973-02-02,6.64
2767,1973-02-05,6.64
2768,1973-02-06,6.64
2769,1973-02-07,6.64
2770,1973-02-08,6.66
2771,1973-02-09,6.63
2772,1973-02-13,6.61
2773,1973-02-14,6.62
2774,1973-02-15,6.62
2775,1973-02-16,6.63
2776,1973-02-20,6.66
2777,1973-02-21,6.66
2778,1973-02-22,6.65
2779,1973-02-23,6.61
2780,1973-02-26,6.65
2781,1973-02-27,6.64
2782,1973-02-28,6.64
2783,1973-03-01,6.65
2784,1973-03-02,6.67
2785,1973-03-05,6.68
2786,1973-03-06,6.68
2787,1973-03-07,6.66
2788,1973-03-08,6.67
2789,1973-03-09,6.68
2790,1973-03-12,6.68
2791,1973-03-13,6.7
2792,1973-03-14,6.71
2793,1973-03-15,6.73
2794,1973-03-16,6.77
2795,1973-03-19,6.75
2796,1973-03-20,6.76
2797,1973-03-21,6.76
2798,1973-03-22,6.76
2799,1973-03-23,6.76
2800,1973-03-26,6.73
2801,1973-03-27,6.72
2802,1973-03-28,6.67
2803,1973-03-29,6.68
2804,1973-03-30,6.73
2805,1973-04-02,6.74
2806,1973-04-03,6.73
2807,1973-04-04,6.7
2808,1973-04-05,6.68
2809,1973-04-06,6.64
2810,1973-04-09,6.62
2811,1973-04-10,6.64
2812,1973-04-11,6.65
2813,1973-04-12,6.66
2814,1973-04-13,6.63
2815,1973-04-16,6.62
2816,1973-04-17,6.64
2817,1973-04-18,6.64
2818,1973-04-19,6.66
2819,1973-04-23,6.73
2820,1973-04-24,6.66
2821,1973-04-25,6.66
2822,1973-04-26,6.68
2823,1973-04-27,6.69
2824,1973-04-30,6.7
2825,1973-05-01,6.72
2826,1973-05-02,6.76
2827,1973-05-03,6.77
2828,1973-05-04,6.79
2829,1973-05-07,6.81
2830,1973-05-08,6.8
2831,1973-05-09,6.8
2832,1973-05-10,6.81
2833,1973-05-11,6.82
2834,1973-05-14,6.83
2835,1973-05-15,6.86
2836,1973-05-16,6.84
2837,1973-05-17,6.85
2838,1973-05-18,6.86
2839,1973-05-21,6.89
2840,1973-05-22,6.9
2841,1973-05-23,6.92
2842,1973-05-24,6.91
2843,1973-05-25,6.91
2844,1973-05-29,6.93
2845,1973-05-30,6.93
2846,1973-05-31,6.93
2847,1973-06-01,6.96
2848,1973-06-04,6.98
2849,1973-06-05,6.95
2850,1973-06-06,6.89
2851,1973-06-07,6.89
2852,1973-06-08,6.87
2853,1973-06-11,6.87
2854,1973-06-12,6.86
2855,1973-06-13,6.85
2856,1973-06-14,6.85
2857,1973-06-15,6.86
2858,1973-06-18,6.87
2859,1973-06-19,6.87
2860,1973-06-20,6.89
2861,1973-06-21,6.89
2862,1973-06-22,6.91
2863,1973-06-25,6.93
2864,1973-06-26,6.93
2865,1973-06-27,6.92
2866,1973-06-28,6.92
2867,1973-06-29,6.94
2868,1973-07-02,7.01
2869,1973-07-03,7.01
2870,1973-07-05,7.01
2871,1973-07-06,7.03
2872,1973-07-09,7.05
2873,1973-07-10,7.05
2874,1973-07-11,7.05
2875,1973-07-12,7.04
2876,1973-07-13,7.05
2877,1973-07-16,7.06
2878,1973-07-17,7.06
2879,1973-07-18,7.07
2880,1973-07-19,7.11
2881,1973-07-20,7.17
2882,1973-07-23,7.17
2883,1973-07-24,7.19
2884,1973-07-25,7.19
2885,1973-07-26,7.28
2886,1973-07-27,7.35
2887,1973-07-30,7.37
2888,1973-07-31,7.43
2889,1973-08-01,7.55
2890,1973-08-02,7.52
2891,1973-08-03,7.53
2892,1973-08-06,7.54
2893,1973-08-07,7.58
2894,1973-08-08,7.52
2895,1973-08-09,7.54
2896,1973-08-10,7.52
2897,1973-08-13,7.47
2898,1973-08-14,7.46
2899,1973-08-15,7.45
2900,1973-08-16,7.37
2901,1973-08-17,7.28
2902,1973-08-20,7.38
2903,1973-08-21,7.36
2904,1973-08-22,7.39
2905,1973-08-23,7.31
2906,1973-08-24,7.23
2907,1973-08-27,7.26
2908,1973-08-28,7.29
2909,1973-08-29,7.26
2910,1973-08-30,7.25
2911,1973-08-31,7.25
2912,1973-09-04,7.21
2913,1973-09-05,7.11
2914,1973-09-06,7.1
2915,1973-09-07,7.11
2916,1973-09-10,7.16
2917,1973-09-11,7.19
2918,1973-09-12,7.2
2919,1973-09-13,7.21
2920,1973-09-14,7.21
2921,1973-09-17,7.16
2922,1973-09-18,7.08
2923,1973-09-19,7.1
2924,1973-09-20,7.09
2925,1973-09-21,7.02
2926,1973-09-24,7.0
2927,1973-09-25,6.96
2928,1973-09-26,6.97
2929,1973-09-27,6.94
2930,1973-09-28,6.9
2931,1973-10-01,6.91
2932,1973-10-02,6.89
2933,1973-10-03,6.9
2934,1973-10-04,6.88
2935,1973-10-05,6.86
2936,1973-10-09,6.78
2937,1973-10-10,6.77
2938,1973-10-11,6.78
2939,1973-10-12,6.75
2940,1973-10-15,6.77
2941,1973-10-16,6.81
2942,1973-10-17,6.82
2943,1973-10-18,6.81
2944,1973-10-19,6.8
2945,1973-10-23,6.8
2946,1973-10-24,6.75
2947,1973-10-25,6.73
2948,1973-10-26,6.72
2949,1973-10-29,6.72
2950,1973-10-30,6.72
2951,1973-10-31,6.71
2952,1973-11-01,6.71
2953,1973-11-02,6.72
2954,1973-11-05,6.74
2955,1973-11-07,6.76
2956,1973-11-08,6.77
2957,1973-11-09,6.76
2958,1973-11-12,6.76
2959,1973-11-13,6.76
2960,1973-11-14,6.79
2961,1973-11-15,6.76
2962,1973-11-16,6.72
2963,1973-11-19,6.71
2964,1973-11-20,6.72
2965,1973-11-21,6.71
2966,1973-11-23,6.7
2967,1973-11-26,6.69
2968,1973-11-27,6.7
2969,1973-11-28,6.7
2970,1973-11-29,6.7
2971,1973-11-30,6.69
2972,1973-12-03,6.69
2973,1973-12-04,6.69
2974,1973-12-05,6.72
2975,1973-12-06,6.75
2976,1973-12-07,6.74
2977,1973-12-10,6.71
2978,1973-12-11,6.69
2979,1973-12-12,6.69
2980,1973-12-13,6.68
2981,1973-12-14,6.68
2982,1973-12-17,6.67
2983,1973-12-18,6.68
2984,1973-12-19,6.71
2985,1973-12-20,6.73
2986,1973-12-21,6.78
2987,1973-12-26,6.83
2988,1973-12-27,6.88
2989,1973-12-28,6.91
2990,1973-12-31,6.9
2991,1974-01-02,6.94
2992,1974-01-03,6.96
2993,1974-01-04,6.94
2994,1974-01-07,6.96
2995,1974-01-08,6.96
2996,1974-01-09,6.96
2997,1974-01-10,7.0
2998,1974-01-11,7.01
2999,1974-01-14,7.01
3000,1974-01-15,6.99
3001,1974-01-16,6.99
3002,1974-01-17,6.97
3003,1974-01-18,6.98
3004,1974-01-21,6.99
3005,1974-01-22,7.0
3006,1974-01-23,7.01
3007,1974-01-24,7.02
3008,1974-01-25,7.02
3009,1974-01-28,7.01
3010,1974-01-29,7.02
3011,1974-01-30,7.01
3012,1974-01-31,7.0
3013,1974-02-01,7.0
3014,1974-02-04,6.98
3015,1974-02-05,6.95
3016,1974-02-06,6.93
3017,1974-02-07,6.93
3018,1974-02-08,6.93
3019,1974-02-11,6.93
3020,1974-02-13,6.93
3021,1974-02-14,6.93
3022,1974-02-15,6.93
3023,1974-02-19,6.93
3024,1974-02-20,6.96
3025,1974-02-21,6.98
3026,1974-02-22,6.97
3027,1974-02-25,6.96
3028,1974-02-26,6.98
3029,1974-02-27,7.0
3030,1974-02-28,7.01
3031,1974-03-01,7.08
3032,1974-03-04,7.09
3033,1974-03-05,7.1
3034,1974-03-06,7.09
3035,1974-03-07,7.06
3036,1974-03-08,7.06
3037,1974-03-11,7.08
3038,1974-03-12,7.09
3039,1974-03-13,7.13
3040,1974-03-14,7.13
3041,1974-03-15,7.18
3042,1974-03-18,7.23
3043,1974-03-19,7.24
3044,1974-03-20,7.27
3045,1974-03-21,7.3
3046,1974-03-22,7.35
3047,1974-03-25,7.39
3048,1974-03-26,7.38
3049,1974-03-27,7.35
3050,1974-03-28,7.38
3051,1974-03-29,7.41
3052,1974-04-01,7.42
3053,1974-04-02,7.43
3054,1974-04-03,7.43
3055,1974-04-04,7.51
3056,1974-04-05,7.54
3057,1974-04-08,7.5
3058,1974-04-09,7.49
3059,1974-04-10,7.46
3060,1974-04-11,7.45
3061,1974-04-15,7.42
3062,1974-04-16,7.43
3063,1974-04-17,7.45
3064,1974-04-18,7.5
3065,1974-04-19,7.51
3066,1974-04-22,7.52
3067,1974-04-23,7.54
3068,1974-04-24,7.58
3069,1974-04-25,7.63
3070,1974-04-26,7.64
3071,1974-04-29,7.65
3072,1974-04-30,7.66
3073,1974-05-01,7.62
3074,1974-05-02,7.58
3075,1974-05-03,7.65
3076,1974-05-06,7.65
3077,1974-05-07,7.65
3078,1974-05-08,7.65
3079,1974-05-09,7.7
3080,1974-05-10,7.63
3081,1974-05-13,7.54
3082,1974-05-14,7.57
3083,1974-05-15,7.55
3084,1974-05-16,7.54
3085,1974-05-17,7.57
3086,1974-05-20,7.58
3087,1974-05-21,7.57
3088,1974-05-22,7.56
3089,1974-05-23,7.52
3090,1974-05-24,7.49
3091,1974-05-28,7.5
3092,1974-05-29,7.52
3093,1974-05-30,7.51
3094,1974-05-31,7.52
3095,1974-06-03,7.53
3096,1974-06-04,7.52
3097,1974-06-05,7.52
3098,1974-06-06,7.5
3099,1974-06-07,7.46
3100,1974-06-10,7.47
3101,1974-06-11,7.48
3102,1974-06-12,7.5
3103,1974-06-13,7.5
3104,1974-06-14,7.5
3105,1974-06-17,7.49
3106,1974-06-18,7.52
3107,1974-06-19,7.52
3108,1974-06-20,7.55
3109,1974-06-21,7.55
3110,1974-06-24,7.58
3111,1974-06-25,7.62
3112,1974-06-26,7.62
3113,1974-06-27,7.64
3114,1974-06-28,7.64
3115,1974-07-01,7.65
3116,1974-07-02,7.65
3117,1974-07-03,7.7
3118,1974-07-05,7.71
3119,1974-07-08,7.77
3120,1974-07-09,7.81
3121,1974-07-10,7.82
3122,1974-07-11,7.84
3123,1974-07-12,7.85
3124,1974-07-15,7.86
3125,1974-07-16,7.88
3126,1974-07-17,7.91
3127,1974-07-18,7.9
3128,1974-07-19,7.87
3129,1974-07-22,7.77
3130,1974-07-23,7.79
3131,1974-07-24,7.76
3132,1974-07-25,7.75
3133,1974-07-26,7.79
3134,1974-07-29,7.85
3135,1974-07-30,7.89
3136,1974-07-31,7.89
3137,1974-08-01,7.92
3138,1974-08-02,7.96
3139,1974-08-05,7.99
3140,1974-08-06,7.97
3141,1974-08-07,7.97
3142,1974-08-08,7.97
3143,1974-08-09,8.03
3144,1974-08-12,8.05
3145,1974-08-13,8.06
3146,1974-08-14,8.05
3147,1974-08-15,8.02
3148,1974-08-16,8.0
3149,1974-08-19,7.98
3150,1974-08-20,7.99
3151,1974-08-21,8.05
3152,1974-08-22,8.09
3153,1974-08-23,8.15
3154,1974-08-26,8.16
3155,1974-08-27,8.15
3156,1974-08-28,8.15
3157,1974-08-29,8.15
3158,1974-08-30,8.11
3159,1974-09-03,8.11
3160,1974-09-04,8.12
3161,1974-09-05,8.1
3162,1974-09-06,8.09
3163,1974-09-09,8.02
3164,1974-09-10,8.04
3165,1974-09-11,8.05
3166,1974-09-12,8.13
3167,1974-09-13,8.13
3168,1974-09-16,8.1
3169,1974-09-17,8.09
3170,1974-09-18,8.08
3171,1974-09-19,8.04
3172,1974-09-20,8.02
3173,1974-09-23,7.91
3174,1974-09-24,7.94
3175,1974-09-25,7.94
3176,1974-09-26,7.96
3177,1974-09-27,7.94
3178,1974-09-30,7.94
3179,1974-10-01,7.97
3180,1974-10-02,7.98
3181,1974-10-03,8.04
3182,1974-10-04,8.02
3183,1974-10-07,8.01
3184,1974-10-08,7.95
3185,1974-10-09,7.95
3186,1974-10-10,7.93
3187,1974-10-11,7.88
3188,1974-10-15,7.87
3189,1974-10-16,7.87
3190,1974-10-17,7.88
3191,1974-10-18,7.86
3192,1974-10-21,7.81
3193,1974-10-22,7.81
3194,1974-10-23,7.85
3195,1974-10-24,7.87
3196,1974-10-25,7.86
3197,1974-10-28,7.88
3198,1974-10-29,7.84
3199,1974-10-30,7.81
3200,1974-10-31,7.79
3201,1974-11-01,7.8
3202,1974-11-04,7.8
3203,1974-11-06,7.76
3204,1974-11-07,7.74
3205,1974-11-08,7.72
3206,1974-11-12,7.78
3207,1974-11-13,7.75
3208,1974-11-14,7.72
3209,1974-11-15,7.61
3210,1974-11-18,7.63
3211,1974-11-19,7.63
3212,1974-11-20,7.59
3213,1974-11-21,7.6
3214,1974-11-22,7.6
3215,1974-11-25,7.62
3216,1974-11-26,7.63
3217,1974-11-27,7.64
3218,1974-11-29,7.64
3219,1974-12-02,7.71
3220,1974-12-03,7.74
3221,1974-12-04,7.68
3222,1974-12-05,7.64
3223,1974-12-06,7.59
3224,1974-12-09,7.4
3225,1974-12-10,7.42
3226,1974-12-11,7.38
3227,1974-12-12,7.39
3228,1974-12-13,7.38
3229,1974-12-16,7.34
3230,1974-12-17,7.28
3231,1974-12-18,7.25
3232,1974-12-19,7.25
3233,1974-12-20,7.27
3234,1974-12-23,7.41
3235,1974-12-24,7.43
3236,1974-12-26,7.37
3237,1974-12-27,7.39
3238,1974-12-30,7.39
3239,1974-12-31,7.4
3240,1975-01-02,7.42
3241,1975-01-03,7.43
3242,1975-01-06,7.39
3243,1975-01-07,7.38
3244,1975-01-08,7.39
3245,1975-01-09,7.35
3246,1975-01-10,7.37
3247,1975-01-13,7.46
3248,1975-01-14,7.49
3249,1975-01-15,7.54
3250,1975-01-16,7.54
3251,1975-01-17,7.53
3252,1975-01-20,7.59
3253,1975-01-21,7.55
3254,1975-01-22,7.51
3255,1975-01-23,7.57
3256,1975-01-24,7.64
3257,1975-01-27,7.61
3258,1975-01-28,7.61
3259,1975-01-29,7.59
3260,1975-01-30,7.54
3261,1975-01-31,7.53
3262,1975-02-03,7.49
3263,1975-02-04,7.47
3264,1975-02-05,7.35
3265,1975-02-06,7.43
3266,1975-02-07,7.38
3267,1975-02-10,7.45
3268,1975-02-11,7.42
3269,1975-02-13,7.44
3270,1975-02-14,7.35
3271,1975-02-18,7.28
3272,1975-02-19,7.26
3273,1975-02-20,7.3
3274,1975-02-21,7.22
3275,1975-02-24,7.36
3276,1975-02-25,7.43
3277,1975-02-26,7.5
3278,1975-02-27,7.47
3279,1975-02-28,7.46
3280,1975-03-03,7.5
3281,1975-03-04,7.53
3282,1975-03-05,7.48
3283,1975-03-06,7.49
3284,1975-03-07,7.52
3285,1975-03-10,7.56
3286,1975-03-11,7.58
3287,1975-03-12,7.58
3288,1975-03-13,7.56
3289,1975-03-14,7.58
3290,1975-03-17,7.7
3291,1975-03-18,7.7
3292,1975-03-19,7.8
3293,1975-03-20,7.95
3294,1975-03-21,7.84
3295,1975-03-24,8.05
3296,1975-03-25,8.03
3297,1975-03-26,8.02
3298,1975-03-27,8.08
3299,1975-03-31,8.01
3300,1975-04-01,8.08
3301,1975-04-02,8.22
3302,1975-04-03,8.13
3303,1975-04-04,8.15
3304,1975-04-07,8.26
3305,1975-04-08,8.21
3306,1975-04-09,8.17
3307,1975-04-10,8.19
3308,1975-04-11,8.22
3309,1975-04-14,8.16
3310,1975-04-15,8.16
3311,1975-04-16,8.15
3312,1975-04-17,8.21
3313,1975-04-18,8.27
3314,1975-04-21,8.32
3315,1975-04-22,8.32
3316,1975-04-23,8.27
3317,1975-04-24,8.25
3318,1975-04-25,8.25
3319,1975-04-28,8.35
3320,1975-04-29,8.34
3321,1975-04-30,8.31
3322,1975-05-01,8.31
3323,1975-05-02,8.11
3324,1975-05-05,8.08
3325,1975-05-06,8.11
3326,1975-05-07,8.07
3327,1975-05-08,8.09
3328,1975-05-09,8.08
3329,1975-05-12,8.07
3330,1975-05-13,8.06
3331,1975-05-14,8.02
3332,1975-05-15,8.02
3333,1975-05-16,8.01
3334,1975-05-19,8.0
3335,1975-05-20,7.98
3336,1975-05-21,7.98
3337,1975-05-22,8.02
3338,1975-05-23,8.02
3339,1975-05-27,7.98
3340,1975-05-28,8.02
3341,1975-05-29,8.18
3342,1975-05-30,8.04
3343,1975-06-02,8.02
3344,1975-06-03,8.0
3345,1975-06-04,7.99
3346,1975-06-05,7.97
3347,1975-06-06,7.88
3348,1975-06-09,7.78
3349,1975-06-10,7.77
3350,1975-06-11,7.65
3351,1975-06-12,7.67
3352,1975-06-13,7.69
3353,1975-06-16,7.66
3354,1975-06-17,7.72
3355,1975-06-18,7.83
3356,1975-06-19,7.8
3357,1975-06-20,7.94
3358,1975-06-23,7.9
3359,1975-06-24,7.9
3360,1975-06-25,8.02
3361,1975-06-26,7.98
3362,1975-06-27,7.95
3363,1975-06-30,7.96
3364,1975-07-01,7.97
3365,1975-07-02,8.05
3366,1975-07-03,8.05
3367,1975-07-07,8.06
3368,1975-07-08,8.01
3369,1975-07-09,8.02
3370,1975-07-10,8.02
3371,1975-07-11,7.99
3372,1975-07-14,7.99
3373,1975-07-15,7.98
3374,1975-07-16,8.03
3375,1975-07-17,8.04
3376,1975-07-18,8.06
3377,1975-07-21,8.07
3378,1975-07-22,8.1
3379,1975-07-23,8.09
3380,1975-07-24,8.09
3381,1975-07-25,8.12
3382,1975-07-28,8.12
3383,1975-07-29,8.13
3384,1975-07-30,8.16
3385,1975-07-31,8.2
3386,1975-08-01,8.26
3387,1975-08-04,8.37
3388,1975-08-05,8.37
3389,1975-08-06,8.4
3390,1975-08-07,8.48
3391,1975-08-08,8.4
3392,1975-08-11,8.38
3393,1975-08-12,8.4
3394,1975-08-13,8.39
3395,1975-08-14,8.45
3396,1975-08-15,8.48
3397,1975-08-18,8.46
3398,1975-08-19,8.42
3399,1975-08-20,8.42
3400,1975-08-21,8.48
3401,1975-08-22,8.46
3402,1975-08-25,8.46
3403,1975-08-26,8.4
3404,1975-08-27,8.37
3405,1975-08-28,8.28
3406,1975-08-29,8.22
3407,1975-09-02,8.26
3408,1975-09-03,8.29
3409,1975-09-04,8.29
3410,1975-09-05,8.35
3411,1975-09-08,8.36
3412,1975-09-09,8.4
3413,1975-09-10,8.46
3414,1975-09-11,8.55
3415,1975-09-12,8.57
3416,1975-09-15,8.58
3417,1975-09-16,8.59
3418,1975-09-17,8.53
3419,1975-09-18,8.5
3420,1975-09-19,8.42
3421,1975-09-22,8.38
3422,1975-09-23,8.35
3423,1975-09-24,8.31
3424,1975-09-25,8.38
3425,1975-09-26,8.45
3426,1975-09-29,8.46
3427,1975-09-30,8.48
3428,1975-10-01,8.47
3429,1975-10-02,8.44
3430,1975-10-03,8.33
3431,1975-10-06,8.3
3432,1975-10-07,8.33
3433,1975-10-08,8.3
3434,1975-10-09,8.23
3435,1975-10-10,8.15
3436,1975-10-14,8.19
3437,1975-10-15,8.19
3438,1975-10-16,8.07
3439,1975-10-17,8.07
3440,1975-10-20,8.07
3441,1975-10-21,8.05
3442,1975-10-22,8.05
3443,1975-10-23,7.99
3444,1975-10-24,8.0
3445,1975-10-27,8.0
3446,1975-10-28,7.99
3447,1975-10-29,7.98
3448,1975-10-30,7.92
3449,1975-10-31,7.91
3450,1975-11-03,7.97
3451,1975-11-05,7.91
3452,1975-11-06,7.94
3453,1975-11-07,7.91
3454,1975-11-10,7.9
3455,1975-11-12,7.95
3456,1975-11-13,7.97
3457,1975-11-14,8.06
3458,1975-11-17,8.08
3459,1975-11-18,8.13
3460,1975-11-19,8.14
3461,1975-11-20,8.12
3462,1975-11-21,8.21
3463,1975-11-24,8.16
3464,1975-11-25,8.16
3465,1975-11-26,8.15
3466,1975-11-28,8.14
3467,1975-12-01,8.12
3468,1975-12-02,8.1
3469,1975-12-03,8.1
3470,1975-12-04,8.15
3471,1975-12-05,8.13
3472,1975-12-08,8.19
3473,1975-12-09,8.23
3474,1975-12-10,8.23
3475,1975-12-11,8.16
3476,1975-12-12,8.12
3477,1975-12-15,8.06
3478,1975-12-16,8.0
3479,1975-12-17,7.95
3480,1975-12-18,7.96
3481,1975-12-19,7.88
3482,1975-12-22,7.87
3483,1975-12-23,7.87
3484,1975-12-24,7.82
3485,1975-12-26,7.75
3486,1975-12-29,7.75
3487,1975-12-30,7.73
3488,1975-12-31,7.76
3489,1976-01-02,7.77
3490,1976-01-05,7.74
3491,1976-01-06,7.64
3492,1976-01-07,7.69
3493,1976-01-08,7.74
3494,1976-01-09,7.64
3495,1976-01-12,7.63
3496,1976-01-13,7.64
3497,1976-01-14,7.71
3498,1976-01-15,7.73
3499,1976-01-16,7.79
3500,1976-01-19,7.76
3501,1976-01-20,7.71
3502,1976-01-21,7.78
3503,1976-01-22,7.8
3504,1976-01-23,7.78
3505,1976-01-26,7.79
3506,1976-01-27,7.8
3507,1976-01-28,7.83
3508,1976-01-29,7.82
3509,1976-01-30,7.8
3510,1976-02-02,7.8
3511,1976-02-03,7.82
3512,1976-02-04,7.85
3513,1976-02-05,7.83
3514,1976-02-06,7.88
3515,1976-02-09,7.86
3516,1976-02-10,7.88
3517,1976-02-11,7.85
3518,1976-02-13,7.82
3519,1976-02-17,7.78
3520,1976-02-18,7.79
3521,1976-02-19,7.8
3522,1976-02-20,7.77
3523,1976-02-23,7.72
3524,1976-02-24,7.69
3525,1976-02-25,7.68
3526,1976-02-26,7.68
3527,1976-02-27,7.77
3528,1976-03-01,7.86
3529,1976-03-02,7.82
3530,1976-03-03,7.82
3531,1976-03-04,7.85
3532,1976-03-05,7.8
3533,1976-03-08,7.76
3534,1976-03-09,7.78
3535,1976-03-10,7.76
3536,1976-03-11,7.77
3537,1976-03-12,7.71
3538,1976-03-15,7.74
3539,1976-03-16,7.76
3540,1976-03-17,7.76
3541,1976-03-18,7.73
3542,1976-03-19,7.74
3543,1976-03-22,7.68
3544,1976-03-23,7.67
3545,1976-03-24,7.65
3546,1976-03-25,7.64
3547,1976-03-26,7.64
3548,1976-03-29,7.64
3549,1976-03-30,7.65
3550,1976-03-31,7.66
3551,1976-04-01,7.68
3552,1976-04-02,7.67
3553,1976-04-05,7.62
3554,1976-04-06,7.59
3555,1976-04-07,7.56
3556,1976-04-08,7.55
3557,1976-04-09,7.52
3558,1976-04-12,7.52
3559,1976-04-13,7.5
3560,1976-04-14,7.47
3561,1976-04-15,7.47
3562,1976-04-19,7.51
3563,1976-04-20,7.5
3564,1976-04-21,7.47
3565,1976-04-22,7.52
3566,1976-04-23,7.59
3567,1976-04-26,7.61
3568,1976-04-27,7.62
3569,1976-04-28,7.6
3570,1976-04-29,7.61
3571,1976-04-30,7.67
3572,1976-05-03,7.69
3573,1976-05-04,7.66
3574,1976-05-05,7.68
3575,1976-05-06,7.78
3576,1976-05-07,7.87
3577,1976-05-10,7.92
3578,1976-05-11,7.92
3579,1976-05-12,7.94
3580,1976-05-13,7.92
3581,1976-05-14,7.93
3582,1976-05-17,7.94
3583,1976-05-18,7.94
3584,1976-05-19,7.94
3585,1976-05-20,7.95
3586,1976-05-21,8.0
3587,1976-05-24,7.98
3588,1976-05-25,7.94
3589,1976-05-26,7.95
3590,1976-05-27,7.99
3591,1976-05-28,7.96
3592,1976-06-01,7.94
3593,1976-06-02,7.94
3594,1976-06-03,7.92
3595,1976-06-04,7.89
3596,1976-06-07,7.88
3597,1976-06-08,7.9
3598,1976-06-09,7.9
3599,1976-06-10,7.86
3600,1976-06-11,7.86
3601,1976-06-14,7.84
3602,1976-06-15,7.85
3603,1976-06-16,7.87
3604,1976-06-17,7.85
3605,1976-06-18,7.81
3606,1976-06-21,7.8
3607,1976-06-22,7.81
3608,1976-06-23,7.81
3609,1976-06-24,7.81
3610,1976-06-25,7.83
3611,1976-06-28,7.86
3612,1976-06-29,7.86
3613,1976-06-30,7.86
3614,1976-07-01,7.88
3615,1976-07-02,7.84
3616,1976-07-06,7.82
3617,1976-07-07,7.84
3618,1976-07-08,7.82
3619,1976-07-09,7.78
3620,1976-07-12,7.76
3621,1976-07-13,7.77
3622,1976-07-14,7.79
3623,1976-07-15,7.77
3624,1976-07-16,7.83
3625,1976-07-19,7.86
3626,1976-07-20,7.87
3627,1976-07-21,7.86
3628,1976-07-22,7.86
3629,1976-07-23,7.84
3630,1976-07-26,7.87
3631,1976-07-27,7.85
3632,1976-07-28,7.85
3633,1976-07-29,7.85
3634,1976-07-30,7.86
3635,1976-08-02,7.85
3636,1976-08-03,7.82
3637,1976-08-04,7.81
3638,1976-08-05,7.82
3639,1976-08-06,7.84
3640,1976-08-09,7.84
3641,1976-08-10,7.84
3642,1976-08-11,7.82
3643,1976-08-12,7.81
3644,1976-08-13,7.78
3645,1976-08-16,7.74
3646,1976-08-17,7.75
3647,1976-08-18,7.76
3648,1976-08-19,7.76
3649,1976-08-20,7.76
3650,1976-08-23,7.73
3651,1976-08-24,7.72
3652,1976-08-25,7.69
3653,1976-08-26,7.68
3654,1976-08-27,7.72
3655,1976-08-30,7.71
3656,1976-08-31,7.66
3657,1976-09-01,7.64
3658,1976-09-02,7.67
3659,1976-09-03,7.65
3660,1976-09-07,7.64
3661,1976-09-08,7.64
3662,1976-09-09,7.66
3663,1976-09-10,7.64
3664,1976-09-13,7.64
3665,1976-09-14,7.64
3666,1976-09-15,7.62
3667,1976-09-16,7.6
3668,1976-09-17,7.49
3669,1976-09-20,7.52
3670,1976-09-21,7.51
3671,1976-09-22,7.53
3672,1976-09-23,7.54
3673,1976-09-24,7.58
3674,1976-09-27,7.6
3675,1976-09-28,7.56
3676,1976-09-29,7.56
3677,1976-09-30,7.55
3678,1976-10-01,7.49
3679,1976-10-04,7.46
3680,1976-10-05,7.47
3681,1976-10-06,7.44
3682,1976-10-07,7.43
3683,1976-10-08,7.38
3684,1976-10-12,7.35
3685,1976-10-13,7.35
3686,1976-10-14,7.34
3687,1976-10-15,7.31
3688,1976-10-18,7.31
3689,1976-10-19,7.35
3690,1976-10-20,7.38
3691,1976-10-21,7.39
3692,1976-10-22,7.48
3693,1976-10-25,7.53
3694,1976-10-26,7.48
3695,1976-10-27,7.45
3696,1976-10-28,7.41
3697,1976-10-29,7.42
3698,1976-11-01,7.38
3699,1976-11-03,7.44
3700,1976-11-04,7.38
3701,1976-11-05,7.41
3702,1976-11-08,7.46
3703,1976-11-09,7.46
3704,1976-11-10,7.45
3705,1976-11-12,7.43
3706,1976-11-15,7.41
3707,1976-11-16,7.33
3708,1976-11-17,7.32
3709,1976-11-18,7.33
3710,1976-11-19,7.24
3711,1976-11-22,7.17
3712,1976-11-23,7.16
3713,1976-11-24,7.14
3714,1976-11-26,6.99
3715,1976-11-29,7.02
3716,1976-11-30,7.01
3717,1976-12-01,6.97
3718,1976-12-02,6.92
3719,1976-12-03,6.86
3720,1976-12-06,6.87
3721,1976-12-07,6.88
3722,1976-12-08,6.91
3723,1976-12-09,6.92
3724,1976-12-10,6.82
3725,1976-12-13,6.9
3726,1976-12-14,6.89
3727,1976-12-15,6.88
3728,1976-12-16,6.88
3729,1976-12-17,6.88
3730,1976-12-20,6.84
3731,1976-12-21,6.85
3732,1976-12-22,6.86
3733,1976-12-23,6.84
3734,1976-12-27,6.84
3735,1976-12-28,6.86
3736,1976-12-29,6.84
3737,1976-12-30,6.8
3738,1976-12-31,6.81
3739,1977-01-03,6.84
3740,1977-01-04,6.9
3741,1977-01-05,6.88
3742,1977-01-06,6.93
3743,1977-01-07,7.07
3744,1977-01-10,7.2
3745,1977-01-11,7.28
3746,1977-01-12,7.26
3747,1977-01-13,7.18
3748,1977-01-14,7.28
3749,1977-01-17,7.28
3750,1977-01-18,7.34
3751,1977-01-19,7.28
3752,1977-01-20,7.26
3753,1977-01-21,7.28
3754,1977-01-24,7.34
3755,1977-01-25,7.32
3756,1977-01-26,7.33
3757,1977-01-27,7.43
3758,1977-01-28,7.4
3759,1977-01-31,7.4
3760,1977-02-01,7.41
3761,1977-02-02,7.47
3762,1977-02-03,7.46
3763,1977-02-04,7.28
3764,1977-02-07,7.34
3765,1977-02-08,7.35
3766,1977-02-09,7.34
3767,1977-02-10,7.34
3768,1977-02-11,7.36
3769,1977-02-14,7.38
3770,1977-02-15,7.36
3771,1977-02-16,7.34
3772,1977-02-17,7.26
3773,1977-02-18,7.41
3774,1977-02-22,7.42
3775,1977-02-23,7.48
3776,1977-02-24,7.5
3777,1977-02-25,7.48
3778,1977-02-28,7.45
3779,1977-03-01,7.49
3780,1977-03-02,7.45
3781,1977-03-03,7.43
3782,1977-03-04,7.48
3783,1977-03-07,7.5
3784,1977-03-08,7.52
3785,1977-03-09,7.5
3786,1977-03-10,7.49
3787,1977-03-11,7.44
3788,1977-03-14,7.45
3789,1977-03-15,7.44
3790,1977-03-16,7.44
3791,1977-03-17,7.47
3792,1977-03-18,7.44
3793,1977-03-21,7.43
3794,1977-03-22,7.43
3795,1977-03-23,7.44
3796,1977-03-24,7.46
3797,1977-03-25,7.48
3798,1977-03-28,7.47
3799,1977-03-29,7.47
3800,1977-03-30,7.44
3801,1977-03-31,7.42
3802,1977-04-01,7.43
3803,1977-04-04,7.44
3804,1977-04-05,7.47
3805,1977-04-06,7.46
3806,1977-04-07,7.43
3807,1977-04-11,7.39
3808,1977-04-12,7.39
3809,1977-04-13,7.36
3810,1977-04-14,7.22
3811,1977-04-15,7.25
3812,1977-04-18,7.25
3813,1977-04-19,7.3
3814,1977-04-20,7.32
3815,1977-04-21,7.33
3816,1977-04-22,7.36
3817,1977-04-25,7.4
3818,1977-04-26,7.38
3819,1977-04-27,7.38
3820,1977-04-28,7.4
3821,1977-04-29,7.45
3822,1977-05-02,7.45
3823,1977-05-03,7.44
3824,1977-05-04,7.45
3825,1977-05-05,7.47
3826,1977-05-06,7.5
3827,1977-05-09,7.5
3828,1977-05-10,7.52
3829,1977-05-11,7.52
3830,1977-05-12,7.5
3831,1977-05-13,7.48
3832,1977-05-16,7.46
3833,1977-05-17,7.45
3834,1977-05-18,7.43
3835,1977-05-19,7.49
3836,1977-05-20,7.49
3837,1977-05-23,7.46
3838,1977-05-24,7.41
3839,1977-05-25,7.39
3840,1977-05-26,7.42
3841,1977-05-27,7.38
3842,1977-05-31,7.38
3843,1977-06-01,7.38
3844,1977-06-02,7.39
3845,1977-06-03,7.36
3846,1977-06-06,7.37
3847,1977-06-07,7.36
3848,1977-06-08,7.36
3849,1977-06-09,7.35
3850,1977-06-10,7.3
3851,1977-06-13,7.27
3852,1977-06-14,7.22
3853,1977-06-15,7.23
3854,1977-06-16,7.24
3855,1977-06-17,7.24
3856,1977-06-20,7.27
3857,1977-06-21,7.26
3858,1977-06-22,7.25
3859,1977-06-23,7.26
3860,1977-06-24,7.2
3861,1977-06-27,7.2
3862,1977-06-28,7.16
3863,1977-06-29,7.19
3864,1977-06-30,7.2
3865,1977-07-01,7.34
3866,1977-07-05,7.35
3867,1977-07-06,7.37
3868,1977-07-07,7.29
3869,1977-07-08,7.31
3870,1977-07-11,7.33
3871,1977-07-12,7.32
3872,1977-07-13,7.28
3873,1977-07-15,7.31
3874,1977-07-18,7.34
3875,1977-07-19,7.33
3876,1977-07-20,7.32
3877,1977-07-21,7.32
3878,1977-07-22,7.31
3879,1977-07-25,7.28
3880,1977-07-26,7.28
3881,1977-07-27,7.36
3882,1977-07-28,7.41
3883,1977-07-29,7.42
3884,1977-08-01,7.43
3885,1977-08-02,7.44
3886,1977-08-03,7.42
3887,1977-08-04,7.43
3888,1977-08-05,7.42
3889,1977-08-08,7.41
3890,1977-08-09,7.45
3891,1977-08-10,7.46
3892,1977-08-11,7.47
3893,1977-08-12,7.48
3894,1977-08-15,7.48
3895,1977-08-16,7.48
3896,1977-08-17,7.44
3897,1977-08-18,7.42
3898,1977-08-19,7.4
3899,1977-08-22,7.39
3900,1977-08-23,7.36
3901,1977-08-24,7.35
3902,1977-08-25,7.32
3903,1977-08-26,7.27
3904,1977-08-29,7.25
3905,1977-08-30,7.27
3906,1977-08-31,7.28
3907,1977-09-01,7.3
3908,1977-09-02,7.24
3909,1977-09-06,7.24
3910,1977-09-07,7.26
3911,1977-09-08,7.28
3912,1977-09-09,7.36
3913,1977-09-12,7.38
3914,1977-09-13,7.37
3915,1977-09-14,7.34
3916,1977-09-15,7.33
3917,1977-09-16,7.32
3918,1977-09-19,7.32
3919,1977-09-20,7.36
3920,1977-09-21,7.36
3921,1977-09-22,7.39
3922,1977-09-23,7.39
3923,1977-09-26,7.42
3924,1977-09-27,7.38
3925,1977-09-28,7.38
3926,1977-09-29,7.39
3927,1977-09-30,7.41
3928,1977-10-03,7.41
3929,1977-10-04,7.4
3930,1977-10-05,7.4
3931,1977-10-06,7.44
3932,1977-10-07,7.48
3933,1977-10-11,7.54
3934,1977-10-12,7.54
3935,1977-10-13,7.54
3936,1977-10-14,7.54
3937,1977-10-17,7.55
3938,1977-10-18,7.55
3939,1977-10-19,7.54
3940,1977-10-20,7.54
3941,1977-10-21,7.55
3942,1977-10-24,7.56
3943,1977-10-25,7.58
3944,1977-10-26,7.57
3945,1977-10-27,7.56
3946,1977-10-28,7.56
3947,1977-10-31,7.62
3948,1977-11-01,7.63
3949,1977-11-02,7.69
3950,1977-11-03,7.68
3951,1977-11-04,7.64
3952,1977-11-07,7.62
3953,1977-11-09,7.6
3954,1977-11-10,7.59
3955,1977-11-14,7.56
3956,1977-11-15,7.56
3957,1977-11-16,7.55
3958,1977-11-17,7.54
3959,1977-11-18,7.54
3960,1977-11-21,7.56
3961,1977-11-22,7.54
3962,1977-11-23,7.52
3963,1977-11-25,7.52
3964,1977-11-28,7.53
3965,1977-11-29,7.55
3966,1977-11-30,7.55
3967,1977-12-01,7.58
3968,1977-12-02,7.59
3969,1977-12-05,7.6
3970,1977-12-06,7.63
3971,1977-12-07,7.63
3972,1977-12-08,7.64
3973,1977-12-09,7.63
3974,1977-12-12,7.64
3975,1977-12-13,7.65
3976,1977-12-14,7.66
3977,1977-12-15,7.67
3978,1977-12-16,7.67
3979,1977-12-19,7.69
3980,1977-12-20,7.74
3981,1977-12-21,7.72
3982,1977-12-22,7.75
3983,1977-12-23,7.75
3984,1977-12-27,7.77
3985,1977-12-28,7.78
3986,1977-12-29,7.82
3987,1977-12-30,7.78
3988,1978-01-03,7.83
3989,1978-01-04,7.82
3990,1978-01-05,7.83
3991,1978-01-06,7.85
3992,1978-01-09,8.01
3993,1978-01-10,8.02
3994,1978-01-11,8.03
3995,1978-01-12,8.02
3996,1978-01-13,7.98
3997,1978-01-16,7.98
3998,1978-01-17,7.98
3999,1978-01-18,7.98
4000,1978-01-19,7.97
4001,1978-01-20,7.97
4002,1978-01-23,7.97
4003,1978-01-24,7.99
4004,1978-01-25,8.0
4005,1978-01-26,7.98
4006,1978-01-27,7.97
4007,1978-01-30,7.96
4008,1978-01-31,7.94
4009,1978-02-01,7.96
4010,1978-02-02,7.96
4011,1978-02-03,7.97
4012,1978-02-06,7.99
4013,1978-02-07,7.99
4014,1978-02-08,8.0
4015,1978-02-09,8.01
4016,1978-02-10,8.02
4017,1978-02-14,8.05
4018,1978-02-15,8.08
4019,1978-02-16,8.1
4020,1978-02-17,8.09
4021,1978-02-21,8.1
4022,1978-02-22,8.1
4023,1978-02-23,8.08
4024,1978-02-24,8.04
4025,1978-02-27,8.02
4026,1978-02-28,8.04
4027,1978-03-01,8.05
4028,1978-03-02,8.04
4029,1978-03-03,8.04
4030,1978-03-06,8.05
4031,1978-03-07,8.03
4032,1978-03-08,8.03
4033,1978-03-09,8.02
4034,1978-03-10,8.0
4035,1978-03-13,7.99
4036,1978-03-14,7.99
4037,1978-03-15,8.0
4038,1978-03-16,8.0
4039,1978-03-17,8.0
4040,1978-03-20,7.97
4041,1978-03-21,7.97
4042,1978-03-22,7.98
4043,1978-03-23,8.01
4044,1978-03-27,8.12
4045,1978-03-28,8.12
4046,1978-03-29,8.11
4047,1978-03-30,8.12
4048,1978-03-31,8.15
4049,1978-04-03,8.13
4050,1978-04-04,8.12
4051,1978-04-05,8.14
4052,1978-04-06,8.16
4053,1978-04-07,8.14
4054,1978-04-10,8.15
4055,1978-04-11,8.16
4056,1978-04-12,8.16
4057,1978-04-13,8.15
4058,1978-04-14,8.12
4059,1978-04-17,8.08
4060,1978-04-18,8.08
4061,1978-04-19,8.13
4062,1978-04-20,8.14
4063,1978-04-21,8.16
4064,1978-04-24,8.18
4065,1978-04-25,8.18
4066,1978-04-26,8.22
4067,1978-04-27,8.24
4068,1978-04-28,8.24
4069,1978-05-01,8.24
4070,1978-05-02,8.25
4071,1978-05-03,8.28
4072,1978-05-04,8.27
4073,1978-05-05,8.34
4074,1978-05-08,8.35
4075,1978-05-09,8.34
4076,1978-05-10,8.34
4077,1978-05-11,8.34
4078,1978-05-12,8.36
4079,1978-05-15,8.35
4080,1978-05-16,8.34
4081,1978-05-17,8.33
4082,1978-05-18,8.37
4083,1978-05-19,8.38
4084,1978-05-22,8.38
4085,1978-05-23,8.37
4086,1978-05-24,8.39
4087,1978-05-25,8.4
4088,1978-05-26,8.42
4089,1978-05-31,8.42
4090,1978-06-01,8.41
4091,1978-06-02,8.39
4092,1978-06-05,8.38
4093,1978-06-06,8.37
4094,1978-06-07,8.37
4095,1978-06-08,8.38
4096,1978-06-09,8.41
4097,1978-06-12,8.4
4098,1978-06-13,8.41
4099,1978-06-14,8.41
4100,1978-06-15,8.41
4101,1978-06-16,8.43
4102,1978-06-19,8.45
4103,1978-06-20,8.47
4104,1978-06-21,8.5
4105,1978-06-22,8.5
4106,1978-06-23,8.55
4107,1978-06-26,8.59
4108,1978-06-27,8.58
4109,1978-06-28,8.57
4110,1978-06-29,8.57
4111,1978-06-30,8.62
4112,1978-07-03,8.59
4113,1978-07-05,8.62
4114,1978-07-06,8.62
4115,1978-07-07,8.66
4116,1978-07-10,8.68
4117,1978-07-11,8.68
4118,1978-07-12,8.67
4119,1978-07-13,8.68
4120,1978-07-14,8.68
4121,1978-07-17,8.65
4122,1978-07-18,8.63
4123,1978-07-19,8.62
4124,1978-07-20,8.66
4125,1978-07-21,8.67
4126,1978-07-24,8.67
4127,1978-07-25,8.67
4128,1978-07-26,8.66
4129,1978-07-27,8.58
4130,1978-07-28,8.55
4131,1978-07-31,8.56
4132,1978-08-01,8.54
4133,1978-08-02,8.44
4134,1978-08-03,8.39
4135,1978-08-04,8.38
4136,1978-08-07,8.36
4137,1978-08-08,8.35
4138,1978-08-09,8.34
4139,1978-08-10,8.45
4140,1978-08-11,8.44
4141,1978-08-14,8.45
4142,1978-08-15,8.46
4143,1978-08-16,8.55
4144,1978-08-17,8.48
4145,1978-08-18,8.46
4146,1978-08-21,8.41
4147,1978-08-22,8.41
4148,1978-08-23,8.32
4149,1978-08-24,8.35
4150,1978-08-25,8.34
4151,1978-08-28,8.35
4152,1978-08-29,8.37
4153,1978-08-30,8.42
4154,1978-08-31,8.39
4155,1978-09-01,8.38
4156,1978-09-05,8.34
4157,1978-09-06,8.35
4158,1978-09-07,8.34
4159,1978-09-08,8.34
4160,1978-09-11,8.31
4161,1978-09-12,8.29
4162,1978-09-13,8.3
4163,1978-09-14,8.32
4164,1978-09-15,8.35
4165,1978-09-18,8.37
4166,1978-09-19,8.38
4167,1978-09-20,8.46
4168,1978-09-21,8.51
4169,1978-09-22,8.56
4170,1978-09-25,8.56
4171,1978-09-26,8.53
4172,1978-09-27,8.54
4173,1978-09-28,8.54
4174,1978-09-29,8.56
4175,1978-10-02,8.58
4176,1978-10-03,8.57
4177,1978-10-04,8.59
4178,1978-10-05,8.6
4179,1978-10-06,8.58
4180,1978-10-10,8.58
4181,1978-10-11,8.56
4182,1978-10-12,8.51
4183,1978-10-13,8.52
4184,1978-10-16,8.59
4185,1978-10-17,8.6
4186,1978-10-18,8.62
4187,1978-10-19,8.64
4188,1978-10-20,8.66
4189,1978-10-23,8.66
4190,1978-10-24,8.64
4191,1978-10-25,8.65
4192,1978-10-26,8.72
4193,1978-10-27,8.78
4194,1978-10-30,8.88
4195,1978-10-31,8.96
4196,1978-11-01,8.66
4197,1978-11-02,8.73
4198,1978-11-03,8.86
4199,1978-11-06,8.85
4200,1978-11-08,8.86
4201,1978-11-09,8.87
4202,1978-11-10,8.86
4203,1978-11-13,8.83
4204,1978-11-14,8.82
4205,1978-11-15,8.76
4206,1978-11-16,8.72
4207,1978-11-17,8.72
4208,1978-11-20,8.72
4209,1978-11-21,8.77
4210,1978-11-22,8.77
4211,1978-11-24,8.86
4212,1978-11-27,8.86
4213,1978-11-28,8.86
4214,1978-11-29,8.86
4215,1978-11-30,8.86
4216,1978-12-01,8.8
4217,1978-12-04,8.82
4218,1978-12-05,8.85
4219,1978-12-06,8.85
4220,1978-12-07,8.89
4221,1978-12-08,8.9
4222,1978-12-11,8.9
4223,1978-12-12,8.92
4224,1978-12-13,8.98
4225,1978-12-14,8.96
4226,1978-12-15,9.0
4227,1978-12-18,9.13
4228,1978-12-19,9.14
4229,1978-12-20,9.16
4230,1978-12-21,9.16
4231,1978-12-22,9.11
4232,1978-12-26,9.13
4233,1978-12-27,9.12
4234,1978-12-28,9.16
4235,1978-12-29,9.15
4236,1979-01-02,9.18
4237,1979-01-03,9.16
4238,1979-01-04,9.11
4239,1979-01-05,9.1
4240,1979-01-08,9.14
4241,1979-01-09,9.16
4242,1979-01-10,9.16
4243,1979-01-11,9.15
4244,1979-01-12,9.14
4245,1979-01-15,9.15
4246,1979-01-16,9.16
4247,1979-01-17,9.18
4248,1979-01-18,9.18
4249,1979-01-19,9.15
4250,1979-01-22,9.12
4251,1979-01-23,9.1
4252,1979-01-24,9.08
4253,1979-01-25,8.98
4254,1979-01-26,8.93
4255,1979-01-29,8.96
4256,1979-01-30,8.95
4257,1979-01-31,8.95
4258,1979-02-01,8.94
4259,1979-02-02,8.89
4260,1979-02-05,8.95
4261,1979-02-06,9.0
4262,1979-02-07,9.09
4263,1979-02-08,9.09
4264,1979-02-09,9.11
4265,1979-02-13,9.11
4266,1979-02-14,9.12
4267,1979-02-15,9.12
4268,1979-02-16,9.11
4269,1979-02-20,9.12
4270,1979-02-21,9.15
4271,1979-02-22,9.2
4272,1979-02-23,9.21
4273,1979-02-26,9.2
4274,1979-02-27,9.19
4275,1979-02-28,9.17
4276,1979-03-01,9.17
4277,1979-03-02,9.16
4278,1979-03-05,9.11
4279,1979-03-06,9.14
4280,1979-03-07,9.1
4281,1979-03-08,9.1
4282,1979-03-09,9.11
4283,1979-03-12,9.11
4284,1979-03-13,9.11
4285,1979-03-14,9.12
4286,1979-03-15,9.14
4287,1979-03-16,9.12
4288,1979-03-19,9.12
4289,1979-03-20,9.13
4290,1979-03-21,9.13
4291,1979-03-22,9.12
4292,1979-03-23,9.12
4293,1979-03-26,9.12
4294,1979-03-27,9.11
4295,1979-03-28,9.07
4296,1979-03-29,9.06
4297,1979-03-30,9.11
4298,1979-04-02,9.11
4299,1979-04-03,9.1
4300,1979-04-04,9.09
4301,1979-04-05,9.07
4302,1979-04-06,9.1
4303,1979-04-09,9.14
4304,1979-04-10,9.17
4305,1979-04-11,9.2
4306,1979-04-12,9.2
4307,1979-04-16,9.19
4308,1979-04-17,9.16
4309,1979-04-18,9.15
4310,1979-04-19,9.15
4311,1979-04-20,9.19
4312,1979-04-23,9.21
4313,1979-04-24,9.24
4314,1979-04-25,9.23
4315,1979-04-26,9.27
4316,1979-04-27,9.32
4317,1979-04-30,9.35
4318,1979-05-01,9.36
4319,1979-05-02,9.34
4320,1979-05-03,9.38
4321,1979-05-04,9.39
4322,1979-05-07,9.39
4323,1979-05-08,9.38
4324,1979-05-09,9.36
4325,1979-05-10,9.36
4326,1979-05-11,9.34
4327,1979-05-14,9.3
4328,1979-05-15,9.32
4329,1979-05-16,9.31
4330,1979-05-17,9.24
4331,1979-05-18,9.23
4332,1979-05-21,9.24
4333,1979-05-22,9.15
4334,1979-05-23,9.07
4335,1979-05-24,9.06
4336,1979-05-25,9.01
4337,1979-05-29,9.01
4338,1979-05-31,9.06
4339,1979-06-01,9.05
4340,1979-06-04,9.06
4341,1979-06-05,9.02
4342,1979-06-06,8.97
4343,1979-06-07,8.89
4344,1979-06-08,8.9
4345,1979-06-11,8.94
4346,1979-06-12,8.79
4347,1979-06-13,8.83
4348,1979-06-14,8.87
4349,1979-06-15,8.96
4350,1979-06-18,8.95
4351,1979-06-19,8.95
4352,1979-06-20,8.94
4353,1979-06-21,8.93
4354,1979-06-22,8.98
4355,1979-06-25,8.93
4356,1979-06-26,8.82
4357,1979-06-27,8.8
4358,1979-06-28,8.8
4359,1979-06-29,8.81
4360,1979-07-02,8.76
4361,1979-07-03,8.77
4362,1979-07-05,8.8
4363,1979-07-06,8.82
4364,1979-07-09,8.86
4365,1979-07-10,8.92
4366,1979-07-11,8.97
4367,1979-07-12,8.95
4368,1979-07-13,8.94
4369,1979-07-16,8.99
4370,1979-07-17,9.01
4371,1979-07-18,9.03
4372,1979-07-19,9.04
4373,1979-07-20,8.98
4374,1979-07-23,9.03
4375,1979-07-24,9.06
4376,1979-07-25,8.99
4377,1979-07-26,8.97
4378,1979-07-27,9.02
4379,1979-07-30,9.03
4380,1979-07-31,9.01
4381,1979-08-01,8.99
4382,1979-08-02,8.91
4383,1979-08-03,8.92
4384,1979-08-06,8.91
4385,1979-08-07,8.91
4386,1979-08-08,8.93
4387,1979-08-09,8.97
4388,1979-08-10,9.0
4389,1979-08-13,9.0
4390,1979-08-14,8.98
4391,1979-08-15,9.0
4392,1979-08-16,9.0
4393,1979-08-17,9.01
4394,1979-08-20,9.02
4395,1979-08-21,9.04
4396,1979-08-22,9.04
4397,1979-08-23,9.05
4398,1979-08-24,9.14
4399,1979-08-27,9.12
4400,1979-08-28,9.15
4401,1979-08-29,9.14
4402,1979-08-30,9.21
4403,1979-08-31,9.24
4404,1979-09-04,9.32
4405,1979-09-05,9.32
4406,1979-09-06,9.35
4407,1979-09-07,9.34
4408,1979-09-10,9.36
4409,1979-09-11,9.25
4410,1979-09-12,9.3
4411,1979-09-13,9.34
4412,1979-09-14,9.29
4413,1979-09-17,9.37
4414,1979-09-18,9.36
4415,1979-09-19,9.31
4416,1979-09-20,9.29
4417,1979-09-21,9.26
4418,1979-09-24,9.34
4419,1979-09-25,9.32
4420,1979-09-26,9.36
4421,1979-09-27,9.44
4422,1979-09-28,9.44
4423,1979-10-01,9.51
4424,1979-10-02,9.47
4425,1979-10-03,9.5
4426,1979-10-04,9.58
4427,1979-10-05,9.6
4428,1979-10-09,9.93
4429,1979-10-10,10.09
4430,1979-10-11,10.17
4431,1979-10-12,10.15
4432,1979-10-15,10.31
4433,1979-10-16,10.27
4434,1979-10-17,10.2
4435,1979-10-18,10.41
4436,1979-10-19,10.68
4437,1979-10-22,10.96
4438,1979-10-23,11.02
4439,1979-10-24,10.83
4440,1979-10-25,10.98
4441,1979-10-26,10.67
4442,1979-10-29,10.78
4443,1979-10-30,10.75
4444,1979-10-31,10.72
4445,1979-11-01,10.79
4446,1979-11-02,10.84
4447,1979-11-05,10.85
4448,1979-11-07,11.0
4449,1979-11-08,10.96
4450,1979-11-09,10.68
4451,1979-11-13,10.63
4452,1979-11-14,10.75
4453,1979-11-15,10.62
4454,1979-11-16,10.77
4455,1979-11-19,10.8
4456,1979-11-20,10.78
4457,1979-11-21,10.73
4458,1979-11-23,10.51
4459,1979-11-26,10.37
4460,1979-11-27,10.24
4461,1979-11-28,10.37
4462,1979-11-29,10.34
4463,1979-11-30,10.38
4464,1979-12-03,10.44
4465,1979-12-04,10.32
4466,1979-12-05,10.27
4467,1979-12-06,10.13
4468,1979-12-07,10.3
4469,1979-12-10,10.27
4470,1979-12-11,10.46
4471,1979-12-12,10.58
4472,1979-12-13,10.51
4473,1979-12-14,10.45
4474,1979-12-17,10.42
4475,1979-12-18,10.34
4476,1979-12-19,10.33
4477,1979-12-20,10.38
4478,1979-12-21,10.39
4479,1979-12-24,10.45
4480,1979-12-26,10.48
4481,1979-12-27,10.46
4482,1979-12-28,10.41
4483,1979-12-31,10.33
4484,1980-01-02,10.5
4485,1980-01-03,10.6
4486,1980-01-04,10.66
4487,1980-01-07,10.63
4488,1980-01-08,10.57
4489,1980-01-09,10.58
4490,1980-01-10,10.51
4491,1980-01-11,10.68
4492,1980-01-14,10.7
4493,1980-01-15,10.65
4494,1980-01-16,10.65
4495,1980-01-17,10.71
4496,1980-01-18,10.82
4497,1980-01-21,10.96
4498,1980-01-22,10.85
4499,1980-01-23,10.82
4500,1980-01-24,11.01
4501,1980-01-25,11.1
4502,1980-01-28,11.15
4503,1980-01-29,11.21
4504,1980-01-30,11.16
4505,1980-01-31,11.13
4506,1980-02-01,11.29
4507,1980-02-04,11.4
4508,1980-02-05,11.73
4509,1980-02-06,11.92
4510,1980-02-07,11.71
4511,1980-02-08,11.8
4512,1980-02-11,12.01
4513,1980-02-13,11.86
4514,1980-02-14,11.97
4515,1980-02-15,12.2
4516,1980-02-19,12.85
4517,1980-02-20,12.84
4518,1980-02-21,13.22
4519,1980-02-22,13.06
4520,1980-02-25,13.27
4521,1980-02-26,13.65
4522,1980-02-27,13.46
4523,1980-02-28,12.92
4524,1980-02-29,12.72
4525,1980-03-03,12.79
4526,1980-03-04,12.91
4527,1980-03-05,13.03
4528,1980-03-06,13.13
4529,1980-03-07,12.86
4530,1980-03-10,12.63
4531,1980-03-11,12.41
4532,1980-03-12,12.62
4533,1980-03-13,12.5
4534,1980-03-14,12.52
4535,1980-03-17,12.58
4536,1980-03-18,12.4
4537,1980-03-19,12.35
4538,1980-03-20,12.62
4539,1980-03-21,12.75
4540,1980-03-24,13.17
4541,1980-03-25,13.1
4542,1980-03-26,13.03
4543,1980-03-27,12.97
4544,1980-03-28,12.72
4545,1980-03-31,12.64
4546,1980-04-01,12.69
4547,1980-04-02,12.63
4548,1980-04-03,12.52
4549,1980-04-07,12.13
4550,1980-04-08,12.21
4551,1980-04-09,12.06
4552,1980-04-10,12.06
4553,1980-04-11,11.79
4554,1980-04-14,11.62
4555,1980-04-15,11.57
4556,1980-04-16,10.9
4557,1980-04-17,11.13
4558,1980-04-18,11.05
4559,1980-04-21,10.9
4560,1980-04-22,10.82
4561,1980-04-23,10.89
4562,1980-04-24,10.96
4563,1980-04-25,10.95
4564,1980-04-28,10.63
4565,1980-04-29,10.67
4566,1980-04-30,10.76
4567,1980-05-01,10.57
4568,1980-05-02,10.24
4569,1980-05-05,10.18
4570,1980-05-06,9.8
4571,1980-05-07,9.96
4572,1980-05-08,10.18
4573,1980-05-09,10.3
4574,1980-05-12,10.3
4575,1980-05-13,10.13
4576,1980-05-14,10.14
4577,1980-05-15,10.31
4578,1980-05-16,10.37
4579,1980-05-19,10.53
4580,1980-05-20,10.22
4581,1980-05-21,10.08
4582,1980-05-22,10.1
4583,1980-05-23,9.85
4584,1980-05-27,9.96
4585,1980-05-28,10.1
4586,1980-05-29,10.24
4587,1980-05-30,10.25
4588,1980-06-02,10.31
4589,1980-06-03,10.16
4590,1980-06-04,10.07
4591,1980-06-05,10.02
4592,1980-06-06,9.81
4593,1980-06-09,9.73
4594,1980-06-10,9.83
4595,1980-06-11,9.7
4596,1980-06-12,9.53
4597,1980-06-13,9.51
4598,1980-06-16,9.47
4599,1980-06-17,9.49
4600,1980-06-18,9.56
4601,1980-06-19,9.56
4602,1980-06-20,9.49
4603,1980-06-23,9.63
4604,1980-06-24,9.68
4605,1980-06-25,9.79
4606,1980-06-26,9.87
4607,1980-06-27,10.04
4608,1980-06-30,10.09
4609,1980-07-01,10.13
4610,1980-07-02,10.19
4611,1980-07-03,10.01
4612,1980-07-07,10.2
4613,1980-07-08,10.09
4614,1980-07-09,10.14
4615,1980-07-10,10.21
4616,1980-07-11,10.28
4617,1980-07-14,10.33
4618,1980-07-15,10.17
4619,1980-07-16,10.07
4620,1980-07-17,10.21
4621,1980-07-18,10.2
4622,1980-07-21,10.13
4623,1980-07-22,10.18
4624,1980-07-23,10.12
4625,1980-07-24,10.24
4626,1980-07-25,10.35
4627,1980-07-28,10.46
4628,1980-07-29,10.45
4629,1980-07-30,10.53
4630,1980-07-31,10.76
4631,1980-08-01,10.76
4632,1980-08-04,10.69
4633,1980-08-05,10.7
4634,1980-08-06,10.8
4635,1980-08-07,10.71
4636,1980-08-08,10.87
4637,1980-08-11,11.03
4638,1980-08-12,10.98
4639,1980-08-13,10.89
4640,1980-08-14,10.9
4641,1980-08-15,10.86
4642,1980-08-18,11.13
4643,1980-08-19,11.24
4644,1980-08-20,11.22
4645,1980-08-21,11.3
4646,1980-08-22,11.13
4647,1980-08-25,11.4
4648,1980-08-26,11.42
4649,1980-08-27,11.67
4650,1980-08-28,11.89
4651,1980-08-29,11.55
4652,1980-09-02,11.32
4653,1980-09-03,11.08
4654,1980-09-04,11.16
4655,1980-09-05,11.21
4656,1980-09-08,11.29
4657,1980-09-09,11.19
4658,1980-09-10,11.14
4659,1980-09-11,11.32
4660,1980-09-12,11.37
4661,1980-09-15,11.62
4662,1980-09-16,11.52
4663,1980-09-17,11.57
4664,1980-09-18,11.53
4665,1980-09-19,11.33
4666,1980-09-22,11.69
4667,1980-09-23,11.76
4668,1980-09-24,11.75
4669,1980-09-25,11.91
4670,1980-09-26,11.99
4671,1980-09-29,12.07
4672,1980-09-30,11.86
4673,1980-10-01,11.78
4674,1980-10-02,11.83
4675,1980-10-03,11.4
4676,1980-10-06,11.35
4677,1980-10-07,11.43
4678,1980-10-08,11.51
4679,1980-10-09,11.39
4680,1980-10-10,11.44
4681,1980-10-14,11.37
4682,1980-10-15,11.29
4683,1980-10-16,11.47
4684,1980-10-17,11.62
4685,1980-10-20,11.64
4686,1980-10-21,11.7
4687,1980-10-22,11.88
4688,1980-10-23,11.82
4689,1980-10-24,11.74
4690,1980-10-27,12.13
4691,1980-10-28,12.32
4692,1980-10-29,12.48
4693,1980-10-30,12.48
4694,1980-10-31,12.46
4695,1980-11-03,12.46
4696,1980-11-05,12.61
4697,1980-11-06,13.04
4698,1980-11-07,12.66
4699,1980-11-10,12.78
4700,1980-11-12,12.47
4701,1980-11-13,12.49
4702,1980-11-14,12.79
4703,1980-11-17,12.95
4704,1980-11-18,12.62
4705,1980-11-19,12.51
4706,1980-11-20,12.59
4707,1980-11-21,12.8
4708,1980-11-24,12.76
4709,1980-11-25,12.74
4710,1980-11-26,12.65
4711,1980-11-28,12.72
4712,1980-12-01,12.92
4713,1980-12-02,12.95
4714,1980-12-03,12.92
4715,1980-12-04,12.91
4716,1980-12-05,12.85
4717,1980-12-08,12.91
4718,1980-12-09,13.1
4719,1980-12-10,13.15
4720,1980-12-11,13.57
4721,1980-12-12,13.21
4722,1980-12-15,13.25
4723,1980-12-16,13.51
4724,1980-12-17,13.28
4725,1980-12-18,13.22
4726,1980-12-19,12.64
4727,1980-12-22,12.14
4728,1980-12-23,12.35
4729,1980-12-24,12.42
4730,1980-12-26,12.25
4731,1980-12-29,12.2
4732,1980-12-30,12.39
4733,1980-12-31,12.43
4734,1981-01-02,12.42
4735,1981-01-05,12.15
4736,1981-01-06,12.11
4737,1981-01-07,12.38
4738,1981-01-08,12.35
4739,1981-01-09,12.57
4740,1981-01-12,12.45
4741,1981-01-13,12.53
4742,1981-01-14,12.53
4743,1981-01-15,12.62
4744,1981-01-16,12.53
4745,1981-01-19,12.64
4746,1981-01-20,12.5
4747,1981-01-21,12.77
4748,1981-01-22,12.87
4749,1981-01-23,12.84
4750,1981-01-26,12.7
4751,1981-01-27,12.73
4752,1981-01-28,12.77
4753,1981-01-29,12.8
4754,1981-01-30,12.68
4755,1981-02-02,12.86
4756,1981-02-03,12.98
4757,1981-02-04,12.86
4758,1981-02-05,12.95
4759,1981-02-06,13.09
4760,1981-02-09,13.21
4761,1981-02-10,13.27
4762,1981-02-11,13.42
4763,1981-02-13,13.65
4764,1981-02-17,13.33
4765,1981-02-18,13.3
4766,1981-02-19,13.09
4767,1981-02-20,12.9
4768,1981-02-23,13.19
4769,1981-02-24,13.21
4770,1981-02-25,13.29
4771,1981-02-26,13.47
4772,1981-02-27,13.43
4773,1981-03-02,13.62
4774,1981-03-03,13.43
4775,1981-03-04,13.45
4776,1981-03-05,13.43
4777,1981-03-06,13.2
4778,1981-03-09,13.09
4779,1981-03-10,13.08
4780,1981-03-11,13.12
4781,1981-03-12,13.03
4782,1981-03-13,12.86
4783,1981-03-16,12.85
4784,1981-03-17,12.68
4785,1981-03-18,12.58
4786,1981-03-19,12.67
4787,1981-03-20,12.77
4788,1981-03-23,13.13
4789,1981-03-24,13.3
4790,1981-03-25,13.21
4791,1981-03-26,13.34
4792,1981-03-27,13.36
4793,1981-03-30,13.22
4794,1981-03-31,13.13
4795,1981-04-01,13.14
4796,1981-04-02,13.25
4797,1981-04-03,13.4
4798,1981-04-06,13.74
4799,1981-04-07,13.41
4800,1981-04-08,13.61
4801,1981-04-09,13.45
4802,1981-04-10,13.59
4803,1981-04-13,13.68
4804,1981-04-14,13.58
4805,1981-04-15,13.74
4806,1981-04-16,13.79
4807,1981-04-20,13.69
4808,1981-04-21,13.73
4809,1981-04-22,13.78
4810,1981-04-23,13.8
4811,1981-04-24,13.88
4812,1981-04-27,13.92
4813,1981-04-28,13.93
4814,1981-04-29,14.05
4815,1981-04-30,14.11
4816,1981-05-01,14.05
4817,1981-05-04,14.47
4818,1981-05-05,14.69
4819,1981-05-06,14.56
4820,1981-05-07,14.33
4821,1981-05-08,14.23
4822,1981-05-11,14.34
4823,1981-05-12,14.46
4824,1981-05-13,14.49
4825,1981-05-14,14.24
4826,1981-05-15,14.07
4827,1981-05-18,13.8
4828,1981-05-19,13.95
4829,1981-05-20,14.0
4830,1981-05-21,14.05
4831,1981-05-22,13.82
4832,1981-05-26,13.67
4833,1981-05-27,13.71
4834,1981-05-28,13.56
4835,1981-05-29,13.5
4836,1981-06-01,13.46
4837,1981-06-02,13.58
4838,1981-06-03,13.55
4839,1981-06-04,13.51
4840,1981-06-05,13.56
4841,1981-06-08,13.36
4842,1981-06-09,13.37
4843,1981-06-10,13.31
4844,1981-06-11,13.32
4845,1981-06-12,13.35
4846,1981-06-15,13.09
4847,1981-06-16,13.08
4848,1981-06-17,13.23
4849,1981-06-18,13.57
4850,1981-06-19,13.46
4851,1981-06-22,13.44
4852,1981-06-23,13.56
4853,1981-06-24,13.66
4854,1981-06-25,13.7
4855,1981-06-26,13.69
4856,1981-06-29,13.68
4857,1981-06-30,13.86
4858,1981-07-01,14.04
4859,1981-07-02,13.95
4860,1981-07-06,13.81
4861,1981-07-07,14.04
4862,1981-07-08,14.11
4863,1981-07-09,14.12
4864,1981-07-10,13.94
4865,1981-07-13,13.99
4866,1981-07-14,14.15
4867,1981-07-15,14.07
4868,1981-07-16,14.11
4869,1981-07-17,14.09
4870,1981-07-20,14.59
4871,1981-07-21,14.61
4872,1981-07-22,14.63
4873,1981-07-23,14.57
4874,1981-07-24,14.41
4875,1981-07-27,14.43
4876,1981-07-28,14.53
4877,1981-07-29,14.61
4878,1981-07-30,14.71
4879,1981-07-31,14.67
4880,1981-08-03,14.95
4881,1981-08-04,14.95
4882,1981-08-05,14.91
4883,1981-08-06,14.86
4884,1981-08-07,14.83
4885,1981-08-10,14.65
4886,1981-08-11,14.4
4887,1981-08-12,14.61
4888,1981-08-13,14.65
4889,1981-08-14,14.74
4890,1981-08-17,14.71
4891,1981-08-18,14.79
4892,1981-08-19,14.77
4893,1981-08-20,14.89
4894,1981-08-21,14.97
4895,1981-08-24,15.32
4896,1981-08-25,15.35
4897,1981-08-26,15.31
4898,1981-08-27,15.36
4899,1981-08-28,15.25
4900,1981-08-31,15.41
4901,1981-09-01,15.41
4902,1981-09-02,15.4
4903,1981-09-03,15.48
4904,1981-09-04,15.51
4905,1981-09-08,15.59
4906,1981-09-09,15.53
4907,1981-09-10,15.3
4908,1981-09-11,15.05
4909,1981-09-14,15.2
4910,1981-09-15,15.08
4911,1981-09-16,15.11
4912,1981-09-17,14.95
4913,1981-09-18,14.91
4914,1981-09-21,14.78
4915,1981-09-22,15.03
4916,1981-09-23,15.23
4917,1981-09-24,15.31
4918,1981-09-25,15.68
4919,1981-09-28,15.65
4920,1981-09-29,15.76
4921,1981-09-30,15.84
4922,1981-10-01,15.75
4923,1981-10-02,15.41
4924,1981-10-05,15.19
4925,1981-10-06,15.14
4926,1981-10-07,15.04
4927,1981-10-08,15.0
4928,1981-10-09,14.73
4929,1981-10-13,14.83
4930,1981-10-14,14.87
4931,1981-10-15,14.88
4932,1981-10-16,14.94
4933,1981-10-19,14.95
4934,1981-10-20,15.09
4935,1981-10-21,15.34
4936,1981-10-22,15.38
4937,1981-10-23,15.3
4938,1981-10-26,15.6
4939,1981-10-27,15.54
4940,1981-10-28,15.44
4941,1981-10-29,15.06
4942,1981-10-30,14.63
4943,1981-11-02,14.57
4944,1981-11-04,14.18
4945,1981-11-05,14.19
4946,1981-11-06,13.94
4947,1981-11-09,13.39
4948,1981-11-10,13.4
4949,1981-11-12,13.19
4950,1981-11-13,13.18
4951,1981-11-16,13.07
4952,1981-11-17,13.18
4953,1981-11-18,13.0
4954,1981-11-19,13.04
4955,1981-11-20,13.14
4956,1981-11-23,13.44
4957,1981-11-24,13.13
4958,1981-11-25,12.98
4959,1981-11-27,12.92
4960,1981-11-30,13.13
4961,1981-12-01,13.37
4962,1981-12-02,13.49
4963,1981-12-03,13.45
4964,1981-12-04,13.15
4965,1981-12-07,13.5
4966,1981-12-08,13.5
4967,1981-12-09,13.64
4968,1981-12-10,13.8
4969,1981-12-11,13.84
4970,1981-12-14,13.62
4971,1981-12-15,13.55
4972,1981-12-16,13.53
4973,1981-12-17,13.71
4974,1981-12-18,13.51
4975,1981-12-21,13.83
4976,1981-12-22,14.02
4977,1981-12-23,14.14
4978,1981-12-24,14.01
4979,1981-12-28,14.01
4980,1981-12-29,14.12
4981,1981-12-30,14.17
4982,1981-12-31,13.98
4983,1982-01-04,14.19
4984,1982-01-05,14.44
4985,1982-01-06,14.59
4986,1982-01-07,14.63
4987,1982-01-08,14.48
4988,1982-01-11,14.81
4989,1982-01-12,14.62
4990,1982-01-13,14.83
4991,1982-01-14,14.7
4992,1982-01-15,14.82
4993,1982-01-18,14.75
4994,1982-01-19,14.8
4995,1982-01-20,14.81
4996,1982-01-21,14.62
4997,1982-01-22,14.69
4998,1982-01-25,14.62
4999,1982-01-26,14.54
5000,1982-01-27,14.51
5001,1982-01-28,14.29
5002,1982-01-29,14.14
5003,1982-02-01,14.58
5004,1982-02-02,14.47
5005,1982-02-03,14.69
5006,1982-02-04,14.76
5007,1982-02-05,14.65
5008,1982-02-08,14.88
5009,1982-02-09,14.95
5010,1982-02-10,14.81
5011,1982-02-11,14.71
5012,1982-02-16,14.53
5013,1982-02-17,14.5
5014,1982-02-18,14.28
5015,1982-02-19,14.24
5016,1982-02-22,13.87
5017,1982-02-23,13.93
5018,1982-02-24,13.87
5019,1982-02-25,13.91
5020,1982-02-26,14.03
5021,1982-03-01,13.85
5022,1982-03-02,13.74
5023,1982-03-03,13.69
5024,1982-03-04,13.61
5025,1982-03-05,13.59
5026,1982-03-08,13.67
5027,1982-03-09,13.69
5028,1982-03-10,13.73
5029,1982-03-11,13.95
5030,1982-03-12,13.97
5031,1982-03-15,13.96
5032,1982-03-16,13.91
5033,1982-03-17,13.88
5034,1982-03-18,13.87
5035,1982-03-19,13.89
5036,1982-03-22,13.74
5037,1982-03-23,13.72
5038,1982-03-24,13.91
5039,1982-03-25,13.9
5040,1982-03-26,14.01
5041,1982-03-29,14.16
5042,1982-03-30,14.19
5043,1982-03-31,14.18
5044,1982-04-01,14.1
5045,1982-04-02,14.1
5046,1982-04-05,14.16
5047,1982-04-06,14.18
5048,1982-04-07,14.18
5049,1982-04-08,13.98
5050,1982-04-12,13.83
5051,1982-04-13,13.83
5052,1982-04-14,13.95
5053,1982-04-15,13.91
5054,1982-04-16,13.71
5055,1982-04-19,13.66
5056,1982-04-20,13.72
5057,1982-04-21,13.69
5058,1982-04-22,13.71
5059,1982-04-23,13.69
5060,1982-04-26,13.7
5061,1982-04-27,13.7
5062,1982-04-28,13.77
5063,1982-04-29,13.87
5064,1982-04-30,13.87
5065,1982-05-03,13.95
5066,1982-05-04,13.87
5067,1982-05-05,13.8
5068,1982-05-06,13.54
5069,1982-05-07,13.48
5070,1982-05-10,13.49
5071,1982-05-11,13.46
5072,1982-05-12,13.59
5073,1982-05-13,13.62
5074,1982-05-14,13.48
5075,1982-05-17,13.57
5076,1982-05-18,13.6
5077,1982-05-19,13.64
5078,1982-05-20,13.53
5079,1982-05-21,13.52
5080,1982-05-24,13.58
5081,1982-05-25,13.62
5082,1982-05-26,13.68
5083,1982-05-27,13.72
5084,1982-05-28,13.71
5085,1982-06-01,13.93
5086,1982-06-02,13.86
5087,1982-06-03,13.9
5088,1982-06-04,13.98
5089,1982-06-07,13.94
5090,1982-06-08,13.98
5091,1982-06-09,13.99
5092,1982-06-10,14.02
5093,1982-06-11,13.93
5094,1982-06-14,14.21
5095,1982-06-15,14.21
5096,1982-06-16,14.26
5097,1982-06-17,14.48
5098,1982-06-18,14.62
5099,1982-06-21,14.63
5100,1982-06-22,14.66
5101,1982-06-23,14.74
5102,1982-06-24,14.71
5103,1982-06-25,14.76
5104,1982-06-28,14.73
5105,1982-06-29,14.61
5106,1982-06-30,14.44
5107,1982-07-01,14.4
5108,1982-07-02,14.5
5109,1982-07-06,14.48
5110,1982-07-07,14.49
5111,1982-07-08,14.19
5112,1982-07-09,14.03
5113,1982-07-12,13.87
5114,1982-07-13,14.02
5115,1982-07-14,14.1
5116,1982-07-15,13.96
5117,1982-07-16,13.7
5118,1982-07-19,13.68
5119,1982-07-20,13.53
5120,1982-07-21,13.6
5121,1982-07-22,13.51
5122,1982-07-23,13.56
5123,1982-07-26,13.91
5124,1982-07-27,13.86
5125,1982-07-28,13.97
5126,1982-07-29,13.83
5127,1982-07-30,13.68
5128,1982-08-02,13.41
5129,1982-08-03,13.51
5130,1982-08-04,13.68
5131,1982-08-05,13.7
5132,1982-08-06,13.85
5133,1982-08-09,13.7
5134,1982-08-10,13.69
5135,1982-08-11,13.71
5136,1982-08-12,13.55
5137,1982-08-13,13.2
5138,1982-08-16,13.09
5139,1982-08-17,12.65
5140,1982-08-18,12.57
5141,1982-08-19,12.47
5142,1982-08-20,12.24
5143,1982-08-23,12.47
5144,1982-08-24,12.35
5145,1982-08-25,12.43
5146,1982-08-26,12.55
5147,1982-08-27,12.77
5148,1982-08-30,12.81
5149,1982-08-31,12.81
5150,1982-09-01,12.76
5151,1982-09-02,12.6
5152,1982-09-03,12.47
5153,1982-09-07,12.53
5154,1982-09-08,12.51
5155,1982-09-09,12.53
5156,1982-09-10,12.73
5157,1982-09-13,12.63
5158,1982-09-14,12.56
5159,1982-09-15,12.6
5160,1982-09-16,12.6
5161,1982-09-17,12.51
5162,1982-09-20,12.47
5163,1982-09-21,12.18
5164,1982-09-22,12.04
5165,1982-09-23,11.94
5166,1982-09-24,12.09
5167,1982-09-27,11.99
5168,1982-09-28,11.85
5169,1982-09-29,11.8
5170,1982-09-30,11.73
5171,1982-10-01,11.51
5172,1982-10-04,11.72
5173,1982-10-05,11.69
5174,1982-10-06,11.5
5175,1982-10-07,10.91
5176,1982-10-08,10.83
5177,1982-10-12,10.53
5178,1982-10-13,10.39
5179,1982-10-14,10.61
5180,1982-10-15,10.75
5181,1982-10-18,10.58
5182,1982-10-19,10.56
5183,1982-10-20,10.69
5184,1982-10-21,10.69
5185,1982-10-22,10.81
5186,1982-10-25,11.11
5187,1982-10-26,10.87
5188,1982-10-27,10.9
5189,1982-10-28,10.77
5190,1982-10-29,10.71
5191,1982-11-01,10.56
5192,1982-11-03,10.46
5193,1982-11-04,10.42
5194,1982-11-05,10.48
5195,1982-11-08,10.55
5196,1982-11-09,10.51
5197,1982-11-10,10.48
5198,1982-11-12,10.58
5199,1982-11-15,10.65
5200,1982-11-16,10.67
5201,1982-11-17,10.59
5202,1982-11-18,10.46
5203,1982-11-19,10.42
5204,1982-11-22,10.43
5205,1982-11-23,10.53
5206,1982-11-24,10.59
5207,1982-11-26,10.51
5208,1982-11-29,10.78
5209,1982-11-30,10.79
5210,1982-12-01,10.74
5211,1982-12-02,10.68
5212,1982-12-03,10.47
5213,1982-12-06,10.46
5214,1982-12-07,10.48
5215,1982-12-08,10.62
5216,1982-12-09,10.58
5217,1982-12-10,10.66
5218,1982-12-13,10.61
5219,1982-12-14,10.46
5220,1982-12-15,10.5
5221,1982-12-16,10.59
5222,1982-12-17,10.64
5223,1982-12-20,10.7
5224,1982-12-21,10.54
5225,1982-12-22,10.53
5226,1982-12-23,10.47
5227,1982-12-27,10.44
5228,1982-12-28,10.44
5229,1982-12-29,10.47
5230,1982-12-30,10.44
5231,1982-12-31,10.36
5232,1983-01-03,10.32
5233,1983-01-04,10.37
5234,1983-01-05,10.35
5235,1983-01-06,10.39
5236,1983-01-07,10.36
5237,1983-01-10,10.38
5238,1983-01-11,10.34
5239,1983-01-12,10.32
5240,1983-01-13,10.27
5241,1983-01-14,10.28
5242,1983-01-17,10.28
5243,1983-01-18,10.3
5244,1983-01-19,10.41
5245,1983-01-20,10.43
5246,1983-01-21,10.61
5247,1983-01-24,10.7
5248,1983-01-25,10.62
5249,1983-01-26,10.69
5250,1983-01-27,10.67
5251,1983-01-28,10.71
5252,1983-01-31,10.8
5253,1983-02-01,10.78
5254,1983-02-02,10.88
5255,1983-02-03,10.93
5256,1983-02-04,10.99
5257,1983-02-07,10.96
5258,1983-02-08,10.99
5259,1983-02-09,11.0
5260,1983-02-10,10.83
5261,1983-02-11,10.8
5262,1983-02-14,10.8
5263,1983-02-15,10.84
5264,1983-02-16,10.81
5265,1983-02-17,10.71
5266,1983-02-18,10.6
5267,1983-02-22,10.46
5268,1983-02-23,10.44
5269,1983-02-24,10.42
5270,1983-02-25,10.26
5271,1983-02-28,10.27
5272,1983-03-01,10.22
5273,1983-03-02,10.26
5274,1983-03-03,10.23
5275,1983-03-04,10.27
5276,1983-03-07,10.43
5277,1983-03-08,10.52
5278,1983-03-09,10.48
5279,1983-03-10,10.55
5280,1983-03-11,10.59
5281,1983-03-14,10.48
5282,1983-03-15,10.46
5283,1983-03-16,10.53
5284,1983-03-17,10.56
5285,1983-03-18,10.58
5286,1983-03-21,10.6
5287,1983-03-22,10.62
5288,1983-03-23,10.58
5289,1983-03-24,10.58
5290,1983-03-25,10.64
5291,1983-03-28,10.66
5292,1983-03-29,10.6
5293,1983-03-30,10.59
5294,1983-03-31,10.62
5295,1983-04-04,10.6
5296,1983-04-05,10.49
5297,1983-04-06,10.49
5298,1983-04-07,10.51
5299,1983-04-08,10.51
5300,1983-04-11,10.41
5301,1983-04-12,10.42
5302,1983-04-13,10.39
5303,1983-04-14,10.29
5304,1983-04-15,10.33
5305,1983-04-18,10.29
5306,1983-04-19,10.39
5307,1983-04-20,10.39
5308,1983-04-21,10.43
5309,1983-04-22,10.42
5310,1983-04-25,10.4
5311,1983-04-26,10.37
5312,1983-04-27,10.29
5313,1983-04-28,10.31
5314,1983-04-29,10.27
5315,1983-05-02,10.26
5316,1983-05-03,10.26
5317,1983-05-04,10.12
5318,1983-05-05,10.16
5319,1983-05-06,10.13
5320,1983-05-09,10.25
5321,1983-05-10,10.16
5322,1983-05-11,10.18
5323,1983-05-12,10.23
5324,1983-05-13,10.22
5325,1983-05-16,10.37
5326,1983-05-17,10.41
5327,1983-05-18,10.43
5328,1983-05-19,10.49
5329,1983-05-20,10.54
5330,1983-05-23,10.57
5331,1983-05-24,10.56
5332,1983-05-25,10.58
5333,1983-05-26,10.63
5334,1983-05-27,10.62
5335,1983-05-31,10.81
5336,1983-06-01,10.77
5337,1983-06-02,10.78
5338,1983-06-03,10.79
5339,1983-06-06,10.79
5340,1983-06-07,10.85
5341,1983-06-08,10.92
5342,1983-06-09,10.88
5343,1983-06-10,10.89
5344,1983-06-13,10.75
5345,1983-06-14,10.77
5346,1983-06-15,10.72
5347,1983-06-16,10.64
5348,1983-06-17,10.68
5349,1983-06-20,10.8
5350,1983-06-21,10.79
5351,1983-06-22,10.83
5352,1983-06-23,10.9
5353,1983-06-24,11.02
5354,1983-06-27,11.11
5355,1983-06-28,11.04
5356,1983-06-29,10.99
5357,1983-06-30,10.96
5358,1983-07-01,10.93
5359,1983-07-05,11.21
5360,1983-07-06,11.16
5361,1983-07-07,11.29
5362,1983-07-08,11.33
5363,1983-07-11,11.28
5364,1983-07-12,11.42
5365,1983-07-13,11.4
5366,1983-07-14,11.38
5367,1983-07-15,11.51
5368,1983-07-18,11.41
5369,1983-07-19,11.36
5370,1983-07-20,11.28
5371,1983-07-21,11.32
5372,1983-07-22,11.43
5373,1983-07-25,11.41
5374,1983-07-26,11.49
5375,1983-07-27,11.51
5376,1983-07-28,11.66
5377,1983-07-29,11.76
5378,1983-08-01,11.8
5379,1983-08-02,11.82
5380,1983-08-03,11.92
5381,1983-08-04,12.12
5382,1983-08-05,12.1
5383,1983-08-08,12.2
5384,1983-08-09,12.13
5385,1983-08-10,12.17
5386,1983-08-11,12.04
5387,1983-08-12,11.96
5388,1983-08-15,11.76
5389,1983-08-16,11.71
5390,1983-08-17,11.65
5391,1983-08-18,11.7
5392,1983-08-19,11.72
5393,1983-08-22,11.54
5394,1983-08-23,11.57
5395,1983-08-24,11.54
5396,1983-08-25,11.62
5397,1983-08-26,11.65
5398,1983-08-29,11.86
5399,1983-08-30,11.9
5400,1983-08-31,11.98
5401,1983-09-01,11.97
5402,1983-09-02,12.01
5403,1983-09-06,11.85
5404,1983-09-07,11.7
5405,1983-09-08,11.77
5406,1983-09-09,11.73
5407,1983-09-12,11.56
5408,1983-09-13,11.63
5409,1983-09-14,11.76
5410,1983-09-15,11.82
5411,1983-09-16,11.68
5412,1983-09-19,11.66
5413,1983-09-20,11.57
5414,1983-09-21,11.64
5415,1983-09-22,11.6
5416,1983-09-23,11.49
5417,1983-09-26,11.41
5418,1983-09-27,11.45
5419,1983-09-28,11.49
5420,1983-09-29,11.5
5421,1983-09-30,11.44
5422,1983-10-03,11.47
5423,1983-10-04,11.46
5424,1983-10-05,11.35
5425,1983-10-06,11.31
5426,1983-10-07,11.33
5427,1983-10-11,11.57
5428,1983-10-12,11.59
5429,1983-10-13,11.65
5430,1983-10-14,11.58
5431,1983-10-17,11.47
5432,1983-10-18,11.49
5433,1983-10-19,11.49
5434,1983-10-20,11.47
5435,1983-10-21,11.43
5436,1983-10-24,11.66
5437,1983-10-25,11.7
5438,1983-10-26,11.72
5439,1983-10-27,11.66
5440,1983-10-28,11.68
5441,1983-10-31,11.74
5442,1983-11-01,11.69
5443,1983-11-02,11.7
5444,1983-11-03,11.75
5445,1983-11-04,11.85
5446,1983-11-07,11.85
5447,1983-11-09,11.84
5448,1983-11-10,11.71
5449,1983-11-14,11.68
5450,1983-11-15,11.7
5451,1983-11-16,11.7
5452,1983-11-17,11.72
5453,1983-11-18,11.72
5454,1983-11-21,11.65
5455,1983-11-22,11.57
5456,1983-11-23,11.59
5457,1983-11-25,11.55
5458,1983-11-28,11.63
5459,1983-11-29,11.58
5460,1983-11-30,11.63
5461,1983-12-01,11.63
5462,1983-12-02,11.75
5463,1983-12-05,11.78
5464,1983-12-06,11.76
5465,1983-12-07,11.79
5466,1983-12-08,11.89
5467,1983-12-09,11.9
5468,1983-12-12,11.87
5469,1983-12-13,11.95
5470,1983-12-14,11.97
5471,1983-12-15,11.96
5472,1983-12-16,11.88
5473,1983-12-19,11.87
5474,1983-12-20,11.86
5475,1983-12-21,11.83
5476,1983-12-22,11.77
5477,1983-12-23,11.79
5478,1983-12-27,11.75
5479,1983-12-28,11.81
5480,1983-12-29,11.79
5481,1983-12-30,11.82
5482,1984-01-03,11.86
5483,1984-01-04,11.78
5484,1984-01-05,11.77
5485,1984-01-06,11.73
5486,1984-01-09,11.75
5487,1984-01-10,11.71
5488,1984-01-11,11.76
5489,1984-01-12,11.76
5490,1984-01-13,11.59
5491,1984-01-16,11.54
5492,1984-01-17,11.57
5493,1984-01-18,11.61
5494,1984-01-19,11.6
5495,1984-01-20,11.64
5496,1984-01-23,11.63
5497,1984-01-24,11.63
5498,1984-01-25,11.64
5499,1984-01-26,11.63
5500,1984-01-27,11.63
5501,1984-01-30,11.66
5502,1984-01-31,11.67
5503,1984-02-01,11.64
5504,1984-02-02,11.6
5505,1984-02-03,11.6
5506,1984-02-06,11.7
5507,1984-02-07,11.71
5508,1984-02-08,11.72
5509,1984-02-09,11.73
5510,1984-02-10,11.83
5511,1984-02-14,11.85
5512,1984-02-15,11.81
5513,1984-02-16,11.83
5514,1984-02-17,11.92
5515,1984-02-21,11.91
5516,1984-02-22,11.93
5517,1984-02-23,12.05
5518,1984-02-24,11.99
5519,1984-02-27,12.05
5520,1984-02-28,12.09
5521,1984-02-29,12.04
5522,1984-03-01,12.07
5523,1984-03-02,11.99
5524,1984-03-05,12.07
5525,1984-03-06,12.09
5526,1984-03-07,12.22
5527,1984-03-08,12.24
5528,1984-03-09,12.28
5529,1984-03-12,12.24
5530,1984-03-13,12.27
5531,1984-03-14,12.31
5532,1984-03-15,12.31
5533,1984-03-16,12.34
5534,1984-03-19,12.45
5535,1984-03-20,12.44
5536,1984-03-21,12.45
5537,1984-03-22,12.49
5538,1984-03-23,12.48
5539,1984-03-26,12.46
5540,1984-03-27,12.46
5541,1984-03-28,12.42
5542,1984-03-29,12.41
5543,1984-03-30,12.53
5544,1984-04-02,12.56
5545,1984-04-03,12.65
5546,1984-04-04,12.67
5547,1984-04-05,12.65
5548,1984-04-06,12.51
5549,1984-04-09,12.47
5550,1984-04-10,12.52
5551,1984-04-11,12.5
5552,1984-04-12,12.4
5553,1984-04-13,12.57
5554,1984-04-16,12.61
5555,1984-04-17,12.57
5556,1984-04-18,12.7
5557,1984-04-19,12.77
5558,1984-04-23,12.8
5559,1984-04-24,12.75
5560,1984-04-25,12.69
5561,1984-04-26,12.67
5562,1984-04-27,12.79
5563,1984-04-30,12.82
5564,1984-05-01,12.82
5565,1984-05-02,12.86
5566,1984-05-03,12.89
5567,1984-05-04,13.07
5568,1984-05-07,13.13
5569,1984-05-08,13.09
5570,1984-05-09,13.21
5571,1984-05-10,13.25
5572,1984-05-11,13.46
5573,1984-05-14,13.58
5574,1984-05-15,13.48
5575,1984-05-16,13.41
5576,1984-05-17,13.54
5577,1984-05-18,13.45
5578,1984-05-21,13.43
5579,1984-05-22,13.52
5580,1984-05-23,13.54
5581,1984-05-24,13.72
5582,1984-05-25,13.75
5583,1984-05-29,13.89
5584,1984-05-30,13.99
5585,1984-05-31,13.91
5586,1984-06-01,13.63
5587,1984-06-04,13.42
5588,1984-06-05,13.37
5589,1984-06-06,13.54
5590,1984-06-07,13.54
5591,1984-06-08,13.46
5592,1984-06-11,13.58
5593,1984-06-12,13.54
5594,1984-06-13,13.44
5595,1984-06-14,13.39
5596,1984-06-15,13.21
5597,1984-06-18,13.27
5598,1984-06-19,13.38
5599,1984-06-20,13.65
5600,1984-06-21,13.72
5601,1984-06-22,13.74
5602,1984-06-25,13.75
5603,1984-06-26,13.79
5604,1984-06-27,13.76
5605,1984-06-28,13.8
5606,1984-06-29,13.84
5607,1984-07-02,13.87
5608,1984-07-03,13.8
5609,1984-07-05,13.77
5610,1984-07-06,13.75
5611,1984-07-09,13.48
5612,1984-07-10,13.53
5613,1984-07-11,13.55
5614,1984-07-12,13.42
5615,1984-07-13,13.3
5616,1984-07-16,13.32
5617,1984-07-17,13.37
5618,1984-07-18,13.32
5619,1984-07-19,13.25
5620,1984-07-20,13.36
5621,1984-07-23,13.35
5622,1984-07-24,13.31
5623,1984-07-25,13.06
5624,1984-07-26,12.89
5625,1984-07-27,12.95
5626,1984-07-30,13.05
5627,1984-07-31,12.91
5628,1984-08-01,12.81
5629,1984-08-02,12.74
5630,1984-08-03,12.61
5631,1984-08-06,12.73
5632,1984-08-07,12.69
5633,1984-08-08,12.66
5634,1984-08-09,12.61
5635,1984-08-10,12.68
5636,1984-08-13,12.74
5637,1984-08-14,12.67
5638,1984-08-15,12.74
5639,1984-08-16,12.7
5640,1984-08-17,12.7
5641,1984-08-20,12.69
5642,1984-08-21,12.62
5643,1984-08-22,12.65
5644,1984-08-23,12.69
5645,1984-08-24,12.66
5646,1984-08-27,12.81
5647,1984-08-28,12.81
5648,1984-08-29,12.83
5649,1984-08-30,12.84
5650,1984-08-31,12.79
5651,1984-09-04,12.88
5652,1984-09-05,12.92
5653,1984-09-06,12.81
5654,1984-09-07,12.7
5655,1984-09-10,12.62
5656,1984-09-11,12.54
5657,1984-09-12,12.55
5658,1984-09-13,12.44
5659,1984-09-14,12.42
5660,1984-09-17,12.4
5661,1984-09-18,12.35
5662,1984-09-19,12.25
5663,1984-09-20,12.28
5664,1984-09-21,12.45
5665,1984-09-24,12.52
5666,1984-09-25,12.56
5667,1984-09-26,12.46
5668,1984-09-27,12.31
5669,1984-09-28,12.47
5670,1984-10-01,12.54
5671,1984-10-02,12.54
5672,1984-10-03,12.54
5673,1984-10-04,12.52
5674,1984-10-05,12.39
5675,1984-10-09,12.36
5676,1984-10-10,12.36
5677,1984-10-11,12.31
5678,1984-10-12,12.28
5679,1984-10-15,12.34
5680,1984-10-16,12.32
5681,1984-10-17,12.28
5682,1984-10-18,12.09
5683,1984-10-19,11.93
5684,1984-10-22,11.9
5685,1984-10-23,11.78
5686,1984-10-24,11.74
5687,1984-10-25,11.83
5688,1984-10-26,11.99
5689,1984-10-29,11.95
5690,1984-10-30,11.75
5691,1984-10-31,11.79
5692,1984-11-01,11.66
5693,1984-11-02,11.66
5694,1984-11-05,11.6
5695,1984-11-07,11.72
5696,1984-11-08,11.81
5697,1984-11-09,11.71
5698,1984-11-13,11.78
5699,1984-11-14,11.81
5700,1984-11-15,11.73
5701,1984-11-16,11.69
5702,1984-11-19,11.61
5703,1984-11-20,11.53
5704,1984-11-21,11.39
5705,1984-11-23,11.24
5706,1984-11-26,11.28
5707,1984-11-27,11.28
5708,1984-11-28,11.38
5709,1984-11-29,11.42
5710,1984-11-30,11.58
5711,1984-12-03,11.56
5712,1984-12-04,11.52
5713,1984-12-05,11.52
5714,1984-12-06,11.61
5715,1984-12-07,11.7
5716,1984-12-10,11.66
5717,1984-12-11,11.57
5718,1984-12-12,11.54
5719,1984-12-13,11.7
5720,1984-12-14,11.56
5721,1984-12-17,11.49
5722,1984-12-18,11.29
5723,1984-12-19,11.34
5724,1984-12-20,11.37
5725,1984-12-21,11.34
5726,1984-12-24,11.31
5727,1984-12-26,11.45
5728,1984-12-27,11.45
5729,1984-12-28,11.46
5730,1984-12-31,11.55
5731,1985-01-02,11.7
5732,1985-01-03,11.62
5733,1985-01-04,11.67
5734,1985-01-07,11.5
5735,1985-01-08,11.45
5736,1985-01-09,11.47
5737,1985-01-10,11.48
5738,1985-01-11,11.59
5739,1985-01-14,11.6
5740,1985-01-15,11.49
5741,1985-01-16,11.51
5742,1985-01-17,11.48
5743,1985-01-18,11.39
5744,1985-01-22,11.27
5745,1985-01-23,11.21
5746,1985-01-24,11.06
5747,1985-01-25,11.11
5748,1985-01-28,11.11
5749,1985-01-29,11.11
5750,1985-01-30,11.08
5751,1985-01-31,11.17
5752,1985-02-01,11.29
5753,1985-02-04,11.35
5754,1985-02-05,11.3
5755,1985-02-06,11.4
5756,1985-02-07,11.41
5757,1985-02-08,11.37
5758,1985-02-11,11.42
5759,1985-02-13,11.39
5760,1985-02-14,11.29
5761,1985-02-15,11.38
5762,1985-02-19,11.37
5763,1985-02-20,11.52
5764,1985-02-21,11.64
5765,1985-02-22,11.76
5766,1985-02-25,11.75
5767,1985-02-26,11.72
5768,1985-02-27,11.89
5769,1985-02-28,11.91
5770,1985-03-01,11.86
5771,1985-03-04,11.93
5772,1985-03-05,11.86
5773,1985-03-06,11.92
5774,1985-03-07,11.94
5775,1985-03-08,11.71
5776,1985-03-11,11.72
5777,1985-03-12,11.78
5778,1985-03-13,11.9
5779,1985-03-14,11.92
5780,1985-03-15,11.93
5781,1985-03-18,12.02
5782,1985-03-19,11.99
5783,1985-03-20,11.91
5784,1985-03-21,11.82
5785,1985-03-22,11.88
5786,1985-03-25,11.86
5787,1985-03-26,11.77
5788,1985-03-27,11.84
5789,1985-03-28,11.75
5790,1985-03-29,11.65
5791,1985-04-01,11.66
5792,1985-04-02,11.7
5793,1985-04-03,11.73
5794,1985-04-04,11.75
5795,1985-04-08,11.77
5796,1985-04-09,11.66
5797,1985-04-10,11.58
5798,1985-04-11,11.42
5799,1985-04-12,11.43
5800,1985-04-15,11.37
5801,1985-04-16,11.25
5802,1985-04-17,11.29
5803,1985-04-18,11.13
5804,1985-04-19,11.16
5805,1985-04-22,11.13
5806,1985-04-23,11.25
5807,1985-04-24,11.25
5808,1985-04-25,11.37
5809,1985-04-26,11.35
5810,1985-04-29,11.47
5811,1985-04-30,11.41
5812,1985-05-01,11.27
5813,1985-05-02,11.29
5814,1985-05-03,11.21
5815,1985-05-06,11.19
5816,1985-05-07,11.17
5817,1985-05-08,11.26
5818,1985-05-09,11.2
5819,1985-05-10,11.04
5820,1985-05-13,11.04
5821,1985-05-14,10.87
5822,1985-05-15,10.89
5823,1985-05-16,10.81
5824,1985-05-17,10.84
5825,1985-05-20,10.56
5826,1985-05-21,10.6
5827,1985-05-22,10.62
5828,1985-05-23,10.64
5829,1985-05-24,10.57
5830,1985-05-28,10.43
5831,1985-05-29,10.46
5832,1985-05-30,10.39
5833,1985-05-31,10.28
5834,1985-06-03,10.05
5835,1985-06-04,10.05
5836,1985-06-05,9.83
5837,1985-06-06,9.89
5838,1985-06-07,10.19
5839,1985-06-10,10.16
5840,1985-06-11,10.08
5841,1985-06-12,10.16
5842,1985-06-13,10.21
5843,1985-06-14,9.98
5844,1985-06-17,9.97
5845,1985-06-18,9.9
5846,1985-06-19,10.04
5847,1985-06-20,10.14
5848,1985-06-21,10.34
5849,1985-06-24,10.45
5850,1985-06-25,10.5
5851,1985-06-26,10.54
5852,1985-06-27,10.39
5853,1985-06-28,10.25
5854,1985-07-01,10.19
5855,1985-07-02,10.2
5856,1985-07-03,10.23
5857,1985-07-05,9.93
5858,1985-07-08,10.05
5859,1985-07-09,10.05
5860,1985-07-10,10.07
5861,1985-07-11,10.22
5862,1985-07-12,10.23
5863,1985-07-15,10.22
5864,1985-07-16,10.15
5865,1985-07-17,10.12
5866,1985-07-18,10.3
5867,1985-07-19,10.34
5868,1985-07-22,10.46
5869,1985-07-23,10.47
5870,1985-07-24,10.51
5871,1985-07-25,10.52
5872,1985-07-26,10.59
5873,1985-07-29,10.67
5874,1985-07-30,10.66
5875,1985-07-31,10.57
5876,1985-08-01,10.51
5877,1985-08-02,10.66
5878,1985-08-05,10.64
5879,1985-08-06,10.65
5880,1985-08-07,10.55
5881,1985-08-08,10.43
5882,1985-08-09,10.37
5883,1985-08-12,10.38
5884,1985-08-13,10.46
5885,1985-08-14,10.38
5886,1985-08-15,10.36
5887,1985-08-16,10.26
5888,1985-08-19,10.23
5889,1985-08-20,10.2
5890,1985-08-21,10.12
5891,1985-08-22,10.1
5892,1985-08-23,10.14
5893,1985-08-26,10.18
5894,1985-08-27,10.12
5895,1985-08-28,10.16
5896,1985-08-29,10.12
5897,1985-08-30,10.28
5898,1985-09-03,10.24
5899,1985-09-04,10.16
5900,1985-09-05,10.27
5901,1985-09-06,10.5
5902,1985-09-09,10.49
5903,1985-09-10,10.48
5904,1985-09-11,10.51
5905,1985-09-12,10.52
5906,1985-09-13,10.4
5907,1985-09-16,10.37
5908,1985-09-17,10.41
5909,1985-09-18,10.43
5910,1985-09-19,10.43
5911,1985-09-20,10.36
5912,1985-09-23,10.39
5913,1985-09-24,10.33
5914,1985-09-25,10.27
5915,1985-09-26,10.22
5916,1985-09-30,10.31
5917,1985-10-01,10.29
5918,1985-10-02,10.3
5919,1985-10-03,10.32
5920,1985-10-04,10.36
5921,1985-10-07,10.42
5922,1985-10-08,10.36
5923,1985-10-09,10.37
5924,1985-10-10,10.35
5925,1985-10-11,10.34
5926,1985-10-15,10.3
5927,1985-10-16,10.25
5928,1985-10-17,10.21
5929,1985-10-18,10.17
5930,1985-10-21,10.18
5931,1985-10-22,10.12
5932,1985-10-23,10.14
5933,1985-10-24,10.15
5934,1985-10-25,10.21
5935,1985-10-28,10.28
5936,1985-10-29,10.11
5937,1985-10-30,9.97
5938,1985-10-31,10.01
5939,1985-11-01,9.98
5940,1985-11-04,9.98
5941,1985-11-05,9.93
5942,1985-11-06,9.93
5943,1985-11-07,9.91
5944,1985-11-08,9.84
5945,1985-11-12,9.74
5946,1985-11-13,9.78
5947,1985-11-14,9.84
5948,1985-11-15,9.92
5949,1985-11-18,9.72
5950,1985-11-19,9.73
5951,1985-11-20,9.72
5952,1985-11-21,9.58
5953,1985-11-22,9.66
5954,1985-11-25,9.68
5955,1985-11-26,9.68
5956,1985-11-27,9.64
5957,1985-11-29,9.59
5958,1985-12-02,9.69
5959,1985-12-03,9.68
5960,1985-12-04,9.63
5961,1985-12-05,9.62
5962,1985-12-06,9.65
5963,1985-12-09,9.49
5964,1985-12-10,9.36
5965,1985-12-11,9.2
5966,1985-12-12,9.27
5967,1985-12-13,9.21
5968,1985-12-16,9.16
5969,1985-12-17,9.04
5970,1985-12-18,9.11
5971,1985-12-19,9.1
5972,1985-12-20,9.04
5973,1985-12-23,9.08
5974,1985-12-24,9.07
5975,1985-12-26,9.04
5976,1985-12-27,8.99
5977,1985-12-30,9.01
5978,1985-12-31,9.0
5979,1986-01-02,9.04
5980,1986-01-03,9.05
5981,1986-01-06,9.07
5982,1986-01-07,8.94
5983,1986-01-08,9.13
5984,1986-01-09,9.27
5985,1986-01-10,9.39
5986,1986-01-13,9.49
5987,1986-01-14,9.43
5988,1986-01-15,9.31
5989,1986-01-16,9.3
5990,1986-01-17,9.24
5991,1986-01-21,9.22
5992,1986-01-22,9.28
5993,1986-01-23,9.23
5994,1986-01-24,9.23
5995,1986-01-27,9.13
5996,1986-01-28,9.05
5997,1986-01-29,9.09
5998,1986-01-30,9.1
5999,1986-01-31,9.08
6000,1986-02-03,9.02
6001,1986-02-04,8.96
6002,1986-02-05,8.97
6003,1986-02-06,9.03
6004,1986-02-07,9.11
6005,1986-02-10,9.0
6006,1986-02-11,8.93
6007,1986-02-12,8.91
6008,1986-02-13,8.85
6009,1986-02-14,8.68
6010,1986-02-18,8.64
6011,1986-02-19,8.7
6012,1986-02-20,8.67
6013,1986-02-21,8.48
6014,1986-02-24,8.39
6015,1986-02-25,8.4
6016,1986-02-26,8.36
6017,1986-02-27,8.15
6018,1986-02-28,8.13
6019,1986-03-03,7.99
6020,1986-03-04,7.93
6021,1986-03-05,8.12
6022,1986-03-06,8.04
6023,1986-03-07,7.96
6024,1986-03-10,7.76
6025,1986-03-11,7.7
6026,1986-03-12,7.68
6027,1986-03-13,7.75
6028,1986-03-14,7.72
6029,1986-03-17,7.77
6030,1986-03-18,7.83
6031,1986-03-19,7.82
6032,1986-03-20,7.78
6033,1986-03-21,7.8
6034,1986-03-24,7.7
6035,1986-03-25,7.7
6036,1986-03-26,7.64
6037,1986-03-27,7.49
6038,1986-03-31,7.39
6039,1986-04-01,7.37
6040,1986-04-02,7.33
6041,1986-04-03,7.41
6042,1986-04-04,7.45
6043,1986-04-07,7.43
6044,1986-04-08,7.31
6045,1986-04-09,7.27
6046,1986-04-10,7.23
6047,1986-04-11,7.29
6048,1986-04-14,7.19
6049,1986-04-15,7.22
6050,1986-04-16,6.98
6051,1986-04-17,7.03
6052,1986-04-18,7.09
6053,1986-04-21,7.04
6054,1986-04-22,7.25
6055,1986-04-23,7.36
6056,1986-04-24,7.51
6057,1986-04-25,7.58
6058,1986-04-28,7.48
6059,1986-04-29,7.38
6060,1986-04-30,7.38
6061,1986-05-01,7.45
6062,1986-05-02,7.51
6063,1986-05-05,7.45
6064,1986-05-06,7.46
6065,1986-05-07,7.43
6066,1986-05-08,7.4
6067,1986-05-09,7.48
6068,1986-05-12,7.67
6069,1986-05-13,7.63
6070,1986-05-14,7.66
6071,1986-05-15,7.79
6072,1986-05-16,7.99
6073,1986-05-19,7.98
6074,1986-05-20,7.88
6075,1986-05-21,7.9
6076,1986-05-22,7.88
6077,1986-05-23,7.84
6078,1986-05-27,7.73
6079,1986-05-28,7.73
6080,1986-05-29,7.99
6081,1986-05-30,8.05
6082,1986-06-02,8.32
6083,1986-06-03,8.19
6084,1986-06-04,8.39
6085,1986-06-05,8.31
6086,1986-06-06,7.95
6087,1986-06-09,8.13
6088,1986-06-10,8.07
6089,1986-06-11,8.01
6090,1986-06-12,7.98
6091,1986-06-13,7.73
6092,1986-06-16,7.63
6093,1986-06-17,7.63
6094,1986-06-18,7.57
6095,1986-06-19,7.69
6096,1986-06-20,7.6
6097,1986-06-23,7.55
6098,1986-06-24,7.47
6099,1986-06-25,7.42
6100,1986-06-26,7.42
6101,1986-06-27,7.38
6102,1986-06-30,7.35
6103,1986-07-01,7.37
6104,1986-07-02,7.37
6105,1986-07-03,7.31
6106,1986-07-07,7.31
6107,1986-07-08,7.44
6108,1986-07-09,7.31
6109,1986-07-10,7.31
6110,1986-07-11,7.3
6111,1986-07-14,7.25
6112,1986-07-15,7.16
6113,1986-07-16,7.2
6114,1986-07-17,7.18
6115,1986-07-18,7.16
6116,1986-07-21,7.14
6117,1986-07-22,7.2
6118,1986-07-23,7.29
6119,1986-07-24,7.35
6120,1986-07-25,7.33
6121,1986-07-28,7.53
6122,1986-07-29,7.41
6123,1986-07-30,7.41
6124,1986-07-31,7.34
6125,1986-08-01,7.34
6126,1986-08-04,7.33
6127,1986-08-05,7.39
6128,1986-08-06,7.47
6129,1986-08-07,7.45
6130,1986-08-08,7.3
6131,1986-08-11,7.25
6132,1986-08-12,7.23
6133,1986-08-13,7.15
6134,1986-08-14,7.16
6135,1986-08-15,7.14
6136,1986-08-18,7.14
6137,1986-08-19,7.02
6138,1986-08-20,7.0
6139,1986-08-21,6.96
6140,1986-08-22,7.07
6141,1986-08-25,7.06
6142,1986-08-26,6.97
6143,1986-08-27,7.06
6144,1986-08-28,7.04
6145,1986-08-29,6.95
6146,1986-09-02,7.03
6147,1986-09-03,7.2
6148,1986-09-04,7.15
6149,1986-09-05,7.32
6150,1986-09-08,7.38
6151,1986-09-09,7.35
6152,1986-09-10,7.35
6153,1986-09-11,7.57
6154,1986-09-12,7.63
6155,1986-09-15,7.53
6156,1986-09-16,7.53
6157,1986-09-17,7.46
6158,1986-09-18,7.62
6159,1986-09-19,7.67
6160,1986-09-22,7.62
6161,1986-09-23,7.58
6162,1986-09-24,7.48
6163,1986-09-25,7.47
6164,1986-09-26,7.47
6165,1986-09-29,7.54
6166,1986-09-30,7.45
6167,1986-10-01,7.41
6168,1986-10-02,7.45
6169,1986-10-03,7.31
6170,1986-10-06,7.28
6171,1986-10-07,7.28
6172,1986-10-08,7.31
6173,1986-10-09,7.33
6174,1986-10-10,7.36
6175,1986-10-14,7.49
6176,1986-10-15,7.51
6177,1986-10-16,7.53
6178,1986-10-17,7.57
6179,1986-10-20,7.66
6180,1986-10-21,7.57
6181,1986-10-22,7.49
6182,1986-10-23,7.43
6183,1986-10-24,7.47
6184,1986-10-27,7.42
6185,1986-10-28,7.45
6186,1986-10-29,7.41
6187,1986-10-30,7.31
6188,1986-10-31,7.34
6189,1986-11-03,7.29
6190,1986-11-04,7.31
6191,1986-11-05,7.24
6192,1986-11-06,7.32
6193,1986-11-07,7.4
6194,1986-11-10,7.38
6195,1986-11-12,7.35
6196,1986-11-13,7.33
6197,1986-11-14,7.29
6198,1986-11-17,7.22
6199,1986-11-18,7.27
6200,1986-11-19,7.19
6201,1986-11-20,7.19
6202,1986-11-21,7.17
6203,1986-11-24,7.11
6204,1986-11-25,7.15
6205,1986-11-26,7.15
6206,1986-11-28,7.15
6207,1986-12-01,7.18
6208,1986-12-02,7.08
6209,1986-12-03,7.06
6210,1986-12-04,7.01
6211,1986-12-05,7.12
6212,1986-12-08,7.1
6213,1986-12-09,7.07
6214,1986-12-10,7.05
6215,1986-12-11,7.12
6216,1986-12-12,7.13
6217,1986-12-15,7.15
6218,1986-12-16,7.12
6219,1986-12-17,7.12
6220,1986-12-18,7.11
6221,1986-12-19,7.1
6222,1986-12-22,7.1
6223,1986-12-23,7.08
6224,1986-12-24,7.07
6225,1986-12-26,7.08
6226,1986-12-29,7.17
6227,1986-12-30,7.23
6228,1986-12-31,7.23
6229,1987-01-02,7.18
6230,1987-01-05,7.08
6231,1987-01-06,7.08
6232,1987-01-07,7.05
6233,1987-01-08,7.04
6234,1987-01-09,7.01
6235,1987-01-12,7.05
6236,1987-01-13,7.1
6237,1987-01-14,7.11
6238,1987-01-15,7.08
6239,1987-01-16,7.03
6240,1987-01-20,7.01
6241,1987-01-21,7.01
6242,1987-01-22,7.03
6243,1987-01-23,7.06
6244,1987-01-26,7.17
6245,1987-01-27,7.16
6246,1987-01-28,7.13
6247,1987-01-29,7.13
6248,1987-01-30,7.18
6249,1987-02-02,7.23
6250,1987-02-03,7.25
6251,1987-02-04,7.23
6252,1987-02-05,7.2
6253,1987-02-06,7.19
6254,1987-02-09,7.25
6255,1987-02-10,7.33
6256,1987-02-11,7.37
6257,1987-02-12,7.31
6258,1987-02-13,7.28
6259,1987-02-17,7.33
6260,1987-02-18,7.3
6261,1987-02-19,7.23
6262,1987-02-20,7.24
6263,1987-02-23,7.23
6264,1987-02-24,7.18
6265,1987-02-25,7.21
6266,1987-02-26,7.21
6267,1987-02-27,7.19
6268,1987-03-02,7.17
6269,1987-03-03,7.21
6270,1987-03-04,7.14
6271,1987-03-05,7.16
6272,1987-03-06,7.23
6273,1987-03-09,7.23
6274,1987-03-10,7.23
6275,1987-03-11,7.23
6276,1987-03-12,7.22
6277,1987-03-13,7.19
6278,1987-03-16,7.22
6279,1987-03-17,7.2
6280,1987-03-18,7.21
6281,1987-03-19,7.21
6282,1987-03-20,7.22
6283,1987-03-23,7.25
6284,1987-03-24,7.27
6285,1987-03-25,7.26
6286,1987-03-26,7.24
6287,1987-03-27,7.33
6288,1987-03-30,7.54
6289,1987-03-31,7.51
6290,1987-04-01,7.59
6291,1987-04-02,7.59
6292,1987-04-03,7.59
6293,1987-04-06,7.54
6294,1987-04-07,7.62
6295,1987-04-08,7.61
6296,1987-04-09,7.78
6297,1987-04-10,7.98
6298,1987-04-13,8.07
6299,1987-04-14,8.28
6300,1987-04-15,8.1
6301,1987-04-16,8.03
6302,1987-04-20,8.2
6303,1987-04-21,8.19
6304,1987-04-22,8.24
6305,1987-04-23,8.39
6306,1987-04-24,8.47
6307,1987-04-27,8.37
6308,1987-04-28,8.28
6309,1987-04-29,8.35
6310,1987-04-30,8.21
6311,1987-05-01,8.39
6312,1987-05-04,8.52
6313,1987-05-05,8.45
6314,1987-05-06,8.54
6315,1987-05-07,8.5
6316,1987-05-08,8.43
6317,1987-05-11,8.57
6318,1987-05-12,8.55
6319,1987-05-13,8.55
6320,1987-05-14,8.57
6321,1987-05-15,8.8
6322,1987-05-18,8.73
6323,1987-05-19,8.89
6324,1987-05-20,8.92
6325,1987-05-21,8.87
6326,1987-05-22,8.78
6327,1987-05-26,8.55
6328,1987-05-27,8.6
6329,1987-05-28,8.56
6330,1987-05-29,8.49
6331,1987-06-01,8.45
6332,1987-06-02,8.72
6333,1987-06-03,8.64
6334,1987-06-04,8.58
6335,1987-06-05,8.5
6336,1987-06-08,8.53
6337,1987-06-09,8.56
6338,1987-06-10,8.56
6339,1987-06-11,8.52
6340,1987-06-12,8.32
6341,1987-06-15,8.28
6342,1987-06-16,8.28
6343,1987-06-17,8.23
6344,1987-06-18,8.27
6345,1987-06-19,8.3
6346,1987-06-22,8.23
6347,1987-06-23,8.23
6348,1987-06-24,8.31
6349,1987-06-25,8.25
6350,1987-06-26,8.37
6351,1987-06-29,8.34
6352,1987-06-30,8.38
6353,1987-07-01,8.36
6354,1987-07-02,8.3
6355,1987-07-06,8.29
6356,1987-07-07,8.28
6357,1987-07-08,8.32
6358,1987-07-09,8.37
6359,1987-07-10,8.32
6360,1987-07-13,8.38
6361,1987-07-14,8.33
6362,1987-07-15,8.43
6363,1987-07-16,8.41
6364,1987-07-17,8.36
6365,1987-07-20,8.41
6366,1987-07-21,8.49
6367,1987-07-22,8.54
6368,1987-07-23,8.56
6369,1987-07-24,8.58
6370,1987-07-27,8.6
6371,1987-07-28,8.62
6372,1987-07-29,8.61
6373,1987-07-30,8.61
6374,1987-07-31,8.66
6375,1987-08-03,8.81
6376,1987-08-04,8.81
6377,1987-08-05,8.71
6378,1987-08-06,8.73
6379,1987-08-07,8.7
6380,1987-08-10,8.74
6381,1987-08-11,8.73
6382,1987-08-12,8.72
6383,1987-08-13,8.63
6384,1987-08-14,8.58
6385,1987-08-17,8.56
6386,1987-08-18,8.73
6387,1987-08-19,8.77
6388,1987-08-20,8.74
6389,1987-08-21,8.77
6390,1987-08-24,8.78
6391,1987-08-25,8.73
6392,1987-08-26,8.79
6393,1987-08-27,8.92
6394,1987-08-28,9.02
6395,1987-08-31,9.0
6396,1987-09-01,9.05
6397,1987-09-02,9.28
6398,1987-09-03,9.29
6399,1987-09-04,9.3
6400,1987-09-08,9.5
6401,1987-09-09,9.48
6402,1987-09-10,9.42
6403,1987-09-11,9.33
6404,1987-09-14,9.34
6405,1987-09-15,9.44
6406,1987-09-16,9.52
6407,1987-09-17,9.48
6408,1987-09-18,9.38
6409,1987-09-21,9.45
6410,1987-09-22,9.37
6411,1987-09-23,9.4
6412,1987-09-24,9.51
6413,1987-09-25,9.53
6414,1987-09-28,9.52
6415,1987-09-29,9.64
6416,1987-09-30,9.63
6417,1987-10-01,9.66
6418,1987-10-02,9.6
6419,1987-10-05,9.69
6420,1987-10-06,9.72
6421,1987-10-07,9.71
6422,1987-10-08,9.86
6423,1987-10-09,9.94
6424,1987-10-13,9.9
6425,1987-10-14,10.13
6426,1987-10-15,10.18
6427,1987-10-16,10.23
6428,1987-10-19,10.15
6429,1987-10-20,9.4
6430,1987-10-21,9.3
6431,1987-10-22,8.97
6432,1987-10-23,8.98
6433,1987-10-26,8.8
6434,1987-10-27,8.92
6435,1987-10-28,9.01
6436,1987-10-29,8.89
6437,1987-10-30,8.88
6438,1987-11-02,8.98
6439,1987-11-03,8.91
6440,1987-11-04,8.85
6441,1987-11-05,8.72
6442,1987-11-06,8.76
6443,1987-11-09,8.78
6444,1987-11-10,8.79
6445,1987-11-12,8.8
6446,1987-11-13,8.84
6447,1987-11-16,8.82
6448,1987-11-17,8.86
6449,1987-11-18,8.85
6450,1987-11-19,8.83
6451,1987-11-20,8.79
6452,1987-11-23,8.8
6453,1987-11-24,8.89
6454,1987-11-25,8.98
6455,1987-11-27,9.11
6456,1987-11-30,8.99
6457,1987-12-01,9.01
6458,1987-12-02,9.01
6459,1987-12-03,8.94
6460,1987-12-04,8.94
6461,1987-12-07,9.07
6462,1987-12-08,9.09
6463,1987-12-09,9.05
6464,1987-12-10,9.23
6465,1987-12-11,9.28
6466,1987-12-14,9.23
6467,1987-12-15,9.09
6468,1987-12-16,9.0
6469,1987-12-17,9.03
6470,1987-12-18,8.89
6471,1987-12-21,8.88
6472,1987-12-22,8.95
6473,1987-12-23,8.83
6474,1987-12-24,8.82
6475,1987-12-28,8.93
6476,1987-12-29,8.85
6477,1987-12-30,8.78
6478,1987-12-31,8.83
6479,1988-01-04,8.83
6480,1988-01-05,8.76
6481,1988-01-06,8.82
6482,1988-01-07,8.83
6483,1988-01-08,8.97
6484,1988-01-11,8.94
6485,1988-01-12,8.93
6486,1988-01-13,8.87
6487,1988-01-14,8.86
6488,1988-01-15,8.6
6489,1988-01-19,8.65
6490,1988-01-20,8.61
6491,1988-01-21,8.53
6492,1988-01-22,8.49
6493,1988-01-25,8.45
6494,1988-01-26,8.54
6495,1988-01-27,8.38
6496,1988-01-28,8.33
6497,1988-01-29,8.26
6498,1988-02-01,8.26
6499,1988-02-02,8.18
6500,1988-02-03,8.21
6501,1988-02-04,8.24
6502,1988-02-05,8.12
6503,1988-02-08,8.19
6504,1988-02-09,8.16
6505,1988-02-10,8.11
6506,1988-02-11,8.16
6507,1988-02-12,8.28
6508,1988-02-16,8.31
6509,1988-02-17,8.32
6510,1988-02-18,8.28
6511,1988-02-19,8.26
6512,1988-02-22,8.24
6513,1988-02-23,8.17
6514,1988-02-24,8.18
6515,1988-02-25,8.23
6516,1988-02-26,8.18
6517,1988-02-29,8.16
6518,1988-03-01,8.15
6519,1988-03-02,8.13
6520,1988-03-03,8.12
6521,1988-03-04,8.28
6522,1988-03-07,8.3
6523,1988-03-08,8.33
6524,1988-03-09,8.32
6525,1988-03-10,8.35
6526,1988-03-11,8.29
6527,1988-03-14,8.29
6528,1988-03-15,8.3
6529,1988-03-16,8.36
6530,1988-03-17,8.3
6531,1988-03-18,8.41
6532,1988-03-21,8.47
6533,1988-03-22,8.46
6534,1988-03-23,8.47
6535,1988-03-24,8.51
6536,1988-03-25,8.47
6537,1988-03-28,8.58
6538,1988-03-29,8.56
6539,1988-03-30,8.57
6540,1988-03-31,8.57
6541,1988-04-04,8.68
6542,1988-04-05,8.67
6543,1988-04-06,8.61
6544,1988-04-07,8.6
6545,1988-04-08,8.52
6546,1988-04-11,8.59
6547,1988-04-12,8.57
6548,1988-04-13,8.56
6549,1988-04-14,8.67
6550,1988-04-15,8.74
6551,1988-04-18,8.81
6552,1988-04-19,8.81
6553,1988-04-20,8.83
6554,1988-04-21,8.82
6555,1988-04-22,8.78
6556,1988-04-25,8.78
6557,1988-04-26,8.8
6558,1988-04-27,8.8
6559,1988-04-28,8.86
6560,1988-04-29,8.87
6561,1988-05-02,8.94
6562,1988-05-03,8.89
6563,1988-05-04,8.9
6564,1988-05-05,8.92
6565,1988-05-06,9.01
6566,1988-05-09,9.03
6567,1988-05-10,9.07
6568,1988-05-11,9.05
6569,1988-05-12,9.04
6570,1988-05-13,9.0
6571,1988-05-16,9.01
6572,1988-05-17,9.12
6573,1988-05-18,9.19
6574,1988-05-19,9.18
6575,1988-05-20,9.22
6576,1988-05-23,9.23
6577,1988-05-24,9.22
6578,1988-05-25,9.2
6579,1988-05-26,9.21
6580,1988-05-27,9.24
6581,1988-05-31,9.2
6582,1988-06-01,9.03
6583,1988-06-02,9.07
6584,1988-06-03,8.97
6585,1988-06-06,8.97
6586,1988-06-07,9.02
6587,1988-06-08,8.92
6588,1988-06-09,8.96
6589,1988-06-10,8.92
6590,1988-06-13,8.91
6591,1988-06-14,8.69
6592,1988-06-15,8.71
6593,1988-06-16,8.89
6594,1988-06-17,9.02
6595,1988-06-20,9.02
6596,1988-06-21,9.03
6597,1988-06-22,8.9
6598,1988-06-23,8.88
6599,1988-06-24,8.85
6600,1988-06-27,8.94
6601,1988-06-28,8.87
6602,1988-06-29,8.88
6603,1988-06-30,8.82
6604,1988-07-01,8.77
6605,1988-07-05,8.82
6606,1988-07-06,8.91
6607,1988-07-07,8.95
6608,1988-07-08,9.04
6609,1988-07-11,9.02
6610,1988-07-12,9.08
6611,1988-07-13,9.12
6612,1988-07-14,9.12
6613,1988-07-15,9.08
6614,1988-07-18,9.15
6615,1988-07-19,9.1
6616,1988-07-20,9.11
6617,1988-07-21,9.16
6618,1988-07-22,9.11
6619,1988-07-25,9.07
6620,1988-07-26,9.09
6621,1988-07-27,9.14
6622,1988-07-28,9.16
6623,1988-07-29,9.12
6624,1988-08-01,9.07
6625,1988-08-02,9.0
6626,1988-08-03,9.04
6627,1988-08-04,8.99
6628,1988-08-05,9.12
6629,1988-08-08,9.12
6630,1988-08-09,9.2
6631,1988-08-10,9.3
6632,1988-08-11,9.35
6633,1988-08-12,9.36
6634,1988-08-15,9.37
6635,1988-08-16,9.35
6636,1988-08-17,9.38
6637,1988-08-18,9.35
6638,1988-08-19,9.35
6639,1988-08-22,9.37
6640,1988-08-23,9.32
6641,1988-08-24,9.34
6642,1988-08-25,9.41
6643,1988-08-26,9.38
6644,1988-08-29,9.3
6645,1988-08-30,9.27
6646,1988-08-31,9.25
6647,1988-09-01,9.25
6648,1988-09-02,9.0
6649,1988-09-06,8.99
6650,1988-09-07,8.99
6651,1988-09-08,8.99
6652,1988-09-09,8.93
6653,1988-09-12,8.97
6654,1988-09-13,8.94
6655,1988-09-14,8.88
6656,1988-09-15,8.91
6657,1988-09-16,8.93
6658,1988-09-19,8.97
6659,1988-09-20,8.97
6660,1988-09-21,8.93
6661,1988-09-22,8.95
6662,1988-09-23,8.97
6663,1988-09-26,9.0
6664,1988-09-27,9.04
6665,1988-09-28,9.06
6666,1988-09-29,8.98
6667,1988-09-30,8.87
6668,1988-10-03,8.84
6669,1988-10-04,8.87
6670,1988-10-05,8.87
6671,1988-10-06,8.87
6672,1988-10-07,8.7
6673,1988-10-11,8.75
6674,1988-10-12,8.84
6675,1988-10-13,8.84
6676,1988-10-14,8.81
6677,1988-10-17,8.79
6678,1988-10-18,8.78
6679,1988-10-19,8.82
6680,1988-10-20,8.79
6681,1988-10-21,8.83
6682,1988-10-24,8.83
6683,1988-10-25,8.83
6684,1988-10-26,8.79
6685,1988-10-27,8.72
6686,1988-10-28,8.69
6687,1988-10-31,8.65
6688,1988-11-01,8.68
6689,1988-11-02,8.73
6690,1988-11-03,8.69
6691,1988-11-04,8.85
6692,1988-11-07,8.91
6693,1988-11-08,8.91
6694,1988-11-09,8.91
6695,1988-11-10,8.9
6696,1988-11-14,8.91
6697,1988-11-15,8.92
6698,1988-11-16,9.0
6699,1988-11-17,9.06
6700,1988-11-18,9.05
6701,1988-11-21,9.04
6702,1988-11-22,9.09
6703,1988-11-23,9.08
6704,1988-11-25,9.17
6705,1988-11-28,9.16
6706,1988-11-29,9.13
6707,1988-11-30,9.06
6708,1988-12-01,9.01
6709,1988-12-02,9.18
6710,1988-12-05,9.13
6711,1988-12-06,8.95
6712,1988-12-07,9.0
6713,1988-12-08,9.02
6714,1988-12-09,9.07
6715,1988-12-12,9.08
6716,1988-12-13,9.15
6717,1988-12-14,9.19
6718,1988-12-15,9.19
6719,1988-12-16,9.17
6720,1988-12-19,9.15
6721,1988-12-20,9.08
6722,1988-12-21,9.07
6723,1988-12-22,9.07
6724,1988-12-23,9.05
6725,1988-12-27,9.13
6726,1988-12-28,9.21
6727,1988-12-29,9.18
6728,1988-12-30,9.14
6729,1989-01-03,9.23
6730,1989-01-04,9.22
6731,1989-01-05,9.27
6732,1989-01-06,9.25
6733,1989-01-09,9.23
6734,1989-01-10,9.24
6735,1989-01-11,9.24
6736,1989-01-12,9.14
6737,1989-01-13,9.06
6738,1989-01-17,9.06
6739,1989-01-18,8.99
6740,1989-01-19,9.0
6741,1989-01-20,9.03
6742,1989-01-23,9.0
6743,1989-01-24,8.93
6744,1989-01-25,8.99
6745,1989-01-26,8.99
6746,1989-01-27,8.95
6747,1989-01-30,9.0
6748,1989-01-31,9.01
6749,1989-02-01,8.99
6750,1989-02-02,8.98
6751,1989-02-03,9.01
6752,1989-02-06,9.01
6753,1989-02-07,8.96
6754,1989-02-08,8.95
6755,1989-02-09,9.13
6756,1989-02-10,9.19
6757,1989-02-13,9.2
6758,1989-02-14,9.23
6759,1989-02-15,9.22
6760,1989-02-16,9.21
6761,1989-02-17,9.2
6762,1989-02-21,9.22
6763,1989-02-22,9.29
6764,1989-02-23,9.36
6765,1989-02-24,9.38
6766,1989-02-27,9.36
6767,1989-02-28,9.32
6768,1989-03-01,9.36
6769,1989-03-02,9.31
6770,1989-03-03,9.31
6771,1989-03-06,9.26
6772,1989-03-07,9.26
6773,1989-03-08,9.23
6774,1989-03-09,9.24
6775,1989-03-10,9.34
6776,1989-03-13,9.35
6777,1989-03-14,9.32
6778,1989-03-15,9.31
6779,1989-03-16,9.3
6780,1989-03-17,9.49
6781,1989-03-20,9.53
6782,1989-03-21,9.53
6783,1989-03-22,9.45
6784,1989-03-23,9.43
6785,1989-03-27,9.44
6786,1989-03-28,9.41
6787,1989-03-29,9.36
6788,1989-03-30,9.34
6789,1989-03-31,9.3
6790,1989-04-03,9.21
6791,1989-04-04,9.17
6792,1989-04-05,9.17
6793,1989-04-06,9.2
6794,1989-04-07,9.27
6795,1989-04-10,9.27
6796,1989-04-11,9.27
6797,1989-04-12,9.29
6798,1989-04-13,9.34
6799,1989-04-14,9.18
6800,1989-04-17,9.2
6801,1989-04-18,9.06
6802,1989-04-19,9.08
6803,1989-04-20,9.2
6804,1989-04-21,9.15
6805,1989-04-24,9.15
6806,1989-04-25,9.12
6807,1989-04-26,9.11
6808,1989-04-27,9.05
6809,1989-04-28,9.02
6810,1989-05-01,9.14
6811,1989-05-02,9.08
6812,1989-05-03,9.06
6813,1989-05-04,9.06
6814,1989-05-05,8.99
6815,1989-05-08,9.04
6816,1989-05-09,9.15
6817,1989-05-10,9.16
6818,1989-05-11,9.1
6819,1989-05-12,8.81
6820,1989-05-15,8.82
6821,1989-05-16,8.82
6822,1989-05-17,8.8
6823,1989-05-18,8.78
6824,1989-05-19,8.71
6825,1989-05-22,8.58
6826,1989-05-23,8.6
6827,1989-05-24,8.63
6828,1989-05-25,8.67
6829,1989-05-26,8.66
6830,1989-05-30,8.64
6831,1989-05-31,8.6
6832,1989-06-01,8.61
6833,1989-06-02,8.43
6834,1989-06-05,8.36
6835,1989-06-06,8.36
6836,1989-06-07,8.27
6837,1989-06-08,8.27
6838,1989-06-09,8.15
6839,1989-06-12,8.16
6840,1989-06-13,8.25
6841,1989-06-14,8.2
6842,1989-06-15,8.33
6843,1989-06-16,8.35
6844,1989-06-19,8.37
6845,1989-06-20,8.31
6846,1989-06-21,8.37
6847,1989-06-22,8.38
6848,1989-06-23,8.25
6849,1989-06-26,8.18
6850,1989-06-27,8.11
6851,1989-06-28,8.17
6852,1989-06-29,8.12
6853,1989-06-30,8.1
6854,1989-07-03,8.09
6855,1989-07-05,8.11
6856,1989-07-06,8.08
6857,1989-07-07,8.02
6858,1989-07-10,7.99
6859,1989-07-11,8.0
6860,1989-07-12,8.0
6861,1989-07-13,8.0
6862,1989-07-14,8.04
6863,1989-07-17,8.05
6864,1989-07-18,8.13
6865,1989-07-19,8.09
6866,1989-07-20,8.01
6867,1989-07-21,8.07
6868,1989-07-24,8.05
6869,1989-07-25,8.01
6870,1989-07-26,8.02
6871,1989-07-27,7.92
6872,1989-07-28,7.87
6873,1989-07-31,7.82
6874,1989-08-01,7.74
6875,1989-08-02,7.76
6876,1989-08-03,7.8
6877,1989-08-04,8.0
6878,1989-08-07,8.03
6879,1989-08-08,8.0
6880,1989-08-09,8.05
6881,1989-08-10,8.02
6882,1989-08-11,8.09
6883,1989-08-14,8.24
6884,1989-08-15,8.21
6885,1989-08-16,8.12
6886,1989-08-17,8.18
6887,1989-08-18,8.15
6888,1989-08-21,8.2
6889,1989-08-22,8.29
6890,1989-08-23,8.25
6891,1989-08-24,8.2
6892,1989-08-25,8.21
6893,1989-08-28,8.27
6894,1989-08-29,8.27
6895,1989-08-30,8.25
6896,1989-08-31,8.26
6897,1989-09-01,8.19
6898,1989-09-05,8.19
6899,1989-09-06,8.17
6900,1989-09-07,8.17
6901,1989-09-08,8.14
6902,1989-09-11,8.13
6903,1989-09-12,8.13
6904,1989-09-13,8.18
6905,1989-09-14,8.13
6906,1989-09-15,8.09
6907,1989-09-18,8.1
6908,1989-09-19,8.09
6909,1989-09-20,8.15
6910,1989-09-21,8.2
6911,1989-09-22,8.22
6912,1989-09-25,8.32
6913,1989-09-26,8.3
6914,1989-09-27,8.3
6915,1989-09-28,8.3
6916,1989-09-29,8.31
6917,1989-10-02,8.28
6918,1989-10-03,8.23
6919,1989-10-04,8.22
6920,1989-10-05,8.15
6921,1989-10-06,8.03
6922,1989-10-10,8.03
6923,1989-10-11,8.07
6924,1989-10-12,8.04
6925,1989-10-13,7.87
6926,1989-10-16,7.98
6927,1989-10-17,8.0
6928,1989-10-18,8.01
6929,1989-10-19,7.96
6930,1989-10-20,7.98
6931,1989-10-23,7.92
6932,1989-10-24,7.87
6933,1989-10-25,7.86
6934,1989-10-26,7.88
6935,1989-10-27,7.94
6936,1989-10-30,7.92
6937,1989-10-31,7.92
6938,1989-11-01,7.91
6939,1989-11-02,7.87
6940,1989-11-03,7.96
6941,1989-11-06,8.0
6942,1989-11-07,7.9
6943,1989-11-08,7.87
6944,1989-11-09,7.9
6945,1989-11-10,7.92
6946,1989-11-13,7.89
6947,1989-11-14,7.87
6948,1989-11-15,7.82
6949,1989-11-16,7.82
6950,1989-11-17,7.88
6951,1989-11-20,7.86
6952,1989-11-21,7.85
6953,1989-11-22,7.81
6954,1989-11-24,7.8
6955,1989-11-27,7.85
6956,1989-11-28,7.86
6957,1989-11-29,7.88
6958,1989-11-30,7.84
6959,1989-12-01,7.81
6960,1989-12-04,7.82
6961,1989-12-05,7.82
6962,1989-12-06,7.85
6963,1989-12-07,7.88
6964,1989-12-08,7.82
6965,1989-12-11,7.83
6966,1989-12-12,7.84
6967,1989-12-13,7.82
6968,1989-12-14,7.79
6969,1989-12-15,7.8
6970,1989-12-18,7.77
6971,1989-12-19,7.78
6972,1989-12-20,7.77
6973,1989-12-21,7.77
6974,1989-12-22,7.82
6975,1989-12-26,7.95
6976,1989-12-27,7.94
6977,1989-12-28,7.91
6978,1989-12-29,7.93
6979,1990-01-02,7.94
6980,1990-01-03,7.99
6981,1990-01-04,7.98
6982,1990-01-05,7.99
6983,1990-01-08,8.02
6984,1990-01-09,8.02
6985,1990-01-10,8.03
6986,1990-01-11,8.04
6987,1990-01-12,8.1
6988,1990-01-16,8.2
6989,1990-01-17,8.19
6990,1990-01-18,8.32
6991,1990-01-19,8.26
6992,1990-01-22,8.27
6993,1990-01-23,8.26
6994,1990-01-24,8.38
6995,1990-01-25,8.42
6996,1990-01-26,8.49
6997,1990-01-29,8.5
6998,1990-01-30,8.51
6999,1990-01-31,8.43
7000,1990-02-01,8.42
7001,1990-02-02,8.5
7002,1990-02-05,8.53
7003,1990-02-06,8.57
7004,1990-02-07,8.52
7005,1990-02-08,8.49
7006,1990-02-09,8.31
7007,1990-02-12,8.4
7008,1990-02-13,8.35
7009,1990-02-14,8.36
7010,1990-02-15,8.43
7011,1990-02-16,8.42
7012,1990-02-20,8.62
7013,1990-02-21,8.62
7014,1990-02-22,8.54
7015,1990-02-23,8.53
7016,1990-02-26,8.46
7017,1990-02-27,8.41
7018,1990-02-28,8.51
7019,1990-03-01,8.59
7020,1990-03-02,8.54
7021,1990-03-05,8.65
7022,1990-03-06,8.59
7023,1990-03-07,8.58
7024,1990-03-08,8.57
7025,1990-03-09,8.65
7026,1990-03-12,8.63
7027,1990-03-13,8.73
7028,1990-03-14,8.65
7029,1990-03-15,8.66
7030,1990-03-16,8.59
7031,1990-03-19,8.59
7032,1990-03-20,8.54
7033,1990-03-21,8.55
7034,1990-03-22,8.53
7035,1990-03-23,8.52
7036,1990-03-26,8.51
7037,1990-03-27,8.52
7038,1990-03-28,8.51
7039,1990-03-29,8.6
7040,1990-03-30,8.65
7041,1990-04-02,8.65
7042,1990-04-03,8.63
7043,1990-04-04,8.55
7044,1990-04-05,8.57
7045,1990-04-06,8.56
7046,1990-04-09,8.59
7047,1990-04-10,8.6
7048,1990-04-11,8.63
7049,1990-04-12,8.64
7050,1990-04-16,8.68
7051,1990-04-17,8.77
7052,1990-04-18,8.86
7053,1990-04-19,8.87
7054,1990-04-20,8.95
7055,1990-04-23,8.98
7056,1990-04-24,9.0
7057,1990-04-25,9.01
7058,1990-04-26,9.07
7059,1990-04-27,9.06
7060,1990-04-30,9.04
7061,1990-05-01,9.08
7062,1990-05-02,9.09
7063,1990-05-03,9.04
7064,1990-05-04,8.84
7065,1990-05-07,8.87
7066,1990-05-08,8.84
7067,1990-05-09,8.88
7068,1990-05-10,8.82
7069,1990-05-11,8.64
7070,1990-05-14,8.61
7071,1990-05-15,8.65
7072,1990-05-16,8.68
7073,1990-05-17,8.69
7074,1990-05-18,8.75
7075,1990-05-21,8.74
7076,1990-05-22,8.65
7077,1990-05-23,8.61
7078,1990-05-24,8.63
7079,1990-05-25,8.69
7080,1990-05-29,8.66
7081,1990-05-30,8.62
7082,1990-05-31,8.6
7083,1990-06-01,8.44
7084,1990-06-04,8.44
7085,1990-06-05,8.47
7086,1990-06-06,8.46
7087,1990-06-07,8.46
7088,1990-06-08,8.46
7089,1990-06-11,8.48
7090,1990-06-12,8.48
7091,1990-06-13,8.4
7092,1990-06-14,8.38
7093,1990-06-15,8.46
7094,1990-06-18,8.5
7095,1990-06-19,8.51
7096,1990-06-20,8.55
7097,1990-06-21,8.52
7098,1990-06-22,8.51
7099,1990-06-25,8.58
7100,1990-06-26,8.56
7101,1990-06-27,8.52
7102,1990-06-28,8.47
7103,1990-06-29,8.43
7104,1990-07-02,8.43
7105,1990-07-03,8.4
7106,1990-07-05,8.42
7107,1990-07-06,8.51
7108,1990-07-09,8.57
7109,1990-07-10,8.57
7110,1990-07-11,8.57
7111,1990-07-12,8.5
7112,1990-07-13,8.45
7113,1990-07-16,8.44
7114,1990-07-17,8.44
7115,1990-07-18,8.5
7116,1990-07-19,8.51
7117,1990-07-20,8.48
7118,1990-07-23,8.48
7119,1990-07-24,8.53
7120,1990-07-25,8.49
7121,1990-07-26,8.49
7122,1990-07-27,8.42
7123,1990-07-30,8.34
7124,1990-07-31,8.36
7125,1990-08-01,8.29
7126,1990-08-02,8.41
7127,1990-08-03,8.43
7128,1990-08-06,8.71
7129,1990-08-07,8.78
7130,1990-08-08,8.77
7131,1990-08-09,8.66
7132,1990-08-10,8.68
7133,1990-08-13,8.71
7134,1990-08-14,8.66
7135,1990-08-15,8.64
7136,1990-08-16,8.76
7137,1990-08-17,8.8
7138,1990-08-20,8.81
7139,1990-08-21,8.84
7140,1990-08-22,8.91
7141,1990-08-23,9.0
7142,1990-08-24,9.05
7143,1990-08-27,8.9
7144,1990-08-28,8.94
7145,1990-08-29,8.84
7146,1990-08-30,8.86
7147,1990-08-31,8.86
7148,1990-09-04,8.9
7149,1990-09-05,8.86
7150,1990-09-06,8.84
7151,1990-09-07,8.81
7152,1990-09-10,8.85
7153,1990-09-11,8.83
7154,1990-09-12,8.82
7155,1990-09-13,8.82
7156,1990-09-14,8.87
7157,1990-09-17,8.9
7158,1990-09-18,8.9
7159,1990-09-19,8.88
7160,1990-09-20,8.91
7161,1990-09-21,8.99
7162,1990-09-24,9.04
7163,1990-09-25,9.02
7164,1990-09-26,9.0
7165,1990-09-27,8.91
7166,1990-09-28,8.82
7167,1990-10-01,8.71
7168,1990-10-02,8.69
7169,1990-10-03,8.71
7170,1990-10-04,8.67
7171,1990-10-05,8.65
7172,1990-10-09,8.83
7173,1990-10-10,8.89
7174,1990-10-11,8.92
7175,1990-10-12,8.84
7176,1990-10-15,8.8
7177,1990-10-16,8.79
7178,1990-10-17,8.76
7179,1990-10-18,8.71
7180,1990-10-19,8.62
7181,1990-10-22,8.63
7182,1990-10-23,8.65
7183,1990-10-24,8.66
7184,1990-10-25,8.62
7185,1990-10-26,8.63
7186,1990-10-29,8.7
7187,1990-10-30,8.7
7188,1990-10-31,8.65
7189,1990-11-01,8.57
7190,1990-11-02,8.57
7191,1990-11-05,8.5
7192,1990-11-06,8.52
7193,1990-11-07,8.57
7194,1990-11-08,8.58
7195,1990-11-09,8.49
7196,1990-11-13,8.37
7197,1990-11-14,8.36
7198,1990-11-15,8.37
7199,1990-11-16,8.3
7200,1990-11-19,8.35
7201,1990-11-20,8.31
7202,1990-11-21,8.27
7203,1990-11-23,8.28
7204,1990-11-26,8.27
7205,1990-11-27,8.28
7206,1990-11-28,8.3
7207,1990-11-29,8.32
7208,1990-11-30,8.26
7209,1990-12-03,8.22
7210,1990-12-04,8.2
7211,1990-12-05,8.16
7212,1990-12-06,8.18
7213,1990-12-07,8.03
7214,1990-12-10,7.98
7215,1990-12-11,7.94
7216,1990-12-12,7.91
7217,1990-12-13,7.98
7218,1990-12-14,8.05
7219,1990-12-17,8.02
7220,1990-12-18,7.99
7221,1990-12-19,8.0
7222,1990-12-20,8.05
7223,1990-12-21,8.11
7224,1990-12-24,8.2
7225,1990-12-26,8.15
7226,1990-12-27,8.11
7227,1990-12-28,8.14
7228,1990-12-31,8.08
7229,1991-01-02,7.97
7230,1991-01-03,7.93
7231,1991-01-04,8.02
7232,1991-01-07,8.13
7233,1991-01-08,8.16
7234,1991-01-09,8.25
7235,1991-01-10,8.16
7236,1991-01-11,8.2
7237,1991-01-14,8.23
7238,1991-01-15,8.22
7239,1991-01-16,8.24
7240,1991-01-17,8.05
7241,1991-01-18,8.03
7242,1991-01-22,8.07
7243,1991-01-23,8.04
7244,1991-01-24,8.0
7245,1991-01-25,8.06
7246,1991-01-28,8.06
7247,1991-01-29,8.03
7248,1991-01-30,8.05
7249,1991-01-31,8.03
7250,1991-02-01,7.91
7251,1991-02-04,7.88
7252,1991-02-05,7.85
7253,1991-02-06,7.79
7254,1991-02-07,7.82
7255,1991-02-08,7.77
7256,1991-02-11,7.78
7257,1991-02-12,7.78
7258,1991-02-13,7.78
7259,1991-02-14,7.8
7260,1991-02-15,7.78
7261,1991-02-19,7.8
7262,1991-02-20,7.84
7263,1991-02-21,7.88
7264,1991-02-22,7.91
7265,1991-02-25,7.91
7266,1991-02-26,7.96
7267,1991-02-27,7.98
7268,1991-02-28,8.02
7269,1991-03-01,8.12
7270,1991-03-04,8.12
7271,1991-03-05,8.08
7272,1991-03-06,8.11
7273,1991-03-07,8.07
7274,1991-03-08,8.13
7275,1991-03-11,8.06
7276,1991-03-12,8.09
7277,1991-03-13,8.02
7278,1991-03-14,8.02
7279,1991-03-15,8.1
7280,1991-03-18,8.15
7281,1991-03-19,8.25
7282,1991-03-20,8.2
7283,1991-03-21,8.16
7284,1991-03-22,8.13
7285,1991-03-25,8.13
7286,1991-03-26,8.13
7287,1991-03-27,8.08
7288,1991-03-28,8.05
7289,1991-04-01,8.07
7290,1991-04-02,8.03
7291,1991-04-03,8.05
7292,1991-04-04,8.0
7293,1991-04-05,7.99
7294,1991-04-08,7.98
7295,1991-04-09,8.03
7296,1991-04-10,8.1
7297,1991-04-11,8.09
7298,1991-04-12,7.98
7299,1991-04-15,7.95
7300,1991-04-16,7.97
7301,1991-04-17,7.95
7302,1991-04-18,8.02
7303,1991-04-19,8.1
7304,1991-04-22,8.15
7305,1991-04-23,8.12
7306,1991-04-24,8.06
7307,1991-04-25,8.07
7308,1991-04-26,8.06
7309,1991-04-29,8.07
7310,1991-04-30,8.02
7311,1991-05-01,8.01
7312,1991-05-02,7.97
7313,1991-05-03,8.04
7314,1991-05-06,8.05
7315,1991-05-07,8.06
7316,1991-05-08,8.04
7317,1991-05-09,8.02
7318,1991-05-10,8.12
7319,1991-05-13,8.07
7320,1991-05-14,8.14
7321,1991-05-15,8.13
7322,1991-05-16,8.12
7323,1991-05-17,8.08
7324,1991-05-20,8.1
7325,1991-05-21,8.06
7326,1991-05-22,8.06
7327,1991-05-23,8.1
7328,1991-05-24,8.1
7329,1991-05-28,8.07
7330,1991-05-29,8.07
7331,1991-05-30,8.02
7332,1991-05-31,8.06
7333,1991-06-03,8.14
7334,1991-06-04,8.14
7335,1991-06-05,8.19
7336,1991-06-06,8.23
7337,1991-06-07,8.29
7338,1991-06-10,8.29
7339,1991-06-11,8.29
7340,1991-06-12,8.36
7341,1991-06-13,8.34
7342,1991-06-14,8.29
7343,1991-06-17,8.3
7344,1991-06-18,8.32
7345,1991-06-19,8.33
7346,1991-06-20,8.3
7347,1991-06-21,8.32
7348,1991-06-24,8.33
7349,1991-06-25,8.33
7350,1991-06-26,8.33
7351,1991-06-27,8.32
7352,1991-06-28,8.24
7353,1991-07-01,8.26
7354,1991-07-02,8.27
7355,1991-07-03,8.26
7356,1991-07-05,8.34
7357,1991-07-08,8.34
7358,1991-07-09,8.36
7359,1991-07-10,8.35
7360,1991-07-11,8.3
7361,1991-07-12,8.26
7362,1991-07-15,8.26
7363,1991-07-16,8.27
7364,1991-07-17,8.3
7365,1991-07-18,8.31
7366,1991-07-19,8.28
7367,1991-07-22,8.28
7368,1991-07-23,8.31
7369,1991-07-24,8.24
7370,1991-07-25,8.2
7371,1991-07-26,8.2
7372,1991-07-29,8.2
7373,1991-07-30,8.21
7374,1991-07-31,8.2
7375,1991-08-01,8.2
7376,1991-08-02,8.06
7377,1991-08-05,8.04
7378,1991-08-06,7.97
7379,1991-08-07,7.93
7380,1991-08-08,7.98
7381,1991-08-09,7.98
7382,1991-08-12,7.95
7383,1991-08-13,7.91
7384,1991-08-14,7.82
7385,1991-08-15,7.84
7386,1991-08-16,7.84
7387,1991-08-19,7.83
7388,1991-08-20,7.81
7389,1991-08-21,7.8
7390,1991-08-22,7.78
7391,1991-08-23,7.88
7392,1991-08-26,7.91
7393,1991-08-27,7.89
7394,1991-08-28,7.82
7395,1991-08-29,7.74
7396,1991-08-30,7.82
7397,1991-09-03,7.81
7398,1991-09-04,7.81
7399,1991-09-05,7.83
7400,1991-09-06,7.76
7401,1991-09-09,7.73
7402,1991-09-10,7.73
7403,1991-09-11,7.74
7404,1991-09-12,7.67
7405,1991-09-13,7.66
7406,1991-09-16,7.63
7407,1991-09-17,7.62
7408,1991-09-18,7.62
7409,1991-09-19,7.61
7410,1991-09-20,7.57
7411,1991-09-23,7.55
7412,1991-09-24,7.56
7413,1991-09-25,7.58
7414,1991-09-26,7.56
7415,1991-09-27,7.49
7416,1991-09-30,7.47
7417,1991-10-01,7.45
7418,1991-10-02,7.47
7419,1991-10-03,7.47
7420,1991-10-04,7.39
7421,1991-10-07,7.4
7422,1991-10-08,7.43
7423,1991-10-09,7.51
7424,1991-10-10,7.58
7425,1991-10-11,7.49
7426,1991-10-15,7.46
7427,1991-10-16,7.45
7428,1991-10-17,7.55
7429,1991-10-18,7.53
7430,1991-10-21,7.62
7431,1991-10-22,7.67
7432,1991-10-23,7.69
7433,1991-10-24,7.65
7434,1991-10-25,7.68
7435,1991-10-28,7.65
7436,1991-10-29,7.51
7437,1991-10-30,7.48
7438,1991-10-31,7.47
7439,1991-11-01,7.48
7440,1991-11-04,7.5
7441,1991-11-05,7.56
7442,1991-11-06,7.51
7443,1991-11-07,7.43
7444,1991-11-08,7.41
7445,1991-11-12,7.37
7446,1991-11-13,7.41
7447,1991-11-14,7.35
7448,1991-11-15,7.33
7449,1991-11-18,7.33
7450,1991-11-19,7.37
7451,1991-11-20,7.38
7452,1991-11-21,7.39
7453,1991-11-22,7.44
7454,1991-11-25,7.45
7455,1991-11-26,7.42
7456,1991-11-27,7.42
7457,1991-11-29,7.38
7458,1991-12-02,7.32
7459,1991-12-03,7.28
7460,1991-12-04,7.17
7461,1991-12-05,7.21
7462,1991-12-06,7.26
7463,1991-12-09,7.22
7464,1991-12-10,7.21
7465,1991-12-11,7.22
7466,1991-12-12,7.19
7467,1991-12-13,7.22
7468,1991-12-16,7.21
7469,1991-12-17,7.18
7470,1991-12-18,7.19
7471,1991-12-19,7.11
7472,1991-12-20,6.97
7473,1991-12-23,6.88
7474,1991-12-24,6.88
7475,1991-12-26,6.85
7476,1991-12-27,6.82
7477,1991-12-30,6.76
7478,1991-12-31,6.71
7479,1992-01-02,6.78
7480,1992-01-03,6.85
7481,1992-01-06,6.82
7482,1992-01-07,6.76
7483,1992-01-08,6.77
7484,1992-01-09,6.79
7485,1992-01-10,6.85
7486,1992-01-13,6.92
7487,1992-01-14,7.03
7488,1992-01-15,7.05
7489,1992-01-16,7.13
7490,1992-01-17,7.09
7491,1992-01-21,7.03
7492,1992-01-22,7.09
7493,1992-01-23,7.2
7494,1992-01-24,7.25
7495,1992-01-27,7.24
7496,1992-01-28,7.16
7497,1992-01-29,7.25
7498,1992-01-30,7.31
7499,1992-01-31,7.31
7500,1992-02-03,7.36
7501,1992-02-04,7.29
7502,1992-02-05,7.21
7503,1992-02-06,7.2
7504,1992-02-07,7.2
7505,1992-02-10,7.21
7506,1992-02-11,7.23
7507,1992-02-12,7.3
7508,1992-02-13,7.4
7509,1992-02-14,7.41
7510,1992-02-18,7.47
7511,1992-02-19,7.42
7512,1992-02-20,7.41
7513,1992-02-21,7.45
7514,1992-02-24,7.47
7515,1992-02-25,7.44
7516,1992-02-26,7.33
7517,1992-02-27,7.35
7518,1992-02-28,7.27
7519,1992-03-02,7.38
7520,1992-03-03,7.43
7521,1992-03-04,7.43
7522,1992-03-05,7.51
7523,1992-03-06,7.48
7524,1992-03-09,7.42
7525,1992-03-10,7.43
7526,1992-03-11,7.51
7527,1992-03-12,7.62
7528,1992-03-13,7.71
7529,1992-03-16,7.69
7530,1992-03-17,7.62
7531,1992-03-18,7.62
7532,1992-03-19,7.57
7533,1992-03-20,7.64
7534,1992-03-23,7.62
7535,1992-03-24,7.53
7536,1992-03-25,7.53
7537,1992-03-26,7.57
7538,1992-03-27,7.54
7539,1992-03-30,7.54
7540,1992-03-31,7.54
7541,1992-04-01,7.46
7542,1992-04-02,7.47
7543,1992-04-03,7.42
7544,1992-04-06,7.41
7545,1992-04-07,7.41
7546,1992-04-08,7.44
7547,1992-04-09,7.35
7548,1992-04-10,7.37
7549,1992-04-13,7.33
7550,1992-04-14,7.35
7551,1992-04-15,7.37
7552,1992-04-16,7.45
7553,1992-04-20,7.59
7554,1992-04-21,7.58
7555,1992-04-22,7.57
7556,1992-04-23,7.59
7557,1992-04-24,7.55
7558,1992-04-27,7.6
7559,1992-04-28,7.57
7560,1992-04-29,7.6
7561,1992-04-30,7.61
7562,1992-05-01,7.56
7563,1992-05-04,7.58
7564,1992-05-05,7.56
7565,1992-05-06,7.46
7566,1992-05-07,7.49
7567,1992-05-08,7.41
7568,1992-05-11,7.4
7569,1992-05-12,7.36
7570,1992-05-13,7.34
7571,1992-05-14,7.34
7572,1992-05-15,7.28
7573,1992-05-18,7.28
7574,1992-05-19,7.2
7575,1992-05-20,7.25
7576,1992-05-21,7.39
7577,1992-05-22,7.35
7578,1992-05-26,7.46
7579,1992-05-27,7.44
7580,1992-05-28,7.36
7581,1992-05-29,7.33
7582,1992-06-01,7.39
7583,1992-06-02,7.35
7584,1992-06-03,7.34
7585,1992-06-04,7.34
7586,1992-06-05,7.31
7587,1992-06-08,7.31
7588,1992-06-09,7.33
7589,1992-06-10,7.35
7590,1992-06-11,7.33
7591,1992-06-12,7.29
7592,1992-06-15,7.28
7593,1992-06-16,7.24
7594,1992-06-17,7.23
7595,1992-06-18,7.19
7596,1992-06-19,7.24
7597,1992-06-22,7.24
7598,1992-06-23,7.25
7599,1992-06-24,7.2
7600,1992-06-25,7.14
7601,1992-06-26,7.15
7602,1992-06-29,7.12
7603,1992-06-30,7.14
7604,1992-07-01,7.1
7605,1992-07-02,6.93
7606,1992-07-06,6.9
7607,1992-07-07,6.87
7608,1992-07-08,6.91
7609,1992-07-09,6.91
7610,1992-07-10,6.93
7611,1992-07-13,6.97
7612,1992-07-14,6.97
7613,1992-07-15,6.9
7614,1992-07-16,6.87
7615,1992-07-17,6.9
7616,1992-07-20,6.9
7617,1992-07-21,6.89
7618,1992-07-22,6.85
7619,1992-07-23,6.72
7620,1992-07-24,6.73
7621,1992-07-27,6.69
7622,1992-07-28,6.63
7623,1992-07-29,6.6
7624,1992-07-30,6.69
7625,1992-07-31,6.72
7626,1992-08-03,6.72
7627,1992-08-04,6.66
7628,1992-08-05,6.64
7629,1992-08-06,6.65
7630,1992-08-07,6.57
7631,1992-08-10,6.52
7632,1992-08-11,6.5
7633,1992-08-12,6.48
7634,1992-08-13,6.55
7635,1992-08-14,6.53
7636,1992-08-17,6.56
7637,1992-08-18,6.48
7638,1992-08-19,6.47
7639,1992-08-20,6.46
7640,1992-08-21,6.53
7641,1992-08-24,6.68
7642,1992-08-25,6.73
7643,1992-08-26,6.68
7644,1992-08-27,6.64
7645,1992-08-28,6.63
7646,1992-08-31,6.62
7647,1992-09-01,6.56
7648,1992-09-02,6.54
7649,1992-09-03,6.54
7650,1992-09-04,6.4
7651,1992-09-08,6.29
7652,1992-09-09,6.31
7653,1992-09-10,6.31
7654,1992-09-11,6.37
7655,1992-09-14,6.32
7656,1992-09-15,6.4
7657,1992-09-16,6.41
7658,1992-09-17,6.4
7659,1992-09-18,6.41
7660,1992-09-21,6.42
7661,1992-09-22,6.5
7662,1992-09-23,6.54
7663,1992-09-24,6.48
7664,1992-09-25,6.41
7665,1992-09-28,6.37
7666,1992-09-29,6.37
7667,1992-09-30,6.37
7668,1992-10-01,6.23
7669,1992-10-02,6.26
7670,1992-10-05,6.24
7671,1992-10-06,6.3
7672,1992-10-07,6.46
7673,1992-10-08,6.41
7674,1992-10-09,6.52
7675,1992-10-13,6.51
7676,1992-10-14,6.51
7677,1992-10-15,6.53
7678,1992-10-16,6.6
7679,1992-10-19,6.69
7680,1992-10-20,6.86
7681,1992-10-21,6.8
7682,1992-10-22,6.74
7683,1992-10-23,6.83
7684,1992-10-26,6.83
7685,1992-10-27,6.78
7686,1992-10-28,6.76
7687,1992-10-29,6.71
7688,1992-10-30,6.8
7689,1992-11-02,6.88
7690,1992-11-03,6.87
7691,1992-11-04,6.89
7692,1992-11-05,6.87
7693,1992-11-06,6.97
7694,1992-11-09,7.0
7695,1992-11-10,6.91
7696,1992-11-12,6.79
7697,1992-11-13,6.82
7698,1992-11-16,6.9
7699,1992-11-17,6.86
7700,1992-11-18,6.78
7701,1992-11-19,6.81
7702,1992-11-20,6.84
7703,1992-11-23,6.86
7704,1992-11-24,6.82
7705,1992-11-25,6.84
7706,1992-11-27,6.93
7707,1992-11-30,6.95
7708,1992-12-01,6.94
7709,1992-12-02,6.93
7710,1992-12-03,6.91
7711,1992-12-04,6.84
7712,1992-12-07,6.78
7713,1992-12-08,6.73
7714,1992-12-09,6.76
7715,1992-12-10,6.77
7716,1992-12-11,6.8
7717,1992-12-14,6.83
7718,1992-12-15,6.83
7719,1992-12-16,6.77
7720,1992-12-17,6.77
7721,1992-12-18,6.76
7722,1992-12-21,6.71
7723,1992-12-22,6.65
7724,1992-12-23,6.68
7725,1992-12-24,6.69
7726,1992-12-28,6.72
7727,1992-12-29,6.69
7728,1992-12-30,6.68
7729,1992-12-31,6.7
7730,1993-01-04,6.6
7731,1993-01-05,6.61
7732,1993-01-06,6.63
7733,1993-01-07,6.76
7734,1993-01-08,6.75
7735,1993-01-11,6.71
7736,1993-01-12,6.72
7737,1993-01-13,6.71
7738,1993-01-14,6.65
7739,1993-01-15,6.6
7740,1993-01-19,6.59
7741,1993-01-20,6.61
7742,1993-01-21,6.6
7743,1993-01-22,6.57
7744,1993-01-25,6.48
7745,1993-01-26,6.5
7746,1993-01-27,6.48
7747,1993-01-28,6.44
7748,1993-01-29,6.39
7749,1993-02-01,6.38
7750,1993-02-02,6.46
7751,1993-02-03,6.45
7752,1993-02-04,6.39
7753,1993-02-05,6.32
7754,1993-02-08,6.37
7755,1993-02-09,6.41
7756,1993-02-10,6.4
7757,1993-02-11,6.37
7758,1993-02-12,6.35
7759,1993-02-16,6.34
7760,1993-02-17,6.28
7761,1993-02-18,6.17
7762,1993-02-19,6.15
7763,1993-02-22,6.09
7764,1993-02-23,5.92
7765,1993-02-24,6.01
7766,1993-02-25,6.03
7767,1993-02-26,6.03
7768,1993-03-01,5.94
7769,1993-03-02,5.95
7770,1993-03-03,5.88
7771,1993-03-04,5.83
7772,1993-03-05,5.9
7773,1993-03-08,5.85
7774,1993-03-09,5.91
7775,1993-03-10,5.97
7776,1993-03-11,5.96
7777,1993-03-12,6.11
7778,1993-03-15,6.17
7779,1993-03-16,6.06
7780,1993-03-17,6.02
7781,1993-03-18,5.93
7782,1993-03-19,5.95
7783,1993-03-22,5.96
7784,1993-03-23,5.91
7785,1993-03-24,5.95
7786,1993-03-25,5.98
7787,1993-03-26,6.09
7788,1993-03-29,6.06
7789,1993-03-30,6.02
7790,1993-03-31,6.03
7791,1993-04-01,6.06
7792,1993-04-02,6.16
7793,1993-04-05,6.13
7794,1993-04-06,6.08
7795,1993-04-07,6.07
7796,1993-04-08,5.97
7797,1993-04-12,5.92
7798,1993-04-13,5.93
7799,1993-04-14,5.9
7800,1993-04-15,5.88
7801,1993-04-16,5.89
7802,1993-04-19,5.87
7803,1993-04-20,5.87
7804,1993-04-21,5.86
7805,1993-04-22,5.85
7806,1993-04-23,5.89
7807,1993-04-26,5.94
7808,1993-04-27,6.02
7809,1993-04-28,6.03
7810,1993-04-29,5.99
7811,1993-04-30,6.05
7812,1993-05-03,5.96
7813,1993-05-04,5.92
7814,1993-05-05,5.93
7815,1993-05-06,5.89
7816,1993-05-07,5.92
7817,1993-05-10,5.89
7818,1993-05-11,5.89
7819,1993-05-12,5.96
7820,1993-05-13,6.02
7821,1993-05-14,6.03
7822,1993-05-17,6.07
7823,1993-05-18,6.15
7824,1993-05-19,6.11
7825,1993-05-20,6.09
7826,1993-05-21,6.16
7827,1993-05-24,6.16
7828,1993-05-25,6.17
7829,1993-05-26,6.12
7830,1993-05-27,6.11
7831,1993-05-28,6.16
7832,1993-06-01,6.07
7833,1993-06-02,6.06
7834,1993-06-03,6.02
7835,1993-06-04,6.11
7836,1993-06-07,6.08
7837,1993-06-08,6.09
7838,1993-06-09,6.07
7839,1993-06-10,6.07
7840,1993-06-11,5.97
7841,1993-06-14,5.97
7842,1993-06-15,5.96
7843,1993-06-16,5.96
7844,1993-06-17,5.93
7845,1993-06-18,5.97
7846,1993-06-21,5.92
7847,1993-06-22,5.91
7848,1993-06-23,5.91
7849,1993-06-24,5.88
7850,1993-06-25,5.84
7851,1993-06-28,5.8
7852,1993-06-29,5.79
7853,1993-06-30,5.8
7854,1993-07-01,5.8
7855,1993-07-02,5.76
7856,1993-07-06,5.8
7857,1993-07-07,5.8
7858,1993-07-08,5.78
7859,1993-07-09,5.76
7860,1993-07-12,5.75
7861,1993-07-13,5.78
7862,1993-07-14,5.72
7863,1993-07-15,5.72
7864,1993-07-16,5.71
7865,1993-07-19,5.71
7866,1993-07-20,5.75
7867,1993-07-21,5.83
7868,1993-07-22,5.9
7869,1993-07-23,5.95
7870,1993-07-26,5.93
7871,1993-07-27,5.92
7872,1993-07-28,5.9
7873,1993-07-29,5.81
7874,1993-07-30,5.83
7875,1993-08-02,5.85
7876,1993-08-03,5.83
7877,1993-08-04,5.87
7878,1993-08-05,5.86
7879,1993-08-06,5.86
7880,1993-08-09,5.82
7881,1993-08-10,5.82
7882,1993-08-11,5.75
7883,1993-08-12,5.77
7884,1993-08-13,5.72
7885,1993-08-16,5.68
7886,1993-08-17,5.7
7887,1993-08-18,5.69
7888,1993-08-19,5.64
7889,1993-08-20,5.61
7890,1993-08-23,5.6
7891,1993-08-24,5.54
7892,1993-08-25,5.51
7893,1993-08-26,5.42
7894,1993-08-27,5.48
7895,1993-08-30,5.44
7896,1993-08-31,5.45
7897,1993-09-01,5.46
7898,1993-09-02,5.41
7899,1993-09-03,5.31
7900,1993-09-07,5.23
7901,1993-09-08,5.23
7902,1993-09-09,5.35
7903,1993-09-10,5.29
7904,1993-09-13,5.26
7905,1993-09-14,5.37
7906,1993-09-15,5.39
7907,1993-09-16,5.37
7908,1993-09-17,5.38
7909,1993-09-20,5.42
7910,1993-09-21,5.47
7911,1993-09-22,5.45
7912,1993-09-23,5.42
7913,1993-09-24,5.42
7914,1993-09-27,5.3
7915,1993-09-28,5.28
7916,1993-09-29,5.35
7917,1993-09-30,5.4
7918,1993-10-01,5.34
7919,1993-10-04,5.34
7920,1993-10-05,5.35
7921,1993-10-06,5.35
7922,1993-10-07,5.33
7923,1993-10-08,5.26
7924,1993-10-12,5.27
7925,1993-10-13,5.27
7926,1993-10-14,5.23
7927,1993-10-15,5.19
7928,1993-10-18,5.27
7929,1993-10-19,5.27
7930,1993-10-20,5.26
7931,1993-10-21,5.35
7932,1993-10-22,5.42
7933,1993-10-25,5.47
7934,1993-10-26,5.43
7935,1993-10-27,5.44
7936,1993-10-28,5.41
7937,1993-10-29,5.43
7938,1993-11-01,5.56
7939,1993-11-02,5.63
7940,1993-11-03,5.67
7941,1993-11-04,5.67
7942,1993-11-05,5.75
7943,1993-11-08,5.7
7944,1993-11-09,5.64
7945,1993-11-10,5.72
7946,1993-11-12,5.66
7947,1993-11-15,5.69
7948,1993-11-16,5.66
7949,1993-11-17,5.65
7950,1993-11-18,5.72
7951,1993-11-19,5.84
7952,1993-11-22,5.89
7953,1993-11-23,5.82
7954,1993-11-24,5.84
7955,1993-11-26,5.78
7956,1993-11-29,5.76
7957,1993-11-30,5.83
7958,1993-12-01,5.82
7959,1993-12-02,5.81
7960,1993-12-03,5.8
7961,1993-12-06,5.72
7962,1993-12-07,5.71
7963,1993-12-08,5.71
7964,1993-12-09,5.68
7965,1993-12-10,5.73
7966,1993-12-13,5.78
7967,1993-12-14,5.82
7968,1993-12-15,5.83
7969,1993-12-16,5.84
7970,1993-12-17,5.81
7971,1993-12-20,5.83
7972,1993-12-21,5.85
7973,1993-12-22,5.74
7974,1993-12-23,5.72
7975,1993-12-27,5.72
7976,1993-12-28,5.72
7977,1993-12-29,5.74
7978,1993-12-30,5.82
7979,1993-12-31,5.83
7980,1994-01-03,5.92
7981,1994-01-04,5.88
7982,1994-01-05,5.9
7983,1994-01-06,5.84
7984,1994-01-07,5.7
7985,1994-01-10,5.67
7986,1994-01-11,5.67
7987,1994-01-12,5.6
7988,1994-01-13,5.71
7989,1994-01-14,5.78
7990,1994-01-18,5.74
7991,1994-01-19,5.76
7992,1994-01-20,5.71
7993,1994-01-21,5.73
7994,1994-01-24,5.74
7995,1994-01-25,5.78
7996,1994-01-26,5.77
7997,1994-01-27,5.73
7998,1994-01-28,5.68
7999,1994-01-31,5.7
8000,1994-02-01,5.77
8001,1994-02-02,5.77
8002,1994-02-03,5.81
8003,1994-02-04,5.94
8004,1994-02-07,5.96
8005,1994-02-08,6.01
8006,1994-02-09,5.92
8007,1994-02-10,5.91
8008,1994-02-11,5.88
8009,1994-02-14,5.9
8010,1994-02-15,5.88
8011,1994-02-16,5.89
8012,1994-02-17,6.0
8013,1994-02-18,6.09
8014,1994-02-22,6.05
8015,1994-02-23,6.13
8016,1994-02-24,6.22
8017,1994-02-25,6.21
8018,1994-02-28,6.15
8019,1994-03-01,6.28
8020,1994-03-02,6.3
8021,1994-03-03,6.35
8022,1994-03-04,6.38
8023,1994-03-07,6.32
8024,1994-03-08,6.38
8025,1994-03-09,6.38
8026,1994-03-10,6.48
8027,1994-03-11,6.46
8028,1994-03-14,6.5
8029,1994-03-15,6.47
8030,1994-03-16,6.4
8031,1994-03-17,6.4
8032,1994-03-18,6.49
8033,1994-03-21,6.55
8034,1994-03-22,6.44
8035,1994-03-23,6.44
8036,1994-03-24,6.58
8037,1994-03-25,6.61
8038,1994-03-28,6.63
8039,1994-03-29,6.71
8040,1994-03-30,6.78
8041,1994-03-31,6.77
8042,1994-04-04,7.16
8043,1994-04-05,6.97
8044,1994-04-06,6.93
8045,1994-04-07,6.86
8046,1994-04-08,6.94
8047,1994-04-11,6.92
8048,1994-04-12,6.87
8049,1994-04-13,6.93
8050,1994-04-14,6.97
8051,1994-04-15,6.97
8052,1994-04-18,7.14
8053,1994-04-19,7.1
8054,1994-04-20,7.05
8055,1994-04-21,6.91
8056,1994-04-22,6.93
8057,1994-04-25,6.86
8058,1994-04-26,6.86
8059,1994-04-28,7.04
8060,1994-04-29,7.06
8061,1994-05-02,7.09
8062,1994-05-03,7.13
8063,1994-05-04,7.14
8064,1994-05-05,7.11
8065,1994-05-06,7.35
8066,1994-05-09,7.49
8067,1994-05-10,7.33
8068,1994-05-11,7.4
8069,1994-05-12,7.36
8070,1994-05-13,7.29
8071,1994-05-16,7.24
8072,1994-05-17,7.03
8073,1994-05-18,7.03
8074,1994-05-19,6.96
8075,1994-05-20,7.02
8076,1994-05-23,7.19
8077,1994-05-24,7.17
8078,1994-05-25,7.14
8079,1994-05-26,7.09
8080,1994-05-27,7.12
8081,1994-05-31,7.17
8082,1994-06-01,7.12
8083,1994-06-02,7.07
8084,1994-06-03,6.98
8085,1994-06-06,6.91
8086,1994-06-07,6.95
8087,1994-06-08,6.96
8088,1994-06-09,6.98
8089,1994-06-10,7.03
8090,1994-06-13,7.07
8091,1994-06-14,7.0
8092,1994-06-15,7.1
8093,1994-06-16,7.07
8094,1994-06-17,7.14
8095,1994-06-20,7.16
8096,1994-06-21,7.22
8097,1994-06-22,7.13
8098,1994-06-23,7.1
8099,1994-06-24,7.22
8100,1994-06-27,7.18
8101,1994-06-28,7.26
8102,1994-06-29,7.24
8103,1994-06-30,7.34
8104,1994-07-01,7.34
8105,1994-07-05,7.31
8106,1994-07-06,7.32
8107,1994-07-07,7.3
8108,1994-07-08,7.42
8109,1994-07-11,7.47
8110,1994-07-12,7.43
8111,1994-07-13,7.41
8112,1994-07-14,7.25
8113,1994-07-15,7.25
8114,1994-07-18,7.2
8115,1994-07-19,7.15
8116,1994-07-20,7.25
8117,1994-07-21,7.27
8118,1994-07-22,7.29
8119,1994-07-25,7.27
8120,1994-07-26,7.28
8121,1994-07-27,7.34
8122,1994-07-28,7.29
8123,1994-07-29,7.12
8124,1994-08-01,7.13
8125,1994-08-02,7.11
8126,1994-08-03,7.09
8127,1994-08-04,7.12
8128,1994-08-05,7.28
8129,1994-08-08,7.28
8130,1994-08-09,7.33
8131,1994-08-10,7.3
8132,1994-08-11,7.36
8133,1994-08-12,7.27
8134,1994-08-15,7.3
8135,1994-08-16,7.19
8136,1994-08-17,7.15
8137,1994-08-18,7.28
8138,1994-08-19,7.27
8139,1994-08-22,7.31
8140,1994-08-23,7.28
8141,1994-08-24,7.22
8142,1994-08-25,7.29
8143,1994-08-26,7.24
8144,1994-08-29,7.24
8145,1994-08-30,7.2
8146,1994-08-31,7.19
8147,1994-09-01,7.19
8148,1994-09-02,7.21
8149,1994-09-06,7.27
8150,1994-09-07,7.29
8151,1994-09-08,7.3
8152,1994-09-09,7.44
8153,1994-09-12,7.46
8154,1994-09-13,7.44
8155,1994-09-14,7.41
8156,1994-09-15,7.35
8157,1994-09-16,7.52
8158,1994-09-19,7.49
8159,1994-09-20,7.53
8160,1994-09-21,7.56
8161,1994-09-22,7.56
8162,1994-09-23,7.57
8163,1994-09-26,7.57
8164,1994-09-27,7.61
8165,1994-09-28,7.57
8166,1994-09-29,7.64
8167,1994-09-30,7.62
8168,1994-10-03,7.66
8169,1994-10-04,7.7
8170,1994-10-05,7.77
8171,1994-10-06,7.78
8172,1994-10-07,7.7
8173,1994-10-11,7.65
8174,1994-10-12,7.69
8175,1994-10-13,7.64
8176,1994-10-14,7.61
8177,1994-10-17,7.62
8178,1994-10-18,7.64
8179,1994-10-19,7.68
8180,1994-10-20,7.8
8181,1994-10-21,7.81
8182,1994-10-24,7.86
8183,1994-10-25,7.88
8184,1994-10-26,7.88
8185,1994-10-27,7.88
8186,1994-10-28,7.82
8187,1994-10-31,7.81
8188,1994-11-01,7.91
8189,1994-11-02,7.96
8190,1994-11-03,7.96
8191,1994-11-04,8.04
8192,1994-11-07,8.05
8193,1994-11-08,8.01
8194,1994-11-09,7.94
8195,1994-11-10,7.98
8196,1994-11-14,7.94
8197,1994-11-15,7.92
8198,1994-11-16,7.97
8199,1994-11-17,8.03
8200,1994-11-18,8.01
8201,1994-11-21,8.03
8202,1994-11-22,8.0
8203,1994-11-23,7.81
8204,1994-11-25,7.8
8205,1994-11-28,7.88
8206,1994-11-29,7.95
8207,1994-11-30,7.91
8208,1994-12-01,7.92
8209,1994-12-02,7.81
8210,1994-12-05,7.83
8211,1994-12-06,7.73
8212,1994-12-07,7.81
8213,1994-12-08,7.79
8214,1994-12-09,7.79
8215,1994-12-12,7.85
8216,1994-12-13,7.83
8217,1994-12-14,7.8
8218,1994-12-15,7.79
8219,1994-12-16,7.81
8220,1994-12-19,7.81
8221,1994-12-20,7.81
8222,1994-12-21,7.8
8223,1994-12-22,7.84
8224,1994-12-23,7.85
8225,1994-12-27,7.76
8226,1994-12-28,7.8
8227,1994-12-29,7.82
8228,1994-12-30,7.84
8229,1995-01-03,7.88
8230,1995-01-04,7.82
8231,1995-01-05,7.88
8232,1995-01-06,7.87
8233,1995-01-09,7.89
8234,1995-01-10,7.84
8235,1995-01-11,7.79
8236,1995-01-12,7.8
8237,1995-01-13,7.69
8238,1995-01-17,7.7
8239,1995-01-18,7.71
8240,1995-01-19,7.74
8241,1995-01-20,7.82
8242,1995-01-23,7.83
8243,1995-01-24,7.86
8244,1995-01-25,7.8
8245,1995-01-26,7.76
8246,1995-01-27,7.66
8247,1995-01-30,7.65
8248,1995-01-31,7.6
8249,1995-02-01,7.66
8250,1995-02-02,7.68
8251,1995-02-03,7.49
8252,1995-02-06,7.53
8253,1995-02-07,7.52
8254,1995-02-08,7.53
8255,1995-02-09,7.58
8256,1995-02-10,7.62
8257,1995-02-13,7.61
8258,1995-02-14,7.51
8259,1995-02-15,7.45
8260,1995-02-16,7.4
8261,1995-02-17,7.43
8262,1995-02-21,7.44
8263,1995-02-22,7.34
8264,1995-02-23,7.34
8265,1995-02-24,7.33
8266,1995-02-27,7.24
8267,1995-02-28,7.22
8268,1995-03-01,7.23
8269,1995-03-02,7.3
8270,1995-03-03,7.36
8271,1995-03-06,7.41
8272,1995-03-07,7.44
8273,1995-03-08,7.36
8274,1995-03-09,7.3
8275,1995-03-10,7.23
8276,1995-03-13,7.19
8277,1995-03-14,7.09
8278,1995-03-15,7.09
8279,1995-03-16,7.05
8280,1995-03-17,7.12
8281,1995-03-20,7.12
8282,1995-03-21,7.16
8283,1995-03-22,7.21
8284,1995-03-23,7.21
8285,1995-03-24,7.09
8286,1995-03-27,7.05
8287,1995-03-28,7.16
8288,1995-03-29,7.16
8289,1995-03-30,7.18
8290,1995-03-31,7.2
8291,1995-04-03,7.14
8292,1995-04-04,7.12
8293,1995-04-05,7.12
8294,1995-04-06,7.09
8295,1995-04-07,7.11
8296,1995-04-10,7.12
8297,1995-04-11,7.09
8298,1995-04-12,7.06
8299,1995-04-13,7.03
8300,1995-04-17,7.04
8301,1995-04-18,7.04
8302,1995-04-19,7.06
8303,1995-04-20,7.02
8304,1995-04-21,7.01
8305,1995-04-24,7.01
8306,1995-04-25,7.01
8307,1995-04-26,7.01
8308,1995-04-27,7.04
8309,1995-04-28,7.07
8310,1995-05-01,7.09
8311,1995-05-02,7.04
8312,1995-05-03,6.96
8313,1995-05-04,6.85
8314,1995-05-05,6.69
8315,1995-05-08,6.7
8316,1995-05-09,6.61
8317,1995-05-10,6.66
8318,1995-05-11,6.68
8319,1995-05-12,6.67
8320,1995-05-15,6.62
8321,1995-05-16,6.57
8322,1995-05-17,6.53
8323,1995-05-18,6.61
8324,1995-05-19,6.61
8325,1995-05-22,6.63
8326,1995-05-23,6.57
8327,1995-05-24,6.44
8328,1995-05-25,6.39
8329,1995-05-26,6.4
8330,1995-05-30,6.3
8331,1995-05-31,6.3
8332,1995-06-01,6.2
8333,1995-06-02,6.1
8334,1995-06-05,6.08
8335,1995-06-06,6.08
8336,1995-06-07,6.2
8337,1995-06-08,6.22
8338,1995-06-09,6.4
8339,1995-06-12,6.37
8340,1995-06-13,6.14
8341,1995-06-14,6.15
8342,1995-06-15,6.18
8343,1995-06-16,6.21
8344,1995-06-19,6.13
8345,1995-06-20,6.16
8346,1995-06-21,6.13
8347,1995-06-22,6.04
8348,1995-06-23,6.06
8349,1995-06-26,6.11
8350,1995-06-27,6.15
8351,1995-06-28,6.1
8352,1995-06-29,6.28
8353,1995-06-30,6.21
8354,1995-07-03,6.21
8355,1995-07-05,6.19
8356,1995-07-06,6.05
8357,1995-07-07,6.04
8358,1995-07-10,6.04
8359,1995-07-11,6.09
8360,1995-07-12,6.1
8361,1995-07-13,6.09
8362,1995-07-14,6.15
8363,1995-07-17,6.22
8364,1995-07-18,6.25
8365,1995-07-19,6.43
8366,1995-07-20,6.43
8367,1995-07-21,6.53
8368,1995-07-24,6.46
8369,1995-07-25,6.43
8370,1995-07-26,6.48
8371,1995-07-27,6.43
8372,1995-07-28,6.49
8373,1995-07-31,6.45
8374,1995-08-01,6.5
8375,1995-08-02,6.44
8376,1995-08-03,6.53
8377,1995-08-04,6.5
8378,1995-08-07,6.48
8379,1995-08-08,6.47
8380,1995-08-09,6.47
8381,1995-08-10,6.51
8382,1995-08-11,6.59
8383,1995-08-14,6.59
8384,1995-08-15,6.57
8385,1995-08-16,6.54
8386,1995-08-17,6.57
8387,1995-08-18,6.57
8388,1995-08-21,6.54
8389,1995-08-22,6.57
8390,1995-08-23,6.6
8391,1995-08-24,6.5
8392,1995-08-25,6.38
8393,1995-08-28,6.34
8394,1995-08-29,6.36
8395,1995-08-30,6.33
8396,1995-08-31,6.28
8397,1995-09-01,6.22
8398,1995-09-05,6.18
8399,1995-09-06,6.17
8400,1995-09-07,6.21
8401,1995-09-08,6.24
8402,1995-09-11,6.24
8403,1995-09-12,6.16
8404,1995-09-13,6.18
8405,1995-09-14,6.08
8406,1995-09-15,6.11
8407,1995-09-18,6.17
8408,1995-09-19,6.14
8409,1995-09-20,6.1
8410,1995-09-21,6.21
8411,1995-09-22,6.25
8412,1995-09-25,6.26
8413,1995-09-26,6.28
8414,1995-09-27,6.3
8415,1995-09-28,6.28
8416,1995-09-29,6.17
8417,1995-10-02,6.15
8418,1995-10-03,6.13
8419,1995-10-04,6.12
8420,1995-10-05,6.06
8421,1995-10-06,6.06
8422,1995-10-10,6.07
8423,1995-10-11,6.09
8424,1995-10-12,6.07
8425,1995-10-13,5.97
8426,1995-10-16,5.97
8427,1995-10-17,5.97
8428,1995-10-18,5.99
8429,1995-10-19,5.98
8430,1995-10-20,6.04
8431,1995-10-23,6.07
8432,1995-10-24,6.02
8433,1995-10-25,6.0
8434,1995-10-26,6.06
8435,1995-10-27,6.05
8436,1995-10-30,6.04
8437,1995-10-31,6.03
8438,1995-11-01,5.98
8439,1995-11-02,5.92
8440,1995-11-03,5.94
8441,1995-11-06,5.96
8442,1995-11-07,5.99
8443,1995-11-08,5.92
8444,1995-11-09,5.97
8445,1995-11-10,6.0
8446,1995-11-13,5.98
8447,1995-11-14,5.97
8448,1995-11-15,6.0
8449,1995-11-16,5.93
8450,1995-11-17,5.92
8451,1995-11-20,5.93
8452,1995-11-21,5.92
8453,1995-11-22,5.93
8454,1995-11-24,5.91
8455,1995-11-27,5.88
8456,1995-11-28,5.88
8457,1995-11-29,5.85
8458,1995-11-30,5.76
8459,1995-12-01,5.71
8460,1995-12-04,5.63
8461,1995-12-05,5.65
8462,1995-12-06,5.67
8463,1995-12-07,5.72
8464,1995-12-08,5.73
8465,1995-12-11,5.71
8466,1995-12-12,5.72
8467,1995-12-13,5.74
8468,1995-12-14,5.74
8469,1995-12-15,5.75
8470,1995-12-18,5.85
8471,1995-12-19,5.81
8472,1995-12-20,5.76
8473,1995-12-21,5.77
8474,1995-12-22,5.71
8475,1995-12-26,5.69
8476,1995-12-27,5.66
8477,1995-12-28,5.63
8478,1995-12-29,5.58
8479,1996-01-02,5.6
8480,1996-01-03,5.58
8481,1996-01-04,5.65
8482,1996-01-05,5.69
8483,1996-01-08,5.68
8484,1996-01-09,5.7
8485,1996-01-10,5.8
8486,1996-01-11,5.78
8487,1996-01-12,5.75
8488,1996-01-16,5.66
8489,1996-01-17,5.58
8490,1996-01-18,5.53
8491,1996-01-19,5.54
8492,1996-01-22,5.61
8493,1996-01-23,5.66
8494,1996-01-24,5.62
8495,1996-01-25,5.7
8496,1996-01-26,5.65
8497,1996-01-29,5.69
8498,1996-01-30,5.63
8499,1996-01-31,5.6
8500,1996-02-01,5.63
8501,1996-02-02,5.66
8502,1996-02-05,5.7
8503,1996-02-06,5.68
8504,1996-02-07,5.66
8505,1996-02-08,5.66
8506,1996-02-09,5.66
8507,1996-02-12,5.61
8508,1996-02-13,5.58
8509,1996-02-14,5.62
8510,1996-02-15,5.7
8511,1996-02-16,5.76
8512,1996-02-20,6.01
8513,1996-02-21,5.98
8514,1996-02-22,5.92
8515,1996-02-23,5.97
8516,1996-02-26,6.01
8517,1996-02-27,6.06
8518,1996-02-28,6.11
8519,1996-02-29,6.13
8520,1996-03-01,5.99
8521,1996-03-04,5.92
8522,1996-03-05,5.96
8523,1996-03-06,6.05
8524,1996-03-07,6.07
8525,1996-03-08,6.41
8526,1996-03-11,6.33
8527,1996-03-12,6.36
8528,1996-03-13,6.35
8529,1996-03-14,6.36
8530,1996-03-15,6.46
8531,1996-03-18,6.43
8532,1996-03-19,6.41
8533,1996-03-20,6.34
8534,1996-03-21,6.28
8535,1996-03-22,6.32
8536,1996-03-25,6.26
8537,1996-03-26,6.25
8538,1996-03-27,6.34
8539,1996-03-28,6.41
8540,1996-03-29,6.34
8541,1996-04-01,6.31
8542,1996-04-02,6.25
8543,1996-04-03,6.27
8544,1996-04-04,6.33
8545,1996-04-05,6.57
8546,1996-04-08,6.63
8547,1996-04-09,6.56
8548,1996-04-10,6.63
8549,1996-04-11,6.68
8550,1996-04-12,6.52
8551,1996-04-15,6.47
8552,1996-04-16,6.48
8553,1996-04-17,6.52
8554,1996-04-18,6.58
8555,1996-04-19,6.53
8556,1996-04-22,6.48
8557,1996-04-23,6.52
8558,1996-04-24,6.57
8559,1996-04-25,6.56
8560,1996-04-26,6.54
8561,1996-04-29,6.59
8562,1996-04-30,6.66
8563,1996-05-01,6.68
8564,1996-05-02,6.85
8565,1996-05-03,6.9
8566,1996-05-06,6.86
8567,1996-05-07,6.87
8568,1996-05-08,6.78
8569,1996-05-09,6.84
8570,1996-05-10,6.75
8571,1996-05-13,6.72
8572,1996-05-14,6.66
8573,1996-05-15,6.65
8574,1996-05-16,6.7
8575,1996-05-17,6.65
8576,1996-05-20,6.62
8577,1996-05-21,6.65
8578,1996-05-22,6.63
8579,1996-05-23,6.68
8580,1996-05-24,6.65
8581,1996-05-28,6.67
8582,1996-05-29,6.77
8583,1996-05-30,6.78
8584,1996-05-31,6.85
8585,1996-06-03,6.87
8586,1996-06-04,6.86
8587,1996-06-05,6.82
8588,1996-06-06,6.76
8589,1996-06-07,6.93
8590,1996-06-10,6.97
8591,1996-06-11,6.99
8592,1996-06-12,7.03
8593,1996-06-13,7.01
8594,1996-06-14,6.95
8595,1996-06-17,6.9
8596,1996-06-18,6.93
8597,1996-06-19,6.96
8598,1996-06-20,6.98
8599,1996-06-21,6.96
8600,1996-06-24,6.94
8601,1996-06-25,6.91
8602,1996-06-26,6.91
8603,1996-06-27,6.83
8604,1996-06-28,6.73
8605,1996-07-01,6.74
8606,1996-07-02,6.8
8607,1996-07-03,6.78
8608,1996-07-05,7.06
8609,1996-07-08,7.05
8610,1996-07-09,7.0
8611,1996-07-10,6.95
8612,1996-07-11,6.9
8613,1996-07-12,6.85
8614,1996-07-15,6.89
8615,1996-07-16,6.84
8616,1996-07-17,6.83
8617,1996-07-18,6.72
8618,1996-07-19,6.78
8619,1996-07-22,6.84
8620,1996-07-23,6.8
8621,1996-07-24,6.87
8622,1996-07-25,6.87
8623,1996-07-26,6.85
8624,1996-07-29,6.93
8625,1996-07-30,6.89
8626,1996-07-31,6.8
8627,1996-08-01,6.65
8628,1996-08-02,6.51
8629,1996-08-05,6.53
8630,1996-08-06,6.54
8631,1996-08-07,6.55
8632,1996-08-08,6.56
8633,1996-08-09,6.5
8634,1996-08-12,6.49
8635,1996-08-13,6.57
8636,1996-08-14,6.58
8637,1996-08-15,6.62
8638,1996-08-16,6.56
8639,1996-08-19,6.59
8640,1996-08-20,6.59
8641,1996-08-21,6.61
8642,1996-08-22,6.62
8643,1996-08-23,6.72
8644,1996-08-26,6.8
8645,1996-08-27,6.78
8646,1996-08-28,6.79
8647,1996-08-29,6.86
8648,1996-08-30,6.96
8649,1996-09-03,6.92
8650,1996-09-04,6.94
8651,1996-09-05,6.98
8652,1996-09-06,6.94
8653,1996-09-09,6.9
8654,1996-09-10,6.94
8655,1996-09-11,6.94
8656,1996-09-12,6.88
8657,1996-09-13,6.74
8658,1996-09-16,6.73
8659,1996-09-17,6.81
8660,1996-09-18,6.83
8661,1996-09-19,6.87
8662,1996-09-20,6.85
8663,1996-09-23,6.83
8664,1996-09-24,6.77
8665,1996-09-25,6.71
8666,1996-09-26,6.66
8667,1996-09-27,6.68
8668,1996-09-30,6.72
8669,1996-10-01,6.65
8670,1996-10-02,6.61
8671,1996-10-03,6.61
8672,1996-10-04,6.48
8673,1996-10-07,6.53
8674,1996-10-08,6.53
8675,1996-10-09,6.55
8676,1996-10-10,6.61
8677,1996-10-11,6.55
8678,1996-10-15,6.56
8679,1996-10-16,6.57
8680,1996-10-17,6.51
8681,1996-10-18,6.5
8682,1996-10-21,6.52
8683,1996-10-22,6.56
8684,1996-10-23,6.56
8685,1996-10-24,6.57
8686,1996-10-25,6.54
8687,1996-10-28,6.56
8688,1996-10-29,6.4
8689,1996-10-30,6.4
8690,1996-10-31,6.37
8691,1996-11-01,6.38
8692,1996-11-04,6.36
8693,1996-11-05,6.28
8694,1996-11-06,6.3
8695,1996-11-07,6.26
8696,1996-11-08,6.29
8697,1996-11-12,6.19
8698,1996-11-13,6.2
8699,1996-11-14,6.15
8700,1996-11-15,6.19
8701,1996-11-18,6.2
8702,1996-11-19,6.17
8703,1996-11-20,6.14
8704,1996-11-21,6.15
8705,1996-11-22,6.15
8706,1996-11-25,6.13
8707,1996-11-26,6.13
8708,1996-11-27,6.14
8709,1996-11-29,6.06
8710,1996-12-02,6.08
8711,1996-12-03,6.06
8712,1996-12-04,6.11
8713,1996-12-05,6.22
8714,1996-12-06,6.26
8715,1996-12-09,6.21
8716,1996-12-10,6.23
8717,1996-12-11,6.38
8718,1996-12-12,6.4
8719,1996-12-13,6.33
8720,1996-12-16,6.39
8721,1996-12-17,6.42
8722,1996-12-18,6.46
8723,1996-12-19,6.36
8724,1996-12-20,6.35
8725,1996-12-23,6.34
8726,1996-12-24,6.36
8727,1996-12-26,6.35
8728,1996-12-27,6.3
8729,1996-12-30,6.31
8730,1996-12-31,6.43
8731,1997-01-02,6.54
8732,1997-01-03,6.52
8733,1997-01-06,6.54
8734,1997-01-07,6.57
8735,1997-01-08,6.6
8736,1997-01-09,6.52
8737,1997-01-10,6.63
8738,1997-01-13,6.63
8739,1997-01-14,6.53
8740,1997-01-15,6.53
8741,1997-01-16,6.57
8742,1997-01-17,6.56
8743,1997-01-21,6.52
8744,1997-01-22,6.56
8745,1997-01-23,6.6
8746,1997-01-24,6.64
8747,1997-01-27,6.69
8748,1997-01-28,6.64
8749,1997-01-29,6.63
8750,1997-01-30,6.61
8751,1997-01-31,6.53
8752,1997-02-03,6.47
8753,1997-02-04,6.45
8754,1997-02-05,6.47
8755,1997-02-06,6.49
8756,1997-02-07,6.43
8757,1997-02-10,6.43
8758,1997-02-11,6.43
8759,1997-02-12,6.39
8760,1997-02-13,6.32
8761,1997-02-14,6.28
8762,1997-02-18,6.28
8763,1997-02-19,6.3
8764,1997-02-20,6.38
8765,1997-02-21,6.36
8766,1997-02-24,6.39
8767,1997-02-25,6.4
8768,1997-02-26,6.56
8769,1997-02-27,6.58
8770,1997-02-28,6.56
8771,1997-03-03,6.58
8772,1997-03-04,6.6
8773,1997-03-05,6.6
8774,1997-03-06,6.62
8775,1997-03-07,6.57
8776,1997-03-10,6.56
8777,1997-03-11,6.57
8778,1997-03-12,6.6
8779,1997-03-13,6.72
8780,1997-03-14,6.71
8781,1997-03-17,6.72
8782,1997-03-18,6.72
8783,1997-03-19,6.74
8784,1997-03-20,6.75
8785,1997-03-21,6.74
8786,1997-03-24,6.72
8787,1997-03-25,6.75
8788,1997-03-26,6.8
8789,1997-03-27,6.9
8790,1997-03-31,6.92
8791,1997-04-01,6.9
8792,1997-04-02,6.88
8793,1997-04-03,6.86
8794,1997-04-04,6.92
8795,1997-04-07,6.87
8796,1997-04-08,6.91
8797,1997-04-09,6.91
8798,1997-04-10,6.91
8799,1997-04-11,6.98
8800,1997-04-14,6.98
8801,1997-04-15,6.88
8802,1997-04-16,6.9
8803,1997-04-17,6.86
8804,1997-04-18,6.84
8805,1997-04-21,6.87
8806,1997-04-22,6.84
8807,1997-04-23,6.89
8808,1997-04-24,6.93
8809,1997-04-25,6.94
8810,1997-04-28,6.92
8811,1997-04-29,6.77
8812,1997-04-30,6.72
8813,1997-05-01,6.69
8814,1997-05-02,6.68
8815,1997-05-05,6.67
8816,1997-05-06,6.67
8817,1997-05-07,6.76
8818,1997-05-08,6.72
8819,1997-05-09,6.67
8820,1997-05-12,6.65
8821,1997-05-13,6.71
8822,1997-05-14,6.68
8823,1997-05-15,6.67
8824,1997-05-16,6.7
8825,1997-05-19,6.71
8826,1997-05-20,6.7
8827,1997-05-21,6.74
8828,1997-05-22,6.76
8829,1997-05-23,6.74
8830,1997-05-27,6.79
8831,1997-05-28,6.8
8832,1997-05-29,6.75
8833,1997-05-30,6.67
8834,1997-06-02,6.66
8835,1997-06-03,6.63
8836,1997-06-04,6.62
8837,1997-06-05,6.62
8838,1997-06-06,6.51
8839,1997-06-09,6.55
8840,1997-06-10,6.57
8841,1997-06-11,6.56
8842,1997-06-12,6.48
8843,1997-06-13,6.43
8844,1997-06-16,6.4
8845,1997-06-17,6.43
8846,1997-06-18,6.4
8847,1997-06-19,6.4
8848,1997-06-20,6.37
8849,1997-06-23,6.4
8850,1997-06-24,6.42
8851,1997-06-25,6.45
8852,1997-06-26,6.5
8853,1997-06-27,6.46
8854,1997-06-30,6.51
8855,1997-07-01,6.45
8856,1997-07-02,6.42
8857,1997-07-03,6.31
8858,1997-07-07,6.27
8859,1997-07-08,6.27
8860,1997-07-09,6.25
8861,1997-07-10,6.26
8862,1997-07-11,6.23
8863,1997-07-14,6.26
8864,1997-07-15,6.26
8865,1997-07-16,6.2
8866,1997-07-17,6.19
8867,1997-07-18,6.24
8868,1997-07-21,6.27
8869,1997-07-22,6.15
8870,1997-07-23,6.14
8871,1997-07-24,6.16
8872,1997-07-25,6.18
8873,1997-07-28,6.16
8874,1997-07-29,6.11
8875,1997-07-30,6.05
8876,1997-07-31,6.02
8877,1997-08-01,6.2
8878,1997-08-04,6.23
8879,1997-08-05,6.23
8880,1997-08-06,6.21
8881,1997-08-07,6.24
8882,1997-08-08,6.38
8883,1997-08-11,6.36
8884,1997-08-12,6.39
8885,1997-08-13,6.36
8886,1997-08-14,6.27
8887,1997-08-15,6.27
8888,1997-08-18,6.21
8889,1997-08-19,6.21
8890,1997-08-20,6.24
8891,1997-08-21,6.3
8892,1997-08-22,6.38
8893,1997-08-25,6.39
8894,1997-08-26,6.38
8895,1997-08-27,6.38
8896,1997-08-28,6.3
8897,1997-08-29,6.34
8898,1997-09-02,6.31
8899,1997-09-03,6.33
8900,1997-09-04,6.33
8901,1997-09-05,6.37
8902,1997-09-08,6.33
8903,1997-09-09,6.34
8904,1997-09-10,6.37
8905,1997-09-11,6.39
8906,1997-09-12,6.29
8907,1997-09-15,6.28
8908,1997-09-16,6.11
8909,1997-09-17,6.1
8910,1997-09-18,6.11
8911,1997-09-19,6.09
8912,1997-09-22,6.06
8913,1997-09-23,6.1
8914,1997-09-24,6.04
8915,1997-09-25,6.13
8916,1997-09-26,6.08
8917,1997-09-29,6.1
8918,1997-09-30,6.12
8919,1997-10-01,6.04
8920,1997-10-02,6.01
8921,1997-10-03,6.01
8922,1997-10-06,5.96
8923,1997-10-07,5.94
8924,1997-10-08,6.08
8925,1997-10-09,6.09
8926,1997-10-10,6.15
8927,1997-10-14,6.07
8928,1997-10-15,6.1
8929,1997-10-16,6.09
8930,1997-10-17,6.17
8931,1997-10-20,6.15
8932,1997-10-21,6.14
8933,1997-10-22,6.12
8934,1997-10-23,6.04
8935,1997-10-24,6.01
8936,1997-10-27,5.91
8937,1997-10-28,5.98
8938,1997-10-29,5.91
8939,1997-10-30,5.84
8940,1997-10-31,5.84
8941,1997-11-03,5.91
8942,1997-11-04,5.95
8943,1997-11-05,5.95
8944,1997-11-06,5.9
8945,1997-11-07,5.9
8946,1997-11-10,5.91
8947,1997-11-12,5.89
8948,1997-11-13,5.87
8949,1997-11-14,5.86
8950,1997-11-17,5.85
8951,1997-11-18,5.85
8952,1997-11-19,5.82
8953,1997-11-20,5.84
8954,1997-11-21,5.82
8955,1997-11-24,5.86
8956,1997-11-25,5.85
8957,1997-11-26,5.86
8958,1997-11-28,5.86
8959,1997-12-01,5.86
8960,1997-12-02,5.86
8961,1997-12-03,5.83
8962,1997-12-04,5.84
8963,1997-12-05,5.92
8964,1997-12-08,5.96
8965,1997-12-09,5.95
8966,1997-12-10,5.9
8967,1997-12-11,5.82
8968,1997-12-12,5.74
8969,1997-12-15,5.78
8970,1997-12-16,5.77
8971,1997-12-17,5.81
8972,1997-12-18,5.76
8973,1997-12-19,5.72
8974,1997-12-22,5.72
8975,1997-12-23,5.73
8976,1997-12-24,5.76
8977,1997-12-26,5.75
8978,1997-12-29,5.76
8979,1997-12-30,5.8
8980,1997-12-31,5.75
8981,1998-01-02,5.67
8982,1998-01-05,5.52
8983,1998-01-06,5.49
8984,1998-01-07,5.55
8985,1998-01-08,5.49
8986,1998-01-09,5.4
8987,1998-01-12,5.39
8988,1998-01-13,5.41
8989,1998-01-14,5.45
8990,1998-01-15,5.48
8991,1998-01-16,5.54
8992,1998-01-20,5.57
8993,1998-01-21,5.54
8994,1998-01-22,5.56
8995,1998-01-23,5.7
8996,1998-01-26,5.63
8997,1998-01-27,5.7
8998,1998-01-28,5.69
8999,1998-01-29,5.58
9000,1998-01-30,5.53
9001,1998-02-02,5.57
9002,1998-02-03,5.56
9003,1998-02-04,5.57
9004,1998-02-05,5.62
9005,1998-02-06,5.62
9006,1998-02-09,5.65
9007,1998-02-10,5.64
9008,1998-02-11,5.53
9009,1998-02-12,5.52
9010,1998-02-13,5.49
9011,1998-02-17,5.44
9012,1998-02-18,5.49
9013,1998-02-19,5.51
9014,1998-02-20,5.54
9015,1998-02-23,5.58
9016,1998-02-24,5.69
9017,1998-02-25,5.63
9018,1998-02-26,5.65
9019,1998-02-27,5.62
9020,1998-03-02,5.72
9021,1998-03-03,5.77
9022,1998-03-04,5.76
9023,1998-03-05,5.78
9024,1998-03-06,5.73
9025,1998-03-09,5.67
9026,1998-03-10,5.67
9027,1998-03-11,5.63
9028,1998-03-12,5.56
9029,1998-03-13,5.58
9030,1998-03-16,5.54
9031,1998-03-17,5.56
9032,1998-03-18,5.58
9033,1998-03-19,5.58
9034,1998-03-20,5.57
9035,1998-03-23,5.57
9036,1998-03-24,5.58
9037,1998-03-25,5.64
9038,1998-03-26,5.68
9039,1998-03-27,5.68
9040,1998-03-30,5.72
9041,1998-03-31,5.67
9042,1998-04-01,5.62
9043,1998-04-02,5.56
9044,1998-04-03,5.47
9045,1998-04-06,5.51
9046,1998-04-07,5.53
9047,1998-04-08,5.58
9048,1998-04-09,5.59
9049,1998-04-13,5.66
9050,1998-04-14,5.63
9051,1998-04-15,5.6
9052,1998-04-16,5.59
9053,1998-04-17,5.59
9054,1998-04-20,5.65
9055,1998-04-21,5.68
9056,1998-04-22,5.68
9057,1998-04-23,5.69
9058,1998-04-24,5.67
9059,1998-04-27,5.8
9060,1998-04-28,5.8
9061,1998-04-29,5.81
9062,1998-04-30,5.68
9063,1998-05-01,5.67
9064,1998-05-04,5.67
9065,1998-05-05,5.7
9066,1998-05-06,5.67
9067,1998-05-07,5.67
9068,1998-05-08,5.71
9069,1998-05-11,5.79
9070,1998-05-12,5.7
9071,1998-05-13,5.64
9072,1998-05-14,5.67
9073,1998-05-15,5.68
9074,1998-05-18,5.64
9075,1998-05-19,5.65
9076,1998-05-20,5.61
9077,1998-05-21,5.65
9078,1998-05-22,5.64
9079,1998-05-26,5.59
9080,1998-05-27,5.56
9081,1998-05-28,5.58
9082,1998-05-29,5.56
9083,1998-06-01,5.53
9084,1998-06-02,5.56
9085,1998-06-03,5.57
9086,1998-06-04,5.59
9087,1998-06-05,5.58
9088,1998-06-08,5.58
9089,1998-06-09,5.59
9090,1998-06-10,5.51
9091,1998-06-11,5.44
9092,1998-06-12,5.43
9093,1998-06-15,5.38
9094,1998-06-16,5.45
9095,1998-06-17,5.54
9096,1998-06-18,5.5
9097,1998-06-19,5.47
9098,1998-06-22,5.46
9099,1998-06-23,5.45
9100,1998-06-24,5.46
9101,1998-06-25,5.46
9102,1998-06-26,5.46
9103,1998-06-29,5.47
9104,1998-06-30,5.44
9105,1998-07-01,5.44
9106,1998-07-02,5.42
9107,1998-07-06,5.39
9108,1998-07-07,5.42
9109,1998-07-08,5.43
9110,1998-07-09,5.41
9111,1998-07-10,5.42
9112,1998-07-13,5.46
9113,1998-07-14,5.49
9114,1998-07-15,5.48
9115,1998-07-16,5.5
9116,1998-07-17,5.51
9117,1998-07-20,5.48
9118,1998-07-21,5.45
9119,1998-07-22,5.46
9120,1998-07-23,5.45
9121,1998-07-24,5.45
9122,1998-07-27,5.47
9123,1998-07-28,5.5
9124,1998-07-29,5.52
9125,1998-07-30,5.5
9126,1998-07-31,5.5
9127,1998-08-03,5.46
9128,1998-08-04,5.43
9129,1998-08-05,5.43
9130,1998-08-06,5.44
9131,1998-08-07,5.4
9132,1998-08-10,5.41
9133,1998-08-11,5.37
9134,1998-08-12,5.4
9135,1998-08-13,5.44
9136,1998-08-14,5.4
9137,1998-08-17,5.4
9138,1998-08-18,5.41
9139,1998-08-19,5.42
9140,1998-08-20,5.38
9141,1998-08-21,5.32
9142,1998-08-24,5.3
9143,1998-08-25,5.25
9144,1998-08-26,5.26
9145,1998-08-27,5.12
9146,1998-08-28,5.09
9147,1998-08-31,5.05
9148,1998-09-01,5.05
9149,1998-09-02,5.1
9150,1998-09-03,5.03
9151,1998-09-04,5.02
9152,1998-09-08,5.04
9153,1998-09-09,4.95
9154,1998-09-10,4.76
9155,1998-09-11,4.85
9156,1998-09-14,4.87
9157,1998-09-15,4.9
9158,1998-09-16,4.88
9159,1998-09-17,4.8
9160,1998-09-18,4.7
9161,1998-09-21,4.69
9162,1998-09-22,4.73
9163,1998-09-23,4.69
9164,1998-09-24,4.64
9165,1998-09-25,4.6
9166,1998-09-28,4.61
9167,1998-09-29,4.59
9168,1998-09-30,4.44
9169,1998-10-01,4.33
9170,1998-10-02,4.31
9171,1998-10-05,4.16
9172,1998-10-06,4.24
9173,1998-10-07,4.34
9174,1998-10-08,4.56
9175,1998-10-09,4.77
9176,1998-10-13,4.73
9177,1998-10-14,4.58
9178,1998-10-15,4.58
9179,1998-10-16,4.44
9180,1998-10-19,4.47
9181,1998-10-20,4.57
9182,1998-10-21,4.59
9183,1998-10-22,4.62
9184,1998-10-23,4.7
9185,1998-10-26,4.73
9186,1998-10-27,4.63
9187,1998-10-28,4.6
9188,1998-10-29,4.54
9189,1998-10-30,4.64
9190,1998-11-02,4.77
9191,1998-11-03,4.78
9192,1998-11-04,4.83
9193,1998-11-05,4.82
9194,1998-11-06,4.93
9195,1998-11-09,4.88
9196,1998-11-10,4.81
9197,1998-11-12,4.77
9198,1998-11-13,4.82
9199,1998-11-16,4.85
9200,1998-11-17,4.87
9201,1998-11-18,4.85
9202,1998-11-19,4.85
9203,1998-11-20,4.82
9204,1998-11-23,4.84
9205,1998-11-24,4.85
9206,1998-11-25,4.83
9207,1998-11-27,4.81
9208,1998-11-30,4.74
9209,1998-12-01,4.67
9210,1998-12-02,4.59
9211,1998-12-03,4.58
9212,1998-12-04,4.62
9213,1998-12-07,4.69
9214,1998-12-08,4.6
9215,1998-12-09,4.56
9216,1998-12-10,4.53
9217,1998-12-11,4.61
9218,1998-12-14,4.58
9219,1998-12-15,4.62
9220,1998-12-16,4.58
9221,1998-12-17,4.58
9222,1998-12-18,4.58
9223,1998-12-21,4.64
9224,1998-12-22,4.7
9225,1998-12-23,4.81
9226,1998-12-24,4.86
9227,1998-12-28,4.78
9228,1998-12-29,4.71
9229,1998-12-30,4.65
9230,1998-12-31,4.65
9231,1999-01-04,4.69
9232,1999-01-05,4.74
9233,1999-01-06,4.73
9234,1999-01-07,4.77
9235,1999-01-08,4.86
9236,1999-01-11,4.9
9237,1999-01-12,4.82
9238,1999-01-13,4.74
9239,1999-01-14,4.63
9240,1999-01-15,4.66
9241,1999-01-19,4.71
9242,1999-01-20,4.76
9243,1999-01-21,4.7
9244,1999-01-22,4.64
9245,1999-01-25,4.67
9246,1999-01-26,4.69
9247,1999-01-27,4.68
9248,1999-01-28,4.67
9249,1999-01-29,4.66
9250,1999-02-01,4.75
9251,1999-02-02,4.79
9252,1999-02-03,4.83
9253,1999-02-04,4.89
9254,1999-02-05,4.94
9255,1999-02-08,4.94
9256,1999-02-09,4.91
9257,1999-02-10,4.9
9258,1999-02-11,4.93
9259,1999-02-12,5.06
9260,1999-02-16,5.03
9261,1999-02-17,4.98
9262,1999-02-18,5.04
9263,1999-02-19,5.07
9264,1999-02-22,5.03
9265,1999-02-23,5.1
9266,1999-02-24,5.18
9267,1999-02-25,5.32
9268,1999-02-26,5.29
9269,1999-03-01,5.4
9270,1999-03-02,5.35
9271,1999-03-03,5.39
9272,1999-03-04,5.41
9273,1999-03-05,5.34
9274,1999-03-08,5.29
9275,1999-03-09,5.18
9276,1999-03-10,5.2
9277,1999-03-11,5.21
9278,1999-03-12,5.16
9279,1999-03-15,5.15
9280,1999-03-16,5.11
9281,1999-03-17,5.14
9282,1999-03-18,5.11
9283,1999-03-19,5.17
9284,1999-03-22,5.21
9285,1999-03-23,5.2
9286,1999-03-24,5.17
9287,1999-03-25,5.21
9288,1999-03-26,5.21
9289,1999-03-29,5.28
9290,1999-03-30,5.21
9291,1999-03-31,5.25
9292,1999-04-01,5.27
9293,1999-04-02,5.2
9294,1999-04-05,5.2
9295,1999-04-06,5.13
9296,1999-04-07,5.14
9297,1999-04-08,5.03
9298,1999-04-09,5.05
9299,1999-04-12,5.06
9300,1999-04-13,5.12
9301,1999-04-14,5.13
9302,1999-04-15,5.18
9303,1999-04-16,5.23
9304,1999-04-19,5.18
9305,1999-04-20,5.16
9306,1999-04-21,5.17
9307,1999-04-22,5.25
9308,1999-04-23,5.26
9309,1999-04-26,5.23
9310,1999-04-27,5.22
9311,1999-04-28,5.27
9312,1999-04-29,5.22
9313,1999-04-30,5.36
9314,1999-05-03,5.38
9315,1999-05-04,5.42
9316,1999-05-05,5.4
9317,1999-05-06,5.52
9318,1999-05-07,5.54
9319,1999-05-10,5.54
9320,1999-05-11,5.59
9321,1999-05-12,5.51
9322,1999-05-13,5.41
9323,1999-05-14,5.62
9324,1999-05-17,5.66
9325,1999-05-18,5.68
9326,1999-05-19,5.6
9327,1999-05-20,5.6
9328,1999-05-21,5.52
9329,1999-05-24,5.5
9330,1999-05-25,5.49
9331,1999-05-26,5.55
9332,1999-05-27,5.62
9333,1999-05-28,5.64
9334,1999-06-01,5.78
9335,1999-06-02,5.8
9336,1999-06-03,5.8
9337,1999-06-04,5.82
9338,1999-06-07,5.81
9339,1999-06-08,5.83
9340,1999-06-09,5.87
9341,1999-06-10,5.92
9342,1999-06-11,6.02
9343,1999-06-14,5.98
9344,1999-06-15,5.98
9345,1999-06-16,5.94
9346,1999-06-17,5.79
9347,1999-06-18,5.84
9348,1999-06-21,5.9
9349,1999-06-22,5.94
9350,1999-06-23,6.0
9351,1999-06-24,6.05
9352,1999-06-25,6.02
9353,1999-06-28,5.96
9354,1999-06-29,5.93
9355,1999-06-30,5.81
9356,1999-07-01,5.85
9357,1999-07-02,5.82
9358,1999-07-06,5.88
9359,1999-07-07,5.92
9360,1999-07-08,5.85
9361,1999-07-09,5.84
9362,1999-07-12,5.74
9363,1999-07-13,5.71
9364,1999-07-14,5.74
9365,1999-07-15,5.72
9366,1999-07-16,5.68
9367,1999-07-19,5.66
9368,1999-07-20,5.65
9369,1999-07-21,5.66
9370,1999-07-22,5.78
9371,1999-07-23,5.84
9372,1999-07-26,5.86
9373,1999-07-27,5.82
9374,1999-07-28,5.81
9375,1999-07-29,5.88
9376,1999-07-30,5.92
9377,1999-08-02,5.92
9378,1999-08-03,5.95
9379,1999-08-04,5.96
9380,1999-08-05,5.88
9381,1999-08-06,6.02
9382,1999-08-09,6.13
9383,1999-08-10,6.16
9384,1999-08-11,6.05
9385,1999-08-12,6.08
9386,1999-08-13,5.98
9387,1999-08-16,5.98
9388,1999-08-17,5.89
9389,1999-08-18,5.88
9390,1999-08-19,5.9
9391,1999-08-20,5.88
9392,1999-08-23,5.89
9393,1999-08-24,5.85
9394,1999-08-25,5.73
9395,1999-08-26,5.75
9396,1999-08-27,5.85
9397,1999-08-30,5.95
9398,1999-08-31,5.98
9399,1999-09-01,5.99
9400,1999-09-02,6.03
9401,1999-09-03,5.89
9402,1999-09-07,5.95
9403,1999-09-08,5.93
9404,1999-09-09,5.97
9405,1999-09-10,5.89
9406,1999-09-13,5.92
9407,1999-09-14,5.96
9408,1999-09-15,5.94
9409,1999-09-16,5.9
9410,1999-09-17,5.87
9411,1999-09-20,5.91
9412,1999-09-21,5.94
9413,1999-09-22,5.92
9414,1999-09-23,5.87
9415,1999-09-24,5.75
9416,1999-09-27,5.83
9417,1999-09-28,5.89
9418,1999-09-29,5.97
9419,1999-09-30,5.9
9420,1999-10-01,6.0
9421,1999-10-04,5.95
9422,1999-10-05,6.02
9423,1999-10-06,6.04
9424,1999-10-07,6.05
9425,1999-10-08,6.04
9426,1999-10-12,6.07
9427,1999-10-13,6.12
9428,1999-10-14,6.17
9429,1999-10-15,6.09
9430,1999-10-18,6.12
9431,1999-10-19,6.18
9432,1999-10-20,6.19
9433,1999-10-21,6.2
9434,1999-10-22,6.21
9435,1999-10-25,6.22
9436,1999-10-26,6.24
9437,1999-10-27,6.19
9438,1999-10-28,6.12
9439,1999-10-29,6.02
9440,1999-11-01,6.06
9441,1999-11-02,6.04
9442,1999-11-03,6.01
9443,1999-11-04,5.95
9444,1999-11-05,5.92
9445,1999-11-08,5.95
9446,1999-11-09,5.97
9447,1999-11-10,6.0
9448,1999-11-12,5.93
9449,1999-11-15,5.94
9450,1999-11-16,5.97
9451,1999-11-17,6.04
9452,1999-11-18,6.06
9453,1999-11-19,6.07
9454,1999-11-22,6.09
9455,1999-11-23,6.08
9456,1999-11-24,6.09
9457,1999-11-26,6.12
9458,1999-11-29,6.21
9459,1999-11-30,6.18
9460,1999-12-01,6.21
9461,1999-12-02,6.24
9462,1999-12-03,6.17
9463,1999-12-06,6.16
9464,1999-12-07,6.11
9465,1999-12-08,6.15
9466,1999-12-09,6.14
9467,1999-12-10,6.08
9468,1999-12-13,6.11
9469,1999-12-14,6.22
9470,1999-12-15,6.25
9471,1999-12-16,6.31
9472,1999-12-17,6.3
9473,1999-12-20,6.36
9474,1999-12-21,6.38
9475,1999-12-22,6.39
9476,1999-12-23,6.41
9477,1999-12-27,6.4
9478,1999-12-28,6.43
9479,1999-12-29,6.4
9480,1999-12-30,6.39
9481,1999-12-31,6.45
9482,2000-01-03,6.58
9483,2000-01-04,6.49
9484,2000-01-05,6.62
9485,2000-01-06,6.57
9486,2000-01-07,6.52
9487,2000-01-10,6.57
9488,2000-01-11,6.67
9489,2000-01-12,6.72
9490,2000-01-13,6.63
9491,2000-01-14,6.69
9492,2000-01-18,6.75
9493,2000-01-19,6.73
9494,2000-01-20,6.79
9495,2000-01-21,6.79
9496,2000-01-24,6.69
9497,2000-01-25,6.7
9498,2000-01-26,6.69
9499,2000-01-27,6.68
9500,2000-01-28,6.66
9501,2000-01-31,6.68
9502,2000-02-01,6.62
9503,2000-02-02,6.6
9504,2000-02-03,6.49
9505,2000-02-04,6.53
9506,2000-02-07,6.64
9507,2000-02-08,6.59
9508,2000-02-09,6.56
9509,2000-02-10,6.67
9510,2000-02-11,6.63
9511,2000-02-14,6.56
9512,2000-02-15,6.56
9513,2000-02-16,6.56
9514,2000-02-17,6.58
9515,2000-02-18,6.49
9516,2000-02-22,6.36
9517,2000-02-23,6.44
9518,2000-02-24,6.36
9519,2000-02-25,6.36
9520,2000-02-28,6.37
9521,2000-02-29,6.42
9522,2000-03-01,6.39
9523,2000-03-02,6.4
9524,2000-03-03,6.39
9525,2000-03-06,6.42
9526,2000-03-07,6.39
9527,2000-03-08,6.38
9528,2000-03-09,6.35
9529,2000-03-10,6.39
9530,2000-03-13,6.36
9531,2000-03-14,6.31
9532,2000-03-15,6.29
9533,2000-03-16,6.26
9534,2000-03-17,6.2
9535,2000-03-20,6.18
9536,2000-03-21,6.13
9537,2000-03-22,6.13
9538,2000-03-23,6.08
9539,2000-03-24,6.2
9540,2000-03-27,6.21
9541,2000-03-28,6.17
9542,2000-03-29,6.18
9543,2000-03-30,6.06
9544,2000-03-31,6.03
9545,2000-04-03,6.0
9546,2000-04-04,5.9
9547,2000-04-05,5.9
9548,2000-04-06,5.93
9549,2000-04-07,5.86
9550,2000-04-10,5.8
9551,2000-04-11,5.89
9552,2000-04-12,5.97
9553,2000-04-13,5.94
9554,2000-04-14,5.85
9555,2000-04-17,6.01
9556,2000-04-18,6.05
9557,2000-04-19,5.99
9558,2000-04-20,5.99
9559,2000-04-24,6.0
9560,2000-04-25,6.14
9561,2000-04-26,6.14
9562,2000-04-27,6.23
9563,2000-04-28,6.23
9564,2000-05-01,6.29
9565,2000-05-02,6.32
9566,2000-05-03,6.4
9567,2000-05-04,6.46
9568,2000-05-05,6.51
9569,2000-05-08,6.57
9570,2000-05-09,6.53
9571,2000-05-10,6.47
9572,2000-05-11,6.43
9573,2000-05-12,6.51
9574,2000-05-15,6.47
9575,2000-05-16,6.43
9576,2000-05-17,6.48
9577,2000-05-18,6.56
9578,2000-05-19,6.51
9579,2000-05-22,6.44
9580,2000-05-23,6.45
9581,2000-05-24,6.47
9582,2000-05-25,6.39
9583,2000-05-26,6.33
9584,2000-05-30,6.38
9585,2000-05-31,6.29
9586,2000-06-01,6.2
9587,2000-06-02,6.15
9588,2000-06-05,6.12
9589,2000-06-06,6.14
9590,2000-06-07,6.13
9591,2000-06-08,6.13
9592,2000-06-09,6.13
9593,2000-06-12,6.09
9594,2000-06-13,6.11
9595,2000-06-14,6.06
9596,2000-06-15,6.05
9597,2000-06-16,5.99
9598,2000-06-19,6.0
9599,2000-06-20,6.03
9600,2000-06-21,6.11
9601,2000-06-22,6.12
9602,2000-06-23,6.19
9603,2000-06-26,6.11
9604,2000-06-27,6.1
9605,2000-06-28,6.11
9606,2000-06-29,6.04
9607,2000-06-30,6.03
9608,2000-07-03,6.0
9609,2000-07-05,5.99
9610,2000-07-06,6.05
9611,2000-07-07,6.01
9612,2000-07-10,6.04
9613,2000-07-11,6.06
9614,2000-07-12,6.09
9615,2000-07-13,6.01
9616,2000-07-14,6.1
9617,2000-07-17,6.17
9618,2000-07-18,6.16
9619,2000-07-19,6.16
9620,2000-07-20,6.01
9621,2000-07-21,6.01
9622,2000-07-24,6.04
9623,2000-07-25,6.04
9624,2000-07-26,6.04
9625,2000-07-27,6.02
9626,2000-07-28,6.04
9627,2000-07-31,6.04
9628,2000-08-01,6.0
9629,2000-08-02,5.98
9630,2000-08-03,5.95
9631,2000-08-04,5.91
9632,2000-08-07,5.97
9633,2000-08-08,5.93
9634,2000-08-09,5.81
9635,2000-08-10,5.76
9636,2000-08-11,5.79
9637,2000-08-14,5.78
9638,2000-08-15,5.81
9639,2000-08-16,5.83
9640,2000-08-17,5.81
9641,2000-08-18,5.78
9642,2000-08-21,5.79
9643,2000-08-22,5.78
9644,2000-08-23,5.73
9645,2000-08-24,5.73
9646,2000-08-25,5.73
9647,2000-08-28,5.78
9648,2000-08-29,5.81
9649,2000-08-30,5.81
9650,2000-08-31,5.73
9651,2000-09-01,5.68
9652,2000-09-05,5.69
9653,2000-09-06,5.72
9654,2000-09-07,5.76
9655,2000-09-08,5.73
9656,2000-09-11,5.77
9657,2000-09-12,5.78
9658,2000-09-13,5.74
9659,2000-09-14,5.79
9660,2000-09-15,5.84
9661,2000-09-18,5.88
9662,2000-09-19,5.86
9663,2000-09-20,5.91
9664,2000-09-21,5.88
9665,2000-09-22,5.85
9666,2000-09-25,5.84
9667,2000-09-26,5.81
9668,2000-09-27,5.83
9669,2000-09-28,5.82
9670,2000-09-29,5.8
9671,2000-10-02,5.83
9672,2000-10-03,5.87
9673,2000-10-04,5.9
9674,2000-10-05,5.87
9675,2000-10-06,5.82
9676,2000-10-10,5.8
9677,2000-10-11,5.77
9678,2000-10-12,5.73
9679,2000-10-13,5.73
9680,2000-10-16,5.74
9681,2000-10-17,5.68
9682,2000-10-18,5.66
9683,2000-10-19,5.66
9684,2000-10-20,5.64
9685,2000-10-23,5.59
9686,2000-10-24,5.63
9687,2000-10-25,5.67
9688,2000-10-26,5.69
9689,2000-10-27,5.72
9690,2000-10-30,5.74
9691,2000-10-31,5.77
9692,2000-11-01,5.74
9693,2000-11-02,5.74
9694,2000-11-03,5.83
9695,2000-11-06,5.87
9696,2000-11-07,5.87
9697,2000-11-08,5.87
9698,2000-11-09,5.82
9699,2000-11-10,5.82
9700,2000-11-13,5.77
9701,2000-11-14,5.76
9702,2000-11-15,5.72
9703,2000-11-16,5.68
9704,2000-11-17,5.71
9705,2000-11-20,5.68
9706,2000-11-21,5.67
9707,2000-11-22,5.62
9708,2000-11-24,5.63
9709,2000-11-27,5.64
9710,2000-11-28,5.59
9711,2000-11-29,5.55
9712,2000-11-30,5.48
9713,2000-12-01,5.52
9714,2000-12-04,5.53
9715,2000-12-05,5.43
9716,2000-12-06,5.32
9717,2000-12-07,5.32
9718,2000-12-08,5.35
9719,2000-12-11,5.37
9720,2000-12-12,5.36
9721,2000-12-13,5.29
9722,2000-12-14,5.23
9723,2000-12-15,5.2
9724,2000-12-18,5.17
9725,2000-12-19,5.19
9726,2000-12-20,5.08
9727,2000-12-21,5.03
9728,2000-12-22,5.02
9729,2000-12-26,5.04
9730,2000-12-27,5.11
9731,2000-12-28,5.13
9732,2000-12-29,5.12
9733,2001-01-02,4.92
9734,2001-01-03,5.14
9735,2001-01-04,5.03
9736,2001-01-05,4.93
9737,2001-01-08,4.94
9738,2001-01-09,4.98
9739,2001-01-10,5.1
9740,2001-01-11,5.14
9741,2001-01-12,5.25
9742,2001-01-16,5.24
9743,2001-01-17,5.19
9744,2001-01-18,5.12
9745,2001-01-19,5.19
9746,2001-01-22,5.25
9747,2001-01-23,5.3
9748,2001-01-24,5.33
9749,2001-01-25,5.29
9750,2001-01-26,5.29
9751,2001-01-29,5.32
9752,2001-01-30,5.24
9753,2001-01-31,5.19
9754,2001-02-01,5.1
9755,2001-02-02,5.17
9756,2001-02-05,5.18
9757,2001-02-06,5.22
9758,2001-02-07,5.1
9759,2001-02-08,5.1
9760,2001-02-09,5.03
9761,2001-02-12,5.05
9762,2001-02-13,5.07
9763,2001-02-14,5.13
9764,2001-02-15,5.19
9765,2001-02-16,5.11
9766,2001-02-20,5.11
9767,2001-02-21,5.14
9768,2001-02-22,5.15
9769,2001-02-23,5.1
9770,2001-02-26,5.05
9771,2001-02-27,4.96
9772,2001-02-28,4.92
9773,2001-03-01,4.87
9774,2001-03-02,4.95
9775,2001-03-05,4.98
9776,2001-03-06,4.99
9777,2001-03-07,4.92
9778,2001-03-08,4.89
9779,2001-03-09,4.95
9780,2001-03-12,4.92
9781,2001-03-13,4.95
9782,2001-03-14,4.84
9783,2001-03-15,4.81
9784,2001-03-16,4.78
9785,2001-03-19,4.82
9786,2001-03-20,4.78
9787,2001-03-21,4.77
9788,2001-03-22,4.73
9789,2001-03-23,4.8
9790,2001-03-26,4.85
9791,2001-03-27,5.0
9792,2001-03-28,4.97
9793,2001-03-29,4.98
9794,2001-03-30,4.93
9795,2001-04-02,4.98
9796,2001-04-03,4.94
9797,2001-04-04,4.94
9798,2001-04-05,4.98
9799,2001-04-06,4.89
9800,2001-04-09,4.93
9801,2001-04-10,5.09
9802,2001-04-11,5.12
9803,2001-04-12,5.17
9804,2001-04-16,5.28
9805,2001-04-17,5.21
9806,2001-04-18,5.14
9807,2001-04-19,5.27
9808,2001-04-20,5.29
9809,2001-04-23,5.2
9810,2001-04-24,5.22
9811,2001-04-25,5.28
9812,2001-04-26,5.2
9813,2001-04-27,5.34
9814,2001-04-30,5.35
9815,2001-05-01,5.3
9816,2001-05-02,5.31
9817,2001-05-03,5.22
9818,2001-05-04,5.21
9819,2001-05-07,5.21
9820,2001-05-08,5.24
9821,2001-05-09,5.2
9822,2001-05-10,5.31
9823,2001-05-11,5.51
9824,2001-05-14,5.46
9825,2001-05-15,5.5
9826,2001-05-16,5.48
9827,2001-05-17,5.46
9828,2001-05-18,5.41
9829,2001-05-21,5.41
9830,2001-05-22,5.42
9831,2001-05-23,5.41
9832,2001-05-24,5.52
9833,2001-05-25,5.52
9834,2001-05-29,5.54
9835,2001-05-30,5.54
9836,2001-05-31,5.43
9837,2001-06-01,5.39
9838,2001-06-04,5.35
9839,2001-06-05,5.29
9840,2001-06-06,5.27
9841,2001-06-07,5.33
9842,2001-06-08,5.38
9843,2001-06-11,5.32
9844,2001-06-12,5.27
9845,2001-06-13,5.28
9846,2001-06-14,5.26
9847,2001-06-15,5.27
9848,2001-06-18,5.27
9849,2001-06-19,5.26
9850,2001-06-20,5.24
9851,2001-06-21,5.22
9852,2001-06-22,5.14
9853,2001-06-25,5.16
9854,2001-06-26,5.24
9855,2001-06-27,5.26
9856,2001-06-28,5.35
9857,2001-06-29,5.42
9858,2001-07-02,5.37
9859,2001-07-03,5.41
9860,2001-07-05,5.44
9861,2001-07-06,5.41
9862,2001-07-09,5.37
9863,2001-07-10,5.32
9864,2001-07-11,5.31
9865,2001-07-12,5.27
9866,2001-07-13,5.27
9867,2001-07-16,5.21
9868,2001-07-17,5.22
9869,2001-07-18,5.12
9870,2001-07-19,5.13
9871,2001-07-20,5.15
9872,2001-07-23,5.13
9873,2001-07-24,5.13
9874,2001-07-25,5.2
9875,2001-07-26,5.19
9876,2001-07-27,5.13
9877,2001-07-30,5.11
9878,2001-07-31,5.07
9879,2001-08-01,5.11
9880,2001-08-02,5.17
9881,2001-08-03,5.2
9882,2001-08-06,5.19
9883,2001-08-07,5.2
9884,2001-08-08,4.99
9885,2001-08-09,5.04
9886,2001-08-10,4.99
9887,2001-08-13,4.97
9888,2001-08-14,4.97
9889,2001-08-15,5.0
9890,2001-08-16,4.95
9891,2001-08-17,4.84
9892,2001-08-20,4.91
9893,2001-08-21,4.87
9894,2001-08-22,4.91
9895,2001-08-23,4.89
9896,2001-08-24,4.93
9897,2001-08-27,4.94
9898,2001-08-28,4.85
9899,2001-08-29,4.78
9900,2001-08-30,4.79
9901,2001-08-31,4.85
9902,2001-09-04,4.99
9903,2001-09-05,4.97
9904,2001-09-06,4.86
9905,2001-09-07,4.8
9906,2001-09-10,4.84
9907,2001-09-13,4.64
9908,2001-09-14,4.57
9909,2001-09-17,4.63
9910,2001-09-18,4.72
9911,2001-09-19,4.69
9912,2001-09-20,4.75
9913,2001-09-21,4.7
9914,2001-09-24,4.73
9915,2001-09-25,4.72
9916,2001-09-26,4.65
9917,2001-09-27,4.58
9918,2001-09-28,4.6
9919,2001-10-01,4.55
9920,2001-10-02,4.53
9921,2001-10-03,4.5
9922,2001-10-04,4.53
9923,2001-10-05,4.52
9924,2001-10-09,4.62
9925,2001-10-10,4.61
9926,2001-10-11,4.69
9927,2001-10-12,4.68
9928,2001-10-15,4.62
9929,2001-10-16,4.59
9930,2001-10-17,4.59
9931,2001-10-18,4.58
9932,2001-10-19,4.63
9933,2001-10-22,4.63
9934,2001-10-23,4.66
9935,2001-10-24,4.61
9936,2001-10-25,4.56
9937,2001-10-26,4.53
9938,2001-10-29,4.5
9939,2001-10-30,4.44
9940,2001-10-31,4.3
9941,2001-11-01,4.24
9942,2001-11-02,4.37
9943,2001-11-05,4.31
9944,2001-11-06,4.3
9945,2001-11-07,4.22
9946,2001-11-08,4.32
9947,2001-11-09,4.34
9948,2001-11-13,4.41
9949,2001-11-14,4.54
9950,2001-11-15,4.79
9951,2001-11-16,4.91
9952,2001-11-19,4.8
9953,2001-11-20,4.88
9954,2001-11-21,4.98
9955,2001-11-23,5.04
9956,2001-11-26,5.05
9957,2001-11-27,4.98
9958,2001-11-28,4.98
9959,2001-11-29,4.79
9960,2001-11-30,4.78
9961,2001-12-03,4.75
9962,2001-12-04,4.7
9963,2001-12-05,4.92
9964,2001-12-06,5.04
9965,2001-12-07,5.2
9966,2001-12-10,5.17
9967,2001-12-11,5.13
9968,2001-12-12,5.02
9969,2001-12-13,5.13
9970,2001-12-14,5.24
9971,2001-12-17,5.26
9972,2001-12-18,5.16
9973,2001-12-19,5.08
9974,2001-12-20,5.08
9975,2001-12-21,5.12
9976,2001-12-24,5.18
9977,2001-12-26,5.22
9978,2001-12-27,5.13
9979,2001-12-28,5.15
9980,2001-12-31,5.07
9981,2002-01-02,5.2
9982,2002-01-03,5.16
9983,2002-01-04,5.18
9984,2002-01-07,5.09
9985,2002-01-08,5.1
9986,2002-01-09,5.1
9987,2002-01-10,5.0
9988,2002-01-11,4.92
9989,2002-01-14,4.91
9990,2002-01-15,4.88
9991,2002-01-16,4.88
9992,2002-01-17,4.98
9993,2002-01-18,4.94
9994,2002-01-22,4.96
9995,2002-01-23,5.05
9996,2002-01-24,5.07
9997,2002-01-25,5.1
9998,2002-01-28,5.12
9999,2002-01-29,5.02
10000,2002-01-30,5.02
10001,2002-01-31,5.07
10002,2002-02-01,5.02
10003,2002-02-04,4.94
10004,2002-02-05,4.92
10005,2002-02-06,4.92
10006,2002-02-07,4.93
10007,2002-02-08,4.9
10008,2002-02-11,4.91
10009,2002-02-12,4.97
10010,2002-02-13,5.01
10011,2002-02-14,4.95
10012,2002-02-15,4.86
10013,2002-02-19,4.88
10014,2002-02-20,4.88
10015,2002-02-21,4.88
10016,2002-02-22,4.84
10017,2002-02-25,4.86
10018,2002-02-26,4.93
10019,2002-02-27,4.84
10020,2002-02-28,4.88
10021,2002-03-01,4.98
10022,2002-03-04,5.02
10023,2002-03-05,5.02
10024,2002-03-06,5.06
10025,2002-03-07,5.22
10026,2002-03-08,5.33
10027,2002-03-11,5.33
10028,2002-03-12,5.32
10029,2002-03-13,5.28
10030,2002-03-14,5.4
10031,2002-03-15,5.35
10032,2002-03-18,5.32
10033,2002-03-19,5.33
10034,2002-03-20,5.4
10035,2002-03-21,5.39
10036,2002-03-22,5.4
10037,2002-03-25,5.41
10038,2002-03-26,5.35
10039,2002-03-27,5.35
10040,2002-03-28,5.42
10041,2002-04-01,5.44
10042,2002-04-02,5.36
10043,2002-04-03,5.3
10044,2002-04-04,5.28
10045,2002-04-05,5.22
10046,2002-04-08,5.25
10047,2002-04-09,5.22
10048,2002-04-10,5.24
10049,2002-04-11,5.22
10050,2002-04-12,5.18
10051,2002-04-15,5.15
10052,2002-04-16,5.2
10053,2002-04-17,5.24
10054,2002-04-18,5.23
10055,2002-04-19,5.21
10056,2002-04-22,5.19
10057,2002-04-23,5.18
10058,2002-04-24,5.11
10059,2002-04-25,5.1
10060,2002-04-26,5.08
10061,2002-04-29,5.13
10062,2002-04-30,5.11
10063,2002-05-01,5.08
10064,2002-05-02,5.13
10065,2002-05-03,5.08
10066,2002-05-06,5.1
10067,2002-05-07,5.09
10068,2002-05-08,5.24
10069,2002-05-09,5.2
10070,2002-05-10,5.15
10071,2002-05-13,5.23
10072,2002-05-14,5.32
10073,2002-05-15,5.28
10074,2002-05-16,5.2
10075,2002-05-17,5.27
10076,2002-05-20,5.21
10077,2002-05-21,5.18
10078,2002-05-22,5.13
10079,2002-05-23,5.16
10080,2002-05-24,5.16
10081,2002-05-28,5.16
10082,2002-05-29,5.11
10083,2002-05-30,5.06
10084,2002-05-31,5.08
10085,2002-06-03,5.06
10086,2002-06-04,5.04
10087,2002-06-05,5.08
10088,2002-06-06,5.04
10089,2002-06-07,5.1
10090,2002-06-10,5.07
10091,2002-06-11,5.02
10092,2002-06-12,4.98
10093,2002-06-13,4.94
10094,2002-06-14,4.83
10095,2002-06-17,4.89
10096,2002-06-18,4.88
10097,2002-06-19,4.76
10098,2002-06-20,4.85
10099,2002-06-21,4.79
10100,2002-06-24,4.87
10101,2002-06-25,4.88
10102,2002-06-26,4.75
10103,2002-06-27,4.84
10104,2002-06-28,4.86
10105,2002-07-01,4.85
10106,2002-07-02,4.77
10107,2002-07-03,4.78
10108,2002-07-05,4.9
10109,2002-07-08,4.84
10110,2002-07-09,4.78
10111,2002-07-10,4.66
10112,2002-07-11,4.66
10113,2002-07-12,4.63
10114,2002-07-15,4.66
10115,2002-07-16,4.75
10116,2002-07-17,4.71
10117,2002-07-18,4.66
10118,2002-07-19,4.61
10119,2002-07-22,4.51
10120,2002-07-23,4.47
10121,2002-07-24,4.49
10122,2002-07-25,4.43
10123,2002-07-26,4.43
10124,2002-07-29,4.62
10125,2002-07-30,4.65
10126,2002-07-31,4.51
10127,2002-08-01,4.47
10128,2002-08-02,4.33
10129,2002-08-05,4.29
10130,2002-08-06,4.42
10131,2002-08-07,4.35
10132,2002-08-08,4.4
10133,2002-08-09,4.27
10134,2002-08-12,4.22
10135,2002-08-13,4.12
10136,2002-08-14,4.06
10137,2002-08-15,4.17
10138,2002-08-16,4.32
10139,2002-08-19,4.29
10140,2002-08-20,4.17
10141,2002-08-21,4.2
10142,2002-08-22,4.3
10143,2002-08-23,4.25
10144,2002-08-26,4.22
10145,2002-08-27,4.29
10146,2002-08-28,4.22
10147,2002-08-29,4.16
10148,2002-08-30,4.14
10149,2002-09-03,3.98
10150,2002-09-04,3.96
10151,2002-09-05,3.91
10152,2002-09-06,4.05
10153,2002-09-09,4.05
10154,2002-09-10,4.0
10155,2002-09-11,4.07
10156,2002-09-12,3.98
10157,2002-09-13,3.92
10158,2002-09-16,3.9
10159,2002-09-17,3.87
10160,2002-09-18,3.86
10161,2002-09-19,3.79
10162,2002-09-20,3.79
10163,2002-09-23,3.7
10164,2002-09-24,3.69
10165,2002-09-25,3.77
10166,2002-09-26,3.79
10167,2002-09-27,3.69
10168,2002-09-30,3.63
10169,2002-10-01,3.72
10170,2002-10-02,3.71
10171,2002-10-03,3.7
10172,2002-10-04,3.69
10173,2002-10-07,3.64
10174,2002-10-08,3.65
10175,2002-10-09,3.61
10176,2002-10-10,3.68
10177,2002-10-11,3.83
10178,2002-10-15,4.07
10179,2002-10-16,4.06
10180,2002-10-17,4.16
10181,2002-10-18,4.14
10182,2002-10-21,4.24
10183,2002-10-22,4.27
10184,2002-10-23,4.26
10185,2002-10-24,4.16
10186,2002-10-25,4.12
10187,2002-10-28,4.1
10188,2002-10-29,3.97
10189,2002-10-30,3.99
10190,2002-10-31,3.93
10191,2002-11-01,4.01
10192,2002-11-04,4.07
10193,2002-11-05,4.1
10194,2002-11-06,4.09
10195,2002-11-07,3.88
10196,2002-11-08,3.85
10197,2002-11-12,3.84
10198,2002-11-13,3.84
10199,2002-11-14,4.03
10200,2002-11-15,4.05
10201,2002-11-18,4.02
10202,2002-11-19,3.99
10203,2002-11-20,4.08
10204,2002-11-21,4.14
10205,2002-11-22,4.18
10206,2002-11-25,4.19
10207,2002-11-26,4.08
10208,2002-11-27,4.26
10209,2002-11-29,4.22
10210,2002-12-02,4.22
10211,2002-12-03,4.24
10212,2002-12-04,4.18
10213,2002-12-05,4.13
10214,2002-12-06,4.09
10215,2002-12-09,4.06
10216,2002-12-10,4.06
10217,2002-12-11,4.01
10218,2002-12-12,4.01
10219,2002-12-13,4.07
10220,2002-12-16,4.15
10221,2002-12-17,4.13
10222,2002-12-18,4.06
10223,2002-12-19,3.96
10224,2002-12-20,3.97
10225,2002-12-23,3.98
10226,2002-12-24,3.95
10227,2002-12-26,3.93
10228,2002-12-27,3.83
10229,2002-12-30,3.82
10230,2002-12-31,3.83
10231,2003-01-02,4.07
10232,2003-01-03,4.05
10233,2003-01-06,4.09
10234,2003-01-07,4.04
10235,2003-01-08,4.0
10236,2003-01-09,4.19
10237,2003-01-10,4.16
10238,2003-01-13,4.15
10239,2003-01-14,4.1
10240,2003-01-15,4.1
10241,2003-01-16,4.1
10242,2003-01-17,4.05
10243,2003-01-21,4.01
10244,2003-01-22,3.95
10245,2003-01-23,3.98
10246,2003-01-24,3.94
10247,2003-01-27,3.98
10248,2003-01-28,4.0
10249,2003-01-29,4.06
10250,2003-01-30,4.0
10251,2003-01-31,4.0
10252,2003-02-03,4.01
10253,2003-02-04,3.96
10254,2003-02-05,4.02
10255,2003-02-06,3.97
10256,2003-02-07,3.96
10257,2003-02-10,3.99
10258,2003-02-11,3.98
10259,2003-02-12,3.93
10260,2003-02-13,3.89
10261,2003-02-14,3.95
10262,2003-02-18,3.94
10263,2003-02-19,3.88
10264,2003-02-20,3.85
10265,2003-02-21,3.9
10266,2003-02-24,3.86
10267,2003-02-25,3.81
10268,2003-02-26,3.78
10269,2003-02-27,3.76
10270,2003-02-28,3.71
10271,2003-03-03,3.68
10272,2003-03-04,3.65
10273,2003-03-05,3.63
10274,2003-03-06,3.67
10275,2003-03-07,3.63
10276,2003-03-10,3.59
10277,2003-03-11,3.6
10278,2003-03-12,3.6
10279,2003-03-13,3.74
10280,2003-03-14,3.72
10281,2003-03-17,3.82
10282,2003-03-18,3.91
10283,2003-03-19,3.98
10284,2003-03-20,4.01
10285,2003-03-21,4.11
10286,2003-03-24,3.98
10287,2003-03-25,3.97
10288,2003-03-26,3.96
10289,2003-03-27,3.95
10290,2003-03-28,3.92
10291,2003-03-31,3.83
10292,2003-04-01,3.84
10293,2003-04-02,3.94
10294,2003-04-03,3.93
10295,2003-04-04,3.96
10296,2003-04-07,4.03
10297,2003-04-08,3.95
10298,2003-04-09,3.93
10299,2003-04-10,3.95
10300,2003-04-11,4.0
10301,2003-04-14,4.04
10302,2003-04-15,3.98
10303,2003-04-16,3.96
10304,2003-04-17,3.98
10305,2003-04-21,4.0
10306,2003-04-22,4.01
10307,2003-04-23,4.02
10308,2003-04-24,3.93
10309,2003-04-25,3.91
10310,2003-04-28,3.92
10311,2003-04-29,3.96
10312,2003-04-30,3.89
10313,2003-05-01,3.88
10314,2003-05-02,3.94
10315,2003-05-05,3.92
10316,2003-05-06,3.84
10317,2003-05-07,3.72
10318,2003-05-08,3.7
10319,2003-05-09,3.69
10320,2003-05-12,3.64
10321,2003-05-13,3.63
10322,2003-05-14,3.53
10323,2003-05-15,3.53
10324,2003-05-16,3.46
10325,2003-05-19,3.46
10326,2003-05-20,3.38
10327,2003-05-21,3.39
10328,2003-05-22,3.34
10329,2003-05-23,3.34
10330,2003-05-27,3.41
10331,2003-05-28,3.44
10332,2003-05-29,3.34
10333,2003-05-30,3.37
10334,2003-06-02,3.43
10335,2003-06-03,3.34
10336,2003-06-04,3.3
10337,2003-06-05,3.34
10338,2003-06-06,3.37
10339,2003-06-09,3.29
10340,2003-06-10,3.2
10341,2003-06-11,3.21
10342,2003-06-12,3.18
10343,2003-06-13,3.13
10344,2003-06-16,3.18
10345,2003-06-17,3.27
10346,2003-06-18,3.37
10347,2003-06-19,3.35
10348,2003-06-20,3.4
10349,2003-06-23,3.32
10350,2003-06-24,3.29
10351,2003-06-25,3.38
10352,2003-06-26,3.55
10353,2003-06-27,3.58
10354,2003-06-30,3.54
10355,2003-07-01,3.56
10356,2003-07-02,3.56
10357,2003-07-03,3.67
10358,2003-07-07,3.74
10359,2003-07-08,3.75
10360,2003-07-09,3.73
10361,2003-07-10,3.7
10362,2003-07-11,3.66
10363,2003-07-14,3.74
10364,2003-07-15,3.94
10365,2003-07-16,3.97
10366,2003-07-17,3.98
10367,2003-07-18,4.0
10368,2003-07-21,4.19
10369,2003-07-22,4.17
10370,2003-07-23,4.12
10371,2003-07-24,4.2
10372,2003-07-25,4.22
10373,2003-07-28,4.31
10374,2003-07-29,4.42
10375,2003-07-30,4.34
10376,2003-07-31,4.49
10377,2003-08-01,4.44
10378,2003-08-04,4.35
10379,2003-08-05,4.47
10380,2003-08-06,4.32
10381,2003-08-07,4.3
10382,2003-08-08,4.27
10383,2003-08-11,4.38
10384,2003-08-12,4.37
10385,2003-08-13,4.58
10386,2003-08-14,4.55
10387,2003-08-15,4.55
10388,2003-08-18,4.49
10389,2003-08-19,4.38
10390,2003-08-20,4.45
10391,2003-08-21,4.53
10392,2003-08-22,4.48
10393,2003-08-25,4.53
10394,2003-08-26,4.5
10395,2003-08-27,4.54
10396,2003-08-28,4.42
10397,2003-08-29,4.45
10398,2003-09-02,4.61
10399,2003-09-03,4.6
10400,2003-09-04,4.52
10401,2003-09-05,4.35
10402,2003-09-08,4.41
10403,2003-09-09,4.37
10404,2003-09-10,4.28
10405,2003-09-11,4.35
10406,2003-09-12,4.27
10407,2003-09-15,4.28
10408,2003-09-16,4.29
10409,2003-09-17,4.2
10410,2003-09-18,4.19
10411,2003-09-19,4.17
10412,2003-09-22,4.26
10413,2003-09-23,4.24
10414,2003-09-24,4.16
10415,2003-09-25,4.12
10416,2003-09-26,4.04
10417,2003-09-29,4.09
10418,2003-09-30,3.96
10419,2003-10-01,3.96
10420,2003-10-02,4.03
10421,2003-10-03,4.21
10422,2003-10-06,4.17
10423,2003-10-07,4.27
10424,2003-10-08,4.27
10425,2003-10-09,4.32
10426,2003-10-10,4.29
10427,2003-10-14,4.37
10428,2003-10-15,4.43
10429,2003-10-16,4.47
10430,2003-10-17,4.41
10431,2003-10-20,4.41
10432,2003-10-21,4.38
10433,2003-10-22,4.29
10434,2003-10-23,4.34
10435,2003-10-24,4.24
10436,2003-10-27,4.3
10437,2003-10-28,4.23
10438,2003-10-29,4.31
10439,2003-10-30,4.36
10440,2003-10-31,4.33
10441,2003-11-03,4.4
10442,2003-11-04,4.33
10443,2003-11-05,4.38
10444,2003-11-06,4.45
10445,2003-11-07,4.48
10446,2003-11-10,4.49
10447,2003-11-12,4.44
10448,2003-11-13,4.3
10449,2003-11-14,4.22
10450,2003-11-17,4.18
10451,2003-11-18,4.17
10452,2003-11-19,4.24
10453,2003-11-20,4.16
10454,2003-11-21,4.15
10455,2003-11-24,4.23
10456,2003-11-25,4.19
10457,2003-11-26,4.25
10458,2003-11-28,4.34
10459,2003-12-01,4.4
10460,2003-12-02,4.38
10461,2003-12-03,4.41
10462,2003-12-04,4.38
10463,2003-12-05,4.23
10464,2003-12-08,4.29
10465,2003-12-09,4.32
10466,2003-12-10,4.3
10467,2003-12-11,4.27
10468,2003-12-12,4.26
10469,2003-12-15,4.28
10470,2003-12-16,4.24
10471,2003-12-17,4.19
10472,2003-12-18,4.16
10473,2003-12-19,4.15
10474,2003-12-22,4.18
10475,2003-12-23,4.28
10476,2003-12-24,4.2
10477,2003-12-26,4.17
10478,2003-12-29,4.24
10479,2003-12-30,4.29
10480,2003-12-31,4.27
10481,2004-01-02,4.38
10482,2004-01-05,4.41
10483,2004-01-06,4.29
10484,2004-01-07,4.27
10485,2004-01-08,4.27
10486,2004-01-09,4.11
10487,2004-01-12,4.11
10488,2004-01-13,4.05
10489,2004-01-14,4.01
10490,2004-01-15,3.99
10491,2004-01-16,4.04
10492,2004-01-20,4.08
10493,2004-01-21,4.05
10494,2004-01-22,3.99
10495,2004-01-23,4.09
10496,2004-01-26,4.16
10497,2004-01-27,4.11
10498,2004-01-28,4.22
10499,2004-01-29,4.22
10500,2004-01-30,4.16
10501,2004-02-02,4.18
10502,2004-02-03,4.13
10503,2004-02-04,4.15
10504,2004-02-05,4.2
10505,2004-02-06,4.12
10506,2004-02-09,4.09
10507,2004-02-10,4.13
10508,2004-02-11,4.05
10509,2004-02-12,4.1
10510,2004-02-13,4.05
10511,2004-02-17,4.05
10512,2004-02-18,4.05
10513,2004-02-19,4.05
10514,2004-02-20,4.1
10515,2004-02-23,4.05
10516,2004-02-24,4.04
10517,2004-02-25,4.02
10518,2004-02-26,4.05
10519,2004-02-27,3.99
10520,2004-03-01,4.0
10521,2004-03-02,4.05
10522,2004-03-03,4.07
10523,2004-03-04,4.04
10524,2004-03-05,3.85
10525,2004-03-08,3.78
10526,2004-03-09,3.73
10527,2004-03-10,3.74
10528,2004-03-11,3.74
10529,2004-03-12,3.78
10530,2004-03-15,3.78
10531,2004-03-16,3.7
10532,2004-03-17,3.71
10533,2004-03-18,3.76
10534,2004-03-19,3.8
10535,2004-03-22,3.74
10536,2004-03-23,3.73
10537,2004-03-24,3.73
10538,2004-03-25,3.75
10539,2004-03-26,3.85
10540,2004-03-29,3.91
10541,2004-03-30,3.91
10542,2004-03-31,3.86
10543,2004-04-01,3.91
10544,2004-04-02,4.15
10545,2004-04-05,4.24
10546,2004-04-06,4.19
10547,2004-04-07,4.19
10548,2004-04-08,4.21
10549,2004-04-12,4.25
10550,2004-04-13,4.35
10551,2004-04-14,4.4
10552,2004-04-15,4.42
10553,2004-04-16,4.37
10554,2004-04-19,4.39
10555,2004-04-20,4.43
10556,2004-04-21,4.45
10557,2004-04-22,4.4
10558,2004-04-23,4.48
10559,2004-04-26,4.46
10560,2004-04-27,4.43
10561,2004-04-28,4.5
10562,2004-04-29,4.55
10563,2004-04-30,4.53
10564,2004-05-03,4.53
10565,2004-05-04,4.56
10566,2004-05-05,4.61
10567,2004-05-06,4.63
10568,2004-05-07,4.79
10569,2004-05-10,4.81
10570,2004-05-11,4.79
10571,2004-05-12,4.83
10572,2004-05-13,4.85
10573,2004-05-14,4.79
10574,2004-05-17,4.7
10575,2004-05-18,4.74
10576,2004-05-19,4.79
10577,2004-05-20,4.72
10578,2004-05-21,4.76
10579,2004-05-24,4.75
10580,2004-05-25,4.73
10581,2004-05-26,4.67
10582,2004-05-27,4.6
10583,2004-05-28,4.66
10584,2004-06-01,4.71
10585,2004-06-02,4.74
10586,2004-06-03,4.71
10587,2004-06-04,4.78
10588,2004-06-07,4.78
10589,2004-06-08,4.78
10590,2004-06-09,4.82
10591,2004-06-10,4.81
10592,2004-06-14,4.89
10593,2004-06-15,4.69
10594,2004-06-16,4.74
10595,2004-06-17,4.71
10596,2004-06-18,4.72
10597,2004-06-21,4.7
10598,2004-06-22,4.72
10599,2004-06-23,4.71
10600,2004-06-24,4.66
10601,2004-06-25,4.66
10602,2004-06-28,4.76
10603,2004-06-29,4.7
10604,2004-06-30,4.62
10605,2004-07-01,4.57
10606,2004-07-02,4.48
10607,2004-07-06,4.49
10608,2004-07-07,4.5
10609,2004-07-08,4.49
10610,2004-07-09,4.49
10611,2004-07-12,4.46
10612,2004-07-13,4.5
10613,2004-07-14,4.5
10614,2004-07-15,4.5
10615,2004-07-16,4.38
10616,2004-07-19,4.38
10617,2004-07-20,4.47
10618,2004-07-21,4.5
10619,2004-07-22,4.48
10620,2004-07-23,4.45
10621,2004-07-26,4.49
10622,2004-07-27,4.62
10623,2004-07-28,4.61
10624,2004-07-29,4.6
10625,2004-07-30,4.5
10626,2004-08-02,4.48
10627,2004-08-03,4.45
10628,2004-08-04,4.45
10629,2004-08-05,4.43
10630,2004-08-06,4.24
10631,2004-08-09,4.28
10632,2004-08-10,4.32
10633,2004-08-11,4.3
10634,2004-08-12,4.27
10635,2004-08-13,4.22
10636,2004-08-16,4.26
10637,2004-08-17,4.21
10638,2004-08-18,4.23
10639,2004-08-19,4.22
10640,2004-08-20,4.24
10641,2004-08-23,4.28
10642,2004-08-24,4.28
10643,2004-08-25,4.26
10644,2004-08-26,4.22
10645,2004-08-27,4.23
10646,2004-08-30,4.19
10647,2004-08-31,4.13
10648,2004-09-01,4.13
10649,2004-09-02,4.2
10650,2004-09-03,4.3
10651,2004-09-07,4.26
10652,2004-09-08,4.18
10653,2004-09-09,4.22
10654,2004-09-10,4.19
10655,2004-09-13,4.16
10656,2004-09-14,4.15
10657,2004-09-15,4.18
10658,2004-09-16,4.08
10659,2004-09-17,4.14
10660,2004-09-20,4.07
10661,2004-09-21,4.05
10662,2004-09-22,4.0
10663,2004-09-23,4.02
10664,2004-09-24,4.04
10665,2004-09-27,4.01
10666,2004-09-28,4.02
10667,2004-09-29,4.1
10668,2004-09-30,4.14
10669,2004-10-01,4.21
10670,2004-10-04,4.19
10671,2004-10-05,4.18
10672,2004-10-06,4.23
10673,2004-10-07,4.26
10674,2004-10-08,4.15
10675,2004-10-12,4.12
10676,2004-10-13,4.09
10677,2004-10-14,4.03
10678,2004-10-15,4.07
10679,2004-10-18,4.07
10680,2004-10-19,4.07
10681,2004-10-20,4.01
10682,2004-10-21,4.01
10683,2004-10-22,4.0
10684,2004-10-25,3.99
10685,2004-10-26,4.01
10686,2004-10-27,4.11
10687,2004-10-28,4.09
10688,2004-10-29,4.05
10689,2004-11-01,4.11
10690,2004-11-02,4.1
10691,2004-11-03,4.09
10692,2004-11-04,4.1
10693,2004-11-05,4.21
10694,2004-11-08,4.22
10695,2004-11-09,4.22
10696,2004-11-10,4.25
10697,2004-11-12,4.2
10698,2004-11-15,4.2
10699,2004-11-16,4.21
10700,2004-11-17,4.14
10701,2004-11-18,4.12
10702,2004-11-19,4.2
10703,2004-11-22,4.18
10704,2004-11-23,4.19
10705,2004-11-24,4.2
10706,2004-11-26,4.24
10707,2004-11-29,4.34
10708,2004-11-30,4.36
10709,2004-12-01,4.38
10710,2004-12-02,4.4
10711,2004-12-03,4.27
10712,2004-12-06,4.24
10713,2004-12-07,4.23
10714,2004-12-08,4.14
10715,2004-12-09,4.19
10716,2004-12-10,4.16
10717,2004-12-13,4.16
10718,2004-12-14,4.14
10719,2004-12-15,4.09
10720,2004-12-16,4.19
10721,2004-12-17,4.21
10722,2004-12-20,4.21
10723,2004-12-21,4.18
10724,2004-12-22,4.21
10725,2004-12-23,4.23
10726,2004-12-27,4.3
10727,2004-12-28,4.31
10728,2004-12-29,4.33
10729,2004-12-30,4.27
10730,2004-12-31,4.24
10731,2005-01-03,4.23
10732,2005-01-04,4.29
10733,2005-01-05,4.29
10734,2005-01-06,4.29
10735,2005-01-07,4.29
10736,2005-01-10,4.29
10737,2005-01-11,4.26
10738,2005-01-12,4.25
10739,2005-01-13,4.2
10740,2005-01-14,4.23
10741,2005-01-18,4.21
10742,2005-01-19,4.2
10743,2005-01-20,4.17
10744,2005-01-21,4.16
10745,2005-01-24,4.14
10746,2005-01-25,4.2
10747,2005-01-26,4.21
10748,2005-01-27,4.22
10749,2005-01-28,4.16
10750,2005-01-31,4.14
10751,2005-02-01,4.15
10752,2005-02-02,4.15
10753,2005-02-03,4.18
10754,2005-02-04,4.09
10755,2005-02-07,4.07
10756,2005-02-08,4.05
10757,2005-02-09,4.0
10758,2005-02-10,4.07
10759,2005-02-11,4.1
10760,2005-02-14,4.08
10761,2005-02-15,4.1
10762,2005-02-16,4.16
10763,2005-02-17,4.19
10764,2005-02-18,4.27
10765,2005-02-22,4.29
10766,2005-02-23,4.27
10767,2005-02-24,4.29
10768,2005-02-25,4.27
10769,2005-02-28,4.36
10770,2005-03-01,4.38
10771,2005-03-02,4.38
10772,2005-03-03,4.39
10773,2005-03-04,4.32
10774,2005-03-07,4.31
10775,2005-03-08,4.38
10776,2005-03-09,4.52
10777,2005-03-10,4.48
10778,2005-03-11,4.56
10779,2005-03-14,4.52
10780,2005-03-15,4.54
10781,2005-03-16,4.52
10782,2005-03-17,4.47
10783,2005-03-18,4.51
10784,2005-03-21,4.53
10785,2005-03-22,4.63
10786,2005-03-23,4.61
10787,2005-03-24,4.6
10788,2005-03-28,4.64
10789,2005-03-29,4.6
10790,2005-03-30,4.56
10791,2005-03-31,4.5
10792,2005-04-01,4.46
10793,2005-04-04,4.47
10794,2005-04-05,4.48
10795,2005-04-06,4.44
10796,2005-04-07,4.49
10797,2005-04-08,4.5
10798,2005-04-11,4.45
10799,2005-04-12,4.38
10800,2005-04-13,4.38
10801,2005-04-14,4.37
10802,2005-04-15,4.27
10803,2005-04-18,4.27
10804,2005-04-19,4.21
10805,2005-04-20,4.22
10806,2005-04-21,4.32
10807,2005-04-22,4.26
10808,2005-04-25,4.26
10809,2005-04-26,4.28
10810,2005-04-27,4.25
10811,2005-04-28,4.19
10812,2005-04-29,4.21
10813,2005-05-02,4.21
10814,2005-05-03,4.21
10815,2005-05-04,4.2
10816,2005-05-05,4.19
10817,2005-05-06,4.28
10818,2005-05-09,4.29
10819,2005-05-10,4.23
10820,2005-05-11,4.21
10821,2005-05-12,4.18
10822,2005-05-13,4.12
10823,2005-05-16,4.13
10824,2005-05-17,4.12
10825,2005-05-18,4.07
10826,2005-05-19,4.11
10827,2005-05-20,4.13
10828,2005-05-23,4.07
10829,2005-05-24,4.04
10830,2005-05-25,4.08
10831,2005-05-26,4.08
10832,2005-05-27,4.08
10833,2005-05-31,4.0
10834,2005-06-01,3.91
10835,2005-06-02,3.89
10836,2005-06-03,3.98
10837,2005-06-06,3.96
10838,2005-06-07,3.92
10839,2005-06-08,3.95
10840,2005-06-09,3.98
10841,2005-06-10,4.05
10842,2005-06-13,4.09
10843,2005-06-14,4.13
10844,2005-06-15,4.12
10845,2005-06-16,4.09
10846,2005-06-17,4.09
10847,2005-06-20,4.11
10848,2005-06-21,4.06
10849,2005-06-22,3.95
10850,2005-06-23,3.96
10851,2005-06-24,3.92
10852,2005-06-27,3.9
10853,2005-06-28,3.97
10854,2005-06-29,3.99
10855,2005-06-30,3.94
10856,2005-07-01,4.06
10857,2005-07-05,4.11
10858,2005-07-06,4.08
10859,2005-07-07,4.05
10860,2005-07-08,4.11
10861,2005-07-11,4.11
10862,2005-07-12,4.15
10863,2005-07-13,4.17
10864,2005-07-14,4.19
10865,2005-07-15,4.18
10866,2005-07-18,4.22
10867,2005-07-19,4.2
10868,2005-07-20,4.17
10869,2005-07-21,4.28
10870,2005-07-22,4.23
10871,2005-07-25,4.25
10872,2005-07-26,4.24
10873,2005-07-27,4.27
10874,2005-07-28,4.2
10875,2005-07-29,4.28
10876,2005-08-01,4.32
10877,2005-08-02,4.34
10878,2005-08-03,4.3
10879,2005-08-04,4.32
10880,2005-08-05,4.4
10881,2005-08-08,4.42
10882,2005-08-09,4.41
10883,2005-08-10,4.4
10884,2005-08-11,4.32
10885,2005-08-12,4.24
10886,2005-08-15,4.27
10887,2005-08-16,4.23
10888,2005-08-17,4.28
10889,2005-08-18,4.21
10890,2005-08-19,4.21
10891,2005-08-22,4.22
10892,2005-08-23,4.2
10893,2005-08-24,4.19
10894,2005-08-25,4.18
10895,2005-08-26,4.2
10896,2005-08-29,4.2
10897,2005-08-30,4.16
10898,2005-08-31,4.02
10899,2005-09-01,4.02
10900,2005-09-02,4.03
10901,2005-09-06,4.09
10902,2005-09-07,4.15
10903,2005-09-08,4.15
10904,2005-09-09,4.14
10905,2005-09-12,4.18
10906,2005-09-13,4.14
10907,2005-09-14,4.17
10908,2005-09-15,4.22
10909,2005-09-16,4.26
10910,2005-09-19,4.25
10911,2005-09-20,4.26
10912,2005-09-21,4.19
10913,2005-09-22,4.19
10914,2005-09-23,4.25
10915,2005-09-26,4.3
10916,2005-09-27,4.3
10917,2005-09-28,4.26
10918,2005-09-29,4.29
10919,2005-09-30,4.34
10920,2005-10-03,4.39
10921,2005-10-04,4.38
10922,2005-10-05,4.36
10923,2005-10-06,4.37
10924,2005-10-07,4.35
10925,2005-10-11,4.39
10926,2005-10-12,4.45
10927,2005-10-13,4.48
10928,2005-10-14,4.48
10929,2005-10-17,4.5
10930,2005-10-18,4.49
10931,2005-10-19,4.47
10932,2005-10-20,4.46
10933,2005-10-21,4.39
10934,2005-10-24,4.45
10935,2005-10-25,4.54
10936,2005-10-26,4.6
10937,2005-10-27,4.57
10938,2005-10-28,4.58
10939,2005-10-31,4.57
10940,2005-11-01,4.58
10941,2005-11-02,4.61
10942,2005-11-03,4.65
10943,2005-11-04,4.66
10944,2005-11-07,4.65
10945,2005-11-08,4.57
10946,2005-11-09,4.64
10947,2005-11-10,4.55
10948,2005-11-14,4.61
10949,2005-11-15,4.56
10950,2005-11-16,4.49
10951,2005-11-17,4.46
10952,2005-11-18,4.5
10953,2005-11-21,4.46
10954,2005-11-22,4.43
10955,2005-11-23,4.47
10956,2005-11-25,4.43
10957,2005-11-28,4.41
10958,2005-11-29,4.48
10959,2005-11-30,4.49
10960,2005-12-01,4.52
10961,2005-12-02,4.52
10962,2005-12-05,4.57
10963,2005-12-06,4.49
10964,2005-12-07,4.52
10965,2005-12-08,4.47
10966,2005-12-09,4.54
10967,2005-12-12,4.56
10968,2005-12-13,4.54
10969,2005-12-14,4.45
10970,2005-12-15,4.47
10971,2005-12-16,4.45
10972,2005-12-19,4.45
10973,2005-12-20,4.47
10974,2005-12-21,4.49
10975,2005-12-22,4.44
10976,2005-12-23,4.38
10977,2005-12-27,4.34
10978,2005-12-28,4.38
10979,2005-12-29,4.37
10980,2005-12-30,4.39
10981,2006-01-03,4.37
10982,2006-01-04,4.36
10983,2006-01-05,4.36
10984,2006-01-06,4.38
10985,2006-01-09,4.38
10986,2006-01-10,4.43
10987,2006-01-11,4.46
10988,2006-01-12,4.42
10989,2006-01-13,4.36
10990,2006-01-17,4.34
10991,2006-01-18,4.34
10992,2006-01-19,4.38
10993,2006-01-20,4.37
10994,2006-01-23,4.36
10995,2006-01-24,4.4
10996,2006-01-25,4.49
10997,2006-01-26,4.53
10998,2006-01-27,4.52
10999,2006-01-30,4.54
11000,2006-01-31,4.53
11001,2006-02-01,4.57
11002,2006-02-02,4.57
11003,2006-02-03,4.54
11004,2006-02-06,4.55
11005,2006-02-07,4.57
11006,2006-02-08,4.56
11007,2006-02-09,4.54
11008,2006-02-10,4.59
11009,2006-02-13,4.58
11010,2006-02-14,4.62
11011,2006-02-15,4.61
11012,2006-02-16,4.59
11013,2006-02-17,4.54
11014,2006-02-21,4.57
11015,2006-02-22,4.53
11016,2006-02-23,4.56
11017,2006-02-24,4.58
11018,2006-02-27,4.59
11019,2006-02-28,4.55
11020,2006-03-01,4.59
11021,2006-03-02,4.64
11022,2006-03-03,4.68
11023,2006-03-06,4.74
11024,2006-03-07,4.74
11025,2006-03-08,4.73
11026,2006-03-09,4.74
11027,2006-03-10,4.76
11028,2006-03-13,4.77
11029,2006-03-14,4.71
11030,2006-03-15,4.73
11031,2006-03-16,4.65
11032,2006-03-17,4.68
11033,2006-03-20,4.66
11034,2006-03-21,4.71
11035,2006-03-22,4.7
11036,2006-03-23,4.73
11037,2006-03-24,4.67
11038,2006-03-27,4.7
11039,2006-03-28,4.79
11040,2006-03-29,4.81
11041,2006-03-30,4.86
11042,2006-03-31,4.86
11043,2006-04-03,4.88
11044,2006-04-04,4.87
11045,2006-04-05,4.84
11046,2006-04-06,4.9
11047,2006-04-07,4.97
11048,2006-04-10,4.97
11049,2006-04-11,4.93
11050,2006-04-12,4.98
11051,2006-04-13,5.05
11052,2006-04-17,5.01
11053,2006-04-18,4.99
11054,2006-04-19,5.04
11055,2006-04-20,5.04
11056,2006-04-21,5.01
11057,2006-04-24,4.99
11058,2006-04-25,5.07
11059,2006-04-26,5.12
11060,2006-04-27,5.09
11061,2006-04-28,5.07
11062,2006-05-01,5.14
11063,2006-05-02,5.12
11064,2006-05-03,5.15
11065,2006-05-04,5.16
11066,2006-05-05,5.12
11067,2006-05-08,5.12
11068,2006-05-09,5.13
11069,2006-05-10,5.13
11070,2006-05-11,5.14
11071,2006-05-12,5.19
11072,2006-05-15,5.15
11073,2006-05-16,5.1
11074,2006-05-17,5.16
11075,2006-05-18,5.08
11076,2006-05-19,5.05
11077,2006-05-22,5.04
11078,2006-05-23,5.07
11079,2006-05-24,5.03
11080,2006-05-25,5.07
11081,2006-05-26,5.06
11082,2006-05-30,5.09
11083,2006-05-31,5.12
11084,2006-06-01,5.11
11085,2006-06-02,5.0
11086,2006-06-05,5.02
11087,2006-06-06,5.01
11088,2006-06-07,5.02
11089,2006-06-08,5.0
11090,2006-06-09,4.98
11091,2006-06-12,4.99
11092,2006-06-13,4.97
11093,2006-06-14,5.05
11094,2006-06-15,5.1
11095,2006-06-16,5.13
11096,2006-06-19,5.14
11097,2006-06-20,5.15
11098,2006-06-21,5.16
11099,2006-06-22,5.2
11100,2006-06-23,5.23
11101,2006-06-26,5.25
11102,2006-06-27,5.21
11103,2006-06-28,5.25
11104,2006-06-29,5.22
11105,2006-06-30,5.15
11106,2006-07-03,5.15
11107,2006-07-05,5.23
11108,2006-07-06,5.19
11109,2006-07-07,5.14
11110,2006-07-10,5.13
11111,2006-07-11,5.1
11112,2006-07-12,5.1
11113,2006-07-13,5.08
11114,2006-07-14,5.07
11115,2006-07-17,5.07
11116,2006-07-18,5.13
11117,2006-07-19,5.06
11118,2006-07-20,5.03
11119,2006-07-21,5.05
11120,2006-07-24,5.05
11121,2006-07-25,5.07
11122,2006-07-26,5.04
11123,2006-07-27,5.07
11124,2006-07-28,5.0
11125,2006-07-31,4.99
11126,2006-08-01,4.99
11127,2006-08-02,4.96
11128,2006-08-03,4.96
11129,2006-08-04,4.91
11130,2006-08-07,4.93
11131,2006-08-08,4.93
11132,2006-08-09,4.92
11133,2006-08-10,4.93
11134,2006-08-11,4.97
11135,2006-08-14,5.0
11136,2006-08-15,4.93
11137,2006-08-16,4.87
11138,2006-08-17,4.87
11139,2006-08-18,4.84
11140,2006-08-21,4.82
11141,2006-08-22,4.82
11142,2006-08-23,4.82
11143,2006-08-24,4.81
11144,2006-08-25,4.79
11145,2006-08-28,4.8
11146,2006-08-29,4.79
11147,2006-08-30,4.76
11148,2006-08-31,4.74
11149,2006-09-01,4.73
11150,2006-09-05,4.78
11151,2006-09-06,4.8
11152,2006-09-07,4.8
11153,2006-09-08,4.78
11154,2006-09-11,4.8
11155,2006-09-12,4.78
11156,2006-09-13,4.77
11157,2006-09-14,4.79
11158,2006-09-15,4.8
11159,2006-09-18,4.81
11160,2006-09-19,4.74
11161,2006-09-20,4.73
11162,2006-09-21,4.65
11163,2006-09-22,4.6
11164,2006-09-25,4.56
11165,2006-09-26,4.59
11166,2006-09-27,4.6
11167,2006-09-28,4.63
11168,2006-09-29,4.64
11169,2006-10-02,4.62
11170,2006-10-03,4.62
11171,2006-10-04,4.57
11172,2006-10-05,4.61
11173,2006-10-06,4.7
11174,2006-10-10,4.75
11175,2006-10-11,4.78
11176,2006-10-12,4.79
11177,2006-10-13,4.81
11178,2006-10-16,4.79
11179,2006-10-17,4.78
11180,2006-10-18,4.77
11181,2006-10-19,4.79
11182,2006-10-20,4.79
11183,2006-10-23,4.83
11184,2006-10-24,4.83
11185,2006-10-25,4.78
11186,2006-10-26,4.73
11187,2006-10-27,4.68
11188,2006-10-30,4.68
11189,2006-10-31,4.61
11190,2006-11-01,4.57
11191,2006-11-02,4.6
11192,2006-11-03,4.72
11193,2006-11-06,4.71
11194,2006-11-07,4.66
11195,2006-11-08,4.64
11196,2006-11-09,4.62
11197,2006-11-10,4.59
11198,2006-11-13,4.61
11199,2006-11-14,4.57
11200,2006-11-15,4.61
11201,2006-11-16,4.66
11202,2006-11-17,4.61
11203,2006-11-20,4.6
11204,2006-11-21,4.58
11205,2006-11-22,4.57
11206,2006-11-24,4.55
11207,2006-11-27,4.54
11208,2006-11-28,4.51
11209,2006-11-29,4.52
11210,2006-11-30,4.46
11211,2006-12-01,4.43
11212,2006-12-04,4.43
11213,2006-12-05,4.45
11214,2006-12-06,4.48
11215,2006-12-07,4.49
11216,2006-12-08,4.56
11217,2006-12-11,4.52
11218,2006-12-12,4.49
11219,2006-12-13,4.58
11220,2006-12-14,4.6
11221,2006-12-15,4.6
11222,2006-12-18,4.6
11223,2006-12-19,4.6
11224,2006-12-20,4.6
11225,2006-12-21,4.55
11226,2006-12-22,4.63
11227,2006-12-26,4.61
11228,2006-12-27,4.66
11229,2006-12-28,4.7
11230,2006-12-29,4.71
11231,2007-01-02,4.68
11232,2007-01-03,4.67
11233,2007-01-04,4.62
11234,2007-01-05,4.65
11235,2007-01-08,4.66
11236,2007-01-09,4.66
11237,2007-01-10,4.69
11238,2007-01-11,4.74
11239,2007-01-12,4.77
11240,2007-01-16,4.75
11241,2007-01-17,4.79
11242,2007-01-18,4.75
11243,2007-01-19,4.78
11244,2007-01-22,4.76
11245,2007-01-23,4.81
11246,2007-01-24,4.81
11247,2007-01-25,4.87
11248,2007-01-26,4.88
11249,2007-01-29,4.9
11250,2007-01-30,4.88
11251,2007-01-31,4.83
11252,2007-02-01,4.84
11253,2007-02-02,4.83
11254,2007-02-05,4.81
11255,2007-02-06,4.77
11256,2007-02-07,4.74
11257,2007-02-08,4.73
11258,2007-02-09,4.79
11259,2007-02-12,4.8
11260,2007-02-13,4.82
11261,2007-02-14,4.74
11262,2007-02-15,4.7
11263,2007-02-16,4.69
11264,2007-02-20,4.68
11265,2007-02-21,4.69
11266,2007-02-22,4.73
11267,2007-02-23,4.68
11268,2007-02-26,4.63
11269,2007-02-27,4.5
11270,2007-02-28,4.56
11271,2007-03-01,4.56
11272,2007-03-02,4.52
11273,2007-03-05,4.51
11274,2007-03-06,4.53
11275,2007-03-07,4.5
11276,2007-03-08,4.51
11277,2007-03-09,4.59
11278,2007-03-12,4.56
11279,2007-03-13,4.5
11280,2007-03-14,4.53
11281,2007-03-15,4.54
11282,2007-03-16,4.55
11283,2007-03-19,4.58
11284,2007-03-20,4.56
11285,2007-03-21,4.53
11286,2007-03-22,4.6
11287,2007-03-23,4.62
11288,2007-03-26,4.6
11289,2007-03-27,4.62
11290,2007-03-28,4.62
11291,2007-03-29,4.64
11292,2007-03-30,4.65
11293,2007-04-02,4.65
11294,2007-04-03,4.67
11295,2007-04-04,4.66
11296,2007-04-05,4.68
11297,2007-04-06,4.76
11298,2007-04-09,4.75
11299,2007-04-10,4.73
11300,2007-04-11,4.74
11301,2007-04-12,4.74
11302,2007-04-13,4.76
11303,2007-04-16,4.74
11304,2007-04-17,4.69
11305,2007-04-18,4.66
11306,2007-04-19,4.68
11307,2007-04-20,4.68
11308,2007-04-23,4.66
11309,2007-04-24,4.63
11310,2007-04-25,4.66
11311,2007-04-26,4.69
11312,2007-04-27,4.71
11313,2007-04-30,4.63
11314,2007-05-01,4.64
11315,2007-05-02,4.65
11316,2007-05-03,4.68
11317,2007-05-04,4.65
11318,2007-05-07,4.64
11319,2007-05-08,4.63
11320,2007-05-09,4.67
11321,2007-05-10,4.65
11322,2007-05-11,4.67
11323,2007-05-14,4.69
11324,2007-05-15,4.71
11325,2007-05-16,4.71
11326,2007-05-17,4.76
11327,2007-05-18,4.81
11328,2007-05-21,4.79
11329,2007-05-22,4.83
11330,2007-05-23,4.86
11331,2007-05-24,4.86
11332,2007-05-25,4.86
11333,2007-05-29,4.88
11334,2007-05-30,4.88
11335,2007-05-31,4.9
11336,2007-06-01,4.95
11337,2007-06-04,4.93
11338,2007-06-05,4.98
11339,2007-06-06,4.97
11340,2007-06-07,5.11
11341,2007-06-08,5.12
11342,2007-06-11,5.14
11343,2007-06-12,5.26
11344,2007-06-13,5.2
11345,2007-06-14,5.23
11346,2007-06-15,5.16
11347,2007-06-18,5.15
11348,2007-06-19,5.09
11349,2007-06-20,5.14
11350,2007-06-21,5.16
11351,2007-06-22,5.14
11352,2007-06-25,5.09
11353,2007-06-26,5.1
11354,2007-06-27,5.09
11355,2007-06-28,5.12
11356,2007-06-29,5.03
11357,2007-07-02,5.0
11358,2007-07-03,5.05
11359,2007-07-05,5.16
11360,2007-07-06,5.19
11361,2007-07-09,5.16
11362,2007-07-10,5.03
11363,2007-07-11,5.09
11364,2007-07-12,5.13
11365,2007-07-13,5.11
11366,2007-07-16,5.05
11367,2007-07-17,5.08
11368,2007-07-18,5.02
11369,2007-07-19,5.04
11370,2007-07-20,4.96
11371,2007-07-23,4.97
11372,2007-07-24,4.94
11373,2007-07-25,4.92
11374,2007-07-26,4.79
11375,2007-07-27,4.8
11376,2007-07-30,4.82
11377,2007-07-31,4.78
11378,2007-08-01,4.76
11379,2007-08-02,4.77
11380,2007-08-03,4.71
11381,2007-08-06,4.72
11382,2007-08-07,4.77
11383,2007-08-08,4.84
11384,2007-08-09,4.79
11385,2007-08-10,4.81
11386,2007-08-13,4.78
11387,2007-08-14,4.73
11388,2007-08-15,4.69
11389,2007-08-16,4.6
11390,2007-08-17,4.68
11391,2007-08-20,4.64
11392,2007-08-21,4.6
11393,2007-08-22,4.63
11394,2007-08-23,4.62
11395,2007-08-24,4.63
11396,2007-08-27,4.6
11397,2007-08-28,4.53
11398,2007-08-29,4.57
11399,2007-08-30,4.51
11400,2007-08-31,4.54
11401,2007-09-04,4.56
11402,2007-09-05,4.48
11403,2007-09-06,4.51
11404,2007-09-07,4.38
11405,2007-09-10,4.34
11406,2007-09-11,4.37
11407,2007-09-12,4.41
11408,2007-09-13,4.49
11409,2007-09-14,4.47
11410,2007-09-17,4.48
11411,2007-09-18,4.5
11412,2007-09-19,4.53
11413,2007-09-20,4.69
11414,2007-09-21,4.64
11415,2007-09-24,4.63
11416,2007-09-25,4.63
11417,2007-09-26,4.63
11418,2007-09-27,4.58
11419,2007-09-28,4.59
11420,2007-10-01,4.56
11421,2007-10-02,4.54
11422,2007-10-03,4.55
11423,2007-10-04,4.54
11424,2007-10-05,4.65
11425,2007-10-09,4.67
11426,2007-10-10,4.65
11427,2007-10-11,4.66
11428,2007-10-12,4.7
11429,2007-10-15,4.69
11430,2007-10-16,4.66
11431,2007-10-17,4.57
11432,2007-10-18,4.52
11433,2007-10-19,4.41
11434,2007-10-22,4.42
11435,2007-10-23,4.41
11436,2007-10-24,4.36
11437,2007-10-25,4.37
11438,2007-10-26,4.41
11439,2007-10-29,4.39
11440,2007-10-30,4.4
11441,2007-10-31,4.48
11442,2007-11-01,4.36
11443,2007-11-02,4.31
11444,2007-11-05,4.35
11445,2007-11-06,4.38
11446,2007-11-07,4.34
11447,2007-11-08,4.28
11448,2007-11-09,4.23
11449,2007-11-13,4.26
11450,2007-11-14,4.28
11451,2007-11-15,4.17
11452,2007-11-16,4.15
11453,2007-11-19,4.07
11454,2007-11-20,4.06
11455,2007-11-21,4.0
11456,2007-11-23,4.01
11457,2007-11-26,3.83
11458,2007-11-27,3.95
11459,2007-11-28,4.03
11460,2007-11-29,3.94
11461,2007-11-30,3.97
11462,2007-12-03,3.89
11463,2007-12-04,3.89
11464,2007-12-05,3.92
11465,2007-12-06,4.02
11466,2007-12-07,4.12
11467,2007-12-10,4.15
11468,2007-12-11,3.98
11469,2007-12-12,4.05
11470,2007-12-13,4.18
11471,2007-12-14,4.24
11472,2007-12-17,4.2
11473,2007-12-18,4.14
11474,2007-12-19,4.06
11475,2007-12-20,4.04
11476,2007-12-21,4.18
11477,2007-12-24,4.23
11478,2007-12-26,4.3
11479,2007-12-27,4.21
11480,2007-12-28,4.11
11481,2007-12-31,4.04
11482,2008-01-02,3.91
11483,2008-01-03,3.91
11484,2008-01-04,3.88
11485,2008-01-07,3.86
11486,2008-01-08,3.86
11487,2008-01-09,3.82
11488,2008-01-10,3.91
11489,2008-01-11,3.82
11490,2008-01-14,3.81
11491,2008-01-15,3.72
11492,2008-01-16,3.74
11493,2008-01-17,3.66
11494,2008-01-18,3.66
11495,2008-01-22,3.52
11496,2008-01-23,3.51
11497,2008-01-24,3.68
11498,2008-01-25,3.61
11499,2008-01-28,3.61
11500,2008-01-29,3.69
11501,2008-01-30,3.78
11502,2008-01-31,3.67
11503,2008-02-01,3.62
11504,2008-02-04,3.68
11505,2008-02-05,3.61
11506,2008-02-06,3.61
11507,2008-02-07,3.74
11508,2008-02-08,3.64
11509,2008-02-11,3.62
11510,2008-02-12,3.66
11511,2008-02-13,3.7
11512,2008-02-14,3.85
11513,2008-02-15,3.76
11514,2008-02-19,3.89
11515,2008-02-20,3.93
11516,2008-02-21,3.77
11517,2008-02-22,3.79
11518,2008-02-25,3.91
11519,2008-02-26,3.88
11520,2008-02-27,3.85
11521,2008-02-28,3.71
11522,2008-02-29,3.53
11523,2008-03-03,3.54
11524,2008-03-04,3.63
11525,2008-03-05,3.7
11526,2008-03-06,3.62
11527,2008-03-07,3.56
11528,2008-03-10,3.46
11529,2008-03-11,3.6
11530,2008-03-12,3.49
11531,2008-03-13,3.56
11532,2008-03-14,3.44
11533,2008-03-17,3.34
11534,2008-03-18,3.48
11535,2008-03-19,3.38
11536,2008-03-20,3.34
11537,2008-03-24,3.56
11538,2008-03-25,3.51
11539,2008-03-26,3.51
11540,2008-03-27,3.56
11541,2008-03-28,3.47
11542,2008-03-31,3.45
11543,2008-04-01,3.57
11544,2008-04-02,3.6
11545,2008-04-03,3.61
11546,2008-04-04,3.5
11547,2008-04-07,3.57
11548,2008-04-08,3.58
11549,2008-04-09,3.49
11550,2008-04-10,3.55
11551,2008-04-11,3.49
11552,2008-04-14,3.53
11553,2008-04-15,3.6
11554,2008-04-16,3.72
11555,2008-04-17,3.75
11556,2008-04-18,3.77
11557,2008-04-21,3.75
11558,2008-04-22,3.74
11559,2008-04-23,3.77
11560,2008-04-24,3.87
11561,2008-04-25,3.91
11562,2008-04-28,3.86
11563,2008-04-29,3.85
11564,2008-04-30,3.77
11565,2008-05-01,3.78
11566,2008-05-02,3.89
11567,2008-05-05,3.88
11568,2008-05-06,3.93
11569,2008-05-07,3.87
11570,2008-05-08,3.79
11571,2008-05-09,3.77
11572,2008-05-12,3.78
11573,2008-05-13,3.9
11574,2008-05-14,3.92
11575,2008-05-15,3.83
11576,2008-05-16,3.85
11577,2008-05-19,3.83
11578,2008-05-20,3.78
11579,2008-05-21,3.81
11580,2008-05-22,3.92
11581,2008-05-23,3.85
11582,2008-05-27,3.93
11583,2008-05-28,4.03
11584,2008-05-29,4.08
11585,2008-05-30,4.06
11586,2008-06-02,3.98
11587,2008-06-03,3.92
11588,2008-06-04,3.98
11589,2008-06-05,4.06
11590,2008-06-06,3.94
11591,2008-06-09,4.02
11592,2008-06-10,4.11
11593,2008-06-11,4.1
11594,2008-06-12,4.23
11595,2008-06-13,4.27
11596,2008-06-16,4.25
11597,2008-06-17,4.23
11598,2008-06-18,4.16
11599,2008-06-19,4.22
11600,2008-06-20,4.16
11601,2008-06-23,4.19
11602,2008-06-24,4.1
11603,2008-06-25,4.12
11604,2008-06-26,4.07
11605,2008-06-27,3.99
11606,2008-06-30,3.99
11607,2008-07-01,4.01
11608,2008-07-02,3.99
11609,2008-07-03,3.99
11610,2008-07-07,3.95
11611,2008-07-08,3.91
11612,2008-07-09,3.85
11613,2008-07-10,3.83
11614,2008-07-11,3.96
11615,2008-07-14,3.9
11616,2008-07-15,3.87
11617,2008-07-16,3.97
11618,2008-07-17,4.07
11619,2008-07-18,4.11
11620,2008-07-21,4.09
11621,2008-07-22,4.14
11622,2008-07-23,4.16
11623,2008-07-24,4.03
11624,2008-07-25,4.13
11625,2008-07-28,4.06
11626,2008-07-29,4.09
11627,2008-07-30,4.07
11628,2008-07-31,3.99
11629,2008-08-01,3.97
11630,2008-08-04,3.98
11631,2008-08-05,4.04
11632,2008-08-06,4.06
11633,2008-08-07,3.92
11634,2008-08-08,3.94
11635,2008-08-11,3.99
11636,2008-08-12,3.91
11637,2008-08-13,3.94
11638,2008-08-14,3.89
11639,2008-08-15,3.84
11640,2008-08-18,3.82
11641,2008-08-19,3.83
11642,2008-08-20,3.79
11643,2008-08-21,3.84
11644,2008-08-22,3.87
11645,2008-08-25,3.79
11646,2008-08-26,3.79
11647,2008-08-27,3.77
11648,2008-08-28,3.79
11649,2008-08-29,3.83
11650,2008-09-02,3.74
11651,2008-09-03,3.71
11652,2008-09-04,3.64
11653,2008-09-05,3.66
11654,2008-09-08,3.66
11655,2008-09-09,3.62
11656,2008-09-10,3.65
11657,2008-09-11,3.64
11658,2008-09-12,3.74
11659,2008-09-15,3.47
11660,2008-09-16,3.48
11661,2008-09-17,3.41
11662,2008-09-18,3.54
11663,2008-09-19,3.78
11664,2008-09-22,3.83
11665,2008-09-23,3.85
11666,2008-09-24,3.8
11667,2008-09-25,3.88
11668,2008-09-26,3.85
11669,2008-09-29,3.61
11670,2008-09-30,3.85
11671,2008-10-01,3.77
11672,2008-10-02,3.66
11673,2008-10-03,3.63
11674,2008-10-06,3.48
11675,2008-10-07,3.5
11676,2008-10-08,3.72
11677,2008-10-09,3.84
11678,2008-10-10,3.89
11679,2008-10-14,4.08
11680,2008-10-15,4.04
11681,2008-10-16,3.99
11682,2008-10-17,3.98
11683,2008-10-20,3.91
11684,2008-10-21,3.76
11685,2008-10-22,3.65
11686,2008-10-23,3.63
11687,2008-10-24,3.76
11688,2008-10-27,3.79
11689,2008-10-28,3.89
11690,2008-10-29,3.93
11691,2008-10-30,4.0
11692,2008-10-31,4.01
11693,2008-11-03,3.96
11694,2008-11-04,3.81
11695,2008-11-05,3.73
11696,2008-11-06,3.75
11697,2008-11-07,3.83
11698,2008-11-10,3.82
11699,2008-11-12,3.75
11700,2008-11-13,3.84
11701,2008-11-14,3.72
11702,2008-11-17,3.68
11703,2008-11-18,3.53
11704,2008-11-19,3.38
11705,2008-11-20,3.1
11706,2008-11-21,3.2
11707,2008-11-24,3.35
11708,2008-11-25,3.11
11709,2008-11-26,2.99
11710,2008-11-28,2.93
11711,2008-12-01,2.72
11712,2008-12-02,2.68
11713,2008-12-03,2.67
11714,2008-12-04,2.55
11715,2008-12-05,2.67
11716,2008-12-08,2.77
11717,2008-12-09,2.67
11718,2008-12-10,2.69
11719,2008-12-11,2.64
11720,2008-12-12,2.6
11721,2008-12-15,2.53
11722,2008-12-16,2.37
11723,2008-12-17,2.2
11724,2008-12-18,2.08
11725,2008-12-19,2.13
11726,2008-12-22,2.16
11727,2008-12-23,2.18
11728,2008-12-24,2.2
11729,2008-12-26,2.16
11730,2008-12-29,2.13
11731,2008-12-30,2.11
11732,2008-12-31,2.25
11733,2009-01-02,2.46
11734,2009-01-05,2.49
11735,2009-01-06,2.51
11736,2009-01-07,2.52
11737,2009-01-08,2.47
11738,2009-01-09,2.43
11739,2009-01-12,2.34
11740,2009-01-13,2.33
11741,2009-01-14,2.24
11742,2009-01-15,2.23
11743,2009-01-16,2.36
11744,2009-01-20,2.4
11745,2009-01-21,2.56
11746,2009-01-22,2.62
11747,2009-01-23,2.65
11748,2009-01-26,2.7
11749,2009-01-27,2.59
11750,2009-01-28,2.71
11751,2009-01-29,2.87
11752,2009-01-30,2.87
11753,2009-02-02,2.76
11754,2009-02-03,2.89
11755,2009-02-04,2.95
11756,2009-02-05,2.95
11757,2009-02-06,3.05
11758,2009-02-09,3.07
11759,2009-02-10,2.9
11760,2009-02-11,2.78
11761,2009-02-12,2.75
11762,2009-02-13,2.89
11763,2009-02-17,2.64
11764,2009-02-18,2.74
11765,2009-02-19,2.85
11766,2009-02-20,2.78
11767,2009-02-23,2.78
11768,2009-02-24,2.8
11769,2009-02-25,2.95
11770,2009-02-26,2.98
11771,2009-02-27,3.02
11772,2009-03-02,2.91
11773,2009-03-03,2.93
11774,2009-03-04,3.01
11775,2009-03-05,2.83
11776,2009-03-06,2.83
11777,2009-03-09,2.89
11778,2009-03-10,2.99
11779,2009-03-11,2.95
11780,2009-03-12,2.89
11781,2009-03-13,2.89
11782,2009-03-16,2.97
11783,2009-03-17,3.02
11784,2009-03-18,2.51
11785,2009-03-19,2.61
11786,2009-03-20,2.65
11787,2009-03-23,2.68
11788,2009-03-24,2.68
11789,2009-03-25,2.81
11790,2009-03-26,2.76
11791,2009-03-27,2.78
11792,2009-03-30,2.73
11793,2009-03-31,2.71
11794,2009-04-01,2.68
11795,2009-04-02,2.77
11796,2009-04-03,2.91
11797,2009-04-06,2.95
11798,2009-04-07,2.93
11799,2009-04-08,2.86
11800,2009-04-09,2.96
11801,2009-04-13,2.88
11802,2009-04-14,2.8
11803,2009-04-15,2.82
11804,2009-04-16,2.86
11805,2009-04-17,2.98
11806,2009-04-20,2.88
11807,2009-04-21,2.94
11808,2009-04-22,2.98
11809,2009-04-23,2.96
11810,2009-04-24,3.03
11811,2009-04-27,2.95
11812,2009-04-28,3.05
11813,2009-04-29,3.12
11814,2009-04-30,3.16
11815,2009-05-01,3.21
11816,2009-05-04,3.19
11817,2009-05-05,3.2
11818,2009-05-06,3.18
11819,2009-05-07,3.29
11820,2009-05-08,3.29
11821,2009-05-11,3.17
11822,2009-05-12,3.17
11823,2009-05-13,3.11
11824,2009-05-14,3.1
11825,2009-05-15,3.14
11826,2009-05-18,3.22
11827,2009-05-19,3.25
11828,2009-05-20,3.19
11829,2009-05-21,3.35
11830,2009-05-22,3.45
11831,2009-05-26,3.5
11832,2009-05-27,3.71
11833,2009-05-28,3.67
11834,2009-05-29,3.47
11835,2009-06-01,3.71
11836,2009-06-02,3.65
11837,2009-06-03,3.56
11838,2009-06-04,3.72
11839,2009-06-05,3.84
11840,2009-06-08,3.91
11841,2009-06-09,3.86
11842,2009-06-10,3.98
11843,2009-06-11,3.88
11844,2009-06-12,3.81
11845,2009-06-15,3.76
11846,2009-06-16,3.67
11847,2009-06-17,3.68
11848,2009-06-18,3.86
11849,2009-06-19,3.79
11850,2009-06-22,3.72
11851,2009-06-23,3.65
11852,2009-06-24,3.72
11853,2009-06-25,3.55
11854,2009-06-26,3.52
11855,2009-06-29,3.51
11856,2009-06-30,3.53
11857,2009-07-01,3.55
11858,2009-07-02,3.51
11859,2009-07-06,3.52
11860,2009-07-07,3.47
11861,2009-07-08,3.33
11862,2009-07-09,3.44
11863,2009-07-10,3.32
11864,2009-07-13,3.38
11865,2009-07-14,3.5
11866,2009-07-15,3.63
11867,2009-07-16,3.59
11868,2009-07-17,3.67
11869,2009-07-20,3.61
11870,2009-07-21,3.5
11871,2009-07-22,3.58
11872,2009-07-23,3.72
11873,2009-07-24,3.7
11874,2009-07-27,3.75
11875,2009-07-28,3.72
11876,2009-07-29,3.69
11877,2009-07-30,3.67
11878,2009-07-31,3.52
11879,2009-08-03,3.66
11880,2009-08-04,3.7
11881,2009-08-05,3.8
11882,2009-08-06,3.79
11883,2009-08-07,3.89
11884,2009-08-10,3.8
11885,2009-08-11,3.71
11886,2009-08-12,3.72
11887,2009-08-13,3.59
11888,2009-08-14,3.55
11889,2009-08-17,3.48
11890,2009-08-18,3.51
11891,2009-08-19,3.45
11892,2009-08-20,3.42
11893,2009-08-21,3.56
11894,2009-08-24,3.48
11895,2009-08-25,3.45
11896,2009-08-26,3.44
11897,2009-08-27,3.47
11898,2009-08-28,3.46
11899,2009-08-31,3.4
11900,2009-09-01,3.38
11901,2009-09-02,3.29
11902,2009-09-03,3.33
11903,2009-09-04,3.45
11904,2009-09-08,3.47
11905,2009-09-09,3.48
11906,2009-09-10,3.36
11907,2009-09-11,3.34
11908,2009-09-14,3.42
11909,2009-09-15,3.47
11910,2009-09-16,3.48
11911,2009-09-17,3.42
11912,2009-09-18,3.49
11913,2009-09-21,3.49
11914,2009-09-22,3.46
11915,2009-09-23,3.44
11916,2009-09-24,3.4
11917,2009-09-25,3.34
11918,2009-09-28,3.31
11919,2009-09-29,3.31
11920,2009-09-30,3.31
11921,2009-10-01,3.21
11922,2009-10-02,3.24
11923,2009-10-05,3.24
11924,2009-10-06,3.27
11925,2009-10-07,3.21
11926,2009-10-08,3.27
11927,2009-10-09,3.4
11928,2009-10-13,3.34
11929,2009-10-14,3.45
11930,2009-10-15,3.49
11931,2009-10-16,3.43
11932,2009-10-19,3.41
11933,2009-10-20,3.35
11934,2009-10-21,3.42
11935,2009-10-22,3.44
11936,2009-10-23,3.51
11937,2009-10-26,3.59
11938,2009-10-27,3.49
11939,2009-10-28,3.44
11940,2009-10-29,3.53
11941,2009-10-30,3.41
11942,2009-11-02,3.45
11943,2009-11-03,3.5
11944,2009-11-04,3.57
11945,2009-11-05,3.57
11946,2009-11-06,3.54
11947,2009-11-09,3.52
11948,2009-11-10,3.5
11949,2009-11-12,3.45
11950,2009-11-13,3.43
11951,2009-11-16,3.33
11952,2009-11-17,3.33
11953,2009-11-18,3.36
11954,2009-11-19,3.35
11955,2009-11-20,3.36
11956,2009-11-23,3.37
11957,2009-11-24,3.32
11958,2009-11-25,3.28
11959,2009-11-27,3.21
11960,2009-11-30,3.21
11961,2009-12-01,3.28
11962,2009-12-02,3.32
11963,2009-12-03,3.39
11964,2009-12-04,3.48
11965,2009-12-07,3.44
11966,2009-12-08,3.4
11967,2009-12-09,3.45
11968,2009-12-10,3.49
11969,2009-12-11,3.55
11970,2009-12-14,3.56
11971,2009-12-15,3.6
11972,2009-12-16,3.61
11973,2009-12-17,3.5
11974,2009-12-18,3.55
11975,2009-12-21,3.69
11976,2009-12-22,3.76
11977,2009-12-23,3.77
11978,2009-12-24,3.82
11979,2009-12-28,3.85
11980,2009-12-29,3.82
11981,2009-12-30,3.8
11982,2009-12-31,3.85
11983,2010-01-04,3.85
11984,2010-01-05,3.77
11985,2010-01-06,3.85
11986,2010-01-07,3.85
11987,2010-01-08,3.83
11988,2010-01-11,3.85
11989,2010-01-12,3.74
11990,2010-01-13,3.8
11991,2010-01-14,3.76
11992,2010-01-15,3.7
11993,2010-01-19,3.73
11994,2010-01-20,3.68
11995,2010-01-21,3.62
11996,2010-01-22,3.62
11997,2010-01-25,3.66
11998,2010-01-26,3.65
11999,2010-01-27,3.66
12000,2010-01-28,3.68
12001,2010-01-29,3.63
12002,2010-02-01,3.68
12003,2010-02-02,3.67
12004,2010-02-03,3.73
12005,2010-02-04,3.62
12006,2010-02-05,3.59
12007,2010-02-08,3.62
12008,2010-02-09,3.67
12009,2010-02-10,3.72
12010,2010-02-11,3.73
12011,2010-02-12,3.69
12012,2010-02-16,3.66
12013,2010-02-17,3.74
12014,2010-02-18,3.79
12015,2010-02-19,3.78
12016,2010-02-22,3.8
12017,2010-02-23,3.69
12018,2010-02-24,3.7
12019,2010-02-25,3.64
12020,2010-02-26,3.61
12021,2010-03-01,3.61
12022,2010-03-02,3.62
12023,2010-03-03,3.63
12024,2010-03-04,3.61
12025,2010-03-05,3.69
12026,2010-03-08,3.72
12027,2010-03-09,3.71
12028,2010-03-10,3.73
12029,2010-03-11,3.73
12030,2010-03-12,3.71
12031,2010-03-15,3.71
12032,2010-03-16,3.66
12033,2010-03-17,3.65
12034,2010-03-18,3.68
12035,2010-03-19,3.7
12036,2010-03-22,3.67
12037,2010-03-23,3.69
12038,2010-03-24,3.84
12039,2010-03-25,3.91
12040,2010-03-26,3.86
12041,2010-03-29,3.88
12042,2010-03-30,3.88
12043,2010-03-31,3.84
12044,2010-04-01,3.89
12045,2010-04-02,3.96
12046,2010-04-05,4.01
12047,2010-04-06,3.98
12048,2010-04-07,3.89
12049,2010-04-08,3.91
12050,2010-04-09,3.9
12051,2010-04-12,3.87
12052,2010-04-13,3.84
12053,2010-04-14,3.88
12054,2010-04-15,3.86
12055,2010-04-16,3.79
12056,2010-04-19,3.83
12057,2010-04-20,3.82
12058,2010-04-21,3.77
12059,2010-04-22,3.8
12060,2010-04-23,3.84
12061,2010-04-26,3.83
12062,2010-04-27,3.71
12063,2010-04-28,3.8
12064,2010-04-29,3.76
12065,2010-04-30,3.69
12066,2010-05-03,3.72
12067,2010-05-04,3.63
12068,2010-05-05,3.58
12069,2010-05-06,3.41
12070,2010-05-07,3.45
12071,2010-05-10,3.57
12072,2010-05-11,3.56
12073,2010-05-12,3.56
12074,2010-05-13,3.55
12075,2010-05-14,3.44
12076,2010-05-17,3.47
12077,2010-05-18,3.38
12078,2010-05-19,3.36
12079,2010-05-20,3.25
12080,2010-05-21,3.2
12081,2010-05-24,3.23
12082,2010-05-25,3.18
12083,2010-05-26,3.21
12084,2010-05-27,3.34
12085,2010-05-28,3.31
12086,2010-06-01,3.29
12087,2010-06-02,3.35
12088,2010-06-03,3.39
12089,2010-06-04,3.2
12090,2010-06-07,3.17
12091,2010-06-08,3.18
12092,2010-06-09,3.2
12093,2010-06-10,3.33
12094,2010-06-11,3.24
12095,2010-06-14,3.28
12096,2010-06-15,3.32
12097,2010-06-16,3.27
12098,2010-06-17,3.21
12099,2010-06-18,3.24
12100,2010-06-21,3.26
12101,2010-06-22,3.18
12102,2010-06-23,3.13
12103,2010-06-24,3.14
12104,2010-06-25,3.12
12105,2010-06-28,3.05
12106,2010-06-29,2.97
12107,2010-06-30,2.97
12108,2010-07-01,2.96
12109,2010-07-02,3.0
12110,2010-07-06,2.95
12111,2010-07-07,3.0
12112,2010-07-08,3.04
12113,2010-07-09,3.07
12114,2010-07-12,3.08
12115,2010-07-13,3.15
12116,2010-07-14,3.07
12117,2010-07-15,3.0
12118,2010-07-16,2.96
12119,2010-07-19,2.99
12120,2010-07-20,2.98
12121,2010-07-21,2.9
12122,2010-07-22,2.96
12123,2010-07-23,3.02
12124,2010-07-26,3.03
12125,2010-07-27,3.08
12126,2010-07-28,3.03
12127,2010-07-29,3.03
12128,2010-07-30,2.94
12129,2010-08-02,2.99
12130,2010-08-03,2.94
12131,2010-08-04,2.98
12132,2010-08-05,2.94
12133,2010-08-06,2.86
12134,2010-08-09,2.86
12135,2010-08-10,2.79
12136,2010-08-11,2.72
12137,2010-08-12,2.74
12138,2010-08-13,2.68
12139,2010-08-16,2.58
12140,2010-08-17,2.64
12141,2010-08-18,2.64
12142,2010-08-19,2.58
12143,2010-08-20,2.62
12144,2010-08-23,2.6
12145,2010-08-24,2.5
12146,2010-08-25,2.54
12147,2010-08-26,2.5
12148,2010-08-27,2.66
12149,2010-08-30,2.54
12150,2010-08-31,2.47
12151,2010-09-01,2.58
12152,2010-09-02,2.63
12153,2010-09-03,2.72
12154,2010-09-07,2.61
12155,2010-09-08,2.66
12156,2010-09-09,2.77
12157,2010-09-10,2.81
12158,2010-09-13,2.74
12159,2010-09-14,2.68
12160,2010-09-15,2.74
12161,2010-09-16,2.77
12162,2010-09-17,2.75
12163,2010-09-20,2.72
12164,2010-09-21,2.61
12165,2010-09-22,2.56
12166,2010-09-23,2.56
12167,2010-09-24,2.62
12168,2010-09-27,2.54
12169,2010-09-28,2.48
12170,2010-09-29,2.52
12171,2010-09-30,2.53
12172,2010-10-01,2.54
12173,2010-10-04,2.5
12174,2010-10-05,2.5
12175,2010-10-06,2.41
12176,2010-10-07,2.41
12177,2010-10-08,2.41
12178,2010-10-12,2.44
12179,2010-10-13,2.46
12180,2010-10-14,2.52
12181,2010-10-15,2.59
12182,2010-10-18,2.52
12183,2010-10-19,2.5
12184,2010-10-20,2.51
12185,2010-10-21,2.57
12186,2010-10-22,2.59
12187,2010-10-25,2.59
12188,2010-10-26,2.67
12189,2010-10-27,2.75
12190,2010-10-28,2.69
12191,2010-10-29,2.63
12192,2010-11-01,2.66
12193,2010-11-02,2.63
12194,2010-11-03,2.67
12195,2010-11-04,2.53
12196,2010-11-05,2.58
12197,2010-11-08,2.6
12198,2010-11-09,2.72
12199,2010-11-10,2.65
12200,2010-11-12,2.76
12201,2010-11-15,2.92
12202,2010-11-16,2.85
12203,2010-11-17,2.89
12204,2010-11-18,2.9
12205,2010-11-19,2.88
12206,2010-11-22,2.8
12207,2010-11-23,2.77
12208,2010-11-24,2.93
12209,2010-11-26,2.87
12210,2010-11-29,2.84
12211,2010-11-30,2.81
12212,2010-12-01,2.97
12213,2010-12-02,3.01
12214,2010-12-03,3.03
12215,2010-12-06,2.95
12216,2010-12-07,3.15
12217,2010-12-08,3.26
12218,2010-12-09,3.23
12219,2010-12-10,3.32
12220,2010-12-13,3.29
12221,2010-12-14,3.49
12222,2010-12-15,3.53
12223,2010-12-16,3.47
12224,2010-12-17,3.33
12225,2010-12-20,3.36
12226,2010-12-21,3.35
12227,2010-12-22,3.36
12228,2010-12-23,3.41
12229,2010-12-27,3.36
12230,2010-12-28,3.5
12231,2010-12-29,3.35
12232,2010-12-30,3.38
12233,2010-12-31,3.3
12234,2011-01-03,3.36
12235,2011-01-04,3.36
12236,2011-01-05,3.5
12237,2011-01-06,3.44
12238,2011-01-07,3.34
12239,2011-01-10,3.32
12240,2011-01-11,3.37
12241,2011-01-12,3.4
12242,2011-01-13,3.34
12243,2011-01-14,3.35
12244,2011-01-18,3.39
12245,2011-01-19,3.37
12246,2011-01-20,3.47
12247,2011-01-21,3.44
12248,2011-01-24,3.43
12249,2011-01-25,3.35
12250,2011-01-26,3.45
12251,2011-01-27,3.42
12252,2011-01-28,3.36
12253,2011-01-31,3.42
12254,2011-02-01,3.48
12255,2011-02-02,3.52
12256,2011-02-03,3.58
12257,2011-02-04,3.68
12258,2011-02-07,3.68
12259,2011-02-08,3.75
12260,2011-02-09,3.65
12261,2011-02-10,3.7
12262,2011-02-11,3.64
12263,2011-02-14,3.62
12264,2011-02-15,3.61
12265,2011-02-16,3.62
12266,2011-02-17,3.58
12267,2011-02-18,3.59
12268,2011-02-22,3.46
12269,2011-02-23,3.49
12270,2011-02-24,3.46
12271,2011-02-25,3.42
12272,2011-02-28,3.42
12273,2011-03-01,3.41
12274,2011-03-02,3.46
12275,2011-03-03,3.58
12276,2011-03-04,3.49
12277,2011-03-07,3.51
12278,2011-03-08,3.56
12279,2011-03-09,3.48
12280,2011-03-10,3.37
12281,2011-03-11,3.4
12282,2011-03-14,3.36
12283,2011-03-15,3.33
12284,2011-03-16,3.22
12285,2011-03-17,3.25
12286,2011-03-18,3.28
12287,2011-03-21,3.34
12288,2011-03-22,3.34
12289,2011-03-23,3.36
12290,2011-03-24,3.42
12291,2011-03-25,3.46
12292,2011-03-28,3.47
12293,2011-03-29,3.5
12294,2011-03-30,3.47
12295,2011-03-31,3.47
12296,2011-04-01,3.46
12297,2011-04-04,3.45
12298,2011-04-05,3.5
12299,2011-04-06,3.56
12300,2011-04-07,3.58
12301,2011-04-08,3.59
12302,2011-04-11,3.59
12303,2011-04-12,3.52
12304,2011-04-13,3.49
12305,2011-04-14,3.51
12306,2011-04-15,3.43
12307,2011-04-18,3.4
12308,2011-04-19,3.39
12309,2011-04-20,3.43
12310,2011-04-21,3.42
12311,2011-04-25,3.39
12312,2011-04-26,3.34
12313,2011-04-27,3.39
12314,2011-04-28,3.34
12315,2011-04-29,3.32
12316,2011-05-02,3.31
12317,2011-05-03,3.28
12318,2011-05-04,3.25
12319,2011-05-05,3.18
12320,2011-05-06,3.19
12321,2011-05-09,3.17
12322,2011-05-10,3.23
12323,2011-05-11,3.19
12324,2011-05-12,3.22
12325,2011-05-13,3.18
12326,2011-05-16,3.15
12327,2011-05-17,3.12
12328,2011-05-18,3.18
12329,2011-05-19,3.17
12330,2011-05-20,3.15
12331,2011-05-23,3.13
12332,2011-05-24,3.12
12333,2011-05-25,3.13
12334,2011-05-26,3.07
12335,2011-05-27,3.07
12336,2011-05-31,3.05
12337,2011-06-01,2.96
12338,2011-06-02,3.04
12339,2011-06-03,2.99
12340,2011-06-06,3.01
12341,2011-06-07,3.01
12342,2011-06-08,2.98
12343,2011-06-09,3.01
12344,2011-06-10,2.99
12345,2011-06-13,3.0
12346,2011-06-14,3.11
12347,2011-06-15,2.98
12348,2011-06-16,2.93
12349,2011-06-17,2.94
12350,2011-06-20,2.97
12351,2011-06-21,2.99
12352,2011-06-22,3.01
12353,2011-06-23,2.93
12354,2011-06-24,2.88
12355,2011-06-27,2.95
12356,2011-06-28,3.05
12357,2011-06-29,3.14
12358,2011-06-30,3.18
12359,2011-07-01,3.22
12360,2011-07-05,3.16
12361,2011-07-06,3.12
12362,2011-07-07,3.17
12363,2011-07-08,3.03
12364,2011-07-11,2.94
12365,2011-07-12,2.92
12366,2011-07-13,2.92
12367,2011-07-14,2.98
12368,2011-07-15,2.94
12369,2011-07-18,2.94
12370,2011-07-19,2.91
12371,2011-07-20,2.96
12372,2011-07-21,3.03
12373,2011-07-22,2.99
12374,2011-07-25,3.03
12375,2011-07-26,2.99
12376,2011-07-27,3.01
12377,2011-07-28,2.98
12378,2011-07-29,2.82
12379,2011-08-01,2.77
12380,2011-08-02,2.66
12381,2011-08-03,2.64
12382,2011-08-04,2.47
12383,2011-08-05,2.58
12384,2011-08-08,2.4
12385,2011-08-09,2.2
12386,2011-08-10,2.17
12387,2011-08-11,2.34
12388,2011-08-12,2.24
12389,2011-08-15,2.29
12390,2011-08-16,2.23
12391,2011-08-17,2.17
12392,2011-08-18,2.08
12393,2011-08-19,2.07
12394,2011-08-22,2.1
12395,2011-08-23,2.15
12396,2011-08-24,2.29
12397,2011-08-25,2.23
12398,2011-08-26,2.19
12399,2011-08-29,2.28
12400,2011-08-30,2.19
12401,2011-08-31,2.23
12402,2011-09-01,2.15
12403,2011-09-02,2.02
12404,2011-09-06,1.98
12405,2011-09-07,2.05
12406,2011-09-08,2.0
12407,2011-09-09,1.93
12408,2011-09-12,1.94
12409,2011-09-13,2.0
12410,2011-09-14,2.03
12411,2011-09-15,2.09
12412,2011-09-16,2.08
12413,2011-09-19,1.97
12414,2011-09-20,1.95
12415,2011-09-21,1.88
12416,2011-09-22,1.72
12417,2011-09-23,1.84
12418,2011-09-26,1.91
12419,2011-09-27,2.0
12420,2011-09-28,2.03
12421,2011-09-29,1.99
12422,2011-09-30,1.92
12423,2011-10-03,1.8
12424,2011-10-04,1.81
12425,2011-10-05,1.92
12426,2011-10-06,2.01
12427,2011-10-07,2.1
12428,2011-10-11,2.18
12429,2011-10-12,2.24
12430,2011-10-13,2.19
12431,2011-10-14,2.26
12432,2011-10-17,2.18
12433,2011-10-18,2.19
12434,2011-10-19,2.18
12435,2011-10-20,2.2
12436,2011-10-21,2.23
12437,2011-10-24,2.25
12438,2011-10-25,2.14
12439,2011-10-26,2.23
12440,2011-10-27,2.42
12441,2011-10-28,2.34
12442,2011-10-31,2.17
12443,2011-11-01,2.01
12444,2011-11-02,2.03
12445,2011-11-03,2.09
12446,2011-11-04,2.06
12447,2011-11-07,2.04
12448,2011-11-08,2.1
12449,2011-11-09,2.0
12450,2011-11-10,2.04
12451,2011-11-14,2.04
12452,2011-11-15,2.06
12453,2011-11-16,2.01
12454,2011-11-17,1.96
12455,2011-11-18,2.01
12456,2011-11-21,1.97
12457,2011-11-22,1.94
12458,2011-11-23,1.89
12459,2011-11-25,1.97
12460,2011-11-28,1.97
12461,2011-11-29,2.0
12462,2011-11-30,2.08
12463,2011-12-01,2.11
12464,2011-12-02,2.05
12465,2011-12-05,2.04
12466,2011-12-06,2.08
12467,2011-12-07,2.02
12468,2011-12-08,1.99
12469,2011-12-09,2.07
12470,2011-12-12,2.03
12471,2011-12-13,1.96
12472,2011-12-14,1.92
12473,2011-12-15,1.92
12474,2011-12-16,1.86
12475,2011-12-19,1.82
12476,2011-12-20,1.94
12477,2011-12-21,1.98
12478,2011-12-22,1.97
12479,2011-12-23,2.03
12480,2011-12-27,2.02
12481,2011-12-28,1.93
12482,2011-12-29,1.91
12483,2011-12-30,1.89
12484,2012-01-03,1.97
12485,2012-01-04,2.0
12486,2012-01-05,2.02
12487,2012-01-06,1.98
12488,2012-01-09,1.98
12489,2012-01-10,2.0
12490,2012-01-11,1.93
12491,2012-01-12,1.94
12492,2012-01-13,1.89
12493,2012-01-17,1.87
12494,2012-01-18,1.92
12495,2012-01-19,2.01
12496,2012-01-20,2.05
12497,2012-01-23,2.09
12498,2012-01-24,2.08
12499,2012-01-25,2.01
12500,2012-01-26,1.96
12501,2012-01-27,1.93
12502,2012-01-30,1.87
12503,2012-01-31,1.83
12504,2012-02-01,1.87
12505,2012-02-02,1.86
12506,2012-02-03,1.97
12507,2012-02-06,1.93
12508,2012-02-07,2.0
12509,2012-02-08,2.01
12510,2012-02-09,2.04
12511,2012-02-10,1.96
12512,2012-02-13,1.99
12513,2012-02-14,1.92
12514,2012-02-15,1.93
12515,2012-02-16,1.99
12516,2012-02-17,2.01
12517,2012-02-21,2.05
12518,2012-02-22,2.01
12519,2012-02-23,1.99
12520,2012-02-24,1.98
12521,2012-02-27,1.92
12522,2012-02-28,1.94
12523,2012-02-29,1.98
12524,2012-03-01,2.03
12525,2012-03-02,1.99
12526,2012-03-05,2.0
12527,2012-03-06,1.96
12528,2012-03-07,1.98
12529,2012-03-08,2.03
12530,2012-03-09,2.04
12531,2012-03-12,2.04
12532,2012-03-13,2.14
12533,2012-03-14,2.29
12534,2012-03-15,2.29
12535,2012-03-16,2.31
12536,2012-03-19,2.39
12537,2012-03-20,2.38
12538,2012-03-21,2.31
12539,2012-03-22,2.29
12540,2012-03-23,2.25
12541,2012-03-26,2.26
12542,2012-03-27,2.2
12543,2012-03-28,2.21
12544,2012-03-29,2.18
12545,2012-03-30,2.23
12546,2012-04-02,2.22
12547,2012-04-03,2.3
12548,2012-04-04,2.25
12549,2012-04-05,2.19
12550,2012-04-06,2.07
12551,2012-04-09,2.06
12552,2012-04-10,2.01
12553,2012-04-11,2.05
12554,2012-04-12,2.08
12555,2012-04-13,2.02
12556,2012-04-16,2.0
12557,2012-04-17,2.03
12558,2012-04-18,2.0
12559,2012-04-19,1.98
12560,2012-04-20,1.99
12561,2012-04-23,1.96
12562,2012-04-24,2.0
12563,2012-04-25,2.01
12564,2012-04-26,1.98
12565,2012-04-27,1.96
12566,2012-04-30,1.95
12567,2012-05-01,1.98
12568,2012-05-02,1.96
12569,2012-05-03,1.96
12570,2012-05-04,1.91
12571,2012-05-07,1.92
12572,2012-05-08,1.88
12573,2012-05-09,1.87
12574,2012-05-10,1.89
12575,2012-05-11,1.84
12576,2012-05-14,1.78
12577,2012-05-15,1.76
12578,2012-05-16,1.76
12579,2012-05-17,1.7
12580,2012-05-18,1.71
12581,2012-05-21,1.75
12582,2012-05-22,1.79
12583,2012-05-23,1.73
12584,2012-05-24,1.77
12585,2012-05-25,1.75
12586,2012-05-29,1.74
12587,2012-05-30,1.63
12588,2012-05-31,1.59
12589,2012-06-01,1.47
12590,2012-06-04,1.53
12591,2012-06-05,1.57
12592,2012-06-06,1.66
12593,2012-06-07,1.66
12594,2012-06-08,1.65
12595,2012-06-11,1.6
12596,2012-06-12,1.67
12597,2012-06-13,1.61
12598,2012-06-14,1.64
12599,2012-06-15,1.6
12600,2012-06-18,1.59
12601,2012-06-19,1.64
12602,2012-06-20,1.65
12603,2012-06-21,1.63
12604,2012-06-22,1.69
12605,2012-06-25,1.63
12606,2012-06-26,1.66
12607,2012-06-27,1.65
12608,2012-06-28,1.6
12609,2012-06-29,1.67
12610,2012-07-02,1.61
12611,2012-07-03,1.65
12612,2012-07-05,1.62
12613,2012-07-06,1.57
12614,2012-07-09,1.53
12615,2012-07-10,1.53
12616,2012-07-11,1.54
12617,2012-07-12,1.5
12618,2012-07-13,1.52
12619,2012-07-16,1.5
12620,2012-07-17,1.53
12621,2012-07-18,1.52
12622,2012-07-19,1.54
12623,2012-07-20,1.49
12624,2012-07-23,1.47
12625,2012-07-24,1.44
12626,2012-07-25,1.43
12627,2012-07-26,1.45
12628,2012-07-27,1.58
12629,2012-07-30,1.53
12630,2012-07-31,1.51
12631,2012-08-01,1.56
12632,2012-08-02,1.51
12633,2012-08-03,1.6
12634,2012-08-06,1.59
12635,2012-08-07,1.66
12636,2012-08-08,1.68
12637,2012-08-09,1.69
12638,2012-08-10,1.65
12639,2012-08-13,1.65
12640,2012-08-14,1.73
12641,2012-08-15,1.8
12642,2012-08-16,1.83
12643,2012-08-17,1.81
12644,2012-08-20,1.82
12645,2012-08-21,1.8
12646,2012-08-22,1.71
12647,2012-08-23,1.68
12648,2012-08-24,1.68
12649,2012-08-27,1.65
12650,2012-08-28,1.64
12651,2012-08-29,1.66
12652,2012-08-30,1.63
12653,2012-08-31,1.57
12654,2012-09-04,1.59
12655,2012-09-05,1.6
12656,2012-09-06,1.68
12657,2012-09-07,1.67
12658,2012-09-10,1.68
12659,2012-09-11,1.7
12660,2012-09-12,1.77
12661,2012-09-13,1.75
12662,2012-09-14,1.88
12663,2012-09-17,1.85
12664,2012-09-18,1.82
12665,2012-09-19,1.79
12666,2012-09-20,1.8
12667,2012-09-21,1.77
12668,2012-09-24,1.74
12669,2012-09-25,1.7
12670,2012-09-26,1.64
12671,2012-09-27,1.66
12672,2012-09-28,1.65
12673,2012-10-01,1.64
12674,2012-10-02,1.64
12675,2012-10-03,1.64
12676,2012-10-04,1.7
12677,2012-10-05,1.75
12678,2012-10-09,1.74
12679,2012-10-10,1.72
12680,2012-10-11,1.7
12681,2012-10-12,1.69
12682,2012-10-15,1.7
12683,2012-10-16,1.75
12684,2012-10-17,1.83
12685,2012-10-18,1.86
12686,2012-10-19,1.79
12687,2012-10-22,1.83
12688,2012-10-23,1.79
12689,2012-10-24,1.8
12690,2012-10-25,1.86
12691,2012-10-26,1.78
12692,2012-10-29,1.74
12693,2012-10-31,1.72
12694,2012-11-01,1.75
12695,2012-11-02,1.75
12696,2012-11-05,1.72
12697,2012-11-06,1.78
12698,2012-11-07,1.68
12699,2012-11-08,1.62
12700,2012-11-09,1.61
12701,2012-11-13,1.59
12702,2012-11-14,1.59
12703,2012-11-15,1.58
12704,2012-11-16,1.58
12705,2012-11-19,1.61
12706,2012-11-20,1.66
12707,2012-11-21,1.69
12708,2012-11-23,1.7
12709,2012-11-26,1.66
12710,2012-11-27,1.64
12711,2012-11-28,1.63
12712,2012-11-29,1.62
12713,2012-11-30,1.62
12714,2012-12-03,1.63
12715,2012-12-04,1.62
12716,2012-12-05,1.6
12717,2012-12-06,1.59
12718,2012-12-07,1.64
12719,2012-12-10,1.63
12720,2012-12-11,1.66
12721,2012-12-12,1.72
12722,2012-12-13,1.74
12723,2012-12-14,1.72
12724,2012-12-17,1.78
12725,2012-12-18,1.84
12726,2012-12-19,1.82
12727,2012-12-20,1.81
12728,2012-12-21,1.77
12729,2012-12-24,1.79
12730,2012-12-26,1.77
12731,2012-12-27,1.74
12732,2012-12-28,1.73
12733,2012-12-31,1.78
12734,2013-01-02,1.86
12735,2013-01-03,1.92
12736,2013-01-04,1.93
12737,2013-01-07,1.92
12738,2013-01-08,1.89
12739,2013-01-09,1.88
12740,2013-01-10,1.91
12741,2013-01-11,1.89
12742,2013-01-14,1.89
12743,2013-01-15,1.86
12744,2013-01-16,1.84
12745,2013-01-17,1.89
12746,2013-01-18,1.87
12747,2013-01-22,1.86
12748,2013-01-23,1.86
12749,2013-01-24,1.88
12750,2013-01-25,1.98
12751,2013-01-28,2.0
12752,2013-01-29,2.03
12753,2013-01-30,2.03
12754,2013-01-31,2.02
12755,2013-02-01,2.04
12756,2013-02-04,2.0
12757,2013-02-05,2.04
12758,2013-02-06,2.0
12759,2013-02-07,1.99
12760,2013-02-08,1.99
12761,2013-02-11,1.99
12762,2013-02-12,2.02
12763,2013-02-13,2.05
12764,2013-02-14,2.0
12765,2013-02-15,2.01
12766,2013-02-19,2.03
12767,2013-02-20,2.02
12768,2013-02-21,1.99
12769,2013-02-22,1.97
12770,2013-02-25,1.88
12771,2013-02-26,1.88
12772,2013-02-27,1.91
12773,2013-02-28,1.89
12774,2013-03-01,1.86
12775,2013-03-04,1.88
12776,2013-03-05,1.9
12777,2013-03-06,1.95
12778,2013-03-07,2.0
12779,2013-03-08,2.06
12780,2013-03-11,2.07
12781,2013-03-12,2.03
12782,2013-03-13,2.04
12783,2013-03-14,2.04
12784,2013-03-15,2.01
12785,2013-03-18,1.96
12786,2013-03-19,1.92
12787,2013-03-20,1.96
12788,2013-03-21,1.95
12789,2013-03-22,1.93
12790,2013-03-25,1.93
12791,2013-03-26,1.92
12792,2013-03-27,1.87
12793,2013-03-28,1.87
12794,2013-04-01,1.86
12795,2013-04-02,1.88
12796,2013-04-03,1.83
12797,2013-04-04,1.78
12798,2013-04-05,1.72
12799,2013-04-08,1.76
12800,2013-04-09,1.78
12801,2013-04-10,1.84
12802,2013-04-11,1.82
12803,2013-04-12,1.75
12804,2013-04-15,1.72
12805,2013-04-16,1.75
12806,2013-04-17,1.73
12807,2013-04-18,1.72
12808,2013-04-19,1.73
12809,2013-04-22,1.72
12810,2013-04-23,1.74
12811,2013-04-24,1.73
12812,2013-04-25,1.74
12813,2013-04-26,1.7
12814,2013-04-29,1.7
12815,2013-04-30,1.7
12816,2013-05-01,1.66
12817,2013-05-02,1.66
12818,2013-05-03,1.78
12819,2013-05-06,1.8
12820,2013-05-07,1.82
12821,2013-05-08,1.81
12822,2013-05-09,1.81
12823,2013-05-10,1.9
12824,2013-05-13,1.92
12825,2013-05-14,1.96
12826,2013-05-15,1.94
12827,2013-05-16,1.87
12828,2013-05-17,1.95
12829,2013-05-20,1.97
12830,2013-05-21,1.94
12831,2013-05-22,2.03
12832,2013-05-23,2.02
12833,2013-05-24,2.01
12834,2013-05-28,2.15
12835,2013-05-29,2.13
12836,2013-05-30,2.13
12837,2013-05-31,2.16
12838,2013-06-03,2.13
12839,2013-06-04,2.14
12840,2013-06-05,2.1
12841,2013-06-06,2.08
12842,2013-06-07,2.17
12843,2013-06-10,2.22
12844,2013-06-11,2.2
12845,2013-06-12,2.25
12846,2013-06-13,2.19
12847,2013-06-14,2.14
12848,2013-06-17,2.19
12849,2013-06-18,2.2
12850,2013-06-19,2.33
12851,2013-06-20,2.41
12852,2013-06-21,2.52
12853,2013-06-24,2.57
12854,2013-06-25,2.6
12855,2013-06-26,2.55
12856,2013-06-27,2.49
12857,2013-06-28,2.52
12858,2013-07-01,2.5
12859,2013-07-02,2.48
12860,2013-07-03,2.52
12861,2013-07-05,2.73
12862,2013-07-08,2.65
12863,2013-07-09,2.65
12864,2013-07-10,2.7
12865,2013-07-11,2.6
12866,2013-07-12,2.61
12867,2013-07-15,2.57
12868,2013-07-16,2.55
12869,2013-07-17,2.52
12870,2013-07-18,2.56
12871,2013-07-19,2.5
12872,2013-07-22,2.5
12873,2013-07-23,2.53
12874,2013-07-24,2.61
12875,2013-07-25,2.61
12876,2013-07-26,2.58
12877,2013-07-29,2.61
12878,2013-07-30,2.63
12879,2013-07-31,2.6
12880,2013-08-01,2.74
12881,2013-08-02,2.63
12882,2013-08-05,2.67
12883,2013-08-06,2.67
12884,2013-08-07,2.61
12885,2013-08-08,2.58
12886,2013-08-09,2.57
12887,2013-08-12,2.61
12888,2013-08-13,2.71
12889,2013-08-14,2.71
12890,2013-08-15,2.77
12891,2013-08-16,2.84
12892,2013-08-19,2.88
12893,2013-08-20,2.82
12894,2013-08-21,2.87
12895,2013-08-22,2.9
12896,2013-08-23,2.82
12897,2013-08-26,2.79
12898,2013-08-27,2.72
12899,2013-08-28,2.78
12900,2013-08-29,2.75
12901,2013-08-30,2.78
12902,2013-09-03,2.86
12903,2013-09-04,2.9
12904,2013-09-05,2.98
12905,2013-09-06,2.94
12906,2013-09-09,2.9
12907,2013-09-10,2.96
12908,2013-09-11,2.93
12909,2013-09-12,2.92
12910,2013-09-13,2.9
12911,2013-09-16,2.88
12912,2013-09-17,2.86
12913,2013-09-18,2.69
12914,2013-09-19,2.76
12915,2013-09-20,2.75
12916,2013-09-23,2.72
12917,2013-09-24,2.67
12918,2013-09-25,2.63
12919,2013-09-26,2.66
12920,2013-09-27,2.64
12921,2013-09-30,2.64
12922,2013-10-01,2.66
12923,2013-10-02,2.63
12924,2013-10-03,2.62
12925,2013-10-04,2.66
12926,2013-10-07,2.65
12927,2013-10-08,2.66
12928,2013-10-09,2.68
12929,2013-10-10,2.71
12930,2013-10-11,2.7
12931,2013-10-15,2.75
12932,2013-10-16,2.69
12933,2013-10-17,2.61
12934,2013-10-18,2.6
12935,2013-10-21,2.63
12936,2013-10-22,2.54
12937,2013-10-23,2.51
12938,2013-10-24,2.53
12939,2013-10-25,2.53
12940,2013-10-28,2.54
12941,2013-10-29,2.53
12942,2013-10-30,2.55
12943,2013-10-31,2.57
12944,2013-11-01,2.65
12945,2013-11-04,2.63
12946,2013-11-05,2.69
12947,2013-11-06,2.67
12948,2013-11-07,2.63
12949,2013-11-08,2.77
12950,2013-11-12,2.8
12951,2013-11-13,2.75
12952,2013-11-14,2.69
12953,2013-11-15,2.71
12954,2013-11-18,2.67
12955,2013-11-19,2.71
12956,2013-11-20,2.8
12957,2013-11-21,2.79
12958,2013-11-22,2.75
12959,2013-11-25,2.74
12960,2013-11-26,2.71
12961,2013-11-27,2.74
12962,2013-11-29,2.75
12963,2013-12-02,2.81
12964,2013-12-03,2.79
12965,2013-12-04,2.84
12966,2013-12-05,2.88
12967,2013-12-06,2.88
12968,2013-12-09,2.86
12969,2013-12-10,2.81
12970,2013-12-11,2.86
12971,2013-12-12,2.89
12972,2013-12-13,2.88
12973,2013-12-16,2.89
12974,2013-12-17,2.85
12975,2013-12-18,2.89
12976,2013-12-19,2.94
12977,2013-12-20,2.89
12978,2013-12-23,2.94
12979,2013-12-24,2.99
12980,2013-12-26,3.0
12981,2013-12-27,3.02
12982,2013-12-30,2.99
12983,2013-12-31,3.04
12984,2014-01-02,3.0
12985,2014-01-03,3.01
12986,2014-01-06,2.98
12987,2014-01-07,2.96
12988,2014-01-08,3.01
12989,2014-01-09,2.97
12990,2014-01-10,2.88
12991,2014-01-13,2.84
12992,2014-01-14,2.88
12993,2014-01-15,2.9
12994,2014-01-16,2.86
12995,2014-01-17,2.84
12996,2014-01-21,2.85
12997,2014-01-22,2.87
12998,2014-01-23,2.79
12999,2014-01-24,2.75
13000,2014-01-27,2.78
13001,2014-01-28,2.77
13002,2014-01-29,2.69
13003,2014-01-30,2.72
13004,2014-01-31,2.67
13005,2014-02-03,2.61
13006,2014-02-04,2.64
13007,2014-02-05,2.7
13008,2014-02-06,2.73
13009,2014-02-07,2.71
13010,2014-02-10,2.7
13011,2014-02-11,2.75
13012,2014-02-12,2.8
13013,2014-02-13,2.73
13014,2014-02-14,2.75
13015,2014-02-18,2.71
13016,2014-02-19,2.73
13017,2014-02-20,2.76
13018,2014-02-21,2.73
13019,2014-02-24,2.75
13020,2014-02-25,2.7
13021,2014-02-26,2.67
13022,2014-02-27,2.65
13023,2014-02-28,2.66
13024,2014-03-03,2.6
13025,2014-03-04,2.7
13026,2014-03-05,2.7
13027,2014-03-06,2.74
13028,2014-03-07,2.8
13029,2014-03-10,2.79
13030,2014-03-11,2.77
13031,2014-03-12,2.73
13032,2014-03-13,2.66
13033,2014-03-14,2.65
13034,2014-03-17,2.7
13035,2014-03-18,2.68
13036,2014-03-19,2.78
13037,2014-03-20,2.79
13038,2014-03-21,2.75
13039,2014-03-24,2.74
13040,2014-03-25,2.75
13041,2014-03-26,2.71
13042,2014-03-27,2.69
13043,2014-03-28,2.73
13044,2014-03-31,2.73
13045,2014-04-01,2.77
13046,2014-04-02,2.82
13047,2014-04-03,2.8
13048,2014-04-04,2.74
13049,2014-04-07,2.71
13050,2014-04-08,2.69
13051,2014-04-09,2.71
13052,2014-04-10,2.65
13053,2014-04-11,2.63
13054,2014-04-14,2.65
13055,2014-04-15,2.64
13056,2014-04-16,2.65
13057,2014-04-17,2.73
13058,2014-04-21,2.73
13059,2014-04-22,2.73
13060,2014-04-23,2.7
13061,2014-04-24,2.7
13062,2014-04-25,2.68
13063,2014-04-28,2.7
13064,2014-04-29,2.71
13065,2014-04-30,2.67
13066,2014-05-01,2.63
13067,2014-05-02,2.6
13068,2014-05-05,2.63
13069,2014-05-06,2.61
13070,2014-05-07,2.62
13071,2014-05-08,2.61
13072,2014-05-09,2.62
13073,2014-05-12,2.66
13074,2014-05-13,2.61
13075,2014-05-14,2.54
13076,2014-05-15,2.5
13077,2014-05-16,2.52
13078,2014-05-19,2.54
13079,2014-05-20,2.52
13080,2014-05-21,2.54
13081,2014-05-22,2.56
13082,2014-05-23,2.54
13083,2014-05-27,2.52
13084,2014-05-28,2.44
13085,2014-05-29,2.45
13086,2014-05-30,2.48
13087,2014-06-02,2.54
13088,2014-06-03,2.6
13089,2014-06-04,2.61
13090,2014-06-05,2.59
13091,2014-06-06,2.6
13092,2014-06-09,2.62
13093,2014-06-10,2.64
13094,2014-06-11,2.65
13095,2014-06-12,2.58
13096,2014-06-13,2.6
13097,2014-06-16,2.61
13098,2014-06-17,2.66
13099,2014-06-18,2.61
13100,2014-06-19,2.64
13101,2014-06-20,2.63
13102,2014-06-23,2.63
13103,2014-06-24,2.59
13104,2014-06-25,2.57
13105,2014-06-26,2.53
13106,2014-06-27,2.54
13107,2014-06-30,2.53
13108,2014-07-01,2.58
13109,2014-07-02,2.64
13110,2014-07-03,2.65
13111,2014-07-07,2.63
13112,2014-07-08,2.58
13113,2014-07-09,2.57
13114,2014-07-10,2.55
13115,2014-07-11,2.53
13116,2014-07-14,2.55
13117,2014-07-15,2.56
13118,2014-07-16,2.55
13119,2014-07-17,2.47
13120,2014-07-18,2.5
13121,2014-07-21,2.49
13122,2014-07-22,2.48
13123,2014-07-23,2.48
13124,2014-07-24,2.52
13125,2014-07-25,2.48
13126,2014-07-28,2.5
13127,2014-07-29,2.47
13128,2014-07-30,2.57
13129,2014-07-31,2.58
13130,2014-08-01,2.52
13131,2014-08-04,2.51
13132,2014-08-05,2.49
13133,2014-08-06,2.49
13134,2014-08-07,2.43
13135,2014-08-08,2.44
13136,2014-08-11,2.44
13137,2014-08-12,2.46
13138,2014-08-13,2.43
13139,2014-08-14,2.4
13140,2014-08-15,2.34
13141,2014-08-18,2.39
13142,2014-08-19,2.4
13143,2014-08-20,2.43
13144,2014-08-21,2.41
13145,2014-08-22,2.4
13146,2014-08-25,2.39
13147,2014-08-26,2.39
13148,2014-08-27,2.37
13149,2014-08-28,2.34
13150,2014-08-29,2.35
13151,2014-09-02,2.42
13152,2014-09-03,2.41
13153,2014-09-04,2.45
13154,2014-09-05,2.46
13155,2014-09-08,2.48
13156,2014-09-09,2.5
13157,2014-09-10,2.54
13158,2014-09-11,2.54
13159,2014-09-12,2.62
13160,2014-09-15,2.6
13161,2014-09-16,2.6
13162,2014-09-17,2.62
13163,2014-09-18,2.63
13164,2014-09-19,2.59
13165,2014-09-22,2.57
13166,2014-09-23,2.54
13167,2014-09-24,2.57
13168,2014-09-25,2.52
13169,2014-09-26,2.54
13170,2014-09-29,2.5
13171,2014-09-30,2.52
13172,2014-10-01,2.42
13173,2014-10-02,2.44
13174,2014-10-03,2.45
13175,2014-10-06,2.43
13176,2014-10-07,2.36
13177,2014-10-08,2.35
13178,2014-10-09,2.34
13179,2014-10-10,2.31
13180,2014-10-14,2.21
13181,2014-10-15,2.15
13182,2014-10-16,2.17
13183,2014-10-17,2.22
13184,2014-10-20,2.2
13185,2014-10-21,2.23
13186,2014-10-22,2.25
13187,2014-10-23,2.29
13188,2014-10-24,2.29
13189,2014-10-27,2.27
13190,2014-10-28,2.3
13191,2014-10-29,2.34
13192,2014-10-30,2.32
13193,2014-10-31,2.35
13194,2014-11-03,2.36
13195,2014-11-04,2.35
13196,2014-11-05,2.36
13197,2014-11-06,2.39
13198,2014-11-07,2.32
13199,2014-11-10,2.38
13200,2014-11-12,2.37
13201,2014-11-13,2.35
13202,2014-11-14,2.32
13203,2014-11-17,2.34
13204,2014-11-18,2.32
13205,2014-11-19,2.36
13206,2014-11-20,2.34
13207,2014-11-21,2.31
13208,2014-11-24,2.3
13209,2014-11-25,2.27
13210,2014-11-26,2.24
13211,2014-11-28,2.18
13212,2014-12-01,2.22
13213,2014-12-02,2.28
13214,2014-12-03,2.29
13215,2014-12-04,2.25
13216,2014-12-05,2.31
13217,2014-12-08,2.26
13218,2014-12-09,2.22
13219,2014-12-10,2.18
13220,2014-12-11,2.19
13221,2014-12-12,2.1
13222,2014-12-15,2.12
13223,2014-12-16,2.07
13224,2014-12-17,2.14
13225,2014-12-18,2.22
13226,2014-12-19,2.17
13227,2014-12-22,2.17
13228,2014-12-23,2.26
13229,2014-12-24,2.27
13230,2014-12-26,2.25
13231,2014-12-29,2.22
13232,2014-12-30,2.2
13233,2014-12-31,2.17
13234,2015-01-02,2.12
13235,2015-01-05,2.04
13236,2015-01-06,1.97
13237,2015-01-07,1.96
13238,2015-01-08,2.03
13239,2015-01-09,1.98
13240,2015-01-12,1.92
13241,2015-01-13,1.91
13242,2015-01-14,1.86
13243,2015-01-15,1.77
13244,2015-01-16,1.83
13245,2015-01-20,1.82
13246,2015-01-21,1.87
13247,2015-01-22,1.9
13248,2015-01-23,1.81
13249,2015-01-26,1.83
13250,2015-01-27,1.83
13251,2015-01-28,1.73
13252,2015-01-29,1.77
13253,2015-01-30,1.68
13254,2015-02-02,1.68
13255,2015-02-03,1.79
13256,2015-02-04,1.81
13257,2015-02-05,1.83
13258,2015-02-06,1.95
13259,2015-02-09,1.96
13260,2015-02-10,2.01
13261,2015-02-11,2.0
13262,2015-02-12,1.99
13263,2015-02-13,2.02
13264,2015-02-17,2.14
13265,2015-02-18,2.07
13266,2015-02-19,2.11
13267,2015-02-20,2.13
13268,2015-02-23,2.06
13269,2015-02-24,1.99
13270,2015-02-25,1.96
13271,2015-02-26,2.03
13272,2015-02-27,2.0
13273,2015-03-02,2.08
13274,2015-03-03,2.12
13275,2015-03-04,2.12
13276,2015-03-05,2.11
13277,2015-03-06,2.24
13278,2015-03-09,2.2
13279,2015-03-10,2.14
13280,2015-03-11,2.11
13281,2015-03-12,2.1
13282,2015-03-13,2.13
13283,2015-03-16,2.1
13284,2015-03-17,2.06
13285,2015-03-18,1.93
13286,2015-03-19,1.98
13287,2015-03-20,1.93
13288,2015-03-23,1.92
13289,2015-03-24,1.88
13290,2015-03-25,1.93
13291,2015-03-26,2.01
13292,2015-03-27,1.95
13293,2015-03-30,1.96
13294,2015-03-31,1.94
13295,2015-04-01,1.87
13296,2015-04-02,1.92
13297,2015-04-03,1.85
13298,2015-04-06,1.92
13299,2015-04-07,1.89
13300,2015-04-08,1.92
13301,2015-04-09,1.97
13302,2015-04-10,1.96
13303,2015-04-13,1.94
13304,2015-04-14,1.9
13305,2015-04-15,1.91
13306,2015-04-16,1.9
13307,2015-04-17,1.87
13308,2015-04-20,1.9
13309,2015-04-21,1.92
13310,2015-04-22,1.99
13311,2015-04-23,1.96
13312,2015-04-24,1.93
13313,2015-04-27,1.94
13314,2015-04-28,2.0
13315,2015-04-29,2.06
13316,2015-04-30,2.05
13317,2015-05-01,2.12
13318,2015-05-04,2.16
13319,2015-05-05,2.19
13320,2015-05-06,2.25
13321,2015-05-07,2.18
13322,2015-05-08,2.16
13323,2015-05-11,2.28
13324,2015-05-12,2.28
13325,2015-05-13,2.27
13326,2015-05-14,2.23
13327,2015-05-15,2.14
13328,2015-05-18,2.23
13329,2015-05-19,2.27
13330,2015-05-20,2.26
13331,2015-05-21,2.19
13332,2015-05-22,2.21
13333,2015-05-26,2.14
13334,2015-05-27,2.14
13335,2015-05-28,2.13
13336,2015-05-29,2.12
13337,2015-06-01,2.19
13338,2015-06-02,2.27
13339,2015-06-03,2.38
13340,2015-06-04,2.31
13341,2015-06-05,2.41
13342,2015-06-08,2.39
13343,2015-06-09,2.42
13344,2015-06-10,2.5
13345,2015-06-11,2.39
13346,2015-06-12,2.39
13347,2015-06-15,2.36
13348,2015-06-16,2.32
13349,2015-06-17,2.32
13350,2015-06-18,2.35
13351,2015-06-19,2.26
13352,2015-06-22,2.37
13353,2015-06-23,2.42
13354,2015-06-24,2.38
13355,2015-06-25,2.4
13356,2015-06-26,2.49
13357,2015-06-29,2.33
13358,2015-06-30,2.35
13359,2015-07-01,2.43
13360,2015-07-02,2.4
13361,2015-07-06,2.3
13362,2015-07-07,2.27
13363,2015-07-08,2.22
13364,2015-07-09,2.32
13365,2015-07-10,2.42
13366,2015-07-13,2.44
13367,2015-07-14,2.41
13368,2015-07-15,2.36
13369,2015-07-16,2.36
13370,2015-07-17,2.34
13371,2015-07-20,2.38
13372,2015-07-21,2.35
13373,2015-07-22,2.33
13374,2015-07-23,2.28
13375,2015-07-24,2.27
13376,2015-07-27,2.23
13377,2015-07-28,2.26
13378,2015-07-29,2.29
13379,2015-07-30,2.28
13380,2015-07-31,2.2
13381,2015-08-03,2.16
13382,2015-08-04,2.23
13383,2015-08-05,2.28
13384,2015-08-06,2.23
13385,2015-08-07,2.18
13386,2015-08-10,2.24
13387,2015-08-11,2.15
13388,2015-08-12,2.14
13389,2015-08-13,2.19
13390,2015-08-14,2.2
13391,2015-08-17,2.16
13392,2015-08-18,2.2
13393,2015-08-19,2.12
13394,2015-08-20,2.09
13395,2015-08-21,2.05
13396,2015-08-24,2.01
13397,2015-08-25,2.12
13398,2015-08-26,2.18
13399,2015-08-27,2.18
13400,2015-08-28,2.19
13401,2015-08-31,2.21
13402,2015-09-01,2.17
13403,2015-09-02,2.2
13404,2015-09-03,2.18
13405,2015-09-04,2.13
13406,2015-09-08,2.2
13407,2015-09-09,2.21
13408,2015-09-10,2.23
13409,2015-09-11,2.2
13410,2015-09-14,2.18
13411,2015-09-15,2.28
13412,2015-09-16,2.3
13413,2015-09-17,2.21
13414,2015-09-18,2.13
13415,2015-09-21,2.2
13416,2015-09-22,2.14
13417,2015-09-23,2.16
13418,2015-09-24,2.13
13419,2015-09-25,2.17
13420,2015-09-28,2.1
13421,2015-09-29,2.05
13422,2015-09-30,2.06
13423,2015-10-01,2.05
13424,2015-10-02,1.99
13425,2015-10-05,2.07
13426,2015-10-06,2.05
13427,2015-10-07,2.08
13428,2015-10-08,2.12
13429,2015-10-09,2.12
13430,2015-10-13,2.06
13431,2015-10-14,1.99
13432,2015-10-15,2.04
13433,2015-10-16,2.04
13434,2015-10-19,2.04
13435,2015-10-20,2.08
13436,2015-10-21,2.04
13437,2015-10-22,2.04
13438,2015-10-23,2.09
13439,2015-10-26,2.07
13440,2015-10-27,2.05
13441,2015-10-28,2.1
13442,2015-10-29,2.19
13443,2015-10-30,2.16
13444,2015-11-02,2.2
13445,2015-11-03,2.23
13446,2015-11-04,2.25
13447,2015-11-05,2.26
13448,2015-11-06,2.34
13449,2015-11-09,2.36
13450,2015-11-10,2.32
13451,2015-11-12,2.32
13452,2015-11-13,2.28
13453,2015-11-16,2.27
13454,2015-11-17,2.25
13455,2015-11-18,2.27
13456,2015-11-19,2.24
13457,2015-11-20,2.26
13458,2015-11-23,2.25
13459,2015-11-24,2.24
13460,2015-11-25,2.23
13461,2015-11-27,2.22
13462,2015-11-30,2.21
13463,2015-12-01,2.15
13464,2015-12-02,2.18
13465,2015-12-03,2.33
13466,2015-12-04,2.28
13467,2015-12-07,2.23
13468,2015-12-08,2.24
13469,2015-12-09,2.22
13470,2015-12-10,2.24
13471,2015-12-11,2.13
13472,2015-12-14,2.23
13473,2015-12-15,2.28
13474,2015-12-16,2.3
13475,2015-12-17,2.24
13476,2015-12-18,2.19
13477,2015-12-21,2.2
13478,2015-12-22,2.24
13479,2015-12-23,2.27
13480,2015-12-24,2.25
13481,2015-12-28,2.24
13482,2015-12-29,2.32
13483,2015-12-30,2.31
13484,2015-12-31,2.27
13485,2016-01-04,2.24
13486,2016-01-05,2.25
13487,2016-01-06,2.18
13488,2016-01-07,2.16
13489,2016-01-08,2.13
13490,2016-01-11,2.17
13491,2016-01-12,2.12
13492,2016-01-13,2.08
13493,2016-01-14,2.1
13494,2016-01-15,2.03
13495,2016-01-19,2.06
13496,2016-01-20,2.01
13497,2016-01-21,2.02
13498,2016-01-22,2.07
13499,2016-01-25,2.03
13500,2016-01-26,2.01
13501,2016-01-27,2.02
13502,2016-01-28,2.0
13503,2016-01-29,1.94
13504,2016-02-01,1.97
13505,2016-02-02,1.87
13506,2016-02-03,1.88
13507,2016-02-04,1.87
13508,2016-02-05,1.86
13509,2016-02-08,1.75
13510,2016-02-09,1.74
13511,2016-02-10,1.71
13512,2016-02-11,1.63
13513,2016-02-12,1.74
13514,2016-02-16,1.78
13515,2016-02-17,1.81
13516,2016-02-18,1.75
13517,2016-02-19,1.76
13518,2016-02-22,1.77
13519,2016-02-23,1.74
13520,2016-02-24,1.75
13521,2016-02-25,1.71
13522,2016-02-26,1.76
13523,2016-02-29,1.74
13524,2016-03-01,1.83
13525,2016-03-02,1.84
13526,2016-03-03,1.83
13527,2016-03-04,1.88
13528,2016-03-07,1.91
13529,2016-03-08,1.83
13530,2016-03-09,1.9
13531,2016-03-10,1.93
13532,2016-03-11,1.98
13533,2016-03-14,1.97
13534,2016-03-15,1.97
13535,2016-03-16,1.94
13536,2016-03-17,1.91
13537,2016-03-18,1.88
13538,2016-03-21,1.92
13539,2016-03-22,1.94
13540,2016-03-23,1.88
13541,2016-03-24,1.91
13542,2016-03-28,1.89
13543,2016-03-29,1.81
13544,2016-03-30,1.83
13545,2016-03-31,1.78
13546,2016-04-01,1.79
13547,2016-04-04,1.78
13548,2016-04-05,1.73
13549,2016-04-06,1.76
13550,2016-04-07,1.7
13551,2016-04-08,1.72
13552,2016-04-11,1.73
13553,2016-04-12,1.79
13554,2016-04-13,1.77
13555,2016-04-14,1.8
13556,2016-04-15,1.76
13557,2016-04-18,1.78
13558,2016-04-19,1.79
13559,2016-04-20,1.85
13560,2016-04-21,1.88
13561,2016-04-22,1.89
13562,2016-04-25,1.91
13563,2016-04-26,1.94
13564,2016-04-27,1.87
13565,2016-04-28,1.84
13566,2016-04-29,1.83
13567,2016-05-02,1.88
13568,2016-05-03,1.81
13569,2016-05-04,1.79
13570,2016-05-05,1.76
13571,2016-05-06,1.79
13572,2016-05-09,1.77
13573,2016-05-10,1.77
13574,2016-05-11,1.73
13575,2016-05-12,1.75
13576,2016-05-13,1.71
13577,2016-05-16,1.75
13578,2016-05-17,1.76
13579,2016-05-18,1.87
13580,2016-05-19,1.85
13581,2016-05-20,1.85
13582,2016-05-23,1.84
13583,2016-05-24,1.86
13584,2016-05-25,1.87
13585,2016-05-26,1.83
13586,2016-05-27,1.85
13587,2016-05-31,1.84
13588,2016-06-01,1.85
13589,2016-06-02,1.81
13590,2016-06-03,1.71
13591,2016-06-06,1.73
13592,2016-06-07,1.72
13593,2016-06-08,1.71
13594,2016-06-09,1.68
13595,2016-06-10,1.64
13596,2016-06-13,1.62
13597,2016-06-14,1.62
13598,2016-06-15,1.6
13599,2016-06-16,1.57
13600,2016-06-17,1.62
13601,2016-06-20,1.67
13602,2016-06-21,1.71
13603,2016-06-22,1.69
13604,2016-06-23,1.74
13605,2016-06-24,1.57
13606,2016-06-27,1.46
13607,2016-06-28,1.46
13608,2016-06-29,1.5
13609,2016-06-30,1.49
13610,2016-07-01,1.46
13611,2016-07-05,1.37
13612,2016-07-06,1.38
13613,2016-07-07,1.4
13614,2016-07-08,1.37
13615,2016-07-11,1.43
13616,2016-07-12,1.53
13617,2016-07-13,1.48
13618,2016-07-14,1.53
13619,2016-07-15,1.6
13620,2016-07-18,1.59
13621,2016-07-19,1.56
13622,2016-07-20,1.59
13623,2016-07-21,1.57
13624,2016-07-22,1.57
13625,2016-07-25,1.58
13626,2016-07-26,1.57
13627,2016-07-27,1.52
13628,2016-07-28,1.52
13629,2016-07-29,1.46
13630,2016-08-01,1.51
13631,2016-08-02,1.55
13632,2016-08-03,1.55
13633,2016-08-04,1.51
13634,2016-08-05,1.59
13635,2016-08-08,1.59
13636,2016-08-09,1.55
13637,2016-08-10,1.5
13638,2016-08-11,1.57
13639,2016-08-12,1.51
13640,2016-08-15,1.55
13641,2016-08-16,1.57
13642,2016-08-17,1.56
13643,2016-08-18,1.53
13644,2016-08-19,1.58
13645,2016-08-22,1.55
13646,2016-08-23,1.55
13647,2016-08-24,1.56
13648,2016-08-25,1.58
13649,2016-08-26,1.62
13650,2016-08-29,1.57
13651,2016-08-30,1.57
13652,2016-08-31,1.58
13653,2016-09-01,1.57
13654,2016-09-02,1.6
13655,2016-09-06,1.55
13656,2016-09-07,1.54
13657,2016-09-08,1.61
13658,2016-09-09,1.67
13659,2016-09-12,1.68
13660,2016-09-13,1.73
13661,2016-09-14,1.7
13662,2016-09-15,1.71
13663,2016-09-16,1.7
13664,2016-09-19,1.7
13665,2016-09-20,1.69
13666,2016-09-21,1.66
13667,2016-09-22,1.63
13668,2016-09-23,1.62
13669,2016-09-26,1.59
13670,2016-09-27,1.56
13671,2016-09-28,1.57
13672,2016-09-29,1.56
13673,2016-09-30,1.6
13674,2016-10-03,1.63
13675,2016-10-04,1.69
13676,2016-10-05,1.72
13677,2016-10-06,1.75
13678,2016-10-07,1.73
13679,2016-10-11,1.77
13680,2016-10-12,1.79
13681,2016-10-13,1.75
13682,2016-10-14,1.8
13683,2016-10-17,1.77
13684,2016-10-18,1.75
13685,2016-10-19,1.76
13686,2016-10-20,1.76
13687,2016-10-21,1.74
13688,2016-10-24,1.77
13689,2016-10-25,1.77
13690,2016-10-26,1.79
13691,2016-10-27,1.85
13692,2016-10-28,1.86
13693,2016-10-31,1.84
13694,2016-11-01,1.83
13695,2016-11-02,1.81
13696,2016-11-03,1.82
13697,2016-11-04,1.79
13698,2016-11-07,1.83
13699,2016-11-08,1.88
13700,2016-11-09,2.07
13701,2016-11-10,2.15
13702,2016-11-14,2.23
13703,2016-11-15,2.23
13704,2016-11-16,2.22
13705,2016-11-17,2.29
13706,2016-11-18,2.34
13707,2016-11-21,2.33
13708,2016-11-22,2.31
13709,2016-11-23,2.36
13710,2016-11-25,2.36
13711,2016-11-28,2.32
13712,2016-11-29,2.3
13713,2016-11-30,2.37
13714,2016-12-01,2.45
13715,2016-12-02,2.4
13716,2016-12-05,2.39
13717,2016-12-06,2.39
13718,2016-12-07,2.34
13719,2016-12-08,2.4
13720,2016-12-09,2.47
13721,2016-12-12,2.49
13722,2016-12-13,2.48
13723,2016-12-14,2.54
13724,2016-12-15,2.6
13725,2016-12-16,2.6
13726,2016-12-19,2.54
13727,2016-12-20,2.57
13728,2016-12-21,2.55
13729,2016-12-22,2.55
13730,2016-12-23,2.55
13731,2016-12-27,2.57
13732,2016-12-28,2.51
13733,2016-12-29,2.49
13734,2016-12-30,2.45
13735,2017-01-03,2.45
13736,2017-01-04,2.46
13737,2017-01-05,2.37
13738,2017-01-06,2.42
13739,2017-01-09,2.38
13740,2017-01-10,2.38
13741,2017-01-11,2.38
13742,2017-01-12,2.36
13743,2017-01-13,2.4
13744,2017-01-17,2.33
13745,2017-01-18,2.42
13746,2017-01-19,2.47
13747,2017-01-20,2.48
13748,2017-01-23,2.41
13749,2017-01-24,2.47
13750,2017-01-25,2.53
13751,2017-01-26,2.51
13752,2017-01-27,2.49
13753,2017-01-30,2.49
13754,2017-01-31,2.45
13755,2017-02-01,2.48
13756,2017-02-02,2.48
13757,2017-02-03,2.49
13758,2017-02-06,2.42
13759,2017-02-07,2.4
13760,2017-02-08,2.34
13761,2017-02-09,2.4
13762,2017-02-10,2.41
13763,2017-02-13,2.43
13764,2017-02-14,2.47
13765,2017-02-15,2.51
13766,2017-02-16,2.45
13767,2017-02-17,2.42
13768,2017-02-21,2.43
13769,2017-02-22,2.42
13770,2017-02-23,2.38
13771,2017-02-24,2.31
13772,2017-02-27,2.36
13773,2017-02-28,2.36
13774,2017-03-01,2.46
13775,2017-03-02,2.49
13776,2017-03-03,2.49
13777,2017-03-06,2.49
13778,2017-03-07,2.52
13779,2017-03-08,2.57
13780,2017-03-09,2.6
13781,2017-03-10,2.58
13782,2017-03-13,2.62
13783,2017-03-14,2.6
13784,2017-03-15,2.51
13785,2017-03-16,2.53
13786,2017-03-17,2.5
13787,2017-03-20,2.47
13788,2017-03-21,2.43
13789,2017-03-22,2.4
13790,2017-03-23,2.41
13791,2017-03-24,2.4
13792,2017-03-27,2.38
13793,2017-03-28,2.42
13794,2017-03-29,2.39
13795,2017-03-30,2.42
13796,2017-03-31,2.4
13797,2017-04-03,2.35
13798,2017-04-04,2.36
13799,2017-04-05,2.34
13800,2017-04-06,2.34
13801,2017-04-07,2.38
13802,2017-04-10,2.37
13803,2017-04-11,2.32
13804,2017-04-12,2.28
13805,2017-04-13,2.24
13806,2017-04-17,2.26
13807,2017-04-18,2.18
13808,2017-04-19,2.21
13809,2017-04-20,2.24
13810,2017-04-21,2.24
13811,2017-04-24,2.28
13812,2017-04-25,2.35
13813,2017-04-26,2.32
13814,2017-04-27,2.3
13815,2017-04-28,2.29
13816,2017-05-01,2.33
13817,2017-05-02,2.29
13818,2017-05-03,2.33
13819,2017-05-04,2.36
13820,2017-05-05,2.36
13821,2017-05-08,2.39
13822,2017-05-09,2.42
13823,2017-05-10,2.41
13824,2017-05-11,2.39
13825,2017-05-12,2.33
13826,2017-05-15,2.34
13827,2017-05-16,2.33
13828,2017-05-17,2.22
13829,2017-05-18,2.23
13830,2017-05-19,2.23
13831,2017-05-22,2.25
13832,2017-05-23,2.29
13833,2017-05-24,2.26
13834,2017-05-25,2.25
13835,2017-05-26,2.25
13836,2017-05-30,2.21
13837,2017-05-31,2.21
13838,2017-06-01,2.21
13839,2017-06-02,2.15
13840,2017-06-05,2.18
13841,2017-06-06,2.14
13842,2017-06-07,2.18
13843,2017-06-08,2.19
13844,2017-06-09,2.21
13845,2017-06-12,2.21
13846,2017-06-13,2.21
13847,2017-06-14,2.15
13848,2017-06-15,2.16
13849,2017-06-16,2.16
13850,2017-06-19,2.19
13851,2017-06-20,2.16
13852,2017-06-21,2.16
13853,2017-06-22,2.15
13854,2017-06-23,2.15
13855,2017-06-26,2.14
13856,2017-06-27,2.21
13857,2017-06-28,2.22
13858,2017-06-29,2.27
13859,2017-06-30,2.31
13860,2017-07-03,2.35
13861,2017-07-05,2.33
13862,2017-07-06,2.37
13863,2017-07-07,2.39
13864,2017-07-10,2.38
13865,2017-07-11,2.37
13866,2017-07-12,2.33
13867,2017-07-13,2.35
13868,2017-07-14,2.33
13869,2017-07-17,2.31
13870,2017-07-18,2.27
13871,2017-07-19,2.27
13872,2017-07-20,2.27
13873,2017-07-21,2.24
13874,2017-07-24,2.26
13875,2017-07-25,2.33
13876,2017-07-26,2.29
13877,2017-07-27,2.32
13878,2017-07-28,2.3
13879,2017-07-31,2.3
13880,2017-08-01,2.26
13881,2017-08-02,2.27
13882,2017-08-03,2.24
13883,2017-08-04,2.27
13884,2017-08-07,2.26
13885,2017-08-08,2.29
13886,2017-08-09,2.24
13887,2017-08-10,2.2
13888,2017-08-11,2.19
13889,2017-08-14,2.22
13890,2017-08-15,2.27
13891,2017-08-16,2.23
13892,2017-08-17,2.19
13893,2017-08-18,2.19
13894,2017-08-21,2.18
13895,2017-08-22,2.22
13896,2017-08-23,2.17
13897,2017-08-24,2.19
13898,2017-08-25,2.17
13899,2017-08-28,2.16
13900,2017-08-29,2.13
13901,2017-08-30,2.15
13902,2017-08-31,2.12
13903,2017-09-01,2.16
13904,2017-09-05,2.07
13905,2017-09-06,2.1
13906,2017-09-07,2.05
13907,2017-09-08,2.06
13908,2017-09-11,2.14
13909,2017-09-12,2.17
13910,2017-09-13,2.2
13911,2017-09-14,2.2
13912,2017-09-15,2.2
13913,2017-09-18,2.23
13914,2017-09-19,2.24
13915,2017-09-20,2.28
13916,2017-09-21,2.27
13917,2017-09-22,2.26
13918,2017-09-25,2.22
13919,2017-09-26,2.24
13920,2017-09-27,2.31
13921,2017-09-28,2.31
13922,2017-09-29,2.33
13923,2017-10-02,2.34
13924,2017-10-03,2.33
13925,2017-10-04,2.33
13926,2017-10-05,2.35
13927,2017-10-06,2.37
13928,2017-10-10,2.35
13929,2017-10-11,2.35
13930,2017-10-12,2.33
13931,2017-10-13,2.28
13932,2017-10-16,2.3
13933,2017-10-17,2.3
13934,2017-10-18,2.34
13935,2017-10-19,2.33
13936,2017-10-20,2.39
13937,2017-10-23,2.38
13938,2017-10-24,2.42
13939,2017-10-25,2.44
13940,2017-10-26,2.46
13941,2017-10-27,2.42
13942,2017-10-30,2.37
13943,2017-10-31,2.38
13944,2017-11-01,2.37
13945,2017-11-02,2.35
13946,2017-11-03,2.34
13947,2017-11-06,2.32
13948,2017-11-07,2.32
13949,2017-11-08,2.32
13950,2017-11-09,2.33
13951,2017-11-10,2.4
13952,2017-11-13,2.4
13953,2017-11-14,2.38
13954,2017-11-15,2.33
13955,2017-11-16,2.37
13956,2017-11-17,2.35
13957,2017-11-20,2.37
13958,2017-11-21,2.36
13959,2017-11-22,2.32
13960,2017-11-24,2.34
13961,2017-11-27,2.32
13962,2017-11-28,2.34
13963,2017-11-29,2.37
13964,2017-11-30,2.42
13965,2017-12-01,2.37
13966,2017-12-04,2.37
13967,2017-12-05,2.36
13968,2017-12-06,2.33
13969,2017-12-07,2.37
13970,2017-12-08,2.38
13971,2017-12-11,2.39
13972,2017-12-12,2.4
13973,2017-12-13,2.36
13974,2017-12-14,2.35
13975,2017-12-15,2.35
13976,2017-12-18,2.39
13977,2017-12-19,2.46
13978,2017-12-20,2.49
13979,2017-12-21,2.48
13980,2017-12-22,2.48
13981,2017-12-26,2.47
13982,2017-12-27,2.42
13983,2017-12-28,2.43
13984,2017-12-29,2.4
13985,2018-01-02,2.46
13986,2018-01-03,2.44
13987,2018-01-04,2.46
13988,2018-01-05,2.47
13989,2018-01-08,2.49
13990,2018-01-09,2.55
13991,2018-01-10,2.55
13992,2018-01-11,2.54
13993,2018-01-12,2.55
13994,2018-01-16,2.54
13995,2018-01-17,2.57
13996,2018-01-18,2.62
13997,2018-01-19,2.64
13998,2018-01-22,2.66
13999,2018-01-23,2.63
14000,2018-01-24,2.65
14001,2018-01-25,2.63
14002,2018-01-26,2.66
14003,2018-01-29,2.7
14004,2018-01-30,2.73
14005,2018-01-31,2.72
14006,2018-02-01,2.78
14007,2018-02-02,2.84
14008,2018-02-05,2.77
14009,2018-02-06,2.79
14010,2018-02-07,2.84
14011,2018-02-08,2.85
14012,2018-02-09,2.83
14013,2018-02-12,2.86
14014,2018-02-13,2.83
14015,2018-02-14,2.91
14016,2018-02-15,2.9
14017,2018-02-16,2.87
14018,2018-02-20,2.88
14019,2018-02-21,2.94
14020,2018-02-22,2.92
14021,2018-02-23,2.88
14022,2018-02-26,2.86
14023,2018-02-27,2.9
14024,2018-02-28,2.87
14025,2018-03-01,2.81
14026,2018-03-02,2.86
14027,2018-03-05,2.88
14028,2018-03-06,2.88
14029,2018-03-07,2.89
14030,2018-03-08,2.86
14031,2018-03-09,2.9
14032,2018-03-12,2.87
14033,2018-03-13,2.84
14034,2018-03-14,2.81
14035,2018-03-15,2.82
14036,2018-03-16,2.85
14037,2018-03-19,2.85
14038,2018-03-20,2.89
14039,2018-03-21,2.89
14040,2018-03-22,2.83
14041,2018-03-23,2.82
14042,2018-03-26,2.85
14043,2018-03-27,2.78
14044,2018-03-28,2.77
14045,2018-03-29,2.74
14046,2018-04-02,2.73
14047,2018-04-03,2.79
14048,2018-04-04,2.79
14049,2018-04-05,2.83
14050,2018-04-06,2.77
14051,2018-04-09,2.78
14052,2018-04-10,2.8
14053,2018-04-11,2.79
14054,2018-04-12,2.83
14055,2018-04-13,2.82
14056,2018-04-16,2.83
14057,2018-04-17,2.82
14058,2018-04-18,2.87
14059,2018-04-19,2.92
14060,2018-04-20,2.96
14061,2018-04-23,2.98
14062,2018-04-24,3.0
14063,2018-04-25,3.03
14064,2018-04-26,3.0
14065,2018-04-27,2.96
14066,2018-04-30,2.95
14067,2018-05-01,2.97
14068,2018-05-02,2.97
14069,2018-05-03,2.94
14070,2018-05-04,2.95
14071,2018-05-07,2.95
14072,2018-05-08,2.97
14073,2018-05-09,3.0
14074,2018-05-10,2.97
14075,2018-05-11,2.97
14076,2018-05-14,3.0
14077,2018-05-15,3.08
14078,2018-05-16,3.09
14079,2018-05-17,3.11
14080,2018-05-18,3.06
14081,2018-05-21,3.06
14082,2018-05-22,3.06
14083,2018-05-23,3.01
14084,2018-05-24,2.98
14085,2018-05-25,2.93
14086,2018-05-29,2.77
14087,2018-05-30,2.84
14088,2018-05-31,2.83
14089,2018-06-01,2.89
14090,2018-06-04,2.94
14091,2018-06-05,2.92
14092,2018-06-06,2.97
14093,2018-06-07,2.93
14094,2018-06-08,2.93
14095,2018-06-11,2.96
14096,2018-06-12,2.96
14097,2018-06-13,2.98
14098,2018-06-14,2.94
14099,2018-06-15,2.93
14100,2018-06-18,2.92
14101,2018-06-19,2.89
14102,2018-06-20,2.93
14103,2018-06-21,2.9
14104,2018-06-22,2.9
14105,2018-06-25,2.87
14106,2018-06-26,2.88
14107,2018-06-27,2.83
14108,2018-06-28,2.84
14109,2018-06-29,2.85
14110,2018-07-02,2.87
14111,2018-07-03,2.83
14112,2018-07-05,2.84
14113,2018-07-06,2.82
14114,2018-07-09,2.86
14115,2018-07-10,2.87
14116,2018-07-11,2.85
14117,2018-07-12,2.85
14118,2018-07-13,2.83
14119,2018-07-16,2.85
14120,2018-07-17,2.86
14121,2018-07-18,2.88
14122,2018-07-19,2.84
14123,2018-07-20,2.89
14124,2018-07-23,2.96
14125,2018-07-24,2.95
14126,2018-07-25,2.94
14127,2018-07-26,2.98
14128,2018-07-27,2.96
14129,2018-07-30,2.98
14130,2018-07-31,2.96
14131,2018-08-01,3.0
14132,2018-08-02,2.98
14133,2018-08-03,2.95
14134,2018-08-06,2.94
14135,2018-08-07,2.98
14136,2018-08-08,2.96
14137,2018-08-09,2.93
14138,2018-08-10,2.87
14139,2018-08-13,2.88
14140,2018-08-14,2.89
14141,2018-08-15,2.86
14142,2018-08-16,2.87
14143,2018-08-17,2.87
14144,2018-08-20,2.82
14145,2018-08-21,2.85
14146,2018-08-22,2.82
14147,2018-08-23,2.82
14148,2018-08-24,2.82
14149,2018-08-27,2.85
14150,2018-08-28,2.88
14151,2018-08-29,2.89
14152,2018-08-30,2.86
14153,2018-08-31,2.86
14154,2018-09-04,2.9
14155,2018-09-05,2.9
14156,2018-09-06,2.88
14157,2018-09-07,2.94
14158,2018-09-10,2.94
14159,2018-09-11,2.98
14160,2018-09-12,2.97
14161,2018-09-13,2.97
14162,2018-09-14,2.99
14163,2018-09-17,2.99
14164,2018-09-18,3.05
14165,2018-09-19,3.08
14166,2018-09-20,3.07
14167,2018-09-21,3.07
14168,2018-09-24,3.08
14169,2018-09-25,3.1
14170,2018-09-26,3.06
14171,2018-09-27,3.06
14172,2018-09-28,3.05
14173,2018-10-01,3.09
14174,2018-10-02,3.05
14175,2018-10-03,3.15
14176,2018-10-04,3.19
14177,2018-10-05,3.23
14178,2018-10-09,3.21
14179,2018-10-10,3.22
14180,2018-10-11,3.14
14181,2018-10-12,3.15
14182,2018-10-15,3.16
14183,2018-10-16,3.16
14184,2018-10-17,3.19
14185,2018-10-18,3.17
14186,2018-10-19,3.2
14187,2018-10-22,3.2
14188,2018-10-23,3.17
14189,2018-10-24,3.1
14190,2018-10-25,3.14
14191,2018-10-26,3.08
14192,2018-10-29,3.08
14193,2018-10-30,3.12
14194,2018-10-31,3.15
14195,2018-11-01,3.14
14196,2018-11-02,3.22
14197,2018-11-05,3.2
14198,2018-11-06,3.22
14199,2018-11-07,3.22
14200,2018-11-08,3.24
14201,2018-11-09,3.19
14202,2018-11-13,3.14
14203,2018-11-14,3.12
14204,2018-11-15,3.11
14205,2018-11-16,3.08
14206,2018-11-19,3.06
14207,2018-11-20,3.06
14208,2018-11-21,3.06
14209,2018-11-23,3.05
14210,2018-11-26,3.07
14211,2018-11-27,3.06
14212,2018-11-28,3.06
14213,2018-11-29,3.03
14214,2018-11-30,3.01
14215,2018-12-03,2.98
14216,2018-12-04,2.91
14217,2018-12-06,2.87
14218,2018-12-07,2.85
14219,2018-12-10,2.85
14220,2018-12-11,2.89
14221,2018-12-12,2.91
14222,2018-12-13,2.91
14223,2018-12-14,2.89
14224,2018-12-17,2.86
14225,2018-12-18,2.82
14226,2018-12-19,2.77
14227,2018-12-20,2.79
14228,2018-12-21,2.79
14229,2018-12-24,2.74
14230,2018-12-26,2.81
14231,2018-12-27,2.77
14232,2018-12-28,2.72
14233,2018-12-31,2.69
14234,2019-01-02,2.66
14235,2019-01-03,2.56
14236,2019-01-04,2.67
14237,2019-01-07,2.7
14238,2019-01-08,2.73
14239,2019-01-09,2.74
14240,2019-01-10,2.74
14241,2019-01-11,2.71
14242,2019-01-14,2.71
14243,2019-01-15,2.72
14244,2019-01-16,2.73
14245,2019-01-17,2.75
14246,2019-01-18,2.79
14247,2019-01-22,2.74
14248,2019-01-23,2.76
14249,2019-01-24,2.72
14250,2019-01-25,2.76
14251,2019-01-28,2.75
14252,2019-01-29,2.72
14253,2019-01-30,2.7
14254,2019-01-31,2.63
14255,2019-02-01,2.7
14256,2019-02-04,2.73
14257,2019-02-05,2.71
14258,2019-02-06,2.7
14259,2019-02-07,2.65
14260,2019-02-08,2.63
14261,2019-02-11,2.65
14262,2019-02-12,2.68
14263,2019-02-13,2.71
14264,2019-02-14,2.66
14265,2019-02-15,2.66
14266,2019-02-19,2.65
14267,2019-02-20,2.65
14268,2019-02-21,2.69
14269,2019-02-22,2.65
14270,2019-02-25,2.67
14271,2019-02-26,2.64
14272,2019-02-27,2.69
14273,2019-02-28,2.73
14274,2019-03-01,2.76
14275,2019-03-04,2.72
14276,2019-03-05,2.72
14277,2019-03-06,2.69
14278,2019-03-07,2.64
14279,2019-03-08,2.62
14280,2019-03-11,2.64
14281,2019-03-12,2.61
14282,2019-03-13,2.61
14283,2019-03-14,2.63
14284,2019-03-15,2.59
14285,2019-03-18,2.6
14286,2019-03-19,2.61
14287,2019-03-20,2.54
14288,2019-03-21,2.54
14289,2019-03-22,2.44
14290,2019-03-25,2.43
14291,2019-03-26,2.41
14292,2019-03-27,2.39
14293,2019-03-28,2.39
14294,2019-03-29,2.41
14295,2019-04-01,2.49
14296,2019-04-02,2.48
14297,2019-04-03,2.52
14298,2019-04-04,2.51
14299,2019-04-05,2.5
14300,2019-04-08,2.52
14301,2019-04-09,2.51
14302,2019-04-10,2.48
14303,2019-04-11,2.51
14304,2019-04-12,2.56
14305,2019-04-15,2.55
14306,2019-04-16,2.6
14307,2019-04-17,2.59
14308,2019-04-18,2.57
14309,2019-04-22,2.59
14310,2019-04-23,2.57
14311,2019-04-24,2.53
14312,2019-04-25,2.54
14313,2019-04-26,2.51
14314,2019-04-29,2.54
14315,2019-04-30,2.51
14316,2019-05-01,2.52
14317,2019-05-02,2.55
14318,2019-05-03,2.54
14319,2019-05-06,2.51
14320,2019-05-07,2.45
14321,2019-05-08,2.49
14322,2019-05-09,2.45
14323,2019-05-10,2.47
14324,2019-05-13,2.4
14325,2019-05-14,2.42
14326,2019-05-15,2.37
14327,2019-05-16,2.4
14328,2019-05-17,2.39
14329,2019-05-20,2.41
14330,2019-05-21,2.43
14331,2019-05-22,2.39
14332,2019-05-23,2.31
14333,2019-05-24,2.32
14334,2019-05-28,2.26
14335,2019-05-29,2.25
14336,2019-05-30,2.22
14337,2019-05-31,2.14
14338,2019-06-03,2.07
14339,2019-06-04,2.12
14340,2019-06-05,2.12
14341,2019-06-06,2.12
14342,2019-06-07,2.09
14343,2019-06-10,2.15
14344,2019-06-11,2.15
14345,2019-06-12,2.13
14346,2019-06-13,2.1
14347,2019-06-14,2.09
14348,2019-06-17,2.09
14349,2019-06-18,2.06
14350,2019-06-19,2.03
14351,2019-06-20,2.01
14352,2019-06-21,2.07
14353,2019-06-24,2.02
14354,2019-06-25,2.0
14355,2019-06-26,2.05
14356,2019-06-27,2.01
14357,2019-06-28,2.0
14358,2019-07-01,2.03
14359,2019-07-02,1.98
14360,2019-07-03,1.96
14361,2019-07-05,2.04
14362,2019-07-08,2.05
14363,2019-07-09,2.07
14364,2019-07-10,2.07
14365,2019-07-11,2.13
14366,2019-07-12,2.12
14367,2019-07-15,2.09
14368,2019-07-16,2.13
14369,2019-07-17,2.06
14370,2019-07-18,2.04
14371,2019-07-19,2.05
14372,2019-07-22,2.05
14373,2019-07-23,2.08
14374,2019-07-24,2.05
14375,2019-07-25,2.08
14376,2019-07-26,2.08
14377,2019-07-29,2.06
14378,2019-07-30,2.06
14379,2019-07-31,2.02
14380,2019-08-01,1.9
14381,2019-08-02,1.86
14382,2019-08-05,1.75
14383,2019-08-06,1.73
14384,2019-08-07,1.71
14385,2019-08-08,1.72
14386,2019-08-09,1.74
14387,2019-08-12,1.65
14388,2019-08-13,1.68
14389,2019-08-14,1.59
14390,2019-08-15,1.52
14391,2019-08-16,1.55
14392,2019-08-19,1.6
14393,2019-08-20,1.55
14394,2019-08-21,1.59
14395,2019-08-22,1.62
14396,2019-08-23,1.52
14397,2019-08-26,1.54
14398,2019-08-27,1.49
14399,2019-08-28,1.47
14400,2019-08-29,1.5
14401,2019-08-30,1.5
14402,2019-09-03,1.47
14403,2019-09-04,1.47
14404,2019-09-05,1.57
14405,2019-09-06,1.55
14406,2019-09-09,1.63
14407,2019-09-10,1.72
14408,2019-09-11,1.75
14409,2019-09-12,1.79
14410,2019-09-13,1.9
14411,2019-09-16,1.84
14412,2019-09-17,1.81
14413,2019-09-18,1.8
14414,2019-09-19,1.79
14415,2019-09-20,1.74
14416,2019-09-23,1.72
14417,2019-09-24,1.64
14418,2019-09-25,1.73
14419,2019-09-26,1.7
14420,2019-09-27,1.69
14421,2019-09-30,1.68
14422,2019-10-01,1.65
14423,2019-10-02,1.6
14424,2019-10-03,1.54
14425,2019-10-04,1.52
14426,2019-10-07,1.56
14427,2019-10-08,1.54
14428,2019-10-09,1.59
14429,2019-10-10,1.67
14430,2019-10-11,1.76
14431,2019-10-15,1.77
14432,2019-10-16,1.75
14433,2019-10-17,1.76
14434,2019-10-18,1.76
14435,2019-10-21,1.8
14436,2019-10-22,1.78
14437,2019-10-23,1.77
14438,2019-10-24,1.77
14439,2019-10-25,1.8
14440,2019-10-28,1.85
14441,2019-10-29,1.84
14442,2019-10-30,1.78
14443,2019-10-31,1.69
14444,2019-11-01,1.73
14445,2019-11-04,1.79
14446,2019-11-05,1.86
14447,2019-11-06,1.81
14448,2019-11-07,1.92
14449,2019-11-08,1.94
14450,2019-11-12,1.92
14451,2019-11-13,1.88
14452,2019-11-14,1.82
14453,2019-11-15,1.84
14454,2019-11-18,1.81
14455,2019-11-19,1.79
14456,2019-11-20,1.73
14457,2019-11-21,1.77
14458,2019-11-22,1.77
14459,2019-11-25,1.76
14460,2019-11-26,1.74
14461,2019-11-27,1.77
14462,2019-11-29,1.78
14463,2019-12-02,1.83
14464,2019-12-03,1.72
14465,2019-12-04,1.77
14466,2019-12-05,1.8
14467,2019-12-06,1.84
14468,2019-12-09,1.83
14469,2019-12-10,1.85
14470,2019-12-11,1.79
14471,2019-12-12,1.9
14472,2019-12-13,1.82
14473,2019-12-16,1.89
14474,2019-12-17,1.89
14475,2019-12-18,1.92
14476,2019-12-19,1.92
14477,2019-12-20,1.92
14478,2019-12-23,1.93
14479,2019-12-24,1.9
14480,2019-12-26,1.9
14481,2019-12-27,1.88
14482,2019-12-30,1.9
14483,2019-12-31,1.92
14484,2020-01-02,1.88
14485,2020-01-03,1.8
14486,2020-01-06,1.81
14487,2020-01-07,1.83
14488,2020-01-08,1.87
14489,2020-01-09,1.85
14490,2020-01-10,1.83
14491,2020-01-13,1.85
14492,2020-01-14,1.82
14493,2020-01-15,1.79
14494,2020-01-16,1.81
14495,2020-01-17,1.84
14496,2020-01-21,1.78
14497,2020-01-22,1.77
14498,2020-01-23,1.74
14499,2020-01-24,1.7
14500,2020-01-27,1.61
14501,2020-01-28,1.65
14502,2020-01-29,1.6
14503,2020-01-30,1.57
14504,2020-01-31,1.51
14505,2020-02-03,1.54
14506,2020-02-04,1.61
14507,2020-02-05,1.66
14508,2020-02-06,1.65
14509,2020-02-07,1.59
14510,2020-02-10,1.56
14511,2020-02-11,1.59
14512,2020-02-12,1.62
14513,2020-02-13,1.61
14514,2020-02-14,1.59
14515,2020-02-18,1.55
14516,2020-02-19,1.56
14517,2020-02-20,1.52
14518,2020-02-21,1.46
14519,2020-02-24,1.38
14520,2020-02-25,1.33
14521,2020-02-26,1.33
14522,2020-02-27,1.3
14523,2020-02-28,1.13
14524,2020-03-02,1.1
14525,2020-03-03,1.02
14526,2020-03-04,1.02
14527,2020-03-05,0.92
14528,2020-03-06,0.74
14529,2020-03-09,0.54
14530,2020-03-10,0.76
14531,2020-03-11,0.82
14532,2020-03-12,0.88
14533,2020-03-13,0.94
14534,2020-03-16,0.73
14535,2020-03-17,1.02
14536,2020-03-18,1.18
14537,2020-03-19,1.12
14538,2020-03-20,0.92
14539,2020-03-23,0.76
14540,2020-03-24,0.84
14541,2020-03-25,0.88
14542,2020-03-26,0.83
14543,2020-03-27,0.72
14544,2020-03-30,0.7
14545,2020-03-31,0.7
14546,2020-04-01,0.62
14547,2020-04-02,0.63
14548,2020-04-03,0.62
14549,2020-04-06,0.67
14550,2020-04-07,0.75
14551,2020-04-08,0.77
14552,2020-04-09,0.73
14553,2020-04-13,0.76
14554,2020-04-14,0.76
14555,2020-04-15,0.63
14556,2020-04-16,0.61
14557,2020-04-17,0.65
14558,2020-04-20,0.63
14559,2020-04-21,0.58
14560,2020-04-22,0.63
14561,2020-04-23,0.61
14562,2020-04-24,0.6
14563,2020-04-27,0.67
14564,2020-04-28,0.62
14565,2020-04-29,0.63
14566,2020-04-30,0.64
14567,2020-05-01,0.64
14568,2020-05-04,0.64
14569,2020-05-05,0.66
14570,2020-05-06,0.72
14571,2020-05-07,0.63
14572,2020-05-08,0.69
14573,2020-05-11,0.73
14574,2020-05-12,0.69
14575,2020-05-13,0.64
14576,2020-05-14,0.63
14577,2020-05-15,0.64
14578,2020-05-18,0.73
14579,2020-05-19,0.7
14580,2020-05-20,0.68
14581,2020-05-21,0.68
14582,2020-05-22,0.66
14583,2020-05-26,0.69
14584,2020-05-27,0.68
14585,2020-05-28,0.7
14586,2020-05-29,0.65
14587,2020-06-01,0.66
14588,2020-06-02,0.68
14589,2020-06-03,0.77
14590,2020-06-04,0.82
14591,2020-06-05,0.91
14592,2020-06-08,0.88
14593,2020-06-09,0.84
14594,2020-06-10,0.75
14595,2020-06-11,0.66
14596,2020-06-12,0.71
14597,2020-06-15,0.71
14598,2020-06-16,0.75
14599,2020-06-17,0.74
14600,2020-06-18,0.71
14601,2020-06-19,0.7
14602,2020-06-22,0.71
14603,2020-06-23,0.72
14604,2020-06-24,0.69
14605,2020-06-25,0.68
14606,2020-06-26,0.64
14607,2020-06-29,0.64
14608,2020-06-30,0.66
14609,2020-07-01,0.69
14610,2020-07-02,0.68
14611,2020-07-06,0.69
14612,2020-07-07,0.65
14613,2020-07-08,0.67
14614,2020-07-09,0.62
14615,2020-07-10,0.65
14616,2020-07-13,0.64
14617,2020-07-14,0.63
14618,2020-07-15,0.64
14619,2020-07-16,0.62
14620,2020-07-17,0.64
14621,2020-07-20,0.62
14622,2020-07-21,0.61
14623,2020-07-22,0.6
14624,2020-07-23,0.59
14625,2020-07-24,0.59
14626,2020-07-27,0.62
14627,2020-07-28,0.59
14628,2020-07-29,0.58
14629,2020-07-30,0.55
14630,2020-07-31,0.55
14631,2020-08-03,0.56
14632,2020-08-04,0.52
14633,2020-08-05,0.55
14634,2020-08-06,0.55
14635,2020-08-07,0.57
14636,2020-08-10,0.59
14637,2020-08-11,0.64
14638,2020-08-12,0.69
14639,2020-08-13,0.71
14640,2020-08-14,0.71
14641,2020-08-17,0.69
14642,2020-08-18,0.67
14643,2020-08-19,0.68
14644,2020-08-20,0.65
14645,2020-08-21,0.64
14646,2020-08-24,0.65
14647,2020-08-25,0.69
14648,2020-08-26,0.69
14649,2020-08-27,0.74
14650,2020-08-28,0.74
14651,2020-08-31,0.72
14652,2020-09-01,0.68
14653,2020-09-02,0.66
14654,2020-09-03,0.63
14655,2020-09-04,0.72
14656,2020-09-08,0.69
14657,2020-09-09,0.71
14658,2020-09-10,0.68
14659,2020-09-11,0.67
14660,2020-09-14,0.68
14661,2020-09-15,0.68
14662,2020-09-16,0.69
14663,2020-09-17,0.69
14664,2020-09-18,0.7
14665,2020-09-21,0.68
14666,2020-09-22,0.68
14667,2020-09-23,0.68
14668,2020-09-24,0.67
14669,2020-09-25,0.66
14670,2020-09-28,0.67
14671,2020-09-29,0.66
14672,2020-09-30,0.69
14673,2020-10-01,0.68
14674,2020-10-02,0.7
14675,2020-10-05,0.78
14676,2020-10-06,0.76
14677,2020-10-07,0.81
14678,2020-10-08,0.78
14679,2020-10-09,0.79
14680,2020-10-13,0.74
14681,2020-10-14,0.73
14682,2020-10-15,0.74
14683,2020-10-16,0.76
14684,2020-10-19,0.78
14685,2020-10-20,0.81
14686,2020-10-21,0.83
14687,2020-10-22,0.87
14688,2020-10-23,0.85
14689,2020-10-26,0.81
14690,2020-10-27,0.79
14691,2020-10-28,0.79
14692,2020-10-29,0.85
14693,2020-10-30,0.88
14694,2020-11-02,0.87
14695,2020-11-03,0.9
14696,2020-11-04,0.78
14697,2020-11-05,0.79
14698,2020-11-06,0.83
14699,2020-11-09,0.96
14700,2020-11-10,0.98
14701,2020-11-12,0.88
14702,2020-11-13,0.89
14703,2020-11-16,0.91
14704,2020-11-17,0.87
14705,2020-11-18,0.88
14706,2020-11-19,0.86
14707,2020-11-20,0.83
14708,2020-11-23,0.86
14709,2020-11-24,0.88
14710,2020-11-25,0.88
14711,2020-11-27,0.84
14712,2020-11-30,0.84
14713,2020-12-01,0.92
14714,2020-12-02,0.95
14715,2020-12-03,0.92
14716,2020-12-04,0.97
14717,2020-12-07,0.94
14718,2020-12-08,0.92
14719,2020-12-09,0.95
14720,2020-12-10,0.92
14721,2020-12-11,0.9
14722,2020-12-14,0.9
14723,2020-12-15,0.92
14724,2020-12-16,0.92
14725,2020-12-17,0.94
14726,2020-12-18,0.95
14727,2020-12-21,0.95
14728,2020-12-22,0.93
14729,2020-12-23,0.96
14730,2020-12-24,0.94
14731,2020-12-28,0.94
14732,2020-12-29,0.94
14733,2020-12-30,0.93
14734,2020-12-31,0.93
14735,2021-01-04,0.93
14736,2021-01-05,0.96
14737,2021-01-06,1.04
14738,2021-01-07,1.08
14739,2021-01-08,1.13
14740,2021-01-11,1.15
14741,2021-01-12,1.15
14742,2021-01-13,1.1
14743,2021-01-14,1.15
14744,2021-01-15,1.11
14745,2021-01-19,1.1
14746,2021-01-20,1.1
14747,2021-01-21,1.12
14748,2021-01-22,1.1
14749,2021-01-25,1.05
14750,2021-01-26,1.05
14751,2021-01-27,1.04
14752,2021-01-28,1.07
14753,2021-01-29,1.11
14754,2021-02-01,1.09
14755,2021-02-02,1.12
14756,2021-02-03,1.15
14757,2021-02-04,1.15
14758,2021-02-05,1.19
14759,2021-02-08,1.19
14760,2021-02-09,1.18
14761,2021-02-10,1.15
14762,2021-02-11,1.16
14763,2021-02-12,1.2
14764,2021-02-16,1.3
14765,2021-02-17,1.29
14766,2021-02-18,1.29
14767,2021-02-19,1.34
14768,2021-02-22,1.37
14769,2021-02-23,1.37
14770,2021-02-24,1.38
14771,2021-02-25,1.54
14772,2021-02-26,1.44
14773,2021-03-01,1.45
14774,2021-03-02,1.42
14775,2021-03-03,1.47
14776,2021-03-04,1.54
14777,2021-03-05,1.56
14778,2021-03-08,1.59
14779,2021-03-09,1.55
14780,2021-03-10,1.53
14781,2021-03-11,1.54
14782,2021-03-12,1.64
14783,2021-03-15,1.62
14784,2021-03-16,1.62
14785,2021-03-17,1.63
14786,2021-03-18,1.71
14787,2021-03-19,1.74
14788,2021-03-22,1.69
14789,2021-03-23,1.63
14790,2021-03-24,1.62
14791,2021-03-25,1.63
14792,2021-03-26,1.67
14793,2021-03-29,1.73
14794,2021-03-30,1.73
14795,2021-03-31,1.74
14796,2021-04-01,1.69
14797,2021-04-02,1.72
14798,2021-04-05,1.73
14799,2021-04-06,1.67
14800,2021-04-07,1.68
14801,2021-04-08,1.64
14802,2021-04-09,1.67
14803,2021-04-12,1.69
14804,2021-04-13,1.64
14805,2021-04-14,1.64
14806,2021-04-15,1.56
14807,2021-04-16,1.59
14808,2021-04-19,1.61
14809,2021-04-20,1.58
14810,2021-04-21,1.57
14811,2021-04-22,1.57
14812,2021-04-23,1.58
14813,2021-04-26,1.58
14814,2021-04-27,1.63
14815,2021-04-28,1.63
14816,2021-04-29,1.65
14817,2021-04-30,1.65
14818,2021-05-03,1.63
14819,2021-05-04,1.61
14820,2021-05-05,1.59
14821,2021-05-06,1.58
14822,2021-05-07,1.6
14823,2021-05-10,1.63
14824,2021-05-11,1.64
14825,2021-05-12,1.69
14826,2021-05-13,1.66
14827,2021-05-14,1.63
14828,2021-05-17,1.64
14829,2021-05-18,1.64
14830,2021-05-19,1.68
14831,2021-05-20,1.63
14832,2021-05-21,1.63
14833,2021-05-24,1.61
14834,2021-05-25,1.56
14835,2021-05-26,1.58
14836,2021-05-27,1.61
14837,2021-05-28,1.58
14838,2021-06-01,1.62
14839,2021-06-02,1.59
14840,2021-06-03,1.63
14841,2021-06-04,1.56
14842,2021-06-07,1.57
14843,2021-06-08,1.53
14844,2021-06-09,1.5
14845,2021-06-10,1.45
14846,2021-06-11,1.47
14847,2021-06-14,1.51
14848,2021-06-15,1.51
14849,2021-06-16,1.57
14850,2021-06-17,1.52
14851,2021-06-18,1.45
14852,2021-06-21,1.5
14853,2021-06-22,1.48
14854,2021-06-23,1.5
14855,2021-06-24,1.49
14856,2021-06-25,1.54
14857,2021-06-28,1.49
14858,2021-06-29,1.49
14859,2021-06-30,1.45
14860,2021-07-01,1.48
14861,2021-07-02,1.44
14862,2021-07-06,1.37
14863,2021-07-07,1.33
14864,2021-07-08,1.3
14865,2021-07-09,1.37
14866,2021-07-12,1.38
14867,2021-07-13,1.42
14868,2021-07-14,1.37
14869,2021-07-15,1.31
14870,2021-07-16,1.31
14871,2021-07-19,1.19
14872,2021-07-20,1.23
14873,2021-07-21,1.3
14874,2021-07-22,1.27
14875,2021-07-23,1.3
14876,2021-07-26,1.29
14877,2021-07-27,1.25
14878,2021-07-28,1.26
14879,2021-07-29,1.28
14880,2021-07-30,1.24
14881,2021-08-02,1.2
14882,2021-08-03,1.19
14883,2021-08-04,1.19
14884,2021-08-05,1.23
14885,2021-08-06,1.31
14886,2021-08-09,1.33
14887,2021-08-10,1.36
14888,2021-08-11,1.35
14889,2021-08-12,1.36
14890,2021-08-13,1.29
14891,2021-08-16,1.26
14892,2021-08-17,1.26
14893,2021-08-18,1.27
14894,2021-08-19,1.24
14895,2021-08-20,1.26
14896,2021-08-23,1.25
14897,2021-08-24,1.29
14898,2021-08-25,1.35
14899,2021-08-26,1.34
14900,2021-08-27,1.31
14901,2021-08-30,1.29
14902,2021-08-31,1.3
14903,2021-09-01,1.31
14904,2021-09-02,1.29
14905,2021-09-03,1.33
14906,2021-09-07,1.38
14907,2021-09-08,1.35
14908,2021-09-09,1.3
14909,2021-09-10,1.35
14910,2021-09-13,1.33
14911,2021-09-14,1.28
14912,2021-09-15,1.31
14913,2021-09-16,1.34
14914,2021-09-17,1.37
14915,2021-09-20,1.31
14916,2021-09-21,1.33
14917,2021-09-22,1.32
14918,2021-09-23,1.41
14919,2021-09-24,1.47
14920,2021-09-27,1.48
14921,2021-09-28,1.54
14922,2021-09-29,1.55
14923,2021-09-30,1.52
14924,2021-10-01,1.48
14925,2021-10-04,1.49
14926,2021-10-05,1.54
14927,2021-10-06,1.53
14928,2021-10-07,1.58
14929,2021-10-08,1.61
14930,2021-10-12,1.59
14931,2021-10-13,1.56
14932,2021-10-14,1.52
14933,2021-10-15,1.59
14934,2021-10-18,1.59
14935,2021-10-19,1.65
14936,2021-10-20,1.65
14937,2021-10-21,1.68
14938,2021-10-22,1.66
14939,2021-10-25,1.64
14940,2021-10-26,1.63
14941,2021-10-27,1.54
14942,2021-10-28,1.57
14943,2021-10-29,1.55
14944,2021-11-01,1.58
14945,2021-11-02,1.56
14946,2021-11-03,1.6
14947,2021-11-04,1.53
14948,2021-11-05,1.45
14949,2021-11-08,1.51
14950,2021-11-09,1.46
14951,2021-11-10,1.56
14952,2021-11-12,1.58
14953,2021-11-15,1.63
14954,2021-11-16,1.63
14955,2021-11-17,1.6
14956,2021-11-18,1.59
14957,2021-11-19,1.54
14958,2021-11-22,1.63
14959,2021-11-23,1.67
14960,2021-11-24,1.64
14961,2021-11-26,1.48
14962,2021-11-29,1.52
14963,2021-11-30,1.43
14964,2021-12-01,1.43
14965,2021-12-02,1.44
14966,2021-12-03,1.35
14967,2021-12-06,1.43
14968,2021-12-07,1.48
14969,2021-12-08,1.52
14970,2021-12-09,1.49
14971,2021-12-10,1.48
14972,2021-12-13,1.42
14973,2021-12-14,1.44
14974,2021-12-15,1.47
14975,2021-12-16,1.44
14976,2021-12-17,1.41
14977,2021-12-20,1.43
14978,2021-12-21,1.48
14979,2021-12-22,1.46
14980,2021-12-23,1.5
14981,2021-12-27,1.48
14982,2021-12-28,1.49
14983,2021-12-29,1.55
14984,2021-12-30,1.52
14985,2021-12-31,1.52
14986,2022-01-03,1.63
14987,2022-01-04,1.66
14988,2022-01-05,1.71
14989,2022-01-06,1.73
14990,2022-01-07,1.76
14991,2022-01-10,1.78
14992,2022-01-11,1.75
14993,2022-01-12,1.74
14994,2022-01-13,1.7
14995,2022-01-14,1.78
14996,2022-01-18,1.87
14997,2022-01-19,1.83
14998,2022-01-20,1.83
14999,2022-01-21,1.75
15000,2022-01-24,1.75
15001,2022-01-25,1.78
15002,2022-01-26,1.85
15003,2022-01-27,1.81
15004,2022-01-28,1.78
15005,2022-01-31,1.79
15006,2022-02-01,1.81
15007,2022-02-02,1.78
15008,2022-02-03,1.82
15009,2022-02-04,1.93
15010,2022-02-07,1.92
15011,2022-02-08,1.96
15012,2022-02-09,1.94
15013,2022-02-10,2.03
15014,2022-02-11,1.92
15015,2022-02-14,1.98
15016,2022-02-15,2.05
15017,2022-02-16,2.03
15018,2022-02-17,1.97
15019,2022-02-18,1.92
15020,2022-02-22,1.94
15021,2022-02-23,1.99
15022,2022-02-24,1.96
15023,2022-02-25,1.97
15024,2022-02-28,1.83
15025,2022-03-01,1.72
15026,2022-03-02,1.86
15027,2022-03-03,1.86
15028,2022-03-04,1.74
15029,2022-03-07,1.78
15030,2022-03-08,1.86
15031,2022-03-09,1.94
15032,2022-03-10,1.98
15033,2022-03-11,2.0
15034,2022-03-14,2.14
15035,2022-03-15,2.15
15036,2022-03-16,2.19
15037,2022-03-17,2.2
15038,2022-03-18,2.14
15039,2022-03-21,2.32
15040,2022-03-22,2.38
15041,2022-03-23,2.32
15042,2022-03-24,2.34
15043,2022-03-25,2.48
15044,2022-03-28,2.46
15045,2022-03-29,2.41
15046,2022-03-30,2.35
15047,2022-03-31,2.32
15048,2022-04-01,2.39
15049,2022-04-04,2.42
15050,2022-04-05,2.54
15051,2022-04-06,2.61
15052,2022-04-07,2.66
15053,2022-04-08,2.72
15054,2022-04-11,2.79
15055,2022-04-12,2.72
15056,2022-04-13,2.7
15057,2022-04-14,2.83
15058,2022-04-18,2.85
15059,2022-04-19,2.93
15060,2022-04-20,2.85
15061,2022-04-21,2.9
15062,2022-04-22,2.9
15063,2022-04-25,2.81
15064,2022-04-26,2.77
15065,2022-04-27,2.82
15066,2022-04-28,2.85
15067,2022-04-29,2.89
15068,2022-05-02,2.99
15069,2022-05-03,2.97
15070,2022-05-04,2.93
15071,2022-05-05,3.05
15072,2022-05-06,3.12
15073,2022-05-09,3.05
15074,2022-05-10,2.99
15075,2022-05-11,2.91
15076,2022-05-12,2.84
15077,2022-05-13,2.93
15078,2022-05-16,2.88
15079,2022-05-17,2.98
15080,2022-05-18,2.89
15081,2022-05-19,2.84
15082,2022-05-20,2.78
15083,2022-05-23,2.86
15084,2022-05-24,2.76
15085,2022-05-25,2.75
15086,2022-05-26,2.75
15087,2022-05-27,2.74
15088,2022-05-31,2.85
15089,2022-06-01,2.94
15090,2022-06-02,2.92
15091,2022-06-03,2.96
15092,2022-06-06,3.04
15093,2022-06-07,2.98
15094,2022-06-08,3.03
15095,2022-06-09,3.04
15096,2022-06-10,3.15
15097,2022-06-13,3.43
15098,2022-06-14,3.49
15099,2022-06-15,3.33
15100,2022-06-16,3.28
15101,2022-06-17,3.25
15102,2022-06-21,3.31
15103,2022-06-22,3.16
15104,2022-06-23,3.09
15105,2022-06-24,3.13
15106,2022-06-27,3.2
15107,2022-06-28,3.2
15108,2022-06-29,3.1
15109,2022-06-30,2.98
15110,2022-07-01,2.88
15111,2022-07-05,2.82
15112,2022-07-06,2.93
15113,2022-07-07,3.01
15114,2022-07-08,3.09
15115,2022-07-11,2.99
15116,2022-07-12,2.96
15117,2022-07-13,2.91
15118,2022-07-14,2.96
15119,2022-07-15,2.93
15120,2022-07-18,2.96
15121,2022-07-19,3.01
15122,2022-07-20,3.04
15123,2022-07-21,2.91
15124,2022-07-22,2.77
15125,2022-07-25,2.81
15126,2022-07-26,2.81
15127,2022-07-27,2.78
15128,2022-07-28,2.68
15129,2022-07-29,2.67
15130,2022-08-01,2.6
15131,2022-08-02,2.75
15132,2022-08-03,2.73
15133,2022-08-04,2.68
15134,2022-08-05,2.83
15135,2022-08-08,2.77
15136,2022-08-09,2.8
15137,2022-08-10,2.78
15138,2022-08-11,2.87
15139,2022-08-12,2.84
15140,2022-08-15,2.79
15141,2022-08-16,2.82
15142,2022-08-17,2.89
15143,2022-08-18,2.88
15144,2022-08-19,2.98
15145,2022-08-22,3.03
15146,2022-08-23,3.05
15147,2022-08-24,3.11
15148,2022-08-25,3.03
15149,2022-08-26,3.04
15150,2022-08-29,3.12
15151,2022-08-30,3.11
15152,2022-08-31,3.15
15153,2022-09-01,3.26
15154,2022-09-02,3.2
15155,2022-09-06,3.33
15156,2022-09-07,3.27
15157,2022-09-08,3.29
15158,2022-09-09,3.33
15159,2022-09-12,3.37
15160,2022-09-13,3.42
15161,2022-09-14,3.41
15162,2022-09-15,3.45
15163,2022-09-16,3.45
15164,2022-09-19,3.49
15165,2022-09-20,3.57
15166,2022-09-21,3.51
15167,2022-09-22,3.7
15168,2022-09-23,3.69
15169,2022-09-26,3.88
15170,2022-09-27,3.97
15171,2022-09-28,3.72
15172,2022-09-29,3.76
15173,2022-09-30,3.83
15174,2022-10-03,3.67
15175,2022-10-04,3.62
15176,2022-10-05,3.76
15177,2022-10-06,3.83
15178,2022-10-07,3.89
15179,2022-10-11,3.93
15180,2022-10-12,3.91
15181,2022-10-13,3.97
15182,2022-10-14,4.0
15183,2022-10-17,4.02
15184,2022-10-18,4.01
15185,2022-10-19,4.14
15186,2022-10-20,4.24
15187,2022-10-21,4.21
15188,2022-10-24,4.25
15189,2022-10-25,4.1
15190,2022-10-26,4.04
15191,2022-10-27,3.96
15192,2022-10-28,4.02
15193,2022-10-31,4.1
15194,2022-11-01,4.07
15195,2022-11-02,4.1
15196,2022-11-03,4.14
15197,2022-11-04,4.17
15198,2022-11-07,4.22
15199,2022-11-08,4.14
15200,2022-11-09,4.12
15201,2022-11-10,3.82
15202,2022-11-14,3.88
15203,2022-11-15,3.8
15204,2022-11-16,3.67
15205,2022-11-17,3.77
15206,2022-11-18,3.82
15207,2022-11-21,3.83
15208,2022-11-22,3.76
15209,2022-11-23,3.71
15210,2022-11-25,3.68
15211,2022-11-28,3.69
15212,2022-11-29,3.75
15213,2022-11-30,3.68
15214,2022-12-01,3.53
15215,2022-12-02,3.51
15216,2022-12-05,3.6
15217,2022-12-06,3.51
15218,2022-12-07,3.42
15219,2022-12-08,3.48
15220,2022-12-09,3.57
15221,2022-12-12,3.61
15222,2022-12-13,3.51
15223,2022-12-14,3.49
15224,2022-12-15,3.44
15225,2022-12-16,3.48
15226,2022-12-19,3.57
15227,2022-12-20,3.69
15228,2022-12-21,3.68
15229,2022-12-22,3.67
15230,2022-12-23,3.75
15231,2022-12-27,3.84
15232,2022-12-28,3.88
15233,2022-12-29,3.83
15234,2022-12-30,3.88
15235,2023-01-03,3.79
15236,2023-01-04,3.69
15237,2023-01-05,3.71
15238,2023-01-06,3.55
15239,2023-01-09,3.53
15240,2023-01-10,3.61
15241,2023-01-11,3.54
15242,2023-01-12,3.43
15243,2023-01-13,3.49
15244,2023-01-17,3.53
15245,2023-01-18,3.37
15246,2023-01-19,3.39
15247,2023-01-20,3.48
15248,2023-01-23,3.52
15249,2023-01-24,3.46
15250,2023-01-25,3.46
15251,2023-01-26,3.49
15252,2023-01-27,3.52
15253,2023-01-30,3.55
15254,2023-01-31,3.52
15255,2023-02-01,3.39
15256,2023-02-02,3.4
15257,2023-02-03,3.53
15258,2023-02-06,3.63
15259,2023-02-07,3.67
15260,2023-02-08,3.63
15261,2023-02-09,3.67
15262,2023-02-10,3.74
15263,2023-02-13,3.72
15264,2023-02-14,3.77
15265,2023-02-15,3.81
15266,2023-02-16,3.86
15267,2023-02-17,3.82
15268,2023-02-21,3.95
15269,2023-02-22,3.93
15270,2023-02-23,3.88
15271,2023-02-24,3.95
15272,2023-02-27,3.92
15273,2023-02-28,3.92
15274,2023-03-01,4.01
15275,2023-03-02,4.08
15276,2023-03-03,3.97
15277,2023-03-06,3.98
15278,2023-03-07,3.97
15279,2023-03-08,3.98
15280,2023-03-09,3.93
15281,2023-03-10,3.7
15282,2023-03-13,3.55
15283,2023-03-14,3.64
15284,2023-03-15,3.51
15285,2023-03-16,3.56
15286,2023-03-17,3.39
15287,2023-03-20,3.47
15288,2023-03-21,3.59
15289,2023-03-22,3.48
15290,2023-03-23,3.38
15291,2023-03-24,3.38
15292,2023-03-27,3.53
15293,2023-03-28,3.55
15294,2023-03-29,3.57
15295,2023-03-30,3.55
15296,2023-03-31,3.48
15297,2023-04-03,3.43
15298,2023-04-04,3.35
15299,2023-04-05,3.3
15300,2023-04-06,3.3
15301,2023-04-07,3.39
15302,2023-04-10,3.41
15303,2023-04-11,3.43
15304,2023-04-12,3.41
15305,2023-04-13,3.45
15306,2023-04-14,3.52
15307,2023-04-17,3.6
15308,2023-04-18,3.58
15309,2023-04-19,3.6
15310,2023-04-20,3.54
15311,2023-04-21,3.57
15312,2023-04-24,3.52
15313,2023-04-25,3.4
15314,2023-04-26,3.43
15315,2023-04-27,3.53
15316,2023-04-28,3.44
15317,2023-05-01,3.59
15318,2023-05-02,3.44
15319,2023-05-03,3.38
15320,2023-05-04,3.37
15321,2023-05-05,3.44
15322,2023-05-08,3.52
15323,2023-05-09,3.53
15324,2023-05-10,3.43
15325,2023-05-11,3.39
15326,2023-05-12,3.46
15327,2023-05-15,3.5
15328,2023-05-16,3.54
15329,2023-05-17,3.57
15330,2023-05-18,3.65
15331,2023-05-19,3.7
15332,2023-05-22,3.72
15333,2023-05-23,3.7
15334,2023-05-24,3.73
15335,2023-05-25,3.83
15336,2023-05-26,3.8
15337,2023-05-30,3.69
15338,2023-05-31,3.64
15339,2023-06-01,3.61
15340,2023-06-02,3.69
15341,2023-06-05,3.69
15342,2023-06-06,3.7
15343,2023-06-07,3.79
15344,2023-06-08,3.73
15345,2023-06-09,3.75
15346,2023-06-12,3.73
15347,2023-06-13,3.84
15348,2023-06-14,3.83
15349,2023-06-15,3.72
15350,2023-06-16,3.77
15351,2023-06-20,3.74
15352,2023-06-21,3.72
15353,2023-06-22,3.8
15354,2023-06-23,3.74
15355,2023-06-26,3.72
15356,2023-06-27,3.77
15357,2023-06-28,3.71
15358,2023-06-29,3.85
15359,2023-06-30,3.81
15360,2023-07-03,3.86
15361,2023-07-05,3.95
15362,2023-07-06,4.05
15363,2023-07-07,4.06
15364,2023-07-10,4.01
15365,2023-07-11,3.99
15366,2023-07-12,3.86
15367,2023-07-13,3.76
15368,2023-07-14,3.83
15369,2023-07-17,3.81
15370,2023-07-18,3.8
15371,2023-07-19,3.75
15372,2023-07-20,3.85
15373,2023-07-21,3.84
15374,2023-07-24,3.86
15375,2023-07-25,3.91
15376,2023-07-26,3.86
15377,2023-07-27,4.01
15378,2023-07-28,3.96
15379,2023-07-31,3.97
15380,2023-08-01,4.05
15381,2023-08-02,4.08
15382,2023-08-03,4.2
15383,2023-08-04,4.05
15384,2023-08-07,4.09
15385,2023-08-08,4.02
15386,2023-08-09,4.0
15387,2023-08-10,4.09
15388,2023-08-11,4.16
15389,2023-08-14,4.19
15390,2023-08-15,4.21
15391,2023-08-16,4.28
15392,2023-08-17,4.3
15393,2023-08-18,4.26
15394,2023-08-21,4.34
15395,2023-08-22,4.34
15396,2023-08-23,4.19
15397,2023-08-24,4.23
15398,2023-08-25,4.25
15399,2023-08-28,4.2
15400,2023-08-29,4.12
15401,2023-08-30,4.12
15402,2023-08-31,4.09
15403,2023-09-01,4.18
15404,2023-09-05,4.27
15405,2023-09-06,4.3
15406,2023-09-07,4.27
15407,2023-09-08,4.26
15408,2023-09-11,4.29
15409,2023-09-12,4.27
15410,2023-09-13,4.25
15411,2023-09-14,4.29
15412,2023-09-15,4.33
15413,2023-09-18,4.32
15414,2023-09-19,4.37
15415,2023-09-20,4.35
15416,2023-09-21,4.49
15417,2023-09-22,4.44
15418,2023-09-25,4.55
15419,2023-09-26,4.56
15420,2023-09-27,4.61
15421,2023-09-28,4.59
15422,2023-09-29,4.59
15423,2023-10-02,4.69
15424,2023-10-03,4.81
15425,2023-10-04,4.73
15426,2023-10-05,4.72
15427,2023-10-06,4.78
15428,2023-10-10,4.66
15429,2023-10-11,4.58
15430,2023-10-12,4.7
15431,2023-10-13,4.63
15432,2023-10-16,4.71
15433,2023-10-17,4.83
15434,2023-10-18,4.91
15435,2023-10-19,4.98
15436,2023-10-20,4.93
15437,2023-10-23,4.86
15438,2023-10-24,4.83
15439,2023-10-25,4.95
15440,2023-10-26,4.86
15441,2023-10-27,4.84
15442,2023-10-30,4.88
15443,2023-10-31,4.88
15444,2023-11-01,4.77
15445,2023-11-02,4.67
15446,2023-11-03,4.57
15447,2023-11-06,4.67
15448,2023-11-07,4.58
15449,2023-11-08,4.49
15450,2023-11-09,4.62
15451,2023-11-10,4.61
15452,2023-11-13,4.63
15453,2023-11-14,4.44
15454,2023-11-15,4.53
15455,2023-11-16,4.45
15456,2023-11-17,4.44
15457,2023-11-20,4.42
15458,2023-11-21,4.41
15459,2023-11-22,4.42
15460,2023-11-24,4.47
15461,2023-11-27,4.39
15462,2023-11-28,4.34
15463,2023-11-29,4.27
15464,2023-11-30,4.37
15465,2023-12-01,4.22
15466,2023-12-04,4.28
15467,2023-12-05,4.18
15468,2023-12-06,4.12
15469,2023-12-07,4.14
15470,2023-12-08,4.23
15471,2023-12-11,4.23
15472,2023-12-12,4.2
15473,2023-12-13,4.04
15474,2023-12-14,3.92
15475,2023-12-15,3.91
15476,2023-12-18,3.95
15477,2023-12-19,3.93
15478,2023-12-20,3.86
15479,2023-12-21,3.89
15480,2023-12-22,3.9
15481,2023-12-26,3.89
15482,2023-12-27,3.79
15483,2023-12-28,3.84
15484,2023-12-29,3.88
15485,2024-01-02,3.95
15486,2024-01-03,3.91
15487,2024-01-04,3.99
15488,2024-01-05,4.05
15489,2024-01-08,4.01
15490,2024-01-09,4.02
15491,2024-01-10,4.04
15492,2024-01-11,3.98
15493,2024-01-12,3.96
15494,2024-01-16,4.07
15495,2024-01-17,4.1
15496,2024-01-18,4.14
15497,2024-01-19,4.15
15498,2024-01-22,4.11
15499,2024-01-23,4.14
15500,2024-01-24,4.18
15501,2024-01-25,4.14
15502,2024-01-26,4.15
15503,2024-01-29,4.08
15504,2024-01-30,4.06
15505,2024-01-31,3.99
15506,2024-02-01,3.87
15507,2024-02-02,4.03
15508,2024-02-05,4.17
15509,2024-02-06,4.09
15510,2024-02-07,4.09
15511,2024-02-08,4.15
15512,2024-02-09,4.17
15513,2024-02-12,4.17
15514,2024-02-13,4.31
15515,2024-02-14,4.27
15516,2024-02-15,4.24
15517,2024-02-16,4.3
15518,2024-02-20,4.27
15519,2024-02-21,4.32
15520,2024-02-22,4.33
15521,2024-02-23,4.26
15522,2024-02-26,4.28
15523,2024-02-27,4.31
15524,2024-02-28,4.27
15525,2024-02-29,4.25
15526,2024-03-01,4.19
15527,2024-03-04,4.22
15528,2024-03-05,4.13
15529,2024-03-06,4.11
15530,2024-03-07,4.09
15531,2024-03-08,4.09
15532,2024-03-11,4.1
15533,2024-03-12,4.16
15534,2024-03-13,4.19
15535,2024-03-14,4.29
15536,2024-03-15,4.31
15537,2024-03-18,4.34
15538,2024-03-19,4.3
15539,2024-03-20,4.27
15540,2024-03-21,4.27
15541,2024-03-22,4.22
15542,2024-03-25,4.25
15543,2024-03-26,4.24
15544,2024-03-27,4.2
15545,2024-03-28,4.2
15546,2024-04-01,4.33
15547,2024-04-02,4.36
15548,2024-04-03,4.36
15549,2024-04-04,4.31
15550,2024-04-05,4.39
15551,2024-04-08,4.42
15552,2024-04-09,4.36
15553,2024-04-10,4.55
15554,2024-04-11,4.56
15555,2024-04-12,4.5
15556,2024-04-15,4.63
15557,2024-04-16,4.67
15558,2024-04-17,4.59
15559,2024-04-18,4.64
15560,2024-04-19,4.62
15561,2024-04-22,4.62
15562,2024-04-23,4.61
15563,2024-04-24,4.65
15564,2024-04-25,4.7
15565,2024-04-26,4.67
15566,2024-04-29,4.63
15567,2024-04-30,4.69
15568,2024-05-01,4.63
15569,2024-05-02,4.58
15570,2024-05-03,4.5
15571,2024-05-06,4.49
15572,2024-05-07,4.47
15573,2024-05-08,4.48
15574,2024-05-09,4.45
15575,2024-05-10,4.5
15576,2024-05-13,4.48
15577,2024-05-14,4.45
15578,2024-05-15,4.36
15579,2024-05-16,4.38
15580,2024-05-17,4.42
15581,2024-05-20,4.44
15582,2024-05-21,4.41
15583,2024-05-22,4.43
15584,2024-05-23,4.47
15585,2024-05-24,4.46
15586,2024-05-28,4.54
15587,2024-05-29,4.61
15588,2024-05-30,4.55
15589,2024-05-31,4.51
15590,2024-06-03,4.41
15591,2024-06-04,4.33
15592,2024-06-05,4.29
15593,2024-06-06,4.28
15594,2024-06-07,4.43
15595,2024-06-10,4.47
15596,2024-06-11,4.39
15597,2024-06-12,4.31
15598,2024-06-13,4.24
15599,2024-06-14,4.2
15600,2024-06-17,4.28
15601,2024-06-18,4.22
15602,2024-06-20,4.25
15603,2024-06-21,4.25
15604,2024-06-24,4.25
15605,2024-06-25,4.23
15606,2024-06-26,4.32
15607,2024-06-27,4.29
15608,2024-06-28,4.36
15609,2024-07-01,4.48
15610,2024-07-02,4.43
15611,2024-07-03,4.36
15612,2024-07-05,4.28
15613,2024-07-08,4.28
15614,2024-07-09,4.3
15615,2024-07-10,4.28
15616,2024-07-11,4.2
15617,2024-07-12,4.18
15618,2024-07-15,4.23
15619,2024-07-16,4.17
15620,2024-07-17,4.16
15621,2024-07-18,4.2
15622,2024-07-19,4.25
15623,2024-07-22,4.26
15624,2024-07-23,4.25
15625,2024-07-24,4.28
15626,2024-07-25,4.27
15627,2024-07-26,4.2
15628,2024-07-29,4.17
15629,2024-07-30,4.15
15630,2024-07-31,4.09
15631,2024-08-01,3.99
15632,2024-08-02,3.8
15633,2024-08-05,3.78
15634,2024-08-06,3.9
15635,2024-08-07,3.96
15636,2024-08-08,3.99
15637,2024-08-09,3.94
15638,2024-08-12,3.9
15639,2024-08-13,3.85
15640,2024-08-14,3.83
15641,2024-08-15,3.92
15642,2024-08-16,3.89
15643,2024-08-19,3.86
15644,2024-08-20,3.82
15645,2024-08-21,3.79
15646,2024-08-22,3.86
15647,2024-08-23,3.81
15648,2024-08-26,3.82
15649,2024-08-27,3.83
15650,2024-08-28,3.84
15651,2024-08-29,3.87
15652,2024-08-30,3.91
15653,2024-09-03,3.84
15654,2024-09-04,3.77
15655,2024-09-05,3.73
15656,2024-09-06,3.72
15657,2024-09-09,3.7
15658,2024-09-10,3.65
15659,2024-09-11,3.65
15660,2024-09-12,3.68
15661,2024-09-13,3.66
15662,2024-09-16,3.63
15663,2024-09-17,3.65
15664,2024-09-18,3.7
15665,2024-09-19,3.73
15666,2024-09-20,3.73
15667,2024-09-23,3.75
15668,2024-09-24,3.74
15669,2024-09-25,3.79
15670,2024-09-26,3.79
15671,2024-09-27,3.75
15672,2024-09-30,3.81
15673,2024-10-01,3.74
15674,2024-10-02,3.79
15675,2024-10-03,3.85
15676,2024-10-04,3.98
15677,2024-10-07,4.03
15678,2024-10-08,4.04
15679,2024-10-09,4.06
15680,2024-10-10,4.09
15681,2024-10-11,4.08
15682,2024-10-15,4.03
15683,2024-10-16,4.02
15684,2024-10-17,4.09
15685,2024-10-18,4.08
15686,2024-10-21,4.19
15687,2024-10-22,4.2
15688,2024-10-23,4.24
15689,2024-10-24,4.21
15690,2024-10-25,4.25
15691,2024-10-28,4.28
15692,2024-10-29,4.28
15693,2024-10-30,4.29
15694,2024-10-31,4.28
15695,2024-11-01,4.37
15696,2024-11-04,4.31
15697,2024-11-05,4.26
15698,2024-11-06,4.42
15699,2024-11-07,4.31
15700,2024-11-08,4.3
15701,2024-11-12,4.43
15702,2024-11-13,4.44
15703,2024-11-14,4.43
15704,2024-11-15,4.43
15705,2024-11-18,4.42
15706,2024-11-19,4.39
15707,2024-11-20,4.41
15708,2024-11-21,4.43
15709,2024-11-22,4.41
15710,2024-11-25,4.27
15711,2024-11-26,4.3
15712,2024-11-27,4.25
15713,2024-11-29,4.18
15714,2024-12-02,4.19
15715,2024-12-03,4.23
15716,2024-12-04,4.19
15717,2024-12-05,4.17
15718,2024-12-06,4.15
15719,2024-12-09,4.2
15720,2024-12-10,4.22
15721,2024-12-11,4.26
15722,2024-12-12,4.32
15723,2024-12-13,4.4
15724,2024-12-16,4.39
15725,2024-12-17,4.4
15726,2024-12-18,4.5
15727,2024-12-19,4.57
15728,2024-12-20,4.52
15729,2024-12-23,4.59
15730,2024-12-24,4.59
15731,2024-12-26,4.58
15732,2024-12-27,4.62
15733,2024-12-30,4.55
15734,2024-12-31,4.58
15735,2025-01-02,4.57
15736,2025-01-03,4.6
15737,2025-01-06,4.62
15738,2025-01-07,4.67
15739,2025-01-08,4.67
15740,2025-01-09,4.68
15741,2025-01-10,4.77
15742,2025-01-13,4.79
15743,2025-01-14,4.78
15744,2025-01-15,4.66
15745,2025-01-16,4.61
15746,2025-01-17,4.61
15747,2025-01-21,4.57
15748,2025-01-22,4.6
15749,2025-01-23,4.65
15750,2025-01-24,4.63
15751,2025-01-27,4.53
15752,2025-01-28,4.55
15753,2025-01-29,4.55
15754,2025-01-30,4.52
15755,2025-01-31,4.58
15756,2025-02-03,4.54
15757,2025-02-04,4.52
15758,2025-02-05,4.43
15759,2025-02-06,4.45
15760,2025-02-07,4.49
15761,2025-02-10,4.51
15762,2025-02-11,4.54
15763,2025-02-12,4.62
15764,2025-02-13,4.52
15765,2025-02-14,4.47
15766,2025-02-18,4.55
15767,2025-02-19,4.53
15768,2025-02-20,4.5
15769,2025-02-21,4.42
15770,2025-02-24,4.4
15771,2025-02-25,4.3
15772,2025-02-26,4.25
15773,2025-02-27,4.29
15774,2025-02-28,4.24
15775,2025-03-03,4.16
15776,2025-03-04,4.22
15777,2025-03-05,4.28
15778,2025-03-06,4.29
15779,2025-03-07,4.32
15780,2025-03-10,4.22
15781,2025-03-11,4.28
15782,2025-03-12,4.32
15783,2025-03-13,4.27
15784,2025-03-14,4.31
15785,2025-03-17,4.31
15786,2025-03-18,4.29
15787,2025-03-19,4.25
15788,2025-03-20,4.24
15789,2025-03-21,4.25
15790,2025-03-24,4.34
15791,2025-03-25,4.31
15792,2025-03-26,4.35
15793,2025-03-27,4.38
15794,2025-03-28,4.27
15795,2025-03-31,4.23
15796,2025-04-01,4.17
15797,2025-04-02,4.2
15798,2025-04-03,4.06
15799,2025-04-04,4.01
15800,2025-04-07,4.15
15801,2025-04-08,4.26
15802,2025-04-09,4.34
15803,2025-04-10,4.4
15804,2025-04-11,4.48
15805,2025-04-14,4.38
15806,2025-04-15,4.35
15807,2025-04-16,4.29
15808,2025-04-17,4.34
15809,2025-04-21,4.42
15810,2025-04-22,4.41
15811,2025-04-23,4.4
15812,2025-04-24,4.32
15813,2025-04-25,4.29
15814,2025-04-28,4.23
15815,2025-04-29,4.19
15816,2025-04-30,4.17
15817,2025-05-01,4.25
15818,2025-05-02,4.33
15819,2025-05-05,4.36
15820,2025-05-06,4.3
15821,2025-05-07,4.26
15822,2025-05-08,4.37
15823,2025-05-09,4.37
15824,2025-05-12,4.45
15825,2025-05-13,4.49
15826,2025-05-14,4.53
15827,2025-05-15,4.45
15828,2025-05-16,4.43
15829,2025-05-19,4.46
15830,2025-05-20,4.48
15831,2025-05-21,4.58
15832,2025-05-22,4.54
15833,2025-05-23,4.51
15834,2025-05-27,4.43
15835,2025-05-28,4.47
15836,2025-05-29,4.43
15837,2025-05-30,4.41
15838,2025-06-02,4.46
15839,2025-06-03,4.46
15840,2025-06-04,4.37
15841,2025-06-05,4.4
15842,2025-06-06,4.51
15843,2025-06-09,4.49
15844,2025-06-10,4.47
15845,2025-06-11,4.41
15846,2025-06-12,4.36
15847,2025-06-13,4.41
15848,2025-06-16,4.46
15849,2025-06-17,4.39
15850,2025-06-18,4.38
15851,2025-06-20,4.38
15852,2025-06-23,4.34
15853,2025-06-24,4.3
15854,2025-06-25,4.29
15855,2025-06-26,4.26
15856,2025-06-27,4.29
15857,2025-06-30,4.24
15858,2025-07-01,4.26
15859,2025-07-02,4.3
15860,2025-07-03,4.35
15861,2025-07-07,4.4
15862,2025-07-08,4.42
15863,2025-07-09,4.34
15864,2025-07-10,4.35
15865,2025-07-11,4.43
15866,2025-07-14,4.43
15867,2025-07-15,4.5
15868,2025-07-16,4.46
15869,2025-07-17,4.47
15870,2025-07-18,4.44
15871,2025-07-21,4.38
15872,2025-07-22,4.35
15873,2025-07-23,4.4
15874,2025-07-24,4.43
15875,2025-07-25,4.4
15876,2025-07-28,4.42
15877,2025-07-29,4.34
15878,2025-07-30,4.38
15879,2025-07-31,4.37
15880,2025-08-01,4.23
15881,2025-08-04,4.22
15882,2025-08-05,4.22
15883,2025-08-06,4.22
15884,2025-08-07,4.23
15885,2025-08-08,4.27
15886,2025-08-11,4.27
15887,2025-08-12,4.29
15888,2025-08-13,4.24
15889,2025-08-14,4.29
15890,2025-08-15,4.33
15891,2025-08-18,4.34
15892,2025-08-19,4.3
15893,2025-08-20,4.29
15894,2025-08-21,4.33
15895,2025-08-22,4.26
15896,2025-08-25,4.28
15897,2025-08-26,4.26
15898,2025-08-27,4.24
15899,2025-08-28,4.22
15900,2025-08-29,4.23
15901,2025-09-02,4.28
15902,2025-09-03,4.22
15903,2025-09-04,4.17
15904,2025-09-05,4.1
15905,2025-09-08,4.05
15906,2025-09-09,4.08
15907,2025-09-10,4.04
15908,2025-09-11,4.01
15909,2025-09-12,4.06
15910,2025-09-15,4.05
15911,2025-09-16,4.04
15912,2025-09-17,4.06
15913,2025-09-18,4.11
15914,2025-09-19,4.14
15915,2025-09-22,4.15
15916,2025-09-23,4.12
15917,2025-09-24,4.16
15918,2025-09-25,4.18
15919,2025-09-26,4.2
15920,2025-09-29,4.15
15921,2025-09-30,4.16
15922,2025-10-01,4.12
15923,2025-10-02,4.1
15924,2025-10-03,4.13
15925,2025-10-06,4.18
15926,2025-10-07,4.14
15927,2025-10-08,4.13
15928,2025-10-09,4.14
15929,2025-10-10,4.05
15930,2025-10-14,4.03
15931,2025-10-15,4.05
15932,2025-10-16,3.99
15933,2025-10-17,4.02
15934,2025-10-20,4.0
15935,2025-10-21,3.98
15936,2025-10-22,3.97
15937,2025-10-23,4.01
15938,2025-10-24,4.02
15939,2025-10-27,4.01
15940,2025-10-28,3.99
15941,2025-10-29,4.08
15942,2025-10-30,4.11
15943,2025-10-31,4.11
15944,2025-11-03,4.13
15945,2025-11-04,4.1
15946,2025-11-05,4.17
15947,2025-11-06,4.11
15948,2025-11-07,4.11
15949,2025-11-10,4.13
15950,2025-11-12,4.08
15951,2025-11-13,4.11
15952,2025-11-14,4.14
15953,2025-11-17,4.13
15954,2025-11-18,4.12
15955,2025-11-19,4.13
15956,2025-11-20,4.1
15957,2025-11-21,4.06
15958,2025-11-24,4.04
15959,2025-11-25,4.01
15960,2025-11-26,4.0
15961,2025-11-28,4.02
15962,2025-12-01,4.09
15963,2025-12-02,4.09
15964,2025-12-03,4.06
15965,2025-12-04,4.11
15966,2025-12-05,4.14
15967,2025-12-08,4.17
15968,2025-12-09,4.18
15969,2025-12-10,4.13
15970,2025-12-11,4.14
15971,2025-12-12,4.19
15972,2025-12-15,4.18
15973,2025-12-16,4.15
15974,2025-12-17,4.16
15975,2025-12-18,4.12
15976,2025-12-19,4.16
15977,2025-12-22,4.17
15978,2025-12-23,4.18
15979,2025-12-24,4.15
15980,2025-12-26,4.14
15981,2025-12-29,4.12
15982,2025-12-30,4.14
15983,2025-12-31,4.18
15984,2026-01-02,4.19
15985,2026-01-05,4.17
15986,2026-01-06,4.18
15987,2026-01-07,4.15
15988,2026-01-08,4.19
15989,2026-01-09,4.18
15990,2026-01-12,4.19
15991,2026-01-13,4.18
15992,2026-01-14,4.15
15993,2026-01-15,4.17
15994,2026-01-16,4.24
15995,2026-01-20,4.3
15996,2026-01-21,4.26
15997,2026-01-22,4.26
15998,2026-01-23,4.24
15999,2026-01-26,4.22
16000,2026-01-27,4.24
16001,2026-01-28,4.26
16002,2026-01-29,4.24
16003,2026-01-30,4.26
16004,2026-02-02,4.29
16005,2026-02-03,4.28
16006,2026-02-04,4.29
16007,2026-02-05,4.21
16008,2026-02-06,4.22
16009,2026-02-09,4.22
16010,2026-02-10,4.16
16011,2026-02-11,4.18
16012,2026-02-12,4.09
16013,2026-02-13,4.04
16014,2026-02-17,4.05
16015,2026-02-18,4.09
16016,2026-02-19,4.08
16017,2026-02-20,4.08
16018,2026-02-23,4.03
16019,2026-02-24,4.04
16020,2026-02-25,4.05
16021,2026-02-26,4.02
16022,2026-02-27,3.97
16023,2026-03-02,4.05
16024,2026-03-03,4.06
16025,2026-03-04,4.09
16026,2026-03-05,4.13
16027,2026-03-06,4.15
16028,2026-03-09,4.12
16029,2026-03-10,4.15
16030,2026-03-11,4.21
16031,2026-03-12,4.27
16032,2026-03-13,4.28
16033,2026-03-16,4.23
16034,2026-03-17,4.2
16035,2026-03-18,4.26
16036,2026-03-19,4.25
16037,2026-03-20,4.39
16038,2026-03-23,4.34
16039,2026-03-24,4.39
16040,2026-03-25,4.33
16041,2026-03-26,4.42
16042,2026-03-27,4.44
16043,2026-03-30,4.35
16044,2026-03-31,4.3
16045,2026-04-01,4.33
16046,2026-04-02,4.31
16047,2026-04-03,4.35
16048,2026-04-06,4.34
16049,2026-04-07,4.33
16050,2026-04-08,4.29
16051,2026-04-09,4.29
