,Date,DGS10,d_DGS10
0,1962-01-05,4.02,
1,1962-01-12,4.08,0.0600000000000005
2,1962-01-19,4.11,0.03000000000000025
3,1962-01-26,4.11,0.0
4,1962-02-02,4.08,-0.03000000000000025
5,1962-02-09,4.05,-0.03000000000000025
6,1962-02-16,4.02,-0.03000000000000025
7,1962-02-23,4.02,0.0
8,1962-03-02,3.98,-0.03999999999999959
9,1962-03-09,3.96,-0.020000000000000018
10,1962-03-16,3.96,0.0
11,1962-03-23,3.87,-0.08999999999999986
12,1962-03-30,3.86,-0.010000000000000231
13,1962-04-06,3.81,-0.04999999999999982
14,1962-04-13,3.85,0.040000000000000036
15,1962-04-20,3.82,-0.03000000000000025
16,1962-04-27,3.86,0.040000000000000036
17,1962-05-04,3.87,0.010000000000000231
18,1962-05-11,3.82,-0.050000000000000266
19,1962-05-18,3.93,0.11000000000000032
20,1962-05-25,3.88,-0.050000000000000266
21,1962-06-01,3.89,0.010000000000000231
22,1962-06-08,3.86,-0.03000000000000025
23,1962-06-15,3.89,0.03000000000000025
24,1962-06-22,3.9,0.009999999999999787
25,1962-06-29,4.0,0.10000000000000009
26,1962-07-06,4.02,0.019999999999999574
27,1962-07-13,4.0,-0.019999999999999574
28,1962-07-20,4.01,0.009999999999999787
29,1962-07-27,4.02,0.009999999999999787
30,1962-08-03,4.01,-0.009999999999999787
31,1962-08-10,3.99,-0.019999999999999574
32,1962-08-17,3.96,-0.03000000000000025
33,1962-08-24,3.95,-0.009999999999999787
34,1962-08-31,3.96,0.009999999999999787
35,1962-09-07,4.01,0.04999999999999982
36,1962-09-14,3.99,-0.019999999999999574
37,1962-09-21,3.98,-0.010000000000000231
38,1962-09-28,3.94,-0.040000000000000036
39,1962-10-05,3.92,-0.020000000000000018
40,1962-10-12,3.94,0.020000000000000018
41,1962-10-19,3.88,-0.06000000000000005
42,1962-10-26,3.93,0.050000000000000266
43,1962-11-02,3.91,-0.020000000000000018
44,1962-11-09,3.89,-0.020000000000000018
45,1962-11-16,3.93,0.040000000000000036
46,1962-11-23,3.92,-0.010000000000000231
47,1962-11-30,3.92,0.0
48,1962-12-07,3.91,-0.009999999999999787
49,1962-12-14,3.87,-0.040000000000000036
50,1962-12-21,3.81,-0.06000000000000005
51,1962-12-28,3.84,0.029999999999999805
52,1963-01-04,3.84,0.0
53,1963-01-11,3.8,-0.040000000000000036
54,1963-01-18,3.84,0.040000000000000036
55,1963-01-25,3.85,0.010000000000000231
56,1963-02-01,3.88,0.029999999999999805
57,1963-02-08,3.91,0.03000000000000025
58,1963-02-15,3.91,0.0
59,1963-02-22,3.95,0.040000000000000036
60,1963-03-01,3.93,-0.020000000000000018
61,1963-03-08,3.92,-0.010000000000000231
62,1963-03-15,3.92,0.0
63,1963-03-22,3.93,0.010000000000000231
64,1963-03-29,3.95,0.020000000000000018
65,1963-04-05,3.95,0.0
66,1963-04-12,4.0,0.04999999999999982
67,1963-04-19,3.97,-0.029999999999999805
68,1963-04-26,3.95,-0.020000000000000018
69,1963-05-03,3.93,-0.020000000000000018
70,1963-05-10,3.93,0.0
71,1963-05-17,3.92,-0.010000000000000231
72,1963-05-24,3.95,0.03000000000000025
73,1963-05-31,3.96,0.009999999999999787
74,1963-06-07,3.99,0.03000000000000025
75,1963-06-14,3.99,0.0
76,1963-06-21,4.0,0.009999999999999787
77,1963-06-28,4.0,0.0
78,1963-07-05,4.04,0.040000000000000036
79,1963-07-12,4.03,-0.009999999999999787
80,1963-07-19,4.02,-0.010000000000000675
81,1963-07-26,3.99,-0.02999999999999936
82,1963-08-02,3.99,0.0
83,1963-08-09,4.0,0.009999999999999787
84,1963-08-16,4.0,0.0
85,1963-08-23,4.0,0.0
86,1963-08-30,4.02,0.019999999999999574
87,1963-09-06,4.09,0.07000000000000028
88,1963-09-13,4.09,0.0
89,1963-09-20,4.07,-0.019999999999999574
90,1963-09-27,4.07,0.0
91,1963-10-04,4.08,0.009999999999999787
92,1963-10-11,4.1,0.019999999999999574
93,1963-10-18,4.12,0.020000000000000462
94,1963-10-25,4.12,0.0
95,1963-11-01,4.15,0.03000000000000025
96,1963-11-08,4.16,0.009999999999999787
97,1963-11-15,4.11,-0.04999999999999982
98,1963-11-22,4.09,-0.020000000000000462
99,1963-11-29,4.08,-0.009999999999999787
100,1963-12-06,4.11,0.03000000000000025
101,1963-12-13,4.13,0.019999999999999574
102,1963-12-20,4.15,0.020000000000000462
103,1963-12-27,4.15,0.0
104,1964-01-03,4.15,0.0
105,1964-01-10,4.18,0.02999999999999936
106,1964-01-17,4.17,-0.009999999999999787
107,1964-01-24,4.18,0.009999999999999787
108,1964-01-31,4.15,-0.02999999999999936
109,1964-02-07,4.14,-0.010000000000000675
110,1964-02-14,4.13,-0.009999999999999787
111,1964-02-21,4.14,0.009999999999999787
112,1964-02-28,4.18,0.040000000000000036
113,1964-03-06,4.19,0.010000000000000675
114,1964-03-13,4.22,0.02999999999999936
115,1964-03-20,4.25,0.03000000000000025
116,1964-03-27,4.25,0.0
117,1964-04-03,4.25,0.0
118,1964-04-10,4.22,-0.03000000000000025
119,1964-04-17,4.24,0.020000000000000462
120,1964-04-24,4.23,-0.009999999999999787
121,1964-05-01,4.22,-0.010000000000000675
122,1964-05-08,4.2,-0.019999999999999574
123,1964-05-15,4.19,-0.009999999999999787
124,1964-05-22,4.2,0.009999999999999787
125,1964-05-29,4.19,-0.009999999999999787
126,1964-06-05,4.18,-0.010000000000000675
127,1964-06-12,4.18,0.0
128,1964-06-19,4.16,-0.019999999999999574
129,1964-06-26,4.15,-0.009999999999999787
130,1964-07-03,4.15,0.0
131,1964-07-10,4.19,0.040000000000000036
132,1964-07-17,4.2,0.009999999999999787
133,1964-07-24,4.2,0.0
134,1964-07-31,4.19,-0.009999999999999787
135,1964-08-07,4.19,0.0
136,1964-08-14,4.19,0.0
137,1964-08-21,4.19,0.0
138,1964-08-28,4.21,0.019999999999999574
139,1964-09-04,4.22,0.009999999999999787
140,1964-09-11,4.22,0.0
141,1964-09-18,4.2,-0.019999999999999574
142,1964-09-25,4.19,-0.009999999999999787
143,1964-10-02,4.18,-0.010000000000000675
144,1964-10-09,4.19,0.010000000000000675
145,1964-10-16,4.21,0.019999999999999574
146,1964-10-23,4.19,-0.019999999999999574
147,1964-10-30,4.16,-0.03000000000000025
148,1964-11-06,4.15,-0.009999999999999787
149,1964-11-13,4.13,-0.020000000000000462
150,1964-11-20,4.13,0.0
151,1964-11-27,4.19,0.0600000000000005
152,1964-12-04,4.18,-0.010000000000000675
153,1964-12-11,4.15,-0.02999999999999936
154,1964-12-18,4.19,0.040000000000000036
155,1964-12-25,4.19,0.0
156,1965-01-01,4.21,0.019999999999999574
157,1965-01-08,4.2,-0.009999999999999787
158,1965-01-15,4.19,-0.009999999999999787
159,1965-01-22,4.17,-0.020000000000000462
160,1965-01-29,4.19,0.020000000000000462
161,1965-02-05,4.22,0.02999999999999936
162,1965-02-12,4.21,-0.009999999999999787
163,1965-02-19,4.22,0.009999999999999787
164,1965-02-26,4.22,0.0
165,1965-03-05,4.23,0.010000000000000675
166,1965-03-12,4.22,-0.010000000000000675
167,1965-03-19,4.2,-0.019999999999999574
168,1965-03-26,4.2,0.0
169,1965-04-02,4.2,0.0
170,1965-04-09,4.2,0.0
171,1965-04-16,4.2,0.0
172,1965-04-23,4.21,0.009999999999999787
173,1965-04-30,4.21,0.0
174,1965-05-07,4.2,-0.009999999999999787
175,1965-05-14,4.21,0.009999999999999787
176,1965-05-21,4.22,0.009999999999999787
177,1965-05-28,4.23,0.010000000000000675
178,1965-06-04,4.23,0.0
179,1965-06-11,4.23,0.0
180,1965-06-18,4.21,-0.020000000000000462
181,1965-06-25,4.19,-0.019999999999999574
182,1965-07-02,4.21,0.019999999999999574
183,1965-07-09,4.21,0.0
184,1965-07-16,4.2,-0.009999999999999787
185,1965-07-23,4.2,0.0
186,1965-07-30,4.22,0.019999999999999574
187,1965-08-06,4.24,0.020000000000000462
188,1965-08-13,4.25,0.009999999999999787
189,1965-08-20,4.26,0.009999999999999787
190,1965-08-27,4.27,0.009999999999999787
191,1965-09-03,4.27,0.0
192,1965-09-10,4.28,0.010000000000000675
193,1965-09-17,4.27,-0.010000000000000675
194,1965-09-24,4.31,0.040000000000000036
195,1965-10-01,4.36,0.05000000000000071
196,1965-10-08,4.32,-0.040000000000000036
197,1965-10-15,4.34,0.019999999999999574
198,1965-10-22,4.36,0.020000000000000462
199,1965-10-29,4.41,0.04999999999999982
200,1965-11-05,4.43,0.019999999999999574
201,1965-11-12,4.44,0.010000000000000675
202,1965-11-19,4.46,0.019999999999999574
203,1965-11-26,4.45,-0.009999999999999787
204,1965-12-03,4.52,0.0699999999999994
205,1965-12-10,4.6,0.08000000000000007
206,1965-12-17,4.65,0.05000000000000071
207,1965-12-24,4.65,0.0
208,1965-12-31,4.65,0.0
209,1966-01-07,4.6,-0.05000000000000071
210,1966-01-14,4.59,-0.009999999999999787
211,1966-01-21,4.59,0.0
212,1966-01-28,4.65,0.0600000000000005
213,1966-02-04,4.71,0.05999999999999961
214,1966-02-11,4.86,0.15000000000000036
215,1966-02-18,4.9,0.040000000000000036
216,1966-02-25,4.97,0.0699999999999994
217,1966-03-04,4.98,0.010000000000000675
218,1966-03-11,4.96,-0.020000000000000462
219,1966-03-18,4.84,-0.1200000000000001
220,1966-03-25,4.82,-0.019999999999999574
221,1966-04-01,4.7,-0.1200000000000001
222,1966-04-08,4.73,0.03000000000000025
223,1966-04-15,4.77,0.03999999999999915
224,1966-04-22,4.77,0.0
225,1966-04-29,4.79,0.020000000000000462
226,1966-05-06,4.79,0.0
227,1966-05-13,4.77,-0.020000000000000462
228,1966-05-20,4.75,-0.019999999999999574
229,1966-05-27,4.81,0.05999999999999961
230,1966-06-03,4.78,-0.02999999999999936
231,1966-06-10,4.83,0.04999999999999982
232,1966-06-17,4.8,-0.03000000000000025
233,1966-06-24,4.8,0.0
234,1966-07-01,4.99,0.1900000000000004
235,1966-07-08,4.97,-0.020000000000000462
236,1966-07-15,5.09,0.1200000000000001
237,1966-07-22,5.02,-0.07000000000000028
238,1966-07-29,5.05,0.03000000000000025
239,1966-08-05,5.07,0.020000000000000462
240,1966-08-12,5.11,0.040000000000000036
241,1966-08-19,5.31,0.1999999999999993
242,1966-08-26,5.48,0.17000000000000082
243,1966-09-02,5.23,-0.25
244,1966-09-09,5.17,-0.0600000000000005
245,1966-09-16,5.24,0.07000000000000028
246,1966-09-23,5.17,-0.07000000000000028
247,1966-09-30,5.02,-0.15000000000000036
248,1966-10-07,5.02,0.0
249,1966-10-14,5.06,0.040000000000000036
250,1966-10-21,4.94,-0.11999999999999922
251,1966-10-28,4.97,0.02999999999999936
252,1966-11-04,5.11,0.14000000000000057
253,1966-11-11,5.17,0.05999999999999961
254,1966-11-18,5.22,0.04999999999999982
255,1966-11-25,5.23,0.010000000000000675
256,1966-12-02,5.03,-0.20000000000000018
257,1966-12-09,5.05,0.019999999999999574
258,1966-12-16,4.78,-0.2699999999999996
259,1966-12-23,4.67,-0.11000000000000032
260,1966-12-30,4.64,-0.03000000000000025
261,1967-01-06,4.64,0.0
262,1967-01-13,4.51,-0.1299999999999999
263,1967-01-20,4.6,0.08999999999999986
264,1967-01-27,4.47,-0.1299999999999999
265,1967-02-03,4.52,0.04999999999999982
266,1967-02-10,4.59,0.07000000000000028
267,1967-02-17,4.68,0.08999999999999986
268,1967-02-24,4.73,0.05000000000000071
269,1967-03-03,4.62,-0.11000000000000032
270,1967-03-10,4.58,-0.040000000000000036
271,1967-03-17,4.47,-0.11000000000000032
272,1967-03-24,4.5,0.03000000000000025
273,1967-03-31,4.5,0.0
274,1967-04-07,4.48,-0.019999999999999574
275,1967-04-14,4.56,0.07999999999999918
276,1967-04-21,4.66,0.10000000000000053
277,1967-04-28,4.78,0.1200000000000001
278,1967-05-05,4.77,-0.010000000000000675
279,1967-05-12,4.82,0.05000000000000071
280,1967-05-19,4.89,0.0699999999999994
281,1967-05-26,4.86,-0.02999999999999936
282,1967-06-02,4.82,-0.040000000000000036
283,1967-06-09,4.89,0.0699999999999994
284,1967-06-16,5.07,0.1800000000000006
285,1967-06-23,5.14,0.0699999999999994
286,1967-06-30,5.22,0.08000000000000007
287,1967-07-07,5.15,-0.0699999999999994
288,1967-07-14,5.08,-0.07000000000000028
289,1967-07-21,5.2,0.1200000000000001
290,1967-07-28,5.18,-0.020000000000000462
291,1967-08-04,5.26,0.08000000000000007
292,1967-08-11,5.29,0.03000000000000025
293,1967-08-18,5.28,-0.009999999999999787
294,1967-08-25,5.32,0.040000000000000036
295,1967-09-01,5.25,-0.07000000000000028
296,1967-09-08,5.26,0.009999999999999787
297,1967-09-15,5.29,0.03000000000000025
298,1967-09-22,5.36,0.07000000000000028
299,1967-09-29,5.31,-0.05000000000000071
300,1967-10-06,5.37,0.0600000000000005
301,1967-10-13,5.45,0.08000000000000007
302,1967-10-20,5.52,0.0699999999999994
303,1967-10-27,5.57,0.05000000000000071
304,1967-11-03,5.75,0.17999999999999972
305,1967-11-10,5.83,0.08000000000000007
306,1967-11-17,5.75,-0.08000000000000007
307,1967-11-24,5.78,0.03000000000000025
308,1967-12-01,5.78,0.0
309,1967-12-08,5.72,-0.0600000000000005
310,1967-12-15,5.71,-0.009999999999999787
311,1967-12-22,5.69,-0.019999999999999574
312,1967-12-29,5.7,0.009999999999999787
313,1968-01-05,5.48,-0.21999999999999975
314,1968-01-12,5.43,-0.05000000000000071
315,1968-01-19,5.59,0.16000000000000014
316,1968-01-26,5.53,-0.05999999999999961
317,1968-02-02,5.58,0.04999999999999982
318,1968-02-09,5.59,0.009999999999999787
319,1968-02-16,5.5,-0.08999999999999986
320,1968-02-23,5.56,0.05999999999999961
321,1968-03-01,5.56,0.0
322,1968-03-08,5.75,0.1900000000000004
323,1968-03-15,5.84,0.08999999999999986
324,1968-03-22,5.74,-0.09999999999999964
325,1968-03-29,5.76,0.019999999999999574
326,1968-04-05,5.52,-0.2400000000000002
327,1968-04-12,5.54,0.020000000000000462
328,1968-04-19,5.76,0.21999999999999975
329,1968-04-26,5.71,-0.04999999999999982
330,1968-05-03,5.8,0.08999999999999986
331,1968-05-10,5.79,-0.009999999999999787
332,1968-05-17,5.92,0.1299999999999999
333,1968-05-24,5.96,0.040000000000000036
334,1968-05-31,5.86,-0.09999999999999964
335,1968-06-07,5.82,-0.040000000000000036
336,1968-06-14,5.72,-0.10000000000000053
337,1968-06-21,5.6,-0.1200000000000001
338,1968-06-28,5.64,0.040000000000000036
339,1968-07-05,5.56,-0.08000000000000007
340,1968-07-12,5.53,-0.02999999999999936
341,1968-07-19,5.53,0.0
342,1968-07-26,5.39,-0.14000000000000057
343,1968-08-02,5.34,-0.04999999999999982
344,1968-08-09,5.39,0.04999999999999982
345,1968-08-16,5.42,0.03000000000000025
346,1968-08-23,5.47,0.04999999999999982
347,1968-08-30,5.42,-0.04999999999999982
348,1968-09-06,5.48,0.0600000000000005
349,1968-09-13,5.48,0.0
350,1968-09-20,5.45,-0.03000000000000025
351,1968-09-27,5.46,0.009999999999999787
352,1968-10-04,5.52,0.05999999999999961
353,1968-10-11,5.61,0.09000000000000075
354,1968-10-18,5.57,-0.040000000000000036
355,1968-10-25,5.6,0.02999999999999936
356,1968-11-01,5.61,0.010000000000000675
357,1968-11-08,5.65,0.040000000000000036
358,1968-11-15,5.68,0.02999999999999936
359,1968-11-22,5.74,0.0600000000000005
360,1968-11-29,5.78,0.040000000000000036
361,1968-12-06,5.91,0.1299999999999999
362,1968-12-13,5.93,0.019999999999999574
363,1968-12-20,6.14,0.20999999999999996
364,1968-12-27,6.2,0.0600000000000005
365,1969-01-03,6.01,-0.1900000000000004
366,1969-01-10,6.03,0.020000000000000462
367,1969-01-17,5.97,-0.0600000000000005
368,1969-01-24,6.01,0.040000000000000036
369,1969-01-31,6.19,0.1800000000000006
370,1969-02-07,6.14,-0.05000000000000071
371,1969-02-14,6.11,-0.02999999999999936
372,1969-02-21,6.24,0.1299999999999999
373,1969-02-28,6.26,0.019999999999999574
374,1969-03-07,6.27,0.009999999999999787
375,1969-03-14,6.31,0.040000000000000036
376,1969-03-21,6.29,-0.019999999999999574
377,1969-03-28,6.3,0.009999999999999787
378,1969-04-04,6.26,-0.040000000000000036
379,1969-04-11,6.15,-0.10999999999999943
380,1969-04-18,6.16,0.009999999999999787
381,1969-04-25,6.15,-0.009999999999999787
382,1969-05-02,6.23,0.08000000000000007
383,1969-05-09,6.23,0.0
384,1969-05-16,6.31,0.07999999999999918
385,1969-05-23,6.38,0.07000000000000028
386,1969-05-30,6.56,0.17999999999999972
387,1969-06-06,6.52,-0.040000000000000036
388,1969-06-13,6.51,-0.009999999999999787
389,1969-06-20,6.59,0.08000000000000007
390,1969-06-27,6.66,0.07000000000000028
391,1969-07-04,6.75,0.08999999999999986
392,1969-07-11,6.64,-0.11000000000000032
393,1969-07-18,6.7,0.0600000000000005
394,1969-07-25,6.71,0.009999999999999787
395,1969-08-01,6.66,-0.04999999999999982
396,1969-08-08,6.64,-0.020000000000000462
397,1969-08-15,6.68,0.040000000000000036
398,1969-08-22,6.71,0.03000000000000025
399,1969-08-29,6.83,0.1200000000000001
400,1969-09-05,6.99,0.16000000000000014
401,1969-09-12,7.08,0.08999999999999986
402,1969-09-19,7.28,0.20000000000000018
403,1969-09-26,7.4,0.1200000000000001
404,1969-10-03,7.38,-0.020000000000000462
405,1969-10-10,7.22,-0.16000000000000014
406,1969-10-17,6.99,-0.22999999999999954
407,1969-10-24,6.9,-0.08999999999999986
408,1969-10-31,6.94,0.040000000000000036
409,1969-11-07,6.99,0.04999999999999982
410,1969-11-14,7.08,0.08999999999999986
411,1969-11-21,7.28,0.20000000000000018
412,1969-11-28,7.29,0.009999999999999787
413,1969-12-05,7.35,0.05999999999999961
414,1969-12-12,7.6,0.25
415,1969-12-19,7.79,0.1900000000000004
416,1969-12-26,7.87,0.08000000000000007
417,1970-01-02,7.86,-0.009999999999999787
418,1970-01-09,7.86,0.0
419,1970-01-16,7.75,-0.11000000000000032
420,1970-01-23,7.69,-0.05999999999999961
421,1970-01-30,7.75,0.05999999999999961
422,1970-02-06,7.36,-0.3899999999999997
423,1970-02-13,7.15,-0.20999999999999996
424,1970-02-20,7.12,-0.03000000000000025
425,1970-02-27,6.9,-0.21999999999999975
426,1970-03-06,6.96,0.05999999999999961
427,1970-03-13,7.23,0.27000000000000046
428,1970-03-20,7.06,-0.17000000000000082
429,1970-03-27,6.98,-0.07999999999999918
430,1970-04-03,7.14,0.15999999999999925
431,1970-04-10,7.17,0.03000000000000025
432,1970-04-17,7.4,0.23000000000000043
433,1970-04-24,7.72,0.3199999999999994
434,1970-05-01,7.85,0.1299999999999999
435,1970-05-08,7.78,-0.0699999999999994
436,1970-05-15,7.83,0.04999999999999982
437,1970-05-22,7.99,0.16000000000000014
438,1970-05-29,7.95,-0.040000000000000036
439,1970-06-05,7.88,-0.07000000000000028
440,1970-06-12,7.98,0.10000000000000053
441,1970-06-19,7.9,-0.08000000000000007
442,1970-06-26,7.78,-0.1200000000000001
443,1970-07-03,7.55,-0.23000000000000043
444,1970-07-10,7.54,-0.009999999999999787
445,1970-07-17,7.45,-0.08999999999999986
446,1970-07-24,7.34,-0.11000000000000032
447,1970-07-31,7.38,0.040000000000000036
448,1970-08-07,7.45,0.07000000000000028
449,1970-08-14,7.67,0.21999999999999975
450,1970-08-21,7.6,-0.07000000000000028
451,1970-08-28,7.49,-0.10999999999999943
452,1970-09-04,7.47,-0.020000000000000462
453,1970-09-11,7.5,0.03000000000000025
454,1970-09-18,7.31,-0.1900000000000004
455,1970-09-25,7.28,-0.02999999999999936
456,1970-10-02,7.26,-0.020000000000000462
457,1970-10-09,7.25,-0.009999999999999787
458,1970-10-16,7.31,0.05999999999999961
459,1970-10-23,7.44,0.13000000000000078
460,1970-10-30,7.33,-0.11000000000000032
461,1970-11-06,7.15,-0.17999999999999972
462,1970-11-13,7.0,-0.15000000000000036
463,1970-11-20,6.48,-0.5199999999999996
464,1970-11-27,6.48,0.0
465,1970-12-04,6.21,-0.27000000000000046
466,1970-12-11,6.31,0.09999999999999964
467,1970-12-18,6.33,0.020000000000000462
468,1970-12-25,6.53,0.20000000000000018
469,1971-01-01,6.5,-0.03000000000000025
470,1971-01-08,6.44,-0.05999999999999961
471,1971-01-15,6.22,-0.22000000000000064
472,1971-01-22,6.06,-0.16000000000000014
473,1971-01-29,6.09,0.03000000000000025
474,1971-02-05,6.1,0.009999999999999787
475,1971-02-12,6.08,-0.019999999999999574
476,1971-02-19,6.12,0.040000000000000036
477,1971-02-26,6.14,0.019999999999999574
478,1971-03-05,6.03,-0.10999999999999943
479,1971-03-12,5.72,-0.3100000000000005
480,1971-03-19,5.51,-0.20999999999999996
481,1971-03-26,5.48,-0.02999999999999936
482,1971-04-02,5.6,0.11999999999999922
483,1971-04-09,5.62,0.020000000000000462
484,1971-04-16,5.82,0.20000000000000018
485,1971-04-23,6.01,0.1899999999999995
486,1971-04-30,6.08,0.07000000000000028
487,1971-05-07,6.25,0.16999999999999993
488,1971-05-14,6.49,0.2400000000000002
489,1971-05-21,6.53,0.040000000000000036
490,1971-05-28,6.38,-0.15000000000000036
491,1971-06-04,6.26,-0.1200000000000001
492,1971-06-11,6.5,0.2400000000000002
493,1971-06-18,6.58,0.08000000000000007
494,1971-06-25,6.62,0.040000000000000036
495,1971-07-02,6.69,0.07000000000000028
496,1971-07-09,6.68,-0.010000000000000675
497,1971-07-16,6.66,-0.019999999999999574
498,1971-07-23,6.84,0.17999999999999972
499,1971-07-30,6.85,0.009999999999999787
500,1971-08-06,6.86,0.010000000000000675
501,1971-08-13,6.68,-0.1800000000000006
502,1971-08-20,6.37,-0.3099999999999996
503,1971-08-27,6.33,-0.040000000000000036
504,1971-09-03,6.12,-0.20999999999999996
505,1971-09-10,6.12,0.0
506,1971-09-17,6.13,0.009999999999999787
507,1971-09-24,6.16,0.03000000000000025
508,1971-10-01,6.0,-0.16000000000000014
509,1971-10-08,5.94,-0.05999999999999961
510,1971-10-15,5.9,-0.040000000000000036
511,1971-10-22,5.9,0.0
512,1971-10-29,5.87,-0.03000000000000025
513,1971-11-05,5.72,-0.15000000000000036
514,1971-11-12,5.77,0.04999999999999982
515,1971-11-19,5.79,0.020000000000000462
516,1971-11-26,5.94,0.15000000000000036
517,1971-12-03,5.88,-0.0600000000000005
518,1971-12-10,5.93,0.04999999999999982
519,1971-12-17,5.93,0.0
520,1971-12-24,5.97,0.040000000000000036
521,1971-12-31,5.89,-0.08000000000000007
522,1972-01-07,5.88,-0.009999999999999787
523,1972-01-14,5.85,-0.03000000000000025
524,1972-01-21,5.99,0.14000000000000057
525,1972-01-28,6.08,0.08999999999999986
526,1972-02-04,6.08,0.0
527,1972-02-11,6.12,0.040000000000000036
528,1972-02-18,6.06,-0.0600000000000005
529,1972-02-25,6.06,0.0
530,1972-03-03,6.02,-0.040000000000000036
531,1972-03-10,6.03,0.010000000000000675
532,1972-03-17,6.08,0.04999999999999982
533,1972-03-24,6.12,0.040000000000000036
534,1972-03-31,6.12,0.0
535,1972-04-07,6.18,0.05999999999999961
536,1972-04-14,6.25,0.07000000000000028
537,1972-04-21,6.2,-0.04999999999999982
538,1972-04-28,6.14,-0.0600000000000005
539,1972-05-05,6.17,0.03000000000000025
540,1972-05-12,6.16,-0.009999999999999787
541,1972-05-19,6.1,-0.0600000000000005
542,1972-05-26,6.04,-0.05999999999999961
543,1972-06-02,6.09,0.04999999999999982
544,1972-06-09,6.11,0.020000000000000462
545,1972-06-16,6.1,-0.010000000000000675
546,1972-06-23,6.1,0.0
547,1972-06-30,6.15,0.05000000000000071
548,1972-07-07,6.13,-0.020000000000000462
549,1972-07-14,6.1,-0.03000000000000025
550,1972-07-21,6.1,0.0
551,1972-07-28,6.12,0.020000000000000462
552,1972-08-04,6.16,0.040000000000000036
553,1972-08-11,6.14,-0.020000000000000462
554,1972-08-18,6.21,0.07000000000000028
555,1972-08-25,6.26,0.04999999999999982
556,1972-09-01,6.43,0.16999999999999993
557,1972-09-08,6.56,0.1299999999999999
558,1972-09-15,6.56,0.0
559,1972-09-22,6.62,0.0600000000000005
560,1972-09-29,6.54,-0.08000000000000007
561,1972-10-06,6.52,-0.020000000000000462
562,1972-10-13,6.5,-0.019999999999999574
563,1972-10-20,6.47,-0.03000000000000025
564,1972-10-27,6.42,-0.04999999999999982
565,1972-11-03,6.3,-0.1200000000000001
566,1972-11-10,6.3,0.0
567,1972-11-17,6.24,-0.05999999999999961
568,1972-11-24,6.27,0.02999999999999936
569,1972-12-01,6.29,0.020000000000000462
570,1972-12-08,6.32,0.03000000000000025
571,1972-12-15,6.35,0.02999999999999936
572,1972-12-22,6.4,0.05000000000000071
573,1972-12-29,6.41,0.009999999999999787
574,1973-01-05,6.42,0.009999999999999787
575,1973-01-12,6.44,0.020000000000000462
576,1973-01-19,6.49,0.04999999999999982
577,1973-01-26,6.53,0.040000000000000036
578,1973-02-02,6.64,0.10999999999999943
579,1973-02-09,6.63,-0.009999999999999787
580,1973-02-16,6.63,0.0
581,1973-02-23,6.61,-0.019999999999999574
582,1973-03-02,6.67,0.05999999999999961
583,1973-03-09,6.68,0.009999999999999787
584,1973-03-16,6.77,0.08999999999999986
585,1973-03-23,6.76,-0.009999999999999787
586,1973-03-30,6.73,-0.02999999999999936
587,1973-04-06,6.64,-0.09000000000000075
588,1973-04-13,6.63,-0.009999999999999787
589,1973-04-20,6.66,0.03000000000000025
590,1973-04-27,6.69,0.03000000000000025
591,1973-05-04,6.79,0.09999999999999964
592,1973-05-11,6.82,0.03000000000000025
593,1973-05-18,6.86,0.040000000000000036
594,1973-05-25,6.91,0.04999999999999982
595,1973-06-01,6.96,0.04999999999999982
596,1973-06-08,6.87,-0.08999999999999986
597,1973-06-15,6.86,-0.009999999999999787
598,1973-06-22,6.91,0.04999999999999982
599,1973-06-29,6.94,0.03000000000000025
600,1973-07-06,7.03,0.08999999999999986
601,1973-07-13,7.05,0.019999999999999574
602,1973-07-20,7.17,0.1200000000000001
603,1973-07-27,7.35,0.17999999999999972
604,1973-08-03,7.53,0.1800000000000006
605,1973-08-10,7.52,-0.010000000000000675
606,1973-08-17,7.28,-0.23999999999999932
607,1973-08-24,7.23,-0.04999999999999982
608,1973-08-31,7.25,0.019999999999999574
609,1973-09-07,7.11,-0.13999999999999968
610,1973-09-14,7.21,0.09999999999999964
611,1973-09-21,7.02,-0.1900000000000004
612,1973-09-28,6.9,-0.11999999999999922
613,1973-10-05,6.86,-0.040000000000000036
614,1973-10-12,6.75,-0.11000000000000032
615,1973-10-19,6.8,0.04999999999999982
616,1973-10-26,6.72,-0.08000000000000007
617,1973-11-02,6.72,0.0
618,1973-11-09,6.76,0.040000000000000036
619,1973-11-16,6.72,-0.040000000000000036
620,1973-11-23,6.7,-0.019999999999999574
621,1973-11-30,6.69,-0.009999999999999787
622,1973-12-07,6.74,0.04999999999999982
623,1973-12-14,6.68,-0.0600000000000005
624,1973-12-21,6.78,0.10000000000000053
625,1973-12-28,6.91,0.1299999999999999
626,1974-01-04,6.94,0.03000000000000025
627,1974-01-11,7.01,0.0699999999999994
628,1974-01-18,6.98,-0.02999999999999936
629,1974-01-25,7.02,0.03999999999999915
630,1974-02-01,7.0,-0.019999999999999574
631,1974-02-08,6.93,-0.07000000000000028
632,1974-02-15,6.93,0.0
633,1974-02-22,6.97,0.040000000000000036
634,1974-03-01,7.08,0.11000000000000032
635,1974-03-08,7.06,-0.020000000000000462
636,1974-03-15,7.18,0.1200000000000001
637,1974-03-22,7.35,0.16999999999999993
638,1974-03-29,7.41,0.0600000000000005
639,1974-04-05,7.54,0.1299999999999999
640,1974-04-12,7.45,-0.08999999999999986
641,1974-04-19,7.51,0.05999999999999961
642,1974-04-26,7.64,0.1299999999999999
643,1974-05-03,7.65,0.010000000000000675
644,1974-05-10,7.63,-0.020000000000000462
645,1974-05-17,7.57,-0.05999999999999961
646,1974-05-24,7.49,-0.08000000000000007
647,1974-05-31,7.52,0.02999999999999936
648,1974-06-07,7.46,-0.05999999999999961
649,1974-06-14,7.5,0.040000000000000036
650,1974-06-21,7.55,0.04999999999999982
651,1974-06-28,7.64,0.08999999999999986
652,1974-07-05,7.71,0.07000000000000028
653,1974-07-12,7.85,0.13999999999999968
654,1974-07-19,7.87,0.020000000000000462
655,1974-07-26,7.79,-0.08000000000000007
656,1974-08-02,7.96,0.16999999999999993
657,1974-08-09,8.03,0.0699999999999994
658,1974-08-16,8.0,-0.02999999999999936
659,1974-08-23,8.15,0.15000000000000036
660,1974-08-30,8.11,-0.040000000000000924
661,1974-09-06,8.09,-0.019999999999999574
662,1974-09-13,8.13,0.040000000000000924
663,1974-09-20,8.02,-0.11000000000000121
664,1974-09-27,7.94,-0.07999999999999918
665,1974-10-04,8.02,0.07999999999999918
666,1974-10-11,7.88,-0.13999999999999968
667,1974-10-18,7.86,-0.019999999999999574
668,1974-10-25,7.86,0.0
669,1974-11-01,7.8,-0.0600000000000005
670,1974-11-08,7.72,-0.08000000000000007
671,1974-11-15,7.61,-0.10999999999999943
672,1974-11-22,7.6,-0.010000000000000675
673,1974-11-29,7.64,0.040000000000000036
674,1974-12-06,7.59,-0.04999999999999982
675,1974-12-13,7.38,-0.20999999999999996
676,1974-12-20,7.27,-0.11000000000000032
677,1974-12-27,7.39,0.1200000000000001
678,1975-01-03,7.43,0.040000000000000036
679,1975-01-10,7.37,-0.05999999999999961
680,1975-01-17,7.53,0.16000000000000014
681,1975-01-24,7.64,0.10999999999999943
682,1975-01-31,7.53,-0.10999999999999943
683,1975-02-07,7.38,-0.15000000000000036
684,1975-02-14,7.35,-0.03000000000000025
685,1975-02-21,7.22,-0.1299999999999999
686,1975-02-28,7.46,0.2400000000000002
687,1975-03-07,7.52,0.05999999999999961
688,1975-03-14,7.58,0.0600000000000005
689,1975-03-21,7.84,0.2599999999999998
690,1975-03-28,8.08,0.2400000000000002
691,1975-04-04,8.15,0.07000000000000028
692,1975-04-11,8.22,0.07000000000000028
693,1975-04-18,8.27,0.049999999999998934
694,1975-04-25,8.25,-0.019999999999999574
695,1975-05-02,8.11,-0.14000000000000057
696,1975-05-09,8.08,-0.02999999999999936
697,1975-05-16,8.01,-0.07000000000000028
698,1975-05-23,8.02,0.009999999999999787
699,1975-05-30,8.04,0.019999999999999574
700,1975-06-06,7.88,-0.15999999999999925
701,1975-06-13,7.69,-0.1899999999999995
702,1975-06-20,7.94,0.25
703,1975-06-27,7.95,0.009999999999999787
704,1975-07-04,8.05,0.10000000000000053
705,1975-07-11,7.99,-0.0600000000000005
706,1975-07-18,8.06,0.07000000000000028
707,1975-07-25,8.12,0.05999999999999872
708,1975-08-01,8.26,0.14000000000000057
709,1975-08-08,8.4,0.14000000000000057
710,1975-08-15,8.48,0.08000000000000007
711,1975-08-22,8.46,-0.019999999999999574
712,1975-08-29,8.22,-0.2400000000000002
713,1975-09-05,8.35,0.129999999999999
714,1975-09-12,8.57,0.22000000000000064
715,1975-09-19,8.42,-0.15000000000000036
716,1975-09-26,8.45,0.02999999999999936
717,1975-10-03,8.33,-0.11999999999999922
718,1975-10-10,8.15,-0.17999999999999972
719,1975-10-17,8.07,-0.08000000000000007
720,1975-10-24,8.0,-0.07000000000000028
721,1975-10-31,7.91,-0.08999999999999986
722,1975-11-07,7.91,0.0
723,1975-11-14,8.06,0.15000000000000036
724,1975-11-21,8.21,0.15000000000000036
725,1975-11-28,8.14,-0.07000000000000028
726,1975-12-05,8.13,-0.009999999999999787
727,1975-12-12,8.12,-0.010000000000001563
728,1975-12-19,7.88,-0.23999999999999932
729,1975-12-26,7.75,-0.1299999999999999
730,1976-01-02,7.77,0.019999999999999574
731,1976-01-09,7.64,-0.1299999999999999
732,1976-01-16,7.79,0.15000000000000036
733,1976-01-23,7.78,-0.009999999999999787
734,1976-01-30,7.8,0.019999999999999574
735,1976-02-06,7.88,0.08000000000000007
736,1976-02-13,7.82,-0.05999999999999961
737,1976-02-20,7.77,-0.05000000000000071
738,1976-02-27,7.77,0.0
739,1976-03-05,7.8,0.03000000000000025
740,1976-03-12,7.71,-0.08999999999999986
741,1976-03-19,7.74,0.03000000000000025
742,1976-03-26,7.64,-0.10000000000000053
743,1976-04-02,7.67,0.03000000000000025
744,1976-04-09,7.52,-0.15000000000000036
745,1976-04-16,7.47,-0.04999999999999982
746,1976-04-23,7.59,0.1200000000000001
747,1976-04-30,7.67,0.08000000000000007
748,1976-05-07,7.87,0.20000000000000018
749,1976-05-14,7.93,0.05999999999999961
750,1976-05-21,8.0,0.07000000000000028
751,1976-05-28,7.96,-0.040000000000000036
752,1976-06-04,7.89,-0.07000000000000028
753,1976-06-11,7.86,-0.02999999999999936
754,1976-06-18,7.81,-0.05000000000000071
755,1976-06-25,7.83,0.020000000000000462
756,1976-07-02,7.84,0.009999999999999787
757,1976-07-09,7.78,-0.05999999999999961
758,1976-07-16,7.83,0.04999999999999982
759,1976-07-23,7.84,0.009999999999999787
760,1976-07-30,7.86,0.020000000000000462
761,1976-08-06,7.84,-0.020000000000000462
762,1976-08-13,7.78,-0.05999999999999961
763,1976-08-20,7.76,-0.020000000000000462
764,1976-08-27,7.72,-0.040000000000000036
765,1976-09-03,7.65,-0.0699999999999994
766,1976-09-10,7.64,-0.010000000000000675
767,1976-09-17,7.49,-0.14999999999999947
768,1976-09-24,7.58,0.08999999999999986
769,1976-10-01,7.49,-0.08999999999999986
770,1976-10-08,7.38,-0.11000000000000032
771,1976-10-15,7.31,-0.07000000000000028
772,1976-10-22,7.48,0.17000000000000082
773,1976-10-29,7.42,-0.0600000000000005
774,1976-11-05,7.41,-0.009999999999999787
775,1976-11-12,7.43,0.019999999999999574
776,1976-11-19,7.24,-0.1899999999999995
777,1976-11-26,6.99,-0.25
778,1976-12-03,6.86,-0.1299999999999999
779,1976-12-10,6.82,-0.040000000000000036
780,1976-12-17,6.88,0.05999999999999961
781,1976-12-24,6.84,-0.040000000000000036
782,1976-12-31,6.81,-0.03000000000000025
783,1977-01-07,7.07,0.2600000000000007
784,1977-01-14,7.28,0.20999999999999996
785,1977-01-21,7.28,0.0
786,1977-01-28,7.4,0.1200000000000001
787,1977-02-04,7.28,-0.1200000000000001
788,1977-02-11,7.36,0.08000000000000007
789,1977-02-18,7.41,0.04999999999999982
790,1977-02-25,7.48,0.07000000000000028
791,1977-03-04,7.48,0.0
792,1977-03-11,7.44,-0.040000000000000036
793,1977-03-18,7.44,0.0
794,1977-03-25,7.48,0.040000000000000036
795,1977-04-01,7.43,-0.05000000000000071
796,1977-04-08,7.43,0.0
797,1977-04-15,7.25,-0.17999999999999972
798,1977-04-22,7.36,0.11000000000000032
799,1977-04-29,7.45,0.08999999999999986
800,1977-05-06,7.5,0.04999999999999982
801,1977-05-13,7.48,-0.019999999999999574
802,1977-05-20,7.49,0.009999999999999787
803,1977-05-27,7.38,-0.11000000000000032
804,1977-06-03,7.36,-0.019999999999999574
805,1977-06-10,7.3,-0.0600000000000005
806,1977-06-17,7.24,-0.05999999999999961
807,1977-06-24,7.2,-0.040000000000000036
808,1977-07-01,7.34,0.13999999999999968
809,1977-07-08,7.31,-0.03000000000000025
810,1977-07-15,7.31,0.0
811,1977-07-22,7.31,0.0
812,1977-07-29,7.42,0.11000000000000032
813,1977-08-05,7.42,0.0
814,1977-08-12,7.48,0.0600000000000005
815,1977-08-19,7.4,-0.08000000000000007
816,1977-08-26,7.27,-0.13000000000000078
817,1977-09-02,7.24,-0.02999999999999936
818,1977-09-09,7.36,0.1200000000000001
819,1977-09-16,7.32,-0.040000000000000036
820,1977-09-23,7.39,0.0699999999999994
821,1977-09-30,7.41,0.020000000000000462
822,1977-10-07,7.48,0.07000000000000028
823,1977-10-14,7.54,0.05999999999999961
824,1977-10-21,7.55,0.009999999999999787
825,1977-10-28,7.56,0.009999999999999787
826,1977-11-04,7.64,0.08000000000000007
827,1977-11-11,7.59,-0.04999999999999982
828,1977-11-18,7.54,-0.04999999999999982
829,1977-11-25,7.52,-0.020000000000000462
830,1977-12-02,7.59,0.07000000000000028
831,1977-12-09,7.63,0.040000000000000036
832,1977-12-16,7.67,0.040000000000000036
833,1977-12-23,7.75,0.08000000000000007
834,1977-12-30,7.78,0.03000000000000025
835,1978-01-06,7.85,0.0699999999999994
836,1978-01-13,7.98,0.13000000000000078
837,1978-01-20,7.97,-0.010000000000000675
838,1978-01-27,7.97,0.0
839,1978-02-03,7.97,0.0
840,1978-02-10,8.02,0.04999999999999982
841,1978-02-17,8.09,0.07000000000000028
842,1978-02-24,8.04,-0.05000000000000071
843,1978-03-03,8.04,0.0
844,1978-03-10,8.0,-0.03999999999999915
845,1978-03-17,8.0,0.0
846,1978-03-24,8.01,0.009999999999999787
847,1978-03-31,8.15,0.14000000000000057
848,1978-04-07,8.14,-0.009999999999999787
849,1978-04-14,8.12,-0.02000000000000135
850,1978-04-21,8.16,0.040000000000000924
851,1978-04-28,8.24,0.08000000000000007
852,1978-05-05,8.34,0.09999999999999964
853,1978-05-12,8.36,0.019999999999999574
854,1978-05-19,8.38,0.02000000000000135
855,1978-05-26,8.42,0.03999999999999915
856,1978-06-02,8.39,-0.02999999999999936
857,1978-06-09,8.41,0.019999999999999574
858,1978-06-16,8.43,0.019999999999999574
859,1978-06-23,8.55,0.120000000000001
860,1978-06-30,8.62,0.06999999999999851
861,1978-07-07,8.66,0.040000000000000924
862,1978-07-14,8.68,0.019999999999999574
863,1978-07-21,8.67,-0.009999999999999787
864,1978-07-28,8.55,-0.11999999999999922
865,1978-08-04,8.38,-0.16999999999999993
866,1978-08-11,8.44,0.05999999999999872
867,1978-08-18,8.46,0.02000000000000135
868,1978-08-25,8.34,-0.120000000000001
869,1978-09-01,8.38,0.040000000000000924
870,1978-09-08,8.34,-0.040000000000000924
871,1978-09-15,8.35,0.009999999999999787
872,1978-09-22,8.56,0.21000000000000085
873,1978-09-29,8.56,0.0
874,1978-10-06,8.58,0.019999999999999574
875,1978-10-13,8.52,-0.0600000000000005
876,1978-10-20,8.66,0.14000000000000057
877,1978-10-27,8.78,0.11999999999999922
878,1978-11-03,8.86,0.08000000000000007
879,1978-11-10,8.86,0.0
880,1978-11-17,8.72,-0.1399999999999988
881,1978-11-24,8.86,0.1399999999999988
882,1978-12-01,8.8,-0.05999999999999872
883,1978-12-08,8.9,0.09999999999999964
884,1978-12-15,9.0,0.09999999999999964
885,1978-12-22,9.11,0.10999999999999943
886,1978-12-29,9.15,0.040000000000000924
887,1979-01-05,9.1,-0.05000000000000071
888,1979-01-12,9.14,0.040000000000000924
889,1979-01-19,9.15,0.009999999999999787
890,1979-01-26,8.93,-0.22000000000000064
891,1979-02-02,8.89,-0.03999999999999915
892,1979-02-09,9.11,0.21999999999999886
893,1979-02-16,9.11,0.0
894,1979-02-23,9.21,0.10000000000000142
895,1979-03-02,9.16,-0.05000000000000071
896,1979-03-09,9.11,-0.05000000000000071
897,1979-03-16,9.12,0.009999999999999787
898,1979-03-23,9.12,0.0
899,1979-03-30,9.11,-0.009999999999999787
900,1979-04-06,9.1,-0.009999999999999787
901,1979-04-13,9.2,0.09999999999999964
902,1979-04-20,9.19,-0.009999999999999787
903,1979-04-27,9.32,0.13000000000000078
904,1979-05-04,9.39,0.07000000000000028
905,1979-05-11,9.34,-0.05000000000000071
906,1979-05-18,9.23,-0.10999999999999943
907,1979-05-25,9.01,-0.22000000000000064
908,1979-06-01,9.05,0.040000000000000924
909,1979-06-08,8.9,-0.15000000000000036
910,1979-06-15,8.96,0.0600000000000005
911,1979-06-22,8.98,0.019999999999999574
912,1979-06-29,8.81,-0.16999999999999993
913,1979-07-06,8.82,0.009999999999999787
914,1979-07-13,8.94,0.11999999999999922
915,1979-07-20,8.98,0.040000000000000924
916,1979-07-27,9.02,0.03999999999999915
917,1979-08-03,8.92,-0.09999999999999964
918,1979-08-10,9.0,0.08000000000000007
919,1979-08-17,9.01,0.009999999999999787
920,1979-08-24,9.14,0.13000000000000078
921,1979-08-31,9.24,0.09999999999999964
922,1979-09-07,9.34,0.09999999999999964
923,1979-09-14,9.29,-0.05000000000000071
924,1979-09-21,9.26,-0.02999999999999936
925,1979-09-28,9.44,0.17999999999999972
926,1979-10-05,9.6,0.16000000000000014
927,1979-10-12,10.15,0.5500000000000007
928,1979-10-19,10.68,0.5299999999999994
929,1979-10-26,10.67,-0.009999999999999787
930,1979-11-02,10.84,0.16999999999999993
931,1979-11-09,10.68,-0.16000000000000014
932,1979-11-16,10.77,0.08999999999999986
933,1979-11-23,10.51,-0.2599999999999998
934,1979-11-30,10.38,-0.129999999999999
935,1979-12-07,10.3,-0.08000000000000007
936,1979-12-14,10.45,0.14999999999999858
937,1979-12-21,10.39,-0.05999999999999872
938,1979-12-28,10.41,0.019999999999999574
939,1980-01-04,10.66,0.25
940,1980-01-11,10.68,0.019999999999999574
941,1980-01-18,10.82,0.14000000000000057
942,1980-01-25,11.1,0.27999999999999936
943,1980-02-01,11.29,0.1899999999999995
944,1980-02-08,11.8,0.5100000000000016
945,1980-02-15,12.2,0.3999999999999986
946,1980-02-22,13.06,0.8600000000000012
947,1980-02-29,12.72,-0.33999999999999986
948,1980-03-07,12.86,0.1399999999999988
949,1980-03-14,12.52,-0.33999999999999986
950,1980-03-21,12.75,0.23000000000000043
951,1980-03-28,12.72,-0.02999999999999936
952,1980-04-04,12.52,-0.20000000000000107
953,1980-04-11,11.79,-0.7300000000000004
954,1980-04-18,11.05,-0.7399999999999984
955,1980-04-25,10.95,-0.10000000000000142
956,1980-05-02,10.24,-0.7099999999999991
957,1980-05-09,10.3,0.0600000000000005
958,1980-05-16,10.37,0.06999999999999851
959,1980-05-23,9.85,-0.5199999999999996
960,1980-05-30,10.25,0.40000000000000036
961,1980-06-06,9.81,-0.4399999999999995
962,1980-06-13,9.51,-0.3000000000000007
963,1980-06-20,9.49,-0.019999999999999574
964,1980-06-27,10.04,0.5499999999999989
965,1980-07-04,10.01,-0.02999999999999936
966,1980-07-11,10.28,0.2699999999999996
967,1980-07-18,10.2,-0.08000000000000007
968,1980-07-25,10.35,0.15000000000000036
969,1980-08-01,10.76,0.41000000000000014
970,1980-08-08,10.87,0.10999999999999943
971,1980-08-15,10.86,-0.009999999999999787
972,1980-08-22,11.13,0.27000000000000135
973,1980-08-29,11.55,0.41999999999999993
974,1980-09-05,11.21,-0.33999999999999986
975,1980-09-12,11.37,0.15999999999999837
976,1980-09-19,11.33,-0.03999999999999915
977,1980-09-26,11.99,0.6600000000000001
978,1980-10-03,11.4,-0.5899999999999999
979,1980-10-10,11.44,0.03999999999999915
980,1980-10-17,11.62,0.17999999999999972
981,1980-10-24,11.74,0.120000000000001
982,1980-10-31,12.46,0.7200000000000006
983,1980-11-07,12.66,0.1999999999999993
984,1980-11-14,12.79,0.129999999999999
985,1980-11-21,12.8,0.010000000000001563
986,1980-11-28,12.72,-0.08000000000000007
987,1980-12-05,12.85,0.129999999999999
988,1980-12-12,13.21,0.3600000000000012
989,1980-12-19,12.64,-0.5700000000000003
990,1980-12-26,12.25,-0.39000000000000057
991,1981-01-02,12.42,0.16999999999999993
992,1981-01-09,12.57,0.15000000000000036
993,1981-01-16,12.53,-0.040000000000000924
994,1981-01-23,12.84,0.3100000000000005
995,1981-01-30,12.68,-0.16000000000000014
996,1981-02-06,13.09,0.41000000000000014
997,1981-02-13,13.65,0.5600000000000005
998,1981-02-20,12.9,-0.75
999,1981-02-27,13.43,0.5299999999999994
1000,1981-03-06,13.2,-0.23000000000000043
1001,1981-03-13,12.86,-0.33999999999999986
1002,1981-03-20,12.77,-0.08999999999999986
1003,1981-03-27,13.36,0.5899999999999999
1004,1981-04-03,13.4,0.040000000000000924
1005,1981-04-10,13.59,0.1899999999999995
1006,1981-04-17,13.79,0.1999999999999993
1007,1981-04-24,13.88,0.09000000000000163
1008,1981-05-01,14.05,0.16999999999999993
1009,1981-05-08,14.23,0.17999999999999972
1010,1981-05-15,14.07,-0.16000000000000014
1011,1981-05-22,13.82,-0.25
1012,1981-05-29,13.5,-0.3200000000000003
1013,1981-06-05,13.56,0.0600000000000005
1014,1981-06-12,13.35,-0.21000000000000085
1015,1981-06-19,13.46,0.11000000000000121
1016,1981-06-26,13.69,0.22999999999999865
1017,1981-07-03,13.95,0.2599999999999998
1018,1981-07-10,13.94,-0.009999999999999787
1019,1981-07-17,14.09,0.15000000000000036
1020,1981-07-24,14.41,0.3200000000000003
1021,1981-07-31,14.67,0.2599999999999998
1022,1981-08-07,14.83,0.16000000000000014
1023,1981-08-14,14.74,-0.08999999999999986
1024,1981-08-21,14.97,0.23000000000000043
1025,1981-08-28,15.25,0.27999999999999936
1026,1981-09-04,15.51,0.2599999999999998
1027,1981-09-11,15.05,-0.4599999999999991
1028,1981-09-18,14.91,-0.14000000000000057
1029,1981-09-25,15.68,0.7699999999999996
1030,1981-10-02,15.41,-0.2699999999999996
1031,1981-10-09,14.73,-0.6799999999999997
1032,1981-10-16,14.94,0.20999999999999908
1033,1981-10-23,15.3,0.3600000000000012
1034,1981-10-30,14.63,-0.6699999999999999
1035,1981-11-06,13.94,-0.6900000000000013
1036,1981-11-13,13.18,-0.7599999999999998
1037,1981-11-20,13.14,-0.03999999999999915
1038,1981-11-27,12.92,-0.22000000000000064
1039,1981-12-04,13.15,0.23000000000000043
1040,1981-12-11,13.84,0.6899999999999995
1041,1981-12-18,13.51,-0.33000000000000007
1042,1981-12-25,14.01,0.5
1043,1982-01-01,13.98,-0.02999999999999936
1044,1982-01-08,14.48,0.5
1045,1982-01-15,14.82,0.33999999999999986
1046,1982-01-22,14.69,-0.13000000000000078
1047,1982-01-29,14.14,-0.5499999999999989
1048,1982-02-05,14.65,0.5099999999999998
1049,1982-02-12,14.71,0.0600000000000005
1050,1982-02-19,14.24,-0.47000000000000064
1051,1982-02-26,14.03,-0.21000000000000085
1052,1982-03-05,13.59,-0.4399999999999995
1053,1982-03-12,13.97,0.3800000000000008
1054,1982-03-19,13.89,-0.08000000000000007
1055,1982-03-26,14.01,0.11999999999999922
1056,1982-04-02,14.1,0.08999999999999986
1057,1982-04-09,13.98,-0.11999999999999922
1058,1982-04-16,13.71,-0.2699999999999996
1059,1982-04-23,13.69,-0.02000000000000135
1060,1982-04-30,13.87,0.17999999999999972
1061,1982-05-07,13.48,-0.3899999999999988
1062,1982-05-14,13.48,0.0
1063,1982-05-21,13.52,0.03999999999999915
1064,1982-05-28,13.71,0.19000000000000128
1065,1982-06-04,13.98,0.2699999999999996
1066,1982-06-11,13.93,-0.05000000000000071
1067,1982-06-18,14.62,0.6899999999999995
1068,1982-06-25,14.76,0.14000000000000057
1069,1982-07-02,14.5,-0.2599999999999998
1070,1982-07-09,14.03,-0.47000000000000064
1071,1982-07-16,13.7,-0.33000000000000007
1072,1982-07-23,13.56,-0.1399999999999988
1073,1982-07-30,13.68,0.11999999999999922
1074,1982-08-06,13.85,0.16999999999999993
1075,1982-08-13,13.2,-0.6500000000000004
1076,1982-08-20,12.24,-0.9599999999999991
1077,1982-08-27,12.77,0.5299999999999994
1078,1982-09-03,12.47,-0.29999999999999893
1079,1982-09-10,12.73,0.2599999999999998
1080,1982-09-17,12.51,-0.22000000000000064
1081,1982-09-24,12.09,-0.41999999999999993
1082,1982-10-01,11.51,-0.5800000000000001
1083,1982-10-08,10.83,-0.6799999999999997
1084,1982-10-15,10.75,-0.08000000000000007
1085,1982-10-22,10.81,0.0600000000000005
1086,1982-10-29,10.71,-0.09999999999999964
1087,1982-11-05,10.48,-0.23000000000000043
1088,1982-11-12,10.58,0.09999999999999964
1089,1982-11-19,10.42,-0.16000000000000014
1090,1982-11-26,10.51,0.08999999999999986
1091,1982-12-03,10.47,-0.03999999999999915
1092,1982-12-10,10.66,0.1899999999999995
1093,1982-12-17,10.64,-0.019999999999999574
1094,1982-12-24,10.47,-0.16999999999999993
1095,1982-12-31,10.36,-0.11000000000000121
1096,1983-01-07,10.36,0.0
1097,1983-01-14,10.28,-0.08000000000000007
1098,1983-01-21,10.61,0.33000000000000007
1099,1983-01-28,10.71,0.10000000000000142
1100,1983-02-04,10.99,0.27999999999999936
1101,1983-02-11,10.8,-0.1899999999999995
1102,1983-02-18,10.6,-0.20000000000000107
1103,1983-02-25,10.26,-0.33999999999999986
1104,1983-03-04,10.27,0.009999999999999787
1105,1983-03-11,10.59,0.3200000000000003
1106,1983-03-18,10.58,-0.009999999999999787
1107,1983-03-25,10.64,0.0600000000000005
1108,1983-04-01,10.62,-0.02000000000000135
1109,1983-04-08,10.51,-0.10999999999999943
1110,1983-04-15,10.33,-0.17999999999999972
1111,1983-04-22,10.42,0.08999999999999986
1112,1983-04-29,10.27,-0.15000000000000036
1113,1983-05-06,10.13,-0.1399999999999988
1114,1983-05-13,10.22,0.08999999999999986
1115,1983-05-20,10.54,0.3199999999999985
1116,1983-05-27,10.62,0.08000000000000007
1117,1983-06-03,10.79,0.16999999999999993
1118,1983-06-10,10.89,0.10000000000000142
1119,1983-06-17,10.68,-0.21000000000000085
1120,1983-06-24,11.02,0.33999999999999986
1121,1983-07-01,10.93,-0.08999999999999986
1122,1983-07-08,11.33,0.40000000000000036
1123,1983-07-15,11.51,0.17999999999999972
1124,1983-07-22,11.43,-0.08000000000000007
1125,1983-07-29,11.76,0.33000000000000007
1126,1983-08-05,12.1,0.33999999999999986
1127,1983-08-12,11.96,-0.1399999999999988
1128,1983-08-19,11.72,-0.2400000000000002
1129,1983-08-26,11.65,-0.07000000000000028
1130,1983-09-02,12.01,0.35999999999999943
1131,1983-09-09,11.73,-0.27999999999999936
1132,1983-09-16,11.68,-0.05000000000000071
1133,1983-09-23,11.49,-0.1899999999999995
1134,1983-09-30,11.44,-0.05000000000000071
1135,1983-10-07,11.33,-0.10999999999999943
1136,1983-10-14,11.58,0.25
1137,1983-10-21,11.43,-0.15000000000000036
1138,1983-10-28,11.68,0.25
1139,1983-11-04,11.85,0.16999999999999993
1140,1983-11-11,11.71,-0.1399999999999988
1141,1983-11-18,11.72,0.009999999999999787
1142,1983-11-25,11.55,-0.16999999999999993
1143,1983-12-02,11.75,0.1999999999999993
1144,1983-12-09,11.9,0.15000000000000036
1145,1983-12-16,11.88,-0.019999999999999574
1146,1983-12-23,11.79,-0.09000000000000163
1147,1983-12-30,11.82,0.030000000000001137
1148,1984-01-06,11.73,-0.08999999999999986
1149,1984-01-13,11.59,-0.14000000000000057
1150,1984-01-20,11.64,0.05000000000000071
1151,1984-01-27,11.63,-0.009999999999999787
1152,1984-02-03,11.6,-0.030000000000001137
1153,1984-02-10,11.83,0.23000000000000043
1154,1984-02-17,11.92,0.08999999999999986
1155,1984-02-24,11.99,0.07000000000000028
1156,1984-03-02,11.99,0.0
1157,1984-03-09,12.28,0.28999999999999915
1158,1984-03-16,12.34,0.0600000000000005
1159,1984-03-23,12.48,0.14000000000000057
1160,1984-03-30,12.53,0.049999999999998934
1161,1984-04-06,12.51,-0.019999999999999574
1162,1984-04-13,12.57,0.0600000000000005
1163,1984-04-20,12.77,0.1999999999999993
1164,1984-04-27,12.79,0.019999999999999574
1165,1984-05-04,13.07,0.28000000000000114
1166,1984-05-11,13.46,0.39000000000000057
1167,1984-05-18,13.45,-0.010000000000001563
1168,1984-05-25,13.75,0.3000000000000007
1169,1984-06-01,13.63,-0.11999999999999922
1170,1984-06-08,13.46,-0.16999999999999993
1171,1984-06-15,13.21,-0.25
1172,1984-06-22,13.74,0.5299999999999994
1173,1984-06-29,13.84,0.09999999999999964
1174,1984-07-06,13.75,-0.08999999999999986
1175,1984-07-13,13.3,-0.4499999999999993
1176,1984-07-20,13.36,0.05999999999999872
1177,1984-07-27,12.95,-0.41000000000000014
1178,1984-08-03,12.61,-0.33999999999999986
1179,1984-08-10,12.68,0.07000000000000028
1180,1984-08-17,12.7,0.019999999999999574
1181,1984-08-24,12.66,-0.03999999999999915
1182,1984-08-31,12.79,0.129999999999999
1183,1984-09-07,12.7,-0.08999999999999986
1184,1984-09-14,12.42,-0.27999999999999936
1185,1984-09-21,12.45,0.02999999999999936
1186,1984-09-28,12.47,0.02000000000000135
1187,1984-10-05,12.39,-0.08000000000000007
1188,1984-10-12,12.28,-0.11000000000000121
1189,1984-10-19,11.93,-0.34999999999999964
1190,1984-10-26,11.99,0.0600000000000005
1191,1984-11-02,11.66,-0.33000000000000007
1192,1984-11-09,11.71,0.05000000000000071
1193,1984-11-16,11.69,-0.02000000000000135
1194,1984-11-23,11.24,-0.4499999999999993
1195,1984-11-30,11.58,0.33999999999999986
1196,1984-12-07,11.7,0.11999999999999922
1197,1984-12-14,11.56,-0.1399999999999988
1198,1984-12-21,11.34,-0.22000000000000064
1199,1984-12-28,11.46,0.120000000000001
1200,1985-01-04,11.67,0.20999999999999908
1201,1985-01-11,11.59,-0.08000000000000007
1202,1985-01-18,11.39,-0.1999999999999993
1203,1985-01-25,11.11,-0.28000000000000114
1204,1985-02-01,11.29,0.17999999999999972
1205,1985-02-08,11.37,0.08000000000000007
1206,1985-02-15,11.38,0.010000000000001563
1207,1985-02-22,11.76,0.379999999999999
1208,1985-03-01,11.86,0.09999999999999964
1209,1985-03-08,11.71,-0.14999999999999858
1210,1985-03-15,11.93,0.21999999999999886
1211,1985-03-22,11.88,-0.049999999999998934
1212,1985-03-29,11.65,-0.23000000000000043
1213,1985-04-05,11.75,0.09999999999999964
1214,1985-04-12,11.43,-0.3200000000000003
1215,1985-04-19,11.16,-0.2699999999999996
1216,1985-04-26,11.35,0.1899999999999995
1217,1985-05-03,11.21,-0.1399999999999988
1218,1985-05-10,11.04,-0.1700000000000017
1219,1985-05-17,10.84,-0.1999999999999993
1220,1985-05-24,10.57,-0.2699999999999996
1221,1985-05-31,10.28,-0.2900000000000009
1222,1985-06-07,10.19,-0.08999999999999986
1223,1985-06-14,9.98,-0.20999999999999908
1224,1985-06-21,10.34,0.35999999999999943
1225,1985-06-28,10.25,-0.08999999999999986
1226,1985-07-05,9.93,-0.3200000000000003
1227,1985-07-12,10.23,0.3000000000000007
1228,1985-07-19,10.34,0.10999999999999943
1229,1985-07-26,10.59,0.25
1230,1985-08-02,10.66,0.07000000000000028
1231,1985-08-09,10.37,-0.2900000000000009
1232,1985-08-16,10.26,-0.10999999999999943
1233,1985-08-23,10.14,-0.11999999999999922
1234,1985-08-30,10.28,0.1399999999999988
1235,1985-09-06,10.5,0.22000000000000064
1236,1985-09-13,10.4,-0.09999999999999964
1237,1985-09-20,10.36,-0.040000000000000924
1238,1985-09-27,10.22,-0.1399999999999988
1239,1985-10-04,10.36,0.1399999999999988
1240,1985-10-11,10.34,-0.019999999999999574
1241,1985-10-18,10.17,-0.16999999999999993
1242,1985-10-25,10.21,0.040000000000000924
1243,1985-11-01,9.98,-0.23000000000000043
1244,1985-11-08,9.84,-0.14000000000000057
1245,1985-11-15,9.92,0.08000000000000007
1246,1985-11-22,9.66,-0.2599999999999998
1247,1985-11-29,9.59,-0.07000000000000028
1248,1985-12-06,9.65,0.0600000000000005
1249,1985-12-13,9.21,-0.4399999999999995
1250,1985-12-20,9.04,-0.1700000000000017
1251,1985-12-27,8.99,-0.049999999999998934
1252,1986-01-03,9.05,0.0600000000000005
1253,1986-01-10,9.39,0.33999999999999986
1254,1986-01-17,9.24,-0.15000000000000036
1255,1986-01-24,9.23,-0.009999999999999787
1256,1986-01-31,9.08,-0.15000000000000036
1257,1986-02-07,9.11,0.02999999999999936
1258,1986-02-14,8.68,-0.4299999999999997
1259,1986-02-21,8.48,-0.1999999999999993
1260,1986-02-28,8.13,-0.34999999999999964
1261,1986-03-07,7.96,-0.17000000000000082
1262,1986-03-14,7.72,-0.2400000000000002
1263,1986-03-21,7.8,0.08000000000000007
1264,1986-03-28,7.49,-0.3099999999999996
1265,1986-04-04,7.45,-0.040000000000000036
1266,1986-04-11,7.29,-0.16000000000000014
1267,1986-04-18,7.09,-0.20000000000000018
1268,1986-04-25,7.58,0.4900000000000002
1269,1986-05-02,7.51,-0.07000000000000028
1270,1986-05-09,7.48,-0.02999999999999936
1271,1986-05-16,7.99,0.5099999999999998
1272,1986-05-23,7.84,-0.15000000000000036
1273,1986-05-30,8.05,0.21000000000000085
1274,1986-06-06,7.95,-0.10000000000000053
1275,1986-06-13,7.73,-0.21999999999999975
1276,1986-06-20,7.6,-0.13000000000000078
1277,1986-06-27,7.38,-0.21999999999999975
1278,1986-07-04,7.31,-0.07000000000000028
1279,1986-07-11,7.3,-0.009999999999999787
1280,1986-07-18,7.16,-0.13999999999999968
1281,1986-07-25,7.33,0.16999999999999993
1282,1986-08-01,7.34,0.009999999999999787
1283,1986-08-08,7.3,-0.040000000000000036
1284,1986-08-15,7.14,-0.16000000000000014
1285,1986-08-22,7.07,-0.0699999999999994
1286,1986-08-29,6.95,-0.1200000000000001
1287,1986-09-05,7.32,0.3700000000000001
1288,1986-09-12,7.63,0.3099999999999996
1289,1986-09-19,7.67,0.040000000000000036
1290,1986-09-26,7.47,-0.20000000000000018
1291,1986-10-03,7.31,-0.16000000000000014
1292,1986-10-10,7.36,0.05000000000000071
1293,1986-10-17,7.57,0.20999999999999996
1294,1986-10-24,7.47,-0.10000000000000053
1295,1986-10-31,7.34,-0.1299999999999999
1296,1986-11-07,7.4,0.0600000000000005
1297,1986-11-14,7.29,-0.11000000000000032
1298,1986-11-21,7.17,-0.1200000000000001
1299,1986-11-28,7.15,-0.019999999999999574
1300,1986-12-05,7.12,-0.03000000000000025
1301,1986-12-12,7.13,0.009999999999999787
1302,1986-12-19,7.1,-0.03000000000000025
1303,1986-12-26,7.08,-0.019999999999999574
1304,1987-01-02,7.18,0.09999999999999964
1305,1987-01-09,7.01,-0.16999999999999993
1306,1987-01-16,7.03,0.020000000000000462
1307,1987-01-23,7.06,0.02999999999999936
1308,1987-01-30,7.18,0.1200000000000001
1309,1987-02-06,7.19,0.010000000000000675
1310,1987-02-13,7.28,0.08999999999999986
1311,1987-02-20,7.24,-0.040000000000000036
1312,1987-02-27,7.19,-0.04999999999999982
1313,1987-03-06,7.23,0.040000000000000036
1314,1987-03-13,7.19,-0.040000000000000036
1315,1987-03-20,7.22,0.02999999999999936
1316,1987-03-27,7.33,0.11000000000000032
1317,1987-04-03,7.59,0.2599999999999998
1318,1987-04-10,7.98,0.39000000000000057
1319,1987-04-17,8.03,0.049999999999998934
1320,1987-04-24,8.47,0.4400000000000013
1321,1987-05-01,8.39,-0.08000000000000007
1322,1987-05-08,8.43,0.03999999999999915
1323,1987-05-15,8.8,0.370000000000001
1324,1987-05-22,8.78,-0.02000000000000135
1325,1987-05-29,8.49,-0.28999999999999915
1326,1987-06-05,8.5,0.009999999999999787
1327,1987-06-12,8.32,-0.17999999999999972
1328,1987-06-19,8.3,-0.019999999999999574
1329,1987-06-26,8.37,0.06999999999999851
1330,1987-07-03,8.3,-0.06999999999999851
1331,1987-07-10,8.32,0.019999999999999574
1332,1987-07-17,8.36,0.03999999999999915
1333,1987-07-24,8.58,0.22000000000000064
1334,1987-07-31,8.66,0.08000000000000007
1335,1987-08-07,8.7,0.03999999999999915
1336,1987-08-14,8.58,-0.11999999999999922
1337,1987-08-21,8.77,0.1899999999999995
1338,1987-08-28,9.02,0.25
1339,1987-09-04,9.3,0.28000000000000114
1340,1987-09-11,9.33,0.02999999999999936
1341,1987-09-18,9.38,0.05000000000000071
1342,1987-09-25,9.53,0.14999999999999858
1343,1987-10-02,9.6,0.07000000000000028
1344,1987-10-09,9.94,0.33999999999999986
1345,1987-10-16,10.23,0.2900000000000009
1346,1987-10-23,8.98,-1.25
1347,1987-10-30,8.88,-0.09999999999999964
1348,1987-11-06,8.76,-0.120000000000001
1349,1987-11-13,8.84,0.08000000000000007
1350,1987-11-20,8.79,-0.05000000000000071
1351,1987-11-27,9.11,0.3200000000000003
1352,1987-12-04,8.94,-0.16999999999999993
1353,1987-12-11,9.28,0.33999999999999986
1354,1987-12-18,8.89,-0.3899999999999988
1355,1987-12-25,8.82,-0.07000000000000028
1356,1988-01-01,8.83,0.009999999999999787
1357,1988-01-08,8.97,0.14000000000000057
1358,1988-01-15,8.6,-0.370000000000001
1359,1988-01-22,8.49,-0.10999999999999943
1360,1988-01-29,8.26,-0.23000000000000043
1361,1988-02-05,8.12,-0.14000000000000057
1362,1988-02-12,8.28,0.16000000000000014
1363,1988-02-19,8.26,-0.019999999999999574
1364,1988-02-26,8.18,-0.08000000000000007
1365,1988-03-04,8.28,0.09999999999999964
1366,1988-03-11,8.29,0.009999999999999787
1367,1988-03-18,8.41,0.120000000000001
1368,1988-03-25,8.47,0.0600000000000005
1369,1988-04-01,8.57,0.09999999999999964
1370,1988-04-08,8.52,-0.05000000000000071
1371,1988-04-15,8.74,0.22000000000000064
1372,1988-04-22,8.78,0.03999999999999915
1373,1988-04-29,8.87,0.08999999999999986
1374,1988-05-06,9.01,0.14000000000000057
1375,1988-05-13,9.0,-0.009999999999999787
1376,1988-05-20,9.22,0.22000000000000064
1377,1988-05-27,9.24,0.019999999999999574
1378,1988-06-03,8.97,-0.2699999999999996
1379,1988-06-10,8.92,-0.05000000000000071
1380,1988-06-17,9.02,0.09999999999999964
1381,1988-06-24,8.85,-0.16999999999999993
1382,1988-07-01,8.77,-0.08000000000000007
1383,1988-07-08,9.04,0.2699999999999996
1384,1988-07-15,9.08,0.040000000000000924
1385,1988-07-22,9.11,0.02999999999999936
1386,1988-07-29,9.12,0.009999999999999787
1387,1988-08-05,9.12,0.0
1388,1988-08-12,9.36,0.2400000000000002
1389,1988-08-19,9.35,-0.009999999999999787
1390,1988-08-26,9.38,0.030000000000001137
1391,1988-09-02,9.0,-0.3800000000000008
1392,1988-09-09,8.93,-0.07000000000000028
1393,1988-09-16,8.93,0.0
1394,1988-09-23,8.97,0.040000000000000924
1395,1988-09-30,8.87,-0.10000000000000142
1396,1988-10-07,8.7,-0.16999999999999993
1397,1988-10-14,8.81,0.11000000000000121
1398,1988-10-21,8.83,0.019999999999999574
1399,1988-10-28,8.69,-0.14000000000000057
1400,1988-11-04,8.85,0.16000000000000014
1401,1988-11-11,8.9,0.05000000000000071
1402,1988-11-18,9.05,0.15000000000000036
1403,1988-11-25,9.17,0.11999999999999922
1404,1988-12-02,9.18,0.009999999999999787
1405,1988-12-09,9.07,-0.10999999999999943
1406,1988-12-16,9.17,0.09999999999999964
1407,1988-12-23,9.05,-0.11999999999999922
1408,1988-12-30,9.14,0.08999999999999986
1409,1989-01-06,9.25,0.10999999999999943
1410,1989-01-13,9.06,-0.1899999999999995
1411,1989-01-20,9.03,-0.030000000000001137
1412,1989-01-27,8.95,-0.08000000000000007
1413,1989-02-03,9.01,0.0600000000000005
1414,1989-02-10,9.19,0.17999999999999972
1415,1989-02-17,9.2,0.009999999999999787
1416,1989-02-24,9.38,0.1800000000000015
1417,1989-03-03,9.31,-0.07000000000000028
1418,1989-03-10,9.34,0.02999999999999936
1419,1989-03-17,9.49,0.15000000000000036
1420,1989-03-24,9.43,-0.0600000000000005
1421,1989-03-31,9.3,-0.129999999999999
1422,1989-04-07,9.27,-0.030000000000001137
1423,1989-04-14,9.18,-0.08999999999999986
1424,1989-04-21,9.15,-0.02999999999999936
1425,1989-04-28,9.02,-0.13000000000000078
1426,1989-05-05,8.99,-0.02999999999999936
1427,1989-05-12,8.81,-0.17999999999999972
1428,1989-05-19,8.71,-0.09999999999999964
1429,1989-05-26,8.66,-0.05000000000000071
1430,1989-06-02,8.43,-0.23000000000000043
1431,1989-06-09,8.15,-0.27999999999999936
1432,1989-06-16,8.35,0.1999999999999993
1433,1989-06-23,8.25,-0.09999999999999964
1434,1989-06-30,8.1,-0.15000000000000036
1435,1989-07-07,8.02,-0.08000000000000007
1436,1989-07-14,8.04,0.019999999999999574
1437,1989-07-21,8.07,0.030000000000001137
1438,1989-07-28,7.87,-0.20000000000000018
1439,1989-08-04,8.0,0.1299999999999999
1440,1989-08-11,8.09,0.08999999999999986
1441,1989-08-18,8.15,0.0600000000000005
1442,1989-08-25,8.21,0.0600000000000005
1443,1989-09-01,8.19,-0.02000000000000135
1444,1989-09-08,8.14,-0.049999999999998934
1445,1989-09-15,8.09,-0.05000000000000071
1446,1989-09-22,8.22,0.13000000000000078
1447,1989-09-29,8.31,0.08999999999999986
1448,1989-10-06,8.03,-0.28000000000000114
1449,1989-10-13,7.87,-0.15999999999999925
1450,1989-10-20,7.98,0.11000000000000032
1451,1989-10-27,7.94,-0.040000000000000036
1452,1989-11-03,7.96,0.019999999999999574
1453,1989-11-10,7.92,-0.040000000000000036
1454,1989-11-17,7.88,-0.040000000000000036
1455,1989-11-24,7.8,-0.08000000000000007
1456,1989-12-01,7.81,0.009999999999999787
1457,1989-12-08,7.82,0.010000000000000675
1458,1989-12-15,7.8,-0.020000000000000462
1459,1989-12-22,7.82,0.020000000000000462
1460,1989-12-29,7.93,0.10999999999999943
1461,1990-01-05,7.99,0.0600000000000005
1462,1990-01-12,8.1,0.10999999999999943
1463,1990-01-19,8.26,0.16000000000000014
1464,1990-01-26,8.49,0.23000000000000043
1465,1990-02-02,8.5,0.009999999999999787
1466,1990-02-09,8.31,-0.1899999999999995
1467,1990-02-16,8.42,0.10999999999999943
1468,1990-02-23,8.53,0.10999999999999943
1469,1990-03-02,8.54,0.009999999999999787
1470,1990-03-09,8.65,0.11000000000000121
1471,1990-03-16,8.59,-0.0600000000000005
1472,1990-03-23,8.52,-0.07000000000000028
1473,1990-03-30,8.65,0.13000000000000078
1474,1990-04-06,8.56,-0.08999999999999986
1475,1990-04-13,8.64,0.08000000000000007
1476,1990-04-20,8.95,0.3099999999999987
1477,1990-04-27,9.06,0.11000000000000121
1478,1990-05-04,8.84,-0.22000000000000064
1479,1990-05-11,8.64,-0.1999999999999993
1480,1990-05-18,8.75,0.10999999999999943
1481,1990-05-25,8.69,-0.0600000000000005
1482,1990-06-01,8.44,-0.25
1483,1990-06-08,8.46,0.02000000000000135
1484,1990-06-15,8.46,0.0
1485,1990-06-22,8.51,0.049999999999998934
1486,1990-06-29,8.43,-0.08000000000000007
1487,1990-07-06,8.51,0.08000000000000007
1488,1990-07-13,8.45,-0.0600000000000005
1489,1990-07-20,8.48,0.030000000000001137
1490,1990-07-27,8.42,-0.0600000000000005
1491,1990-08-03,8.43,0.009999999999999787
1492,1990-08-10,8.68,0.25
1493,1990-08-17,8.8,0.120000000000001
1494,1990-08-24,9.05,0.25
1495,1990-08-31,8.86,-0.19000000000000128
1496,1990-09-07,8.81,-0.049999999999998934
1497,1990-09-14,8.87,0.05999999999999872
1498,1990-09-21,8.99,0.120000000000001
1499,1990-09-28,8.82,-0.16999999999999993
1500,1990-10-05,8.65,-0.16999999999999993
1501,1990-10-12,8.84,0.1899999999999995
1502,1990-10-19,8.62,-0.22000000000000064
1503,1990-10-26,8.63,0.010000000000001563
1504,1990-11-02,8.57,-0.0600000000000005
1505,1990-11-09,8.49,-0.08000000000000007
1506,1990-11-16,8.3,-0.1899999999999995
1507,1990-11-23,8.28,-0.02000000000000135
1508,1990-11-30,8.26,-0.019999999999999574
1509,1990-12-07,8.03,-0.23000000000000043
1510,1990-12-14,8.05,0.02000000000000135
1511,1990-12-21,8.11,0.05999999999999872
1512,1990-12-28,8.14,0.030000000000001137
1513,1991-01-04,8.02,-0.120000000000001
1514,1991-01-11,8.2,0.17999999999999972
1515,1991-01-18,8.03,-0.16999999999999993
1516,1991-01-25,8.06,0.030000000000001137
1517,1991-02-01,7.91,-0.15000000000000036
1518,1991-02-08,7.77,-0.14000000000000057
1519,1991-02-15,7.78,0.010000000000000675
1520,1991-02-22,7.91,0.1299999999999999
1521,1991-03-01,8.12,0.20999999999999908
1522,1991-03-08,8.13,0.010000000000001563
1523,1991-03-15,8.1,-0.030000000000001137
1524,1991-03-22,8.13,0.030000000000001137
1525,1991-03-29,8.05,-0.08000000000000007
1526,1991-04-05,7.99,-0.0600000000000005
1527,1991-04-12,7.98,-0.009999999999999787
1528,1991-04-19,8.1,0.11999999999999922
1529,1991-04-26,8.06,-0.03999999999999915
1530,1991-05-03,8.04,-0.02000000000000135
1531,1991-05-10,8.12,0.08000000000000007
1532,1991-05-17,8.08,-0.03999999999999915
1533,1991-05-24,8.1,0.019999999999999574
1534,1991-05-31,8.06,-0.03999999999999915
1535,1991-06-07,8.29,0.22999999999999865
1536,1991-06-14,8.29,0.0
1537,1991-06-21,8.32,0.030000000000001137
1538,1991-06-28,8.24,-0.08000000000000007
1539,1991-07-05,8.34,0.09999999999999964
1540,1991-07-12,8.26,-0.08000000000000007
1541,1991-07-19,8.28,0.019999999999999574
1542,1991-07-26,8.2,-0.08000000000000007
1543,1991-08-02,8.06,-0.1399999999999988
1544,1991-08-09,7.98,-0.08000000000000007
1545,1991-08-16,7.84,-0.14000000000000057
1546,1991-08-23,7.88,0.040000000000000036
1547,1991-08-30,7.82,-0.05999999999999961
1548,1991-09-06,7.76,-0.0600000000000005
1549,1991-09-13,7.66,-0.09999999999999964
1550,1991-09-20,7.57,-0.08999999999999986
1551,1991-09-27,7.49,-0.08000000000000007
1552,1991-10-04,7.39,-0.10000000000000053
1553,1991-10-11,7.49,0.10000000000000053
1554,1991-10-18,7.53,0.040000000000000036
1555,1991-10-25,7.68,0.14999999999999947
1556,1991-11-01,7.48,-0.1999999999999993
1557,1991-11-08,7.41,-0.07000000000000028
1558,1991-11-15,7.33,-0.08000000000000007
1559,1991-11-22,7.44,0.11000000000000032
1560,1991-11-29,7.38,-0.0600000000000005
1561,1991-12-06,7.26,-0.1200000000000001
1562,1991-12-13,7.22,-0.040000000000000036
1563,1991-12-20,6.97,-0.25
1564,1991-12-27,6.82,-0.14999999999999947
1565,1992-01-03,6.85,0.02999999999999936
1566,1992-01-10,6.85,0.0
1567,1992-01-17,7.09,0.2400000000000002
1568,1992-01-24,7.25,0.16000000000000014
1569,1992-01-31,7.31,0.05999999999999961
1570,1992-02-07,7.2,-0.10999999999999943
1571,1992-02-14,7.41,0.20999999999999996
1572,1992-02-21,7.45,0.040000000000000036
1573,1992-02-28,7.27,-0.1800000000000006
1574,1992-03-06,7.48,0.21000000000000085
1575,1992-03-13,7.71,0.22999999999999954
1576,1992-03-20,7.64,-0.07000000000000028
1577,1992-03-27,7.54,-0.09999999999999964
1578,1992-04-03,7.42,-0.1200000000000001
1579,1992-04-10,7.37,-0.04999999999999982
1580,1992-04-17,7.45,0.08000000000000007
1581,1992-04-24,7.55,0.09999999999999964
1582,1992-05-01,7.56,0.009999999999999787
1583,1992-05-08,7.41,-0.14999999999999947
1584,1992-05-15,7.28,-0.1299999999999999
1585,1992-05-22,7.35,0.0699999999999994
1586,1992-05-29,7.33,-0.019999999999999574
1587,1992-06-05,7.31,-0.020000000000000462
1588,1992-06-12,7.29,-0.019999999999999574
1589,1992-06-19,7.24,-0.04999999999999982
1590,1992-06-26,7.15,-0.08999999999999986
1591,1992-07-03,6.93,-0.22000000000000064
1592,1992-07-10,6.93,0.0
1593,1992-07-17,6.9,-0.02999999999999936
1594,1992-07-24,6.73,-0.16999999999999993
1595,1992-07-31,6.72,-0.010000000000000675
1596,1992-08-07,6.57,-0.14999999999999947
1597,1992-08-14,6.53,-0.040000000000000036
1598,1992-08-21,6.53,0.0
1599,1992-08-28,6.63,0.09999999999999964
1600,1992-09-04,6.4,-0.22999999999999954
1601,1992-09-11,6.37,-0.03000000000000025
1602,1992-09-18,6.41,0.040000000000000036
1603,1992-09-25,6.41,0.0
1604,1992-10-02,6.26,-0.15000000000000036
1605,1992-10-09,6.52,0.2599999999999998
1606,1992-10-16,6.6,0.08000000000000007
1607,1992-10-23,6.83,0.23000000000000043
1608,1992-10-30,6.8,-0.03000000000000025
1609,1992-11-06,6.97,0.16999999999999993
1610,1992-11-13,6.82,-0.14999999999999947
1611,1992-11-20,6.84,0.019999999999999574
1612,1992-11-27,6.93,0.08999999999999986
1613,1992-12-04,6.84,-0.08999999999999986
1614,1992-12-11,6.8,-0.040000000000000036
1615,1992-12-18,6.76,-0.040000000000000036
1616,1992-12-25,6.69,-0.0699999999999994
1617,1993-01-01,6.7,0.009999999999999787
1618,1993-01-08,6.75,0.04999999999999982
1619,1993-01-15,6.6,-0.15000000000000036
1620,1993-01-22,6.57,-0.02999999999999936
1621,1993-01-29,6.39,-0.1800000000000006
1622,1993-02-05,6.32,-0.0699999999999994
1623,1993-02-12,6.35,0.02999999999999936
1624,1993-02-19,6.15,-0.1999999999999993
1625,1993-02-26,6.03,-0.1200000000000001
1626,1993-03-05,5.9,-0.1299999999999999
1627,1993-03-12,6.11,0.20999999999999996
1628,1993-03-19,5.95,-0.16000000000000014
1629,1993-03-26,6.09,0.13999999999999968
1630,1993-04-02,6.16,0.07000000000000028
1631,1993-04-09,5.97,-0.1900000000000004
1632,1993-04-16,5.89,-0.08000000000000007
1633,1993-04-23,5.89,0.0
1634,1993-04-30,6.05,0.16000000000000014
1635,1993-05-07,5.92,-0.1299999999999999
1636,1993-05-14,6.03,0.11000000000000032
1637,1993-05-21,6.16,0.1299999999999999
1638,1993-05-28,6.16,0.0
1639,1993-06-04,6.11,-0.04999999999999982
1640,1993-06-11,5.97,-0.14000000000000057
1641,1993-06-18,5.97,0.0
1642,1993-06-25,5.84,-0.1299999999999999
1643,1993-07-02,5.76,-0.08000000000000007
1644,1993-07-09,5.76,0.0
1645,1993-07-16,5.71,-0.04999999999999982
1646,1993-07-23,5.95,0.2400000000000002
1647,1993-07-30,5.83,-0.1200000000000001
1648,1993-08-06,5.86,0.03000000000000025
1649,1993-08-13,5.72,-0.14000000000000057
1650,1993-08-20,5.61,-0.10999999999999943
1651,1993-08-27,5.48,-0.1299999999999999
1652,1993-09-03,5.31,-0.17000000000000082
1653,1993-09-10,5.29,-0.019999999999999574
1654,1993-09-17,5.38,0.08999999999999986
1655,1993-09-24,5.42,0.040000000000000036
1656,1993-10-01,5.34,-0.08000000000000007
1657,1993-10-08,5.26,-0.08000000000000007
1658,1993-10-15,5.19,-0.0699999999999994
1659,1993-10-22,5.42,0.22999999999999954
1660,1993-10-29,5.43,0.009999999999999787
1661,1993-11-05,5.75,0.3200000000000003
1662,1993-11-12,5.66,-0.08999999999999986
1663,1993-11-19,5.84,0.17999999999999972
1664,1993-11-26,5.78,-0.05999999999999961
1665,1993-12-03,5.8,0.019999999999999574
1666,1993-12-10,5.73,-0.0699999999999994
1667,1993-12-17,5.81,0.07999999999999918
1668,1993-12-24,5.72,-0.08999999999999986
1669,1993-12-31,5.83,0.11000000000000032
1670,1994-01-07,5.7,-0.1299999999999999
1671,1994-01-14,5.78,0.08000000000000007
1672,1994-01-21,5.73,-0.04999999999999982
1673,1994-01-28,5.68,-0.05000000000000071
1674,1994-02-04,5.94,0.2600000000000007
1675,1994-02-11,5.88,-0.0600000000000005
1676,1994-02-18,6.09,0.20999999999999996
1677,1994-02-25,6.21,0.1200000000000001
1678,1994-03-04,6.38,0.16999999999999993
1679,1994-03-11,6.46,0.08000000000000007
1680,1994-03-18,6.49,0.03000000000000025
1681,1994-03-25,6.61,0.1200000000000001
1682,1994-04-01,6.77,0.15999999999999925
1683,1994-04-08,6.94,0.17000000000000082
1684,1994-04-15,6.97,0.02999999999999936
1685,1994-04-22,6.93,-0.040000000000000036
1686,1994-04-29,7.06,0.1299999999999999
1687,1994-05-06,7.35,0.29000000000000004
1688,1994-05-13,7.29,-0.05999999999999961
1689,1994-05-20,7.02,-0.27000000000000046
1690,1994-05-27,7.12,0.10000000000000053
1691,1994-06-03,6.98,-0.13999999999999968
1692,1994-06-10,7.03,0.04999999999999982
1693,1994-06-17,7.14,0.10999999999999943
1694,1994-06-24,7.22,0.08000000000000007
1695,1994-07-01,7.34,0.1200000000000001
1696,1994-07-08,7.42,0.08000000000000007
1697,1994-07-15,7.25,-0.16999999999999993
1698,1994-07-22,7.29,0.040000000000000036
1699,1994-07-29,7.12,-0.16999999999999993
1700,1994-08-05,7.28,0.16000000000000014
1701,1994-08-12,7.27,-0.010000000000000675
1702,1994-08-19,7.27,0.0
1703,1994-08-26,7.24,-0.02999999999999936
1704,1994-09-02,7.21,-0.03000000000000025
1705,1994-09-09,7.44,0.23000000000000043
1706,1994-09-16,7.52,0.07999999999999918
1707,1994-09-23,7.57,0.05000000000000071
1708,1994-09-30,7.62,0.04999999999999982
1709,1994-10-07,7.7,0.08000000000000007
1710,1994-10-14,7.61,-0.08999999999999986
1711,1994-10-21,7.81,0.1999999999999993
1712,1994-10-28,7.82,0.010000000000000675
1713,1994-11-04,8.04,0.21999999999999886
1714,1994-11-11,7.98,-0.05999999999999872
1715,1994-11-18,8.01,0.02999999999999936
1716,1994-11-25,7.8,-0.20999999999999996
1717,1994-12-02,7.81,0.009999999999999787
1718,1994-12-09,7.79,-0.019999999999999574
1719,1994-12-16,7.81,0.019999999999999574
1720,1994-12-23,7.85,0.040000000000000036
1721,1994-12-30,7.84,-0.009999999999999787
1722,1995-01-06,7.87,0.03000000000000025
1723,1995-01-13,7.69,-0.17999999999999972
1724,1995-01-20,7.82,0.1299999999999999
1725,1995-01-27,7.66,-0.16000000000000014
1726,1995-02-03,7.49,-0.16999999999999993
1727,1995-02-10,7.62,0.1299999999999999
1728,1995-02-17,7.43,-0.1900000000000004
1729,1995-02-24,7.33,-0.09999999999999964
1730,1995-03-03,7.36,0.03000000000000025
1731,1995-03-10,7.23,-0.1299999999999999
1732,1995-03-17,7.12,-0.11000000000000032
1733,1995-03-24,7.09,-0.03000000000000025
1734,1995-03-31,7.2,0.11000000000000032
1735,1995-04-07,7.11,-0.08999999999999986
1736,1995-04-14,7.03,-0.08000000000000007
1737,1995-04-21,7.01,-0.020000000000000462
1738,1995-04-28,7.07,0.0600000000000005
1739,1995-05-05,6.69,-0.3799999999999999
1740,1995-05-12,6.67,-0.020000000000000462
1741,1995-05-19,6.61,-0.05999999999999961
1742,1995-05-26,6.4,-0.20999999999999996
1743,1995-06-02,6.1,-0.3000000000000007
1744,1995-06-09,6.4,0.3000000000000007
1745,1995-06-16,6.21,-0.1900000000000004
1746,1995-06-23,6.06,-0.15000000000000036
1747,1995-06-30,6.21,0.15000000000000036
1748,1995-07-07,6.04,-0.16999999999999993
1749,1995-07-14,6.15,0.11000000000000032
1750,1995-07-21,6.53,0.3799999999999999
1751,1995-07-28,6.49,-0.040000000000000036
1752,1995-08-04,6.5,0.009999999999999787
1753,1995-08-11,6.59,0.08999999999999986
1754,1995-08-18,6.57,-0.019999999999999574
1755,1995-08-25,6.38,-0.1900000000000004
1756,1995-09-01,6.22,-0.16000000000000014
1757,1995-09-08,6.24,0.020000000000000462
1758,1995-09-15,6.11,-0.1299999999999999
1759,1995-09-22,6.25,0.13999999999999968
1760,1995-09-29,6.17,-0.08000000000000007
1761,1995-10-06,6.06,-0.11000000000000032
1762,1995-10-13,5.97,-0.08999999999999986
1763,1995-10-20,6.04,0.07000000000000028
1764,1995-10-27,6.05,0.009999999999999787
1765,1995-11-03,5.94,-0.10999999999999943
1766,1995-11-10,6.0,0.05999999999999961
1767,1995-11-17,5.92,-0.08000000000000007
1768,1995-11-24,5.91,-0.009999999999999787
1769,1995-12-01,5.71,-0.20000000000000018
1770,1995-12-08,5.73,0.020000000000000462
1771,1995-12-15,5.75,0.019999999999999574
1772,1995-12-22,5.71,-0.040000000000000036
1773,1995-12-29,5.58,-0.1299999999999999
1774,1996-01-05,5.69,0.11000000000000032
1775,1996-01-12,5.75,0.05999999999999961
1776,1996-01-19,5.54,-0.20999999999999996
1777,1996-01-26,5.65,0.11000000000000032
1778,1996-02-02,5.66,0.009999999999999787
1779,1996-02-09,5.66,0.0
1780,1996-02-16,5.76,0.09999999999999964
1781,1996-02-23,5.97,0.20999999999999996
1782,1996-03-01,5.99,0.020000000000000462
1783,1996-03-08,6.41,0.41999999999999993
1784,1996-03-15,6.46,0.04999999999999982
1785,1996-03-22,6.32,-0.13999999999999968
1786,1996-03-29,6.34,0.019999999999999574
1787,1996-04-05,6.57,0.23000000000000043
1788,1996-04-12,6.52,-0.05000000000000071
1789,1996-04-19,6.53,0.010000000000000675
1790,1996-04-26,6.54,0.009999999999999787
1791,1996-05-03,6.9,0.3600000000000003
1792,1996-05-10,6.75,-0.15000000000000036
1793,1996-05-17,6.65,-0.09999999999999964
1794,1996-05-24,6.65,0.0
1795,1996-05-31,6.85,0.1999999999999993
1796,1996-06-07,6.93,0.08000000000000007
1797,1996-06-14,6.95,0.020000000000000462
1798,1996-06-21,6.96,0.009999999999999787
1799,1996-06-28,6.73,-0.22999999999999954
1800,1996-07-05,7.06,0.3299999999999992
1801,1996-07-12,6.85,-0.20999999999999996
1802,1996-07-19,6.78,-0.0699999999999994
1803,1996-07-26,6.85,0.0699999999999994
1804,1996-08-02,6.51,-0.33999999999999986
1805,1996-08-09,6.5,-0.009999999999999787
1806,1996-08-16,6.56,0.05999999999999961
1807,1996-08-23,6.72,0.16000000000000014
1808,1996-08-30,6.96,0.2400000000000002
1809,1996-09-06,6.94,-0.019999999999999574
1810,1996-09-13,6.74,-0.20000000000000018
1811,1996-09-20,6.85,0.10999999999999943
1812,1996-09-27,6.68,-0.16999999999999993
1813,1996-10-04,6.48,-0.1999999999999993
1814,1996-10-11,6.55,0.0699999999999994
1815,1996-10-18,6.5,-0.04999999999999982
1816,1996-10-25,6.54,0.040000000000000036
1817,1996-11-01,6.38,-0.16000000000000014
1818,1996-11-08,6.29,-0.08999999999999986
1819,1996-11-15,6.19,-0.09999999999999964
1820,1996-11-22,6.15,-0.040000000000000036
1821,1996-11-29,6.06,-0.09000000000000075
1822,1996-12-06,6.26,0.20000000000000018
1823,1996-12-13,6.33,0.07000000000000028
1824,1996-12-20,6.35,0.019999999999999574
1825,1996-12-27,6.3,-0.04999999999999982
1826,1997-01-03,6.52,0.21999999999999975
1827,1997-01-10,6.63,0.11000000000000032
1828,1997-01-17,6.56,-0.07000000000000028
1829,1997-01-24,6.64,0.08000000000000007
1830,1997-01-31,6.53,-0.10999999999999943
1831,1997-02-07,6.43,-0.10000000000000053
1832,1997-02-14,6.28,-0.14999999999999947
1833,1997-02-21,6.36,0.08000000000000007
1834,1997-02-28,6.56,0.1999999999999993
1835,1997-03-07,6.57,0.010000000000000675
1836,1997-03-14,6.71,0.13999999999999968
1837,1997-03-21,6.74,0.03000000000000025
1838,1997-03-28,6.9,0.16000000000000014
1839,1997-04-04,6.92,0.019999999999999574
1840,1997-04-11,6.98,0.0600000000000005
1841,1997-04-18,6.84,-0.14000000000000057
1842,1997-04-25,6.94,0.10000000000000053
1843,1997-05-02,6.68,-0.2600000000000007
1844,1997-05-09,6.67,-0.009999999999999787
1845,1997-05-16,6.7,0.03000000000000025
1846,1997-05-23,6.74,0.040000000000000036
1847,1997-05-30,6.67,-0.07000000000000028
1848,1997-06-06,6.51,-0.16000000000000014
1849,1997-06-13,6.43,-0.08000000000000007
1850,1997-06-20,6.37,-0.05999999999999961
1851,1997-06-27,6.46,0.08999999999999986
1852,1997-07-04,6.31,-0.15000000000000036
1853,1997-07-11,6.23,-0.07999999999999918
1854,1997-07-18,6.24,0.009999999999999787
1855,1997-07-25,6.18,-0.0600000000000005
1856,1997-08-01,6.2,0.020000000000000462
1857,1997-08-08,6.38,0.17999999999999972
1858,1997-08-15,6.27,-0.11000000000000032
1859,1997-08-22,6.38,0.11000000000000032
1860,1997-08-29,6.34,-0.040000000000000036
1861,1997-09-05,6.37,0.03000000000000025
1862,1997-09-12,6.29,-0.08000000000000007
1863,1997-09-19,6.09,-0.20000000000000018
1864,1997-09-26,6.08,-0.009999999999999787
1865,1997-10-03,6.01,-0.07000000000000028
1866,1997-10-10,6.15,0.14000000000000057
1867,1997-10-17,6.17,0.019999999999999574
1868,1997-10-24,6.01,-0.16000000000000014
1869,1997-10-31,5.84,-0.16999999999999993
1870,1997-11-07,5.9,0.0600000000000005
1871,1997-11-14,5.86,-0.040000000000000036
1872,1997-11-21,5.82,-0.040000000000000036
1873,1997-11-28,5.86,0.040000000000000036
1874,1997-12-05,5.92,0.05999999999999961
1875,1997-12-12,5.74,-0.17999999999999972
1876,1997-12-19,5.72,-0.020000000000000462
1877,1997-12-26,5.75,0.03000000000000025
1878,1998-01-02,5.67,-0.08000000000000007
1879,1998-01-09,5.4,-0.2699999999999996
1880,1998-01-16,5.54,0.13999999999999968
1881,1998-01-23,5.7,0.16000000000000014
1882,1998-01-30,5.53,-0.16999999999999993
1883,1998-02-06,5.62,0.08999999999999986
1884,1998-02-13,5.49,-0.1299999999999999
1885,1998-02-20,5.54,0.04999999999999982
1886,1998-02-27,5.62,0.08000000000000007
1887,1998-03-06,5.73,0.11000000000000032
1888,1998-03-13,5.58,-0.15000000000000036
1889,1998-03-20,5.57,-0.009999999999999787
1890,1998-03-27,5.68,0.10999999999999943
1891,1998-04-03,5.47,-0.20999999999999996
1892,1998-04-10,5.59,0.1200000000000001
1893,1998-04-17,5.59,0.0
1894,1998-04-24,5.67,0.08000000000000007
1895,1998-05-01,5.67,0.0
1896,1998-05-08,5.71,0.040000000000000036
1897,1998-05-15,5.68,-0.03000000000000025
1898,1998-05-22,5.64,-0.040000000000000036
1899,1998-05-29,5.56,-0.08000000000000007
1900,1998-06-05,5.58,0.020000000000000462
1901,1998-06-12,5.43,-0.15000000000000036
1902,1998-06-19,5.47,0.040000000000000036
1903,1998-06-26,5.46,-0.009999999999999787
1904,1998-07-03,5.42,-0.040000000000000036
1905,1998-07-10,5.42,0.0
1906,1998-07-17,5.51,0.08999999999999986
1907,1998-07-24,5.45,-0.05999999999999961
1908,1998-07-31,5.5,0.04999999999999982
1909,1998-08-07,5.4,-0.09999999999999964
1910,1998-08-14,5.4,0.0
1911,1998-08-21,5.32,-0.08000000000000007
1912,1998-08-28,5.09,-0.23000000000000043
1913,1998-09-04,5.02,-0.07000000000000028
1914,1998-09-11,4.85,-0.16999999999999993
1915,1998-09-18,4.7,-0.14999999999999947
1916,1998-09-25,4.6,-0.10000000000000053
1917,1998-10-02,4.31,-0.29000000000000004
1918,1998-10-09,4.77,0.45999999999999996
1919,1998-10-16,4.44,-0.3299999999999992
1920,1998-10-23,4.7,0.2599999999999998
1921,1998-10-30,4.64,-0.0600000000000005
1922,1998-11-06,4.93,0.29000000000000004
1923,1998-11-13,4.82,-0.10999999999999943
1924,1998-11-20,4.82,0.0
1925,1998-11-27,4.81,-0.010000000000000675
1926,1998-12-04,4.62,-0.1899999999999995
1927,1998-12-11,4.61,-0.009999999999999787
1928,1998-12-18,4.58,-0.03000000000000025
1929,1998-12-25,4.86,0.28000000000000025
1930,1999-01-01,4.65,-0.20999999999999996
1931,1999-01-08,4.86,0.20999999999999996
1932,1999-01-15,4.66,-0.20000000000000018
1933,1999-01-22,4.64,-0.020000000000000462
1934,1999-01-29,4.66,0.020000000000000462
1935,1999-02-05,4.94,0.28000000000000025
1936,1999-02-12,5.06,0.11999999999999922
1937,1999-02-19,5.07,0.010000000000000675
1938,1999-02-26,5.29,0.21999999999999975
1939,1999-03-05,5.34,0.04999999999999982
1940,1999-03-12,5.16,-0.17999999999999972
1941,1999-03-19,5.17,0.009999999999999787
1942,1999-03-26,5.21,0.040000000000000036
1943,1999-04-02,5.2,-0.009999999999999787
1944,1999-04-09,5.05,-0.15000000000000036
1945,1999-04-16,5.23,0.1800000000000006
1946,1999-04-23,5.26,0.02999999999999936
1947,1999-04-30,5.36,0.10000000000000053
1948,1999-05-07,5.54,0.17999999999999972
1949,1999-05-14,5.62,0.08000000000000007
1950,1999-05-21,5.52,-0.10000000000000053
1951,1999-05-28,5.64,0.1200000000000001
1952,1999-06-04,5.82,0.1800000000000006
1953,1999-06-11,6.02,0.1999999999999993
1954,1999-06-18,5.84,-0.17999999999999972
1955,1999-06-25,6.02,0.17999999999999972
1956,1999-07-02,5.82,-0.1999999999999993
1957,1999-07-09,5.84,0.019999999999999574
1958,1999-07-16,5.68,-0.16000000000000014
1959,1999-07-23,5.84,0.16000000000000014
1960,1999-07-30,5.92,0.08000000000000007
1961,1999-08-06,6.02,0.09999999999999964
1962,1999-08-13,5.98,-0.03999999999999915
1963,1999-08-20,5.88,-0.10000000000000053
1964,1999-08-27,5.85,-0.03000000000000025
1965,1999-09-03,5.89,0.040000000000000036
1966,1999-09-10,5.89,0.0
1967,1999-09-17,5.87,-0.019999999999999574
1968,1999-09-24,5.75,-0.1200000000000001
1969,1999-10-01,6.0,0.25
1970,1999-10-08,6.04,0.040000000000000036
1971,1999-10-15,6.09,0.04999999999999982
1972,1999-10-22,6.21,0.1200000000000001
1973,1999-10-29,6.02,-0.1900000000000004
1974,1999-11-05,5.92,-0.09999999999999964
1975,1999-11-12,5.93,0.009999999999999787
1976,1999-11-19,6.07,0.14000000000000057
1977,1999-11-26,6.12,0.04999999999999982
1978,1999-12-03,6.17,0.04999999999999982
1979,1999-12-10,6.08,-0.08999999999999986
1980,1999-12-17,6.3,0.21999999999999975
1981,1999-12-24,6.41,0.11000000000000032
1982,1999-12-31,6.45,0.040000000000000036
1983,2000-01-07,6.52,0.0699999999999994
1984,2000-01-14,6.69,0.17000000000000082
1985,2000-01-21,6.79,0.09999999999999964
1986,2000-01-28,6.66,-0.1299999999999999
1987,2000-02-04,6.53,-0.1299999999999999
1988,2000-02-11,6.63,0.09999999999999964
1989,2000-02-18,6.49,-0.13999999999999968
1990,2000-02-25,6.36,-0.1299999999999999
1991,2000-03-03,6.39,0.02999999999999936
1992,2000-03-10,6.39,0.0
1993,2000-03-17,6.2,-0.1899999999999995
1994,2000-03-24,6.2,0.0
1995,2000-03-31,6.03,-0.16999999999999993
1996,2000-04-07,5.86,-0.16999999999999993
1997,2000-04-14,5.85,-0.010000000000000675
1998,2000-04-21,5.99,0.14000000000000057
1999,2000-04-28,6.23,0.2400000000000002
2000,2000-05-05,6.51,0.27999999999999936
2001,2000-05-12,6.51,0.0
2002,2000-05-19,6.51,0.0
2003,2000-05-26,6.33,-0.17999999999999972
2004,2000-06-02,6.15,-0.17999999999999972
2005,2000-06-09,6.13,-0.020000000000000462
2006,2000-06-16,5.99,-0.13999999999999968
2007,2000-06-23,6.19,0.20000000000000018
2008,2000-06-30,6.03,-0.16000000000000014
2009,2000-07-07,6.01,-0.020000000000000462
2010,2000-07-14,6.1,0.08999999999999986
2011,2000-07-21,6.01,-0.08999999999999986
2012,2000-07-28,6.04,0.03000000000000025
2013,2000-08-04,5.91,-0.1299999999999999
2014,2000-08-11,5.79,-0.1200000000000001
2015,2000-08-18,5.78,-0.009999999999999787
2016,2000-08-25,5.73,-0.04999999999999982
2017,2000-09-01,5.68,-0.05000000000000071
2018,2000-09-08,5.73,0.05000000000000071
2019,2000-09-15,5.84,0.10999999999999943
2020,2000-09-22,5.85,0.009999999999999787
2021,2000-09-29,5.8,-0.04999999999999982
2022,2000-10-06,5.82,0.020000000000000462
2023,2000-10-13,5.73,-0.08999999999999986
2024,2000-10-20,5.64,-0.09000000000000075
2025,2000-10-27,5.72,0.08000000000000007
2026,2000-11-03,5.83,0.11000000000000032
2027,2000-11-10,5.82,-0.009999999999999787
2028,2000-11-17,5.71,-0.11000000000000032
2029,2000-11-24,5.63,-0.08000000000000007
2030,2000-12-01,5.52,-0.11000000000000032
2031,2000-12-08,5.35,-0.16999999999999993
2032,2000-12-15,5.2,-0.14999999999999947
2033,2000-12-22,5.02,-0.1800000000000006
2034,2000-12-29,5.12,0.10000000000000053
2035,2001-01-05,4.93,-0.1900000000000004
2036,2001-01-12,5.25,0.3200000000000003
2037,2001-01-19,5.19,-0.05999999999999961
2038,2001-01-26,5.29,0.09999999999999964
2039,2001-02-02,5.17,-0.1200000000000001
2040,2001-02-09,5.03,-0.13999999999999968
2041,2001-02-16,5.11,0.08000000000000007
2042,2001-02-23,5.1,-0.010000000000000675
2043,2001-03-02,4.95,-0.14999999999999947
2044,2001-03-09,4.95,0.0
2045,2001-03-16,4.78,-0.16999999999999993
2046,2001-03-23,4.8,0.019999999999999574
2047,2001-03-30,4.93,0.1299999999999999
2048,2001-04-06,4.89,-0.040000000000000036
2049,2001-04-13,5.17,0.28000000000000025
2050,2001-04-20,5.29,0.1200000000000001
2051,2001-04-27,5.34,0.04999999999999982
2052,2001-05-04,5.21,-0.1299999999999999
2053,2001-05-11,5.51,0.2999999999999998
2054,2001-05-18,5.41,-0.09999999999999964
2055,2001-05-25,5.52,0.10999999999999943
2056,2001-06-01,5.39,-0.1299999999999999
2057,2001-06-08,5.38,-0.009999999999999787
2058,2001-06-15,5.27,-0.11000000000000032
2059,2001-06-22,5.14,-0.1299999999999999
2060,2001-06-29,5.42,0.28000000000000025
2061,2001-07-06,5.41,-0.009999999999999787
2062,2001-07-13,5.27,-0.14000000000000057
2063,2001-07-20,5.15,-0.11999999999999922
2064,2001-07-27,5.13,-0.020000000000000462
2065,2001-08-03,5.2,0.07000000000000028
2066,2001-08-10,4.99,-0.20999999999999996
2067,2001-08-17,4.84,-0.15000000000000036
2068,2001-08-24,4.93,0.08999999999999986
2069,2001-08-31,4.85,-0.08000000000000007
2070,2001-09-07,4.8,-0.04999999999999982
2071,2001-09-14,4.57,-0.22999999999999954
2072,2001-09-21,4.7,0.1299999999999999
2073,2001-09-28,4.6,-0.10000000000000053
2074,2001-10-05,4.52,-0.08000000000000007
2075,2001-10-12,4.68,0.16000000000000014
2076,2001-10-19,4.63,-0.04999999999999982
2077,2001-10-26,4.53,-0.09999999999999964
2078,2001-11-02,4.37,-0.16000000000000014
2079,2001-11-09,4.34,-0.03000000000000025
2080,2001-11-16,4.91,0.5700000000000003
2081,2001-11-23,5.04,0.1299999999999999
2082,2001-11-30,4.78,-0.2599999999999998
2083,2001-12-07,5.2,0.41999999999999993
2084,2001-12-14,5.24,0.040000000000000036
2085,2001-12-21,5.12,-0.1200000000000001
2086,2001-12-28,5.15,0.03000000000000025
2087,2002-01-04,5.18,0.02999999999999936
2088,2002-01-11,4.92,-0.2599999999999998
2089,2002-01-18,4.94,0.020000000000000462
2090,2002-01-25,5.1,0.15999999999999925
2091,2002-02-01,5.02,-0.08000000000000007
2092,2002-02-08,4.9,-0.11999999999999922
2093,2002-02-15,4.86,-0.040000000000000036
2094,2002-02-22,4.84,-0.020000000000000462
2095,2002-03-01,4.98,0.14000000000000057
2096,2002-03-08,5.33,0.34999999999999964
2097,2002-03-15,5.35,0.019999999999999574
2098,2002-03-22,5.4,0.05000000000000071
2099,2002-03-29,5.42,0.019999999999999574
2100,2002-04-05,5.22,-0.20000000000000018
2101,2002-04-12,5.18,-0.040000000000000036
2102,2002-04-19,5.21,0.03000000000000025
2103,2002-04-26,5.08,-0.1299999999999999
2104,2002-05-03,5.08,0.0
2105,2002-05-10,5.15,0.07000000000000028
2106,2002-05-17,5.27,0.11999999999999922
2107,2002-05-24,5.16,-0.10999999999999943
2108,2002-05-31,5.08,-0.08000000000000007
2109,2002-06-07,5.1,0.019999999999999574
2110,2002-06-14,4.83,-0.2699999999999996
2111,2002-06-21,4.79,-0.040000000000000036
2112,2002-06-28,4.86,0.07000000000000028
2113,2002-07-05,4.9,0.040000000000000036
2114,2002-07-12,4.63,-0.27000000000000046
2115,2002-07-19,4.61,-0.019999999999999574
2116,2002-07-26,4.43,-0.1800000000000006
2117,2002-08-02,4.33,-0.09999999999999964
2118,2002-08-09,4.27,-0.0600000000000005
2119,2002-08-16,4.32,0.05000000000000071
2120,2002-08-23,4.25,-0.07000000000000028
2121,2002-08-30,4.14,-0.11000000000000032
2122,2002-09-06,4.05,-0.08999999999999986
2123,2002-09-13,3.92,-0.1299999999999999
2124,2002-09-20,3.79,-0.1299999999999999
2125,2002-09-27,3.69,-0.10000000000000009
2126,2002-10-04,3.69,0.0
2127,2002-10-11,3.83,0.14000000000000012
2128,2002-10-18,4.14,0.3099999999999996
2129,2002-10-25,4.12,-0.019999999999999574
2130,2002-11-01,4.01,-0.11000000000000032
2131,2002-11-08,3.85,-0.1599999999999997
2132,2002-11-15,4.05,0.19999999999999973
2133,2002-11-22,4.18,0.1299999999999999
2134,2002-11-29,4.22,0.040000000000000036
2135,2002-12-06,4.09,-0.1299999999999999
2136,2002-12-13,4.07,-0.019999999999999574
2137,2002-12-20,3.97,-0.10000000000000009
2138,2002-12-27,3.83,-0.14000000000000012
2139,2003-01-03,4.05,0.21999999999999975
2140,2003-01-10,4.16,0.11000000000000032
2141,2003-01-17,4.05,-0.11000000000000032
2142,2003-01-24,3.94,-0.10999999999999988
2143,2003-01-31,4.0,0.06000000000000005
2144,2003-02-07,3.96,-0.040000000000000036
2145,2003-02-14,3.95,-0.009999999999999787
2146,2003-02-21,3.9,-0.050000000000000266
2147,2003-02-28,3.71,-0.18999999999999995
2148,2003-03-07,3.63,-0.08000000000000007
2149,2003-03-14,3.72,0.0900000000000003
2150,2003-03-21,4.11,0.3900000000000001
2151,2003-03-28,3.92,-0.1900000000000004
2152,2003-04-04,3.96,0.040000000000000036
2153,2003-04-11,4.0,0.040000000000000036
2154,2003-04-18,3.98,-0.020000000000000018
2155,2003-04-25,3.91,-0.06999999999999984
2156,2003-05-02,3.94,0.029999999999999805
2157,2003-05-09,3.69,-0.25
2158,2003-05-16,3.46,-0.22999999999999998
2159,2003-05-23,3.34,-0.1200000000000001
2160,2003-05-30,3.37,0.03000000000000025
2161,2003-06-06,3.37,0.0
2162,2003-06-13,3.13,-0.2400000000000002
2163,2003-06-20,3.4,0.27
2164,2003-06-27,3.58,0.18000000000000016
2165,2003-07-04,3.67,0.08999999999999986
2166,2003-07-11,3.66,-0.009999999999999787
2167,2003-07-18,4.0,0.33999999999999986
2168,2003-07-25,4.22,0.21999999999999975
2169,2003-08-01,4.44,0.22000000000000064
2170,2003-08-08,4.27,-0.17000000000000082
2171,2003-08-15,4.55,0.28000000000000025
2172,2003-08-22,4.48,-0.0699999999999994
2173,2003-08-29,4.45,-0.03000000000000025
2174,2003-09-05,4.35,-0.10000000000000053
2175,2003-09-12,4.27,-0.08000000000000007
2176,2003-09-19,4.17,-0.09999999999999964
2177,2003-09-26,4.04,-0.1299999999999999
2178,2003-10-03,4.21,0.16999999999999993
2179,2003-10-10,4.29,0.08000000000000007
2180,2003-10-17,4.41,0.1200000000000001
2181,2003-10-24,4.24,-0.16999999999999993
2182,2003-10-31,4.33,0.08999999999999986
2183,2003-11-07,4.48,0.15000000000000036
2184,2003-11-14,4.22,-0.2600000000000007
2185,2003-11-21,4.15,-0.0699999999999994
2186,2003-11-28,4.34,0.1899999999999995
2187,2003-12-05,4.23,-0.10999999999999943
2188,2003-12-12,4.26,0.02999999999999936
2189,2003-12-19,4.15,-0.10999999999999943
2190,2003-12-26,4.17,0.019999999999999574
2191,2004-01-02,4.38,0.20999999999999996
2192,2004-01-09,4.11,-0.2699999999999996
2193,2004-01-16,4.04,-0.07000000000000028
2194,2004-01-23,4.09,0.04999999999999982
2195,2004-01-30,4.16,0.07000000000000028
2196,2004-02-06,4.12,-0.040000000000000036
2197,2004-02-13,4.05,-0.07000000000000028
2198,2004-02-20,4.1,0.04999999999999982
2199,2004-02-27,3.99,-0.10999999999999943
2200,2004-03-05,3.85,-0.14000000000000012
2201,2004-03-12,3.78,-0.07000000000000028
2202,2004-03-19,3.8,0.020000000000000018
2203,2004-03-26,3.85,0.050000000000000266
2204,2004-04-02,4.15,0.30000000000000027
2205,2004-04-09,4.21,0.05999999999999961
2206,2004-04-16,4.37,0.16000000000000014
2207,2004-04-23,4.48,0.11000000000000032
2208,2004-04-30,4.53,0.04999999999999982
2209,2004-05-07,4.79,0.2599999999999998
2210,2004-05-14,4.79,0.0
2211,2004-05-21,4.76,-0.03000000000000025
2212,2004-05-28,4.66,-0.09999999999999964
2213,2004-06-04,4.78,0.1200000000000001
2214,2004-06-11,4.81,0.02999999999999936
2215,2004-06-18,4.72,-0.08999999999999986
2216,2004-06-25,4.66,-0.05999999999999961
2217,2004-07-02,4.48,-0.17999999999999972
2218,2004-07-09,4.49,0.009999999999999787
2219,2004-07-16,4.38,-0.11000000000000032
2220,2004-07-23,4.45,0.07000000000000028
2221,2004-07-30,4.5,0.04999999999999982
2222,2004-08-06,4.24,-0.2599999999999998
2223,2004-08-13,4.22,-0.020000000000000462
2224,2004-08-20,4.24,0.020000000000000462
2225,2004-08-27,4.23,-0.009999999999999787
2226,2004-09-03,4.3,0.0699999999999994
2227,2004-09-10,4.19,-0.10999999999999943
2228,2004-09-17,4.14,-0.05000000000000071
2229,2004-09-24,4.04,-0.09999999999999964
2230,2004-10-01,4.21,0.16999999999999993
2231,2004-10-08,4.15,-0.05999999999999961
2232,2004-10-15,4.07,-0.08000000000000007
2233,2004-10-22,4.0,-0.07000000000000028
2234,2004-10-29,4.05,0.04999999999999982
2235,2004-11-05,4.21,0.16000000000000014
2236,2004-11-12,4.2,-0.009999999999999787
2237,2004-11-19,4.2,0.0
2238,2004-11-26,4.24,0.040000000000000036
2239,2004-12-03,4.27,0.02999999999999936
2240,2004-12-10,4.16,-0.10999999999999943
2241,2004-12-17,4.21,0.04999999999999982
2242,2004-12-24,4.23,0.020000000000000462
2243,2004-12-31,4.24,0.009999999999999787
2244,2005-01-07,4.29,0.04999999999999982
2245,2005-01-14,4.23,-0.05999999999999961
2246,2005-01-21,4.16,-0.07000000000000028
2247,2005-01-28,4.16,0.0
2248,2005-02-04,4.09,-0.07000000000000028
2249,2005-02-11,4.1,0.009999999999999787
2250,2005-02-18,4.27,0.16999999999999993
2251,2005-02-25,4.27,0.0
2252,2005-03-04,4.32,0.05000000000000071
2253,2005-03-11,4.56,0.23999999999999932
2254,2005-03-18,4.51,-0.04999999999999982
2255,2005-03-25,4.6,0.08999999999999986
2256,2005-04-01,4.46,-0.13999999999999968
2257,2005-04-08,4.5,0.040000000000000036
2258,2005-04-15,4.27,-0.23000000000000043
2259,2005-04-22,4.26,-0.009999999999999787
2260,2005-04-29,4.21,-0.04999999999999982
2261,2005-05-06,4.28,0.07000000000000028
2262,2005-05-13,4.12,-0.16000000000000014
2263,2005-05-20,4.13,0.009999999999999787
2264,2005-05-27,4.08,-0.04999999999999982
2265,2005-06-03,3.98,-0.10000000000000009
2266,2005-06-10,4.05,0.06999999999999984
2267,2005-06-17,4.09,0.040000000000000036
2268,2005-06-24,3.92,-0.16999999999999993
2269,2005-07-01,4.06,0.13999999999999968
2270,2005-07-08,4.11,0.05000000000000071
2271,2005-07-15,4.18,0.0699999999999994
2272,2005-07-22,4.23,0.05000000000000071
2273,2005-07-29,4.28,0.04999999999999982
2274,2005-08-05,4.4,0.1200000000000001
2275,2005-08-12,4.24,-0.16000000000000014
2276,2005-08-19,4.21,-0.03000000000000025
2277,2005-08-26,4.2,-0.009999999999999787
2278,2005-09-02,4.03,-0.16999999999999993
2279,2005-09-09,4.14,0.10999999999999943
2280,2005-09-16,4.26,0.1200000000000001
2281,2005-09-23,4.25,-0.009999999999999787
2282,2005-09-30,4.34,0.08999999999999986
2283,2005-10-07,4.35,0.009999999999999787
2284,2005-10-14,4.48,0.13000000000000078
2285,2005-10-21,4.39,-0.09000000000000075
2286,2005-10-28,4.58,0.1900000000000004
2287,2005-11-04,4.66,0.08000000000000007
2288,2005-11-11,4.55,-0.11000000000000032
2289,2005-11-18,4.5,-0.04999999999999982
2290,2005-11-25,4.43,-0.07000000000000028
2291,2005-12-02,4.52,0.08999999999999986
2292,2005-12-09,4.54,0.020000000000000462
2293,2005-12-16,4.45,-0.08999999999999986
2294,2005-12-23,4.38,-0.07000000000000028
2295,2005-12-30,4.39,0.009999999999999787
2296,2006-01-06,4.38,-0.009999999999999787
2297,2006-01-13,4.36,-0.019999999999999574
2298,2006-01-20,4.37,0.009999999999999787
2299,2006-01-27,4.52,0.14999999999999947
2300,2006-02-03,4.54,0.020000000000000462
2301,2006-02-10,4.59,0.04999999999999982
2302,2006-02-17,4.54,-0.04999999999999982
2303,2006-02-24,4.58,0.040000000000000036
2304,2006-03-03,4.68,0.09999999999999964
2305,2006-03-10,4.76,0.08000000000000007
2306,2006-03-17,4.68,-0.08000000000000007
2307,2006-03-24,4.67,-0.009999999999999787
2308,2006-03-31,4.86,0.1900000000000004
2309,2006-04-07,4.97,0.10999999999999943
2310,2006-04-14,5.05,0.08000000000000007
2311,2006-04-21,5.01,-0.040000000000000036
2312,2006-04-28,5.07,0.0600000000000005
2313,2006-05-05,5.12,0.04999999999999982
2314,2006-05-12,5.19,0.07000000000000028
2315,2006-05-19,5.05,-0.14000000000000057
2316,2006-05-26,5.06,0.009999999999999787
2317,2006-06-02,5.0,-0.05999999999999961
2318,2006-06-09,4.98,-0.019999999999999574
2319,2006-06-16,5.13,0.14999999999999947
2320,2006-06-23,5.23,0.10000000000000053
2321,2006-06-30,5.15,-0.08000000000000007
2322,2006-07-07,5.14,-0.010000000000000675
2323,2006-07-14,5.07,-0.0699999999999994
2324,2006-07-21,5.05,-0.020000000000000462
2325,2006-07-28,5.0,-0.04999999999999982
2326,2006-08-04,4.91,-0.08999999999999986
2327,2006-08-11,4.97,0.05999999999999961
2328,2006-08-18,4.84,-0.1299999999999999
2329,2006-08-25,4.79,-0.04999999999999982
2330,2006-09-01,4.73,-0.05999999999999961
2331,2006-09-08,4.78,0.04999999999999982
2332,2006-09-15,4.8,0.019999999999999574
2333,2006-09-22,4.6,-0.20000000000000018
2334,2006-09-29,4.64,0.040000000000000036
2335,2006-10-06,4.7,0.0600000000000005
2336,2006-10-13,4.81,0.10999999999999943
2337,2006-10-20,4.79,-0.019999999999999574
2338,2006-10-27,4.68,-0.11000000000000032
2339,2006-11-03,4.72,0.040000000000000036
2340,2006-11-10,4.59,-0.1299999999999999
2341,2006-11-17,4.61,0.020000000000000462
2342,2006-11-24,4.55,-0.0600000000000005
2343,2006-12-01,4.43,-0.1200000000000001
2344,2006-12-08,4.56,0.1299999999999999
2345,2006-12-15,4.6,0.040000000000000036
2346,2006-12-22,4.63,0.03000000000000025
2347,2006-12-29,4.71,0.08000000000000007
2348,2007-01-05,4.65,-0.05999999999999961
2349,2007-01-12,4.77,0.11999999999999922
2350,2007-01-19,4.78,0.010000000000000675
2351,2007-01-26,4.88,0.09999999999999964
2352,2007-02-02,4.83,-0.04999999999999982
2353,2007-02-09,4.79,-0.040000000000000036
2354,2007-02-16,4.69,-0.09999999999999964
2355,2007-02-23,4.68,-0.010000000000000675
2356,2007-03-02,4.52,-0.16000000000000014
2357,2007-03-09,4.59,0.07000000000000028
2358,2007-03-16,4.55,-0.040000000000000036
2359,2007-03-23,4.62,0.07000000000000028
2360,2007-03-30,4.65,0.03000000000000025
2361,2007-04-06,4.76,0.10999999999999943
2362,2007-04-13,4.76,0.0
2363,2007-04-20,4.68,-0.08000000000000007
2364,2007-04-27,4.71,0.03000000000000025
2365,2007-05-04,4.65,-0.05999999999999961
2366,2007-05-11,4.67,0.019999999999999574
2367,2007-05-18,4.81,0.13999999999999968
2368,2007-05-25,4.86,0.05000000000000071
2369,2007-06-01,4.95,0.08999999999999986
2370,2007-06-08,5.12,0.16999999999999993
2371,2007-06-15,5.16,0.040000000000000036
2372,2007-06-22,5.14,-0.020000000000000462
2373,2007-06-29,5.03,-0.10999999999999943
2374,2007-07-06,5.19,0.16000000000000014
2375,2007-07-13,5.11,-0.08000000000000007
2376,2007-07-20,4.96,-0.15000000000000036
2377,2007-07-27,4.8,-0.16000000000000014
2378,2007-08-03,4.71,-0.08999999999999986
2379,2007-08-10,4.81,0.09999999999999964
2380,2007-08-17,4.68,-0.1299999999999999
2381,2007-08-24,4.63,-0.04999999999999982
2382,2007-08-31,4.54,-0.08999999999999986
2383,2007-09-07,4.38,-0.16000000000000014
2384,2007-09-14,4.47,0.08999999999999986
2385,2007-09-21,4.64,0.16999999999999993
2386,2007-09-28,4.59,-0.04999999999999982
2387,2007-10-05,4.65,0.0600000000000005
2388,2007-10-12,4.7,0.04999999999999982
2389,2007-10-19,4.41,-0.29000000000000004
2390,2007-10-26,4.41,0.0
2391,2007-11-02,4.31,-0.10000000000000053
2392,2007-11-09,4.23,-0.07999999999999918
2393,2007-11-16,4.15,-0.08000000000000007
2394,2007-11-23,4.01,-0.14000000000000057
2395,2007-11-30,3.97,-0.03999999999999959
2396,2007-12-07,4.12,0.1499999999999999
2397,2007-12-14,4.24,0.1200000000000001
2398,2007-12-21,4.18,-0.0600000000000005
2399,2007-12-28,4.11,-0.0699999999999994
2400,2008-01-04,3.88,-0.23000000000000043
2401,2008-01-11,3.82,-0.06000000000000005
2402,2008-01-18,3.66,-0.1599999999999997
2403,2008-01-25,3.61,-0.050000000000000266
2404,2008-02-01,3.62,0.010000000000000231
2405,2008-02-08,3.64,0.020000000000000018
2406,2008-02-15,3.76,0.11999999999999966
2407,2008-02-22,3.79,0.03000000000000025
2408,2008-02-29,3.53,-0.26000000000000023
2409,2008-03-07,3.56,0.03000000000000025
2410,2008-03-14,3.44,-0.1200000000000001
2411,2008-03-21,3.34,-0.10000000000000009
2412,2008-03-28,3.47,0.13000000000000034
2413,2008-04-04,3.5,0.029999999999999805
2414,2008-04-11,3.49,-0.009999999999999787
2415,2008-04-18,3.77,0.2799999999999998
2416,2008-04-25,3.91,0.14000000000000012
2417,2008-05-02,3.89,-0.020000000000000018
2418,2008-05-09,3.77,-0.1200000000000001
2419,2008-05-16,3.85,0.08000000000000007
2420,2008-05-23,3.85,0.0
2421,2008-05-30,4.06,0.20999999999999952
2422,2008-06-06,3.94,-0.11999999999999966
2423,2008-06-13,4.27,0.3299999999999996
2424,2008-06-20,4.16,-0.10999999999999943
2425,2008-06-27,3.99,-0.16999999999999993
2426,2008-07-04,3.99,0.0
2427,2008-07-11,3.96,-0.03000000000000025
2428,2008-07-18,4.11,0.15000000000000036
2429,2008-07-25,4.13,0.019999999999999574
2430,2008-08-01,3.97,-0.1599999999999997
2431,2008-08-08,3.94,-0.03000000000000025
2432,2008-08-15,3.84,-0.10000000000000009
2433,2008-08-22,3.87,0.03000000000000025
2434,2008-08-29,3.83,-0.040000000000000036
2435,2008-09-05,3.66,-0.16999999999999993
2436,2008-09-12,3.74,0.08000000000000007
2437,2008-09-19,3.78,0.03999999999999959
2438,2008-09-26,3.85,0.07000000000000028
2439,2008-10-03,3.63,-0.2200000000000002
2440,2008-10-10,3.89,0.26000000000000023
2441,2008-10-17,3.98,0.08999999999999986
2442,2008-10-24,3.76,-0.2200000000000002
2443,2008-10-31,4.01,0.25
2444,2008-11-07,3.83,-0.17999999999999972
2445,2008-11-14,3.72,-0.10999999999999988
2446,2008-11-21,3.2,-0.52
2447,2008-11-28,2.93,-0.27
2448,2008-12-05,2.67,-0.26000000000000023
2449,2008-12-12,2.6,-0.06999999999999984
2450,2008-12-19,2.13,-0.4700000000000002
2451,2008-12-26,2.16,0.03000000000000025
2452,2009-01-02,2.46,0.2999999999999998
2453,2009-01-09,2.43,-0.029999999999999805
2454,2009-01-16,2.36,-0.07000000000000028
2455,2009-01-23,2.65,0.29000000000000004
2456,2009-01-30,2.87,0.2200000000000002
2457,2009-02-06,3.05,0.17999999999999972
2458,2009-02-13,2.89,-0.1599999999999997
2459,2009-02-20,2.78,-0.11000000000000032
2460,2009-02-27,3.02,0.2400000000000002
2461,2009-03-06,2.83,-0.18999999999999995
2462,2009-03-13,2.89,0.06000000000000005
2463,2009-03-20,2.65,-0.2400000000000002
2464,2009-03-27,2.78,0.1299999999999999
2465,2009-04-03,2.91,0.13000000000000034
2466,2009-04-10,2.96,0.04999999999999982
2467,2009-04-17,2.98,0.020000000000000018
2468,2009-04-24,3.03,0.04999999999999982
2469,2009-05-01,3.21,0.18000000000000016
2470,2009-05-08,3.29,0.08000000000000007
2471,2009-05-15,3.14,-0.1499999999999999
2472,2009-05-22,3.45,0.31000000000000005
2473,2009-05-29,3.47,0.020000000000000018
2474,2009-06-05,3.84,0.36999999999999966
2475,2009-06-12,3.81,-0.029999999999999805
2476,2009-06-19,3.79,-0.020000000000000018
2477,2009-06-26,3.52,-0.27
2478,2009-07-03,3.51,-0.010000000000000231
2479,2009-07-10,3.32,-0.18999999999999995
2480,2009-07-17,3.67,0.3500000000000001
2481,2009-07-24,3.7,0.03000000000000025
2482,2009-07-31,3.52,-0.18000000000000016
2483,2009-08-07,3.89,0.3700000000000001
2484,2009-08-14,3.55,-0.3400000000000003
2485,2009-08-21,3.56,0.010000000000000231
2486,2009-08-28,3.46,-0.10000000000000009
2487,2009-09-04,3.45,-0.009999999999999787
2488,2009-09-11,3.34,-0.11000000000000032
2489,2009-09-18,3.49,0.15000000000000036
2490,2009-09-25,3.34,-0.15000000000000036
2491,2009-10-02,3.24,-0.09999999999999964
2492,2009-10-09,3.4,0.1599999999999997
2493,2009-10-16,3.43,0.03000000000000025
2494,2009-10-23,3.51,0.07999999999999963
2495,2009-10-30,3.41,-0.09999999999999964
2496,2009-11-06,3.54,0.1299999999999999
2497,2009-11-13,3.43,-0.10999999999999988
2498,2009-11-20,3.36,-0.07000000000000028
2499,2009-11-27,3.21,-0.1499999999999999
2500,2009-12-04,3.48,0.27
2501,2009-12-11,3.55,0.06999999999999984
2502,2009-12-18,3.55,0.0
2503,2009-12-25,3.82,0.27
2504,2010-01-01,3.85,0.03000000000000025
2505,2010-01-08,3.83,-0.020000000000000018
2506,2010-01-15,3.7,-0.1299999999999999
2507,2010-01-22,3.62,-0.08000000000000007
2508,2010-01-29,3.63,0.009999999999999787
2509,2010-02-05,3.59,-0.040000000000000036
2510,2010-02-12,3.69,0.10000000000000009
2511,2010-02-19,3.78,0.08999999999999986
2512,2010-02-26,3.61,-0.16999999999999993
2513,2010-03-05,3.69,0.08000000000000007
2514,2010-03-12,3.71,0.020000000000000018
2515,2010-03-19,3.7,-0.009999999999999787
2516,2010-03-26,3.86,0.1599999999999997
2517,2010-04-02,3.96,0.10000000000000009
2518,2010-04-09,3.9,-0.06000000000000005
2519,2010-04-16,3.79,-0.10999999999999988
2520,2010-04-23,3.84,0.04999999999999982
2521,2010-04-30,3.69,-0.1499999999999999
2522,2010-05-07,3.45,-0.23999999999999977
2523,2010-05-14,3.44,-0.010000000000000231
2524,2010-05-21,3.2,-0.23999999999999977
2525,2010-05-28,3.31,0.10999999999999988
2526,2010-06-04,3.2,-0.10999999999999988
2527,2010-06-11,3.24,0.040000000000000036
2528,2010-06-18,3.24,0.0
2529,2010-06-25,3.12,-0.1200000000000001
2530,2010-07-02,3.0,-0.1200000000000001
2531,2010-07-09,3.07,0.06999999999999984
2532,2010-07-16,2.96,-0.10999999999999988
2533,2010-07-23,3.02,0.06000000000000005
2534,2010-07-30,2.94,-0.08000000000000007
2535,2010-08-06,2.86,-0.08000000000000007
2536,2010-08-13,2.68,-0.17999999999999972
2537,2010-08-20,2.62,-0.06000000000000005
2538,2010-08-27,2.66,0.040000000000000036
2539,2010-09-03,2.72,0.06000000000000005
2540,2010-09-10,2.81,0.08999999999999986
2541,2010-09-17,2.75,-0.06000000000000005
2542,2010-09-24,2.62,-0.1299999999999999
2543,2010-10-01,2.54,-0.08000000000000007
2544,2010-10-08,2.41,-0.1299999999999999
2545,2010-10-15,2.59,0.17999999999999972
2546,2010-10-22,2.59,0.0
2547,2010-10-29,2.63,0.040000000000000036
2548,2010-11-05,2.58,-0.04999999999999982
2549,2010-11-12,2.76,0.17999999999999972
2550,2010-11-19,2.88,0.1200000000000001
2551,2010-11-26,2.87,-0.009999999999999787
2552,2010-12-03,3.03,0.1599999999999997
2553,2010-12-10,3.32,0.29000000000000004
2554,2010-12-17,3.33,0.010000000000000231
2555,2010-12-24,3.41,0.08000000000000007
2556,2010-12-31,3.3,-0.11000000000000032
2557,2011-01-07,3.34,0.040000000000000036
2558,2011-01-14,3.35,0.010000000000000231
2559,2011-01-21,3.44,0.08999999999999986
2560,2011-01-28,3.36,-0.08000000000000007
2561,2011-02-04,3.68,0.3200000000000003
2562,2011-02-11,3.64,-0.040000000000000036
2563,2011-02-18,3.59,-0.050000000000000266
2564,2011-02-25,3.42,-0.16999999999999993
2565,2011-03-04,3.49,0.07000000000000028
2566,2011-03-11,3.4,-0.0900000000000003
2567,2011-03-18,3.28,-0.1200000000000001
2568,2011-03-25,3.46,0.18000000000000016
2569,2011-04-01,3.46,0.0
2570,2011-04-08,3.59,0.1299999999999999
2571,2011-04-15,3.43,-0.1599999999999997
2572,2011-04-22,3.42,-0.010000000000000231
2573,2011-04-29,3.32,-0.10000000000000009
2574,2011-05-06,3.19,-0.1299999999999999
2575,2011-05-13,3.18,-0.009999999999999787
2576,2011-05-20,3.15,-0.03000000000000025
2577,2011-05-27,3.07,-0.08000000000000007
2578,2011-06-03,2.99,-0.07999999999999963
2579,2011-06-10,2.99,0.0
2580,2011-06-17,2.94,-0.050000000000000266
2581,2011-06-24,2.88,-0.06000000000000005
2582,2011-07-01,3.22,0.3400000000000003
2583,2011-07-08,3.03,-0.1900000000000004
2584,2011-07-15,2.94,-0.08999999999999986
2585,2011-07-22,2.99,0.050000000000000266
2586,2011-07-29,2.82,-0.17000000000000037
2587,2011-08-05,2.58,-0.23999999999999977
2588,2011-08-12,2.24,-0.33999999999999986
2589,2011-08-19,2.07,-0.17000000000000037
2590,2011-08-26,2.19,0.1200000000000001
2591,2011-09-02,2.02,-0.16999999999999993
2592,2011-09-09,1.93,-0.09000000000000008
2593,2011-09-16,2.08,0.15000000000000013
2594,2011-09-23,1.84,-0.24
2595,2011-09-30,1.92,0.07999999999999985
2596,2011-10-07,2.1,0.18000000000000016
2597,2011-10-14,2.26,0.1599999999999997
2598,2011-10-21,2.23,-0.029999999999999805
2599,2011-10-28,2.34,0.10999999999999988
2600,2011-11-04,2.06,-0.2799999999999998
2601,2011-11-11,2.04,-0.020000000000000018
2602,2011-11-18,2.01,-0.03000000000000025
2603,2011-11-25,1.97,-0.039999999999999813
2604,2011-12-02,2.05,0.07999999999999985
2605,2011-12-09,2.07,0.020000000000000018
2606,2011-12-16,1.86,-0.20999999999999974
2607,2011-12-23,2.03,0.1699999999999997
2608,2011-12-30,1.89,-0.1399999999999999
2609,2012-01-06,1.98,0.09000000000000008
2610,2012-01-13,1.89,-0.09000000000000008
2611,2012-01-20,2.05,0.15999999999999992
2612,2012-01-27,1.93,-0.11999999999999988
2613,2012-02-03,1.97,0.040000000000000036
2614,2012-02-10,1.96,-0.010000000000000009
2615,2012-02-17,2.01,0.04999999999999982
2616,2012-02-24,1.98,-0.029999999999999805
2617,2012-03-02,1.99,0.010000000000000009
2618,2012-03-09,2.04,0.050000000000000044
2619,2012-03-16,2.31,0.27
2620,2012-03-23,2.25,-0.06000000000000005
2621,2012-03-30,2.23,-0.020000000000000018
2622,2012-04-06,2.07,-0.16000000000000014
2623,2012-04-13,2.02,-0.04999999999999982
2624,2012-04-20,1.99,-0.030000000000000027
2625,2012-04-27,1.96,-0.030000000000000027
2626,2012-05-04,1.91,-0.050000000000000044
2627,2012-05-11,1.84,-0.06999999999999984
2628,2012-05-18,1.71,-0.13000000000000012
2629,2012-05-25,1.75,0.040000000000000036
2630,2012-06-01,1.47,-0.28
2631,2012-06-08,1.65,0.17999999999999994
2632,2012-06-15,1.6,-0.04999999999999982
2633,2012-06-22,1.69,0.08999999999999986
2634,2012-06-29,1.67,-0.020000000000000018
2635,2012-07-06,1.57,-0.09999999999999987
2636,2012-07-13,1.52,-0.050000000000000044
2637,2012-07-20,1.49,-0.030000000000000027
2638,2012-07-27,1.58,0.09000000000000008
2639,2012-08-03,1.6,0.020000000000000018
2640,2012-08-10,1.65,0.04999999999999982
2641,2012-08-17,1.81,0.16000000000000014
2642,2012-08-24,1.68,-0.13000000000000012
2643,2012-08-31,1.57,-0.10999999999999988
2644,2012-09-07,1.67,0.09999999999999987
2645,2012-09-14,1.88,0.20999999999999996
2646,2012-09-21,1.77,-0.10999999999999988
2647,2012-09-28,1.65,-0.1200000000000001
2648,2012-10-05,1.75,0.10000000000000009
2649,2012-10-12,1.69,-0.06000000000000005
2650,2012-10-19,1.79,0.10000000000000009
2651,2012-10-26,1.78,-0.010000000000000009
2652,2012-11-02,1.75,-0.030000000000000027
2653,2012-11-09,1.61,-0.1399999999999999
2654,2012-11-16,1.58,-0.030000000000000027
2655,2012-11-23,1.7,0.11999999999999988
2656,2012-11-30,1.62,-0.07999999999999985
2657,2012-12-07,1.64,0.019999999999999796
2658,2012-12-14,1.72,0.08000000000000007
2659,2012-12-21,1.77,0.050000000000000044
2660,2012-12-28,1.73,-0.040000000000000036
2661,2013-01-04,1.93,0.19999999999999996
2662,2013-01-11,1.89,-0.040000000000000036
2663,2013-01-18,1.87,-0.019999999999999796
2664,2013-01-25,1.98,0.10999999999999988
2665,2013-02-01,2.04,0.06000000000000005
2666,2013-02-08,1.99,-0.050000000000000044
2667,2013-02-15,2.01,0.019999999999999796
2668,2013-02-22,1.97,-0.039999999999999813
2669,2013-03-01,1.86,-0.10999999999999988
2670,2013-03-08,2.06,0.19999999999999996
2671,2013-03-15,2.01,-0.050000000000000266
2672,2013-03-22,1.93,-0.07999999999999985
2673,2013-03-29,1.87,-0.05999999999999983
2674,2013-04-05,1.72,-0.15000000000000013
2675,2013-04-12,1.75,0.030000000000000027
2676,2013-04-19,1.73,-0.020000000000000018
2677,2013-04-26,1.7,-0.030000000000000027
2678,2013-05-03,1.78,0.08000000000000007
2679,2013-05-10,1.9,0.11999999999999988
2680,2013-05-17,1.95,0.050000000000000044
2681,2013-05-24,2.01,0.05999999999999983
2682,2013-05-31,2.16,0.15000000000000036
2683,2013-06-07,2.17,0.009999999999999787
2684,2013-06-14,2.14,-0.029999999999999805
2685,2013-06-21,2.52,0.3799999999999999
2686,2013-06-28,2.52,0.0
2687,2013-07-05,2.73,0.20999999999999996
2688,2013-07-12,2.61,-0.1200000000000001
2689,2013-07-19,2.5,-0.10999999999999988
2690,2013-07-26,2.58,0.08000000000000007
2691,2013-08-02,2.63,0.04999999999999982
2692,2013-08-09,2.57,-0.06000000000000005
2693,2013-08-16,2.84,0.27
2694,2013-08-23,2.82,-0.020000000000000018
2695,2013-08-30,2.78,-0.040000000000000036
2696,2013-09-06,2.94,0.16000000000000014
2697,2013-09-13,2.9,-0.040000000000000036
2698,2013-09-20,2.75,-0.1499999999999999
2699,2013-09-27,2.64,-0.10999999999999988
2700,2013-10-04,2.66,0.020000000000000018
2701,2013-10-11,2.7,0.040000000000000036
2702,2013-10-18,2.6,-0.10000000000000009
2703,2013-10-25,2.53,-0.07000000000000028
2704,2013-11-01,2.65,0.1200000000000001
2705,2013-11-08,2.77,0.1200000000000001
2706,2013-11-15,2.71,-0.06000000000000005
2707,2013-11-22,2.75,0.040000000000000036
2708,2013-11-29,2.75,0.0
2709,2013-12-06,2.88,0.1299999999999999
2710,2013-12-13,2.88,0.0
2711,2013-12-20,2.89,0.010000000000000231
2712,2013-12-27,3.02,0.1299999999999999
2713,2014-01-03,3.01,-0.010000000000000231
2714,2014-01-10,2.88,-0.1299999999999999
2715,2014-01-17,2.84,-0.040000000000000036
2716,2014-01-24,2.75,-0.08999999999999986
2717,2014-01-31,2.67,-0.08000000000000007
2718,2014-02-07,2.71,0.040000000000000036
2719,2014-02-14,2.75,0.040000000000000036
2720,2014-02-21,2.73,-0.020000000000000018
2721,2014-02-28,2.66,-0.06999999999999984
2722,2014-03-07,2.8,0.13999999999999968
2723,2014-03-14,2.65,-0.1499999999999999
2724,2014-03-21,2.75,0.10000000000000009
2725,2014-03-28,2.73,-0.020000000000000018
2726,2014-04-04,2.74,0.010000000000000231
2727,2014-04-11,2.63,-0.11000000000000032
2728,2014-04-18,2.73,0.10000000000000009
2729,2014-04-25,2.68,-0.04999999999999982
2730,2014-05-02,2.6,-0.08000000000000007
2731,2014-05-09,2.62,0.020000000000000018
2732,2014-05-16,2.52,-0.10000000000000009
2733,2014-05-23,2.54,0.020000000000000018
2734,2014-05-30,2.48,-0.06000000000000005
2735,2014-06-06,2.6,0.1200000000000001
2736,2014-06-13,2.6,0.0
2737,2014-06-20,2.63,0.029999999999999805
2738,2014-06-27,2.54,-0.08999999999999986
2739,2014-07-04,2.65,0.10999999999999988
2740,2014-07-11,2.53,-0.1200000000000001
2741,2014-07-18,2.5,-0.029999999999999805
2742,2014-07-25,2.48,-0.020000000000000018
2743,2014-08-01,2.52,0.040000000000000036
2744,2014-08-08,2.44,-0.08000000000000007
2745,2014-08-15,2.34,-0.10000000000000009
2746,2014-08-22,2.4,0.06000000000000005
2747,2014-08-29,2.35,-0.04999999999999982
2748,2014-09-05,2.46,0.10999999999999988
2749,2014-09-12,2.62,0.16000000000000014
2750,2014-09-19,2.59,-0.03000000000000025
2751,2014-09-26,2.54,-0.04999999999999982
2752,2014-10-03,2.45,-0.08999999999999986
2753,2014-10-10,2.31,-0.14000000000000012
2754,2014-10-17,2.22,-0.08999999999999986
2755,2014-10-24,2.29,0.06999999999999984
2756,2014-10-31,2.35,0.06000000000000005
2757,2014-11-07,2.32,-0.03000000000000025
2758,2014-11-14,2.32,0.0
2759,2014-11-21,2.31,-0.009999999999999787
2760,2014-11-28,2.18,-0.1299999999999999
2761,2014-12-05,2.31,0.1299999999999999
2762,2014-12-12,2.1,-0.20999999999999996
2763,2014-12-19,2.17,0.06999999999999984
2764,2014-12-26,2.25,0.08000000000000007
2765,2015-01-02,2.12,-0.1299999999999999
2766,2015-01-09,1.98,-0.14000000000000012
2767,2015-01-16,1.83,-0.1499999999999999
2768,2015-01-23,1.81,-0.020000000000000018
2769,2015-01-30,1.68,-0.13000000000000012
2770,2015-02-06,1.95,0.27
2771,2015-02-13,2.02,0.07000000000000006
2772,2015-02-20,2.13,0.10999999999999988
2773,2015-02-27,2.0,-0.1299999999999999
2774,2015-03-06,2.24,0.2400000000000002
2775,2015-03-13,2.13,-0.11000000000000032
2776,2015-03-20,1.93,-0.19999999999999996
2777,2015-03-27,1.95,0.020000000000000018
2778,2015-04-03,1.85,-0.09999999999999987
2779,2015-04-10,1.96,0.10999999999999988
2780,2015-04-17,1.87,-0.08999999999999986
2781,2015-04-24,1.93,0.05999999999999983
2782,2015-05-01,2.12,0.19000000000000017
2783,2015-05-08,2.16,0.040000000000000036
2784,2015-05-15,2.14,-0.020000000000000018
2785,2015-05-22,2.21,0.06999999999999984
2786,2015-05-29,2.12,-0.08999999999999986
2787,2015-06-05,2.41,0.29000000000000004
2788,2015-06-12,2.39,-0.020000000000000018
2789,2015-06-19,2.26,-0.13000000000000034
2790,2015-06-26,2.49,0.23000000000000043
2791,2015-07-03,2.4,-0.0900000000000003
2792,2015-07-10,2.42,0.020000000000000018
2793,2015-07-17,2.34,-0.08000000000000007
2794,2015-07-24,2.27,-0.06999999999999984
2795,2015-07-31,2.2,-0.06999999999999984
2796,2015-08-07,2.18,-0.020000000000000018
2797,2015-08-14,2.2,0.020000000000000018
2798,2015-08-21,2.05,-0.15000000000000036
2799,2015-08-28,2.19,0.14000000000000012
2800,2015-09-04,2.13,-0.06000000000000005
2801,2015-09-11,2.2,0.07000000000000028
2802,2015-09-18,2.13,-0.07000000000000028
2803,2015-09-25,2.17,0.040000000000000036
2804,2015-10-02,1.99,-0.17999999999999994
2805,2015-10-09,2.12,0.13000000000000012
2806,2015-10-16,2.04,-0.08000000000000007
2807,2015-10-23,2.09,0.04999999999999982
2808,2015-10-30,2.16,0.07000000000000028
2809,2015-11-06,2.34,0.17999999999999972
2810,2015-11-13,2.28,-0.06000000000000005
2811,2015-11-20,2.26,-0.020000000000000018
2812,2015-11-27,2.22,-0.03999999999999959
2813,2015-12-04,2.28,0.05999999999999961
2814,2015-12-11,2.13,-0.1499999999999999
2815,2015-12-18,2.19,0.06000000000000005
2816,2015-12-25,2.25,0.06000000000000005
2817,2016-01-01,2.27,0.020000000000000018
2818,2016-01-08,2.13,-0.14000000000000012
2819,2016-01-15,2.03,-0.10000000000000009
2820,2016-01-22,2.07,0.040000000000000036
2821,2016-01-29,1.94,-0.1299999999999999
2822,2016-02-05,1.86,-0.07999999999999985
2823,2016-02-12,1.74,-0.1200000000000001
2824,2016-02-19,1.76,0.020000000000000018
2825,2016-02-26,1.76,0.0
2826,2016-03-04,1.88,0.11999999999999988
2827,2016-03-11,1.98,0.10000000000000009
2828,2016-03-18,1.88,-0.10000000000000009
2829,2016-03-25,1.91,0.030000000000000027
2830,2016-04-01,1.79,-0.11999999999999988
2831,2016-04-08,1.72,-0.07000000000000006
2832,2016-04-15,1.76,0.040000000000000036
2833,2016-04-22,1.89,0.1299999999999999
2834,2016-04-29,1.83,-0.05999999999999983
2835,2016-05-06,1.79,-0.040000000000000036
2836,2016-05-13,1.71,-0.08000000000000007
2837,2016-05-20,1.85,0.14000000000000012
2838,2016-05-27,1.85,0.0
2839,2016-06-03,1.71,-0.14000000000000012
2840,2016-06-10,1.64,-0.07000000000000006
2841,2016-06-17,1.62,-0.019999999999999796
2842,2016-06-24,1.57,-0.050000000000000044
2843,2016-07-01,1.46,-0.1100000000000001
2844,2016-07-08,1.37,-0.08999999999999986
2845,2016-07-15,1.6,0.22999999999999998
2846,2016-07-22,1.57,-0.030000000000000027
2847,2016-07-29,1.46,-0.1100000000000001
2848,2016-08-05,1.59,0.13000000000000012
2849,2016-08-12,1.51,-0.08000000000000007
2850,2016-08-19,1.58,0.07000000000000006
2851,2016-08-26,1.62,0.040000000000000036
2852,2016-09-02,1.6,-0.020000000000000018
2853,2016-09-09,1.67,0.06999999999999984
2854,2016-09-16,1.7,0.030000000000000027
2855,2016-09-23,1.62,-0.07999999999999985
2856,2016-09-30,1.6,-0.020000000000000018
2857,2016-10-07,1.73,0.1299999999999999
2858,2016-10-14,1.8,0.07000000000000006
2859,2016-10-21,1.74,-0.06000000000000005
2860,2016-10-28,1.86,0.1200000000000001
2861,2016-11-04,1.79,-0.07000000000000006
2862,2016-11-11,2.15,0.3599999999999999
2863,2016-11-18,2.34,0.18999999999999995
2864,2016-11-25,2.36,0.020000000000000018
2865,2016-12-02,2.4,0.040000000000000036
2866,2016-12-09,2.47,0.07000000000000028
2867,2016-12-16,2.6,0.1299999999999999
2868,2016-12-23,2.55,-0.050000000000000266
2869,2016-12-30,2.45,-0.09999999999999964
2870,2017-01-06,2.42,-0.03000000000000025
2871,2017-01-13,2.4,-0.020000000000000018
2872,2017-01-20,2.48,0.08000000000000007
2873,2017-01-27,2.49,0.010000000000000231
2874,2017-02-03,2.49,0.0
2875,2017-02-10,2.41,-0.08000000000000007
2876,2017-02-17,2.42,0.009999999999999787
2877,2017-02-24,2.31,-0.10999999999999988
2878,2017-03-03,2.49,0.18000000000000016
2879,2017-03-10,2.58,0.08999999999999986
2880,2017-03-17,2.5,-0.08000000000000007
2881,2017-03-24,2.4,-0.10000000000000009
2882,2017-03-31,2.4,0.0
2883,2017-04-07,2.38,-0.020000000000000018
2884,2017-04-14,2.24,-0.13999999999999968
2885,2017-04-21,2.24,0.0
2886,2017-04-28,2.29,0.04999999999999982
2887,2017-05-05,2.36,0.06999999999999984
2888,2017-05-12,2.33,-0.029999999999999805
2889,2017-05-19,2.23,-0.10000000000000009
2890,2017-05-26,2.25,0.020000000000000018
2891,2017-06-02,2.15,-0.10000000000000009
2892,2017-06-09,2.21,0.06000000000000005
2893,2017-06-16,2.16,-0.04999999999999982
2894,2017-06-23,2.15,-0.010000000000000231
2895,2017-06-30,2.31,0.16000000000000014
2896,2017-07-07,2.39,0.08000000000000007
2897,2017-07-14,2.33,-0.06000000000000005
2898,2017-07-21,2.24,-0.08999999999999986
2899,2017-07-28,2.3,0.05999999999999961
2900,2017-08-04,2.27,-0.029999999999999805
2901,2017-08-11,2.19,-0.08000000000000007
2902,2017-08-18,2.19,0.0
2903,2017-08-25,2.17,-0.020000000000000018
2904,2017-09-01,2.16,-0.009999999999999787
2905,2017-09-08,2.06,-0.10000000000000009
2906,2017-09-15,2.2,0.14000000000000012
2907,2017-09-22,2.26,0.05999999999999961
2908,2017-09-29,2.33,0.07000000000000028
2909,2017-10-06,2.37,0.040000000000000036
2910,2017-10-13,2.28,-0.0900000000000003
2911,2017-10-20,2.39,0.11000000000000032
2912,2017-10-27,2.42,0.029999999999999805
2913,2017-11-03,2.34,-0.08000000000000007
2914,2017-11-10,2.4,0.06000000000000005
2915,2017-11-17,2.35,-0.04999999999999982
2916,2017-11-24,2.34,-0.010000000000000231
2917,2017-12-01,2.37,0.03000000000000025
2918,2017-12-08,2.38,0.009999999999999787
2919,2017-12-15,2.35,-0.029999999999999805
2920,2017-12-22,2.48,0.1299999999999999
2921,2017-12-29,2.4,-0.08000000000000007
2922,2018-01-05,2.47,0.07000000000000028
2923,2018-01-12,2.55,0.07999999999999963
2924,2018-01-19,2.64,0.0900000000000003
2925,2018-01-26,2.66,0.020000000000000018
2926,2018-02-02,2.84,0.17999999999999972
2927,2018-02-09,2.83,-0.009999999999999787
2928,2018-02-16,2.87,0.040000000000000036
2929,2018-02-23,2.88,0.009999999999999787
2930,2018-03-02,2.86,-0.020000000000000018
2931,2018-03-09,2.9,0.040000000000000036
2932,2018-03-16,2.85,-0.04999999999999982
2933,2018-03-23,2.82,-0.03000000000000025
2934,2018-03-30,2.74,-0.07999999999999963
2935,2018-04-06,2.77,0.029999999999999805
2936,2018-04-13,2.82,0.04999999999999982
2937,2018-04-20,2.96,0.14000000000000012
2938,2018-04-27,2.96,0.0
2939,2018-05-04,2.95,-0.009999999999999787
2940,2018-05-11,2.97,0.020000000000000018
2941,2018-05-18,3.06,0.08999999999999986
2942,2018-05-25,2.93,-0.1299999999999999
2943,2018-06-01,2.89,-0.040000000000000036
2944,2018-06-08,2.93,0.040000000000000036
2945,2018-06-15,2.93,0.0
2946,2018-06-22,2.9,-0.03000000000000025
2947,2018-06-29,2.85,-0.04999999999999982
2948,2018-07-06,2.82,-0.03000000000000025
2949,2018-07-13,2.83,0.010000000000000231
2950,2018-07-20,2.89,0.06000000000000005
2951,2018-07-27,2.96,0.06999999999999984
2952,2018-08-03,2.95,-0.009999999999999787
2953,2018-08-10,2.87,-0.08000000000000007
2954,2018-08-17,2.87,0.0
2955,2018-08-24,2.82,-0.050000000000000266
2956,2018-08-31,2.86,0.040000000000000036
2957,2018-09-07,2.94,0.08000000000000007
2958,2018-09-14,2.99,0.050000000000000266
2959,2018-09-21,3.07,0.07999999999999963
2960,2018-09-28,3.05,-0.020000000000000018
2961,2018-10-05,3.23,0.18000000000000016
2962,2018-10-12,3.15,-0.08000000000000007
2963,2018-10-19,3.2,0.050000000000000266
2964,2018-10-26,3.08,-0.1200000000000001
2965,2018-11-02,3.22,0.14000000000000012
2966,2018-11-09,3.19,-0.03000000000000025
2967,2018-11-16,3.08,-0.10999999999999988
2968,2018-11-23,3.05,-0.03000000000000025
2969,2018-11-30,3.01,-0.040000000000000036
2970,2018-12-07,2.85,-0.1599999999999997
2971,2018-12-14,2.89,0.040000000000000036
2972,2018-12-21,2.79,-0.10000000000000009
2973,2018-12-28,2.72,-0.06999999999999984
2974,2019-01-04,2.67,-0.050000000000000266
2975,2019-01-11,2.71,0.040000000000000036
2976,2019-01-18,2.79,0.08000000000000007
2977,2019-01-25,2.76,-0.03000000000000025
2978,2019-02-01,2.7,-0.05999999999999961
2979,2019-02-08,2.63,-0.07000000000000028
2980,2019-02-15,2.66,0.03000000000000025
2981,2019-02-22,2.65,-0.010000000000000231
2982,2019-03-01,2.76,0.10999999999999988
2983,2019-03-08,2.62,-0.13999999999999968
2984,2019-03-15,2.59,-0.03000000000000025
2985,2019-03-22,2.44,-0.1499999999999999
2986,2019-03-29,2.41,-0.029999999999999805
2987,2019-04-05,2.5,0.08999999999999986
2988,2019-04-12,2.56,0.06000000000000005
2989,2019-04-19,2.57,0.009999999999999787
2990,2019-04-26,2.51,-0.06000000000000005
2991,2019-05-03,2.54,0.03000000000000025
2992,2019-05-10,2.47,-0.06999999999999984
2993,2019-05-17,2.39,-0.08000000000000007
2994,2019-05-24,2.32,-0.07000000000000028
2995,2019-05-31,2.14,-0.17999999999999972
2996,2019-06-07,2.09,-0.050000000000000266
2997,2019-06-14,2.09,0.0
2998,2019-06-21,2.07,-0.020000000000000018
2999,2019-06-28,2.0,-0.06999999999999984
3000,2019-07-05,2.04,0.040000000000000036
3001,2019-07-12,2.12,0.08000000000000007
3002,2019-07-19,2.05,-0.07000000000000028
3003,2019-07-26,2.08,0.03000000000000025
3004,2019-08-02,1.86,-0.21999999999999997
3005,2019-08-09,1.74,-0.1200000000000001
3006,2019-08-16,1.55,-0.18999999999999995
3007,2019-08-23,1.52,-0.030000000000000027
3008,2019-08-30,1.5,-0.020000000000000018
3009,2019-09-06,1.55,0.050000000000000044
3010,2019-09-13,1.9,0.34999999999999987
3011,2019-09-20,1.74,-0.15999999999999992
3012,2019-09-27,1.69,-0.050000000000000044
3013,2019-10-04,1.52,-0.16999999999999993
3014,2019-10-11,1.76,0.24
3015,2019-10-18,1.76,0.0
3016,2019-10-25,1.8,0.040000000000000036
3017,2019-11-01,1.73,-0.07000000000000006
3018,2019-11-08,1.94,0.20999999999999996
3019,2019-11-15,1.84,-0.09999999999999987
3020,2019-11-22,1.77,-0.07000000000000006
3021,2019-11-29,1.78,0.010000000000000009
3022,2019-12-06,1.84,0.06000000000000005
3023,2019-12-13,1.82,-0.020000000000000018
3024,2019-12-20,1.92,0.09999999999999987
3025,2019-12-27,1.88,-0.040000000000000036
3026,2020-01-03,1.8,-0.07999999999999985
3027,2020-01-10,1.83,0.030000000000000027
3028,2020-01-17,1.84,0.010000000000000009
3029,2020-01-24,1.7,-0.14000000000000012
3030,2020-01-31,1.51,-0.18999999999999995
3031,2020-02-07,1.59,0.08000000000000007
3032,2020-02-14,1.59,0.0
3033,2020-02-21,1.46,-0.13000000000000012
3034,2020-02-28,1.13,-0.33000000000000007
3035,2020-03-06,0.74,-0.3899999999999999
3036,2020-03-13,0.94,0.19999999999999996
3037,2020-03-20,0.92,-0.019999999999999907
3038,2020-03-27,0.72,-0.20000000000000007
3039,2020-04-03,0.62,-0.09999999999999998
3040,2020-04-10,0.73,0.10999999999999999
3041,2020-04-17,0.65,-0.07999999999999996
3042,2020-04-24,0.6,-0.050000000000000044
3043,2020-05-01,0.64,0.040000000000000036
3044,2020-05-08,0.69,0.04999999999999993
3045,2020-05-15,0.64,-0.04999999999999993
3046,2020-05-22,0.66,0.020000000000000018
3047,2020-05-29,0.65,-0.010000000000000009
3048,2020-06-05,0.91,0.26
3049,2020-06-12,0.71,-0.20000000000000007
3050,2020-06-19,0.7,-0.010000000000000009
3051,2020-06-26,0.64,-0.05999999999999994
3052,2020-07-03,0.68,0.040000000000000036
3053,2020-07-10,0.65,-0.030000000000000027
3054,2020-07-17,0.64,-0.010000000000000009
3055,2020-07-24,0.59,-0.050000000000000044
3056,2020-07-31,0.55,-0.039999999999999925
3057,2020-08-07,0.57,0.019999999999999907
3058,2020-08-14,0.71,0.14
3059,2020-08-21,0.64,-0.06999999999999995
3060,2020-08-28,0.74,0.09999999999999998
3061,2020-09-04,0.72,-0.020000000000000018
3062,2020-09-11,0.67,-0.04999999999999993
3063,2020-09-18,0.7,0.029999999999999916
3064,2020-09-25,0.66,-0.039999999999999925
3065,2020-10-02,0.7,0.039999999999999925
3066,2020-10-09,0.79,0.09000000000000008
3067,2020-10-16,0.76,-0.030000000000000027
3068,2020-10-23,0.85,0.08999999999999997
3069,2020-10-30,0.88,0.030000000000000027
3070,2020-11-06,0.83,-0.050000000000000044
3071,2020-11-13,0.89,0.06000000000000005
3072,2020-11-20,0.83,-0.06000000000000005
3073,2020-11-27,0.84,0.010000000000000009
3074,2020-12-04,0.97,0.13
3075,2020-12-11,0.9,-0.06999999999999995
3076,2020-12-18,0.95,0.04999999999999993
3077,2020-12-25,0.94,-0.010000000000000009
3078,2021-01-01,0.93,-0.009999999999999898
3079,2021-01-08,1.13,0.19999999999999984
3080,2021-01-15,1.11,-0.019999999999999796
3081,2021-01-22,1.1,-0.010000000000000009
3082,2021-01-29,1.11,0.010000000000000009
3083,2021-02-05,1.19,0.07999999999999985
3084,2021-02-12,1.2,0.010000000000000009
3085,2021-02-19,1.34,0.14000000000000012
3086,2021-02-26,1.44,0.09999999999999987
3087,2021-03-05,1.56,0.1200000000000001
3088,2021-03-12,1.64,0.07999999999999985
3089,2021-03-19,1.74,0.10000000000000009
3090,2021-03-26,1.67,-0.07000000000000006
3091,2021-04-02,1.72,0.050000000000000044
3092,2021-04-09,1.67,-0.050000000000000044
3093,2021-04-16,1.59,-0.07999999999999985
3094,2021-04-23,1.58,-0.010000000000000009
3095,2021-04-30,1.65,0.06999999999999984
3096,2021-05-07,1.6,-0.04999999999999982
3097,2021-05-14,1.63,0.029999999999999805
3098,2021-05-21,1.63,0.0
3099,2021-05-28,1.58,-0.04999999999999982
3100,2021-06-04,1.56,-0.020000000000000018
3101,2021-06-11,1.47,-0.09000000000000008
3102,2021-06-18,1.45,-0.020000000000000018
3103,2021-06-25,1.54,0.09000000000000008
3104,2021-07-02,1.44,-0.10000000000000009
3105,2021-07-09,1.37,-0.06999999999999984
3106,2021-07-16,1.31,-0.06000000000000005
3107,2021-07-23,1.3,-0.010000000000000009
3108,2021-07-30,1.24,-0.06000000000000005
3109,2021-08-06,1.31,0.07000000000000006
3110,2021-08-13,1.29,-0.020000000000000018
3111,2021-08-20,1.26,-0.030000000000000027
3112,2021-08-27,1.31,0.050000000000000044
3113,2021-09-03,1.33,0.020000000000000018
3114,2021-09-10,1.35,0.020000000000000018
3115,2021-09-17,1.37,0.020000000000000018
3116,2021-09-24,1.47,0.09999999999999987
3117,2021-10-01,1.48,0.010000000000000009
3118,2021-10-08,1.61,0.13000000000000012
3119,2021-10-15,1.59,-0.020000000000000018
3120,2021-10-22,1.66,0.06999999999999984
3121,2021-10-29,1.55,-0.10999999999999988
3122,2021-11-05,1.45,-0.10000000000000009
3123,2021-11-12,1.58,0.13000000000000012
3124,2021-11-19,1.54,-0.040000000000000036
3125,2021-11-26,1.48,-0.06000000000000005
3126,2021-12-03,1.35,-0.1299999999999999
3127,2021-12-10,1.48,0.1299999999999999
3128,2021-12-17,1.41,-0.07000000000000006
3129,2021-12-24,1.5,0.09000000000000008
3130,2021-12-31,1.52,0.020000000000000018
3131,2022-01-07,1.76,0.24
3132,2022-01-14,1.78,0.020000000000000018
3133,2022-01-21,1.75,-0.030000000000000027
3134,2022-01-28,1.78,0.030000000000000027
3135,2022-02-04,1.93,0.1499999999999999
3136,2022-02-11,1.92,-0.010000000000000009
3137,2022-02-18,1.92,0.0
3138,2022-02-25,1.97,0.050000000000000044
3139,2022-03-04,1.74,-0.22999999999999998
3140,2022-03-11,2.0,0.26
3141,2022-03-18,2.14,0.14000000000000012
3142,2022-03-25,2.48,0.33999999999999986
3143,2022-04-01,2.39,-0.08999999999999986
3144,2022-04-08,2.72,0.33000000000000007
3145,2022-04-15,2.83,0.10999999999999988
3146,2022-04-22,2.9,0.06999999999999984
3147,2022-04-29,2.89,-0.009999999999999787
3148,2022-05-06,3.12,0.22999999999999998
3149,2022-05-13,2.93,-0.18999999999999995
3150,2022-05-20,2.78,-0.15000000000000036
3151,2022-05-27,2.74,-0.03999999999999959
3152,2022-06-03,2.96,0.21999999999999975
3153,2022-06-10,3.15,0.18999999999999995
3154,2022-06-17,3.25,0.10000000000000009
3155,2022-06-24,3.13,-0.1200000000000001
3156,2022-07-01,2.88,-0.25
3157,2022-07-08,3.09,0.20999999999999996
3158,2022-07-15,2.93,-0.1599999999999997
3159,2022-07-22,2.77,-0.16000000000000014
3160,2022-07-29,2.67,-0.10000000000000009
3161,2022-08-05,2.83,0.16000000000000014
3162,2022-08-12,2.84,0.009999999999999787
3163,2022-08-19,2.98,0.14000000000000012
3164,2022-08-26,3.04,0.06000000000000005
3165,2022-09-02,3.2,0.16000000000000014
3166,2022-09-09,3.33,0.1299999999999999
3167,2022-09-16,3.45,0.1200000000000001
3168,2022-09-23,3.69,0.23999999999999977
3169,2022-09-30,3.83,0.14000000000000012
3170,2022-10-07,3.89,0.06000000000000005
3171,2022-10-14,4.0,0.10999999999999988
3172,2022-10-21,4.21,0.20999999999999996
3173,2022-10-28,4.02,-0.1900000000000004
3174,2022-11-04,4.17,0.15000000000000036
3175,2022-11-11,3.82,-0.3500000000000001
3176,2022-11-18,3.82,0.0
3177,2022-11-25,3.68,-0.13999999999999968
3178,2022-12-02,3.51,-0.17000000000000037
3179,2022-12-09,3.57,0.06000000000000005
3180,2022-12-16,3.48,-0.08999999999999986
3181,2022-12-23,3.75,0.27
3182,2022-12-30,3.88,0.1299999999999999
3183,2023-01-06,3.55,-0.33000000000000007
3184,2023-01-13,3.49,-0.05999999999999961
3185,2023-01-20,3.48,-0.010000000000000231
3186,2023-01-27,3.52,0.040000000000000036
3187,2023-02-03,3.53,0.009999999999999787
3188,2023-02-10,3.74,0.2100000000000004
3189,2023-02-17,3.82,0.07999999999999963
3190,2023-02-24,3.95,0.13000000000000034
3191,2023-03-03,3.97,0.020000000000000018
3192,2023-03-10,3.7,-0.27
3193,2023-03-17,3.39,-0.31000000000000005
3194,2023-03-24,3.38,-0.010000000000000231
3195,2023-03-31,3.48,0.10000000000000009
3196,2023-04-07,3.39,-0.08999999999999986
3197,2023-04-14,3.52,0.1299999999999999
3198,2023-04-21,3.57,0.04999999999999982
3199,2023-04-28,3.44,-0.1299999999999999
3200,2023-05-05,3.44,0.0
3201,2023-05-12,3.46,0.020000000000000018
3202,2023-05-19,3.7,0.2400000000000002
3203,2023-05-26,3.8,0.09999999999999964
3204,2023-06-02,3.69,-0.10999999999999988
3205,2023-06-09,3.75,0.06000000000000005
3206,2023-06-16,3.77,0.020000000000000018
3207,2023-06-23,3.74,-0.029999999999999805
3208,2023-06-30,3.81,0.06999999999999984
3209,2023-07-07,4.06,0.24999999999999956
3210,2023-07-14,3.83,-0.22999999999999954
3211,2023-07-21,3.84,0.009999999999999787
3212,2023-07-28,3.96,0.1200000000000001
3213,2023-08-04,4.05,0.08999999999999986
3214,2023-08-11,4.16,0.11000000000000032
3215,2023-08-18,4.26,0.09999999999999964
3216,2023-08-25,4.25,-0.009999999999999787
3217,2023-09-01,4.18,-0.07000000000000028
3218,2023-09-08,4.26,0.08000000000000007
3219,2023-09-15,4.33,0.07000000000000028
3220,2023-09-22,4.44,0.11000000000000032
3221,2023-09-29,4.59,0.14999999999999947
3222,2023-10-06,4.78,0.1900000000000004
3223,2023-10-13,4.63,-0.15000000000000036
3224,2023-10-20,4.93,0.2999999999999998
3225,2023-10-27,4.84,-0.08999999999999986
3226,2023-11-03,4.57,-0.2699999999999996
3227,2023-11-10,4.61,0.040000000000000036
3228,2023-11-17,4.44,-0.16999999999999993
3229,2023-11-24,4.47,0.02999999999999936
3230,2023-12-01,4.22,-0.25
3231,2023-12-08,4.23,0.010000000000000675
3232,2023-12-15,3.91,-0.3200000000000003
3233,2023-12-22,3.9,-0.010000000000000231
3234,2023-12-29,3.88,-0.020000000000000018
3235,2024-01-05,4.05,0.16999999999999993
3236,2024-01-12,3.96,-0.08999999999999986
3237,2024-01-19,4.15,0.1900000000000004
3238,2024-01-26,4.15,0.0
3239,2024-02-02,4.03,-0.1200000000000001
3240,2024-02-09,4.17,0.13999999999999968
3241,2024-02-16,4.3,0.1299999999999999
3242,2024-02-23,4.26,-0.040000000000000036
3243,2024-03-01,4.19,-0.0699999999999994
3244,2024-03-08,4.09,-0.10000000000000053
3245,2024-03-15,4.31,0.21999999999999975
3246,2024-03-22,4.22,-0.08999999999999986
3247,2024-03-29,4.2,-0.019999999999999574
3248,2024-04-05,4.39,0.1899999999999995
3249,2024-04-12,4.5,0.11000000000000032
3250,2024-04-19,4.62,0.1200000000000001
3251,2024-04-26,4.67,0.04999999999999982
3252,2024-05-03,4.5,-0.16999999999999993
3253,2024-05-10,4.5,0.0
3254,2024-05-17,4.42,-0.08000000000000007
3255,2024-05-24,4.46,0.040000000000000036
3256,2024-05-31,4.51,0.04999999999999982
3257,2024-06-07,4.43,-0.08000000000000007
3258,2024-06-14,4.2,-0.22999999999999954
3259,2024-06-21,4.25,0.04999999999999982
3260,2024-06-28,4.36,0.11000000000000032
3261,2024-07-05,4.28,-0.08000000000000007
3262,2024-07-12,4.18,-0.10000000000000053
3263,2024-07-19,4.25,0.07000000000000028
3264,2024-07-26,4.2,-0.04999999999999982
3265,2024-08-02,3.8,-0.40000000000000036
3266,2024-08-09,3.94,0.14000000000000012
3267,2024-08-16,3.89,-0.04999999999999982
3268,2024-08-23,3.81,-0.08000000000000007
3269,2024-08-30,3.91,0.10000000000000009
3270,2024-09-06,3.72,-0.18999999999999995
3271,2024-09-13,3.66,-0.06000000000000005
3272,2024-09-20,3.73,0.06999999999999984
3273,2024-09-27,3.75,0.020000000000000018
3274,2024-10-04,3.98,0.22999999999999998
3275,2024-10-11,4.08,0.10000000000000009
3276,2024-10-18,4.08,0.0
3277,2024-10-25,4.25,0.16999999999999993
3278,2024-11-01,4.37,0.1200000000000001
3279,2024-11-08,4.3,-0.07000000000000028
3280,2024-11-15,4.43,0.1299999999999999
3281,2024-11-22,4.41,-0.019999999999999574
3282,2024-11-29,4.18,-0.23000000000000043
3283,2024-12-06,4.15,-0.02999999999999936
3284,2024-12-13,4.4,0.25
3285,2024-12-20,4.52,0.11999999999999922
3286,2024-12-27,4.62,0.10000000000000053
3287,2025-01-03,4.6,-0.020000000000000462
3288,2025-01-10,4.77,0.16999999999999993
3289,2025-01-17,4.61,-0.15999999999999925
3290,2025-01-24,4.63,0.019999999999999574
3291,2025-01-31,4.58,-0.04999999999999982
3292,2025-02-07,4.49,-0.08999999999999986
3293,2025-02-14,4.47,-0.020000000000000462
3294,2025-02-21,4.42,-0.04999999999999982
3295,2025-02-28,4.24,-0.17999999999999972
3296,2025-03-07,4.32,0.08000000000000007
3297,2025-03-14,4.31,-0.010000000000000675
3298,2025-03-21,4.25,-0.05999999999999961
3299,2025-03-28,4.27,0.019999999999999574
3300,2025-04-04,4.01,-0.2599999999999998
3301,2025-04-11,4.48,0.47000000000000064
3302,2025-04-18,4.34,-0.14000000000000057
3303,2025-04-25,4.29,-0.04999999999999982
3304,2025-05-02,4.33,0.040000000000000036
3305,2025-05-09,4.37,0.040000000000000036
3306,2025-05-16,4.43,0.05999999999999961
3307,2025-05-23,4.51,0.08000000000000007
3308,2025-05-30,4.41,-0.09999999999999964
3309,2025-06-06,4.51,0.09999999999999964
3310,2025-06-13,4.41,-0.09999999999999964
3311,2025-06-20,4.38,-0.03000000000000025
3312,2025-06-27,4.29,-0.08999999999999986
3313,2025-07-04,4.35,0.05999999999999961
3314,2025-07-11,4.43,0.08000000000000007
3315,2025-07-18,4.44,0.010000000000000675
3316,2025-07-25,4.4,-0.040000000000000036
3317,2025-08-01,4.23,-0.16999999999999993
3318,2025-08-08,4.27,0.03999999999999915
3319,2025-08-15,4.33,0.0600000000000005
3320,2025-08-22,4.26,-0.07000000000000028
3321,2025-08-29,4.23,-0.02999999999999936
3322,2025-09-05,4.1,-0.13000000000000078
3323,2025-09-12,4.06,-0.040000000000000036
3324,2025-09-19,4.14,0.08000000000000007
3325,2025-09-26,4.2,0.0600000000000005
3326,2025-10-03,4.13,-0.07000000000000028
3327,2025-10-10,4.05,-0.08000000000000007
3328,2025-10-17,4.02,-0.03000000000000025
3329,2025-10-24,4.02,0.0
3330,2025-10-31,4.11,0.09000000000000075
3331,2025-11-07,4.11,0.0
3332,2025-11-14,4.14,0.02999999999999936
3333,2025-11-21,4.06,-0.08000000000000007
3334,2025-11-28,4.02,-0.040000000000000036
3335,2025-12-05,4.14,0.1200000000000001
3336,2025-12-12,4.19,0.05000000000000071
3337,2025-12-19,4.16,-0.03000000000000025
3338,2025-12-26,4.14,-0.020000000000000462
3339,2026-01-02,4.19,0.05000000000000071
3340,2026-01-09,4.18,-0.010000000000000675
3341,2026-01-16,4.24,0.0600000000000005
3342,2026-01-23,4.24,0.0
3343,2026-01-30,4.26,0.019999999999999574
3344,2026-02-06,4.22,-0.040000000000000036
3345,2026-02-13,4.04,-0.17999999999999972
3346,2026-02-20,4.08,0.040000000000000036
3347,2026-02-27,3.97,-0.10999999999999988
3348,2026-03-06,4.15,0.18000000000000016
3349,2026-03-13,4.28,0.1299999999999999
3350,2026-03-20,4.39,0.10999999999999943
3351,2026-03-27,4.44,0.05000000000000071
3352,2026-04-03,4.35,-0.09000000000000075
3353,2026-04-10,4.29,-0.05999999999999961
