,Date,GPR,d_GPR
0,1985-01-04,157.36663818359375,
1,1985-01-11,94.85326385498047,-62.51337432861328
2,1985-01-18,111.21331024169922,16.36004638671875
3,1985-01-25,70.1815185546875,-41.03179168701172
4,1985-02-01,106.61137390136719,36.42985534667969
5,1985-02-08,147.8824920654297,41.2711181640625
6,1985-02-15,83.9590835571289,-63.92340850830078
7,1985-02-22,157.74131774902344,73.78223419189453
8,1985-03-01,146.57379150390625,-11.167526245117188
9,1985-03-08,91.80326080322266,-54.770530700683594
10,1985-03-15,138.34390258789062,46.54064178466797
11,1985-03-22,102.77656555175781,-35.56733703613281
12,1985-03-29,86.9967269897461,-15.779838562011719
13,1985-04-05,95.55484008789062,8.558113098144531
14,1985-04-12,81.25166320800781,-14.303176879882812
15,1985-04-19,37.08098220825195,-44.17068099975586
16,1985-04-26,53.620697021484375,16.539714813232422
17,1985-05-03,106.85701751708984,53.23632049560547
18,1985-05-10,87.50179290771484,-19.355224609375
19,1985-05-17,142.40945434570312,54.90766143798828
20,1985-05-24,92.93777465820312,-49.4716796875
21,1985-05-31,107.0601806640625,14.122406005859375
22,1985-06-07,114.4586410522461,7.398460388183594
23,1985-06-14,112.62730407714844,-1.8313369750976562
24,1985-06-21,213.7140350341797,101.08673095703125
25,1985-06-28,198.24246215820312,-15.471572875976562
26,1985-07-05,139.3902130126953,-58.85224914550781
27,1985-07-12,174.68618774414062,35.29597473144531
28,1985-07-19,104.26968383789062,-70.41650390625
29,1985-07-26,82.40218353271484,-21.86750030517578
30,1985-08-02,75.09599304199219,-7.306190490722656
31,1985-08-09,95.78508758544922,20.68909454345703
32,1985-08-16,59.28532791137695,-36.499759674072266
33,1985-08-23,72.01234436035156,12.72701644897461
34,1985-08-30,65.11189270019531,-6.90045166015625
35,1985-09-06,89.34310913085938,24.231216430664062
36,1985-09-13,103.30252838134766,13.959419250488281
37,1985-09-20,104.38764190673828,1.085113525390625
38,1985-09-27,144.02468872070312,39.637046813964844
39,1985-10-04,159.81686401367188,15.79217529296875
40,1985-10-11,82.12977600097656,-77.68708801269531
41,1985-10-18,118.30599212646484,36.17621612548828
42,1985-10-25,85.30216979980469,-33.003822326660156
43,1985-11-01,100.14739227294922,14.845222473144531
44,1985-11-08,70.03314208984375,-30.11425018310547
45,1985-11-15,86.79216766357422,16.75902557373047
46,1985-11-22,138.02365112304688,51.231483459472656
47,1985-11-29,93.21077728271484,-44.81287384033203
48,1985-12-06,84.93763732910156,-8.273139953613281
49,1985-12-13,42.92744445800781,-42.01019287109375
50,1985-12-20,126.05966186523438,83.13221740722656
51,1985-12-27,109.85556030273438,-16.2041015625
52,1986-01-03,166.87998962402344,57.02442932128906
53,1986-01-10,204.4794921875,37.59950256347656
54,1986-01-17,155.276611328125,-49.202880859375
55,1986-01-24,87.17283630371094,-68.10377502441406
56,1986-01-31,96.77163696289062,9.598800659179688
57,1986-02-07,40.2010612487793,-56.57057571411133
58,1986-02-14,38.698219299316406,-1.5028419494628906
59,1986-02-21,131.882080078125,93.1838607788086
60,1986-02-28,119.37181091308594,-12.510269165039062
61,1986-03-07,74.10665893554688,-45.26515197753906
62,1986-03-14,85.33546447753906,11.228805541992188
63,1986-03-21,97.20853424072266,11.873069763183594
64,1986-03-28,131.62521362304688,34.41667938232422
65,1986-04-04,66.84553527832031,-64.77967834472656
66,1986-04-11,190.8161163330078,123.9705810546875
67,1986-04-18,222.8873748779297,32.071258544921875
68,1986-04-25,101.25752258300781,-121.62985229492188
69,1986-05-02,80.43762969970703,-20.81989288330078
70,1986-05-09,66.25135040283203,-14.186279296875
71,1986-05-16,101.47909545898438,35.227745056152344
72,1986-05-23,81.70010375976562,-19.77899169921875
73,1986-05-30,72.96404266357422,-8.736061096191406
74,1986-06-06,100.38084411621094,27.41680145263672
75,1986-06-13,164.87893676757812,64.49809265136719
76,1986-06-20,142.1702880859375,-22.708648681640625
77,1986-06-27,123.70584869384766,-18.464439392089844
78,1986-07-04,75.04198455810547,-48.66386413574219
79,1986-07-11,67.08998107910156,-7.952003479003906
80,1986-07-18,77.9427719116211,10.852790832519531
81,1986-07-25,38.698219299316406,-39.24455261230469
82,1986-08-01,77.39643859863281,38.698219299316406
83,1986-08-08,48.00822830200195,-29.38821029663086
84,1986-08-15,88.33514404296875,40.3269157409668
85,1986-08-22,65.75816345214844,-22.576980590820312
86,1986-08-29,88.01508331298828,22.256919860839844
87,1986-09-05,84.54349517822266,-3.471588134765625
88,1986-09-12,67.45047760009766,-17.093017578125
89,1986-09-19,129.0610809326172,61.61060333251953
90,1986-09-26,184.8531036376953,55.792022705078125
91,1986-10-03,109.93034362792969,-74.92276000976562
92,1986-10-10,83.3827133178711,-26.547630310058594
93,1986-10-17,104.68611907958984,21.30340576171875
94,1986-10-24,66.69599151611328,-37.99012756347656
95,1986-10-31,137.7216339111328,71.02564239501953
96,1986-11-07,126.54753112792969,-11.174102783203125
97,1986-11-14,57.23658752441406,-69.31094360351562
98,1986-11-21,109.73309326171875,52.49650573730469
99,1986-11-28,115.97611236572266,6.243019104003906
100,1986-12-05,85.11951446533203,-30.856597900390625
101,1986-12-12,121.36563110351562,36.246116638183594
102,1986-12-19,55.440460205078125,-65.9251708984375
103,1986-12-26,73.40869903564453,17.968238830566406
104,1987-01-02,54.75318145751953,-18.655517578125
105,1987-01-09,70.48016357421875,15.726982116699219
106,1987-01-16,127.64022827148438,57.160064697265625
107,1987-01-23,90.67247772216797,-36.967750549316406
108,1987-01-30,133.7183380126953,43.045860290527344
109,1987-02-06,135.8093719482422,2.091033935546875
110,1987-02-13,96.92538452148438,-38.88398742675781
111,1987-02-20,115.42047882080078,18.495094299316406
112,1987-02-27,63.39842224121094,-52.022056579589844
113,1987-03-06,113.44409942626953,50.045677185058594
114,1987-03-13,62.824562072753906,-50.619537353515625
115,1987-03-20,102.27481842041016,39.45025634765625
116,1987-03-27,69.56926727294922,-32.70555114746094
117,1987-04-03,117.8628921508789,48.29362487792969
118,1987-04-10,110.623779296875,-7.239112854003906
119,1987-04-17,153.25045776367188,42.626678466796875
120,1987-04-24,83.93330383300781,-69.31715393066406
121,1987-05-01,87.89566040039062,3.9623565673828125
122,1987-05-08,92.33638000488281,4.4407196044921875
123,1987-05-15,84.36080932617188,-7.9755706787109375
124,1987-05-22,132.50270080566406,48.14189147949219
125,1987-05-29,141.96719360351562,9.464492797851562
126,1987-06-05,91.53900146484375,-50.428192138671875
127,1987-06-12,100.890380859375,9.35137939453125
128,1987-06-19,60.629356384277344,-40.261024475097656
129,1987-06-26,61.864593505859375,1.2352371215820312
130,1987-07-03,94.10704040527344,32.24244689941406
131,1987-07-10,111.65958404541016,17.55254364013672
132,1987-07-17,178.8909912109375,67.23140716552734
133,1987-07-24,176.91429138183594,-1.9766998291015625
134,1987-07-31,111.72234344482422,-65.19194793701172
135,1987-08-07,122.2349624633789,10.512619018554688
136,1987-08-14,88.88822174072266,-33.34674072265625
137,1987-08-21,73.47654724121094,-15.411674499511719
138,1987-08-28,136.78465270996094,63.30810546875
139,1987-09-04,111.59358978271484,-25.191062927246094
140,1987-09-11,87.46053314208984,-24.133056640625
141,1987-09-18,122.68769073486328,35.22715759277344
142,1987-09-25,147.8824920654297,25.194801330566406
143,1987-10-02,81.07682800292969,-66.8056640625
144,1987-10-09,76.2971420288086,-4.779685974121094
145,1987-10-16,95.15454864501953,18.857406616210938
146,1987-10-23,128.91549682617188,33.760948181152344
147,1987-10-30,65.0586166381836,-63.85688018798828
148,1987-11-06,73.72964477539062,8.671028137207031
149,1987-11-13,113.60791778564453,39.878273010253906
150,1987-11-20,102.00775909423828,-11.60015869140625
151,1987-11-27,117.05186462402344,15.044105529785156
152,1987-12-04,177.6455841064453,60.593719482421875
153,1987-12-11,97.1111068725586,-80.53447723388672
154,1987-12-18,62.8968505859375,-34.214256286621094
155,1987-12-25,154.58648681640625,91.68963623046875
156,1988-01-01,55.67340850830078,-98.91307830810547
157,1988-01-08,90.34275817871094,34.669349670410156
158,1988-01-15,96.26264953613281,5.919891357421875
159,1988-01-22,73.61261749267578,-22.65003204345703
160,1988-01-29,41.78013229370117,-31.83248519897461
161,1988-02-05,99.49407958984375,57.71394729614258
162,1988-02-12,37.76543045043945,-61.7286491394043
163,1988-02-19,115.27250671386719,77.50707626342773
164,1988-02-26,80.7943344116211,-34.478172302246094
165,1988-03-04,134.977294921875,54.182960510253906
166,1988-03-11,112.10042572021484,-22.876869201660156
167,1988-03-18,118.50753784179688,6.407112121582031
168,1988-03-25,93.3891372680664,-25.11840057373047
169,1988-04-01,80.51380157470703,-12.875335693359375
170,1988-04-08,96.71730041503906,16.20349884033203
171,1988-04-15,88.63056945800781,-8.08673095703125
172,1988-04-22,93.69991302490234,5.069343566894531
173,1988-04-29,187.08853149414062,93.38861846923828
174,1988-05-06,97.42845916748047,-89.66007232666016
175,1988-05-13,104.9757308959961,7.547271728515625
176,1988-05-20,72.98877716064453,-31.986953735351562
177,1988-05-27,124.78851318359375,51.79973602294922
178,1988-06-03,63.814788818359375,-60.973724365234375
179,1988-06-10,94.48599243164062,30.67120361328125
180,1988-06-17,76.62522888183594,-17.860763549804688
181,1988-06-24,50.021995544433594,-26.603233337402344
182,1988-07-01,50.670249938964844,0.64825439453125
183,1988-07-08,49.1661262512207,-1.5041236877441406
184,1988-07-15,74.02385711669922,24.857730865478516
185,1988-07-22,126.25030517578125,52.22644805908203
186,1988-07-29,93.39946746826172,-32.85083770751953
187,1988-08-05,69.49442291259766,-23.905044555664062
188,1988-08-12,124.5326156616211,55.03819274902344
189,1988-08-19,85.24990844726562,-39.28270721435547
190,1988-08-26,82.18202209472656,-3.0678863525390625
191,1988-09-02,65.53641510009766,-16.645606994628906
192,1988-09-09,110.603271484375,45.066856384277344
193,1988-09-16,79.68376159667969,-30.919509887695312
194,1988-09-23,69.79478454589844,-9.88897705078125
195,1988-09-30,80.66316986083984,10.868385314941406
196,1988-10-07,79.2751235961914,-1.3880462646484375
197,1988-10-14,72.49726867675781,-6.777854919433594
198,1988-10-21,43.37240982055664,-29.124858856201172
199,1988-10-28,67.95011138916016,24.577701568603516
200,1988-11-04,66.80809020996094,-1.1420211791992188
201,1988-11-11,63.15120315551758,-3.6568870544433594
202,1988-11-18,56.05021286010742,-7.100990295410156
203,1988-11-25,97.42845916748047,41.37824630737305
204,1988-12-02,45.848690032958984,-51.579769134521484
205,1988-12-09,66.3619613647461,20.51327133178711
206,1988-12-16,116.02689361572266,49.66493225097656
207,1988-12-23,109.84081268310547,-6.1860809326171875
208,1988-12-30,82.42781066894531,-27.413002014160156
209,1989-01-06,107.00084686279297,24.573036193847656
210,1989-01-13,90.75527954101562,-16.245567321777344
211,1989-01-20,97.92937469482422,7.174095153808594
212,1989-01-27,92.48285675048828,-5.4465179443359375
213,1989-02-03,101.04649353027344,8.563636779785156
214,1989-02-10,141.71412658691406,40.667633056640625
215,1989-02-17,135.626220703125,-6.0879058837890625
216,1989-02-24,66.58427429199219,-69.04194641113281
217,1989-03-03,84.83405303955078,18.249778747558594
218,1989-03-10,77.03646087646484,-7.7975921630859375
219,1989-03-17,62.34443283081055,-14.692028045654297
220,1989-03-24,97.17992401123047,34.83549118041992
221,1989-03-31,87.28221130371094,-9.897712707519531
222,1989-04-07,129.1693115234375,41.88710021972656
223,1989-04-14,74.43972778320312,-54.729583740234375
224,1989-04-21,64.36336517333984,-10.076362609863281
225,1989-04-28,84.83875274658203,20.475387573242188
226,1989-05-05,103.39347076416016,18.554718017578125
227,1989-05-12,168.150634765625,64.75716400146484
228,1989-05-19,104.90470123291016,-63.245933532714844
229,1989-05-26,77.13086700439453,-27.773834228515625
230,1989-06-02,64.32170104980469,-12.809165954589844
231,1989-06-09,82.60767364501953,18.285972595214844
232,1989-06-16,87.17283630371094,4.565162658691406
233,1989-06-23,66.66802978515625,-20.504806518554688
234,1989-06-30,83.65069580078125,16.982666015625
235,1989-07-07,130.08680725097656,46.43611145019531
236,1989-07-14,99.0169677734375,-31.069839477539062
237,1989-07-21,106.4093017578125,7.392333984375
238,1989-07-28,55.85392761230469,-50.55537414550781
239,1989-08-04,178.33473205566406,122.48080444335938
240,1989-08-11,86.69254302978516,-91.6421890258789
241,1989-08-18,76.40929412841797,-10.283248901367188
242,1989-08-25,64.1970443725586,-12.212249755859375
243,1989-09-01,115.85405731201172,51.657012939453125
244,1989-09-08,100.51326751708984,-15.340789794921875
245,1989-09-15,43.79596710205078,-56.71730041503906
246,1989-09-22,121.19149780273438,77.3955307006836
247,1989-09-29,84.0753173828125,-37.116180419921875
248,1989-10-06,100.50774383544922,16.43242645263672
249,1989-10-13,90.4858169555664,-10.021926879882812
250,1989-10-20,55.67340850830078,-34.812408447265625
251,1989-10-27,89.29900360107422,33.62559509277344
252,1989-11-03,110.96691131591797,21.66790771484375
253,1989-11-10,52.261383056640625,-58.705528259277344
254,1989-11-17,60.15559005737305,7.894207000732422
255,1989-11-24,85.28290557861328,25.127315521240234
256,1989-12-01,130.2917022705078,45.00879669189453
257,1989-12-08,100.26830291748047,-30.023399353027344
258,1989-12-15,124.26982879638672,24.00152587890625
259,1989-12-22,116.52247619628906,-7.747352600097656
260,1989-12-29,103.51773834228516,-13.004737854003906
261,1990-01-05,63.84767532348633,-39.67006301879883
262,1990-01-12,69.95484924316406,6.107173919677734
263,1990-01-19,96.36560821533203,26.41075897216797
264,1990-01-26,77.41548156738281,-18.95012664794922
265,1990-02-02,104.90470123291016,27.489219665527344
266,1990-02-09,69.69510650634766,-35.2095947265625
267,1990-02-16,48.95420455932617,-20.740901947021484
268,1990-02-23,41.51087188720703,-7.443332672119141
269,1990-03-02,84.64168548583984,43.13081359863281
270,1990-03-09,59.95597839355469,-24.685707092285156
271,1990-03-16,71.66613006591797,11.710151672363281
272,1990-03-23,35.576499938964844,-36.089630126953125
273,1990-03-30,73.18463897705078,37.60813903808594
274,1990-04-06,92.57479858398438,19.390159606933594
275,1990-04-13,79.4681625366211,-13.106636047363281
276,1990-04-20,131.3878936767578,51.91973114013672
277,1990-04-27,78.45555114746094,-52.932342529296875
278,1990-05-04,97.07157897949219,18.61602783203125
279,1990-05-11,61.70091247558594,-35.37066650390625
280,1990-05-18,70.23111724853516,8.530204772949219
281,1990-05-25,100.38084411621094,30.14972686767578
282,1990-06-01,84.83875274658203,-15.542091369628906
283,1990-06-08,100.01714324951172,15.178390502929688
284,1990-06-15,73.79483032226562,-26.222312927246094
285,1990-06-22,86.6545639038086,12.859733581542969
286,1990-06-29,97.19025421142578,10.535690307617188
287,1990-07-06,89.52886199951172,-7.6613922119140625
288,1990-07-13,75.8603286743164,-13.668533325195312
289,1990-07-20,90.64240264892578,14.782073974609375
290,1990-07-27,79.7643814086914,-10.878021240234375
291,1990-08-03,250.39234924316406,170.62796783447266
292,1990-08-10,216.12738037109375,-34.26496887207031
293,1990-08-17,236.6119842529297,20.484603881835938
294,1990-08-24,270.32611083984375,33.71412658691406
295,1990-08-31,263.6446838378906,-6.681427001953125
296,1990-09-07,211.1138153076172,-52.53086853027344
297,1990-09-14,196.90087890625,-14.212936401367188
298,1990-09-21,172.69309997558594,-24.207778930664062
299,1990-09-28,148.15382385253906,-24.539276123046875
300,1990-10-05,179.5970458984375,31.443222045898438
301,1990-10-12,146.78443908691406,-32.81260681152344
302,1990-10-19,159.44970703125,12.665267944335938
303,1990-10-26,156.06915283203125,-3.38055419921875
304,1990-11-02,124.02125549316406,-32.04789733886719
305,1990-11-09,154.90423583984375,30.882980346679688
306,1990-11-16,160.53814697265625,5.6339111328125
307,1990-11-23,138.7462921142578,-21.791854858398438
308,1990-11-30,161.98374938964844,23.237457275390625
309,1990-12-07,199.2228240966797,37.23907470703125
310,1990-12-14,135.0447235107422,-64.1781005859375
311,1990-12-21,84.72040557861328,-50.324317932128906
312,1990-12-28,107.80545806884766,23.085052490234375
313,1991-01-04,179.54296875,71.73751068115234
314,1991-01-11,376.1523742675781,196.60940551757812
315,1991-01-18,552.7388305664062,176.58645629882812
316,1991-01-25,414.0709533691406,-138.66787719726562
317,1991-02-01,319.806884765625,-94.26406860351562
318,1991-02-08,362.5074157714844,42.700531005859375
319,1991-02-15,235.7410125732422,-126.76640319824219
320,1991-02-22,324.59832763671875,88.85731506347656
321,1991-03-01,194.1576690673828,-130.44065856933594
322,1991-03-08,113.64591217041016,-80.51175689697266
323,1991-03-15,111.93907928466797,-1.7068328857421875
324,1991-03-22,125.07406616210938,13.134986877441406
325,1991-03-29,79.39576721191406,-45.67829895019531
326,1991-04-05,108.99165344238281,29.59588623046875
327,1991-04-12,107.7931900024414,-1.1984634399414062
328,1991-04-19,100.11702728271484,-7.6761627197265625
329,1991-04-26,100.94731903076172,0.830291748046875
330,1991-05-03,70.00977325439453,-30.937545776367188
331,1991-05-10,109.80887603759766,39.799102783203125
332,1991-05-17,63.09653091430664,-46.712345123291016
333,1991-05-24,65.66764068603516,2.5711097717285156
334,1991-05-31,118.82035827636719,53.15271759033203
335,1991-06-07,76.59115600585938,-42.22920227050781
336,1991-06-14,89.63418579101562,13.04302978515625
337,1991-06-21,91.17159271240234,1.5374069213867188
338,1991-06-28,135.0447235107422,43.873130798339844
339,1991-07-05,123.02521514892578,-12.019508361816406
340,1991-07-12,103.38850402832031,-19.63671112060547
341,1991-07-19,104.85267639160156,1.46417236328125
342,1991-07-26,102.61981964111328,-2.2328567504882812
343,1991-08-02,92.13209533691406,-10.487724304199219
344,1991-08-09,135.11788940429688,42.98579406738281
345,1991-08-16,61.26280975341797,-73.8550796508789
346,1991-08-23,155.1455841064453,93.88277435302734
347,1991-08-30,174.55447387695312,19.408889770507812
348,1991-09-06,129.1597442626953,-45.39472961425781
349,1991-09-13,103.8655014038086,-25.29424285888672
350,1991-09-20,133.69107055664062,29.82556915283203
351,1991-09-27,139.75485229492188,6.06378173828125
352,1991-10-04,140.9603271484375,1.205474853515625
353,1991-10-11,96.27484130859375,-44.68548583984375
354,1991-10-18,68.33744812011719,-27.937393188476562
355,1991-10-25,120.1838607788086,51.846412658691406
356,1991-11-01,64.39986419677734,-55.78399658203125
357,1991-11-08,83.47822570800781,19.07836151123047
358,1991-11-15,95.16769409179688,11.689468383789062
359,1991-11-22,124.1756362915039,29.00794219970703
360,1991-11-29,136.3526611328125,12.177024841308594
361,1991-12-06,91.00460815429688,-45.348052978515625
362,1991-12-13,104.5680923461914,13.563484191894531
363,1991-12-20,109.04024505615234,4.4721527099609375
364,1991-12-27,92.55703735351562,-16.48320770263672
365,1992-01-03,114.39083099365234,21.83379364013672
366,1992-01-10,94.428955078125,-19.961875915527344
367,1992-01-17,72.59375762939453,-21.83519744873047
368,1992-01-24,113.00870513916016,40.414947509765625
369,1992-01-31,129.6056365966797,16.59693145751953
370,1992-02-07,99.70939636230469,-29.896240234375
371,1992-02-14,96.98959350585938,-2.7198028564453125
372,1992-02-21,78.9601821899414,-18.02941131591797
373,1992-02-28,84.74867248535156,5.788490295410156
374,1992-03-06,58.17901611328125,-26.569656372070312
375,1992-03-13,106.513427734375,48.33441162109375
376,1992-03-20,129.25291442871094,22.739486694335938
377,1992-03-27,118.73003387451172,-10.522880554199219
378,1992-04-03,67.45851135253906,-51.271522521972656
379,1992-04-10,105.33384704589844,37.875335693359375
380,1992-04-17,117.05186462402344,11.718017578125
381,1992-04-24,49.04712677001953,-68.0047378540039
382,1992-05-01,52.52089309692383,3.473766326904297
383,1992-05-08,44.81489562988281,-7.705997467041016
384,1992-05-15,50.299293518066406,5.484397888183594
385,1992-05-22,80.60709381103516,30.30780029296875
386,1992-05-29,68.4117202758789,-12.19537353515625
387,1992-06-05,138.9141387939453,70.5024185180664
388,1992-06-12,70.32266998291016,-68.59146881103516
389,1992-06-19,88.53187561035156,18.209205627441406
390,1992-06-26,43.82669448852539,-44.70518112182617
391,1992-07-03,113.66654205322266,69.83984756469727
392,1992-07-10,63.559425354003906,-50.10711669921875
393,1992-07-17,57.71023941040039,-5.849185943603516
394,1992-07-24,106.3993911743164,48.689151763916016
395,1992-07-31,73.12511444091797,-33.27427673339844
396,1992-08-07,89.62979125976562,16.504676818847656
397,1992-08-14,102.09968566894531,12.469894409179688
398,1992-08-21,52.402198791503906,-49.697486877441406
399,1992-08-28,77.6383056640625,25.236106872558594
400,1992-09-04,98.39310455322266,20.754798889160156
401,1992-09-11,56.56465530395508,-41.82844924926758
402,1992-09-18,99.26673889160156,42.702083587646484
403,1992-09-25,46.96115493774414,-52.30558395385742
404,1992-10-02,74.639404296875,27.67824935913086
405,1992-10-09,67.5308837890625,-7.1085205078125
406,1992-10-16,83.07379913330078,15.542915344238281
407,1992-10-23,90.30992126464844,7.236122131347656
408,1992-10-30,50.68409729003906,-39.625823974609375
409,1992-11-06,93.00946044921875,42.32536315917969
410,1992-11-13,86.2843246459961,-6.725135803222656
411,1992-11-20,81.60861206054688,-4.675712585449219
412,1992-11-27,54.304386138916016,-27.30422592163086
413,1992-12-04,105.3466796875,51.042293548583984
414,1992-12-11,61.14402770996094,-44.20265197753906
415,1992-12-18,54.36804962158203,-6.775978088378906
416,1992-12-25,84.93763732910156,30.56958770751953
417,1993-01-01,128.3940887451172,43.456451416015625
418,1993-01-08,131.0855712890625,2.6914825439453125
419,1993-01-15,184.5908966064453,53.50532531738281
420,1993-01-22,113.76494598388672,-70.8259506225586
421,1993-01-29,112.96619415283203,-0.7987518310546875
422,1993-02-05,99.51920318603516,-13.446990966796875
423,1993-02-12,107.98065185546875,8.461448669433594
424,1993-02-19,90.80135345458984,-17.179298400878906
425,1993-02-26,92.30064392089844,1.4992904663085938
426,1993-03-05,66.98822784423828,-25.312416076660156
427,1993-03-12,127.53553009033203,60.54730224609375
428,1993-03-19,114.80866241455078,-12.72686767578125
429,1993-03-26,152.01075744628906,37.20209503173828
430,1993-04-02,102.48463439941406,-49.526123046875
431,1993-04-09,114.6917495727539,12.207115173339844
432,1993-04-16,111.4018783569336,-3.2898712158203125
433,1993-04-23,86.908935546875,-24.492942810058594
434,1993-04-30,133.0348358154297,46.12590026855469
435,1993-05-07,190.48878479003906,57.453948974609375
436,1993-05-14,123.55343627929688,-66.93534851074219
437,1993-05-21,71.37755584716797,-52.175880432128906
438,1993-05-28,65.72555541992188,-5.652000427246094
439,1993-06-04,101.8272476196289,36.10169219970703
440,1993-06-11,80.48026275634766,-21.34698486328125
441,1993-06-18,104.33283996582031,23.852577209472656
442,1993-06-25,124.61068725585938,20.277847290039062
443,1993-07-02,136.23114013671875,11.620452880859375
444,1993-07-09,101.22704315185547,-35.00409698486328
445,1993-07-16,128.20606994628906,26.979026794433594
446,1993-07-23,112.76825714111328,-15.437812805175781
447,1993-07-30,88.28804779052734,-24.480209350585938
448,1993-08-06,73.53091430664062,-14.757133483886719
449,1993-08-13,91.7326431274414,18.20172882080078
450,1993-08-20,95.06265258789062,3.3300094604492188
451,1993-08-27,152.34268188476562,57.280029296875
452,1993-09-03,105.47480010986328,-46.867881774902344
453,1993-09-10,103.92369842529297,-1.5511016845703125
454,1993-09-17,77.66468811035156,-26.259010314941406
455,1993-09-24,74.69515228271484,-2.9695358276367188
456,1993-10-01,161.27398681640625,86.5788345336914
457,1993-10-08,99.34598541259766,-61.928001403808594
458,1993-10-15,98.55047607421875,-0.7955093383789062
459,1993-10-22,122.21123504638672,23.66075897216797
460,1993-10-29,106.75267028808594,-15.458564758300781
461,1993-11-05,65.530517578125,-41.22215270996094
462,1993-11-12,60.28940200805664,-5.241115570068359
463,1993-11-19,107.98065185546875,47.69124984741211
464,1993-11-26,72.09070587158203,-35.88994598388672
465,1993-12-03,77.61664581298828,5.52593994140625
466,1993-12-10,103.416748046875,25.80010223388672
467,1993-12-17,104.53862762451172,1.1218795776367188
468,1993-12-24,96.9326400756836,-7.605987548828125
469,1993-12-31,119.3347396850586,22.402099609375
470,1994-01-07,109.05572509765625,-10.279014587402344
471,1994-01-14,92.11053466796875,-16.9451904296875
472,1994-01-21,60.16415786743164,-31.94637680053711
473,1994-01-28,94.14665985107422,33.98250198364258
474,1994-02-04,101.30176544189453,7.1551055908203125
475,1994-02-11,128.0377960205078,26.73603057861328
476,1994-02-18,112.69560241699219,-15.342193603515625
477,1994-02-25,81.75142669677734,-30.944175720214844
478,1994-03-04,130.8917236328125,49.140296936035156
479,1994-03-11,112.81190490722656,-18.079818725585938
480,1994-03-18,111.95556640625,-0.8563385009765625
481,1994-03-25,72.22645568847656,-39.72911071777344
482,1994-04-01,94.64479064941406,22.4183349609375
483,1994-04-08,98.73017883300781,4.08538818359375
484,1994-04-15,138.9141387939453,40.1839599609375
485,1994-04-22,156.92906188964844,18.014923095703125
486,1994-04-29,98.7843246459961,-58.144737243652344
487,1994-05-06,163.7899169921875,65.0055923461914
488,1994-05-13,137.18714904785156,-26.602767944335938
489,1994-05-20,86.666015625,-50.52113342285156
490,1994-05-27,145.64459228515625,58.97857666015625
491,1994-06-03,132.10638427734375,-13.5382080078125
492,1994-06-10,155.3799285888672,23.273544311523438
493,1994-06-17,120.09308624267578,-35.286842346191406
494,1994-06-24,159.51913452148438,39.426048278808594
495,1994-07-01,55.49851608276367,-104.0206184387207
496,1994-07-08,131.046630859375,75.54811477661133
497,1994-07-15,77.6107406616211,-53.435890197753906
498,1994-07-22,104.33283996582031,26.72209930419922
499,1994-07-29,143.7042694091797,39.371429443359375
500,1994-08-05,143.8721160888672,0.1678466796875
501,1994-08-12,99.30609893798828,-44.566017150878906
502,1994-08-19,85.11951446533203,-14.18658447265625
503,1994-08-26,85.85488891601562,0.7353744506835938
504,1994-09-02,124.68464660644531,38.82975769042969
505,1994-09-09,63.31869888305664,-61.36594772338867
506,1994-09-16,92.29044342041016,28.971744537353516
507,1994-09-23,101.47193145751953,9.181488037109375
508,1994-09-30,101.27178955078125,-0.20014190673828125
509,1994-10-07,59.68590545654297,-41.58588409423828
510,1994-10-14,127.28092956542969,67.59502410888672
511,1994-10-21,105.79058837890625,-21.490341186523438
512,1994-10-28,81.91314697265625,-23.87744140625
513,1994-11-04,83.0633773803711,1.1502304077148438
514,1994-11-11,134.9949188232422,51.931541442871094
515,1994-11-18,91.83355712890625,-43.16136169433594
516,1994-11-25,90.75527954101562,-1.078277587890625
517,1994-12-02,148.37930297851562,57.6240234375
518,1994-12-09,77.32418060302734,-71.05512237548828
519,1994-12-16,107.94518280029297,30.621002197265625
520,1994-12-23,61.20217514038086,-46.74300765991211
521,1994-12-30,92.57479858398438,31.372623443603516
522,1995-01-06,88.59192657470703,-3.9828720092773438
523,1995-01-13,76.55093383789062,-12.040992736816406
524,1995-01-20,68.48616027832031,-8.064773559570312
525,1995-01-27,56.32421112060547,-12.161949157714844
526,1995-02-03,47.478919982910156,-8.845291137695312
527,1995-02-10,102.74273681640625,55.263816833496094
528,1995-02-17,84.66626739501953,-18.07646942138672
529,1995-02-24,100.26830291748047,15.602035522460938
530,1995-03-03,54.009254455566406,-46.25904846191406
531,1995-03-10,71.85613250732422,17.846878051757812
532,1995-03-17,50.68409729003906,-21.172035217285156
533,1995-03-24,136.03219604492188,85.34809875488281
534,1995-03-31,93.55577850341797,-42.476417541503906
535,1995-04-07,101.7016372680664,8.145858764648438
536,1995-04-14,99.68375396728516,-2.01788330078125
537,1995-04-21,212.89923095703125,113.2154769897461
538,1995-04-28,75.36719512939453,-137.53203582763672
539,1995-05-05,88.59192657470703,13.2247314453125
540,1995-05-12,88.27909088134766,-0.312835693359375
541,1995-05-19,94.64479064941406,6.365699768066406
542,1995-05-26,74.32042694091797,-20.324363708496094
543,1995-06-02,128.56997680664062,54.249549865722656
544,1995-06-09,134.62841796875,6.058441162109375
545,1995-06-16,136.60072326660156,1.9723052978515625
546,1995-06-23,83.90865325927734,-52.69207000732422
547,1995-06-30,80.7048568725586,-3.20379638671875
548,1995-07-07,87.47308349609375,6.768226623535156
549,1995-07-14,91.06715393066406,3.5940704345703125
550,1995-07-21,109.91356658935547,18.846412658691406
551,1995-07-28,134.03453063964844,24.12096405029297
552,1995-08-04,130.50672912597656,-3.527801513671875
553,1995-08-11,122.54129028320312,-7.9654388427734375
554,1995-08-18,164.36404418945312,41.82275390625
555,1995-08-25,82.61748504638672,-81.7465591430664
556,1995-09-01,70.08773803710938,-12.529747009277344
557,1995-09-08,80.96604919433594,10.878311157226562
558,1995-09-15,49.54695129394531,-31.419097900390625
559,1995-09-22,60.66973876953125,11.122787475585938
560,1995-09-29,60.28940200805664,-0.3803367614746094
561,1995-10-06,41.56696701049805,-18.722434997558594
562,1995-10-13,63.70322799682617,22.136260986328125
563,1995-10-20,63.70322799682617,0.0
564,1995-10-27,63.216941833496094,-0.4862861633300781
565,1995-11-03,79.90113067626953,16.684188842773438
566,1995-11-10,72.8036880493164,-7.097442626953125
567,1995-11-17,81.39856719970703,8.594879150390625
568,1995-11-24,122.98155212402344,41.582984924316406
569,1995-12-01,76.23063659667969,-46.75091552734375
570,1995-12-08,74.92713165283203,-1.3035049438476562
571,1995-12-15,88.76119232177734,13.834060668945312
572,1995-12-22,32.396751403808594,-56.36444091796875
573,1995-12-29,81.42145538330078,49.02470397949219
574,1996-01-05,92.52982330322266,11.108367919921875
575,1996-01-12,90.22557830810547,-2.3042449951171875
576,1996-01-19,94.50977325439453,4.2841949462890625
577,1996-01-26,45.43988800048828,-49.06988525390625
578,1996-02-02,122.8562240600586,77.41633605957031
579,1996-02-09,87.53656005859375,-35.319664001464844
580,1996-02-16,98.51502227783203,10.978462219238281
581,1996-02-23,132.3319549560547,33.816932678222656
582,1996-03-01,85.1675033569336,-47.164451599121094
583,1996-03-08,149.43914794921875,64.27164459228516
584,1996-03-15,136.4728240966797,-12.966323852539062
585,1996-03-22,71.37345123291016,-65.09937286376953
586,1996-03-29,99.25296783447266,27.8795166015625
587,1996-04-05,73.70896911621094,-25.54399871826172
588,1996-04-12,98.0841064453125,24.375137329101562
589,1996-04-19,112.36096954345703,14.276863098144531
590,1996-04-26,129.1953125,16.83434295654297
591,1996-05-03,41.46468734741211,-87.73062515258789
592,1996-05-10,56.6623420715332,15.197654724121094
593,1996-05-17,71.14239501953125,14.480052947998047
594,1996-05-24,100.11702728271484,28.974632263183594
595,1996-05-31,115.87993621826172,15.762908935546875
596,1996-06-07,75.45712280273438,-40.422813415527344
597,1996-06-14,77.9427719116211,2.4856491088867188
598,1996-06-21,118.16531372070312,40.22254180908203
599,1996-06-28,112.0372314453125,-6.128082275390625
600,1996-07-05,86.60308074951172,-25.43415069580078
601,1996-07-12,59.507205963134766,-27.095874786376953
602,1996-07-19,101.92516326904297,42.4179573059082
603,1996-07-26,105.28024291992188,3.3550796508789062
604,1996-08-02,61.0611572265625,-44.219085693359375
605,1996-08-09,116.9141616821289,55.853004455566406
606,1996-08-16,54.92778015136719,-61.98638153076172
607,1996-08-23,76.640380859375,21.712600708007812
608,1996-08-30,120.38640594482422,43.74602508544922
609,1996-09-06,163.4359588623047,43.04955291748047
610,1996-09-13,98.94683074951172,-64.48912811279297
611,1996-09-20,81.52692413330078,-17.419906616210938
612,1996-09-27,103.41001892089844,21.883094787597656
613,1996-10-04,78.33775329589844,-25.072265625
614,1996-10-11,58.703731536865234,-19.634021759033203
615,1996-10-18,59.793643951416016,1.0899124145507812
616,1996-10-25,49.271602630615234,-10.522041320800781
617,1996-11-01,70.14849090576172,20.876888275146484
618,1996-11-08,55.76713562011719,-14.381355285644531
619,1996-11-15,78.4461669921875,22.679031372070312
620,1996-11-22,32.160850524902344,-46.285316467285156
621,1996-11-29,62.81733703613281,30.65648651123047
622,1996-12-06,91.83982849121094,29.022491455078125
623,1996-12-13,39.61672592163086,-52.22310256958008
624,1996-12-20,122.0030517578125,82.38632583618164
625,1996-12-27,61.7248649597168,-60.2781867980957
626,1997-01-03,57.4433708190918,-4.281494140625
627,1997-01-10,53.69917678833008,-3.7441940307617188
628,1997-01-17,40.549320220947266,-13.149856567382812
629,1997-01-24,52.52089309692383,11.971572875976562
630,1997-01-31,34.90253448486328,-17.618358612060547
631,1997-02-07,78.22285461425781,43.32032012939453
632,1997-02-14,38.008277893066406,-40.214576721191406
633,1997-02-21,53.632049560546875,15.623771667480469
634,1997-02-28,52.0458869934082,-1.5861625671386719
635,1997-03-07,74.93083953857422,22.884952545166016
636,1997-03-14,60.54301071166992,-14.387828826904297
637,1997-03-21,57.636253356933594,-2.906757354736328
638,1997-03-28,59.277530670166016,1.6412773132324219
639,1997-04-04,57.0585823059082,-2.2189483642578125
640,1997-04-11,60.693138122558594,3.6345558166503906
641,1997-04-18,24.3795223236084,-36.313615798950195
642,1997-04-25,84.85992431640625,60.48040199279785
643,1997-05-02,58.1152229309082,-26.744701385498047
644,1997-05-09,59.208641052246094,1.0934181213378906
645,1997-05-16,54.45316696166992,-4.755474090576172
646,1997-05-23,59.84765625,5.394489288330078
647,1997-05-30,77.41151428222656,17.563858032226562
648,1997-06-06,40.549320220947266,-36.8621940612793
649,1997-06-13,46.14522171020508,5.5959014892578125
650,1997-06-20,50.42919158935547,4.283969879150391
651,1997-06-27,28.15213394165039,-22.277057647705078
652,1997-07-04,29.217798233032227,1.065664291381836
653,1997-07-11,54.833152770996094,25.615354537963867
654,1997-07-18,63.510379791259766,8.677227020263672
655,1997-07-25,35.72377014160156,-27.786609649658203
656,1997-08-01,60.967506408691406,25.243736267089844
657,1997-08-08,55.317928314208984,-5.649578094482422
658,1997-08-15,36.73210144042969,-18.585826873779297
659,1997-08-22,43.76359939575195,7.031497955322266
660,1997-08-29,63.52869415283203,19.765094757080078
661,1997-09-05,70.48016357421875,6.951469421386719
662,1997-09-12,59.33727264404297,-11.142890930175781
663,1997-09-19,29.68250846862793,-29.65476417541504
664,1997-09-26,30.594663619995117,0.9121551513671875
665,1997-10-03,52.7281379699707,22.133474349975586
666,1997-10-10,43.35821533203125,-9.369922637939453
667,1997-10-17,58.994972229003906,15.636756896972656
668,1997-10-24,85.5644760131836,26.569503784179688
669,1997-10-31,75.94952392578125,-9.614952087402344
670,1997-11-07,39.60371398925781,-36.34580993652344
671,1997-11-14,57.71023941040039,18.106525421142578
672,1997-11-21,92.93777465820312,35.227535247802734
673,1997-11-28,29.02931785583496,-63.908456802368164
674,1997-12-05,47.76390838623047,18.734590530395508
675,1997-12-12,36.77487564086914,-10.989032745361328
676,1997-12-19,45.838111877441406,9.063236236572266
677,1997-12-26,57.93043518066406,12.092323303222656
678,1998-01-02,60.01028060913086,2.079845428466797
679,1998-01-09,38.621864318847656,-21.388416290283203
680,1998-01-16,73.87528228759766,35.25341796875
681,1998-01-23,28.942211151123047,-44.93307113647461
682,1998-01-30,41.338199615478516,12.395988464355469
683,1998-02-06,50.55324172973633,9.215042114257812
684,1998-02-13,69.06938171386719,18.51613998413086
685,1998-02-20,81.19038391113281,12.121002197265625
686,1998-02-27,92.49752807617188,11.307144165039062
687,1998-03-06,51.984500885009766,-40.51302719116211
688,1998-03-13,80.388671875,28.404170989990234
689,1998-03-20,50.359981536865234,-30.028690338134766
690,1998-03-27,49.51521301269531,-0.8447685241699219
691,1998-04-03,52.86012268066406,3.34490966796875
692,1998-04-10,54.24880599975586,1.3886833190917969
693,1998-04-17,61.235843658447266,6.987037658691406
694,1998-04-24,75.15423583984375,13.918392181396484
695,1998-05-01,74.76280975341797,-0.39142608642578125
696,1998-05-08,63.01824188232422,-11.74456787109375
697,1998-05-15,154.13580322265625,91.11756134033203
698,1998-05-22,78.93546295166016,-75.2003402709961
699,1998-05-29,156.8079376220703,77.87247467041016
700,1998-06-05,79.5235595703125,-77.28437805175781
701,1998-06-12,107.56880950927734,28.045249938964844
702,1998-06-19,98.70928955078125,-8.859519958496094
703,1998-06-26,57.45998001098633,-41.24930953979492
704,1998-07-03,70.32266998291016,12.862689971923828
705,1998-07-10,67.54348754882812,-2.7791824340820312
706,1998-07-17,33.864540100097656,-33.67894744873047
707,1998-07-24,49.48747253417969,15.622932434082031
708,1998-07-31,52.00263214111328,2.5151596069335938
709,1998-08-07,80.117919921875,28.11528778076172
710,1998-08-14,57.0585823059082,-23.059337615966797
711,1998-08-21,202.74661254882812,145.68803024291992
712,1998-08-28,85.59606170654297,-117.15055084228516
713,1998-09-04,60.80762481689453,-24.788436889648438
714,1998-09-11,67.89208221435547,7.0844573974609375
715,1998-09-18,54.07112503051758,-13.82095718383789
716,1998-09-25,85.16352844238281,31.092403411865234
717,1998-10-02,54.398258209228516,-30.765270233154297
718,1998-10-09,74.6572036743164,20.25894546508789
719,1998-10-16,31.090654373168945,-43.56654930114746
720,1998-10-23,81.20410919189453,50.113454818725586
721,1998-10-30,50.962581634521484,-30.241527557373047
722,1998-11-06,46.98677444458008,-3.9758071899414062
723,1998-11-13,94.56291961669922,47.57614517211914
724,1998-11-20,50.573551177978516,-43.9893684387207
725,1998-11-27,64.35145568847656,13.777904510498047
726,1998-12-04,39.65320587158203,-24.69824981689453
727,1998-12-11,25.81221580505371,-13.84099006652832
728,1998-12-18,208.00564575195312,182.1934299468994
729,1998-12-25,71.2380142211914,-136.76763153076172
730,1999-01-01,61.51911544799805,-9.71889877319336
731,1999-01-08,70.80767059326172,9.288555145263672
732,1999-01-15,75.97632598876953,5.1686553955078125
733,1999-01-22,68.17257690429688,-7.803749084472656
734,1999-01-29,71.36590576171875,3.193328857421875
735,1999-02-05,46.351226806640625,-25.014678955078125
736,1999-02-12,63.814788818359375,17.46356201171875
737,1999-02-19,50.04823684692383,-13.766551971435547
738,1999-02-26,78.43966674804688,28.391429901123047
739,1999-03-05,45.17137908935547,-33.268287658691406
740,1999-03-12,68.95197296142578,23.780593872070312
741,1999-03-19,83.9724349975586,15.020462036132812
742,1999-03-26,108.90633392333984,24.93389892578125
743,1999-04-02,89.62574768066406,-19.28058624267578
744,1999-04-09,110.0328369140625,20.407089233398438
745,1999-04-16,107.31250762939453,-2.7203292846679688
746,1999-04-23,78.87065887451172,-28.441848754882812
747,1999-04-30,110.61824035644531,31.747581481933594
748,1999-05-07,116.53712463378906,5.91888427734375
749,1999-05-14,85.9327163696289,-30.604408264160156
750,1999-05-21,96.5101089477539,10.577392578125
751,1999-05-28,104.46272277832031,7.952613830566406
752,1999-06-04,88.10020446777344,-16.362518310546875
753,1999-06-11,127.84352111816406,39.743316650390625
754,1999-06-18,88.02217102050781,-39.82135009765625
755,1999-06-25,80.65866088867188,-7.3635101318359375
756,1999-07-02,77.97946166992188,-2.67919921875
757,1999-07-09,81.17507934570312,3.19561767578125
758,1999-07-16,75.41747283935547,-5.757606506347656
759,1999-07-23,45.24482727050781,-30.172645568847656
760,1999-07-30,38.74348068237305,-6.501346588134766
761,1999-08-06,63.15667724609375,24.413196563720703
762,1999-08-13,84.4563980102539,21.299720764160156
763,1999-08-20,63.82011413574219,-20.63628387451172
764,1999-08-27,60.22850036621094,-3.59161376953125
765,1999-09-03,74.18603515625,13.957534790039062
766,1999-09-10,66.92056274414062,-7.265472412109375
767,1999-09-17,70.6681137084961,3.7475509643554688
768,1999-09-24,62.18130874633789,-8.486804962158203
769,1999-10-01,90.71519470214844,28.533885955810547
770,1999-10-08,72.01234436035156,-18.702850341796875
771,1999-10-15,88.75505828857422,16.742713928222656
772,1999-10-22,70.42022705078125,-18.33483123779297
773,1999-10-29,63.04194259643555,-7.378284454345703
774,1999-11-05,37.577117919921875,-25.464824676513672
775,1999-11-12,44.011085510253906,6.433967590332031
776,1999-11-19,54.82472610473633,10.813640594482422
777,1999-11-26,70.54839324951172,15.72366714477539
778,1999-12-03,50.1060676574707,-20.442325592041016
779,1999-12-10,98.10740661621094,48.001338958740234
780,1999-12-17,61.39799118041992,-36.709415435791016
781,1999-12-24,83.07379913330078,21.67580795288086
782,1999-12-31,68.72547149658203,-14.34832763671875
783,2000-01-07,41.66751480102539,-27.05795669555664
784,2000-01-14,59.25376892089844,17.586254119873047
785,2000-01-21,75.08871459960938,15.834945678710938
786,2000-01-28,48.634761810302734,-26.45395278930664
787,2000-02-04,61.499149322509766,12.864387512207031
788,2000-02-11,92.17093658447266,30.67178726196289
789,2000-02-18,48.79865646362305,-43.37228012084961
790,2000-02-25,64.51232147216797,15.713665008544922
791,2000-03-03,51.75886917114258,-12.75345230102539
792,2000-03-10,39.401824951171875,-12.357044219970703
793,2000-03-17,73.13109588623047,33.729270935058594
794,2000-03-24,54.70797348022461,-18.42312240600586
795,2000-03-31,47.135353088378906,-7.572620391845703
796,2000-04-07,44.91617202758789,-2.2191810607910156
797,2000-04-14,53.292789459228516,8.376617431640625
798,2000-04-21,32.895408630371094,-20.397380828857422
799,2000-04-28,66.14111328125,33.245704650878906
800,2000-05-05,90.94403839111328,24.80292510986328
801,2000-05-12,97.10206604003906,6.158027648925781
802,2000-05-19,104.28962707519531,7.18756103515625
803,2000-05-26,75.10903930664062,-29.180587768554688
804,2000-06-02,64.7315673828125,-10.377471923828125
805,2000-06-09,50.47216033935547,-14.259407043457031
806,2000-06-16,77.17451477050781,26.702354431152344
807,2000-06-23,36.248634338378906,-40.925880432128906
808,2000-06-30,65.16526794433594,28.91663360595703
809,2000-07-07,66.59882354736328,1.4335556030273438
810,2000-07-14,64.84175109863281,-1.7570724487304688
811,2000-07-21,22.82561683654785,-42.01613426208496
812,2000-07-28,38.8308219909668,16.005205154418945
813,2000-08-04,55.79679489135742,16.965972900390625
814,2000-08-11,38.31261444091797,-17.484180450439453
815,2000-08-18,32.449642181396484,-5.862972259521484
816,2000-08-25,50.916500091552734,18.46685791015625
817,2000-09-01,45.336238861083984,-5.58026123046875
818,2000-09-08,36.83554458618164,-8.500694274902344
819,2000-09-15,60.371681213378906,23.536136627197266
820,2000-09-22,59.46269607543945,-0.9089851379394531
821,2000-09-29,32.67327880859375,-26.789417266845703
822,2000-10-06,82.2469711303711,49.573692321777344
823,2000-10-13,195.9777069091797,113.7307357788086
824,2000-10-20,57.72939682006836,-138.24831008911133
825,2000-10-27,35.32680892944336,-22.402587890625
826,2000-11-03,75.16361236572266,39.8368034362793
827,2000-11-10,33.77519989013672,-41.38841247558594
828,2000-11-17,29.721242904663086,-4.053956985473633
829,2000-11-24,80.64862823486328,50.927385330200195
830,2000-12-01,25.286775588989258,-55.36185264587402
831,2000-12-08,49.5234375,24.236661911010742
832,2000-12-15,58.407997131347656,8.884559631347656
833,2000-12-22,38.65653610229492,-19.751461029052734
834,2000-12-29,53.1996955871582,14.543159484863281
835,2001-01-05,66.85916900634766,13.659473419189453
836,2001-01-12,55.76713562011719,-11.092033386230469
837,2001-01-19,43.58641815185547,-12.180717468261719
838,2001-01-26,36.52534103393555,-7.061077117919922
839,2001-02-02,59.15299606323242,22.627655029296875
840,2001-02-09,36.680904388427734,-22.472091674804688
841,2001-02-16,34.327125549316406,-2.353778839111328
842,2001-02-23,69.06938171386719,34.74225616455078
843,2001-03-02,85.81781768798828,16.748435974121094
844,2001-03-09,48.476600646972656,-37.341217041015625
845,2001-03-16,90.23690795898438,41.76030731201172
846,2001-03-23,62.287601470947266,-27.94930648803711
847,2001-03-30,70.13580322265625,7.848201751708984
848,2001-04-06,50.74571990966797,-19.39008331298828
849,2001-04-13,38.31571578979492,-12.430004119873047
850,2001-04-20,47.02846908569336,8.712753295898438
851,2001-04-27,60.679840087890625,13.651371002197266
852,2001-05-04,86.77909851074219,26.099258422851562
853,2001-05-11,58.65423583984375,-28.124862670898438
854,2001-05-18,64.62176513671875,5.967529296875
855,2001-05-25,49.354644775390625,-15.267120361328125
856,2001-06-01,72.93727111816406,23.582626342773438
857,2001-06-08,69.06938171386719,-3.867889404296875
858,2001-06-15,64.15184020996094,-4.91754150390625
859,2001-06-22,47.40705108642578,-16.744789123535156
860,2001-06-29,41.78013229370117,-5.626918792724609
861,2001-07-06,75.71583557128906,33.93570327758789
862,2001-07-13,61.94472122192383,-13.771114349365234
863,2001-07-20,52.287513732910156,-9.657207489013672
864,2001-07-27,63.01079559326172,10.723281860351562
865,2001-08-03,38.25872039794922,-24.7520751953125
866,2001-08-10,85.26151275634766,47.00279235839844
867,2001-08-17,57.388084411621094,-27.873428344726562
868,2001-08-24,86.666015625,29.277931213378906
869,2001-08-31,71.68766784667969,-14.978347778320312
870,2001-09-07,70.1220932006836,-1.5655746459960938
871,2001-09-14,667.8089599609375,597.6868667602539
872,2001-09-21,870.9768676757812,203.16790771484375
873,2001-09-28,776.383056640625,-94.59381103515625
874,2001-10-05,687.9739990234375,-88.4090576171875
875,2001-10-12,588.4711303710938,-99.50286865234375
876,2001-10-19,455.727294921875,-132.74383544921875
877,2001-10-26,434.07928466796875,-21.64801025390625
878,2001-11-02,385.82318115234375,-48.256103515625
879,2001-11-09,325.31622314453125,-60.5069580078125
880,2001-11-16,293.02410888671875,-32.2921142578125
881,2001-11-23,294.4504699707031,1.426361083984375
882,2001-11-30,238.0120391845703,-56.43843078613281
883,2001-12-07,252.41311645507812,14.401077270507812
884,2001-12-14,301.406005859375,48.992889404296875
885,2001-12-21,229.5839080810547,-71.82209777832031
886,2001-12-28,263.66851806640625,34.08460998535156
887,2002-01-04,187.87698364257812,-75.79153442382812
888,2002-01-11,211.81605529785156,23.939071655273438
889,2002-01-18,179.684326171875,-32.13172912597656
890,2002-01-25,138.5255584716797,-41.15876770019531
891,2002-02-01,165.48814392089844,26.96258544921875
892,2002-02-08,116.32762908935547,-49.16051483154297
893,2002-02-15,154.49920654296875,38.17157745361328
894,2002-02-22,160.4704132080078,5.9712066650390625
895,2002-03-01,130.83250427246094,-29.637908935546875
896,2002-03-08,145.2630615234375,14.430557250976562
897,2002-03-15,158.84152221679688,13.578460693359375
898,2002-03-22,160.05503845214844,1.2135162353515625
899,2002-03-29,161.50827026367188,1.4532318115234375
900,2002-04-05,201.63455200195312,40.12628173828125
901,2002-04-12,151.4982452392578,-50.13630676269531
902,2002-04-19,193.6302947998047,42.132049560546875
903,2002-04-26,126.95223236083984,-66.67806243896484
904,2002-05-03,135.76097106933594,8.808738708496094
905,2002-05-10,117.88497161865234,-17.875999450683594
906,2002-05-17,139.6682891845703,21.78331756591797
907,2002-05-24,166.7989044189453,27.130615234375
908,2002-05-31,131.7838897705078,-35.0150146484375
909,2002-06-07,209.43215942382812,77.64826965332031
910,2002-06-14,141.88446044921875,-67.54769897460938
911,2002-06-21,147.35621643066406,5.4717559814453125
912,2002-06-28,99.77613830566406,-47.580078125
913,2002-07-05,148.06695556640625,48.29081726074219
914,2002-07-12,141.09678649902344,-6.9701690673828125
915,2002-07-19,118.19190979003906,-22.904876708984375
916,2002-07-26,100.09647369384766,-18.095436096191406
917,2002-08-02,132.50270080566406,32.406227111816406
918,2002-08-09,106.64201354980469,-25.860687255859375
919,2002-08-16,119.85169982910156,13.209686279296875
920,2002-08-23,130.636474609375,10.784774780273438
921,2002-08-30,113.77809143066406,-16.858383178710938
922,2002-09-06,152.23196411132812,38.45387268066406
923,2002-09-13,301.14251708984375,148.91055297851562
924,2002-09-20,191.859130859375,-109.28338623046875
925,2002-09-27,255.0333251953125,63.1741943359375
926,2002-10-04,168.68211364746094,-86.35121154785156
927,2002-10-11,178.9066162109375,10.224502563476562
928,2002-10-18,271.0020751953125,92.095458984375
929,2002-10-25,201.68260192871094,-69.31947326660156
930,2002-11-01,169.1523895263672,-32.53021240234375
931,2002-11-08,160.74851989746094,-8.40386962890625
932,2002-11-15,194.85691833496094,34.1083984375
933,2002-11-22,147.58966064453125,-47.26725769042969
934,2002-11-29,198.87835693359375,51.2886962890625
935,2002-12-06,216.98040771484375,18.10205078125
936,2002-12-13,165.3433074951172,-51.63710021972656
937,2002-12-20,276.04730224609375,110.70399475097656
938,2002-12-27,203.78883361816406,-72.25846862792969
939,2003-01-03,171.76275634765625,-32.02607727050781
940,2003-01-10,245.26593017578125,73.503173828125
941,2003-01-17,241.23495483398438,-4.030975341796875
942,2003-01-24,247.8791961669922,6.6442413330078125
943,2003-01-31,230.36341857910156,-17.515777587890625
944,2003-02-07,257.0344543457031,26.671035766601562
945,2003-02-14,344.46112060546875,87.42666625976562
946,2003-02-21,227.27735900878906,-117.18376159667969
947,2003-02-28,240.8625030517578,13.58514404296875
948,2003-03-07,313.0617370605469,72.19923400878906
949,2003-03-14,336.5860595703125,23.524322509765625
950,2003-03-21,595.0257568359375,258.439697265625
951,2003-03-28,373.5393371582031,-221.48641967773438
952,2003-04-04,394.21319580078125,20.673858642578125
953,2003-04-11,319.0881652832031,-75.12503051757812
954,2003-04-18,234.4587860107422,-84.62937927246094
955,2003-04-25,214.83786010742188,-19.620925903320312
956,2003-05-02,154.0729217529297,-60.76493835449219
957,2003-05-09,192.15760803222656,38.084686279296875
958,2003-05-16,210.05142211914062,17.893814086914062
959,2003-05-23,189.28958129882812,-20.7618408203125
960,2003-05-30,143.50474548339844,-45.78483581542969
961,2003-06-06,172.52955627441406,29.024810791015625
962,2003-06-13,139.1835174560547,-33.346038818359375
963,2003-06-20,156.13766479492188,16.954147338867188
964,2003-06-27,150.3033447265625,-5.834320068359375
965,2003-07-04,150.40847778320312,0.105133056640625
966,2003-07-11,95.22189331054688,-55.18658447265625
967,2003-07-18,132.38502502441406,37.16313171386719
968,2003-07-25,159.49400329589844,27.108978271484375
969,2003-08-01,153.78680419921875,-5.7071990966796875
970,2003-08-08,150.86306762695312,-2.923736572265625
971,2003-08-15,218.30674743652344,67.44367980957031
972,2003-08-22,134.41436767578125,-83.89237976074219
973,2003-08-29,114.12010955810547,-20.29425811767578
974,2003-09-05,133.41104125976562,19.290931701660156
975,2003-09-12,126.27696228027344,-7.1340789794921875
976,2003-09-19,115.17205810546875,-11.104904174804688
977,2003-09-26,119.1969985961914,4.024940490722656
978,2003-10-03,133.1291961669922,13.932197570800781
979,2003-10-10,137.33697509765625,4.2077789306640625
980,2003-10-17,110.5087661743164,-26.828208923339844
981,2003-10-24,133.05711364746094,22.54834747314453
982,2003-10-31,107.62855529785156,-25.428558349609375
983,2003-11-07,86.4900131225586,-21.13854217529297
984,2003-11-14,101.61250305175781,15.122489929199219
985,2003-11-21,203.2079315185547,101.59542846679688
986,2003-11-28,143.21250915527344,-59.99542236328125
987,2003-12-05,112.19035339355469,-31.02215576171875
988,2003-12-12,133.43092346191406,21.240570068359375
989,2003-12-19,156.91110229492188,23.480178833007812
990,2003-12-26,151.0141143798828,-5.8969879150390625
991,2004-01-02,165.03895568847656,14.02484130859375
992,2004-01-09,144.02468872070312,-21.014266967773438
993,2004-01-16,95.97431182861328,-48.050376892089844
994,2004-01-23,105.160888671875,9.186576843261719
995,2004-01-30,91.77677154541016,-13.384117126464844
996,2004-02-06,140.21450805664062,48.43773651123047
997,2004-02-13,121.84808349609375,-18.366424560546875
998,2004-02-20,77.57096862792969,-44.27711486816406
999,2004-02-27,126.19306182861328,48.622093200683594
1000,2004-03-05,106.57826232910156,-19.61479949951172
1001,2004-03-12,179.51255798339844,72.93429565429688
1002,2004-03-19,207.21534729003906,27.702789306640625
1003,2004-03-26,164.9051055908203,-42.31024169921875
1004,2004-04-02,167.09413146972656,2.18902587890625
1005,2004-04-09,252.65345764160156,85.559326171875
1006,2004-04-16,180.40274047851562,-72.25071716308594
1007,2004-04-23,128.64340209960938,-51.75933837890625
1008,2004-04-30,150.3084716796875,21.665069580078125
1009,2004-05-07,137.27757263183594,-13.030899047851562
1010,2004-05-14,114.82037353515625,-22.457199096679688
1011,2004-05-21,124.60116577148438,9.780792236328125
1012,2004-05-28,161.73477172851562,37.13360595703125
1013,2004-06-04,156.36245727539062,-5.372314453125
1014,2004-06-11,163.15196228027344,6.7895050048828125
1015,2004-06-18,190.44378662109375,27.291824340820312
1016,2004-06-25,164.05096435546875,-26.392822265625
1017,2004-07-02,92.81591033935547,-71.23505401611328
1018,2004-07-09,162.52561950683594,69.70970916748047
1019,2004-07-16,134.65721130371094,-27.868408203125
1020,2004-07-23,281.19744873046875,146.5402374267578
1021,2004-07-30,162.1108856201172,-119.08656311035156
1022,2004-08-06,210.9915771484375,48.88069152832031
1023,2004-08-13,136.4728240966797,-74.51875305175781
1024,2004-08-20,105.11578369140625,-31.357040405273438
1025,2004-08-27,143.50474548339844,38.38896179199219
1026,2004-09-03,192.66342163085938,49.15867614746094
1027,2004-09-10,187.8413848876953,-4.8220367431640625
1028,2004-09-17,144.2807159423828,-43.5606689453125
1029,2004-09-24,161.9351348876953,17.6544189453125
1030,2004-10-01,165.21534729003906,3.28021240234375
1031,2004-10-08,166.023681640625,0.8083343505859375
1032,2004-10-15,122.68769073486328,-43.33599090576172
1033,2004-10-22,97.33899688720703,-25.34869384765625
1034,2004-10-29,113.72371673583984,16.384719848632812
1035,2004-11-05,137.90139770507812,24.17768096923828
1036,2004-11-12,123.01311492919922,-14.888282775878906
1037,2004-11-19,82.81419372558594,-40.19892120361328
1038,2004-11-26,86.2481460571289,3.4339523315429688
1039,2004-12-03,89.9709701538086,3.7228240966796875
1040,2004-12-10,100.29400634765625,10.323036193847656
1041,2004-12-17,96.9827651977539,-3.3112411499023438
1042,2004-12-24,112.9284439086914,15.9456787109375
1043,2004-12-31,121.05729675292969,8.128852844238281
1044,2005-01-07,108.05206298828125,-13.005233764648438
1045,2005-01-14,89.14027404785156,-18.911788940429688
1046,2005-01-21,115.34833526611328,26.20806121826172
1047,2005-01-28,103.69776916503906,-11.650566101074219
1048,2005-02-04,106.85701751708984,3.1592483520507812
1049,2005-02-11,124.78851318359375,17.931495666503906
1050,2005-02-18,107.5131607055664,-17.275352478027344
1051,2005-02-25,113.62369537353516,6.11053466796875
1052,2005-03-04,74.18325805664062,-39.44043731689453
1053,2005-03-11,98.31198120117188,24.12872314453125
1054,2005-03-18,75.2223129272461,-23.08966827392578
1055,2005-03-25,93.22422790527344,18.001914978027344
1056,2005-04-01,115.72289276123047,22.49866485595703
1057,2005-04-08,67.43140411376953,-48.29148864746094
1058,2005-04-15,100.5549545288086,33.12355041503906
1059,2005-04-22,89.52886199951172,-11.026092529296875
1060,2005-04-29,82.66657257080078,-6.8622894287109375
1061,2005-05-06,99.69034576416016,17.023773193359375
1062,2005-05-13,97.42845916748047,-2.2618865966796875
1063,2005-05-20,115.29310607910156,17.864646911621094
1064,2005-05-27,146.49441528320312,31.201309204101562
1065,2005-06-03,46.532997131347656,-99.96141815185547
1066,2005-06-10,78.93778228759766,32.40478515625
1067,2005-06-17,101.1691665649414,22.23138427734375
1068,2005-06-24,71.3019027709961,-29.867263793945312
1069,2005-07-01,128.17330932617188,56.87140655517578
1070,2005-07-08,469.2022399902344,341.0289306640625
1071,2005-07-15,154.66148376464844,-314.54075622558594
1072,2005-07-22,190.58609008789062,35.92460632324219
1073,2005-07-29,169.94912719726562,-20.636962890625
1074,2005-08-05,122.5712890625,-47.377838134765625
1075,2005-08-12,149.43914794921875,26.86785888671875
1076,2005-08-19,130.34095764160156,-19.098190307617188
1077,2005-08-26,109.43303680419922,-20.907920837402344
1078,2005-09-02,139.80690002441406,30.373863220214844
1079,2005-09-09,101.751220703125,-38.05567932128906
1080,2005-09-16,93.93436431884766,-7.816856384277344
1081,2005-09-23,117.3084716796875,23.374107360839844
1082,2005-09-30,100.20732116699219,-17.101150512695312
1083,2005-10-07,140.38592529296875,40.17860412597656
1084,2005-10-14,61.07455825805664,-79.31136703491211
1085,2005-10-21,91.94279479980469,30.868236541748047
1086,2005-10-28,78.5367431640625,-13.406051635742188
1087,2005-11-04,99.14375305175781,20.607009887695312
1088,2005-11-11,146.6267547607422,47.483001708984375
1089,2005-11-18,74.43972778320312,-72.18702697753906
1090,2005-11-25,86.16505432128906,11.725326538085938
1091,2005-12-02,67.12692260742188,-19.038131713867188
1092,2005-12-09,110.23967742919922,43.112754821777344
1093,2005-12-16,81.59033203125,-28.64934539794922
1094,2005-12-23,84.35529327392578,2.7649612426757812
1095,2005-12-30,80.43762969970703,-3.91766357421875
1096,2006-01-06,91.83982849121094,11.402198791503906
1097,2006-01-13,121.58932495117188,29.749496459960938
1098,2006-01-20,153.4888153076172,31.899490356445312
1099,2006-01-27,127.51543426513672,-25.97338104248047
1100,2006-02-03,131.323486328125,3.8080520629882812
1101,2006-02-10,88.14557647705078,-43.17790985107422
1102,2006-02-17,106.57826232910156,18.43268585205078
1103,2006-02-24,102.42276000976562,-4.1555023193359375
1104,2006-03-03,126.45487213134766,24.03211212158203
1105,2006-03-10,130.72265625,4.267784118652344
1106,2006-03-17,125.4760513305664,-5.246604919433594
1107,2006-03-24,92.17579650878906,-33.300254821777344
1108,2006-03-31,84.0042495727539,-8.171546936035156
1109,2006-04-07,96.71730041503906,12.713050842285156
1110,2006-04-14,60.967506408691406,-35.749794006347656
1111,2006-04-21,71.94977569580078,10.982269287109375
1112,2006-04-28,89.52886199951172,17.579086303710938
1113,2006-05-05,91.85629272460938,2.3274307250976562
1114,2006-05-12,92.17579650878906,0.3195037841796875
1115,2006-05-19,79.36054229736328,-12.815254211425781
1116,2006-05-26,95.8901138305664,16.529571533203125
1117,2006-06-02,98.02202606201172,2.1319122314453125
1118,2006-06-09,113.72371673583984,15.701690673828125
1119,2006-06-16,96.5101089477539,-17.213607788085938
1120,2006-06-23,131.73426818847656,35.224159240722656
1121,2006-06-30,133.7183380126953,1.98406982421875
1122,2006-07-07,151.5165557861328,17.7982177734375
1123,2006-07-14,171.87850952148438,20.361953735351562
1124,2006-07-21,142.3739776611328,-29.504531860351562
1125,2006-07-28,180.03085327148438,37.65687561035156
1126,2006-08-04,132.37356567382812,-47.65728759765625
1127,2006-08-11,252.6795654296875,120.30599975585938
1128,2006-08-18,154.88150024414062,-97.79806518554688
1129,2006-08-25,150.9830322265625,-3.898468017578125
1130,2006-09-01,159.05218505859375,8.06915283203125
1131,2006-09-08,149.08045959472656,-9.971725463867188
1132,2006-09-15,97.16864776611328,-51.91181182861328
1133,2006-09-22,105.72024536132812,8.551597595214844
1134,2006-09-29,114.73369598388672,9.013450622558594
1135,2006-10-06,110.71815490722656,-4.015541076660156
1136,2006-10-13,122.35610961914062,11.637954711914062
1137,2006-10-20,97.68196105957031,-24.674148559570312
1138,2006-10-27,91.03688049316406,-6.64508056640625
1139,2006-11-03,113.83393859863281,22.79705810546875
1140,2006-11-10,114.90293884277344,1.069000244140625
1141,2006-11-17,56.625091552734375,-58.27784729003906
1142,2006-11-24,78.20037078857422,21.575279235839844
1143,2006-12-01,96.56777954101562,18.367408752441406
1144,2006-12-08,104.24164581298828,7.673866271972656
1145,2006-12-15,80.49229431152344,-23.749351501464844
1146,2006-12-22,81.20697021484375,0.7146759033203125
1147,2006-12-29,92.7673568725586,11.560386657714844
1148,2007-01-05,88.20446014404297,-4.562896728515625
1149,2007-01-12,160.66244506835938,72.4579849243164
1150,2007-01-19,66.13111114501953,-94.53133392333984
1151,2007-01-26,79.57235717773438,13.441246032714844
1152,2007-02-02,139.13375854492188,59.5614013671875
1153,2007-02-09,95.58355712890625,-43.550201416015625
1154,2007-02-16,96.89411926269531,1.3105621337890625
1155,2007-02-23,126.83918762207031,29.945068359375
1156,2007-03-02,127.29258728027344,0.453399658203125
1157,2007-03-09,91.2796401977539,-36.01294708251953
1158,2007-03-16,122.02630615234375,30.746665954589844
1159,2007-03-23,76.48912811279297,-45.53717803955078
1160,2007-03-30,93.8072280883789,17.318099975585938
1161,2007-04-06,106.96833038330078,13.161102294921875
1162,2007-04-13,80.64862823486328,-26.3197021484375
1163,2007-04-20,99.75846099853516,19.109832763671875
1164,2007-04-27,87.09098052978516,-12.66748046875
1165,2007-05-04,87.9999008178711,0.9089202880859375
1166,2007-05-11,100.76251220703125,12.762611389160156
1167,2007-05-18,124.64977264404297,23.88726043701172
1168,2007-05-25,125.06632995605469,0.41655731201171875
1169,2007-06-01,111.09221649169922,-13.974113464355469
1170,2007-06-08,119.37181091308594,8.279594421386719
1171,2007-06-15,93.22422790527344,-26.1475830078125
1172,2007-06-22,69.57904815673828,-23.645179748535156
1173,2007-06-29,114.12556457519531,44.54651641845703
1174,2007-07-06,121.85631561279297,7.730751037597656
1175,2007-07-13,150.7110595703125,28.85474395751953
1176,2007-07-20,89.44252014160156,-61.26853942871094
1177,2007-07-27,108.05206298828125,18.609542846679688
1178,2007-08-03,122.33914184570312,14.287078857421875
1179,2007-08-10,102.6895980834961,-19.64954376220703
1180,2007-08-17,82.18202209472656,-20.50757598876953
1181,2007-08-24,77.18004608154297,-5.001976013183594
1182,2007-08-31,77.52183532714844,0.34178924560546875
1183,2007-09-07,109.4059066772461,31.884071350097656
1184,2007-09-14,85.01280212402344,-24.393104553222656
1185,2007-09-21,87.08795166015625,2.0751495361328125
1186,2007-09-28,118.71964263916016,31.631690979003906
1187,2007-10-05,125.00255584716797,6.2829132080078125
1188,2007-10-12,77.9427719116211,-47.059783935546875
1189,2007-10-19,111.0031509399414,33.06037902832031
1190,2007-10-26,173.0022430419922,61.99909210205078
1191,2007-11-02,106.57826232910156,-66.42398071289062
1192,2007-11-09,121.15792083740234,14.579658508300781
1193,2007-11-16,127.40645599365234,6.24853515625
1194,2007-11-23,118.895751953125,-8.510704040527344
1195,2007-11-30,77.38253784179688,-41.513214111328125
1196,2007-12-07,104.26968383789062,26.88714599609375
1197,2007-12-14,70.9025650024414,-33.36711883544922
1198,2007-12-21,64.5305404663086,-6.3720245361328125
1199,2007-12-28,186.45591735839844,121.92537689208984
1200,2008-01-04,87.34965515136719,-99.10626220703125
1201,2008-01-11,56.54877471923828,-30.800880432128906
1202,2008-01-18,47.153987884521484,-9.394786834716797
1203,2008-01-25,92.98435974121094,45.83037185668945
1204,2008-02-01,99.69034576416016,6.705986022949219
1205,2008-02-08,77.52183532714844,-22.16851043701172
1206,2008-02-15,114.53026580810547,37.00843048095703
1207,2008-02-22,81.02235412597656,-33.507911682128906
1208,2008-02-29,81.01388549804688,-0.0084686279296875
1209,2008-03-07,91.68714141845703,10.673255920410156
1210,2008-03-14,89.45330810546875,-2.2338333129882812
1211,2008-03-21,84.93763732910156,-4.5156707763671875
1212,2008-03-28,84.05951690673828,-0.8781204223632812
1213,2008-04-04,65.65449523925781,-18.40502166748047
1214,2008-04-11,83.40997314453125,17.755477905273438
1215,2008-04-18,78.15495300292969,-5.2550201416015625
1216,2008-04-25,66.31450653076172,-11.840446472167969
1217,2008-05-02,57.530879974365234,-8.783626556396484
1218,2008-05-09,87.25484466552734,29.72396469116211
1219,2008-05-16,77.32418060302734,-9.9306640625
1220,2008-05-23,88.37577056884766,11.051589965820312
1221,2008-05-30,79.82090759277344,-8.554862976074219
1222,2008-06-06,114.22647094726562,34.40556335449219
1223,2008-06-13,74.93083953857422,-39.295631408691406
1224,2008-06-20,130.369384765625,55.43854522705078
1225,2008-06-27,87.83323669433594,-42.53614807128906
1226,2008-07-04,66.84553527832031,-20.987701416015625
1227,2008-07-11,99.7955322265625,32.94999694824219
1228,2008-07-18,89.79852294921875,-9.99700927734375
1229,2008-07-25,68.13312530517578,-21.66539764404297
1230,2008-08-01,94.64479064941406,26.51166534423828
1231,2008-08-08,68.13312530517578,-26.51166534423828
1232,2008-08-15,86.3313980102539,18.198272705078125
1233,2008-08-22,107.0601806640625,20.728782653808594
1234,2008-08-29,97.42845916748047,-9.631721496582031
1235,2008-09-05,88.75779724121094,-8.670661926269531
1236,2008-09-12,105.55510711669922,16.79730987548828
1237,2008-09-19,74.37543487548828,-31.179672241210938
1238,2008-09-26,72.13780212402344,-2.2376327514648438
1239,2008-10-03,86.23381042480469,14.09600830078125
1240,2008-10-10,95.0976333618164,8.863822937011719
1241,2008-10-17,61.4576530456543,-33.63998031616211
1242,2008-10-24,68.1088638305664,6.651210784912109
1243,2008-10-31,45.9228401184082,-22.186023712158203
1244,2008-11-07,99.34598541259766,53.42314529418945
1245,2008-11-14,85.0934829711914,-14.25250244140625
1246,2008-11-21,93.92914581298828,8.835662841796875
1247,2008-11-28,171.03880310058594,77.10965728759766
1248,2008-12-05,65.75039672851562,-105.28840637207031
1249,2008-12-12,119.6205062866211,53.87010955810547
1250,2008-12-19,56.807159423828125,-62.81334686279297
1251,2008-12-26,80.65382385253906,23.846664428710938
1252,2009-01-02,77.9427719116211,-2.7110519409179688
1253,2009-01-09,105.79058837890625,27.847816467285156
1254,2009-01-16,137.04872131347656,31.258132934570312
1255,2009-01-23,65.75039672851562,-71.29832458496094
1256,2009-01-30,78.49686431884766,12.746467590332031
1257,2009-02-06,75.73464965820312,-2.7622146606445312
1258,2009-02-13,57.33290481567383,-18.401744842529297
1259,2009-02-20,70.98359680175781,13.650691986083984
1260,2009-02-27,52.77755355834961,-18.206043243408203
1261,2009-03-06,68.73905181884766,15.961498260498047
1262,2009-03-13,56.5398063659668,-12.19924545288086
1263,2009-03-20,38.81915283203125,-17.720653533935547
1264,2009-03-27,88.03083801269531,49.21168518066406
1265,2009-04-03,86.38591766357422,-1.6449203491210938
1266,2009-04-10,84.83875274658203,-1.5471649169921875
1267,2009-04-17,75.28562927246094,-9.553123474121094
1268,2009-04-24,44.0417366027832,-31.243892669677734
1269,2009-05-01,54.94014358520508,10.898406982421875
1270,2009-05-08,76.57191467285156,21.631771087646484
1271,2009-05-15,49.38865661621094,-27.183258056640625
1272,2009-05-22,78.14262390136719,28.75396728515625
1273,2009-05-29,109.24425506591797,31.10163116455078
1274,2009-06-05,108.33967590332031,-0.9045791625976562
1275,2009-06-12,82.27760314941406,-26.06207275390625
1276,2009-06-19,87.33700561523438,5.0594024658203125
1277,2009-06-26,62.11064529418945,-25.226360321044922
1278,2009-07-03,128.64340209960938,66.53275680541992
1279,2009-07-10,75.67652130126953,-52.966880798339844
1280,2009-07-17,102.60165405273438,26.925132751464844
1281,2009-07-24,139.66500854492188,37.0633544921875
1282,2009-07-31,62.293861389160156,-77.37114715576172
1283,2009-08-07,116.16471099853516,53.870849609375
1284,2009-08-14,60.02387619018555,-56.14083480834961
1285,2009-08-21,55.026039123535156,-4.997837066650391
1286,2009-08-28,75.44893646240234,20.422897338867188
1287,2009-09-04,89.62574768066406,14.176811218261719
1288,2009-09-11,79.11636352539062,-10.509384155273438
1289,2009-09-18,173.58433532714844,94.46797180175781
1290,2009-09-25,136.7091522216797,-36.87518310546875
1291,2009-10-02,106.42787170410156,-30.281280517578125
1292,2009-10-09,71.34761047363281,-35.08026123046875
1293,2009-10-16,105.3839111328125,34.03630065917969
1294,2009-10-23,94.92536163330078,-10.458549499511719
1295,2009-10-30,79.11636352539062,-15.808998107910156
1296,2009-11-06,82.23851776123047,3.1221542358398438
1297,2009-11-13,90.13789367675781,7.899375915527344
1298,2009-11-20,80.53811645507812,-9.599777221679688
1299,2009-11-27,75.2001724243164,-5.337944030761719
1300,2009-12-04,91.11188507080078,15.911712646484375
1301,2009-12-11,75.6594467163086,-15.452438354492188
1302,2009-12-18,70.63836669921875,-5.021080017089844
1303,2009-12-25,81.29000091552734,10.651634216308594
1304,2010-01-01,200.2101287841797,118.92012786865234
1305,2010-01-08,110.29637908935547,-89.91374969482422
1306,2010-01-15,80.62333679199219,-29.67304229736328
1307,2010-01-22,50.3940315246582,-30.229305267333984
1308,2010-01-29,63.51999282836914,13.125961303710938
1309,2010-02-05,92.10714721679688,28.587154388427734
1310,2010-02-12,77.26105499267578,-14.846092224121094
1311,2010-02-19,119.76934051513672,42.50828552246094
1312,2010-02-26,80.64303588867188,-39.126304626464844
1313,2010-03-05,86.04071807861328,5.397682189941406
1314,2010-03-12,85.50605010986328,-0.53466796875
1315,2010-03-19,81.09864044189453,-4.40740966796875
1316,2010-03-26,59.15299606323242,-21.94564437866211
1317,2010-04-02,121.52615356445312,62.3731575012207
1318,2010-04-09,164.31387329101562,42.7877197265625
1319,2010-04-16,67.53778839111328,-96.77608489990234
1320,2010-04-23,84.60388946533203,17.06610107421875
1321,2010-04-30,42.7428092956543,-41.861080169677734
1322,2010-05-07,76.70611572265625,33.96330642700195
1323,2010-05-14,100.9544448852539,24.248329162597656
1324,2010-05-21,132.2446746826172,31.29022979736328
1325,2010-05-28,90.22557830810547,-42.01909637451172
1326,2010-06-04,97.81204223632812,7.586463928222656
1327,2010-06-11,100.93696594238281,3.1249237060546875
1328,2010-06-18,119.01441192626953,18.07744598388672
1329,2010-06-25,59.793643951416016,-59.220767974853516
1330,2010-07-02,64.02725219726562,4.233608245849609
1331,2010-07-09,66.58427429199219,2.5570220947265625
1332,2010-07-16,45.871360778808594,-20.712913513183594
1333,2010-07-23,73.75513458251953,27.883773803710938
1334,2010-07-30,74.9758071899414,1.220672607421875
1335,2010-08-06,64.68528747558594,-10.290519714355469
1336,2010-08-13,54.12692642211914,-10.558361053466797
1337,2010-08-20,57.42262649536133,3.2957000732421875
1338,2010-08-27,95.1482162475586,37.725589752197266
1339,2010-09-03,81.19038391113281,-13.957832336425781
1340,2010-09-10,86.666015625,5.4756317138671875
1341,2010-09-17,89.34310913085938,2.677093505859375
1342,2010-09-24,91.22930908203125,1.886199951171875
1343,2010-10-01,80.87020111083984,-10.359107971191406
1344,2010-10-08,67.21151733398438,-13.658683776855469
1345,2010-10-15,71.87647247314453,4.664955139160156
1346,2010-10-22,65.01024627685547,-6.8662261962890625
1347,2010-10-29,78.20037078857422,13.19012451171875
1348,2010-11-05,54.94014358520508,-23.26022720336914
1349,2010-11-12,75.50946807861328,20.569324493408203
1350,2010-11-19,103.71417236328125,28.20470428466797
1351,2010-11-26,56.32421112060547,-47.38996124267578
1352,2010-12-03,86.44165802001953,30.117446899414062
1353,2010-12-10,61.2244987487793,-25.217159271240234
1354,2010-12-17,107.16203308105469,45.93753433227539
1355,2010-12-24,126.52168273925781,19.359649658203125
1356,2010-12-31,45.37763977050781,-81.14404296875
1357,2011-01-07,74.59210968017578,29.21446990966797
1358,2011-01-14,66.92056274414062,-7.671546936035156
1359,2011-01-21,88.97392272949219,22.053359985351562
1360,2011-01-28,69.63356018066406,-19.340362548828125
1361,2011-02-04,94.64479064941406,25.01123046875
1362,2011-02-11,97.6264877319336,2.9816970825195312
1363,2011-02-18,66.4507064819336,-31.17578125
1364,2011-02-25,137.7366943359375,71.2859878540039
1365,2011-03-04,119.61127471923828,-18.12541961669922
1366,2011-03-11,136.77268981933594,17.161415100097656
1367,2011-03-18,147.7964324951172,11.02374267578125
1368,2011-03-25,130.91949462890625,-16.876937866210938
1369,2011-04-01,125.87757110595703,-5.041923522949219
1370,2011-04-08,84.77043914794922,-41.10713195800781
1371,2011-04-15,86.82132720947266,2.0508880615234375
1372,2011-04-22,81.57286834716797,-5.2484588623046875
1373,2011-04-29,68.87517547607422,-12.69769287109375
1374,2011-05-06,104.74522399902344,35.87004852294922
1375,2011-05-13,114.1140365600586,9.368812561035156
1376,2011-05-20,81.48226928710938,-32.63176727294922
1377,2011-05-27,94.45203399658203,12.969764709472656
1378,2011-06-03,66.98822784423828,-27.46380615234375
1379,2011-06-10,90.61734771728516,23.629119873046875
1380,2011-06-17,77.9061050415039,-12.71124267578125
1381,2011-06-24,115.043212890625,37.137107849121094
1382,2011-07-01,88.8176040649414,-26.225608825683594
1383,2011-07-08,65.35699462890625,-23.460609436035156
1384,2011-07-15,91.54486083984375,26.1878662109375
1385,2011-07-22,62.43583297729492,-29.109027862548828
1386,2011-07-29,95.42375946044922,32.9879264831543
1387,2011-08-05,51.97543716430664,-43.44832229614258
1388,2011-08-12,69.30058288574219,17.325145721435547
1389,2011-08-19,119.64898681640625,50.34840393066406
1390,2011-08-26,93.75191497802734,-25.897071838378906
1391,2011-09-02,105.27227783203125,11.520362854003906
1392,2011-09-09,90.50731658935547,-14.764961242675781
1393,2011-09-16,72.69947814941406,-17.807838439941406
1394,2011-09-23,93.08572387695312,20.386245727539062
1395,2011-09-30,68.4011001586914,-24.68462371826172
1396,2011-10-07,74.47611236572266,6.07501220703125
1397,2011-10-14,73.91124725341797,-0.5648651123046875
1398,2011-10-21,110.52729034423828,36.61604309082031
1399,2011-10-28,51.45736312866211,-59.06992721557617
1400,2011-11-04,111.48065185546875,60.02328872680664
1401,2011-11-11,66.76000213623047,-44.72064971923828
1402,2011-11-18,109.06854248046875,42.30854034423828
1403,2011-11-25,83.16069793701172,-25.90784454345703
1404,2011-12-02,104.30795288085938,21.147254943847656
1405,2011-12-09,71.6583023071289,-32.64965057373047
1406,2011-12-16,118.86456298828125,47.206260681152344
1407,2011-12-23,75.76393127441406,-43.10063171386719
1408,2011-12-30,125.90361785888672,50.139686584472656
1409,2012-01-06,100.59858703613281,-25.305030822753906
1410,2012-01-13,98.1017074584961,-2.4968795776367188
1411,2012-01-20,70.93292236328125,-27.168785095214844
1412,2012-01-27,58.41665267944336,-12.51626968383789
1413,2012-02-03,102.98137664794922,44.56472396850586
1414,2012-02-10,68.33390808105469,-34.64746856689453
1415,2012-02-17,49.788089752197266,-18.545818328857422
1416,2012-02-24,152.73109436035156,102.9430046081543
1417,2012-03-02,99.75540924072266,-52.975685119628906
1418,2012-03-09,132.3766326904297,32.62122344970703
1419,2012-03-16,72.73102569580078,-59.645606994628906
1420,2012-03-23,93.311767578125,20.58074188232422
1421,2012-03-30,103.07345581054688,9.761688232421875
1422,2012-04-06,88.2839584350586,-14.789497375488281
1423,2012-04-13,112.74003601074219,24.456077575683594
1424,2012-04-20,100.38084411621094,-12.35919189453125
1425,2012-04-27,84.50428009033203,-15.876564025878906
1426,2012-05-04,62.24031066894531,-22.26396942138672
1427,2012-05-11,110.3074951171875,48.06718444824219
1428,2012-05-18,147.14547729492188,36.837982177734375
1429,2012-05-25,81.91314697265625,-65.23233032226562
1430,2012-06-01,67.89513397216797,-14.018013000488281
1431,2012-06-08,92.90912628173828,25.013992309570312
1432,2012-06-15,55.382530212402344,-37.52659606933594
1433,2012-06-22,72.01234436035156,16.62981414794922
1434,2012-06-29,80.06205749511719,8.049713134765625
1435,2012-07-06,62.64903259277344,-17.41302490234375
1436,2012-07-13,107.78419494628906,45.135162353515625
1437,2012-07-20,166.3677978515625,58.58360290527344
1438,2012-07-27,67.26025390625,-99.1075439453125
1439,2012-08-03,74.2411117553711,6.980857849121094
1440,2012-08-10,85.19978332519531,10.958671569824219
1441,2012-08-17,104.33283996582031,19.133056640625
1442,2012-08-24,69.69965362548828,-34.63318634033203
1443,2012-08-31,69.28677368164062,-0.41287994384765625
1444,2012-09-07,69.73827362060547,0.45149993896484375
1445,2012-09-14,76.23063659667969,6.492362976074219
1446,2012-09-21,67.89513397216797,-8.335502624511719
1447,2012-09-28,89.97920227050781,22.084068298339844
1448,2012-10-05,87.9742202758789,-2.0049819946289062
1449,2012-10-12,81.25166320800781,-6.722557067871094
1450,2012-10-19,103.82190704345703,22.57024383544922
1451,2012-10-26,67.88048553466797,-35.94142150878906
1452,2012-11-02,55.20946502685547,-12.6710205078125
1453,2012-11-09,72.01234436035156,16.802879333496094
1454,2012-11-16,98.02496337890625,26.012619018554688
1455,2012-11-23,122.54585266113281,24.520889282226562
1456,2012-11-30,68.23002624511719,-54.315826416015625
1457,2012-12-07,107.20284271240234,38.972816467285156
1458,2012-12-14,104.71763610839844,-2.4852066040039062
1459,2012-12-21,77.03646087646484,-27.681175231933594
1460,2012-12-28,103.94142150878906,26.90496063232422
1461,2013-01-04,80.4021224975586,-23.53929901123047
1462,2013-01-11,94.95783996582031,14.555717468261719
1463,2013-01-18,146.60467529296875,51.64683532714844
1464,2013-01-25,124.61068725585938,-21.993988037109375
1465,2013-02-01,134.15383911132812,9.54315185546875
1466,2013-02-08,91.72178649902344,-42.43205261230469
1467,2013-02-15,73.30233764648438,-18.419448852539062
1468,2013-02-22,81.15421295166016,7.851875305175781
1469,2013-03-01,56.746341705322266,-24.40787124633789
1470,2013-03-08,92.39599609375,35.649654388427734
1471,2013-03-15,86.62572479248047,-5.770271301269531
1472,2013-03-22,109.61961364746094,22.99388885498047
1473,2013-03-29,125.15999603271484,15.540382385253906
1474,2013-04-05,99.51920318603516,-25.640792846679688
1475,2013-04-12,97.20853424072266,-2.3106689453125
1476,2013-04-19,91.2050552368164,-6.00347900390625
1477,2013-04-26,98.46273040771484,7.2576751708984375
1478,2013-05-03,82.29981994628906,-16.16291046142578
1479,2013-05-10,61.07770919799805,-21.222110748291016
1480,2013-05-17,105.79786682128906,44.720157623291016
1481,2013-05-24,104.98847961425781,-0.80938720703125
1482,2013-05-31,67.14663696289062,-37.84184265136719
1483,2013-06-07,156.52792358398438,89.38128662109375
1484,2013-06-14,79.86274719238281,-76.66517639160156
1485,2013-06-21,73.69450378417969,-6.168243408203125
1486,2013-06-28,39.43532943725586,-34.25917434692383
1487,2013-07-05,67.95011138916016,28.514781951904297
1488,2013-07-12,75.10594940185547,7.1558380126953125
1489,2013-07-19,83.66990661621094,8.563957214355469
1490,2013-07-26,87.67440795898438,4.0045013427734375
1491,2013-08-02,43.63861846923828,-44.035789489746094
1492,2013-08-09,81.24469757080078,37.6060791015625
1493,2013-08-16,48.60426712036133,-32.64043045043945
1494,2013-08-23,98.12107849121094,49.51681137084961
1495,2013-08-30,122.40435028076172,24.28327178955078
1496,2013-09-06,126.0838851928711,3.679534912109375
1497,2013-09-13,95.27296447753906,-30.81092071533203
1498,2013-09-20,90.80135345458984,-4.471611022949219
1499,2013-09-27,131.36656188964844,40.565208435058594
1500,2013-10-04,102.0298080444336,-29.336753845214844
1501,2013-10-11,66.39112091064453,-35.63868713378906
1502,2013-10-18,72.72377014160156,6.332649230957031
1503,2013-10-25,50.8508186340332,-21.87295150756836
1504,2013-11-01,64.67051696777344,13.819698333740234
1505,2013-11-08,120.52340698242188,55.85289001464844
1506,2013-11-15,92.94522094726562,-27.57818603515625
1507,2013-11-22,76.55093383789062,-16.394287109375
1508,2013-11-29,76.10494232177734,-0.44599151611328125
1509,2013-12-06,49.9202880859375,-26.184654235839844
1510,2013-12-13,45.2227668762207,-4.697521209716797
1511,2013-12-20,106.17205047607422,60.949283599853516
1512,2013-12-27,115.08920288085938,8.917152404785156
1513,2014-01-03,117.95494079589844,2.8657379150390625
1514,2014-01-10,96.66303253173828,-21.291908264160156
1515,2014-01-17,64.95230865478516,-31.710723876953125
1516,2014-01-24,106.38368225097656,41.431373596191406
1517,2014-01-31,75.71583557128906,-30.6678466796875
1518,2014-02-07,60.6419677734375,-15.073867797851562
1519,2014-02-14,61.67979049682617,1.0378227233886719
1520,2014-02-21,116.56026458740234,54.88047409057617
1521,2014-02-28,70.87701416015625,-45.683250427246094
1522,2014-03-07,165.26113891601562,94.38412475585938
1523,2014-03-14,103.85346984863281,-61.40766906738281
1524,2014-03-21,117.64946746826172,13.795997619628906
1525,2014-03-28,112.1636962890625,-5.485771179199219
1526,2014-04-04,59.551780700683594,-52.611915588378906
1527,2014-04-11,52.940582275390625,-6.611198425292969
1528,2014-04-18,95.13902282714844,42.19844055175781
1529,2014-04-25,125.74397277832031,30.604949951171875
1530,2014-05-02,92.11811828613281,-33.6258544921875
1531,2014-05-09,119.73136138916016,27.613243103027344
1532,2014-05-16,79.4108657836914,-40.32049560546875
1533,2014-05-23,110.1740951538086,30.763229370117188
1534,2014-05-30,64.87747955322266,-45.29661560058594
1535,2014-06-06,52.97283172607422,-11.904647827148438
1536,2014-06-13,99.44561767578125,46.47278594970703
1537,2014-06-20,143.6958465576172,44.25022888183594
1538,2014-06-27,136.6387939453125,-7.0570526123046875
1539,2014-07-04,92.0157699584961,-44.623023986816406
1540,2014-07-11,116.42811584472656,24.41234588623047
1541,2014-07-18,207.27992248535156,90.851806640625
1542,2014-07-25,180.27578735351562,-27.004135131835938
1543,2014-08-01,151.29515075683594,-28.980636596679688
1544,2014-08-08,212.3964385986328,61.101287841796875
1545,2014-08-15,131.8223419189453,-80.5740966796875
1546,2014-08-22,109.5760269165039,-22.246315002441406
1547,2014-08-29,157.33633422851562,47.76030731201172
1548,2014-09-05,117.66925048828125,-39.667083740234375
1549,2014-09-12,168.17050170898438,50.501251220703125
1550,2014-09-19,132.80625915527344,-35.36424255371094
1551,2014-09-26,151.3148193359375,18.508560180664062
1552,2014-10-03,103.98194122314453,-47.33287811279297
1553,2014-10-10,121.7016830444336,17.719741821289062
1554,2014-10-17,86.50884246826172,-35.192840576171875
1555,2014-10-24,91.68357849121094,5.174736022949219
1556,2014-10-31,89.83234405517578,-1.8512344360351562
1557,2014-11-07,90.21154022216797,0.3791961669921875
1558,2014-11-14,77.44579315185547,-12.7657470703125
1559,2014-11-21,110.541748046875,33.09595489501953
1560,2014-11-28,90.86843872070312,-19.673309326171875
1561,2014-12-05,62.501277923583984,-28.36716079711914
1562,2014-12-12,77.55175018310547,15.050472259521484
1563,2014-12-19,110.96691131591797,33.4151611328125
1564,2014-12-26,114.01953887939453,3.0526275634765625
1565,2015-01-02,106.85701751708984,-7.1625213623046875
1566,2015-01-09,64.71438598632812,-42.14263153076172
1567,2015-01-16,156.10951232910156,91.39512634277344
1568,2015-01-23,109.11988067626953,-46.98963165283203
1569,2015-01-30,126.52168273925781,17.40180206298828
1570,2015-02-06,166.44029235839844,39.918609619140625
1571,2015-02-13,139.6398468017578,-26.800445556640625
1572,2015-02-20,136.84970092773438,-2.7901458740234375
1573,2015-02-27,105.93698120117188,-30.9127197265625
1574,2015-03-06,86.04071807861328,-19.896263122558594
1575,2015-03-13,67.84777069091797,-18.192947387695312
1576,2015-03-20,94.76250457763672,26.91473388671875
1577,2015-03-27,199.252197265625,104.48969268798828
1578,2015-04-03,150.14471435546875,-49.10748291015625
1579,2015-04-10,142.1363983154297,-8.008316040039062
1580,2015-04-17,99.0600357055664,-43.07636260986328
1581,2015-04-24,156.40452575683594,57.34449005126953
1582,2015-05-01,76.23860931396484,-80.1659164428711
1583,2015-05-08,71.75237274169922,-4.486236572265625
1584,2015-05-15,95.23632049560547,23.48394775390625
1585,2015-05-22,84.28925323486328,-10.947067260742188
1586,2015-05-29,55.4736213684082,-28.815631866455078
1587,2015-06-05,62.501277923583984,7.027656555175781
1588,2015-06-12,41.64371109008789,-20.857566833496094
1589,2015-06-19,44.27490234375,2.6311912536621094
1590,2015-06-26,81.48998260498047,37.21508026123047
1591,2015-07-03,86.95490264892578,5.4649200439453125
1592,2015-07-10,107.38996887207031,20.43506622314453
1593,2015-07-17,146.96043395996094,39.570465087890625
1594,2015-07-24,113.35782623291016,-33.60260772705078
1595,2015-07-31,72.27420043945312,-41.08362579345703
1596,2015-08-07,90.13789367675781,17.863693237304688
1597,2015-08-14,78.32218170166016,-11.815711975097656
1598,2015-08-21,86.26477813720703,7.942596435546875
1599,2015-08-28,52.88569641113281,-33.37908172607422
1600,2015-09-04,98.02912902832031,45.1434326171875
1601,2015-09-11,118.87203979492188,20.842910766601562
1602,2015-09-18,83.91305541992188,-34.958984375
1603,2015-09-25,81.83991241455078,-2.0731430053710938
1604,2015-10-02,180.3509063720703,98.51099395751953
1605,2015-10-09,88.3863754272461,-91.96453094482422
1606,2015-10-16,90.19367218017578,1.8072967529296875
1607,2015-10-23,79.13984680175781,-11.053825378417969
1608,2015-10-30,91.50739288330078,12.367546081542969
1609,2015-11-06,89.18451690673828,-2.3228759765625
1610,2015-11-13,61.5718879699707,-27.612628936767578
1611,2015-11-20,212.1929473876953,150.6210594177246
1612,2015-11-27,237.591064453125,25.398117065429688
1613,2015-12-04,156.33291625976562,-81.25814819335938
1614,2015-12-11,150.00306701660156,-6.3298492431640625
1615,2015-12-18,134.47500610351562,-15.528060913085938
1616,2015-12-25,160.93446350097656,26.459457397460938
1617,2016-01-01,208.83578491210938,47.90132141113281
1618,2016-01-08,181.01463317871094,-27.821151733398438
1619,2016-01-15,112.73136138916016,-68.28327178955078
1620,2016-01-22,110.86237335205078,-1.868988037109375
1621,2016-01-29,83.25235748291016,-27.610015869140625
1622,2016-02-05,109.37723541259766,26.1248779296875
1623,2016-02-12,106.14369201660156,-3.2335433959960938
1624,2016-02-19,161.5886688232422,55.444976806640625
1625,2016-02-26,88.87377166748047,-72.71489715576172
1626,2016-03-04,72.01234436035156,-16.861427307128906
1627,2016-03-11,58.51002502441406,-13.5023193359375
1628,2016-03-18,104.46994018554688,45.95991516113281
1629,2016-03-25,186.76197814941406,82.29203796386719
1630,2016-04-01,156.7049102783203,-30.05706787109375
1631,2016-04-08,46.477352142333984,-110.22755813598633
1632,2016-04-15,86.41481018066406,39.93745803833008
1633,2016-04-22,76.72159576416016,-9.693214416503906
1634,2016-04-29,77.53734588623047,0.8157501220703125
1635,2016-05-06,79.36795043945312,1.8306045532226562
1636,2016-05-13,88.21751403808594,8.849563598632812
1637,2016-05-20,115.90248107910156,27.684967041015625
1638,2016-05-27,81.85124206542969,-34.051239013671875
1639,2016-06-03,144.19883728027344,62.34759521484375
1640,2016-06-10,62.16614532470703,-82.0326919555664
1641,2016-06-17,99.28677368164062,37.120628356933594
1642,2016-06-24,67.60342407226562,-31.683349609375
1643,2016-07-01,112.06250762939453,44.459083557128906
1644,2016-07-08,131.0286407470703,18.96613311767578
1645,2016-07-15,91.61395263671875,-39.41468811035156
1646,2016-07-22,150.14471435546875,58.53076171875
1647,2016-07-29,107.76387023925781,-42.38084411621094
1648,2016-08-05,93.311767578125,-14.452102661132812
1649,2016-08-12,112.60853576660156,19.296768188476562
1650,2016-08-19,78.40396881103516,-34.204566955566406
1651,2016-08-26,80.30467224121094,1.9007034301757812
1652,2016-09-02,77.37384033203125,-2.9308319091796875
1653,2016-09-09,116.9141616821289,39.540321350097656
1654,2016-09-16,51.03395462036133,-65.88020706176758
1655,2016-09-23,100.2487564086914,49.21480178833008
1656,2016-09-30,120.28876495361328,20.040008544921875
1657,2016-10-07,25.318988800048828,-94.96977615356445
1658,2016-10-14,93.18052673339844,67.86153793334961
1659,2016-10-21,78.98127746582031,-14.199249267578125
1660,2016-10-28,82.20970916748047,3.2284317016601562
1661,2016-11-04,48.217872619628906,-33.99183654785156
1662,2016-11-11,94.90303039550781,46.685157775878906
1663,2016-11-18,92.14374542236328,-2.7592849731445312
1664,2016-11-25,76.48912811279297,-15.654617309570312
1665,2016-12-02,64.86146545410156,-11.627662658691406
1666,2016-12-09,71.08514404296875,6.2236785888671875
1667,2016-12-16,107.91650390625,36.83135986328125
1668,2016-12-23,182.83653259277344,74.92002868652344
1669,2016-12-30,206.6664276123047,23.82989501953125
1670,2017-01-06,129.0610809326172,-77.6053466796875
1671,2017-01-13,127.04450225830078,-2.0165786743164062
1672,2017-01-20,104.65530395507812,-22.389198303222656
1673,2017-01-27,119.15711212158203,14.501808166503906
1674,2017-02-03,184.0315399169922,64.87442779541016
1675,2017-02-10,212.408935546875,28.377395629882812
1676,2017-02-17,88.52149963378906,-123.88743591308594
1677,2017-02-24,90.82076263427734,2.2992630004882812
1678,2017-03-03,64.7708740234375,-26.049888610839844
1679,2017-03-10,71.80421447753906,7.0333404541015625
1680,2017-03-17,97.03926849365234,25.23505401611328
1681,2017-03-24,177.37338256835938,80.33411407470703
1682,2017-03-31,118.13721466064453,-59.236167907714844
1683,2017-04-07,143.82296752929688,25.685752868652344
1684,2017-04-14,123.9395980834961,-19.88336944580078
1685,2017-04-21,130.75924682617188,6.819648742675781
1686,2017-04-28,126.36498260498047,-4.394264221191406
1687,2017-05-05,76.30575561523438,-50.059226989746094
1688,2017-05-12,78.98820495605469,2.6824493408203125
1689,2017-05-19,75.71583557128906,-3.272369384765625
1690,2017-05-26,218.0687255859375,142.35289001464844
1691,2017-06-02,88.57132720947266,-129.49739837646484
1692,2017-06-09,121.29351043701172,32.72218322753906
1693,2017-06-16,105.61810302734375,-15.675407409667969
1694,2017-06-23,107.30852508544922,1.6904220581054688
1695,2017-06-30,102.60165405273438,-4.706871032714844
1696,2017-07-07,115.72289276123047,13.121238708496094
1697,2017-07-14,93.1047134399414,-22.618179321289062
1698,2017-07-21,80.10476684570312,-12.999946594238281
1699,2017-07-28,113.88499450683594,33.78022766113281
1700,2017-08-04,95.55484008789062,-18.330154418945312
1701,2017-08-11,145.5007781982422,49.94593811035156
1702,2017-08-18,138.9141387939453,-6.586639404296875
1703,2017-08-25,86.63638305664062,-52.27775573730469
1704,2017-09-01,133.69107055664062,47.0546875
1705,2017-09-08,132.6992950439453,-0.9917755126953125
1706,2017-09-15,120.09308624267578,-12.606208801269531
1707,2017-09-22,107.4874496459961,-12.605636596679688
1708,2017-09-29,72.12433624267578,-35.36311340332031
1709,2017-10-06,151.4772186279297,79.3528823852539
1710,2017-10-13,68.34180450439453,-83.13541412353516
1711,2017-10-20,72.2603759765625,3.9185714721679688
1712,2017-10-27,94.87067413330078,22.61029815673828
1713,2017-11-03,88.22819519042969,-6.642478942871094
1714,2017-11-10,107.6008071899414,19.37261199951172
1715,2017-11-17,49.271602630615234,-58.32920455932617
1716,2017-11-24,74.12738800048828,24.855785369873047
1717,2017-12-01,110.03947448730469,35.912086486816406
1718,2017-12-08,89.091064453125,-20.948410034179688
1719,2017-12-15,90.98188018798828,1.8908157348632812
1720,2017-12-22,69.98382568359375,-20.99805450439453
1721,2017-12-29,121.5621109008789,51.578285217285156
1722,2018-01-05,66.51741790771484,-55.04469299316406
1723,2018-01-12,167.51290893554688,100.99549102783203
1724,2018-01-19,102.11367797851562,-65.39923095703125
1725,2018-01-26,65.83985137939453,-36.273826599121094
1726,2018-02-02,30.99478530883789,-34.84506607055664
1727,2018-02-09,72.09941864013672,41.10463333129883
1728,2018-02-16,53.116973876953125,-18.982444763183594
1729,2018-02-23,74.92713165283203,21.810157775878906
1730,2018-03-02,151.3148193359375,76.38768768310547
1731,2018-03-09,101.20653533935547,-50.10828399658203
1732,2018-03-16,173.33203125,72.12549591064453
1733,2018-03-23,84.1159896850586,-89.2160415649414
1734,2018-03-30,48.476600646972656,-35.63938903808594
1735,2018-04-06,100.5026626586914,52.02606201171875
1736,2018-04-13,117.60595703125,17.103294372558594
1737,2018-04-20,71.06819915771484,-46.537757873535156
1738,2018-04-27,91.80326080322266,20.735061645507812
1739,2018-05-04,139.01663208007812,47.21337127685547
1740,2018-05-11,163.6328582763672,24.616226196289062
1741,2018-05-18,92.46244812011719,-71.17041015625
1742,2018-05-25,140.5561981201172,48.09375
1743,2018-06-01,186.23287963867188,45.67668151855469
1744,2018-06-08,116.16471099853516,-70.06816864013672
1745,2018-06-15,69.98382568359375,-46.180885314941406
1746,2018-06-22,57.31085968017578,-12.672966003417969
1747,2018-06-29,141.04144287109375,83.73058319091797
1748,2018-07-06,128.33192443847656,-12.709518432617188
1749,2018-07-13,125.4760513305664,-2.8558731079101562
1750,2018-07-20,54.0997200012207,-71.3763313293457
1751,2018-07-27,119.3347396850586,65.23501968383789
1752,2018-08-03,147.8824920654297,28.547752380371094
1753,2018-08-10,121.93501281738281,-25.947479248046875
1754,2018-08-17,107.13349151611328,-14.801521301269531
1755,2018-08-24,44.46399688720703,-62.66949462890625
1756,2018-08-31,62.03310012817383,17.569103240966797
1757,2018-09-07,87.86651611328125,25.833415985107422
1758,2018-09-14,118.30599212646484,30.439476013183594
1759,2018-09-21,113.79048919677734,-4.5155029296875
1760,2018-09-28,81.45658111572266,-32.33390808105469
1761,2018-10-05,78.21883392333984,-3.2377471923828125
1762,2018-10-12,87.06867980957031,8.849845886230469
1763,2018-10-19,106.1982192993164,19.129539489746094
1764,2018-10-26,159.10116577148438,52.90294647216797
1765,2018-11-02,103.39347076416016,-55.70769500732422
1766,2018-11-09,114.37254333496094,10.979072570800781
1767,2018-11-16,44.5455322265625,-69.82701110839844
1768,2018-11-23,135.29591369628906,90.75038146972656
1769,2018-11-30,142.18678283691406,6.890869140625
1770,2018-12-07,196.083984375,53.89720153808594
1771,2018-12-14,120.08057403564453,-76.00341033935547
1772,2018-12-21,210.32177734375,90.24120330810547
1773,2018-12-28,102.00775909423828,-108.31401824951172
1774,2019-01-04,99.0169677734375,-2.9907913208007812
1775,2019-01-11,101.2398452758789,2.2228775024414062
1776,2019-01-18,112.82587432861328,11.586029052734375
1777,2019-01-25,91.13523864746094,-21.690635681152344
1778,2019-02-01,113.57374572753906,22.438507080078125
1779,2019-02-08,62.35421371459961,-51.21953201293945
1780,2019-02-15,145.10621643066406,82.75200271606445
1781,2019-02-22,69.43730163574219,-75.66891479492188
1782,2019-03-01,184.49745178222656,115.06015014648438
1783,2019-03-08,55.01298904418945,-129.4844627380371
1784,2019-03-15,61.11748123168945,6.1044921875
1785,2019-03-22,122.84458923339844,61.727108001708984
1786,2019-03-29,77.67399597167969,-45.17059326171875
1787,2019-04-05,71.19298553466797,-6.481010437011719
1788,2019-04-12,103.63340759277344,32.44042205810547
1789,2019-04-19,51.31344223022461,-52.31996536254883
1790,2019-04-26,129.5658721923828,78.2524299621582
1791,2019-05-03,70.14849090576172,-59.417381286621094
1792,2019-05-10,135.96359252929688,65.81510162353516
1793,2019-05-17,141.05126953125,5.087677001953125
1794,2019-05-24,148.69381713867188,7.642547607421875
1795,2019-05-31,104.56336975097656,-44.13044738769531
1796,2019-06-07,69.92227935791016,-34.641090393066406
1797,2019-06-14,192.6398468017578,122.71756744384766
1798,2019-06-21,125.99950408935547,-66.64034271240234
1799,2019-06-28,153.90248107910156,27.902976989746094
1800,2019-07-05,98.34883880615234,-55.55364227294922
1801,2019-07-12,107.3701400756836,9.02130126953125
1802,2019-07-19,48.779441833496094,-58.5906982421875
1803,2019-07-26,137.65362548828125,88.87418365478516
1804,2019-08-02,110.98809051513672,-26.66553497314453
1805,2019-08-09,105.86102294921875,-5.127067565917969
1806,2019-08-16,104.6073989868164,-1.2536239624023438
1807,2019-08-23,96.78153228759766,-7.82586669921875
1808,2019-08-30,45.77669143676758,-51.00484085083008
1809,2019-09-06,81.73868560791016,35.96199417114258
1810,2019-09-13,70.56848907470703,-11.170196533203125
1811,2019-09-20,126.9625244140625,56.39403533935547
1812,2019-09-27,88.05559539794922,-38.90692901611328
1813,2019-10-04,111.27488708496094,23.21929168701172
1814,2019-10-11,204.3184814453125,93.04359436035156
1815,2019-10-18,106.58197021484375,-97.73651123046875
1816,2019-10-25,140.87469482421875,34.292724609375
1817,2019-11-01,100.65813446044922,-40.21656036376953
1818,2019-11-08,98.94168853759766,-1.7164459228515625
1819,2019-11-15,75.07235717773438,-23.86933135986328
1820,2019-11-22,64.28498840332031,-10.787368774414062
1821,2019-11-29,108.37702941894531,44.092041015625
1822,2019-12-06,88.65753173828125,-19.719497680664062
1823,2019-12-13,99.6260986328125,10.96856689453125
1824,2019-12-20,49.50848388671875,-50.11761474609375
1825,2019-12-27,111.91106414794922,62.40258026123047
1826,2020-01-03,80.7943344116211,-31.116729736328125
1827,2020-01-10,167.3013916015625,86.5070571899414
1828,2020-01-17,129.82249450683594,-37.47889709472656
1829,2020-01-24,51.961849212646484,-77.86064529418945
1830,2020-01-31,73.97793579101562,22.01608657836914
1831,2020-02-07,78.96466064453125,4.986724853515625
1832,2020-02-14,89.18451690673828,10.219856262207031
1833,2020-02-21,103.92369842529297,14.739181518554688
1834,2020-02-28,55.13877487182617,-48.7849235534668
1835,2020-03-06,51.327030181884766,-3.8117446899414062
1836,2020-03-13,68.06645965576172,16.739429473876953
1837,2020-03-20,57.803192138671875,-10.263267517089844
1838,2020-03-27,52.12910461425781,-5.6740875244140625
1839,2020-04-03,84.5761947631836,32.44709014892578
1840,2020-04-10,85.4856185913086,0.909423828125
1841,2020-04-17,73.5105209350586,-11.97509765625
1842,2020-04-24,45.83427047729492,-27.676250457763672
1843,2020-05-01,60.41156768798828,14.57729721069336
1844,2020-05-08,70.48016357421875,10.068595886230469
1845,2020-05-15,45.81698226928711,-24.66318130493164
1846,2020-05-22,135.6533660888672,89.83638381958008
1847,2020-05-29,137.45094299316406,1.797576904296875
1848,2020-06-05,109.97901153564453,-27.47193145751953
1849,2020-06-12,73.61261749267578,-36.36639404296875
1850,2020-06-19,53.8231086730957,-19.789508819580078
1851,2020-06-26,44.344947814941406,-9.478160858154297
1852,2020-07-03,43.972137451171875,-0.37281036376953125
1853,2020-07-10,97.42845916748047,53.456321716308594
1854,2020-07-17,38.3201904296875,-59.10826873779297
1855,2020-07-24,92.75189971923828,54.43170928955078
1856,2020-07-31,38.618019104003906,-54.133880615234375
1857,2020-08-07,43.81703186035156,5.199012756347656
1858,2020-08-14,44.28566360473633,0.4686317443847656
1859,2020-08-21,166.30258178710938,122.01691818237305
1860,2020-08-28,64.11421203613281,-102.18836975097656
1861,2020-09-04,94.90303039550781,30.788818359375
1862,2020-09-11,145.94757080078125,51.04454040527344
1863,2020-09-18,86.33578491210938,-59.611785888671875
1864,2020-09-25,55.35139083862305,-30.984394073486328
1865,2020-10-02,101.92516326904297,46.57377243041992
1866,2020-10-09,81.5680160522461,-20.357147216796875
1867,2020-10-16,123.50452423095703,41.93650817871094
1868,2020-10-23,65.72555541992188,-57.778968811035156
1869,2020-10-30,80.3587875366211,14.633232116699219
1870,2020-11-06,62.92530059814453,-17.433486938476562
1871,2020-11-13,69.1920166015625,6.266716003417969
1872,2020-11-20,94.15567016601562,24.963653564453125
1873,2020-11-27,70.37321472167969,-23.782455444335938
1874,2020-12-04,38.66810607910156,-31.705108642578125
1875,2020-12-11,42.853397369384766,4.185291290283203
1876,2020-12-18,79.99098205566406,37.1375846862793
1877,2020-12-25,48.241275787353516,-31.749706268310547
1878,2021-01-01,65.27227020263672,17.030994415283203
1879,2021-01-08,77.7395248413086,12.467254638671875
1880,2021-01-15,57.96993637084961,-19.769588470458984
1881,2021-01-22,93.7134780883789,35.7435417175293
1882,2021-01-29,63.216941833496094,-30.496536254882812
1883,2021-02-05,106.44497680664062,43.22803497314453
1884,2021-02-12,73.32506561279297,-33.119911193847656
1885,2021-02-19,85.1559829711914,11.830917358398438
1886,2021-02-26,121.14055633544922,35.98457336425781
1887,2021-03-05,88.98228454589844,-32.15827178955078
1888,2021-03-12,49.37989044189453,-39.602394104003906
1889,2021-03-19,42.853397369384766,-6.526493072509766
1890,2021-03-26,69.7814712524414,26.92807388305664
1891,2021-04-02,65.70381927490234,-4.0776519775390625
1892,2021-04-09,48.00822830200195,-17.69559097290039
1893,2021-04-16,95.03267669677734,47.02444839477539
1894,2021-04-23,146.73118591308594,51.698509216308594
1895,2021-04-30,36.4018440246582,-110.32934188842773
1896,2021-05-07,55.92646408081055,19.524620056152344
1897,2021-05-14,115.36304473876953,59.436580657958984
1898,2021-05-21,165.85250854492188,50.489463806152344
1899,2021-05-28,140.02928161621094,-25.823226928710938
1900,2021-06-04,79.60777282714844,-60.4215087890625
1901,2021-06-11,131.48475646972656,51.876983642578125
1902,2021-06-18,84.50428009033203,-46.98047637939453
1903,2021-06-25,54.78801345825195,-29.716266632080078
1904,2021-07-02,78.9751205444336,24.18710708618164
1905,2021-07-09,32.35719299316406,-46.61792755126953
1906,2021-07-16,70.38033294677734,38.02313995361328
1907,2021-07-23,91.7940444946289,21.413711547851562
1908,2021-07-30,80.90396118164062,-10.890083312988281
1909,2021-08-06,63.62165832519531,-17.282302856445312
1910,2021-08-13,95.29304504394531,31.67138671875
1911,2021-08-20,68.60346984863281,-26.6895751953125
1912,2021-08-27,103.81266021728516,35.209190368652344
1913,2021-09-03,98.69049072265625,-5.122169494628906
1914,2021-09-10,65.9410400390625,-32.74945068359375
1915,2021-09-17,151.90768432617188,85.96664428710938
1916,2021-09-24,92.75189971923828,-59.155784606933594
1917,2021-10-01,68.03733825683594,-24.714561462402344
1918,2021-10-08,94.39959716796875,26.362258911132812
1919,2021-10-15,107.1450424194336,12.745445251464844
1920,2021-10-22,86.04071807861328,-21.104324340820312
1921,2021-10-29,55.781578063964844,-30.259140014648438
1922,2021-11-05,76.9422836303711,21.16070556640625
1923,2021-11-12,101.21734619140625,24.275062561035156
1924,2021-11-19,108.7573471069336,7.540000915527344
1925,2021-11-26,58.97747039794922,-49.779876708984375
1926,2021-12-03,106.17205047607422,47.194580078125
1927,2021-12-10,164.97715759277344,58.80510711669922
1928,2021-12-17,95.44012451171875,-69.53703308105469
1929,2021-12-24,135.7197723388672,40.27964782714844
1930,2021-12-31,76.59115600585938,-59.12861633300781
1931,2022-01-07,118.95960998535156,42.36845397949219
1932,2022-01-14,133.57127380371094,14.611663818359375
1933,2022-01-21,185.75144958496094,52.18017578125
1934,2022-01-28,182.23171997070312,-3.5197296142578125
1935,2022-02-04,92.57479858398438,-89.65692138671875
1936,2022-02-11,179.2779541015625,86.70315551757812
1937,2022-02-18,226.35154724121094,47.07359313964844
1938,2022-02-25,515.8916625976562,289.5401153564453
1939,2022-03-04,350.0732116699219,-165.81845092773438
1940,2022-03-11,410.3309631347656,60.25775146484375
1941,2022-03-18,285.3160400390625,-125.01492309570312
1942,2022-03-25,350.7424621582031,65.42642211914062
1943,2022-04-01,188.15780639648438,-162.58465576171875
1944,2022-04-08,219.47674560546875,31.318939208984375
1945,2022-04-15,168.43563842773438,-51.041107177734375
1946,2022-04-22,246.79725646972656,78.36161804199219
1947,2022-04-29,148.93714904785156,-97.860107421875
1948,2022-05-06,174.06805419921875,25.130905151367188
1949,2022-05-13,162.08282470703125,-11.9852294921875
1950,2022-05-20,140.9603271484375,-21.12249755859375
1951,2022-05-27,155.51962280273438,14.559295654296875
1952,2022-06-03,142.78309631347656,-12.736526489257812
1953,2022-06-10,94.34528350830078,-48.43781280517578
1954,2022-06-17,114.04771423339844,19.702430725097656
1955,2022-06-24,149.3589324951172,35.31121826171875
1956,2022-07-01,119.07923889160156,-30.279693603515625
1957,2022-07-08,110.41893005371094,-8.660308837890625
1958,2022-07-15,192.0329132080078,81.61398315429688
1959,2022-07-22,125.4760513305664,-66.5568618774414
1960,2022-07-29,68.24624633789062,-57.22980499267578
1961,2022-08-05,163.9325408935547,95.68629455566406
1962,2022-08-12,182.54019165039062,18.607650756835938
1963,2022-08-19,117.67557525634766,-64.86461639404297
1964,2022-08-26,108.25385284423828,-9.421722412109375
1965,2022-09-02,84.12870788574219,-24.125144958496094
1966,2022-09-09,94.32772064208984,10.199012756347656
1967,2022-09-16,127.40645599365234,33.0787353515625
1968,2022-09-23,187.7991180419922,60.392662048339844
1969,2022-09-30,162.7410430908203,-25.058074951171875
1970,2022-10-07,144.24093627929688,-18.500106811523438
1971,2022-10-14,147.22523498535156,2.9842987060546875
1972,2022-10-21,174.34567260742188,27.120437622070312
1973,2022-10-28,203.68539428710938,29.3397216796875
1974,2022-11-04,115.8915786743164,-87.79381561279297
1975,2022-11-11,111.09221649169922,-4.7993621826171875
1976,2022-11-18,77.71419525146484,-33.378021240234375
1977,2022-11-25,80.51380157470703,2.7996063232421875
1978,2022-12-02,109.09654235839844,28.582740783691406
1979,2022-12-09,117.3084716796875,8.211929321289062
1980,2022-12-16,98.7958755493164,-18.512596130371094
1981,2022-12-23,114.92581939697266,16.12994384765625
1982,2022-12-30,150.22982788085938,35.30400848388672
1983,2023-01-06,88.7294921875,-61.500335693359375
1984,2023-01-13,103.69776916503906,14.968276977539062
1985,2023-01-20,152.3668212890625,48.66905212402344
1986,2023-01-27,120.77069091796875,-31.59613037109375
1987,2023-02-03,116.32762908935547,-4.443061828613281
1988,2023-02-10,147.8824920654297,31.55486297607422
1989,2023-02-17,106.09647369384766,-41.78601837158203
1990,2023-02-24,110.97380065917969,4.877326965332031
1991,2023-03-03,154.6261444091797,43.65234375
1992,2023-03-10,113.44409942626953,-41.182044982910156
1993,2023-03-17,85.22901153564453,-28.215087890625
1994,2023-03-24,72.6195297241211,-12.609481811523438
1995,2023-03-31,90.4455337524414,17.826004028320312
1996,2023-04-07,169.00856018066406,78.56302642822266
1997,2023-04-14,119.80353546142578,-49.20502471923828
1998,2023-04-21,140.05340576171875,20.24987030029297
1999,2023-04-28,117.88497161865234,-22.168434143066406
2000,2023-05-05,69.73827362060547,-48.146697998046875
2001,2023-05-12,146.2168426513672,76.47856903076172
2002,2023-05-19,160.85305786132812,14.636215209960938
2003,2023-05-26,61.34384536743164,-99.50921249389648
2004,2023-06-02,129.57322692871094,68.2293815612793
2005,2023-06-09,96.3266830444336,-33.246543884277344
2006,2023-06-16,111.43194580078125,15.105262756347656
2007,2023-06-23,46.4107551574707,-65.02119064331055
2008,2023-06-30,102.67338562011719,56.262630462646484
2009,2023-07-07,120.56138610839844,17.88800048828125
2010,2023-07-14,151.36514282226562,30.803756713867188
2011,2023-07-21,112.39069366455078,-38.974449157714844
2012,2023-07-28,130.33053588867188,17.939842224121094
2013,2023-08-04,119.37181091308594,-10.958724975585938
2014,2023-08-11,142.3582763671875,22.986465454101562
2015,2023-08-18,77.42227935791016,-64.93599700927734
2016,2023-08-25,40.256900787353516,-37.16537857055664
2017,2023-09-01,73.48699951171875,33.230098724365234
2018,2023-09-08,80.14276123046875,6.65576171875
2019,2023-09-15,106.68494415283203,26.54218292236328
2020,2023-09-22,131.62521362304688,24.940269470214844
2021,2023-09-29,86.41481018066406,-45.21040344238281
2022,2023-10-06,161.30764770507812,74.89283752441406
2023,2023-10-13,287.3145446777344,126.00689697265625
2024,2023-10-20,298.6288146972656,11.31427001953125
2025,2023-10-27,251.86463928222656,-46.76417541503906
2026,2023-11-03,174.9210662841797,-76.94357299804688
2027,2023-11-10,180.9846649169922,6.0635986328125
2028,2023-11-17,149.48410034179688,-31.500564575195312
2029,2023-11-24,152.79371643066406,3.3096160888671875
2030,2023-12-01,94.81410217285156,-57.9796142578125
2031,2023-12-08,153.5236358642578,58.70953369140625
2032,2023-12-15,169.25527954101562,15.731643676757812
2033,2023-12-22,89.36782836914062,-79.887451171875
2034,2023-12-29,221.28489685058594,131.9170684814453
2035,2024-01-05,167.4893798828125,-53.79551696777344
2036,2024-01-12,210.59278869628906,43.10340881347656
2037,2024-01-19,207.4058380126953,-3.18695068359375
2038,2024-01-26,141.32115173339844,-66.08468627929688
2039,2024-02-02,171.52455139160156,30.203399658203125
2040,2024-02-09,194.5299835205078,23.00543212890625
2041,2024-02-16,160.93446350097656,-33.59552001953125
2042,2024-02-23,167.06863403320312,6.1341705322265625
2043,2024-03-01,155.183349609375,-11.885284423828125
2044,2024-03-08,183.7222442626953,28.538894653320312
2045,2024-03-15,138.02365112304688,-45.69859313964844
2046,2024-03-22,125.00255584716797,-13.021095275878906
2047,2024-03-29,126.19306182861328,1.1905059814453125
2048,2024-04-05,142.04835510253906,15.855293273925781
2049,2024-04-12,161.3263397216797,19.277984619140625
2050,2024-04-19,208.1194305419922,46.7930908203125
2051,2024-04-26,150.83494567871094,-57.28448486328125
2052,2024-05-03,110.41893005371094,-40.416015625
2053,2024-05-10,185.2792205810547,74.86029052734375
2054,2024-05-17,181.6569366455078,-3.622283935546875
2055,2024-05-24,116.63970947265625,-65.01722717285156
2056,2024-05-31,156.499267578125,39.85955810546875
2057,2024-06-07,122.68769073486328,-33.81157684326172
2058,2024-06-14,90.13789367675781,-32.54979705810547
2059,2024-06-21,128.30368041992188,38.16578674316406
2060,2024-06-28,121.46080780029297,-6.842872619628906
2061,2024-07-05,73.11270141601562,-48.348106384277344
2062,2024-07-12,86.32097625732422,13.208274841308594
2063,2024-07-19,143.77462768554688,57.453651428222656
2064,2024-07-26,95.77151489257812,-48.00311279296875
2065,2024-08-02,191.2178192138672,95.44630432128906
2066,2024-08-09,151.33558654785156,-39.882232666015625
2067,2024-08-16,118.94318389892578,-32.39240264892578
2068,2024-08-23,143.7642364501953,24.82105255126953
2069,2024-08-30,166.55368041992188,22.789443969726562
2070,2024-09-06,100.38084411621094,-66.17283630371094
2071,2024-09-13,185.6430206298828,85.26217651367188
2072,2024-09-20,175.53778076171875,-10.105239868164062
2073,2024-09-27,134.84788513183594,-40.68989562988281
2074,2024-10-04,144.27560424804688,9.427719116210938
2075,2024-10-11,157.45294189453125,13.177337646484375
2076,2024-10-18,124.89034271240234,-32.562599182128906
2077,2024-10-25,170.02560424804688,45.13526153564453
2078,2024-11-01,131.0728302001953,-38.95277404785156
2079,2024-11-08,108.89063262939453,-22.18219757080078
2080,2024-11-15,97.5879135131836,-11.302719116210938
2081,2024-11-22,102.09968566894531,4.511772155761719
2082,2024-11-29,226.97222900390625,124.87254333496094
2083,2024-12-06,150.84552001953125,-76.126708984375
2084,2024-12-13,191.3634796142578,40.51795959472656
2085,2024-12-20,128.64340209960938,-62.72007751464844
2086,2024-12-27,168.5598602294922,39.91645812988281
2087,2025-01-03,137.5028076171875,-31.057052612304688
2088,2025-01-10,65.53641510009766,-71.96639251708984
2089,2025-01-17,88.33514404296875,22.798728942871094
2090,2025-01-24,148.64085388183594,60.30570983886719
2091,2025-01-31,109.84081268310547,-38.80004119873047
2092,2025-02-07,124.4435043334961,14.602691650390625
2093,2025-02-14,119.525634765625,-4.917869567871094
2094,2025-02-21,181.8218994140625,62.2962646484375
2095,2025-02-28,122.68769073486328,-59.13420867919922
2096,2025-03-07,179.5272674560547,56.839576721191406
2097,2025-03-14,223.67819213867188,44.15092468261719
2098,2025-03-21,158.8217315673828,-64.85646057128906
2099,2025-03-28,156.456787109375,-2.3649444580078125
2100,2025-04-04,176.9652099609375,20.5084228515625
2101,2025-04-11,134.74850463867188,-42.216705322265625
2102,2025-04-18,187.7323455810547,52.98384094238281
2103,2025-04-25,190.11257934570312,2.3802337646484375
2104,2025-05-02,181.0728302001953,-9.039749145507812
2105,2025-05-09,150.08396911621094,-30.988861083984375
2106,2025-05-16,206.7042236328125,56.62025451660156
2107,2025-05-23,103.51773834228516,-103.18648529052734
2108,2025-05-30,185.31846618652344,81.80072784423828
2109,2025-06-06,137.7939910888672,-47.52447509765625
2110,2025-06-13,166.77857971191406,28.984588623046875
2111,2025-06-20,284.8919982910156,118.11341857910156
2112,2025-06-27,231.2438201904297,-53.64817810058594
2113,2025-07-04,156.76760864257812,-74.47621154785156
2114,2025-07-11,134.5205078125,-22.247100830078125
2115,2025-07-18,140.04351806640625,5.52301025390625
2116,2025-07-25,122.90444946289062,-17.139068603515625
2117,2025-08-01,179.05772399902344,56.15327453613281
2118,2025-08-08,175.30010986328125,-3.7576141357421875
2119,2025-08-15,139.0772705078125,-36.22283935546875
2120,2025-08-22,104.53862762451172,-34.53864288330078
2121,2025-08-29,175.66647338867188,71.12784576416016
2122,2025-09-05,142.67613220214844,-32.99034118652344
2123,2025-09-12,103.72032165527344,-38.955810546875
2124,2025-09-19,140.83004760742188,37.10972595214844
2125,2025-09-26,159.19918823242188,18.369140625
2126,2025-10-03,293.1475830078125,133.94839477539062
2127,2025-10-10,184.0315399169922,-109.11604309082031
2128,2025-10-17,133.89991760253906,-50.131622314453125
2129,2025-10-24,158.6478729248047,24.747955322265625
2130,2025-10-31,158.78424072265625,0.1363677978515625
2131,2025-11-07,99.21167755126953,-59.57256317138672
2132,2025-11-14,81.59033203125,-17.62134552001953
2133,2025-11-21,163.00860595703125,81.41827392578125
2134,2025-11-28,151.36514282226562,-11.643463134765625
2135,2025-12-05,150.29798889160156,-1.0671539306640625
2136,2025-12-12,175.30010986328125,25.002120971679688
2137,2025-12-19,100.20222473144531,-75.09788513183594
2138,2025-12-26,144.02468872070312,43.82246398925781
2139,2026-01-02,175.08287048339844,31.058181762695312
2140,2026-01-09,131.62521362304688,-43.45765686035156
2141,2026-01-16,194.85691833496094,63.23170471191406
2142,2026-01-23,193.18576049804688,-1.6711578369140625
2143,2026-01-30,161.4616241455078,-31.724136352539062
2144,2026-02-06,114.82037353515625,-46.64125061035156
2145,2026-02-13,116.78925323486328,1.9688796997070312
2146,2026-02-20,153.67581176757812,36.886558532714844
2147,2026-02-27,197.11146545410156,43.43565368652344
2148,2026-03-06,314.25604248046875,117.14457702636719
2149,2026-03-13,335.8101501464844,21.554107666015625
2150,2026-03-20,309.2522888183594,-26.557861328125
2151,2026-03-27,258.5125427246094,-50.73974609375
2152,2026-04-03,243.00689697265625,-15.505645751953125
2153,2026-04-10,275.2563171386719,32.249420166015625
