,Date,T5YIE
0,2003-01-02,1.3
1,2003-01-03,1.28
2,2003-01-06,1.31
3,2003-01-07,1.28
4,2003-01-08,1.33
5,2003-01-09,1.41
6,2003-01-10,1.4
7,2003-01-13,1.4
8,2003-01-14,1.38
9,2003-01-15,1.41
10,2003-01-16,1.4
11,2003-01-17,1.45
12,2003-01-21,1.38
13,2003-01-22,1.34
14,2003-01-23,1.42
15,2003-01-24,1.46
16,2003-01-27,1.47
17,2003-01-28,1.47
18,2003-01-29,1.52
19,2003-01-30,1.46
20,2003-01-31,1.49
21,2003-02-03,1.52
22,2003-02-04,1.54
23,2003-02-05,1.61
24,2003-02-06,1.62
25,2003-02-07,1.6
26,2003-02-10,1.66
27,2003-02-11,1.62
28,2003-02-12,1.6
29,2003-02-13,1.56
30,2003-02-14,1.62
31,2003-02-18,1.63
32,2003-02-19,1.62
33,2003-02-20,1.69
34,2003-02-21,1.73
35,2003-02-24,1.78
36,2003-02-25,1.77
37,2003-02-26,1.74
38,2003-02-27,1.77
39,2003-02-28,1.75
40,2003-03-03,1.73
41,2003-03-04,1.72
42,2003-03-05,1.68
43,2003-03-06,1.73
44,2003-03-07,1.74
45,2003-03-10,1.72
46,2003-03-11,1.76
47,2003-03-12,1.79
48,2003-03-13,1.87
49,2003-03-14,1.57
50,2003-03-17,1.67
51,2003-03-18,1.63
52,2003-03-19,1.59
53,2003-03-20,1.67
54,2003-03-21,1.7
55,2003-03-24,1.66
56,2003-03-25,1.64
57,2003-03-26,1.65
58,2003-03-27,1.71
59,2003-03-28,1.72
60,2003-03-31,1.65
61,2003-04-01,1.64
62,2003-04-02,1.66
63,2003-04-03,1.64
64,2003-04-04,1.63
65,2003-04-07,1.61
66,2003-04-08,1.57
67,2003-04-09,1.55
68,2003-04-10,1.64
69,2003-04-11,1.62
70,2003-04-14,1.66
71,2003-04-15,1.62
72,2003-04-16,1.58
73,2003-04-17,1.58
74,2003-04-21,1.57
75,2003-04-22,1.51
76,2003-04-23,1.54
77,2003-04-24,1.46
78,2003-04-25,1.46
79,2003-04-28,1.48
80,2003-04-29,1.47
81,2003-04-30,1.45
82,2003-05-01,1.3
83,2003-05-02,1.34
84,2003-05-05,1.5
85,2003-05-06,1.42
86,2003-05-07,1.38
87,2003-05-08,1.34
88,2003-05-09,1.4
89,2003-05-12,1.37
90,2003-05-13,1.39
91,2003-05-14,1.32
92,2003-05-15,1.39
93,2003-05-16,1.31
94,2003-05-19,1.34
95,2003-05-20,1.35
96,2003-05-21,1.34
97,2003-05-22,1.3
98,2003-05-23,1.31
99,2003-05-27,1.25
100,2003-05-28,1.23
101,2003-05-29,1.23
102,2003-05-30,1.26
103,2003-06-02,1.29
104,2003-06-03,1.25
105,2003-06-04,1.25
106,2003-06-05,1.31
107,2003-06-06,1.33
108,2003-06-09,1.32
109,2003-06-10,1.31
110,2003-06-11,1.36
111,2003-06-12,1.32
112,2003-06-13,1.37
113,2003-06-16,1.35
114,2003-06-17,1.35
115,2003-06-18,1.36
116,2003-06-19,1.39
117,2003-06-20,1.39
118,2003-06-23,1.36
119,2003-06-24,1.37
120,2003-06-25,1.45
121,2003-06-26,1.47
122,2003-06-27,1.48
123,2003-06-30,1.45
124,2003-07-01,1.45
125,2003-07-02,1.43
126,2003-07-03,1.44
127,2003-07-07,1.44
128,2003-07-08,1.41
129,2003-07-09,1.46
130,2003-07-10,1.45
131,2003-07-11,1.42
132,2003-07-14,1.47
133,2003-07-15,1.53
134,2003-07-16,1.56
135,2003-07-17,1.57
136,2003-07-18,1.65
137,2003-07-21,1.63
138,2003-07-22,1.59
139,2003-07-23,1.67
140,2003-07-24,1.67
141,2003-07-25,1.76
142,2003-07-28,1.72
143,2003-07-29,1.7
144,2003-07-30,1.73
145,2003-07-31,1.75
146,2003-08-01,1.75
147,2003-08-04,1.72
148,2003-08-05,1.75
149,2003-08-06,1.72
150,2003-08-07,1.78
151,2003-08-08,1.74
152,2003-08-11,1.82
153,2003-08-12,1.81
154,2003-08-13,1.88
155,2003-08-14,1.89
156,2003-08-15,1.92
157,2003-08-18,1.88
158,2003-08-19,1.87
159,2003-08-20,1.94
160,2003-08-21,2.06
161,2003-08-22,2.05
162,2003-08-25,2.03
163,2003-08-26,2.03
164,2003-08-27,2.01
165,2003-08-28,1.98
166,2003-08-29,1.99
167,2003-09-02,2.0
168,2003-09-03,2.03
169,2003-09-04,2.01
170,2003-09-05,1.97
171,2003-09-08,1.94
172,2003-09-09,1.94
173,2003-09-10,1.9
174,2003-09-11,1.92
175,2003-09-12,1.88
176,2003-09-15,1.87
177,2003-09-16,1.8
178,2003-09-17,1.77
179,2003-09-18,1.79
180,2003-09-19,1.81
181,2003-09-22,1.84
182,2003-09-23,1.84
183,2003-09-24,1.86
184,2003-09-25,1.91
185,2003-09-26,1.91
186,2003-09-29,1.91
187,2003-09-30,1.86
188,2003-10-01,1.84
189,2003-10-02,1.83
190,2003-10-03,1.89
191,2003-10-06,1.87
192,2003-10-07,1.91
193,2003-10-08,1.89
194,2003-10-09,1.92
195,2003-10-10,1.97
196,2003-10-14,2.0
197,2003-10-15,2.02
198,2003-10-16,2.08
199,2003-10-17,2.07
200,2003-10-20,2.06
201,2003-10-21,2.04
202,2003-10-22,1.97
203,2003-10-23,2.01
204,2003-10-24,1.99
205,2003-10-27,2.02
206,2003-10-28,2.0
207,2003-10-29,2.03
208,2003-10-30,2.05
209,2003-10-31,2.06
210,2003-11-03,2.07
211,2003-11-04,2.06
212,2003-11-05,2.01
213,2003-11-06,2.02
214,2003-11-07,2.05
215,2003-11-10,2.09
216,2003-11-12,2.09
217,2003-11-13,2.05
218,2003-11-14,2.02
219,2003-11-17,2.02
220,2003-11-18,2.0
221,2003-11-19,2.0
222,2003-11-20,1.91
223,2003-11-21,1.92
224,2003-11-24,1.98
225,2003-11-25,1.99
226,2003-11-26,2.01
227,2003-11-28,2.02
228,2003-12-01,2.04
229,2003-12-02,2.05
230,2003-12-03,2.06
231,2003-12-04,2.07
232,2003-12-05,2.03
233,2003-12-08,2.06
234,2003-12-09,2.09
235,2003-12-10,2.09
236,2003-12-11,2.11
237,2003-12-12,2.1
238,2003-12-15,2.08
239,2003-12-16,2.02
240,2003-12-17,2.0
241,2003-12-18,1.97
242,2003-12-19,1.98
243,2003-12-22,1.98
244,2003-12-23,2.04
245,2003-12-24,2.01
246,2003-12-26,2.01
247,2003-12-29,2.02
248,2003-12-30,2.03
249,2003-12-31,2.03
250,2004-01-02,2.08
251,2004-01-05,2.09
252,2004-01-06,2.05
253,2004-01-07,2.05
254,2004-01-08,1.99
255,2004-01-09,1.93
256,2004-01-12,1.93
257,2004-01-13,1.95
258,2004-01-14,1.91
259,2004-01-15,1.96
260,2004-01-16,2.01
261,2004-01-20,2.04
262,2004-01-21,2.06
263,2004-01-22,2.02
264,2004-01-23,2.05
265,2004-01-26,2.06
266,2004-01-27,2.09
267,2004-01-28,2.13
268,2004-01-29,2.15
269,2004-01-30,2.16
270,2004-02-02,2.22
271,2004-02-03,2.19
272,2004-02-04,2.2
273,2004-02-05,2.22
274,2004-02-06,2.17
275,2004-02-09,2.16
276,2004-02-10,2.17
277,2004-02-11,2.15
278,2004-02-12,2.17
279,2004-02-13,2.16
280,2004-02-17,2.18
281,2004-02-18,2.19
282,2004-02-19,2.2
283,2004-02-20,2.24
284,2004-02-23,2.23
285,2004-02-24,2.23
286,2004-02-25,2.24
287,2004-02-26,2.29
288,2004-02-27,2.38
289,2004-03-01,2.4
290,2004-03-02,2.42
291,2004-03-03,2.42
292,2004-03-04,2.35
293,2004-03-05,2.28
294,2004-03-08,2.25
295,2004-03-09,2.2
296,2004-03-10,2.18
297,2004-03-11,2.15
298,2004-03-12,2.14
299,2004-03-15,2.2
300,2004-03-16,2.2
301,2004-03-17,2.27
302,2004-03-18,2.32
303,2004-03-19,2.27
304,2004-03-22,2.24
305,2004-03-23,2.24
306,2004-03-24,2.27
307,2004-03-25,2.26
308,2004-03-26,2.3
309,2004-03-29,2.31
310,2004-03-30,2.29
311,2004-03-31,2.29
312,2004-04-01,2.34
313,2004-04-02,2.38
314,2004-04-05,2.4
315,2004-04-06,2.37
316,2004-04-07,2.28
317,2004-04-08,2.34
318,2004-04-12,2.35
319,2004-04-13,2.39
320,2004-04-14,2.43
321,2004-04-15,2.42
322,2004-04-16,2.44
323,2004-04-19,2.46
324,2004-04-20,2.38
325,2004-04-21,2.45
326,2004-04-22,2.36
327,2004-04-23,2.29
328,2004-04-26,2.37
329,2004-04-27,2.38
330,2004-04-28,2.34
331,2004-04-29,2.34
332,2004-04-30,2.34
333,2004-05-03,2.35
334,2004-05-04,2.4
335,2004-05-05,2.42
336,2004-05-06,2.38
337,2004-05-07,2.46
338,2004-05-10,2.42
339,2004-05-11,2.45
340,2004-05-12,2.54
341,2004-05-13,2.58
342,2004-05-14,2.51
343,2004-05-17,2.5
344,2004-05-18,2.54
345,2004-05-19,2.61
346,2004-05-20,2.61
347,2004-05-21,2.57
348,2004-05-24,2.63
349,2004-05-25,2.6
350,2004-05-26,2.58
351,2004-05-27,2.55
352,2004-05-28,2.55
353,2004-06-01,2.64
354,2004-06-02,2.62
355,2004-06-03,2.58
356,2004-06-04,2.6
357,2004-06-07,2.58
358,2004-06-08,2.53
359,2004-06-09,2.54
360,2004-06-10,2.55
361,2004-06-14,2.55
362,2004-06-15,2.52
363,2004-06-16,2.53
364,2004-06-17,2.51
365,2004-06-18,2.54
366,2004-06-21,2.51
367,2004-06-22,2.51
368,2004-06-23,2.48
369,2004-06-24,2.45
370,2004-06-25,2.42
371,2004-06-28,2.45
372,2004-06-29,2.42
373,2004-06-30,2.43
374,2004-07-01,2.44
375,2004-07-02,2.41
376,2004-07-06,2.42
377,2004-07-07,2.44
378,2004-07-08,2.43
379,2004-07-09,2.41
380,2004-07-12,2.38
381,2004-07-13,2.4
382,2004-07-14,2.41
383,2004-07-15,2.42
384,2004-07-16,2.37
385,2004-07-19,2.36
386,2004-07-20,2.36
387,2004-07-21,2.37
388,2004-07-22,2.37
389,2004-07-23,2.38
390,2004-07-26,2.36
391,2004-07-27,2.38
392,2004-07-28,2.4
393,2004-07-29,2.43
394,2004-07-30,2.41
395,2004-08-02,2.42
396,2004-08-03,2.43
397,2004-08-04,2.39
398,2004-08-05,2.41
399,2004-08-06,2.34
400,2004-08-09,2.37
401,2004-08-10,2.35
402,2004-08-11,2.38
403,2004-08-12,2.4
404,2004-08-13,2.41
405,2004-08-16,2.39
406,2004-08-17,2.33
407,2004-08-18,2.32
408,2004-08-19,2.39
409,2004-08-20,2.36
410,2004-08-23,2.33
411,2004-08-24,2.3
412,2004-08-25,2.29
413,2004-08-26,2.28
414,2004-08-27,2.29
415,2004-08-30,2.28
416,2004-08-31,2.27
417,2004-09-01,2.28
418,2004-09-02,2.32
419,2004-09-03,2.36
420,2004-09-07,2.34
421,2004-09-08,2.3
422,2004-09-09,2.3
423,2004-09-10,2.26
424,2004-09-13,2.27
425,2004-09-14,2.24
426,2004-09-15,2.23
427,2004-09-16,2.17
428,2004-09-17,2.18
429,2004-09-20,2.19
430,2004-09-21,2.14
431,2004-09-22,2.17
432,2004-09-23,2.19
433,2004-09-24,2.2
434,2004-09-27,2.25
435,2004-09-28,2.28
436,2004-09-29,2.3
437,2004-09-30,2.33
438,2004-10-01,2.35
439,2004-10-04,2.31
440,2004-10-05,2.33
441,2004-10-06,2.33
442,2004-10-07,2.35
443,2004-10-08,2.32
444,2004-10-12,2.31
445,2004-10-13,2.32
446,2004-10-14,2.32
447,2004-10-15,2.34
448,2004-10-18,2.32
449,2004-10-19,2.33
450,2004-10-20,2.34
451,2004-10-21,2.44
452,2004-10-22,2.43
453,2004-10-25,2.42
454,2004-10-26,2.45
455,2004-10-27,2.47
456,2004-10-28,2.49
457,2004-10-29,2.49
458,2004-11-01,2.52
459,2004-11-02,2.56
460,2004-11-03,2.57
461,2004-11-04,2.53
462,2004-11-05,2.6
463,2004-11-08,2.59
464,2004-11-09,2.57
465,2004-11-10,2.59
466,2004-11-12,2.59
467,2004-11-15,2.62
468,2004-11-16,2.64
469,2004-11-17,2.61
470,2004-11-18,2.6
471,2004-11-19,2.64
472,2004-11-22,2.67
473,2004-11-23,2.65
474,2004-11-24,2.68
475,2004-11-26,2.7
476,2004-11-29,2.74
477,2004-11-30,2.76
478,2004-12-01,2.73
479,2004-12-02,2.72
480,2004-12-03,2.68
481,2004-12-06,2.66
482,2004-12-07,2.66
483,2004-12-08,2.66
484,2004-12-09,2.64
485,2004-12-10,2.59
486,2004-12-13,2.62
487,2004-12-14,2.64
488,2004-12-15,2.65
489,2004-12-16,2.68
490,2004-12-17,2.69
491,2004-12-20,2.7
492,2004-12-21,2.71
493,2004-12-22,2.68
494,2004-12-23,2.7
495,2004-12-27,2.71
496,2004-12-28,2.71
497,2004-12-29,2.7
498,2004-12-30,2.67
499,2004-12-31,2.64
500,2005-01-03,2.62
501,2005-01-04,2.62
502,2005-01-05,2.6
503,2005-01-06,2.59
504,2005-01-07,2.57
505,2005-01-10,2.62
506,2005-01-11,2.6
507,2005-01-12,2.6
508,2005-01-13,2.6
509,2005-01-14,2.58
510,2005-01-18,2.57
511,2005-01-19,2.56
512,2005-01-20,2.52
513,2005-01-21,2.51
514,2005-01-24,2.52
515,2005-01-25,2.55
516,2005-01-26,2.58
517,2005-01-27,2.59
518,2005-01-28,2.58
519,2005-01-31,2.58
520,2005-02-01,2.56
521,2005-02-02,2.55
522,2005-02-03,2.56
523,2005-02-04,2.57
524,2005-02-07,2.56
525,2005-02-08,2.61
526,2005-02-09,2.63
527,2005-02-10,2.66
528,2005-02-11,2.7
529,2005-02-14,2.72
530,2005-02-15,2.65
531,2005-02-16,2.68
532,2005-02-17,2.7
533,2005-02-18,2.78
534,2005-02-22,2.81
535,2005-02-23,2.81
536,2005-02-24,2.81
537,2005-02-25,2.8
538,2005-02-28,2.82
539,2005-03-01,2.85
540,2005-03-02,2.86
541,2005-03-03,2.87
542,2005-03-04,2.85
543,2005-03-07,2.86
544,2005-03-08,2.89
545,2005-03-09,2.93
546,2005-03-10,2.88
547,2005-03-11,2.88
548,2005-03-14,2.86
549,2005-03-15,2.88
550,2005-03-16,2.89
551,2005-03-17,2.91
552,2005-03-18,2.92
553,2005-03-21,2.9
554,2005-03-22,2.94
555,2005-03-23,2.86
556,2005-03-24,2.85
557,2005-03-28,2.85
558,2005-03-29,2.85
559,2005-03-30,2.84
560,2005-03-31,2.87
561,2005-04-01,2.85
562,2005-04-04,2.85
563,2005-04-05,2.83
564,2005-04-06,2.79
565,2005-04-07,2.77
566,2005-04-08,2.8
567,2005-04-11,2.78
568,2005-04-12,2.76
569,2005-04-13,2.72
570,2005-04-14,2.73
571,2005-04-15,2.7
572,2005-04-18,2.71
573,2005-04-19,2.72
574,2005-04-20,2.75
575,2005-04-21,2.8
576,2005-04-22,2.81
577,2005-04-25,2.79
578,2005-04-26,2.79
579,2005-04-27,2.75
580,2005-04-28,2.74
581,2005-04-29,2.73
582,2005-05-02,2.7
583,2005-05-03,2.66
584,2005-05-04,2.66
585,2005-05-05,2.64
586,2005-05-06,2.68
587,2005-05-09,2.71
588,2005-05-10,2.69
589,2005-05-11,2.67
590,2005-05-12,2.6
591,2005-05-13,2.53
592,2005-05-16,2.53
593,2005-05-17,2.54
594,2005-05-18,2.49
595,2005-05-19,2.5
596,2005-05-20,2.55
597,2005-05-23,2.5
598,2005-05-24,2.48
599,2005-05-25,2.5
600,2005-05-26,2.47
601,2005-05-27,2.5
602,2005-05-31,2.47
603,2005-06-01,2.44
604,2005-06-02,2.42
605,2005-06-03,2.42
606,2005-06-06,2.43
607,2005-06-07,2.39
608,2005-06-08,2.39
609,2005-06-09,2.39
610,2005-06-10,2.37
611,2005-06-13,2.38
612,2005-06-14,2.39
613,2005-06-15,2.38
614,2005-06-16,2.39
615,2005-06-17,2.43
616,2005-06-20,2.42
617,2005-06-21,2.4
618,2005-06-22,2.32
619,2005-06-23,2.34
620,2005-06-24,2.32
621,2005-06-27,2.35
622,2005-06-28,2.36
623,2005-06-29,2.35
624,2005-06-30,2.31
625,2005-07-01,2.34
626,2005-07-05,2.35
627,2005-07-06,2.34
628,2005-07-07,2.33
629,2005-07-08,2.33
630,2005-07-11,2.36
631,2005-07-12,2.37
632,2005-07-13,2.35
633,2005-07-14,2.27
634,2005-07-15,2.23
635,2005-07-18,2.22
636,2005-07-19,2.25
637,2005-07-20,2.27
638,2005-07-21,2.32
639,2005-07-22,2.32
640,2005-07-25,2.3
641,2005-07-26,2.3
642,2005-07-27,2.31
643,2005-07-28,2.31
644,2005-07-29,2.32
645,2005-08-01,2.37
646,2005-08-02,2.37
647,2005-08-03,2.38
648,2005-08-04,2.38
649,2005-08-05,2.41
650,2005-08-08,2.43
651,2005-08-09,2.39
652,2005-08-10,2.39
653,2005-08-11,2.38
654,2005-08-12,2.38
655,2005-08-15,2.41
656,2005-08-16,2.42
657,2005-08-17,2.42
658,2005-08-18,2.4
659,2005-08-19,2.42
660,2005-08-22,2.41
661,2005-08-23,2.42
662,2005-08-24,2.42
663,2005-08-25,2.44
664,2005-08-26,2.44
665,2005-08-29,2.45
666,2005-08-30,2.51
667,2005-08-31,2.44
668,2005-09-01,2.47
669,2005-09-02,2.53
670,2005-09-06,2.49
671,2005-09-07,2.5
672,2005-09-08,2.56
673,2005-09-09,2.62
674,2005-09-12,2.61
675,2005-09-13,2.59
676,2005-09-14,2.6
677,2005-09-15,2.62
678,2005-09-16,2.65
679,2005-09-19,2.67
680,2005-09-20,2.63
681,2005-09-21,2.65
682,2005-09-22,2.63
683,2005-09-23,2.64
684,2005-09-26,2.63
685,2005-09-27,2.66
686,2005-09-28,2.67
687,2005-09-29,2.69
688,2005-09-30,2.72
689,2005-10-03,2.71
690,2005-10-04,2.68
691,2005-10-05,2.66
692,2005-10-06,2.59
693,2005-10-07,2.59
694,2005-10-11,2.6
695,2005-10-12,2.61
696,2005-10-13,2.59
697,2005-10-14,2.63
698,2005-10-17,2.68
699,2005-10-18,2.68
700,2005-10-19,2.66
701,2005-10-20,2.65
702,2005-10-21,2.6
703,2005-10-24,2.61
704,2005-10-25,2.6
705,2005-10-26,2.62
706,2005-10-27,2.62
707,2005-10-28,2.64
708,2005-10-31,2.64
709,2005-11-01,2.63
710,2005-11-02,2.63
711,2005-11-03,2.64
712,2005-11-04,2.66
713,2005-11-07,2.64
714,2005-11-08,2.59
715,2005-11-09,2.56
716,2005-11-10,2.47
717,2005-11-14,2.44
718,2005-11-15,2.43
719,2005-11-16,2.4
720,2005-11-17,2.39
721,2005-11-18,2.38
722,2005-11-21,2.4
723,2005-11-22,2.41
724,2005-11-23,2.41
725,2005-11-25,2.4
726,2005-11-28,2.38
727,2005-11-29,2.37
728,2005-11-30,2.35
729,2005-12-01,2.37
730,2005-12-02,2.36
731,2005-12-05,2.41
732,2005-12-06,2.36
733,2005-12-07,2.31
734,2005-12-08,2.28
735,2005-12-09,2.31
736,2005-12-12,2.34
737,2005-12-13,2.34
738,2005-12-14,2.32
739,2005-12-15,2.32
740,2005-12-16,2.28
741,2005-12-19,2.28
742,2005-12-20,2.3
743,2005-12-21,2.29
744,2005-12-22,2.28
745,2005-12-23,2.26
746,2005-12-27,2.25
747,2005-12-28,2.23
748,2005-12-29,2.26
749,2005-12-30,2.3
750,2006-01-03,2.3
751,2006-01-04,2.31
752,2006-01-05,2.28
753,2006-01-06,2.33
754,2006-01-09,2.35
755,2006-01-10,2.38
756,2006-01-11,2.39
757,2006-01-12,2.41
758,2006-01-13,2.38
759,2006-01-17,2.4
760,2006-01-18,2.4
761,2006-01-19,2.41
762,2006-01-20,2.47
763,2006-01-23,2.46
764,2006-01-24,2.45
765,2006-01-25,2.43
766,2006-01-26,2.47
767,2006-01-27,2.52
768,2006-01-30,2.54
769,2006-01-31,2.58
770,2006-02-01,2.57
771,2006-02-02,2.55
772,2006-02-03,2.57
773,2006-02-06,2.58
774,2006-02-07,2.57
775,2006-02-08,2.54
776,2006-02-09,2.55
777,2006-02-10,2.57
778,2006-02-13,2.55
779,2006-02-14,2.52
780,2006-02-15,2.52
781,2006-02-16,2.56
782,2006-02-17,2.6
783,2006-02-21,2.62
784,2006-02-22,2.64
785,2006-02-23,2.66
786,2006-02-24,2.7
787,2006-02-27,2.7
788,2006-02-28,2.68
789,2006-03-01,2.71
790,2006-03-02,2.74
791,2006-03-03,2.76
792,2006-03-06,2.73
793,2006-03-07,2.71
794,2006-03-08,2.66
795,2006-03-09,2.66
796,2006-03-10,2.62
797,2006-03-13,2.61
798,2006-03-14,2.61
799,2006-03-15,2.62
800,2006-03-16,2.62
801,2006-03-17,2.62
802,2006-03-20,2.6
803,2006-03-21,2.57
804,2006-03-22,2.56
805,2006-03-23,2.58
806,2006-03-24,2.55
807,2006-03-27,2.55
808,2006-03-28,2.57
809,2006-03-29,2.55
810,2006-03-30,2.58
811,2006-03-31,2.58
812,2006-04-03,2.59
813,2006-04-04,2.55
814,2006-04-05,2.56
815,2006-04-06,2.59
816,2006-04-07,2.58
817,2006-04-10,2.6
818,2006-04-11,2.63
819,2006-04-12,2.66
820,2006-04-13,2.66
821,2006-04-17,2.68
822,2006-04-18,2.69
823,2006-04-19,2.75
824,2006-04-20,2.72
825,2006-04-21,2.73
826,2006-04-24,2.69
827,2006-04-25,2.6
828,2006-04-26,2.63
829,2006-04-27,2.62
830,2006-04-28,2.67
831,2006-05-01,2.72
832,2006-05-02,2.71
833,2006-05-03,2.71
834,2006-05-04,2.69
835,2006-05-05,2.7
836,2006-05-08,2.69
837,2006-05-09,2.72
838,2006-05-10,2.73
839,2006-05-11,2.78
840,2006-05-12,2.78
841,2006-05-15,2.71
842,2006-05-16,2.69
843,2006-05-17,2.71
844,2006-05-18,2.69
845,2006-05-19,2.65
846,2006-05-22,2.63
847,2006-05-23,2.68
848,2006-05-24,2.64
849,2006-05-25,2.64
850,2006-05-26,2.65
851,2006-05-30,2.67
852,2006-05-31,2.68
853,2006-06-01,2.69
854,2006-06-02,2.66
855,2006-06-05,2.66
856,2006-06-06,2.62
857,2006-06-07,2.59
858,2006-06-08,2.58
859,2006-06-09,2.6
860,2006-06-12,2.58
861,2006-06-13,2.56
862,2006-06-14,2.61
863,2006-06-15,2.64
864,2006-06-16,2.63
865,2006-06-19,2.61
866,2006-06-20,2.61
867,2006-06-21,2.61
868,2006-06-22,2.62
869,2006-06-23,2.63
870,2006-06-26,2.61
871,2006-06-27,2.61
872,2006-06-28,2.59
873,2006-06-29,2.6
874,2006-06-30,2.63
875,2006-07-03,2.62
876,2006-07-05,2.62
877,2006-07-06,2.63
878,2006-07-07,2.63
879,2006-07-10,2.61
880,2006-07-11,2.59
881,2006-07-12,2.59
882,2006-07-13,2.58
883,2006-07-14,2.58
884,2006-07-17,2.59
885,2006-07-18,2.58
886,2006-07-19,2.57
887,2006-07-20,2.58
888,2006-07-21,2.57
889,2006-07-24,2.55
890,2006-07-25,2.57
891,2006-07-26,2.58
892,2006-07-27,2.57
893,2006-07-28,2.54
894,2006-07-31,2.54
895,2006-08-01,2.55
896,2006-08-02,2.58
897,2006-08-03,2.59
898,2006-08-04,2.59
899,2006-08-07,2.61
900,2006-08-08,2.62
901,2006-08-09,2.65
902,2006-08-10,2.62
903,2006-08-11,2.64
904,2006-08-14,2.64
905,2006-08-15,2.61
906,2006-08-16,2.56
907,2006-08-17,2.55
908,2006-08-18,2.55
909,2006-08-21,2.55
910,2006-08-22,2.56
911,2006-08-23,2.52
912,2006-08-24,2.49
913,2006-08-25,2.5
914,2006-08-28,2.46
915,2006-08-29,2.47
916,2006-08-30,2.41
917,2006-08-31,2.44
918,2006-09-01,2.4
919,2006-09-05,2.39
920,2006-09-06,2.41
921,2006-09-07,2.36
922,2006-09-08,2.32
923,2006-09-11,2.31
924,2006-09-12,2.3
925,2006-09-13,2.31
926,2006-09-14,2.35
927,2006-09-15,2.31
928,2006-09-18,2.31
929,2006-09-19,2.27
930,2006-09-20,2.22
931,2006-09-21,2.2
932,2006-09-22,2.2
933,2006-09-25,2.19
934,2006-09-26,2.23
935,2006-09-27,2.24
936,2006-09-28,2.24
937,2006-09-29,2.25
938,2006-10-02,2.25
939,2006-10-03,2.21
940,2006-10-04,2.17
941,2006-10-05,2.17
942,2006-10-06,2.18
943,2006-10-10,2.2
944,2006-10-11,2.21
945,2006-10-12,2.2
946,2006-10-13,2.2
947,2006-10-16,2.2
948,2006-10-17,2.17
949,2006-10-18,2.16
950,2006-10-19,2.14
951,2006-10-20,2.15
952,2006-10-23,2.15
953,2006-10-24,2.18
954,2006-10-25,2.2
955,2006-10-26,2.17
956,2006-10-27,2.16
957,2006-10-30,2.13
958,2006-10-31,2.1
959,2006-11-01,2.11
960,2006-11-02,2.11
961,2006-11-03,2.18
962,2006-11-06,2.21
963,2006-11-07,2.19
964,2006-11-08,2.2
965,2006-11-09,2.19
966,2006-11-10,2.2
967,2006-11-13,2.18
968,2006-11-14,2.16
969,2006-11-15,2.17
970,2006-11-16,2.14
971,2006-11-17,2.12
972,2006-11-20,2.13
973,2006-11-21,2.15
974,2006-11-22,2.15
975,2006-11-24,2.17
976,2006-11-27,2.21
977,2006-11-28,2.22
978,2006-11-29,2.23
979,2006-11-30,2.24
980,2006-12-01,2.27
981,2006-12-04,2.26
982,2006-12-05,2.27
983,2006-12-06,2.27
984,2006-12-07,2.27
985,2006-12-08,2.28
986,2006-12-11,2.29
987,2006-12-12,2.27
988,2006-12-13,2.28
989,2006-12-14,2.32
990,2006-12-15,2.25
991,2006-12-18,2.22
992,2006-12-19,2.23
993,2006-12-20,2.22
994,2006-12-21,2.19
995,2006-12-22,2.21
996,2006-12-26,2.21
997,2006-12-27,2.2
998,2006-12-28,2.23
999,2006-12-29,2.26
1000,2007-01-02,2.27
1001,2007-01-03,2.27
1002,2007-01-04,2.22
1003,2007-01-05,2.24
1004,2007-01-08,2.24
1005,2007-01-09,2.22
1006,2007-01-10,2.22
1007,2007-01-11,2.23
1008,2007-01-12,2.23
1009,2007-01-16,2.22
1010,2007-01-17,2.24
1011,2007-01-18,2.23
1012,2007-01-19,2.25
1013,2007-01-22,2.29
1014,2007-01-23,2.31
1015,2007-01-24,2.34
1016,2007-01-25,2.33
1017,2007-01-26,2.36
1018,2007-01-29,2.37
1019,2007-01-30,2.39
1020,2007-01-31,2.42
1021,2007-02-01,2.41
1022,2007-02-02,2.42
1023,2007-02-05,2.4
1024,2007-02-06,2.38
1025,2007-02-07,2.36
1026,2007-02-08,2.36
1027,2007-02-09,2.37
1028,2007-02-12,2.34
1029,2007-02-13,2.36
1030,2007-02-14,2.34
1031,2007-02-15,2.3
1032,2007-02-16,2.32
1033,2007-02-20,2.32
1034,2007-02-21,2.34
1035,2007-02-22,2.39
1036,2007-02-23,2.41
1037,2007-02-26,2.41
1038,2007-02-27,2.39
1039,2007-02-28,2.4
1040,2007-03-01,2.39
1041,2007-03-02,2.4
1042,2007-03-05,2.39
1043,2007-03-06,2.4
1044,2007-03-07,2.4
1045,2007-03-08,2.39
1046,2007-03-09,2.42
1047,2007-03-12,2.4
1048,2007-03-13,2.4
1049,2007-03-14,2.41
1050,2007-03-15,2.42
1051,2007-03-16,2.44
1052,2007-03-19,2.46
1053,2007-03-20,2.45
1054,2007-03-21,2.44
1055,2007-03-22,2.47
1056,2007-03-23,2.49
1057,2007-03-26,2.48
1058,2007-03-27,2.51
1059,2007-03-28,2.52
1060,2007-03-29,2.53
1061,2007-03-30,2.51
1062,2007-04-02,2.5
1063,2007-04-03,2.47
1064,2007-04-04,2.49
1065,2007-04-05,2.51
1066,2007-04-06,2.55
1067,2007-04-09,2.52
1068,2007-04-10,2.51
1069,2007-04-11,2.52
1070,2007-04-12,2.52
1071,2007-04-13,2.5
1072,2007-04-16,2.49
1073,2007-04-17,2.44
1074,2007-04-18,2.41
1075,2007-04-19,2.44
1076,2007-04-20,2.44
1077,2007-04-23,2.46
1078,2007-04-24,2.42
1079,2007-04-25,2.45
1080,2007-04-26,2.46
1081,2007-04-27,2.47
1082,2007-04-30,2.45
1083,2007-05-01,2.47
1084,2007-05-02,2.47
1085,2007-05-03,2.45
1086,2007-05-04,2.42
1087,2007-05-07,2.37
1088,2007-05-08,2.38
1089,2007-05-09,2.38
1090,2007-05-10,2.41
1091,2007-05-11,2.38
1092,2007-05-14,2.41
1093,2007-05-15,2.35
1094,2007-05-16,2.34
1095,2007-05-17,2.36
1096,2007-05-18,2.37
1097,2007-05-21,2.35
1098,2007-05-22,2.34
1099,2007-05-23,2.35
1100,2007-05-24,2.36
1101,2007-05-25,2.37
1102,2007-05-29,2.32
1103,2007-05-30,2.33
1104,2007-05-31,2.33
1105,2007-06-01,2.34
1106,2007-06-04,2.36
1107,2007-06-05,2.35
1108,2007-06-06,2.37
1109,2007-06-07,2.38
1110,2007-06-08,2.38
1111,2007-06-11,2.38
1112,2007-06-12,2.39
1113,2007-06-13,2.39
1114,2007-06-14,2.42
1115,2007-06-15,2.42
1116,2007-06-18,2.39
1117,2007-06-19,2.38
1118,2007-06-20,2.37
1119,2007-06-21,2.37
1120,2007-06-22,2.39
1121,2007-06-25,2.37
1122,2007-06-26,2.35
1123,2007-06-27,2.33
1124,2007-06-28,2.36
1125,2007-06-29,2.33
1126,2007-07-02,2.34
1127,2007-07-03,2.34
1128,2007-07-05,2.36
1129,2007-07-06,2.38
1130,2007-07-09,2.39
1131,2007-07-10,2.36
1132,2007-07-11,2.35
1133,2007-07-12,2.36
1134,2007-07-13,2.34
1135,2007-07-16,2.29
1136,2007-07-17,2.27
1137,2007-07-18,2.3
1138,2007-07-19,2.31
1139,2007-07-20,2.28
1140,2007-07-23,2.24
1141,2007-07-24,2.24
1142,2007-07-25,2.25
1143,2007-07-26,2.18
1144,2007-07-27,2.15
1145,2007-07-30,2.17
1146,2007-07-31,2.17
1147,2007-08-01,2.17
1148,2007-08-02,2.15
1149,2007-08-03,2.11
1150,2007-08-06,2.08
1151,2007-08-07,2.09
1152,2007-08-08,2.11
1153,2007-08-09,2.08
1154,2007-08-10,2.07
1155,2007-08-13,2.07
1156,2007-08-14,2.07
1157,2007-08-15,2.04
1158,2007-08-16,1.99
1159,2007-08-17,2.03
1160,2007-08-20,1.99
1161,2007-08-21,1.99
1162,2007-08-22,2.01
1163,2007-08-23,2.03
1164,2007-08-24,2.03
1165,2007-08-27,2.03
1166,2007-08-28,1.96
1167,2007-08-29,1.99
1168,2007-08-30,1.95
1169,2007-08-31,1.97
1170,2007-09-04,1.97
1171,2007-09-05,1.97
1172,2007-09-06,1.97
1173,2007-09-07,1.96
1174,2007-09-10,1.98
1175,2007-09-11,2.01
1176,2007-09-12,2.04
1177,2007-09-13,2.07
1178,2007-09-14,2.07
1179,2007-09-17,2.08
1180,2007-09-18,2.1
1181,2007-09-19,2.12
1182,2007-09-20,2.13
1183,2007-09-21,2.13
1184,2007-09-24,2.1
1185,2007-09-25,2.07
1186,2007-09-26,2.08
1187,2007-09-27,2.11
1188,2007-09-28,2.11
1189,2007-10-01,2.13
1190,2007-10-02,2.12
1191,2007-10-03,2.13
1192,2007-10-04,2.13
1193,2007-10-05,2.14
1194,2007-10-09,2.18
1195,2007-10-10,2.18
1196,2007-10-11,2.19
1197,2007-10-12,2.2
1198,2007-10-15,2.22
1199,2007-10-16,2.23
1200,2007-10-17,2.21
1201,2007-10-18,2.21
1202,2007-10-19,2.19
1203,2007-10-22,2.2
1204,2007-10-23,2.17
1205,2007-10-24,2.16
1206,2007-10-25,2.22
1207,2007-10-26,2.24
1208,2007-10-29,2.25
1209,2007-10-30,2.25
1210,2007-10-31,2.26
1211,2007-11-01,2.28
1212,2007-11-02,2.31
1213,2007-11-05,2.35
1214,2007-11-06,2.4
1215,2007-11-07,2.38
1216,2007-11-08,2.34
1217,2007-11-09,2.37
1218,2007-11-13,2.38
1219,2007-11-14,2.36
1220,2007-11-15,2.32
1221,2007-11-16,2.31
1222,2007-11-19,2.31
1223,2007-11-20,2.32
1224,2007-11-21,2.29
1225,2007-11-23,2.28
1226,2007-11-26,2.27
1227,2007-11-27,2.27
1228,2007-11-28,2.25
1229,2007-11-29,2.26
1230,2007-11-30,2.24
1231,2007-12-03,2.2
1232,2007-12-04,2.17
1233,2007-12-05,2.13
1234,2007-12-06,2.14
1235,2007-12-07,2.14
1236,2007-12-10,2.14
1237,2007-12-11,2.1
1238,2007-12-12,2.15
1239,2007-12-13,2.19
1240,2007-12-14,2.24
1241,2007-12-17,2.25
1242,2007-12-18,2.26
1243,2007-12-19,2.25
1244,2007-12-20,2.23
1245,2007-12-21,2.26
1246,2007-12-24,2.28
1247,2007-12-26,2.29
1248,2007-12-27,2.33
1249,2007-12-28,2.29
1250,2007-12-31,2.27
1251,2008-01-02,2.28
1252,2008-01-03,2.28
1253,2008-01-04,2.25
1254,2008-01-07,2.22
1255,2008-01-08,2.21
1256,2008-01-09,2.16
1257,2008-01-10,2.12
1258,2008-01-11,2.15
1259,2008-01-14,2.19
1260,2008-01-15,2.16
1261,2008-01-16,2.11
1262,2008-01-17,2.06
1263,2008-01-18,2.04
1264,2008-01-22,1.97
1265,2008-01-23,1.92
1266,2008-01-24,1.99
1267,2008-01-25,2.05
1268,2008-01-28,2.05
1269,2008-01-29,2.1
1270,2008-01-30,2.12
1271,2008-01-31,2.15
1272,2008-02-01,2.09
1273,2008-02-04,2.04
1274,2008-02-05,1.98
1275,2008-02-06,1.96
1276,2008-02-07,1.99
1277,2008-02-08,2.02
1278,2008-02-11,2.05
1279,2008-02-12,2.06
1280,2008-02-13,2.03
1281,2008-02-14,2.03
1282,2008-02-15,2.08
1283,2008-02-19,2.15
1284,2008-02-20,2.25
1285,2008-02-21,2.17
1286,2008-02-22,2.17
1287,2008-02-25,2.27
1288,2008-02-26,2.32
1289,2008-02-27,2.32
1290,2008-02-28,2.34
1291,2008-02-29,2.3
1292,2008-03-03,2.29
1293,2008-03-04,2.33
1294,2008-03-05,2.36
1295,2008-03-06,2.37
1296,2008-03-07,2.37
1297,2008-03-10,2.36
1298,2008-03-11,2.41
1299,2008-03-12,2.37
1300,2008-03-13,2.38
1301,2008-03-14,2.25
1302,2008-03-17,2.1
1303,2008-03-18,2.21
1304,2008-03-19,2.14
1305,2008-03-20,2.14
1306,2008-03-24,2.17
1307,2008-03-25,2.13
1308,2008-03-26,2.13
1309,2008-03-27,2.21
1310,2008-03-28,2.21
1311,2008-03-31,2.19
1312,2008-04-01,2.21
1313,2008-04-02,2.21
1314,2008-04-03,2.21
1315,2008-04-04,2.18
1316,2008-04-07,2.23
1317,2008-04-08,2.19
1318,2008-04-09,2.17
1319,2008-04-10,2.19
1320,2008-04-11,2.17
1321,2008-04-14,2.17
1322,2008-04-15,2.2
1323,2008-04-16,2.22
1324,2008-04-17,2.22
1325,2008-04-18,2.24
1326,2008-04-21,2.25
1327,2008-04-22,2.24
1328,2008-04-23,2.25
1329,2008-04-24,2.26
1330,2008-04-25,2.31
1331,2008-04-28,2.3
1332,2008-04-29,2.29
1333,2008-04-30,2.26
1334,2008-05-01,2.27
1335,2008-05-02,2.32
1336,2008-05-05,2.29
1337,2008-05-06,2.31
1338,2008-05-07,2.29
1339,2008-05-08,2.3
1340,2008-05-09,2.32
1341,2008-05-12,2.3
1342,2008-05-13,2.32
1343,2008-05-14,2.36
1344,2008-05-15,2.35
1345,2008-05-16,2.37
1346,2008-05-19,2.4
1347,2008-05-20,2.42
1348,2008-05-21,2.47
1349,2008-05-22,2.47
1350,2008-05-23,2.42
1351,2008-05-27,2.4
1352,2008-05-28,2.39
1353,2008-05-29,2.4
1354,2008-05-30,2.4
1355,2008-06-02,2.4
1356,2008-06-03,2.36
1357,2008-06-04,2.32
1358,2008-06-05,2.37
1359,2008-06-06,2.45
1360,2008-06-09,2.48
1361,2008-06-10,2.48
1362,2008-06-11,2.51
1363,2008-06-12,2.54
1364,2008-06-13,2.56
1365,2008-06-16,2.58
1366,2008-06-17,2.55
1367,2008-06-18,2.57
1368,2008-06-19,2.55
1369,2008-06-20,2.53
1370,2008-06-23,2.56
1371,2008-06-24,2.57
1372,2008-06-25,2.57
1373,2008-06-26,2.64
1374,2008-06-27,2.62
1375,2008-06-30,2.63
1376,2008-07-01,2.66
1377,2008-07-02,2.7
1378,2008-07-03,2.72
1379,2008-07-07,2.63
1380,2008-07-08,2.52
1381,2008-07-09,2.54
1382,2008-07-10,2.57
1383,2008-07-11,2.6
1384,2008-07-14,2.58
1385,2008-07-15,2.55
1386,2008-07-16,2.56
1387,2008-07-17,2.54
1388,2008-07-18,2.5
1389,2008-07-21,2.47
1390,2008-07-22,2.42
1391,2008-07-23,2.29
1392,2008-07-24,2.28
1393,2008-07-25,2.24
1394,2008-07-28,2.25
1395,2008-07-29,2.18
1396,2008-07-30,2.22
1397,2008-07-31,2.16
1398,2008-08-01,2.17
1399,2008-08-04,2.14
1400,2008-08-05,2.1
1401,2008-08-06,2.08
1402,2008-08-07,2.09
1403,2008-08-08,2.04
1404,2008-08-11,2.01
1405,2008-08-12,1.99
1406,2008-08-13,2.01
1407,2008-08-14,2.02
1408,2008-08-15,1.95
1409,2008-08-18,1.92
1410,2008-08-19,1.92
1411,2008-08-20,1.94
1412,2008-08-21,2.02
1413,2008-08-22,1.94
1414,2008-08-25,1.88
1415,2008-08-26,1.9
1416,2008-08-27,1.92
1417,2008-08-28,1.94
1418,2008-08-29,1.89
1419,2008-09-02,1.72
1420,2008-09-03,1.66
1421,2008-09-04,1.59
1422,2008-09-05,1.6
1423,2008-09-08,1.62
1424,2008-09-09,1.52
1425,2008-09-10,1.52
1426,2008-09-11,1.51
1427,2008-09-12,1.5
1428,2008-09-15,1.23
1429,2008-09-16,1.03
1430,2008-09-17,1.04
1431,2008-09-18,1.02
1432,2008-09-19,1.37
1433,2008-09-22,1.44
1434,2008-09-23,1.25
1435,2008-09-24,1.09
1436,2008-09-25,1.18
1437,2008-09-26,1.15
1438,2008-09-29,0.94
1439,2008-09-30,0.97
1440,2008-10-01,0.95
1441,2008-10-02,0.93
1442,2008-10-03,0.96
1443,2008-10-06,0.75
1444,2008-10-07,0.62
1445,2008-10-08,0.43
1446,2008-10-09,0.47
1447,2008-10-10,0.2
1448,2008-10-14,0.24
1449,2008-10-15,0.14
1450,2008-10-16,-0.04
1451,2008-10-17,0.04
1452,2008-10-20,0.09
1453,2008-10-21,-0.12
1454,2008-10-22,-0.24
1455,2008-10-23,-0.39
1456,2008-10-24,-0.8
1457,2008-10-27,-1.07
1458,2008-10-28,-1.04
1459,2008-10-29,-0.96
1460,2008-10-30,-0.81
1461,2008-10-31,-0.96
1462,2008-11-03,-0.95
1463,2008-11-04,-0.89
1464,2008-11-05,-0.9
1465,2008-11-06,-1.02
1466,2008-11-07,-1.0
1467,2008-11-10,-1.01
1468,2008-11-12,-1.09
1469,2008-11-13,-1.07
1470,2008-11-14,-1.1
1471,2008-11-17,-1.12
1472,2008-11-18,-1.29
1473,2008-11-19,-1.53
1474,2008-11-20,-1.79
1475,2008-11-21,-1.94
1476,2008-11-24,-1.95
1477,2008-11-25,-2.06
1478,2008-11-26,-2.23
1479,2008-11-28,-2.24
1480,2008-12-01,-0.32
1481,2008-12-02,-0.08
1482,2008-12-03,0.03
1483,2008-12-04,0.04
1484,2008-12-05,-0.12
1485,2008-12-08,-0.28
1486,2008-12-09,-0.33
1487,2008-12-10,-0.36
1488,2008-12-11,-0.35
1489,2008-12-12,-0.38
1490,2008-12-15,-0.59
1491,2008-12-16,-0.3
1492,2008-12-17,0.09
1493,2008-12-18,-0.11
1494,2008-12-19,-0.31
1495,2008-12-22,-0.37
1496,2008-12-23,-0.27
1497,2008-12-24,-0.27
1498,2008-12-26,-0.28
1499,2008-12-29,-0.21
1500,2008-12-30,-0.25
1501,2008-12-31,-0.26
1502,2009-01-02,-0.25
1503,2009-01-05,-0.19
1504,2009-01-06,-0.14
1505,2009-01-07,-0.09
1506,2009-01-08,-0.08
1507,2009-01-09,-0.09
1508,2009-01-12,-0.1
1509,2009-01-13,-0.03
1510,2009-01-14,-0.13
1511,2009-01-15,-0.1
1512,2009-01-16,0.0
1513,2009-01-20,0.03
1514,2009-01-21,0.04
1515,2009-01-22,0.09
1516,2009-01-23,0.09
1517,2009-01-26,0.1
1518,2009-01-27,0.15
1519,2009-01-28,0.25
1520,2009-01-29,0.3
1521,2009-01-30,0.38
1522,2009-02-02,0.34
1523,2009-02-03,0.43
1524,2009-02-04,0.51
1525,2009-02-05,0.51
1526,2009-02-06,0.7
1527,2009-02-09,0.93
1528,2009-02-10,0.76
1529,2009-02-11,0.66
1530,2009-02-12,0.51
1531,2009-02-13,0.67
1532,2009-02-17,0.45
1533,2009-02-18,0.5
1534,2009-02-19,0.62
1535,2009-02-20,0.57
1536,2009-02-23,0.6
1537,2009-02-24,0.53
1538,2009-02-25,0.6
1539,2009-02-26,0.59
1540,2009-02-27,0.58
1541,2009-03-02,0.52
1542,2009-03-03,0.42
1543,2009-03-04,0.47
1544,2009-03-05,0.42
1545,2009-03-06,0.37
1546,2009-03-09,0.38
1547,2009-03-10,0.38
1548,2009-03-11,0.39
1549,2009-03-12,0.51
1550,2009-03-13,0.5
1551,2009-03-16,0.56
1552,2009-03-17,0.59
1553,2009-03-18,0.6
1554,2009-03-19,0.66
1555,2009-03-20,0.63
1556,2009-03-23,0.64
1557,2009-03-24,0.73
1558,2009-03-25,0.82
1559,2009-03-26,0.95
1560,2009-03-27,0.9
1561,2009-03-30,0.78
1562,2009-03-31,0.73
1563,2009-04-01,0.72
1564,2009-04-02,0.74
1565,2009-04-03,0.8
1566,2009-04-06,0.88
1567,2009-04-07,0.8
1568,2009-04-08,0.78
1569,2009-04-09,0.82
1570,2009-04-13,0.77
1571,2009-04-14,0.75
1572,2009-04-15,0.69
1573,2009-04-16,0.73
1574,2009-04-17,0.73
1575,2009-04-20,0.61
1576,2009-04-21,0.62
1577,2009-04-22,0.64
1578,2009-04-23,0.64
1579,2009-04-24,0.73
1580,2009-04-27,0.75
1581,2009-04-28,0.81
1582,2009-04-29,0.87
1583,2009-04-30,0.82
1584,2009-05-01,0.79
1585,2009-05-04,0.84
1586,2009-05-05,0.86
1587,2009-05-06,0.93
1588,2009-05-07,1.05
1589,2009-05-08,1.04
1590,2009-05-11,1.0
1591,2009-05-12,0.99
1592,2009-05-13,0.96
1593,2009-05-14,0.96
1594,2009-05-15,1.0
1595,2009-05-18,1.03
1596,2009-05-19,1.09
1597,2009-05-20,1.09
1598,2009-05-21,1.13
1599,2009-05-22,1.19
1600,2009-05-26,1.25
1601,2009-05-27,1.37
1602,2009-05-28,1.33
1603,2009-05-29,1.36
1604,2009-06-01,1.53
1605,2009-06-02,1.59
1606,2009-06-03,1.5
1607,2009-06-04,1.55
1608,2009-06-05,1.71
1609,2009-06-08,1.71
1610,2009-06-09,1.75
1611,2009-06-10,1.85
1612,2009-06-11,1.78
1613,2009-06-12,1.67
1614,2009-06-15,1.6
1615,2009-06-16,1.53
1616,2009-06-17,1.43
1617,2009-06-18,1.53
1618,2009-06-19,1.54
1619,2009-06-22,1.44
1620,2009-06-23,1.43
1621,2009-06-24,1.34
1622,2009-06-25,1.33
1623,2009-06-26,1.21
1624,2009-06-29,1.21
1625,2009-06-30,1.34
1626,2009-07-01,1.35
1627,2009-07-02,1.27
1628,2009-07-06,1.22
1629,2009-07-07,1.22
1630,2009-07-08,1.12
1631,2009-07-09,1.1
1632,2009-07-10,1.06
1633,2009-07-13,1.06
1634,2009-07-14,1.15
1635,2009-07-15,1.27
1636,2009-07-16,1.28
1637,2009-07-17,1.37
1638,2009-07-20,1.4
1639,2009-07-21,1.33
1640,2009-07-22,1.34
1641,2009-07-23,1.43
1642,2009-07-24,1.39
1643,2009-07-27,1.42
1644,2009-07-28,1.38
1645,2009-07-29,1.39
1646,2009-07-30,1.38
1647,2009-07-31,1.32
1648,2009-08-03,1.38
1649,2009-08-04,1.42
1650,2009-08-05,1.44
1651,2009-08-06,1.39
1652,2009-08-07,1.48
1653,2009-08-10,1.42
1654,2009-08-11,1.36
1655,2009-08-12,1.34
1656,2009-08-13,1.24
1657,2009-08-14,1.13
1658,2009-08-17,1.08
1659,2009-08-18,1.16
1660,2009-08-19,1.2
1661,2009-08-20,1.3
1662,2009-08-21,1.36
1663,2009-08-24,1.29
1664,2009-08-25,1.21
1665,2009-08-26,1.2
1666,2009-08-27,1.21
1667,2009-08-28,1.18
1668,2009-08-31,1.12
1669,2009-09-01,1.11
1670,2009-09-02,1.07
1671,2009-09-03,1.15
1672,2009-09-04,1.24
1673,2009-09-08,1.32
1674,2009-09-09,1.36
1675,2009-09-10,1.32
1676,2009-09-11,1.36
1677,2009-09-14,1.41
1678,2009-09-15,1.45
1679,2009-09-16,1.52
1680,2009-09-17,1.46
1681,2009-09-18,1.45
1682,2009-09-21,1.39
1683,2009-09-22,1.42
1684,2009-09-23,1.4
1685,2009-09-24,1.36
1686,2009-09-25,1.36
1687,2009-09-28,1.35
1688,2009-09-29,1.34
1689,2009-09-30,1.37
1690,2009-10-01,1.33
1691,2009-10-02,1.33
1692,2009-10-05,1.32
1693,2009-10-06,1.37
1694,2009-10-07,1.35
1695,2009-10-08,1.39
1696,2009-10-09,1.46
1697,2009-10-13,1.47
1698,2009-10-14,1.51
1699,2009-10-15,1.56
1700,2009-10-16,1.57
1701,2009-10-19,1.63
1702,2009-10-20,1.57
1703,2009-10-21,1.55
1704,2009-10-22,1.51
1705,2009-10-23,1.56
1706,2009-10-26,1.6
1707,2009-10-27,1.61
1708,2009-10-28,1.57
1709,2009-10-29,1.64
1710,2009-10-30,1.61
1711,2009-11-02,1.63
1712,2009-11-03,1.63
1713,2009-11-04,1.7
1714,2009-11-05,1.71
1715,2009-11-06,1.7
1716,2009-11-09,1.79
1717,2009-11-10,1.78
1718,2009-11-12,1.73
1719,2009-11-13,1.73
1720,2009-11-16,1.73
1721,2009-11-17,1.74
1722,2009-11-18,1.8
1723,2009-11-19,1.78
1724,2009-11-20,1.8
1725,2009-11-23,1.82
1726,2009-11-24,1.81
1727,2009-11-25,1.81
1728,2009-11-27,1.74
1729,2009-11-30,1.75
1730,2009-12-01,1.8
1731,2009-12-02,1.82
1732,2009-12-03,1.82
1733,2009-12-04,1.81
1734,2009-12-07,1.81
1735,2009-12-08,1.75
1736,2009-12-09,1.71
1737,2009-12-10,1.73
1738,2009-12-11,1.79
1739,2009-12-14,1.84
1740,2009-12-15,1.9
1741,2009-12-16,1.93
1742,2009-12-17,1.88
1743,2009-12-18,1.92
1744,2009-12-21,1.98
1745,2009-12-22,2.01
1746,2009-12-23,2.02
1747,2009-12-24,2.05
1748,2009-12-28,2.08
1749,2009-12-29,2.1
1750,2009-12-30,2.11
1751,2009-12-31,2.13
1752,2010-01-04,2.13
1753,2010-01-05,2.12
1754,2010-01-06,2.16
1755,2010-01-07,2.19
1756,2010-01-08,2.18
1757,2010-01-11,2.12
1758,2010-01-12,2.15
1759,2010-01-13,2.13
1760,2010-01-14,2.12
1761,2010-01-15,2.1
1762,2010-01-19,2.09
1763,2010-01-20,2.09
1764,2010-01-21,1.98
1765,2010-01-22,1.95
1766,2010-01-25,1.97
1767,2010-01-26,1.97
1768,2010-01-27,1.96
1769,2010-01-28,1.94
1770,2010-01-29,1.91
1771,2010-02-01,1.99
1772,2010-02-02,2.02
1773,2010-02-03,2.05
1774,2010-02-04,1.99
1775,2010-02-05,1.89
1776,2010-02-08,1.91
1777,2010-02-09,1.94
1778,2010-02-10,1.97
1779,2010-02-11,1.96
1780,2010-02-12,1.96
1781,2010-02-16,1.95
1782,2010-02-17,2.01
1783,2010-02-18,2.02
1784,2010-02-19,1.97
1785,2010-02-22,1.92
1786,2010-02-23,1.9
1787,2010-02-24,1.9
1788,2010-02-25,1.83
1789,2010-02-26,1.83
1790,2010-03-01,1.83
1791,2010-03-02,1.83
1792,2010-03-03,1.84
1793,2010-03-04,1.84
1794,2010-03-05,1.89
1795,2010-03-08,1.87
1796,2010-03-09,1.88
1797,2010-03-10,1.91
1798,2010-03-11,1.89
1799,2010-03-12,1.93
1800,2010-03-15,1.93
1801,2010-03-16,1.92
1802,2010-03-17,1.96
1803,2010-03-18,1.92
1804,2010-03-19,1.86
1805,2010-03-22,1.82
1806,2010-03-23,1.8
1807,2010-03-24,1.89
1808,2010-03-25,1.87
1809,2010-03-26,1.86
1810,2010-03-29,1.85
1811,2010-03-30,1.83
1812,2010-03-31,1.83
1813,2010-04-01,1.85
1814,2010-04-02,1.86
1815,2010-04-05,1.92
1816,2010-04-06,2.03
1817,2010-04-07,2.04
1818,2010-04-08,1.95
1819,2010-04-09,1.97
1820,2010-04-12,1.95
1821,2010-04-13,1.93
1822,2010-04-14,1.95
1823,2010-04-15,1.96
1824,2010-04-16,1.9
1825,2010-04-19,1.91
1826,2010-04-20,1.96
1827,2010-04-21,1.95
1828,2010-04-22,1.95
1829,2010-04-23,1.99
1830,2010-04-26,2.0
1831,2010-04-27,2.0
1832,2010-04-28,2.0
1833,2010-04-29,2.06
1834,2010-04-30,2.01
1835,2010-05-03,2.0
1836,2010-05-04,1.94
1837,2010-05-05,1.89
1838,2010-05-06,1.79
1839,2010-05-07,1.75
1840,2010-05-10,1.85
1841,2010-05-11,1.86
1842,2010-05-12,1.92
1843,2010-05-13,1.89
1844,2010-05-14,1.83
1845,2010-05-17,1.81
1846,2010-05-18,1.77
1847,2010-05-19,1.7
1848,2010-05-20,1.58
1849,2010-05-21,1.61
1850,2010-05-24,1.62
1851,2010-05-25,1.57
1852,2010-05-26,1.62
1853,2010-05-27,1.72
1854,2010-05-28,1.69
1855,2010-06-01,1.68
1856,2010-06-02,1.71
1857,2010-06-03,1.77
1858,2010-06-04,1.66
1859,2010-06-07,1.64
1860,2010-06-08,1.62
1861,2010-06-09,1.63
1862,2010-06-10,1.68
1863,2010-06-11,1.65
1864,2010-06-14,1.69
1865,2010-06-15,1.68
1866,2010-06-16,1.67
1867,2010-06-17,1.68
1868,2010-06-18,1.69
1869,2010-06-21,1.71
1870,2010-06-22,1.68
1871,2010-06-23,1.64
1872,2010-06-24,1.6
1873,2010-06-25,1.61
1874,2010-06-28,1.57
1875,2010-06-29,1.54
1876,2010-06-30,1.54
1877,2010-07-01,1.48
1878,2010-07-02,1.48
1879,2010-07-06,1.41
1880,2010-07-07,1.4
1881,2010-07-08,1.43
1882,2010-07-09,1.47
1883,2010-07-12,1.48
1884,2010-07-13,1.51
1885,2010-07-14,1.48
1886,2010-07-15,1.43
1887,2010-07-16,1.36
1888,2010-07-19,1.34
1889,2010-07-20,1.32
1890,2010-07-21,1.34
1891,2010-07-22,1.37
1892,2010-07-23,1.39
1893,2010-07-26,1.4
1894,2010-07-27,1.44
1895,2010-07-28,1.46
1896,2010-07-29,1.45
1897,2010-07-30,1.43
1898,2010-08-02,1.5
1899,2010-08-03,1.51
1900,2010-08-04,1.5
1901,2010-08-05,1.5
1902,2010-08-06,1.46
1903,2010-08-09,1.48
1904,2010-08-10,1.48
1905,2010-08-11,1.43
1906,2010-08-12,1.35
1907,2010-08-13,1.34
1908,2010-08-16,1.29
1909,2010-08-17,1.28
1910,2010-08-18,1.28
1911,2010-08-19,1.22
1912,2010-08-20,1.24
1913,2010-08-23,1.21
1914,2010-08-24,1.19
1915,2010-08-25,1.21
1916,2010-08-26,1.24
1917,2010-08-27,1.27
1918,2010-08-30,1.23
1919,2010-08-31,1.19
1920,2010-09-01,1.21
1921,2010-09-02,1.2
1922,2010-09-03,1.25
1923,2010-09-07,1.24
1924,2010-09-08,1.23
1925,2010-09-09,1.29
1926,2010-09-10,1.34
1927,2010-09-13,1.34
1928,2010-09-14,1.28
1929,2010-09-15,1.29
1930,2010-09-16,1.29
1931,2010-09-17,1.25
1932,2010-09-20,1.24
1933,2010-09-21,1.29
1934,2010-09-22,1.32
1935,2010-09-23,1.29
1936,2010-09-24,1.31
1937,2010-09-27,1.29
1938,2010-09-28,1.31
1939,2010-09-29,1.3
1940,2010-09-30,1.3
1941,2010-10-01,1.33
1942,2010-10-04,1.33
1943,2010-10-05,1.4
1944,2010-10-06,1.45
1945,2010-10-07,1.41
1946,2010-10-08,1.48
1947,2010-10-12,1.48
1948,2010-10-13,1.57
1949,2010-10-14,1.67
1950,2010-10-15,1.58
1951,2010-10-18,1.53
1952,2010-10-19,1.51
1953,2010-10-20,1.48
1954,2010-10-21,1.52
1955,2010-10-22,1.56
1956,2010-10-25,1.62
1957,2010-10-26,1.63
1958,2010-10-27,1.59
1959,2010-10-28,1.52
1960,2010-10-29,1.48
1961,2010-11-01,1.51
1962,2010-11-02,1.49
1963,2010-11-03,1.51
1964,2010-11-04,1.52
1965,2010-11-05,1.57
1966,2010-11-08,1.58
1967,2010-11-09,1.58
1968,2010-11-10,1.6
1969,2010-11-12,1.57
1970,2010-11-15,1.57
1971,2010-11-16,1.49
1972,2010-11-17,1.53
1973,2010-11-18,1.57
1974,2010-11-19,1.59
1975,2010-11-22,1.58
1976,2010-11-23,1.54
1977,2010-11-24,1.59
1978,2010-11-26,1.6
1979,2010-11-29,1.58
1980,2010-11-30,1.54
1981,2010-12-01,1.6
1982,2010-12-02,1.64
1983,2010-12-03,1.62
1984,2010-12-06,1.6
1985,2010-12-07,1.67
1986,2010-12-08,1.68
1987,2010-12-09,1.65
1988,2010-12-10,1.65
1989,2010-12-13,1.66
1990,2010-12-14,1.69
1991,2010-12-15,1.77
1992,2010-12-16,1.78
1993,2010-12-17,1.75
1994,2010-12-20,1.75
1995,2010-12-21,1.77
1996,2010-12-22,1.81
1997,2010-12-23,1.83
1998,2010-12-27,1.83
1999,2010-12-28,1.84
2000,2010-12-29,1.81
2001,2010-12-30,1.82
2002,2010-12-31,1.83
2003,2011-01-03,1.82
2004,2011-01-04,1.86
2005,2011-01-05,1.94
2006,2011-01-06,1.96
2007,2011-01-07,1.91
2008,2011-01-10,1.91
2009,2011-01-11,2.0
2010,2011-01-12,2.0
2011,2011-01-13,1.95
2012,2011-01-14,1.93
2013,2011-01-18,1.95
2014,2011-01-19,1.94
2015,2011-01-20,1.9
2016,2011-01-21,1.92
2017,2011-01-24,1.93
2018,2011-01-25,1.94
2019,2011-01-26,1.96
2020,2011-01-27,1.9
2021,2011-01-28,1.93
2022,2011-01-31,1.96
2023,2011-02-01,2.01
2024,2011-02-02,2.01
2025,2011-02-03,2.0
2026,2011-02-04,1.99
2027,2011-02-07,1.98
2028,2011-02-08,1.95
2029,2011-02-09,1.94
2030,2011-02-10,1.92
2031,2011-02-11,1.88
2032,2011-02-14,1.86
2033,2011-02-15,1.91
2034,2011-02-16,1.94
2035,2011-02-17,1.97
2036,2011-02-18,2.04
2037,2011-02-22,2.09
2038,2011-02-23,2.2
2039,2011-02-24,2.2
2040,2011-02-25,2.17
2041,2011-02-28,2.15
2042,2011-03-01,2.17
2043,2011-03-02,2.25
2044,2011-03-03,2.27
2045,2011-03-04,2.24
2046,2011-03-07,2.26
2047,2011-03-08,2.31
2048,2011-03-09,2.25
2049,2011-03-10,2.22
2050,2011-03-11,2.17
2051,2011-03-14,2.15
2052,2011-03-15,2.16
2053,2011-03-16,2.09
2054,2011-03-17,2.18
2055,2011-03-18,2.18
2056,2011-03-21,2.2
2057,2011-03-22,2.19
2058,2011-03-23,2.16
2059,2011-03-24,2.22
2060,2011-03-25,2.19
2061,2011-03-28,2.18
2062,2011-03-29,2.2
2063,2011-03-30,2.19
2064,2011-03-31,2.21
2065,2011-04-01,2.25
2066,2011-04-04,2.29
2067,2011-04-05,2.32
2068,2011-04-06,2.34
2069,2011-04-07,2.33
2070,2011-04-08,2.38
2071,2011-04-11,2.38
2072,2011-04-12,2.32
2073,2011-04-13,2.3
2074,2011-04-14,2.25
2075,2011-04-15,2.23
2076,2011-04-18,2.19
2077,2011-04-19,2.24
2078,2011-04-20,2.27
2079,2011-04-21,2.29
2080,2011-04-25,2.3
2081,2011-04-26,2.32
2082,2011-04-27,2.37
2083,2011-04-28,2.41
2084,2011-04-29,2.45
2085,2011-05-02,2.44
2086,2011-05-03,2.42
2087,2011-05-04,2.41
2088,2011-05-05,2.28
2089,2011-05-06,2.25
2090,2011-05-09,2.29
2091,2011-05-10,2.31
2092,2011-05-11,2.2
2093,2011-05-12,2.2
2094,2011-05-13,2.15
2095,2011-05-16,2.12
2096,2011-05-17,2.08
2097,2011-05-18,2.14
2098,2011-05-19,2.1
2099,2011-05-20,2.07
2100,2011-05-23,2.03
2101,2011-05-24,2.07
2102,2011-05-25,2.08
2103,2011-05-26,2.06
2104,2011-05-27,2.03
2105,2011-05-31,2.0
2106,2011-06-01,1.99
2107,2011-06-02,2.02
2108,2011-06-03,2.03
2109,2011-06-06,2.03
2110,2011-06-07,2.04
2111,2011-06-08,2.01
2112,2011-06-09,2.03
2113,2011-06-10,1.99
2114,2011-06-13,1.99
2115,2011-06-14,2.04
2116,2011-06-15,1.99
2117,2011-06-16,1.95
2118,2011-06-17,1.9
2119,2011-06-20,1.89
2120,2011-06-21,1.91
2121,2011-06-22,1.9
2122,2011-06-23,1.81
2123,2011-06-24,1.79
2124,2011-06-27,1.8
2125,2011-06-28,1.88
2126,2011-06-29,2.0
2127,2011-06-30,2.03
2128,2011-07-01,2.05
2129,2011-07-05,2.03
2130,2011-07-06,2.03
2131,2011-07-07,2.1
2132,2011-07-08,2.01
2133,2011-07-11,2.01
2134,2011-07-12,2.01
2135,2011-07-13,1.99
2136,2011-07-14,1.98
2137,2011-07-15,1.98
2138,2011-07-18,2.0
2139,2011-07-19,2.02
2140,2011-07-20,2.01
2141,2011-07-21,2.04
2142,2011-07-22,2.03
2143,2011-07-25,2.06
2144,2011-07-26,2.01
2145,2011-07-27,2.1
2146,2011-07-28,2.11
2147,2011-07-29,2.07
2148,2011-08-01,2.07
2149,2011-08-02,1.99
2150,2011-08-03,1.87
2151,2011-08-04,1.79
2152,2011-08-05,1.82
2153,2011-08-08,1.74
2154,2011-08-09,1.75
2155,2011-08-10,1.95
2156,2011-08-11,1.86
2157,2011-08-12,1.84
2158,2011-08-15,1.8
2159,2011-08-16,1.74
2160,2011-08-17,1.73
2161,2011-08-18,1.62
2162,2011-08-19,1.7
2163,2011-08-22,1.73
2164,2011-08-23,1.66
2165,2011-08-24,1.65
2166,2011-08-25,1.68
2167,2011-08-26,1.64
2168,2011-08-29,1.67
2169,2011-08-30,1.67
2170,2011-08-31,1.72
2171,2011-09-01,1.72
2172,2011-09-02,1.72
2173,2011-09-06,1.63
2174,2011-09-07,1.67
2175,2011-09-08,1.73
2176,2011-09-09,1.65
2177,2011-09-12,1.63
2178,2011-09-13,1.61
2179,2011-09-14,1.58
2180,2011-09-15,1.73
2181,2011-09-16,1.69
2182,2011-09-19,1.61
2183,2011-09-20,1.67
2184,2011-09-21,1.66
2185,2011-09-22,1.49
2186,2011-09-23,1.48
2187,2011-09-26,1.48
2188,2011-09-27,1.57
2189,2011-09-28,1.57
2190,2011-09-29,1.54
2191,2011-09-30,1.5
2192,2011-10-03,1.48
2193,2011-10-04,1.49
2194,2011-10-05,1.5
2195,2011-10-06,1.58
2196,2011-10-07,1.63
2197,2011-10-11,1.65
2198,2011-10-12,1.67
2199,2011-10-13,1.61
2200,2011-10-14,1.66
2201,2011-10-17,1.66
2202,2011-10-18,1.72
2203,2011-10-19,1.71
2204,2011-10-20,1.72
2205,2011-10-21,1.74
2206,2011-10-24,1.76
2207,2011-10-25,1.76
2208,2011-10-26,1.83
2209,2011-10-27,1.94
2210,2011-10-28,1.93
2211,2011-10-31,1.88
2212,2011-11-01,1.82
2213,2011-11-02,1.91
2214,2011-11-03,1.91
2215,2011-11-04,1.93
2216,2011-11-07,1.94
2217,2011-11-08,1.89
2218,2011-11-09,1.87
2219,2011-11-10,1.88
2220,2011-11-14,1.84
2221,2011-11-15,1.76
2222,2011-11-16,1.68
2223,2011-11-17,1.59
2224,2011-11-18,1.64
2225,2011-11-21,1.59
2226,2011-11-22,1.6
2227,2011-11-23,1.61
2228,2011-11-25,1.64
2229,2011-11-28,1.66
2230,2011-11-29,1.7
2231,2011-11-30,1.76
2232,2011-12-01,1.76
2233,2011-12-02,1.76
2234,2011-12-05,1.77
2235,2011-12-06,1.83
2236,2011-12-07,1.71
2237,2011-12-08,1.65
2238,2011-12-09,1.64
2239,2011-12-12,1.64
2240,2011-12-13,1.65
2241,2011-12-14,1.6
2242,2011-12-15,1.61
2243,2011-12-16,1.58
2244,2011-12-19,1.64
2245,2011-12-20,1.72
2246,2011-12-21,1.7
2247,2011-12-22,1.64
2248,2011-12-23,1.68
2249,2011-12-27,1.65
2250,2011-12-28,1.63
2251,2011-12-29,1.61
2252,2011-12-30,1.59
2253,2012-01-03,1.66
2254,2012-01-04,1.71
2255,2012-01-05,1.74
2256,2012-01-06,1.71
2257,2012-01-09,1.73
2258,2012-01-10,1.7
2259,2012-01-11,1.67
2260,2012-01-12,1.69
2261,2012-01-13,1.69
2262,2012-01-17,1.7
2263,2012-01-18,1.73
2264,2012-01-19,1.75
2265,2012-01-20,1.76
2266,2012-01-23,1.77
2267,2012-01-24,1.81
2268,2012-01-25,1.83
2269,2012-01-26,1.86
2270,2012-01-27,1.88
2271,2012-01-30,1.87
2272,2012-01-31,1.88
2273,2012-02-01,1.89
2274,2012-02-02,1.89
2275,2012-02-03,1.88
2276,2012-02-06,1.91
2277,2012-02-07,1.95
2278,2012-02-08,1.91
2279,2012-02-09,1.91
2280,2012-02-10,1.88
2281,2012-02-13,1.97
2282,2012-02-14,1.92
2283,2012-02-15,1.9
2284,2012-02-16,1.93
2285,2012-02-17,1.93
2286,2012-02-21,1.98
2287,2012-02-22,1.99
2288,2012-02-23,2.04
2289,2012-02-24,2.03
2290,2012-02-27,2.02
2291,2012-02-28,1.99
2292,2012-02-29,1.99
2293,2012-03-01,1.99
2294,2012-03-02,1.95
2295,2012-03-05,1.94
2296,2012-03-06,1.92
2297,2012-03-07,1.98
2298,2012-03-08,2.01
2299,2012-03-09,2.07
2300,2012-03-12,2.06
2301,2012-03-13,2.13
2302,2012-03-14,2.15
2303,2012-03-15,2.13
2304,2012-03-16,2.12
2305,2012-03-19,2.13
2306,2012-03-20,2.15
2307,2012-03-21,2.11
2308,2012-03-22,2.06
2309,2012-03-23,2.04
2310,2012-03-26,2.02
2311,2012-03-27,2.01
2312,2012-03-28,2.03
2313,2012-03-29,1.99
2314,2012-03-30,2.02
2315,2012-04-02,2.04
2316,2012-04-03,2.04
2317,2012-04-04,1.96
2318,2012-04-05,1.95
2319,2012-04-06,1.85
2320,2012-04-09,1.84
2321,2012-04-10,1.87
2322,2012-04-11,1.95
2323,2012-04-12,1.91
2324,2012-04-13,1.91
2325,2012-04-16,1.89
2326,2012-04-17,1.91
2327,2012-04-18,1.87
2328,2012-04-19,1.91
2329,2012-04-20,1.96
2330,2012-04-23,1.95
2331,2012-04-24,2.01
2332,2012-04-25,2.02
2333,2012-04-26,2.04
2334,2012-04-27,2.06
2335,2012-04-30,2.06
2336,2012-05-01,2.06
2337,2012-05-02,2.04
2338,2012-05-03,2.01
2339,2012-05-04,1.93
2340,2012-05-07,1.94
2341,2012-05-08,1.95
2342,2012-05-09,1.94
2343,2012-05-10,1.96
2344,2012-05-11,1.91
2345,2012-05-14,1.91
2346,2012-05-15,1.92
2347,2012-05-16,1.89
2348,2012-05-17,1.87
2349,2012-05-18,1.85
2350,2012-05-21,1.86
2351,2012-05-22,1.87
2352,2012-05-23,1.8
2353,2012-05-24,1.79
2354,2012-05-25,1.78
2355,2012-05-29,1.76
2356,2012-05-30,1.71
2357,2012-05-31,1.72
2358,2012-06-01,1.65
2359,2012-06-04,1.69
2360,2012-06-05,1.71
2361,2012-06-06,1.73
2362,2012-06-07,1.77
2363,2012-06-08,1.79
2364,2012-06-11,1.79
2365,2012-06-12,1.81
2366,2012-06-13,1.8
2367,2012-06-14,1.79
2368,2012-06-15,1.86
2369,2012-06-18,1.85
2370,2012-06-19,1.87
2371,2012-06-20,1.88
2372,2012-06-21,1.77
2373,2012-06-22,1.74
2374,2012-06-25,1.7
2375,2012-06-26,1.7
2376,2012-06-27,1.68
2377,2012-06-28,1.64
2378,2012-06-29,1.72
2379,2012-07-02,1.71
2380,2012-07-03,1.77
2381,2012-07-05,1.8
2382,2012-07-06,1.76
2383,2012-07-09,1.77
2384,2012-07-10,1.79
2385,2012-07-11,1.79
2386,2012-07-12,1.76
2387,2012-07-13,1.78
2388,2012-07-16,1.78
2389,2012-07-17,1.78
2390,2012-07-18,1.79
2391,2012-07-19,1.82
2392,2012-07-20,1.77
2393,2012-07-23,1.75
2394,2012-07-24,1.7
2395,2012-07-25,1.68
2396,2012-07-26,1.71
2397,2012-07-27,1.79
2398,2012-07-30,1.78
2399,2012-07-31,1.83
2400,2012-08-01,1.85
2401,2012-08-02,1.83
2402,2012-08-03,1.87
2403,2012-08-06,1.89
2404,2012-08-07,1.95
2405,2012-08-08,1.92
2406,2012-08-09,1.92
2407,2012-08-10,1.9
2408,2012-08-13,1.9
2409,2012-08-14,1.91
2410,2012-08-15,1.89
2411,2012-08-16,1.9
2412,2012-08-17,1.86
2413,2012-08-20,1.84
2414,2012-08-21,1.86
2415,2012-08-22,1.88
2416,2012-08-23,1.96
2417,2012-08-24,1.94
2418,2012-08-27,1.97
2419,2012-08-28,1.98
2420,2012-08-29,1.95
2421,2012-08-30,1.92
2422,2012-08-31,1.95
2423,2012-09-04,1.97
2424,2012-09-05,1.98
2425,2012-09-06,2.01
2426,2012-09-07,2.03
2427,2012-09-10,2.08
2428,2012-09-11,2.11
2429,2012-09-12,2.12
2430,2012-09-13,2.23
2431,2012-09-14,2.39
2432,2012-09-17,2.31
2433,2012-09-18,2.23
2434,2012-09-19,2.19
2435,2012-09-20,2.21
2436,2012-09-21,2.18
2437,2012-09-24,2.15
2438,2012-09-25,2.15
2439,2012-09-26,2.09
2440,2012-09-27,2.11
2441,2012-09-28,2.11
2442,2012-10-01,2.11
2443,2012-10-02,2.12
2444,2012-10-03,2.18
2445,2012-10-04,2.25
2446,2012-10-05,2.28
2447,2012-10-09,2.27
2448,2012-10-10,2.23
2449,2012-10-11,2.19
2450,2012-10-12,2.15
2451,2012-10-15,2.19
2452,2012-10-16,2.18
2453,2012-10-17,2.22
2454,2012-10-18,2.22
2455,2012-10-19,2.19
2456,2012-10-22,2.18
2457,2012-10-23,2.15
2458,2012-10-24,2.13
2459,2012-10-25,2.13
2460,2012-10-26,2.08
2461,2012-10-29,2.09
2462,2012-10-31,2.12
2463,2012-11-01,2.13
2464,2012-11-02,2.12
2465,2012-11-05,2.07
2466,2012-11-06,2.12
2467,2012-11-07,2.08
2468,2012-11-08,2.07
2469,2012-11-09,2.05
2470,2012-11-13,2.04
2471,2012-11-14,2.02
2472,2012-11-15,2.0
2473,2012-11-16,2.01
2474,2012-11-19,2.03
2475,2012-11-20,2.05
2476,2012-11-21,2.05
2477,2012-11-23,2.06
2478,2012-11-26,2.04
2479,2012-11-27,2.02
2480,2012-11-28,1.99
2481,2012-11-29,2.0
2482,2012-11-30,2.01
2483,2012-12-03,2.04
2484,2012-12-04,2.04
2485,2012-12-05,2.06
2486,2012-12-06,2.06
2487,2012-12-07,2.1
2488,2012-12-10,2.05
2489,2012-12-11,2.07
2490,2012-12-12,2.12
2491,2012-12-13,2.12
2492,2012-12-14,2.11
2493,2012-12-17,2.11
2494,2012-12-18,2.14
2495,2012-12-19,2.13
2496,2012-12-20,2.16
2497,2012-12-21,2.1
2498,2012-12-24,2.13
2499,2012-12-26,2.11
2500,2012-12-27,2.11
2501,2012-12-28,2.06
2502,2012-12-31,2.09
2503,2013-01-02,2.12
2504,2013-01-03,2.11
2505,2013-01-04,2.13
2506,2013-01-07,2.16
2507,2013-01-08,2.15
2508,2013-01-09,2.18
2509,2013-01-10,2.2
2510,2013-01-11,2.18
2511,2013-01-14,2.12
2512,2013-01-15,2.2
2513,2013-01-16,2.18
2514,2013-01-17,2.19
2515,2013-01-18,2.2
2516,2013-01-22,2.15
2517,2013-01-23,2.21
2518,2013-01-24,2.22
2519,2013-01-25,2.21
2520,2013-01-28,2.24
2521,2013-01-29,2.27
2522,2013-01-30,2.26
2523,2013-01-31,2.33
2524,2013-02-01,2.34
2525,2013-02-04,2.32
2526,2013-02-05,2.32
2527,2013-02-06,2.32
2528,2013-02-07,2.29
2529,2013-02-08,2.21
2530,2013-02-11,2.26
2531,2013-02-12,2.2
2532,2013-02-13,2.26
2533,2013-02-14,2.22
2534,2013-02-15,2.19
2535,2013-02-19,2.2
2536,2013-02-20,2.19
2537,2013-02-21,2.19
2538,2013-02-22,2.2
2539,2013-02-25,2.19
2540,2013-02-26,2.18
2541,2013-02-27,2.18
2542,2013-02-28,2.18
2543,2013-03-01,2.2
2544,2013-03-04,2.22
2545,2013-03-05,2.26
2546,2013-03-06,2.27
2547,2013-03-07,2.22
2548,2013-03-08,2.18
2549,2013-03-11,2.28
2550,2013-03-12,2.27
2551,2013-03-13,2.29
2552,2013-03-14,2.31
2553,2013-03-15,2.3
2554,2013-03-18,2.26
2555,2013-03-19,2.25
2556,2013-03-20,2.25
2557,2013-03-21,2.22
2558,2013-03-22,2.23
2559,2013-03-25,2.24
2560,2013-03-26,2.21
2561,2013-03-27,2.22
2562,2013-03-28,2.24
2563,2013-04-01,2.23
2564,2013-04-02,2.22
2565,2013-04-03,2.18
2566,2013-04-04,2.13
2567,2013-04-05,2.1
2568,2013-04-08,2.14
2569,2013-04-09,2.06
2570,2013-04-10,2.1
2571,2013-04-11,2.12
2572,2013-04-12,2.11
2573,2013-04-15,2.02
2574,2013-04-16,2.02
2575,2013-04-17,1.98
2576,2013-04-18,2.0
2577,2013-04-19,2.04
2578,2013-04-22,2.04
2579,2013-04-23,2.04
2580,2013-04-24,2.07
2581,2013-04-25,2.12
2582,2013-04-26,2.11
2583,2013-04-29,2.1
2584,2013-04-30,2.06
2585,2013-05-01,1.98
2586,2013-05-02,1.99
2587,2013-05-03,2.03
2588,2013-05-06,2.05
2589,2013-05-07,2.05
2590,2013-05-08,2.03
2591,2013-05-09,2.02
2592,2013-05-10,2.05
2593,2013-05-13,2.02
2594,2013-05-14,2.03
2595,2013-05-15,2.01
2596,2013-05-16,1.97
2597,2013-05-17,1.98
2598,2013-05-20,2.0
2599,2013-05-21,1.99
2600,2013-05-22,1.97
2601,2013-05-23,1.93
2602,2013-05-24,1.93
2603,2013-05-28,1.96
2604,2013-05-29,1.91
2605,2013-05-30,1.83
2606,2013-05-31,1.87
2607,2013-06-03,1.89
2608,2013-06-04,1.92
2609,2013-06-05,1.88
2610,2013-06-06,1.87
2611,2013-06-07,1.89
2612,2013-06-10,1.85
2613,2013-06-11,1.83
2614,2013-06-12,1.81
2615,2013-06-13,1.8
2616,2013-06-14,1.82
2617,2013-06-17,1.8
2618,2013-06-18,1.84
2619,2013-06-19,1.83
2620,2013-06-20,1.74
2621,2013-06-21,1.66
2622,2013-06-24,1.62
2623,2013-06-25,1.65
2624,2013-06-26,1.67
2625,2013-06-27,1.73
2626,2013-06-28,1.76
2627,2013-07-01,1.8
2628,2013-07-02,1.82
2629,2013-07-03,1.83
2630,2013-07-05,1.87
2631,2013-07-08,1.87
2632,2013-07-09,1.86
2633,2013-07-10,1.87
2634,2013-07-11,1.82
2635,2013-07-12,1.84
2636,2013-07-15,1.86
2637,2013-07-16,1.89
2638,2013-07-17,1.9
2639,2013-07-18,1.89
2640,2013-07-19,1.91
2641,2013-07-22,1.91
2642,2013-07-23,1.9
2643,2013-07-24,1.87
2644,2013-07-25,1.83
2645,2013-07-26,1.83
2646,2013-07-29,1.81
2647,2013-07-30,1.82
2648,2013-07-31,1.87
2649,2013-08-01,1.94
2650,2013-08-02,1.91
2651,2013-08-05,1.92
2652,2013-08-06,1.94
2653,2013-08-07,1.93
2654,2013-08-08,1.9
2655,2013-08-09,1.91
2656,2013-08-12,1.91
2657,2013-08-13,1.92
2658,2013-08-14,1.86
2659,2013-08-15,1.83
2660,2013-08-16,1.79
2661,2013-08-19,1.76
2662,2013-08-20,1.78
2663,2013-08-21,1.77
2664,2013-08-22,1.77
2665,2013-08-23,1.82
2666,2013-08-26,1.82
2667,2013-08-27,1.86
2668,2013-08-28,1.85
2669,2013-08-29,1.8
2670,2013-08-30,1.78
2671,2013-09-03,1.76
2672,2013-09-04,1.74
2673,2013-09-05,1.71
2674,2013-09-06,1.71
2675,2013-09-09,1.69
2676,2013-09-10,1.74
2677,2013-09-11,1.76
2678,2013-09-12,1.75
2679,2013-09-13,1.75
2680,2013-09-16,1.76
2681,2013-09-17,1.79
2682,2013-09-18,1.84
2683,2013-09-19,1.83
2684,2013-09-20,1.85
2685,2013-09-23,1.84
2686,2013-09-24,1.77
2687,2013-09-25,1.79
2688,2013-09-26,1.77
2689,2013-09-27,1.76
2690,2013-09-30,1.74
2691,2013-10-01,1.77
2692,2013-10-02,1.8
2693,2013-10-03,1.77
2694,2013-10-04,1.79
2695,2013-10-07,1.79
2696,2013-10-08,1.76
2697,2013-10-09,1.78
2698,2013-10-10,1.81
2699,2013-10-11,1.79
2700,2013-10-15,1.79
2701,2013-10-16,1.79
2702,2013-10-17,1.77
2703,2013-10-18,1.78
2704,2013-10-21,1.79
2705,2013-10-22,1.76
2706,2013-10-23,1.76
2707,2013-10-24,1.77
2708,2013-10-25,1.77
2709,2013-10-28,1.79
2710,2013-10-29,1.76
2711,2013-10-30,1.77
2712,2013-10-31,1.74
2713,2013-11-01,1.7
2714,2013-11-04,1.71
2715,2013-11-05,1.72
2716,2013-11-06,1.77
2717,2013-11-07,1.76
2718,2013-11-08,1.77
2719,2013-11-12,1.79
2720,2013-11-13,1.79
2721,2013-11-14,1.8
2722,2013-11-15,1.8
2723,2013-11-18,1.8
2724,2013-11-19,1.77
2725,2013-11-20,1.75
2726,2013-11-21,1.76
2727,2013-11-22,1.76
2728,2013-11-25,1.75
2729,2013-11-26,1.71
2730,2013-11-27,1.71
2731,2013-11-29,1.69
2732,2013-12-02,1.7
2733,2013-12-03,1.69
2734,2013-12-04,1.64
2735,2013-12-05,1.66
2736,2013-12-06,1.65
2737,2013-12-09,1.63
2738,2013-12-10,1.64
2739,2013-12-11,1.65
2740,2013-12-12,1.65
2741,2013-12-13,1.66
2742,2013-12-16,1.68
2743,2013-12-17,1.69
2744,2013-12-18,1.67
2745,2013-12-19,1.75
2746,2013-12-20,1.64
2747,2013-12-23,1.67
2748,2013-12-24,1.68
2749,2013-12-26,1.7
2750,2013-12-27,1.68
2751,2013-12-30,1.64
2752,2013-12-31,1.69
2753,2014-01-02,1.71
2754,2014-01-03,1.69
2755,2014-01-06,1.75
2756,2014-01-07,1.83
2757,2014-01-08,1.76
2758,2014-01-09,1.83
2759,2014-01-10,1.75
2760,2014-01-13,1.71
2761,2014-01-14,1.76
2762,2014-01-15,1.72
2763,2014-01-16,1.74
2764,2014-01-17,1.72
2765,2014-01-21,1.71
2766,2014-01-22,1.79
2767,2014-01-23,1.72
2768,2014-01-24,1.68
2769,2014-01-27,1.72
2770,2014-01-28,1.71
2771,2014-01-29,1.72
2772,2014-01-30,1.76
2773,2014-01-31,1.72
2774,2014-02-03,1.7
2775,2014-02-04,1.77
2776,2014-02-05,1.78
2777,2014-02-06,1.82
2778,2014-02-07,1.77
2779,2014-02-10,1.79
2780,2014-02-11,1.8
2781,2014-02-12,1.83
2782,2014-02-13,1.77
2783,2014-02-14,1.67
2784,2014-02-18,1.79
2785,2014-02-19,1.78
2786,2014-02-20,1.78
2787,2014-02-21,1.74
2788,2014-02-24,1.78
2789,2014-02-25,1.78
2790,2014-02-26,1.76
2791,2014-02-27,1.81
2792,2014-02-28,1.79
2793,2014-03-03,1.78
2794,2014-03-04,1.79
2795,2014-03-05,1.8
2796,2014-03-06,1.84
2797,2014-03-07,1.83
2798,2014-03-10,1.88
2799,2014-03-11,1.86
2800,2014-03-12,1.82
2801,2014-03-13,1.75
2802,2014-03-14,1.74
2803,2014-03-17,1.8
2804,2014-03-18,1.77
2805,2014-03-19,1.73
2806,2014-03-20,1.75
2807,2014-03-21,1.79
2808,2014-03-24,1.79
2809,2014-03-25,1.7
2810,2014-03-26,1.75
2811,2014-03-27,1.73
2812,2014-03-28,1.72
2813,2014-03-31,1.7
2814,2014-04-01,1.71
2815,2014-04-02,1.72
2816,2014-04-03,1.68
2817,2014-04-04,1.71
2818,2014-04-07,1.61
2819,2014-04-08,1.71
2820,2014-04-09,1.7
2821,2014-04-10,1.69
2822,2014-04-11,1.64
2823,2014-04-14,1.71
2824,2014-04-15,1.68
2825,2014-04-16,1.73
2826,2014-04-17,1.95
2827,2014-04-21,1.97
2828,2014-04-22,1.98
2829,2014-04-23,1.98
2830,2014-04-24,1.99
2831,2014-04-25,1.96
2832,2014-04-28,1.95
2833,2014-04-29,1.95
2834,2014-04-30,1.96
2835,2014-05-01,1.96
2836,2014-05-02,1.95
2837,2014-05-05,1.92
2838,2014-05-06,1.91
2839,2014-05-07,1.92
2840,2014-05-08,1.93
2841,2014-05-09,1.92
2842,2014-05-12,1.91
2843,2014-05-13,1.89
2844,2014-05-14,1.92
2845,2014-05-15,1.96
2846,2014-05-16,1.94
2847,2014-05-19,1.93
2848,2014-05-20,1.92
2849,2014-05-21,1.95
2850,2014-05-22,1.97
2851,2014-05-23,1.97
2852,2014-05-27,1.95
2853,2014-05-28,1.94
2854,2014-05-29,1.96
2855,2014-05-30,1.93
2856,2014-06-02,1.93
2857,2014-06-03,1.92
2858,2014-06-04,1.9
2859,2014-06-05,1.92
2860,2014-06-06,1.93
2861,2014-06-09,1.95
2862,2014-06-10,1.94
2863,2014-06-11,1.94
2864,2014-06-12,1.95
2865,2014-06-13,1.93
2866,2014-06-16,1.92
2867,2014-06-17,1.97
2868,2014-06-18,1.98
2869,2014-06-19,2.02
2870,2014-06-20,2.02
2871,2014-06-23,2.03
2872,2014-06-24,2.05
2873,2014-06-25,2.03
2874,2014-06-26,2.02
2875,2014-06-27,2.03
2876,2014-06-30,2.0
2877,2014-07-01,2.0
2878,2014-07-02,2.01
2879,2014-07-03,2.03
2880,2014-07-07,2.01
2881,2014-07-08,1.99
2882,2014-07-09,1.98
2883,2014-07-10,2.0
2884,2014-07-11,1.99
2885,2014-07-14,1.99
2886,2014-07-15,1.96
2887,2014-07-16,1.95
2888,2014-07-17,1.97
2889,2014-07-18,1.96
2890,2014-07-21,1.97
2891,2014-07-22,1.93
2892,2014-07-23,1.92
2893,2014-07-24,1.93
2894,2014-07-25,1.95
2895,2014-07-28,1.95
2896,2014-07-29,1.94
2897,2014-07-30,1.96
2898,2014-07-31,1.97
2899,2014-08-01,1.92
2900,2014-08-04,1.9
2901,2014-08-05,1.9
2902,2014-08-06,1.9
2903,2014-08-07,1.89
2904,2014-08-08,1.86
2905,2014-08-11,1.86
2906,2014-08-12,1.87
2907,2014-08-13,1.88
2908,2014-08-14,1.84
2909,2014-08-15,1.83
2910,2014-08-18,1.85
2911,2014-08-19,1.81
2912,2014-08-20,1.83
2913,2014-08-21,1.8
2914,2014-08-22,1.79
2915,2014-08-25,1.78
2916,2014-08-26,1.83
2917,2014-08-27,1.8
2918,2014-08-28,1.77
2919,2014-08-29,1.76
2920,2014-09-02,1.76
2921,2014-09-03,1.77
2922,2014-09-04,1.76
2923,2014-09-05,1.77
2924,2014-09-08,1.74
2925,2014-09-09,1.71
2926,2014-09-10,1.69
2927,2014-09-11,1.76
2928,2014-09-12,1.75
2929,2014-09-15,1.73
2930,2014-09-16,1.75
2931,2014-09-17,1.63
2932,2014-09-18,1.56
2933,2014-09-19,1.56
2934,2014-09-22,1.6
2935,2014-09-23,1.63
2936,2014-09-24,1.66
2937,2014-09-25,1.62
2938,2014-09-26,1.59
2939,2014-09-29,1.61
2940,2014-09-30,1.56
2941,2014-10-01,1.6
2942,2014-10-02,1.57
2943,2014-10-03,1.56
2944,2014-10-06,1.55
2945,2014-10-07,1.52
2946,2014-10-08,1.54
2947,2014-10-09,1.52
2948,2014-10-10,1.52
2949,2014-10-14,1.41
2950,2014-10-15,1.37
2951,2014-10-16,1.37
2952,2014-10-17,1.43
2953,2014-10-20,1.45
2954,2014-10-21,1.42
2955,2014-10-22,1.47
2956,2014-10-23,1.43
2957,2014-10-24,1.46
2958,2014-10-27,1.44
2959,2014-10-28,1.47
2960,2014-10-29,1.47
2961,2014-10-30,1.49
2962,2014-10-31,1.53
2963,2014-11-03,1.55
2964,2014-11-04,1.49
2965,2014-11-05,1.54
2966,2014-11-06,1.58
2967,2014-11-07,1.59
2968,2014-11-10,1.58
2969,2014-11-12,1.53
2970,2014-11-13,1.48
2971,2014-11-14,1.45
2972,2014-11-17,1.42
2973,2014-11-18,1.42
2974,2014-11-19,1.39
2975,2014-11-20,1.41
2976,2014-11-21,1.44
2977,2014-11-24,1.43
2978,2014-11-25,1.47
2979,2014-11-26,1.44
2980,2014-11-28,1.39
2981,2014-12-01,1.39
2982,2014-12-02,1.36
2983,2014-12-03,1.38
2984,2014-12-04,1.36
2985,2014-12-05,1.35
2986,2014-12-08,1.24
2987,2014-12-09,1.34
2988,2014-12-10,1.27
2989,2014-12-11,1.27
2990,2014-12-12,1.2
2991,2014-12-15,1.17
2992,2014-12-16,1.21
2993,2014-12-17,1.22
2994,2014-12-18,1.2
2995,2014-12-19,1.27
2996,2014-12-22,1.29
2997,2014-12-23,1.3
2998,2014-12-24,1.26
2999,2014-12-26,1.26
3000,2014-12-29,1.22
3001,2014-12-30,1.21
3002,2014-12-31,1.27
3003,2015-01-02,1.3
3004,2015-01-05,1.25
3005,2015-01-06,1.16
3006,2015-01-07,1.16
3007,2015-01-08,1.21
3008,2015-01-09,1.2
3009,2015-01-12,1.16
3010,2015-01-13,1.05
3011,2015-01-14,1.18
3012,2015-01-15,1.18
3013,2015-01-16,1.19
3014,2015-01-20,1.19
3015,2015-01-21,1.17
3016,2015-01-22,1.19
3017,2015-01-23,1.21
3018,2015-01-26,1.24
3019,2015-01-27,1.29
3020,2015-01-28,1.24
3021,2015-01-29,1.31
3022,2015-01-30,1.29
3023,2015-02-02,1.32
3024,2015-02-03,1.4
3025,2015-02-04,1.35
3026,2015-02-05,1.38
3027,2015-02-06,1.36
3028,2015-02-09,1.36
3029,2015-02-10,1.32
3030,2015-02-11,1.32
3031,2015-02-12,1.37
3032,2015-02-13,1.32
3033,2015-02-17,1.33
3034,2015-02-18,1.32
3035,2015-02-19,1.35
3036,2015-02-20,1.37
3037,2015-02-23,1.34
3038,2015-02-24,1.33
3039,2015-02-25,1.36
3040,2015-02-26,1.49
3041,2015-02-27,1.49
3042,2015-03-02,1.54
3043,2015-03-03,1.57
3044,2015-03-04,1.61
3045,2015-03-05,1.53
3046,2015-03-06,1.55
3047,2015-03-09,1.47
3048,2015-03-10,1.36
3049,2015-03-11,1.45
3050,2015-03-12,1.41
3051,2015-03-13,1.4
3052,2015-03-16,1.27
3053,2015-03-17,1.34
3054,2015-03-18,1.33
3055,2015-03-19,1.49
3056,2015-03-20,1.5
3057,2015-03-23,1.48
3058,2015-03-24,1.53
3059,2015-03-25,1.56
3060,2015-03-26,1.57
3061,2015-03-27,1.54
3062,2015-03-30,1.49
3063,2015-03-31,1.51
3064,2015-04-01,1.58
3065,2015-04-02,1.56
3066,2015-04-03,1.58
3067,2015-04-06,1.6
3068,2015-04-07,1.6
3069,2015-04-08,1.58
3070,2015-04-09,1.59
3071,2015-04-10,1.56
3072,2015-04-13,1.55
3073,2015-04-14,1.55
3074,2015-04-15,1.59
3075,2015-04-16,1.58
3076,2015-04-17,1.65
3077,2015-04-20,1.6
3078,2015-04-21,1.59
3079,2015-04-22,1.6
3080,2015-04-23,1.7
3081,2015-04-24,1.71
3082,2015-04-27,1.71
3083,2015-04-28,1.69
3084,2015-04-29,1.7
3085,2015-04-30,1.72
3086,2015-05-01,1.72
3087,2015-05-04,1.69
3088,2015-05-05,1.72
3089,2015-05-06,1.69
3090,2015-05-07,1.66
3091,2015-05-08,1.66
3092,2015-05-11,1.64
3093,2015-05-12,1.65
3094,2015-05-13,1.67
3095,2015-05-14,1.65
3096,2015-05-15,1.62
3097,2015-05-18,1.64
3098,2015-05-19,1.62
3099,2015-05-20,1.65
3100,2015-05-21,1.63
3101,2015-05-22,1.65
3102,2015-05-26,1.59
3103,2015-05-27,1.54
3104,2015-05-28,1.53
3105,2015-05-29,1.57
3106,2015-06-01,1.55
3107,2015-06-02,1.59
3108,2015-06-03,1.59
3109,2015-06-04,1.59
3110,2015-06-05,1.64
3111,2015-06-08,1.63
3112,2015-06-09,1.65
3113,2015-06-10,1.66
3114,2015-06-11,1.63
3115,2015-06-12,1.64
3116,2015-06-15,1.64
3117,2015-06-16,1.67
3118,2015-06-17,1.69
3119,2015-06-18,1.67
3120,2015-06-19,1.63
3121,2015-06-22,1.65
3122,2015-06-23,1.67
3123,2015-06-24,1.64
3124,2015-06-25,1.63
3125,2015-06-26,1.66
3126,2015-06-29,1.59
3127,2015-06-30,1.61
3128,2015-07-01,1.6
3129,2015-07-02,1.62
3130,2015-07-06,1.57
3131,2015-07-07,1.57
3132,2015-07-08,1.54
3133,2015-07-09,1.56
3134,2015-07-10,1.58
3135,2015-07-13,1.56
3136,2015-07-14,1.55
3137,2015-07-15,1.53
3138,2015-07-16,1.52
3139,2015-07-17,1.5
3140,2015-07-20,1.49
3141,2015-07-21,1.49
3142,2015-07-22,1.48
3143,2015-07-23,1.45
3144,2015-07-24,1.4
3145,2015-07-27,1.35
3146,2015-07-28,1.38
3147,2015-07-29,1.4
3148,2015-07-30,1.4
3149,2015-07-31,1.36
3150,2015-08-03,1.31
3151,2015-08-04,1.31
3152,2015-08-05,1.31
3153,2015-08-06,1.31
3154,2015-08-07,1.28
3155,2015-08-10,1.3
3156,2015-08-11,1.27
3157,2015-08-12,1.27
3158,2015-08-13,1.24
3159,2015-08-14,1.25
3160,2015-08-17,1.22
3161,2015-08-18,1.21
3162,2015-08-19,1.17
3163,2015-08-20,1.17
3164,2015-08-21,1.13
3165,2015-08-24,1.11
3166,2015-08-25,1.15
3167,2015-08-26,1.13
3168,2015-08-27,1.2
3169,2015-08-28,1.22
3170,2015-08-31,1.26
3171,2015-09-01,1.18
3172,2015-09-02,1.19
3173,2015-09-03,1.16
3174,2015-09-04,1.14
3175,2015-09-08,1.15
3176,2015-09-09,1.15
3177,2015-09-10,1.21
3178,2015-09-11,1.21
3179,2015-09-14,1.19
3180,2015-09-15,1.2
3181,2015-09-16,1.21
3182,2015-09-17,1.24
3183,2015-09-18,1.19
3184,2015-09-21,1.19
3185,2015-09-22,1.15
3186,2015-09-23,1.16
3187,2015-09-24,1.11
3188,2015-09-25,1.11
3189,2015-09-28,1.02
3190,2015-09-29,1.03
3191,2015-09-30,1.07
3192,2015-10-01,1.13
3193,2015-10-02,1.15
3194,2015-10-05,1.18
3195,2015-10-06,1.22
3196,2015-10-07,1.22
3197,2015-10-08,1.26
3198,2015-10-09,1.22
3199,2015-10-13,1.18
3200,2015-10-14,1.15
3201,2015-10-15,1.18
3202,2015-10-16,1.18
3203,2015-10-19,1.13
3204,2015-10-20,1.16
3205,2015-10-21,1.13
3206,2015-10-22,1.14
3207,2015-10-23,1.19
3208,2015-10-26,1.16
3209,2015-10-27,1.15
3210,2015-10-28,1.14
3211,2015-10-29,1.19
3212,2015-10-30,1.2
3213,2015-11-02,1.23
3214,2015-11-03,1.27
3215,2015-11-04,1.26
3216,2015-11-05,1.23
3217,2015-11-06,1.25
3218,2015-11-09,1.28
3219,2015-11-10,1.25
3220,2015-11-12,1.24
3221,2015-11-13,1.21
3222,2015-11-16,1.2
3223,2015-11-17,1.23
3224,2015-11-18,1.25
3225,2015-11-19,1.27
3226,2015-11-20,1.31
3227,2015-11-23,1.33
3228,2015-11-24,1.33
3229,2015-11-25,1.31
3230,2015-11-27,1.31
3231,2015-11-30,1.3
3232,2015-12-01,1.29
3233,2015-12-02,1.27
3234,2015-12-03,1.33
3235,2015-12-04,1.3
3236,2015-12-07,1.25
3237,2015-12-08,1.25
3238,2015-12-09,1.21
3239,2015-12-10,1.2
3240,2015-12-11,1.17
3241,2015-12-14,1.17
3242,2015-12-15,1.22
3243,2015-12-16,1.2
3244,2015-12-17,1.21
3245,2015-12-18,1.21
3246,2015-12-21,1.19
3247,2015-12-22,1.19
3248,2015-12-23,1.25
3249,2015-12-24,1.23
3250,2015-12-28,1.24
3251,2015-12-29,1.28
3252,2015-12-30,1.28
3253,2015-12-31,1.31
3254,2016-01-04,1.31
3255,2016-01-05,1.31
3256,2016-01-06,1.26
3257,2016-01-07,1.25
3258,2016-01-08,1.23
3259,2016-01-11,1.19
3260,2016-01-12,1.19
3261,2016-01-13,1.18
3262,2016-01-14,1.2
3263,2016-01-15,1.12
3264,2016-01-19,1.16
3265,2016-01-20,1.1
3266,2016-01-21,1.08
3267,2016-01-22,1.15
3268,2016-01-25,1.15
3269,2016-01-26,1.17
3270,2016-01-27,1.18
3271,2016-01-28,1.2
3272,2016-01-29,1.19
3273,2016-02-01,1.2
3274,2016-02-02,1.14
3275,2016-02-03,1.16
3276,2016-02-04,1.13
3277,2016-02-05,1.07
3278,2016-02-08,0.97
3279,2016-02-09,0.93
3280,2016-02-10,0.95
3281,2016-02-11,0.94
3282,2016-02-12,1.03
3283,2016-02-16,1.03
3284,2016-02-17,1.04
3285,2016-02-18,1.02
3286,2016-02-19,1.06
3287,2016-02-22,1.11
3288,2016-02-23,1.13
3289,2016-02-24,1.15
3290,2016-02-25,1.18
3291,2016-02-26,1.2
3292,2016-02-29,1.23
3293,2016-03-01,1.29
3294,2016-03-02,1.34
3295,2016-03-03,1.36
3296,2016-03-04,1.36
3297,2016-03-07,1.36
3298,2016-03-08,1.33
3299,2016-03-09,1.37
3300,2016-03-10,1.35
3301,2016-03-11,1.41
3302,2016-03-14,1.38
3303,2016-03-15,1.35
3304,2016-03-16,1.45
3305,2016-03-17,1.46
3306,2016-03-18,1.47
3307,2016-03-21,1.5
3308,2016-03-22,1.48
3309,2016-03-23,1.44
3310,2016-03-24,1.42
3311,2016-03-28,1.4
3312,2016-03-29,1.47
3313,2016-03-30,1.52
3314,2016-03-31,1.49
3315,2016-04-01,1.49
3316,2016-04-04,1.48
3317,2016-04-05,1.43
3318,2016-04-06,1.43
3319,2016-04-07,1.41
3320,2016-04-08,1.43
3321,2016-04-11,1.41
3322,2016-04-12,1.39
3323,2016-04-13,1.43
3324,2016-04-14,1.42
3325,2016-04-15,1.42
3326,2016-04-18,1.41
3327,2016-04-19,1.46
3328,2016-04-20,1.49
3329,2016-04-21,1.56
3330,2016-04-22,1.56
3331,2016-04-25,1.56
3332,2016-04-26,1.56
3333,2016-04-27,1.57
3334,2016-04-28,1.61
3335,2016-04-29,1.6
3336,2016-05-02,1.58
3337,2016-05-03,1.54
3338,2016-05-04,1.52
3339,2016-05-05,1.52
3340,2016-05-06,1.51
3341,2016-05-09,1.5
3342,2016-05-10,1.53
3343,2016-05-11,1.53
3344,2016-05-12,1.53
3345,2016-05-13,1.52
3346,2016-05-16,1.53
3347,2016-05-17,1.56
3348,2016-05-18,1.54
3349,2016-05-19,1.51
3350,2016-05-20,1.51
3351,2016-05-23,1.49
3352,2016-05-24,1.51
3353,2016-05-25,1.51
3354,2016-05-26,1.51
3355,2016-05-27,1.51
3356,2016-05-31,1.47
3357,2016-06-01,1.47
3358,2016-06-02,1.48
3359,2016-06-03,1.45
3360,2016-06-06,1.49
3361,2016-06-07,1.51
3362,2016-06-08,1.54
3363,2016-06-09,1.53
3364,2016-06-10,1.49
3365,2016-06-13,1.45
3366,2016-06-14,1.45
3367,2016-06-15,1.47
3368,2016-06-16,1.42
3369,2016-06-17,1.43
3370,2016-06-20,1.43
3371,2016-06-21,1.41
3372,2016-06-22,1.41
3373,2016-06-23,1.47
3374,2016-06-24,1.36
3375,2016-06-27,1.27
3376,2016-06-28,1.32
3377,2016-06-29,1.36
3378,2016-06-30,1.38
3379,2016-07-01,1.43
3380,2016-07-05,1.39
3381,2016-07-06,1.41
3382,2016-07-07,1.41
3383,2016-07-08,1.39
3384,2016-07-11,1.41
3385,2016-07-12,1.46
3386,2016-07-13,1.43
3387,2016-07-14,1.44
3388,2016-07-15,1.44
3389,2016-07-18,1.41
3390,2016-07-19,1.39
3391,2016-07-20,1.4
3392,2016-07-21,1.38
3393,2016-07-22,1.36
3394,2016-07-25,1.34
3395,2016-07-26,1.33
3396,2016-07-27,1.31
3397,2016-07-28,1.33
3398,2016-07-29,1.31
3399,2016-08-01,1.27
3400,2016-08-02,1.25
3401,2016-08-03,1.28
3402,2016-08-04,1.3
3403,2016-08-05,1.33
3404,2016-08-08,1.34
3405,2016-08-09,1.3
3406,2016-08-10,1.27
3407,2016-08-11,1.32
3408,2016-08-12,1.29
3409,2016-08-15,1.3
3410,2016-08-16,1.28
3411,2016-08-17,1.31
3412,2016-08-18,1.32
3413,2016-08-19,1.34
3414,2016-08-22,1.34
3415,2016-08-23,1.34
3416,2016-08-24,1.32
3417,2016-08-25,1.33
3418,2016-08-26,1.31
3419,2016-08-29,1.29
3420,2016-08-30,1.28
3421,2016-08-31,1.27
3422,2016-09-01,1.24
3423,2016-09-02,1.28
3424,2016-09-06,1.29
3425,2016-09-07,1.3
3426,2016-09-08,1.34
3427,2016-09-09,1.32
3428,2016-09-12,1.33
3429,2016-09-13,1.31
3430,2016-09-14,1.3
3431,2016-09-15,1.31
3432,2016-09-16,1.34
3433,2016-09-19,1.35
3434,2016-09-20,1.33
3435,2016-09-21,1.37
3436,2016-09-22,1.4
3437,2016-09-23,1.42
3438,2016-09-26,1.4
3439,2016-09-27,1.38
3440,2016-09-28,1.44
3441,2016-09-29,1.44
3442,2016-09-30,1.45
3443,2016-10-03,1.47
3444,2016-10-04,1.45
3445,2016-10-05,1.48
3446,2016-10-06,1.49
3447,2016-10-07,1.5
3448,2016-10-11,1.51
3449,2016-10-12,1.51
3450,2016-10-13,1.5
3451,2016-10-14,1.53
3452,2016-10-17,1.55
3453,2016-10-18,1.54
3454,2016-10-19,1.56
3455,2016-10-20,1.56
3456,2016-10-21,1.56
3457,2016-10-24,1.53
3458,2016-10-25,1.57
3459,2016-10-26,1.58
3460,2016-10-27,1.57
3461,2016-10-28,1.6
3462,2016-10-31,1.59
3463,2016-11-01,1.59
3464,2016-11-02,1.55
3465,2016-11-03,1.52
3466,2016-11-04,1.52
3467,2016-11-07,1.56
3468,2016-11-08,1.57
3469,2016-11-09,1.67
3470,2016-11-10,1.7
3471,2016-11-14,1.65
3472,2016-11-15,1.67
3473,2016-11-16,1.66
3474,2016-11-17,1.71
3475,2016-11-18,1.74
3476,2016-11-21,1.74
3477,2016-11-22,1.75
3478,2016-11-23,1.74
3479,2016-11-25,1.74
3480,2016-11-28,1.69
3481,2016-11-29,1.69
3482,2016-11-30,1.77
3483,2016-12-01,1.81
3484,2016-12-02,1.76
3485,2016-12-05,1.79
3486,2016-12-06,1.8
3487,2016-12-07,1.78
3488,2016-12-08,1.83
3489,2016-12-09,1.83
3490,2016-12-12,1.86
3491,2016-12-13,1.86
3492,2016-12-14,1.82
3493,2016-12-15,1.78
3494,2016-12-16,1.75
3495,2016-12-19,1.74
3496,2016-12-20,1.8
3497,2016-12-21,1.74
3498,2016-12-22,1.86
3499,2016-12-23,1.84
3500,2016-12-27,1.88
3501,2016-12-28,1.85
3502,2016-12-29,1.81
3503,2016-12-30,1.84
3504,2017-01-03,1.86
3505,2017-01-04,1.86
3506,2017-01-05,1.83
3507,2017-01-06,1.84
3508,2017-01-09,1.85
3509,2017-01-10,1.84
3510,2017-01-11,1.85
3511,2017-01-12,1.87
3512,2017-01-13,1.85
3513,2017-01-17,1.84
3514,2017-01-18,1.86
3515,2017-01-19,1.9
3516,2017-01-20,1.92
3517,2017-01-23,1.86
3518,2017-01-24,1.93
3519,2017-01-25,1.96
3520,2017-01-26,1.94
3521,2017-01-27,1.96
3522,2017-01-30,1.95
3523,2017-01-31,1.94
3524,2017-02-01,1.92
3525,2017-02-02,1.93
3526,2017-02-03,1.91
3527,2017-02-06,1.91
3528,2017-02-07,1.87
3529,2017-02-08,1.82
3530,2017-02-09,1.86
3531,2017-02-10,1.87
3532,2017-02-13,1.87
3533,2017-02-14,1.87
3534,2017-02-15,1.93
3535,2017-02-16,1.9
3536,2017-02-17,1.85
3537,2017-02-21,1.87
3538,2017-02-22,1.92
3539,2017-02-23,1.9
3540,2017-02-24,1.9
3541,2017-02-27,1.86
3542,2017-02-28,1.89
3543,2017-03-01,1.84
3544,2017-03-02,1.84
3545,2017-03-03,1.92
3546,2017-03-06,1.9
3547,2017-03-07,1.92
3548,2017-03-08,1.9
3549,2017-03-09,1.89
3550,2017-03-10,1.9
3551,2017-03-13,1.86
3552,2017-03-14,1.88
3553,2017-03-15,1.84
3554,2017-03-16,1.87
3555,2017-03-17,1.89
3556,2017-03-20,1.86
3557,2017-03-21,1.8
3558,2017-03-22,1.79
3559,2017-03-23,1.75
3560,2017-03-24,1.73
3561,2017-03-27,1.75
3562,2017-03-28,1.73
3563,2017-03-29,1.8
3564,2017-03-30,1.81
3565,2017-03-31,1.77
3566,2017-04-03,1.73
3567,2017-04-04,1.77
3568,2017-04-05,1.77
3569,2017-04-06,1.71
3570,2017-04-07,1.7
3571,2017-04-10,1.69
3572,2017-04-11,1.7
3573,2017-04-12,1.69
3574,2017-04-13,1.74
3575,2017-04-17,1.69
3576,2017-04-18,1.65
3577,2017-04-19,1.66
3578,2017-04-20,1.82
3579,2017-04-21,1.79
3580,2017-04-24,1.81
3581,2017-04-25,1.85
3582,2017-04-26,1.83
3583,2017-04-27,1.81
3584,2017-04-28,1.81
3585,2017-05-01,1.8
3586,2017-05-02,1.77
3587,2017-05-03,1.76
3588,2017-05-04,1.72
3589,2017-05-05,1.75
3590,2017-05-08,1.75
3591,2017-05-09,1.74
3592,2017-05-10,1.78
3593,2017-05-11,1.82
3594,2017-05-12,1.75
3595,2017-05-15,1.74
3596,2017-05-16,1.74
3597,2017-05-17,1.7
3598,2017-05-18,1.72
3599,2017-05-19,1.75
3600,2017-05-22,1.75
3601,2017-05-23,1.77
3602,2017-05-24,1.73
3603,2017-05-25,1.7
3604,2017-05-26,1.73
3605,2017-05-30,1.73
3606,2017-05-31,1.72
3607,2017-06-01,1.73
3608,2017-06-02,1.72
3609,2017-06-05,1.72
3610,2017-06-06,1.71
3611,2017-06-07,1.69
3612,2017-06-08,1.69
3613,2017-06-09,1.68
3614,2017-06-12,1.67
3615,2017-06-13,1.67
3616,2017-06-14,1.59
3617,2017-06-15,1.56
3618,2017-06-16,1.56
3619,2017-06-19,1.56
3620,2017-06-20,1.54
3621,2017-06-21,1.54
3622,2017-06-22,1.57
3623,2017-06-23,1.59
3624,2017-06-26,1.61
3625,2017-06-27,1.62
3626,2017-06-28,1.65
3627,2017-06-29,1.62
3628,2017-06-30,1.63
3629,2017-07-03,1.66
3630,2017-07-05,1.65
3631,2017-07-06,1.66
3632,2017-07-07,1.63
3633,2017-07-10,1.6
3634,2017-07-11,1.61
3635,2017-07-12,1.63
3636,2017-07-13,1.64
3637,2017-07-14,1.62
3638,2017-07-17,1.64
3639,2017-07-18,1.62
3640,2017-07-19,1.65
3641,2017-07-20,1.62
3642,2017-07-21,1.62
3643,2017-07-24,1.62
3644,2017-07-25,1.67
3645,2017-07-26,1.66
3646,2017-07-27,1.68
3647,2017-07-28,1.68
3648,2017-07-31,1.67
3649,2017-08-01,1.62
3650,2017-08-02,1.63
3651,2017-08-03,1.62
3652,2017-08-04,1.65
3653,2017-08-07,1.65
3654,2017-08-08,1.69
3655,2017-08-09,1.7
3656,2017-08-10,1.68
3657,2017-08-11,1.64
3658,2017-08-14,1.59
3659,2017-08-15,1.63
3660,2017-08-16,1.62
3661,2017-08-17,1.61
3662,2017-08-18,1.61
3663,2017-08-21,1.59
3664,2017-08-22,1.61
3665,2017-08-23,1.58
3666,2017-08-24,1.6
3667,2017-08-25,1.57
3668,2017-08-28,1.56
3669,2017-08-29,1.54
3670,2017-08-30,1.57
3671,2017-08-31,1.58
3672,2017-09-01,1.63
3673,2017-09-05,1.58
3674,2017-09-06,1.6
3675,2017-09-07,1.61
3676,2017-09-08,1.63
3677,2017-09-11,1.63
3678,2017-09-12,1.67
3679,2017-09-13,1.68
3680,2017-09-14,1.7
3681,2017-09-15,1.72
3682,2017-09-18,1.74
3683,2017-09-19,1.74
3684,2017-09-20,1.71
3685,2017-09-21,1.7
3686,2017-09-22,1.71
3687,2017-09-25,1.72
3688,2017-09-26,1.72
3689,2017-09-27,1.74
3690,2017-09-28,1.73
3691,2017-09-29,1.68
3692,2017-10-02,1.73
3693,2017-10-03,1.68
3694,2017-10-04,1.73
3695,2017-10-05,1.74
3696,2017-10-06,1.78
3697,2017-10-10,1.75
3698,2017-10-11,1.75
3699,2017-10-12,1.79
3700,2017-10-13,1.71
3701,2017-10-16,1.66
3702,2017-10-17,1.69
3703,2017-10-18,1.69
3704,2017-10-19,1.66
3705,2017-10-20,1.76
3706,2017-10-23,1.69
3707,2017-10-24,1.73
3708,2017-10-25,1.74
3709,2017-10-26,1.76
3710,2017-10-27,1.76
3711,2017-10-30,1.77
3712,2017-10-31,1.79
3713,2017-11-01,1.71
3714,2017-11-02,1.79
3715,2017-11-03,1.74
3716,2017-11-06,1.77
3717,2017-11-07,1.8
3718,2017-11-08,1.77
3719,2017-11-09,1.8
3720,2017-11-10,1.78
3721,2017-11-13,1.79
3722,2017-11-14,1.79
3723,2017-11-15,1.78
3724,2017-11-16,1.79
3725,2017-11-17,1.75
3726,2017-11-20,1.74
3727,2017-11-21,1.75
3728,2017-11-22,1.75
3729,2017-11-24,1.71
3730,2017-11-27,1.69
3731,2017-11-28,1.69
3732,2017-11-29,1.69
3733,2017-11-30,1.73
3734,2017-12-01,1.72
3735,2017-12-04,1.76
3736,2017-12-05,1.69
3737,2017-12-06,1.74
3738,2017-12-07,1.74
3739,2017-12-08,1.71
3740,2017-12-11,1.76
3741,2017-12-12,1.78
3742,2017-12-13,1.74
3743,2017-12-14,1.76
3744,2017-12-15,1.77
3745,2017-12-18,1.71
3746,2017-12-19,1.74
3747,2017-12-20,1.74
3748,2017-12-21,1.84
3749,2017-12-22,1.82
3750,2017-12-26,1.76
3751,2017-12-27,1.82
3752,2017-12-28,1.86
3753,2017-12-29,1.86
3754,2018-01-02,1.9
3755,2018-01-03,1.87
3756,2018-01-04,1.92
3757,2018-01-05,1.95
3758,2018-01-08,1.91
3759,2018-01-09,1.95
3760,2018-01-10,1.94
3761,2018-01-11,1.89
3762,2018-01-12,1.92
3763,2018-01-16,1.94
3764,2018-01-17,1.9
3765,2018-01-18,1.99
3766,2018-01-19,2.0
3767,2018-01-22,2.0
3768,2018-01-23,1.92
3769,2018-01-24,1.96
3770,2018-01-25,1.91
3771,2018-01-26,1.93
3772,2018-01-29,1.92
3773,2018-01-30,1.97
3774,2018-01-31,1.98
3775,2018-02-01,1.93
3776,2018-02-02,1.93
3777,2018-02-05,1.95
3778,2018-02-06,1.88
3779,2018-02-07,1.9
3780,2018-02-08,1.89
3781,2018-02-09,1.83
3782,2018-02-12,1.84
3783,2018-02-13,1.88
3784,2018-02-14,1.91
3785,2018-02-15,2.0
3786,2018-02-16,2.0
3787,2018-02-20,2.04
3788,2018-02-21,2.06
3789,2018-02-22,2.06
3790,2018-02-23,2.04
3791,2018-02-26,2.07
3792,2018-02-27,2.09
3793,2018-02-28,2.04
3794,2018-03-01,2.03
3795,2018-03-02,2.03
3796,2018-03-05,2.05
3797,2018-03-06,2.1
3798,2018-03-07,2.1
3799,2018-03-08,2.08
3800,2018-03-09,1.96
3801,2018-03-12,2.02
3802,2018-03-13,2.05
3803,2018-03-14,2.04
3804,2018-03-15,2.07
3805,2018-03-16,2.05
3806,2018-03-19,2.04
3807,2018-03-20,2.05
3808,2018-03-21,1.96
3809,2018-03-22,2.03
3810,2018-03-23,2.01
3811,2018-03-26,2.01
3812,2018-03-27,1.94
3813,2018-03-28,1.91
3814,2018-03-29,1.92
3815,2018-04-02,1.99
3816,2018-04-03,1.99
3817,2018-04-04,2.04
3818,2018-04-05,1.93
3819,2018-04-06,2.01
3820,2018-04-09,2.02
3821,2018-04-10,2.0
3822,2018-04-11,2.06
3823,2018-04-12,2.05
3824,2018-04-13,2.01
3825,2018-04-16,2.08
3826,2018-04-17,2.01
3827,2018-04-18,2.04
3828,2018-04-19,2.12
3829,2018-04-20,2.1
3830,2018-04-23,2.11
3831,2018-04-24,2.1
3832,2018-04-25,2.09
3833,2018-04-26,2.1
3834,2018-04-27,2.09
3835,2018-04-30,2.1
3836,2018-05-01,2.09
3837,2018-05-02,2.09
3838,2018-05-03,2.09
3839,2018-05-04,2.09
3840,2018-05-07,2.11
3841,2018-05-08,2.1
3842,2018-05-09,2.13
3843,2018-05-10,2.12
3844,2018-05-11,2.13
3845,2018-05-14,2.12
3846,2018-05-15,2.15
3847,2018-05-16,2.16
3848,2018-05-17,2.16
3849,2018-05-18,2.14
3850,2018-05-21,2.15
3851,2018-05-22,2.13
3852,2018-05-23,2.12
3853,2018-05-24,2.11
3854,2018-05-25,2.04
3855,2018-05-29,1.98
3856,2018-05-30,2.0
3857,2018-05-31,2.03
3858,2018-06-01,2.06
3859,2018-06-04,2.06
3860,2018-06-05,2.05
3861,2018-06-06,2.06
3862,2018-06-07,2.08
3863,2018-06-08,2.06
3864,2018-06-11,2.08
3865,2018-06-12,2.07
3866,2018-06-13,2.09
3867,2018-06-14,2.07
3868,2018-06-15,2.08
3869,2018-06-18,2.08
3870,2018-06-19,2.07
3871,2018-06-20,2.06
3872,2018-06-21,2.05
3873,2018-06-22,2.07
3874,2018-06-25,2.06
3875,2018-06-26,2.07
3876,2018-06-27,2.07
3877,2018-06-28,2.07
3878,2018-06-29,2.06
3879,2018-07-02,2.07
3880,2018-07-03,2.08
3881,2018-07-05,2.1
3882,2018-07-06,2.08
3883,2018-07-09,2.1
3884,2018-07-10,2.09
3885,2018-07-11,2.07
3886,2018-07-12,2.06
3887,2018-07-13,2.07
3888,2018-07-16,2.05
3889,2018-07-17,2.03
3890,2018-07-18,2.03
3891,2018-07-19,2.01
3892,2018-07-20,2.02
3893,2018-07-23,2.01
3894,2018-07-24,2.0
3895,2018-07-25,2.01
3896,2018-07-26,2.0
3897,2018-07-27,2.0
3898,2018-07-30,2.01
3899,2018-07-31,2.0
3900,2018-08-01,2.0
3901,2018-08-02,1.99
3902,2018-08-03,2.0
3903,2018-08-06,1.98
3904,2018-08-07,2.0
3905,2018-08-08,1.98
3906,2018-08-09,1.97
3907,2018-08-10,1.98
3908,2018-08-13,1.99
3909,2018-08-14,1.99
3910,2018-08-15,1.97
3911,2018-08-16,1.97
3912,2018-08-17,1.96
3913,2018-08-20,1.95
3914,2018-08-21,1.97
3915,2018-08-22,1.96
3916,2018-08-23,1.99
3917,2018-08-24,1.99
3918,2018-08-27,2.0
3919,2018-08-28,1.99
3920,2018-08-29,2.0
3921,2018-08-30,1.99
3922,2018-08-31,1.98
3923,2018-09-04,1.99
3924,2018-09-05,1.98
3925,2018-09-06,1.97
3926,2018-09-07,1.98
3927,2018-09-10,1.98
3928,2018-09-11,2.01
3929,2018-09-12,2.02
3930,2018-09-13,1.98
3931,2018-09-14,2.0
3932,2018-09-17,1.99
3933,2018-09-18,2.01
3934,2018-09-19,2.02
3935,2018-09-20,2.02
3936,2018-09-21,2.02
3937,2018-09-24,2.03
3938,2018-09-25,2.05
3939,2018-09-26,2.04
3940,2018-09-27,2.04
3941,2018-09-28,2.03
3942,2018-10-01,2.04
3943,2018-10-02,2.03
3944,2018-10-03,2.07
3945,2018-10-04,2.06
3946,2018-10-05,2.05
3947,2018-10-09,2.05
3948,2018-10-10,2.04
3949,2018-10-11,1.99
3950,2018-10-12,1.99
3951,2018-10-15,2.0
3952,2018-10-16,2.01
3953,2018-10-17,2.0
3954,2018-10-18,1.99
3955,2018-10-19,1.98
3956,2018-10-22,1.98
3957,2018-10-23,1.94
3958,2018-10-24,1.93
3959,2018-10-25,1.91
3960,2018-10-26,1.93
3961,2018-10-29,1.92
3962,2018-10-30,1.91
3963,2018-10-31,1.9
3964,2018-11-01,1.88
3965,2018-11-02,1.91
3966,2018-11-05,1.91
3967,2018-11-06,1.92
3968,2018-11-07,1.93
3969,2018-11-08,1.92
3970,2018-11-09,1.9
3971,2018-11-13,1.88
3972,2018-11-14,1.85
3973,2018-11-15,1.85
3974,2018-11-16,1.88
3975,2018-11-19,1.85
3976,2018-11-20,1.82
3977,2018-11-21,1.81
3978,2018-11-23,1.77
3979,2018-11-26,1.78
3980,2018-11-27,1.73
3981,2018-11-28,1.74
3982,2018-11-29,1.79
3983,2018-11-30,1.77
3984,2018-12-03,1.76
3985,2018-12-04,1.74
3986,2018-12-06,1.69
3987,2018-12-07,1.68
3988,2018-12-10,1.65
3989,2018-12-11,1.62
3990,2018-12-12,1.62
3991,2018-12-13,1.62
3992,2018-12-14,1.6
3993,2018-12-17,1.58
3994,2018-12-18,1.58
3995,2018-12-19,1.56
3996,2018-12-20,1.53
3997,2018-12-21,1.55
3998,2018-12-24,1.52
3999,2018-12-26,1.57
4000,2018-12-27,1.53
4001,2018-12-28,1.52
4002,2018-12-31,1.51
4003,2019-01-02,1.49
4004,2019-01-03,1.49
4005,2019-01-04,1.58
4006,2019-01-07,1.61
4007,2019-01-08,1.66
4008,2019-01-09,1.68
4009,2019-01-10,1.65
4010,2019-01-11,1.66
4011,2019-01-14,1.64
4012,2019-01-15,1.63
4013,2019-01-16,1.64
4014,2019-01-17,1.64
4015,2019-01-18,1.67
4016,2019-01-22,1.63
4017,2019-01-23,1.64
4018,2019-01-24,1.62
4019,2019-01-25,1.64
4020,2019-01-28,1.62
4021,2019-01-29,1.62
4022,2019-01-30,1.68
4023,2019-01-31,1.7
4024,2019-02-01,1.72
4025,2019-02-04,1.72
4026,2019-02-05,1.72
4027,2019-02-06,1.71
4028,2019-02-07,1.69
4029,2019-02-08,1.69
4030,2019-02-11,1.69
4031,2019-02-12,1.71
4032,2019-02-13,1.76
4033,2019-02-14,1.74
4034,2019-02-15,1.75
4035,2019-02-19,1.76
4036,2019-02-20,1.79
4037,2019-02-21,1.8
4038,2019-02-22,1.82
4039,2019-02-25,1.82
4040,2019-02-26,1.82
4041,2019-02-27,1.84
4042,2019-02-28,1.84
4043,2019-03-01,1.85
4044,2019-03-04,1.84
4045,2019-03-05,1.83
4046,2019-03-06,1.81
4047,2019-03-07,1.8
4048,2019-03-08,1.8
4049,2019-03-11,1.82
4050,2019-03-12,1.81
4051,2019-03-13,1.84
4052,2019-03-14,1.85
4053,2019-03-15,1.86
4054,2019-03-18,1.88
4055,2019-03-19,1.85
4056,2019-03-20,1.88
4057,2019-03-21,1.86
4058,2019-03-22,1.8
4059,2019-03-25,1.77
4060,2019-03-26,1.75
4061,2019-03-27,1.74
4062,2019-03-28,1.72
4063,2019-03-29,1.78
4064,2019-04-01,1.82
4065,2019-04-02,1.81
4066,2019-04-03,1.81
4067,2019-04-04,1.81
4068,2019-04-05,1.79
4069,2019-04-08,1.81
4070,2019-04-09,1.8
4071,2019-04-10,1.83
4072,2019-04-11,1.82
4073,2019-04-12,1.86
4074,2019-04-15,1.85
4075,2019-04-16,1.86
4076,2019-04-17,1.84
4077,2019-04-18,1.86
4078,2019-04-22,1.87
4079,2019-04-23,1.87
4080,2019-04-24,1.87
4081,2019-04-25,1.86
4082,2019-04-26,1.86
4083,2019-04-29,1.86
4084,2019-04-30,1.85
4085,2019-05-01,1.83
4086,2019-05-02,1.78
4087,2019-05-03,1.8
4088,2019-05-06,1.81
4089,2019-05-07,1.76
4090,2019-05-08,1.75
4091,2019-05-09,1.73
4092,2019-05-10,1.75
4093,2019-05-13,1.73
4094,2019-05-14,1.75
4095,2019-05-15,1.74
4096,2019-05-16,1.75
4097,2019-05-17,1.71
4098,2019-05-20,1.71
4099,2019-05-21,1.72
4100,2019-05-22,1.68
4101,2019-05-23,1.62
4102,2019-05-24,1.62
4103,2019-05-28,1.58
4104,2019-05-29,1.59
4105,2019-05-30,1.59
4106,2019-05-31,1.58
4107,2019-06-03,1.56
4108,2019-06-04,1.59
4109,2019-06-05,1.59
4110,2019-06-06,1.58
4111,2019-06-07,1.61
4112,2019-06-10,1.6
4113,2019-06-11,1.57
4114,2019-06-12,1.53
4115,2019-06-13,1.51
4116,2019-06-14,1.48
4117,2019-06-17,1.45
4118,2019-06-18,1.49
4119,2019-06-19,1.53
4120,2019-06-20,1.58
4121,2019-06-21,1.6
4122,2019-06-24,1.57
4123,2019-06-25,1.52
4124,2019-06-26,1.56
4125,2019-06-27,1.53
4126,2019-06-28,1.53
4127,2019-07-01,1.53
4128,2019-07-02,1.5
4129,2019-07-03,1.51
4130,2019-07-05,1.55
4131,2019-07-08,1.55
4132,2019-07-09,1.56
4133,2019-07-10,1.59
4134,2019-07-11,1.63
4135,2019-07-12,1.62
4136,2019-07-15,1.61
4137,2019-07-16,1.63
4138,2019-07-17,1.6
4139,2019-07-18,1.6
4140,2019-07-19,1.6
4141,2019-07-22,1.59
4142,2019-07-23,1.61
4143,2019-07-24,1.59
4144,2019-07-25,1.6
4145,2019-07-26,1.57
4146,2019-07-29,1.57
4147,2019-07-30,1.58
4148,2019-07-31,1.56
4149,2019-08-01,1.47
4150,2019-08-02,1.45
4151,2019-08-05,1.39
4152,2019-08-06,1.4
4153,2019-08-07,1.38
4154,2019-08-08,1.43
4155,2019-08-09,1.44
4156,2019-08-12,1.39
4157,2019-08-13,1.44
4158,2019-08-14,1.36
4159,2019-08-15,1.34
4160,2019-08-16,1.34
4161,2019-08-19,1.36
4162,2019-08-20,1.34
4163,2019-08-21,1.34
4164,2019-08-22,1.35
4165,2019-08-23,1.35
4166,2019-08-26,1.34
4167,2019-08-27,1.36
4168,2019-08-28,1.36
4169,2019-08-29,1.39
4170,2019-08-30,1.35
4171,2019-09-03,1.29
4172,2019-09-04,1.31
4173,2019-09-05,1.35
4174,2019-09-06,1.35
4175,2019-09-09,1.38
4176,2019-09-10,1.4
4177,2019-09-11,1.4
4178,2019-09-12,1.43
4179,2019-09-13,1.46
4180,2019-09-16,1.48
4181,2019-09-17,1.46
4182,2019-09-18,1.4
4183,2019-09-19,1.41
4184,2019-09-20,1.42
4185,2019-09-23,1.42
4186,2019-09-24,1.39
4187,2019-09-25,1.41
4188,2019-09-26,1.4
4189,2019-09-27,1.36
4190,2019-09-30,1.35
4191,2019-10-01,1.33
4192,2019-10-02,1.29
4193,2019-10-03,1.25
4194,2019-10-04,1.27
4195,2019-10-07,1.27
4196,2019-10-08,1.25
4197,2019-10-09,1.24
4198,2019-10-10,1.29
4199,2019-10-11,1.34
4200,2019-10-15,1.33
4201,2019-10-16,1.35
4202,2019-10-17,1.52
4203,2019-10-18,1.52
4204,2019-10-21,1.53
4205,2019-10-22,1.53
4206,2019-10-23,1.52
4207,2019-10-24,1.52
4208,2019-10-25,1.55
4209,2019-10-28,1.53
4210,2019-10-29,1.51
4211,2019-10-30,1.47
4212,2019-10-31,1.44
4213,2019-11-01,1.5
4214,2019-11-04,1.56
4215,2019-11-05,1.58
4216,2019-11-06,1.57
4217,2019-11-07,1.61
4218,2019-11-08,1.63
4219,2019-11-12,1.6
4220,2019-11-13,1.58
4221,2019-11-14,1.54
4222,2019-11-15,1.52
4223,2019-11-18,1.54
4224,2019-11-19,1.53
4225,2019-11-20,1.51
4226,2019-11-21,1.53
4227,2019-11-22,1.53
4228,2019-11-25,1.53
4229,2019-11-26,1.52
4230,2019-11-27,1.54
4231,2019-11-29,1.5
4232,2019-12-02,1.54
4233,2019-12-03,1.51
4234,2019-12-04,1.54
4235,2019-12-05,1.55
4236,2019-12-06,1.59
4237,2019-12-09,1.59
4238,2019-12-10,1.59
4239,2019-12-11,1.6
4240,2019-12-12,1.62
4241,2019-12-13,1.62
4242,2019-12-16,1.64
4243,2019-12-17,1.65
4244,2019-12-18,1.68
4245,2019-12-19,1.68
4246,2019-12-20,1.67
4247,2019-12-23,1.67
4248,2019-12-24,1.67
4249,2019-12-26,1.66
4250,2019-12-27,1.64
4251,2019-12-30,1.66
4252,2019-12-31,1.68
4253,2020-01-02,1.72
4254,2020-01-03,1.69
4255,2020-01-06,1.69
4256,2020-01-07,1.67
4257,2020-01-08,1.68
4258,2020-01-09,1.67
4259,2020-01-10,1.67
4260,2020-01-13,1.7
4261,2020-01-14,1.7
4262,2020-01-15,1.67
4263,2020-01-16,1.68
4264,2020-01-17,1.68
4265,2020-01-21,1.66
4266,2020-01-22,1.64
4267,2020-01-23,1.64
4268,2020-01-24,1.62
4269,2020-01-27,1.56
4270,2020-01-28,1.59
4271,2020-01-29,1.58
4272,2020-01-30,1.59
4273,2020-01-31,1.6
4274,2020-02-03,1.56
4275,2020-02-04,1.58
4276,2020-02-05,1.61
4277,2020-02-06,1.61
4278,2020-02-07,1.61
4279,2020-02-10,1.62
4280,2020-02-11,1.6
4281,2020-02-12,1.64
4282,2020-02-13,1.65
4283,2020-02-14,1.64
4284,2020-02-18,1.64
4285,2020-02-19,1.65
4286,2020-02-20,1.63
4287,2020-02-21,1.6
4288,2020-02-24,1.57
4289,2020-02-25,1.52
4290,2020-02-26,1.5
4291,2020-02-27,1.48
4292,2020-02-28,1.33
4293,2020-03-02,1.32
4294,2020-03-03,1.34
4295,2020-03-04,1.34
4296,2020-03-05,1.28
4297,2020-03-06,1.14
4298,2020-03-09,0.8
4299,2020-03-10,0.77
4300,2020-03-11,0.69
4301,2020-03-12,0.63
4302,2020-03-13,0.53
4303,2020-03-16,0.3
4304,2020-03-17,0.16
4305,2020-03-18,0.16
4306,2020-03-19,0.14
4307,2020-03-20,0.31
4308,2020-03-23,0.37
4309,2020-03-24,0.55
4310,2020-03-25,0.69
4311,2020-03-26,0.72
4312,2020-03-27,0.54
4313,2020-03-30,0.57
4314,2020-03-31,0.49
4315,2020-04-01,0.56
4316,2020-04-02,0.73
4317,2020-04-03,0.78
4318,2020-04-06,0.85
4319,2020-04-07,0.86
4320,2020-04-08,0.87
4321,2020-04-09,0.9
4322,2020-04-13,0.94
4323,2020-04-14,0.94
4324,2020-04-15,0.87
4325,2020-04-16,0.7
4326,2020-04-17,0.67
4327,2020-04-20,0.56
4328,2020-04-21,0.58
4329,2020-04-22,0.69
4330,2020-04-23,0.67
4331,2020-04-24,0.72
4332,2020-04-27,0.78
4333,2020-04-28,0.76
4334,2020-04-29,0.78
4335,2020-04-30,0.72
4336,2020-05-01,0.68
4337,2020-05-04,0.69
4338,2020-05-05,0.71
4339,2020-05-06,0.71
4340,2020-05-07,0.7
4341,2020-05-08,0.74
4342,2020-05-11,0.75
4343,2020-05-12,0.72
4344,2020-05-13,0.71
4345,2020-05-14,0.71
4346,2020-05-15,0.75
4347,2020-05-18,0.84
4348,2020-05-19,0.82
4349,2020-05-20,0.83
4350,2020-05-21,0.81
4351,2020-05-22,0.8
4352,2020-05-26,0.82
4353,2020-05-27,0.82
4354,2020-05-28,0.86
4355,2020-05-29,0.83
4356,2020-06-01,0.84
4357,2020-06-02,0.84
4358,2020-06-03,0.88
4359,2020-06-04,0.88
4360,2020-06-05,0.95
4361,2020-06-08,0.98
4362,2020-06-09,0.98
4363,2020-06-10,1.0
4364,2020-06-11,0.95
4365,2020-06-12,0.95
4366,2020-06-15,0.98
4367,2020-06-16,1.02
4368,2020-06-17,1.01
4369,2020-06-18,1.12
4370,2020-06-19,1.06
4371,2020-06-22,1.11
4372,2020-06-23,1.14
4373,2020-06-24,1.1
4374,2020-06-25,1.11
4375,2020-06-26,1.11
4376,2020-06-29,1.14
4377,2020-06-30,1.16
4378,2020-07-01,1.17
4379,2020-07-02,1.21
4380,2020-07-06,1.28
4381,2020-07-07,1.26
4382,2020-07-08,1.25
4383,2020-07-09,1.22
4384,2020-07-10,1.25
4385,2020-07-13,1.27
4386,2020-07-14,1.27
4387,2020-07-15,1.28
4388,2020-07-16,1.3
4389,2020-07-17,1.35
4390,2020-07-20,1.37
4391,2020-07-21,1.4
4392,2020-07-22,1.4
4393,2020-07-23,1.37
4394,2020-07-24,1.35
4395,2020-07-27,1.38
4396,2020-07-28,1.36
4397,2020-07-29,1.38
4398,2020-07-30,1.37
4399,2020-07-31,1.4
4400,2020-08-03,1.46
4401,2020-08-04,1.45
4402,2020-08-05,1.52
4403,2020-08-06,1.53
4404,2020-08-07,1.5
4405,2020-08-10,1.49
4406,2020-08-11,1.5
4407,2020-08-12,1.56
4408,2020-08-13,1.56
4409,2020-08-14,1.53
4410,2020-08-17,1.54
4411,2020-08-18,1.55
4412,2020-08-19,1.55
4413,2020-08-20,1.48
4414,2020-08-21,1.52
4415,2020-08-24,1.57
4416,2020-08-25,1.6
4417,2020-08-26,1.63
4418,2020-08-27,1.65
4419,2020-08-28,1.68
4420,2020-08-31,1.69
4421,2020-09-01,1.65
4422,2020-09-02,1.61
4423,2020-09-03,1.53
4424,2020-09-04,1.57
4425,2020-09-08,1.55
4426,2020-09-09,1.57
4427,2020-09-10,1.54
4428,2020-09-11,1.53
4429,2020-09-14,1.54
4430,2020-09-15,1.54
4431,2020-09-16,1.57
4432,2020-09-17,1.57
4433,2020-09-18,1.58
4434,2020-09-21,1.5
4435,2020-09-22,1.5
4436,2020-09-23,1.48
4437,2020-09-24,1.45
4438,2020-09-25,1.43
4439,2020-09-28,1.48
4440,2020-09-29,1.49
4441,2020-09-30,1.5
4442,2020-10-01,1.48
4443,2020-10-02,1.48
4444,2020-10-05,1.52
4445,2020-10-06,1.51
4446,2020-10-07,1.54
4447,2020-10-08,1.56
4448,2020-10-09,1.56
4449,2020-10-13,1.52
4450,2020-10-14,1.52
4451,2020-10-15,1.52
4452,2020-10-16,1.53
4453,2020-10-19,1.53
4454,2020-10-20,1.53
4455,2020-10-21,1.56
4456,2020-10-22,1.68
4457,2020-10-23,1.66
4458,2020-10-26,1.63
4459,2020-10-27,1.64
4460,2020-10-28,1.61
4461,2020-10-29,1.61
4462,2020-10-30,1.59
4463,2020-11-02,1.6
4464,2020-11-03,1.62
4465,2020-11-04,1.56
4466,2020-11-05,1.55
4467,2020-11-06,1.54
4468,2020-11-09,1.63
4469,2020-11-10,1.69
4470,2020-11-12,1.63
4471,2020-11-13,1.64
4472,2020-11-16,1.64
4473,2020-11-17,1.63
4474,2020-11-18,1.63
4475,2020-11-19,1.62
4476,2020-11-20,1.61
4477,2020-11-23,1.62
4478,2020-11-24,1.65
4479,2020-11-25,1.67
4480,2020-11-27,1.67
4481,2020-11-30,1.68
4482,2020-12-01,1.72
4483,2020-12-02,1.76
4484,2020-12-03,1.78
4485,2020-12-04,1.83
4486,2020-12-07,1.84
4487,2020-12-08,1.84
4488,2020-12-09,1.84
4489,2020-12-10,1.83
4490,2020-12-11,1.82
4491,2020-12-14,1.84
4492,2020-12-15,1.86
4493,2020-12-16,1.9
4494,2020-12-17,1.9
4495,2020-12-18,1.92
4496,2020-12-21,1.9
4497,2020-12-22,1.92
4498,2020-12-23,1.93
4499,2020-12-24,1.92
4500,2020-12-28,1.92
4501,2020-12-29,1.9
4502,2020-12-30,1.92
4503,2020-12-31,1.95
4504,2021-01-04,1.98
4505,2021-01-05,2.01
4506,2021-01-06,2.04
4507,2021-01-07,2.09
4508,2021-01-08,2.07
4509,2021-01-11,2.04
4510,2021-01-12,2.06
4511,2021-01-13,2.04
4512,2021-01-14,2.09
4513,2021-01-15,2.09
4514,2021-01-19,2.12
4515,2021-01-20,2.15
4516,2021-01-21,2.18
4517,2021-01-22,2.16
4518,2021-01-25,2.15
4519,2021-01-26,2.15
4520,2021-01-27,2.15
4521,2021-01-28,2.18
4522,2021-01-29,2.21
4523,2021-02-01,2.18
4524,2021-02-02,2.23
4525,2021-02-03,2.27
4526,2021-02-04,2.25
4527,2021-02-05,2.28
4528,2021-02-08,2.31
4529,2021-02-09,2.31
4530,2021-02-10,2.31
4531,2021-02-11,2.32
4532,2021-02-12,2.35
4533,2021-02-16,2.37
4534,2021-02-17,2.35
4535,2021-02-18,2.29
4536,2021-02-19,2.29
4537,2021-02-22,2.35
4538,2021-02-23,2.35
4539,2021-02-24,2.38
4540,2021-02-25,2.34
4541,2021-02-26,2.39
4542,2021-03-01,2.4
4543,2021-03-02,2.43
4544,2021-03-03,2.45
4545,2021-03-04,2.43
4546,2021-03-05,2.43
4547,2021-03-08,2.42
4548,2021-03-09,2.41
4549,2021-03-10,2.47
4550,2021-03-11,2.51
4551,2021-03-12,2.51
4552,2021-03-15,2.54
4553,2021-03-16,2.59
4554,2021-03-17,2.58
4555,2021-03-18,2.5
4556,2021-03-19,2.51
4557,2021-03-22,2.51
4558,2021-03-23,2.48
4559,2021-03-24,2.53
4560,2021-03-25,2.54
4561,2021-03-26,2.57
4562,2021-03-29,2.56
4563,2021-03-30,2.52
4564,2021-03-31,2.54
4565,2021-04-01,2.55
4566,2021-04-02,2.58
4567,2021-04-05,2.55
4568,2021-04-06,2.52
4569,2021-04-07,2.53
4570,2021-04-08,2.55
4571,2021-04-09,2.51
4572,2021-04-12,2.52
4573,2021-04-13,2.54
4574,2021-04-14,2.56
4575,2021-04-15,2.55
4576,2021-04-16,2.57
4577,2021-04-19,2.56
4578,2021-04-20,2.52
4579,2021-04-21,2.53
4580,2021-04-22,2.42
4581,2021-04-23,2.44
4582,2021-04-26,2.47
4583,2021-04-27,2.51
4584,2021-04-28,2.54
4585,2021-04-29,2.56
4586,2021-04-30,2.57
4587,2021-05-03,2.6
4588,2021-05-04,2.62
4589,2021-05-05,2.68
4590,2021-05-06,2.66
4591,2021-05-07,2.65
4592,2021-05-10,2.71
4593,2021-05-11,2.68
4594,2021-05-12,2.72
4595,2021-05-13,2.65
4596,2021-05-14,2.68
4597,2021-05-17,2.72
4598,2021-05-18,2.72
4599,2021-05-19,2.66
4600,2021-05-20,2.59
4601,2021-05-21,2.62
4602,2021-05-24,2.64
4603,2021-05-25,2.63
4604,2021-05-26,2.6
4605,2021-05-27,2.59
4606,2021-05-28,2.57
4607,2021-06-01,2.6
4608,2021-06-02,2.59
4609,2021-06-03,2.56
4610,2021-06-04,2.54
4611,2021-06-07,2.51
4612,2021-06-08,2.47
4613,2021-06-09,2.41
4614,2021-06-10,2.47
4615,2021-06-11,2.43
4616,2021-06-14,2.44
4617,2021-06-15,2.46
4618,2021-06-16,2.41
4619,2021-06-17,2.31
4620,2021-06-18,2.37
4621,2021-06-21,2.41
4622,2021-06-22,2.46
4623,2021-06-23,2.49
4624,2021-06-24,2.45
4625,2021-06-25,2.46
4626,2021-06-28,2.45
4627,2021-06-29,2.46
4628,2021-06-30,2.47
4629,2021-07-01,2.49
4630,2021-07-02,2.49
4631,2021-07-06,2.48
4632,2021-07-07,2.43
4633,2021-07-08,2.38
4634,2021-07-09,2.44
4635,2021-07-12,2.48
4636,2021-07-13,2.56
4637,2021-07-14,2.53
4638,2021-07-15,2.53
4639,2021-07-16,2.52
4640,2021-07-19,2.41
4641,2021-07-20,2.4
4642,2021-07-21,2.45
4643,2021-07-22,2.46
4644,2021-07-23,2.53
4645,2021-07-26,2.59
4646,2021-07-27,2.55
4647,2021-07-28,2.57
4648,2021-07-29,2.58
4649,2021-07-30,2.56
4650,2021-08-02,2.51
4651,2021-08-03,2.51
4652,2021-08-04,2.5
4653,2021-08-05,2.46
4654,2021-08-06,2.5
4655,2021-08-09,2.5
4656,2021-08-10,2.53
4657,2021-08-11,2.55
4658,2021-08-12,2.55
4659,2021-08-13,2.52
4660,2021-08-16,2.5
4661,2021-08-17,2.49
4662,2021-08-18,2.48
4663,2021-08-19,2.45
4664,2021-08-20,2.4
4665,2021-08-23,2.43
4666,2021-08-24,2.45
4667,2021-08-25,2.51
4668,2021-08-26,2.5
4669,2021-08-27,2.53
4670,2021-08-30,2.51
4671,2021-08-31,2.48
4672,2021-09-01,2.48
4673,2021-09-02,2.47
4674,2021-09-03,2.48
4675,2021-09-07,2.51
4676,2021-09-08,2.53
4677,2021-09-09,2.55
4678,2021-09-10,2.55
4679,2021-09-13,2.53
4680,2021-09-14,2.49
4681,2021-09-15,2.51
4682,2021-09-16,2.53
4683,2021-09-17,2.51
4684,2021-09-20,2.43
4685,2021-09-21,2.44
4686,2021-09-22,2.41
4687,2021-09-23,2.48
4688,2021-09-24,2.47
4689,2021-09-27,2.5
4690,2021-09-28,2.53
4691,2021-09-29,2.52
4692,2021-09-30,2.51
4693,2021-10-01,2.51
4694,2021-10-04,2.53
4695,2021-10-05,2.59
4696,2021-10-06,2.57
4697,2021-10-07,2.61
4698,2021-10-08,2.64
4699,2021-10-12,2.64
4700,2021-10-13,2.68
4701,2021-10-14,2.69
4702,2021-10-15,2.71
4703,2021-10-18,2.71
4704,2021-10-19,2.71
4705,2021-10-20,2.77
4706,2021-10-21,2.94
4707,2021-10-22,2.91
4708,2021-10-25,2.95
4709,2021-10-26,2.99
4710,2021-10-27,2.96
4711,2021-10-28,2.9
4712,2021-10-29,2.89
4713,2021-11-01,2.86
4714,2021-11-02,2.84
4715,2021-11-03,2.86
4716,2021-11-04,2.88
4717,2021-11-05,2.87
4718,2021-11-08,2.94
4719,2021-11-09,2.96
4720,2021-11-10,3.08
4721,2021-11-12,3.11
4722,2021-11-15,3.17
4723,2021-11-16,3.17
4724,2021-11-17,3.14
4725,2021-11-18,3.11
4726,2021-11-19,3.02
4727,2021-11-22,2.98
4728,2021-11-23,3.0
4729,2021-11-24,3.03
4730,2021-11-26,2.92
4731,2021-11-29,2.91
4732,2021-11-30,2.8
4733,2021-12-01,2.7
4734,2021-12-02,2.73
4735,2021-12-03,2.72
4736,2021-12-06,2.79
4737,2021-12-07,2.84
4738,2021-12-08,2.88
4739,2021-12-09,2.8
4740,2021-12-10,2.76
4741,2021-12-13,2.73
4742,2021-12-14,2.66
4743,2021-12-15,2.67
4744,2021-12-16,2.7
4745,2021-12-17,2.65
4746,2021-12-20,2.65
4747,2021-12-21,2.69
4748,2021-12-22,2.7
4749,2021-12-23,2.72
4750,2021-12-27,2.75
4751,2021-12-28,2.78
4752,2021-12-29,2.83
4753,2021-12-30,2.86
4754,2021-12-31,2.87
4755,2022-01-03,2.95
4756,2022-01-04,2.93
4757,2022-01-05,2.87
4758,2022-01-06,2.77
4759,2022-01-07,2.78
4760,2022-01-10,2.77
4761,2022-01-11,2.87
4762,2022-01-12,2.82
4763,2022-01-13,2.77
4764,2022-01-14,2.79
4765,2022-01-18,2.8
4766,2022-01-19,2.73
4767,2022-01-20,2.74
4768,2022-01-21,2.7
4769,2022-01-24,2.74
4770,2022-01-25,2.78
4771,2022-01-26,2.75
4772,2022-01-27,2.76
4773,2022-01-28,2.8
4774,2022-01-31,2.82
4775,2022-02-01,2.8
4776,2022-02-02,2.79
4777,2022-02-03,2.76
4778,2022-02-04,2.78
4779,2022-02-07,2.75
4780,2022-02-08,2.77
4781,2022-02-09,2.78
4782,2022-02-10,2.81
4783,2022-02-11,2.82
4784,2022-02-14,2.91
4785,2022-02-15,2.89
4786,2022-02-16,2.87
4787,2022-02-17,2.87
4788,2022-02-18,2.86
4789,2022-02-22,2.89
4790,2022-02-23,3.01
4791,2022-02-24,3.05
4792,2022-02-25,3.02
4793,2022-02-28,3.11
4794,2022-03-01,3.14
4795,2022-03-02,3.23
4796,2022-03-03,3.17
4797,2022-03-04,3.19
4798,2022-03-07,3.29
4799,2022-03-08,3.43
4800,2022-03-09,3.33
4801,2022-03-10,3.42
4802,2022-03-11,3.52
4803,2022-03-14,3.5
4804,2022-03-15,3.42
4805,2022-03-16,3.34
4806,2022-03-17,3.51
4807,2022-03-18,3.48
4808,2022-03-21,3.52
4809,2022-03-22,3.52
4810,2022-03-23,3.57
4811,2022-03-24,3.57
4812,2022-03-25,3.59
4813,2022-03-28,3.56
4814,2022-03-29,3.4
4815,2022-03-30,3.41
4816,2022-03-31,3.34
4817,2022-04-01,3.28
4818,2022-04-04,3.28
4819,2022-04-05,3.31
4820,2022-04-06,3.28
4821,2022-04-07,3.26
4822,2022-04-08,3.33
4823,2022-04-11,3.37
4824,2022-04-12,3.31
4825,2022-04-13,3.25
4826,2022-04-14,3.33
4827,2022-04-18,3.36
4828,2022-04-19,3.36
4829,2022-04-20,3.36
4830,2022-04-21,3.37
4831,2022-04-22,3.37
4832,2022-04-25,3.27
4833,2022-04-26,3.25
4834,2022-04-27,3.28
4835,2022-04-28,3.39
4836,2022-04-29,3.3
4837,2022-05-02,3.21
4838,2022-05-03,3.21
4839,2022-05-04,3.24
4840,2022-05-05,3.23
4841,2022-05-06,3.22
4842,2022-05-09,3.06
4843,2022-05-10,2.92
4844,2022-05-11,3.0
4845,2022-05-12,2.89
4846,2022-05-13,3.03
4847,2022-05-16,3.04
4848,2022-05-17,3.08
4849,2022-05-18,3.05
4850,2022-05-19,2.97
4851,2022-05-20,2.88
4852,2022-05-23,2.92
4853,2022-05-24,2.87
4854,2022-05-25,2.88
4855,2022-05-26,2.96
4856,2022-05-27,2.95
4857,2022-05-31,2.96
4858,2022-06-01,2.96
4859,2022-06-02,2.97
4860,2022-06-03,3.04
4861,2022-06-06,3.05
4862,2022-06-07,3.03
4863,2022-06-08,3.06
4864,2022-06-09,3.08
4865,2022-06-10,3.13
4866,2022-06-13,3.11
4867,2022-06-14,2.88
4868,2022-06-15,3.0
4869,2022-06-16,2.87
4870,2022-06-17,2.8
4871,2022-06-21,2.84
4872,2022-06-22,2.74
4873,2022-06-23,2.69
4874,2022-06-24,2.82
4875,2022-06-27,2.79
4876,2022-06-28,2.73
4877,2022-06-29,2.59
4878,2022-06-30,2.58
4879,2022-07-01,2.6
4880,2022-07-05,2.51
4881,2022-07-06,2.48
4882,2022-07-07,2.53
4883,2022-07-08,2.62
4884,2022-07-11,2.56
4885,2022-07-12,2.5
4886,2022-07-13,2.51
4887,2022-07-14,2.54
4888,2022-07-15,2.59
4889,2022-07-18,2.63
4890,2022-07-19,2.67
4891,2022-07-20,2.67
4892,2022-07-21,2.55
4893,2022-07-22,2.56
4894,2022-07-25,2.58
4895,2022-07-26,2.56
4896,2022-07-27,2.61
4897,2022-07-28,2.67
4898,2022-07-29,2.73
4899,2022-08-01,2.72
4900,2022-08-02,2.69
4901,2022-08-03,2.72
4902,2022-08-04,2.64
4903,2022-08-05,2.64
4904,2022-08-08,2.65
4905,2022-08-09,2.66
4906,2022-08-10,2.61
4907,2022-08-11,2.67
4908,2022-08-12,2.67
4909,2022-08-15,2.62
4910,2022-08-16,2.61
4911,2022-08-17,2.65
4912,2022-08-18,2.7
4913,2022-08-19,2.72
4914,2022-08-22,2.74
4915,2022-08-23,2.77
4916,2022-08-24,2.79
4917,2022-08-25,2.77
4918,2022-08-26,2.73
4919,2022-08-29,2.71
4920,2022-08-30,2.67
4921,2022-08-31,2.58
4922,2022-09-01,2.52
4923,2022-09-02,2.55
4924,2022-09-06,2.56
4925,2022-09-07,2.51
4926,2022-09-08,2.46
4927,2022-09-09,2.51
4928,2022-09-12,2.52
4929,2022-09-13,2.56
4930,2022-09-14,2.62
4931,2022-09-15,2.57
4932,2022-09-16,2.49
4933,2022-09-19,2.44
4934,2022-09-20,2.48
4935,2022-09-21,2.47
4936,2022-09-22,2.45
4937,2022-09-23,2.38
4938,2022-09-26,2.33
4939,2022-09-27,2.35
4940,2022-09-28,2.37
4941,2022-09-29,2.18
4942,2022-09-30,2.14
4943,2022-10-03,2.26
4944,2022-10-04,2.28
4945,2022-10-05,2.26
4946,2022-10-06,2.29
4947,2022-10-07,2.36
4948,2022-10-11,2.36
4949,2022-10-12,2.32
4950,2022-10-13,2.38
4951,2022-10-14,2.44
4952,2022-10-17,2.48
4953,2022-10-18,2.42
4954,2022-10-19,2.46
4955,2022-10-20,2.65
4956,2022-10-21,2.69
4957,2022-10-24,2.72
4958,2022-10-25,2.62
4959,2022-10-26,2.56
4960,2022-10-27,2.57
4961,2022-10-28,2.62
4962,2022-10-31,2.67
4963,2022-11-01,2.65
4964,2022-11-02,2.68
4965,2022-11-03,2.54
4966,2022-11-04,2.61
4967,2022-11-07,2.67
4968,2022-11-08,2.61
4969,2022-11-09,2.53
4970,2022-11-10,2.47
4971,2022-11-14,2.42
4972,2022-11-15,2.4
4973,2022-11-16,2.35
4974,2022-11-17,2.32
4975,2022-11-18,2.28
4976,2022-11-21,2.34
4977,2022-11-22,2.35
4978,2022-11-23,2.33
4979,2022-11-25,2.34
4980,2022-11-28,2.29
4981,2022-11-29,2.3
4982,2022-11-30,2.41
4983,2022-12-01,2.45
4984,2022-12-02,2.51
4985,2022-12-05,2.46
4986,2022-12-06,2.38
4987,2022-12-07,2.33
4988,2022-12-08,2.36
4989,2022-12-09,2.3
4990,2022-12-12,2.35
4991,2022-12-13,2.31
4992,2022-12-14,2.25
4993,2022-12-15,2.21
4994,2022-12-16,2.14
4995,2022-12-19,2.19
4996,2022-12-20,2.26
4997,2022-12-21,2.31
4998,2022-12-22,2.24
4999,2022-12-23,2.29
5000,2022-12-27,2.33
5001,2022-12-28,2.33
5002,2022-12-29,2.32
5003,2022-12-30,2.33
5004,2023-01-03,2.29
5005,2023-01-04,2.21
5006,2023-01-05,2.22
5007,2023-01-06,2.18
5008,2023-01-09,2.18
5009,2023-01-10,2.2
5010,2023-01-11,2.21
5011,2023-01-12,2.21
5012,2023-01-13,2.2
5013,2023-01-17,2.18
5014,2023-01-18,2.09
5015,2023-01-19,2.21
5016,2023-01-20,2.23
5017,2023-01-23,2.28
5018,2023-01-24,2.29
5019,2023-01-25,2.28
5020,2023-01-26,2.32
5021,2023-01-27,2.33
5022,2023-01-30,2.3
5023,2023-01-31,2.27
5024,2023-02-01,2.29
5025,2023-02-02,2.26
5026,2023-02-03,2.27
5027,2023-02-06,2.33
5028,2023-02-07,2.4
5029,2023-02-08,2.46
5030,2023-02-09,2.45
5031,2023-02-10,2.47
5032,2023-02-13,2.44
5033,2023-02-14,2.45
5034,2023-02-15,2.51
5035,2023-02-16,2.52
5036,2023-02-17,2.5
5037,2023-02-21,2.58
5038,2023-02-22,2.52
5039,2023-02-23,2.5
5040,2023-02-24,2.47
5041,2023-02-27,2.49
5042,2023-02-28,2.58
5043,2023-03-01,2.59
5044,2023-03-02,2.65
5045,2023-03-03,2.71
5046,2023-03-06,2.7
5047,2023-03-07,2.54
5048,2023-03-08,2.47
5049,2023-03-09,2.43
5050,2023-03-10,2.34
5051,2023-03-13,2.26
5052,2023-03-14,2.35
5053,2023-03-15,2.33
5054,2023-03-16,2.26
5055,2023-03-17,2.1
5056,2023-03-20,2.14
5057,2023-03-21,2.25
5058,2023-03-22,2.31
5059,2023-03-23,2.26
5060,2023-03-24,2.21
5061,2023-03-27,2.27
5062,2023-03-28,2.34
5063,2023-03-29,2.38
5064,2023-03-30,2.4
5065,2023-03-31,2.4
5066,2023-04-03,2.39
5067,2023-04-04,2.32
5068,2023-04-05,2.29
5069,2023-04-06,2.31
5070,2023-04-07,2.33
5071,2023-04-10,2.34
5072,2023-04-11,2.36
5073,2023-04-12,2.29
5074,2023-04-13,2.29
5075,2023-04-14,2.31
5076,2023-04-17,2.35
5077,2023-04-18,2.33
5078,2023-04-19,2.33
5079,2023-04-20,2.28
5080,2023-04-21,2.3
5081,2023-04-24,2.33
5082,2023-04-25,2.26
5083,2023-04-26,2.26
5084,2023-04-27,2.29
5085,2023-04-28,2.2
5086,2023-05-01,2.24
5087,2023-05-02,2.18
5088,2023-05-03,2.19
5089,2023-05-04,2.13
5090,2023-05-05,2.19
5091,2023-05-08,2.22
5092,2023-05-09,2.22
5093,2023-05-10,2.13
5094,2023-05-11,2.1
5095,2023-05-12,2.11
5096,2023-05-15,2.12
5097,2023-05-16,2.11
5098,2023-05-17,2.16
5099,2023-05-18,2.16
5100,2023-05-19,2.19
5101,2023-05-22,2.18
5102,2023-05-23,2.21
5103,2023-05-24,2.14
5104,2023-05-25,2.12
5105,2023-05-26,2.13
5106,2023-05-30,2.12
5107,2023-05-31,2.07
5108,2023-06-01,2.07
5109,2023-06-02,2.13
5110,2023-06-05,2.15
5111,2023-06-06,2.14
5112,2023-06-07,2.15
5113,2023-06-08,2.14
5114,2023-06-09,2.13
5115,2023-06-12,2.09
5116,2023-06-13,2.12
5117,2023-06-14,2.15
5118,2023-06-15,2.16
5119,2023-06-16,2.17
5120,2023-06-20,2.14
5121,2023-06-21,2.15
5122,2023-06-22,2.18
5123,2023-06-23,2.16
5124,2023-06-26,2.13
5125,2023-06-27,2.12
5126,2023-06-28,2.12
5127,2023-06-29,2.15
5128,2023-06-30,2.18
5129,2023-07-03,2.21
5130,2023-07-05,2.2
5131,2023-07-06,2.22
5132,2023-07-07,2.22
5133,2023-07-10,2.19
5134,2023-07-11,2.16
5135,2023-07-12,2.18
5136,2023-07-13,2.16
5137,2023-07-14,2.15
5138,2023-07-17,2.16
5139,2023-07-18,2.13
5140,2023-07-19,2.13
5141,2023-07-20,2.21
5142,2023-07-21,2.23
5143,2023-07-24,2.28
5144,2023-07-25,2.26
5145,2023-07-26,2.24
5146,2023-07-27,2.27
5147,2023-07-28,2.28
5148,2023-07-31,2.27
5149,2023-08-01,2.26
5150,2023-08-02,2.25
5151,2023-08-03,2.24
5152,2023-08-04,2.26
5153,2023-08-07,2.29
5154,2023-08-08,2.24
5155,2023-08-09,2.23
5156,2023-08-10,2.25
5157,2023-08-11,2.3
5158,2023-08-14,2.29
5159,2023-08-15,2.24
5160,2023-08-16,2.23
5161,2023-08-17,2.24
5162,2023-08-18,2.22
5163,2023-08-21,2.25
5164,2023-08-22,2.27
5165,2023-08-23,2.26
5166,2023-08-24,2.24
5167,2023-08-25,2.25
5168,2023-08-28,2.21
5169,2023-08-29,2.18
5170,2023-08-30,2.16
5171,2023-08-31,2.15
5172,2023-09-01,2.17
5173,2023-09-05,2.21
5174,2023-09-06,2.23
5175,2023-09-07,2.24
5176,2023-09-08,2.26
5177,2023-09-11,2.26
5178,2023-09-12,2.27
5179,2023-09-13,2.28
5180,2023-09-14,2.27
5181,2023-09-15,2.27
5182,2023-09-18,2.29
5183,2023-09-19,2.3
5184,2023-09-20,2.27
5185,2023-09-21,2.29
5186,2023-09-22,2.29
5187,2023-09-25,2.25
5188,2023-09-26,2.2
5189,2023-09-27,2.23
5190,2023-09-28,2.27
5191,2023-09-29,2.22
5192,2023-10-02,2.23
5193,2023-10-03,2.21
5194,2023-10-04,2.18
5195,2023-10-05,2.14
5196,2023-10-06,2.17
5197,2023-10-10,2.18
5198,2023-10-11,2.2
5199,2023-10-12,2.23
5200,2023-10-13,2.26
5201,2023-10-16,2.3
5202,2023-10-17,2.32
5203,2023-10-18,2.35
5204,2023-10-19,2.52
5205,2023-10-20,2.47
5206,2023-10-23,2.41
5207,2023-10-24,2.38
5208,2023-10-25,2.4
5209,2023-10-26,2.37
5210,2023-10-27,2.39
5211,2023-10-30,2.4
5212,2023-10-31,2.4
5213,2023-11-01,2.36
5214,2023-11-02,2.35
5215,2023-11-03,2.32
5216,2023-11-06,2.35
5217,2023-11-07,2.32
5218,2023-11-08,2.29
5219,2023-11-09,2.3
5220,2023-11-10,2.28
5221,2023-11-13,2.29
5222,2023-11-14,2.23
5223,2023-11-15,2.24
5224,2023-11-16,2.2
5225,2023-11-17,2.23
5226,2023-11-20,2.26
5227,2023-11-21,2.19
5228,2023-11-22,2.21
5229,2023-11-24,2.21
5230,2023-11-27,2.12
5231,2023-11-28,2.15
5232,2023-11-29,2.14
5233,2023-11-30,2.15
5234,2023-12-01,2.12
5235,2023-12-04,2.13
5236,2023-12-05,2.09
5237,2023-12-06,2.05
5238,2023-12-07,2.06
5239,2023-12-08,2.11
5240,2023-12-11,2.11
5241,2023-12-12,2.08
5242,2023-12-13,2.08
5243,2023-12-14,2.18
5244,2023-12-15,2.17
5245,2023-12-18,2.18
5246,2023-12-19,2.17
5247,2023-12-20,2.16
5248,2023-12-21,2.18
5249,2023-12-22,2.16
5250,2023-12-26,2.17
5251,2023-12-27,2.12
5252,2023-12-28,2.11
5253,2023-12-29,2.12
5254,2024-01-02,2.17
5255,2024-01-03,2.17
5256,2024-01-04,2.18
5257,2024-01-05,2.19
5258,2024-01-08,2.19
5259,2024-01-09,2.17
5260,2024-01-10,2.18
5261,2024-01-11,2.18
5262,2024-01-12,2.22
5263,2024-01-16,2.24
5264,2024-01-17,2.24
5265,2024-01-18,2.28
5266,2024-01-19,2.3
5267,2024-01-22,2.27
5268,2024-01-23,2.26
5269,2024-01-24,2.23
5270,2024-01-25,2.24
5271,2024-01-26,2.26
5272,2024-01-29,2.26
5273,2024-01-30,2.25
5274,2024-01-31,2.24
5275,2024-02-01,2.17
5276,2024-02-02,2.19
5277,2024-02-05,2.26
5278,2024-02-06,2.24
5279,2024-02-07,2.26
5280,2024-02-08,2.28
5281,2024-02-09,2.28
5282,2024-02-12,2.27
5283,2024-02-13,2.33
5284,2024-02-14,2.34
5285,2024-02-15,2.35
5286,2024-02-16,2.38
5287,2024-02-20,2.37
5288,2024-02-21,2.39
5289,2024-02-22,2.37
5290,2024-02-23,2.34
5291,2024-02-26,2.36
5292,2024-02-27,2.38
5293,2024-02-28,2.38
5294,2024-02-29,2.4
5295,2024-03-01,2.4
5296,2024-03-04,2.42
5297,2024-03-05,2.39
5298,2024-03-06,2.38
5299,2024-03-07,2.34
5300,2024-03-08,2.34
5301,2024-03-11,2.32
5302,2024-03-12,2.35
5303,2024-03-13,2.37
5304,2024-03-14,2.37
5305,2024-03-15,2.39
5306,2024-03-18,2.39
5307,2024-03-19,2.38
5308,2024-03-20,2.4
5309,2024-03-21,2.43
5310,2024-03-22,2.41
5311,2024-03-25,2.41
5312,2024-03-26,2.38
5313,2024-03-27,2.37
5314,2024-03-28,2.38
5315,2024-04-01,2.41
5316,2024-04-02,2.44
5317,2024-04-03,2.43
5318,2024-04-04,2.42
5319,2024-04-05,2.45
5320,2024-04-08,2.47
5321,2024-04-09,2.44
5322,2024-04-10,2.49
5323,2024-04-11,2.48
5324,2024-04-12,2.47
5325,2024-04-15,2.52
5326,2024-04-16,2.52
5327,2024-04-17,2.47
5328,2024-04-18,2.44
5329,2024-04-19,2.44
5330,2024-04-22,2.45
5331,2024-04-23,2.44
5332,2024-04-24,2.42
5333,2024-04-25,2.43
5334,2024-04-26,2.44
5335,2024-04-29,2.43
5336,2024-04-30,2.43
5337,2024-05-01,2.39
5338,2024-05-02,2.37
5339,2024-05-03,2.35
5340,2024-05-06,2.34
5341,2024-05-07,2.32
5342,2024-05-08,2.31
5343,2024-05-09,2.34
5344,2024-05-10,2.34
5345,2024-05-13,2.33
5346,2024-05-14,2.32
5347,2024-05-15,2.29
5348,2024-05-16,2.3
5349,2024-05-17,2.32
5350,2024-05-20,2.33
5351,2024-05-21,2.33
5352,2024-05-22,2.33
5353,2024-05-23,2.31
5354,2024-05-24,2.33
5355,2024-05-28,2.33
5356,2024-05-29,2.36
5357,2024-05-30,2.35
5358,2024-05-31,2.34
5359,2024-06-03,2.31
5360,2024-06-04,2.28
5361,2024-06-05,2.27
5362,2024-06-06,2.25
5363,2024-06-07,2.28
5364,2024-06-10,2.27
5365,2024-06-11,2.25
5366,2024-06-12,2.17
5367,2024-06-13,2.14
5368,2024-06-14,2.11
5369,2024-06-17,2.16
5370,2024-06-18,2.17
5371,2024-06-20,2.21
5372,2024-06-21,2.19
5373,2024-06-24,2.18
5374,2024-06-25,2.17
5375,2024-06-26,2.2
5376,2024-06-27,2.22
5377,2024-06-28,2.24
5378,2024-07-01,2.29
5379,2024-07-02,2.26
5380,2024-07-03,2.23
5381,2024-07-05,2.22
5382,2024-07-08,2.22
5383,2024-07-09,2.21
5384,2024-07-10,2.22
5385,2024-07-11,2.18
5386,2024-07-12,2.15
5387,2024-07-15,2.2
5388,2024-07-16,2.2
5389,2024-07-17,2.19
5390,2024-07-18,2.19
5391,2024-07-19,2.18
5392,2024-07-22,2.18
5393,2024-07-23,2.17
5394,2024-07-24,2.13
5395,2024-07-25,2.13
5396,2024-07-26,2.13
5397,2024-07-29,2.13
5398,2024-07-30,2.12
5399,2024-07-31,2.13
5400,2024-08-01,2.06
5401,2024-08-02,1.89
5402,2024-08-05,1.91
5403,2024-08-06,1.96
5404,2024-08-07,1.97
5405,2024-08-08,1.98
5406,2024-08-09,1.96
5407,2024-08-12,1.98
5408,2024-08-13,1.96
5409,2024-08-14,1.93
5410,2024-08-15,1.99
5411,2024-08-16,1.97
5412,2024-08-19,1.94
5413,2024-08-20,1.95
5414,2024-08-21,1.94
5415,2024-08-22,1.96
5416,2024-08-23,2.01
5417,2024-08-26,2.02
5418,2024-08-27,2.02
5419,2024-08-28,1.99
5420,2024-08-29,2.01
5421,2024-08-30,2.01
5422,2024-09-03,1.95
5423,2024-09-04,1.9
5424,2024-09-05,1.87
5425,2024-09-06,1.86
5426,2024-09-09,1.88
5427,2024-09-10,1.86
5428,2024-09-11,1.9
5429,2024-09-12,1.93
5430,2024-09-13,1.95
5431,2024-09-16,1.94
5432,2024-09-17,1.97
5433,2024-09-18,1.98
5434,2024-09-19,2.04
5435,2024-09-20,2.02
5436,2024-09-23,2.04
5437,2024-09-24,2.06
5438,2024-09-25,2.06
5439,2024-09-26,2.03
5440,2024-09-27,2.03
5441,2024-09-30,2.07
5442,2024-10-01,2.07
5443,2024-10-02,2.1
5444,2024-10-03,2.11
5445,2024-10-04,2.14
5446,2024-10-07,2.17
5447,2024-10-08,2.17
5448,2024-10-09,2.21
5449,2024-10-10,2.26
5450,2024-10-11,2.25
5451,2024-10-15,2.22
5452,2024-10-16,2.19
5453,2024-10-17,2.22
5454,2024-10-18,2.23
5455,2024-10-21,2.23
5456,2024-10-22,2.25
5457,2024-10-23,2.23
5458,2024-10-24,2.33
5459,2024-10-25,2.32
5460,2024-10-28,2.31
5461,2024-10-29,2.33
5462,2024-10-30,2.37
5463,2024-10-31,2.38
5464,2024-11-01,2.37
5465,2024-11-04,2.32
5466,2024-11-05,2.32
5467,2024-11-06,2.46
5468,2024-11-07,2.4
5469,2024-11-08,2.43
5470,2024-11-12,2.43
5471,2024-11-13,2.42
5472,2024-11-14,2.4
5473,2024-11-15,2.39
5474,2024-11-18,2.41
5475,2024-11-19,2.41
5476,2024-11-20,2.43
5477,2024-11-21,2.42
5478,2024-11-22,2.43
5479,2024-11-25,2.35
5480,2024-11-26,2.33
5481,2024-11-27,2.32
5482,2024-11-29,2.33
5483,2024-12-02,2.33
5484,2024-12-03,2.36
5485,2024-12-04,2.37
5486,2024-12-05,2.35
5487,2024-12-06,2.31
5488,2024-12-09,2.33
5489,2024-12-10,2.34
5490,2024-12-11,2.38
5491,2024-12-12,2.39
5492,2024-12-13,2.4
5493,2024-12-16,2.38
5494,2024-12-17,2.36
5495,2024-12-18,2.38
5496,2024-12-19,2.35
5497,2024-12-20,2.34
5498,2024-12-23,2.38
5499,2024-12-24,2.39
5500,2024-12-26,2.39
5501,2024-12-27,2.38
5502,2024-12-30,2.35
5503,2024-12-31,2.38
5504,2025-01-02,2.41
5505,2025-01-03,2.4
5506,2025-01-06,2.4
5507,2025-01-07,2.44
5508,2025-01-08,2.47
5509,2025-01-09,2.46
5510,2025-01-10,2.51
5511,2025-01-13,2.55
5512,2025-01-14,2.55
5513,2025-01-15,2.52
5514,2025-01-16,2.51
5515,2025-01-17,2.52
5516,2025-01-21,2.47
5517,2025-01-22,2.48
5518,2025-01-23,2.52
5519,2025-01-24,2.52
5520,2025-01-27,2.49
5521,2025-01-28,2.52
5522,2025-01-29,2.52
5523,2025-01-30,2.5
5524,2025-01-31,2.54
5525,2025-02-03,2.61
5526,2025-02-04,2.59
5527,2025-02-05,2.57
5528,2025-02-06,2.57
5529,2025-02-07,2.59
5530,2025-02-10,2.6
5531,2025-02-11,2.64
5532,2025-02-12,2.66
5533,2025-02-13,2.64
5534,2025-02-14,2.62
5535,2025-02-18,2.65
5536,2025-02-19,2.66
5537,2025-02-20,2.66
5538,2025-02-21,2.61
5539,2025-02-24,2.61
5540,2025-02-25,2.57
5541,2025-02-26,2.54
5542,2025-02-27,2.57
5543,2025-02-28,2.58
5544,2025-03-03,2.59
5545,2025-03-04,2.59
5546,2025-03-05,2.56
5547,2025-03-06,2.53
5548,2025-03-07,2.52
5549,2025-03-10,2.49
5550,2025-03-11,2.5
5551,2025-03-12,2.53
5552,2025-03-13,2.48
5553,2025-03-14,2.48
5554,2025-03-17,2.48
5555,2025-03-18,2.46
5556,2025-03-19,2.5
5557,2025-03-20,2.51
5558,2025-03-21,2.51
5559,2025-03-24,2.54
5560,2025-03-25,2.56
5561,2025-03-26,2.56
5562,2025-03-27,2.6
5563,2025-03-28,2.58
5564,2025-03-31,2.61
5565,2025-04-01,2.54
5566,2025-04-02,2.51
5567,2025-04-03,2.5
5568,2025-04-04,2.34
5569,2025-04-07,2.31
5570,2025-04-08,2.35
5571,2025-04-09,2.45
5572,2025-04-10,2.32
5573,2025-04-11,2.33
5574,2025-04-14,2.35
5575,2025-04-15,2.31
5576,2025-04-16,2.29
5577,2025-04-17,2.26
5578,2025-04-21,2.25
5579,2025-04-22,2.3
5580,2025-04-23,2.33
5581,2025-04-24,2.35
5582,2025-04-25,2.32
5583,2025-04-28,2.32
5584,2025-04-29,2.29
5585,2025-04-30,2.29
5586,2025-05-01,2.3
5587,2025-05-02,2.31
5588,2025-05-05,2.33
5589,2025-05-06,2.34
5590,2025-05-07,2.33
5591,2025-05-08,2.39
5592,2025-05-09,2.39
5593,2025-05-12,2.35
5594,2025-05-13,2.38
5595,2025-05-14,2.44
5596,2025-05-15,2.41
5597,2025-05-16,2.42
5598,2025-05-19,2.43
5599,2025-05-20,2.42
5600,2025-05-21,2.43
5601,2025-05-22,2.42
5602,2025-05-23,2.4
5603,2025-05-27,2.41
5604,2025-05-28,2.39
5605,2025-05-29,2.38
5606,2025-05-30,2.39
5607,2025-06-02,2.38
5608,2025-06-03,2.38
5609,2025-06-04,2.32
5610,2025-06-05,2.31
5611,2025-06-06,2.35
5612,2025-06-09,2.34
5613,2025-06-10,2.32
5614,2025-06-11,2.3
5615,2025-06-12,2.28
5616,2025-06-13,2.31
5617,2025-06-16,2.32
5618,2025-06-17,2.35
5619,2025-06-18,2.36
5620,2025-06-20,2.37
5621,2025-06-23,2.33
5622,2025-06-24,2.3
5623,2025-06-25,2.28
5624,2025-06-26,2.29
5625,2025-06-27,2.31
5626,2025-06-30,2.31
5627,2025-07-01,2.32
5628,2025-07-02,2.34
5629,2025-07-03,2.37
5630,2025-07-07,2.4
5631,2025-07-08,2.39
5632,2025-07-09,2.38
5633,2025-07-10,2.39
5634,2025-07-11,2.44
5635,2025-07-14,2.45
5636,2025-07-15,2.48
5637,2025-07-16,2.49
5638,2025-07-17,2.53
5639,2025-07-18,2.5
5640,2025-07-21,2.49
5641,2025-07-22,2.47
5642,2025-07-23,2.44
5643,2025-07-24,2.5
5644,2025-07-25,2.47
5645,2025-07-28,2.47
5646,2025-07-29,2.48
5647,2025-07-30,2.48
5648,2025-07-31,2.46
5649,2025-08-01,2.38
5650,2025-08-04,2.41
5651,2025-08-05,2.41
5652,2025-08-06,2.4
5653,2025-08-07,2.41
5654,2025-08-08,2.46
5655,2025-08-11,2.46
5656,2025-08-12,2.43
5657,2025-08-13,2.42
5658,2025-08-14,2.43
5659,2025-08-15,2.42
5660,2025-08-18,2.42
5661,2025-08-19,2.39
5662,2025-08-20,2.4
5663,2025-08-21,2.44
5664,2025-08-22,2.48
5665,2025-08-25,2.49
5666,2025-08-26,2.5
5667,2025-08-27,2.5
5668,2025-08-28,2.49
5669,2025-08-29,2.47
5670,2025-09-02,2.48
5671,2025-09-03,2.46
5672,2025-09-04,2.44
5673,2025-09-05,2.42
5674,2025-09-08,2.41
5675,2025-09-09,2.43
5676,2025-09-10,2.41
5677,2025-09-11,2.41
5678,2025-09-12,2.42
5679,2025-09-15,2.41
5680,2025-09-16,2.42
5681,2025-09-17,2.43
5682,2025-09-18,2.44
5683,2025-09-19,2.43
5684,2025-09-22,2.42
5685,2025-09-23,2.42
5686,2025-09-24,2.42
5687,2025-09-25,2.42
5688,2025-09-26,2.42
5689,2025-09-29,2.41
5690,2025-09-30,2.42
5691,2025-10-01,2.39
5692,2025-10-02,2.37
5693,2025-10-03,2.38
5694,2025-10-06,2.38
5695,2025-10-07,2.39
5696,2025-10-08,2.39
5697,2025-10-09,2.39
5698,2025-10-10,2.35
5699,2025-10-14,2.33
5700,2025-10-15,2.33
5701,2025-10-16,2.29
5702,2025-10-17,2.29
5703,2025-10-20,2.28
5704,2025-10-21,2.3
5705,2025-10-22,2.32
5706,2025-10-23,2.42
5707,2025-10-24,2.4
5708,2025-10-27,2.37
5709,2025-10-28,2.36
5710,2025-10-29,2.37
5711,2025-10-30,2.38
5712,2025-10-31,2.4
5713,2025-11-03,2.41
5714,2025-11-04,2.38
5715,2025-11-05,2.39
5716,2025-11-06,2.37
5717,2025-11-07,2.36
5718,2025-11-10,2.38
5719,2025-11-12,2.37
5720,2025-11-13,2.37
5721,2025-11-14,2.38
5722,2025-11-17,2.37
5723,2025-11-18,2.36
5724,2025-11-19,2.36
5725,2025-11-20,2.34
5726,2025-11-21,2.32
5727,2025-11-24,2.3
5728,2025-11-25,2.27
5729,2025-11-26,2.29
5730,2025-11-28,2.29
5731,2025-12-01,2.31
5732,2025-12-02,2.3
5733,2025-12-03,2.29
5734,2025-12-04,2.33
5735,2025-12-05,2.34
5736,2025-12-08,2.32
5737,2025-12-09,2.32
5738,2025-12-10,2.32
5739,2025-12-11,2.32
5740,2025-12-12,2.32
5741,2025-12-15,2.29
5742,2025-12-16,2.25
5743,2025-12-17,2.26
5744,2025-12-18,2.26
5745,2025-12-19,2.27
5746,2025-12-22,2.25
5747,2025-12-23,2.24
5748,2025-12-24,2.24
5749,2025-12-26,2.22
5750,2025-12-29,2.23
5751,2025-12-30,2.25
5752,2025-12-31,2.26
5753,2026-01-02,2.28
5754,2026-01-05,2.29
5755,2026-01-06,2.3
5756,2026-01-07,2.3
5757,2026-01-08,2.31
5758,2026-01-09,2.32
5759,2026-01-12,2.36
5760,2026-01-13,2.37
5761,2026-01-14,2.36
5762,2026-01-15,2.36
5763,2026-01-16,2.39
5764,2026-01-20,2.4
5765,2026-01-21,2.42
5766,2026-01-22,2.42
5767,2026-01-23,2.46
5768,2026-01-26,2.45
5769,2026-01-27,2.47
5770,2026-01-28,2.5
5771,2026-01-29,2.52
5772,2026-01-30,2.53
5773,2026-02-02,2.52
5774,2026-02-03,2.53
5775,2026-02-04,2.51
5776,2026-02-05,2.48
5777,2026-02-06,2.5
5778,2026-02-09,2.5
5779,2026-02-10,2.47
5780,2026-02-11,2.49
5781,2026-02-12,2.45
5782,2026-02-13,2.42
5783,2026-02-17,2.39
5784,2026-02-18,2.43
5785,2026-02-19,2.43
5786,2026-02-20,2.43
5787,2026-02-23,2.4
5788,2026-02-24,2.4
5789,2026-02-25,2.42
5790,2026-02-26,2.43
5791,2026-02-27,2.4
5792,2026-03-02,2.46
5793,2026-03-03,2.46
5794,2026-03-04,2.46
5795,2026-03-05,2.51
5796,2026-03-06,2.56
5797,2026-03-09,2.56
5798,2026-03-10,2.53
5799,2026-03-11,2.58
5800,2026-03-12,2.63
5801,2026-03-13,2.61
5802,2026-03-16,2.58
5803,2026-03-17,2.62
5804,2026-03-18,2.66
5805,2026-03-19,2.61
5806,2026-03-20,2.63
5807,2026-03-23,2.53
5808,2026-03-24,2.55
5809,2026-03-25,2.51
5810,2026-03-26,2.56
5811,2026-03-27,2.56
5812,2026-03-30,2.57
5813,2026-03-31,2.54
5814,2026-04-01,2.55
5815,2026-04-02,2.57
5816,2026-04-03,2.61
5817,2026-04-06,2.6
5818,2026-04-07,2.61
5819,2026-04-08,2.56
5820,2026-04-09,2.56
5821,2026-04-10,2.58
