,Date,ANFCI,d_ANFCI,DGS10,d_DGS10,T5YIE,d_T5YIE,BAML_C0A0CM,d_BAML_C0A0CM,T10Y2Y,d_T10Y2Y,MOVE,d_MOVE,VIX,d_VIX,GPR,d_GPR
0,2016-04-15,-0.272,0.009000000000000008,1.76,0.040000000000000036,1.42,-0.010000000000000009,1.64,-0.06000000000000005,1.02,0.0,66.48999786376953,,13.619999885559082,,86.41481018066406,39.93745803833008
1,2016-04-22,-0.266,0.006000000000000005,1.89,0.1299999999999999,1.56,0.14000000000000012,1.55,-0.08999999999999986,1.05,0.030000000000000027,67.77999877929688,1.2900009155273438,13.220000267028809,-0.39999961853027344,76.72159576416016,-9.693214416503906
2,2016-04-29,-0.263,0.0030000000000000027,1.83,-0.05999999999999983,1.6,0.040000000000000036,1.52,-0.030000000000000027,1.06,0.010000000000000009,64.91999816894531,-2.8600006103515625,15.699999809265137,2.479999542236328,77.53734588623047,0.8157501220703125
3,2016-05-06,-0.261,0.0020000000000000018,1.79,-0.040000000000000036,1.51,-0.09000000000000008,1.56,0.040000000000000036,1.05,-0.010000000000000009,65.1500015258789,0.23000335693359375,14.720000267028809,-0.9799995422363281,79.36795043945312,1.8306045532226562
4,2016-05-13,-0.26,0.0010000000000000009,1.71,-0.08000000000000007,1.52,0.010000000000000009,1.57,0.010000000000000009,0.95,-0.10000000000000009,64.06999969482422,-1.0800018310546875,15.039999961853027,0.31999969482421875,88.21751403808594,8.849563598632812
5,2016-05-20,-0.256,0.0040000000000000036,1.85,0.14000000000000012,1.51,-0.010000000000000009,1.56,-0.010000000000000009,0.96,0.010000000000000009,68.51000213623047,4.44000244140625,15.199999809265137,0.15999984741210938,115.90248107910156,27.684967041015625
6,2016-05-27,-0.25,0.006000000000000005,1.85,0.0,1.51,0.0,1.54,-0.020000000000000018,0.95,-0.010000000000000009,66.76000213623047,-1.75,13.119999885559082,-2.0799999237060547,81.85124206542969,-34.051239013671875
7,2016-06-03,-0.242,0.008000000000000007,1.71,-0.14000000000000012,1.45,-0.06000000000000005,1.56,0.020000000000000018,0.93,-0.019999999999999907,67.58999633789062,0.8299942016601562,13.470000267028809,0.35000038146972656,144.19883728027344,62.34759521484375
8,2016-06-10,-0.234,0.00799999999999998,1.64,-0.07000000000000006,1.49,0.040000000000000036,1.56,0.0,0.91,-0.020000000000000018,75.0999984741211,7.510002136230469,17.030000686645508,3.560000419616699,62.16614532470703,-82.0326919555664
9,2016-06-17,-0.224,0.010000000000000009,1.62,-0.019999999999999796,1.43,-0.06000000000000005,1.6,0.040000000000000036,0.92,0.010000000000000009,82.58000183105469,7.480003356933594,19.40999984741211,2.3799991607666016,99.28677368164062,37.120628356933594
10,2016-06-24,-0.219,0.0050000000000000044,1.57,-0.050000000000000044,1.36,-0.06999999999999984,1.61,0.010000000000000009,0.93,0.010000000000000009,77.94000244140625,-4.6399993896484375,25.760000228881836,6.350000381469727,67.60342407226562,-31.683349609375
11,2016-07-01,-0.217,0.0020000000000000018,1.46,-0.1100000000000001,1.43,0.06999999999999984,1.61,0.0,0.87,-0.06000000000000005,74.3499984741211,-3.5900039672851562,14.770000457763672,-10.989999771118164,112.06250762939453,44.459083557128906
12,2016-07-08,-0.222,-0.0050000000000000044,1.37,-0.08999999999999986,1.39,-0.040000000000000036,1.57,-0.040000000000000036,0.76,-0.10999999999999999,72.30999755859375,-2.0400009155273438,13.199999809265137,-1.5700006484985352,131.0286407470703,18.96613311767578
13,2016-07-15,-0.233,-0.01100000000000001,1.6,0.22999999999999998,1.44,0.050000000000000044,1.49,-0.08000000000000007,0.89,0.13,74.7699966430664,2.4599990844726562,12.670000076293945,-0.5299997329711914,91.61395263671875,-39.41468811035156
14,2016-07-22,-0.244,-0.010999999999999982,1.57,-0.030000000000000027,1.36,-0.07999999999999985,1.47,-0.020000000000000018,0.86,-0.030000000000000027,69.91000366210938,-4.859992980957031,12.020000457763672,-0.6499996185302734,150.14471435546875,58.53076171875
15,2016-07-29,-0.255,-0.01100000000000001,1.46,-0.1100000000000001,1.31,-0.050000000000000044,1.5,0.030000000000000027,0.79,-0.06999999999999995,64.1500015258789,-5.760002136230469,11.869999885559082,-0.15000057220458984,107.76387023925781,-42.38084411621094
16,2016-08-05,-0.261,-0.006000000000000005,1.59,0.13000000000000012,1.33,0.020000000000000018,1.49,-0.010000000000000009,0.87,0.07999999999999996,66.58999633789062,2.4399948120117188,11.390000343322754,-0.4799995422363281,93.311767578125,-14.452102661132812
17,2016-08-12,-0.26,0.0010000000000000009,1.51,-0.08000000000000007,1.29,-0.040000000000000036,1.45,-0.040000000000000036,0.8,-0.06999999999999995,64.37000274658203,-2.2199935913085938,11.550000190734863,0.15999984741210938,112.60853576660156,19.296768188476562
18,2016-08-19,-0.252,0.008000000000000007,1.58,0.07000000000000006,1.34,0.050000000000000044,1.4,-0.050000000000000044,0.82,0.019999999999999907,64.81999969482422,0.4499969482421875,11.34000015258789,-0.21000003814697266,78.40396881103516,-34.204566955566406
19,2016-08-26,-0.239,0.013000000000000012,1.62,0.040000000000000036,1.31,-0.030000000000000027,1.38,-0.020000000000000018,0.78,-0.039999999999999925,71.23999786376953,6.4199981689453125,13.649999618530273,2.309999465942383,80.30467224121094,1.9007034301757812
20,2016-09-02,-0.224,0.014999999999999986,1.6,-0.020000000000000018,1.28,-0.030000000000000027,1.39,0.010000000000000009,0.8,0.020000000000000018,66.45999908447266,-4.779998779296875,11.979999542236328,-1.6700000762939453,77.37384033203125,-2.9308319091796875
21,2016-09-09,-0.213,0.01100000000000001,1.67,0.06999999999999984,1.32,0.040000000000000036,1.4,0.010000000000000009,0.88,0.07999999999999996,69.12000274658203,2.660003662109375,17.5,5.520000457763672,116.9141616821289,39.540321350097656
22,2016-09-16,-0.208,0.0050000000000000044,1.7,0.030000000000000027,1.34,0.020000000000000018,1.43,0.030000000000000027,0.93,0.050000000000000044,69.20999908447266,0.089996337890625,15.369999885559082,-2.130000114440918,51.03395462036133,-65.88020706176758
23,2016-09-23,-0.209,-0.0010000000000000009,1.62,-0.07999999999999985,1.42,0.07999999999999985,1.41,-0.020000000000000018,0.85,-0.08000000000000007,59.75,-9.459999084472656,12.289999961853027,-3.0799999237060547,100.2487564086914,49.21480178833008
24,2016-09-30,-0.218,-0.009000000000000008,1.6,-0.020000000000000018,1.45,0.030000000000000027,1.43,0.020000000000000018,0.83,-0.020000000000000018,60.560001373291016,0.8100013732910156,13.289999961853027,1.0,120.28876495361328,20.040008544921875
25,2016-10-07,-0.233,-0.015000000000000013,1.73,0.1299999999999999,1.5,0.050000000000000044,1.38,-0.050000000000000044,0.9,0.07000000000000006,62.84000015258789,2.279998779296875,13.479999542236328,0.18999958038330078,25.318988800048828,-94.96977615356445
26,2016-10-14,-0.25,-0.016999999999999987,1.8,0.07000000000000006,1.53,0.030000000000000027,1.36,-0.019999999999999796,0.96,0.05999999999999994,64.9800033569336,2.140003204345703,16.1200008392334,2.6400012969970703,93.18052673339844,67.86153793334961
27,2016-10-21,-0.27,-0.020000000000000018,1.74,-0.06000000000000005,1.56,0.030000000000000027,1.35,-0.010000000000000009,0.9,-0.05999999999999994,57.09000015258789,-7.890003204345703,13.34000015258789,-2.780000686645508,78.98127746582031,-14.199249267578125
28,2016-10-28,-0.295,-0.024999999999999967,1.86,0.1200000000000001,1.6,0.040000000000000036,1.37,0.020000000000000018,1.0,0.09999999999999998,64.37999725341797,7.289997100830078,16.190000534057617,2.8500003814697266,82.20970916748047,3.2284317016601562
29,2016-11-04,-0.322,-0.027000000000000024,1.79,-0.07000000000000006,1.52,-0.08000000000000007,1.41,0.039999999999999813,0.99,-0.010000000000000009,74.61000061035156,10.230003356933594,22.510000228881836,6.319999694824219,48.217872619628906,-33.99183654785156
30,2016-11-11,-0.351,-0.02899999999999997,2.15,0.3599999999999999,1.7,0.17999999999999994,1.36,-0.04999999999999982,1.23,0.24,82.56999969482422,7.959999084472656,14.170000076293945,-8.34000015258789,94.90303039550781,46.685157775878906
31,2016-11-18,-0.376,-0.025000000000000022,2.34,0.18999999999999995,1.74,0.040000000000000036,1.36,0.0,1.27,0.040000000000000036,81.6500015258789,-0.9199981689453125,12.850000381469727,-1.3199996948242188,92.14374542236328,-2.7592849731445312
32,2016-11-25,-0.395,-0.019000000000000017,2.36,0.020000000000000018,1.74,0.0,1.36,0.0,1.24,-0.030000000000000027,79.69000244140625,-1.9599990844726562,12.34000015258789,-0.5100002288818359,76.48912811279297,-15.654617309570312
33,2016-12-02,-0.405,-0.010000000000000009,2.4,0.040000000000000036,1.76,0.020000000000000018,1.35,-0.010000000000000009,1.29,0.050000000000000044,82.05999755859375,2.3699951171875,14.119999885559082,1.7799997329711914,64.86146545410156,-11.627662658691406
34,2016-12-09,-0.408,-0.002999999999999947,2.47,0.07000000000000028,1.83,0.07000000000000006,1.33,-0.020000000000000018,1.32,0.030000000000000027,75.55000305175781,-6.5099945068359375,11.75,-2.369999885559082,71.08514404296875,6.2236785888671875
35,2016-12-16,-0.405,0.002999999999999947,2.6,0.1299999999999999,1.75,-0.08000000000000007,1.3,-0.030000000000000027,1.32,0.0,78.22000122070312,2.6699981689453125,12.199999809265137,0.4499998092651367,107.91650390625,36.83135986328125
36,2016-12-23,-0.399,0.006000000000000005,2.55,-0.050000000000000266,1.84,0.09000000000000008,1.29,-0.010000000000000009,1.33,0.010000000000000009,72.56999969482422,-5.650001525878906,11.4399995803833,-0.7600002288818359,182.83653259277344,74.92002868652344
37,2016-12-30,-0.395,0.0040000000000000036,2.45,-0.09999999999999964,1.84,0.0,1.29,0.0,1.25,-0.08000000000000007,71.62999725341797,-0.94000244140625,14.039999961853027,2.6000003814697266,206.6664276123047,23.82989501953125
38,2017-01-06,-0.39,0.0050000000000000044,2.42,-0.03000000000000025,1.84,0.0,1.28,-0.010000000000000009,1.2,-0.050000000000000044,75.23999786376953,3.6100006103515625,11.319999694824219,-2.7200002670288086,129.0610809326172,-77.6053466796875
39,2017-01-13,-0.386,0.0040000000000000036,2.4,-0.020000000000000018,1.85,0.010000000000000009,1.28,0.0,1.19,-0.010000000000000009,74.5,-0.7399978637695312,11.229999542236328,-0.09000015258789062,127.04450225830078,-2.0165786743164062
40,2017-01-20,-0.382,0.0040000000000000036,2.48,0.08000000000000007,1.92,0.06999999999999984,1.28,0.0,1.28,0.09000000000000008,76.70999908447266,2.2099990844726562,11.539999961853027,0.3100004196166992,104.65530395507812,-22.389198303222656
41,2017-01-27,-0.38,0.0020000000000000018,2.49,0.010000000000000231,1.96,0.040000000000000036,1.26,-0.020000000000000018,1.27,-0.010000000000000009,72.19000244140625,-4.519996643066406,10.579999923706055,-0.9600000381469727,119.15711212158203,14.501808166503906
42,2017-02-03,-0.379,0.0010000000000000009,2.49,0.0,1.91,-0.050000000000000044,1.27,0.010000000000000009,1.28,0.010000000000000009,67.38999938964844,-4.8000030517578125,10.970000267028809,0.3900003433227539,184.0315399169922,64.87442779541016
43,2017-02-10,-0.382,-0.0030000000000000027,2.41,-0.08000000000000007,1.87,-0.039999999999999813,1.27,0.0,1.21,-0.07000000000000006,69.62999725341797,2.2399978637695312,10.850000381469727,-0.11999988555908203,212.408935546875,28.377395629882812
44,2017-02-17,-0.386,-0.0040000000000000036,2.42,0.009999999999999787,1.85,-0.020000000000000018,1.24,-0.030000000000000027,1.21,0.0,69.77999877929688,0.15000152587890625,11.489999771118164,0.6399993896484375,88.52149963378906,-123.88743591308594
45,2017-02-24,-0.389,-0.0030000000000000027,2.31,-0.10999999999999988,1.9,0.04999999999999982,1.23,-0.010000000000000009,1.19,-0.020000000000000018,69.8499984741211,0.06999969482421875,11.470000267028809,-0.01999950408935547,90.82076263427734,2.2992630004882812
46,2017-03-03,-0.394,-0.0050000000000000044,2.49,0.18000000000000016,1.92,0.020000000000000018,1.18,-0.050000000000000044,1.17,-0.020000000000000018,65.79000091552734,-4.05999755859375,10.960000038146973,-0.5100002288818359,64.7708740234375,-26.049888610839844
47,2017-03-10,-0.396,-0.0020000000000000018,2.58,0.08999999999999986,1.9,-0.020000000000000018,1.21,0.030000000000000027,1.22,0.050000000000000044,67.69999694824219,1.9099960327148438,11.65999984741211,0.6999998092651367,71.80421447753906,7.0333404541015625
48,2017-03-17,-0.397,-0.0010000000000000009,2.5,-0.08000000000000007,1.89,-0.010000000000000009,1.22,0.010000000000000009,1.17,-0.050000000000000044,60.720001220703125,-6.9799957275390625,11.279999732971191,-0.38000011444091797,97.03926849365234,25.23505401611328
49,2017-03-24,-0.398,-0.0010000000000000009,2.4,-0.10000000000000009,1.73,-0.15999999999999992,1.23,0.010000000000000009,1.14,-0.030000000000000027,64.44999694824219,3.7299957275390625,12.960000038146973,1.6800003051757812,177.37338256835938,80.33411407470703
50,2017-03-31,-0.403,-0.0050000000000000044,2.4,0.0,1.77,0.040000000000000036,1.24,0.010000000000000009,1.13,-0.010000000000000009,60.70000076293945,-3.7499961853027344,12.369999885559082,-0.5900001525878906,118.13721466064453,-59.236167907714844
51,2017-04-07,-0.409,-0.00599999999999995,2.38,-0.020000000000000018,1.7,-0.07000000000000006,1.23,-0.010000000000000009,1.09,-0.039999999999999813,68.66000366210938,7.960002899169922,12.869999885559082,0.5,143.82296752929688,25.685752868652344
52,2017-04-14,-0.418,-0.009000000000000008,2.24,-0.13999999999999968,1.74,0.040000000000000036,1.25,0.020000000000000018,1.03,-0.06000000000000005,74.4800033569336,5.819999694824219,15.960000038146973,3.0900001525878906,123.9395980834961,-19.88336944580078
53,2017-04-21,-0.426,-0.008000000000000007,2.24,0.0,1.79,0.050000000000000044,1.25,0.0,1.04,0.010000000000000009,77.1500015258789,2.6699981689453125,14.630000114440918,-1.3299999237060547,130.75924682617188,6.819648742675781
54,2017-04-28,-0.436,-0.010000000000000009,2.29,0.04999999999999982,1.81,0.020000000000000018,1.22,-0.030000000000000027,1.01,-0.030000000000000027,60.189998626708984,-16.960002899169922,10.819999694824219,-3.810000419616699,126.36498260498047,-4.394264221191406
55,2017-05-05,-0.447,-0.01100000000000001,2.36,0.06999999999999984,1.75,-0.06000000000000005,1.21,-0.010000000000000009,1.04,0.030000000000000027,58.720001220703125,-1.4699974060058594,10.569999694824219,-0.25,76.30575561523438,-50.059226989746094
56,2017-05-12,-0.458,-0.01100000000000001,2.33,-0.029999999999999805,1.75,0.0,1.18,-0.030000000000000027,1.04,0.0,55.709999084472656,-3.0100021362304688,10.399999618530273,-0.1700000762939453,78.98820495605469,2.6824493408203125
57,2017-05-19,-0.47,-0.011999999999999955,2.23,-0.10000000000000009,1.75,0.0,1.18,0.0,0.95,-0.09000000000000008,57.81999969482422,2.1100006103515625,12.039999961853027,1.640000343322754,75.71583557128906,-3.272369384765625
58,2017-05-26,-0.484,-0.014000000000000012,2.25,0.020000000000000018,1.73,-0.020000000000000018,1.18,0.0,0.95,0.0,54.04999923706055,-3.770000457763672,9.8100004196167,-2.229999542236328,218.0687255859375,142.35289001464844
59,2017-06-02,-0.493,-0.009000000000000008,2.15,-0.10000000000000009,1.72,-0.010000000000000009,1.19,0.010000000000000009,0.87,-0.07999999999999996,53.7400016784668,-0.30999755859375,9.75,-0.06000041961669922,88.57132720947266,-129.49739837646484
60,2017-06-09,-0.498,-0.0050000000000000044,2.21,0.06000000000000005,1.68,-0.040000000000000036,1.19,0.0,0.86,-0.010000000000000009,52.560001373291016,-1.1800003051757812,10.699999809265137,0.9499998092651367,121.29351043701172,32.72218322753906
61,2017-06-16,-0.501,-0.0030000000000000027,2.16,-0.04999999999999982,1.56,-0.11999999999999988,1.18,-0.010000000000000009,0.84,-0.020000000000000018,51.47999954223633,-1.0800018310546875,10.380000114440918,-0.31999969482421875,105.61810302734375,-15.675407409667969
62,2017-06-23,-0.503,-0.0020000000000000018,2.15,-0.010000000000000231,1.59,0.030000000000000027,1.18,0.0,0.81,-0.029999999999999916,51.15999984741211,-0.31999969482421875,10.020000457763672,-0.3599996566772461,107.30852508544922,1.6904220581054688
63,2017-06-30,-0.51,-0.007000000000000006,2.31,0.16000000000000014,1.63,0.039999999999999813,1.15,-0.030000000000000027,0.93,0.12,55.220001220703125,4.060001373291016,11.180000305175781,1.1599998474121094,102.60165405273438,-4.706871032714844
64,2017-07-07,-0.521,-0.01100000000000001,2.39,0.08000000000000007,1.63,0.0,1.12,-0.029999999999999805,0.99,0.05999999999999994,55.7599983215332,0.5399971008300781,11.1899995803833,0.009999275207519531,115.72289276123047,13.121238708496094
65,2017-07-14,-0.534,-0.013000000000000012,2.33,-0.06000000000000005,1.62,-0.009999999999999787,1.11,-0.010000000000000009,0.98,-0.010000000000000009,51.029998779296875,-4.729999542236328,9.510000228881836,-1.6799993515014648,93.1047134399414,-22.618179321289062
66,2017-07-21,-0.544,-0.010000000000000009,2.24,-0.08999999999999986,1.62,0.0,1.1,-0.010000000000000009,0.88,-0.09999999999999998,47.45000076293945,-3.579998016357422,9.359999656677246,-0.15000057220458984,80.10476684570312,-12.999946594238281
67,2017-07-28,-0.544,0.0,2.3,0.05999999999999961,1.68,0.05999999999999983,1.08,-0.020000000000000018,0.96,0.07999999999999996,48.529998779296875,1.0799980163574219,10.289999961853027,0.9300003051757812,113.88499450683594,33.78022766113281
68,2017-08-04,-0.532,0.01200000000000001,2.27,-0.029999999999999805,1.65,-0.030000000000000027,1.09,0.010000000000000009,0.91,-0.04999999999999993,47.279998779296875,-1.25,10.029999732971191,-0.26000022888183594,95.55484008789062,-18.330154418945312
69,2017-08-11,-0.513,0.019000000000000017,2.19,-0.08000000000000007,1.64,-0.010000000000000009,1.16,0.06999999999999984,0.89,-0.020000000000000018,52.060001373291016,4.780002593994141,15.510000228881836,5.4800004959106445,145.5007781982422,49.94593811035156
70,2017-08-18,-0.492,0.02100000000000002,2.19,0.0,1.61,-0.029999999999999805,1.15,-0.010000000000000009,0.86,-0.030000000000000027,50.15999984741211,-1.9000015258789062,14.260000228881836,-1.25,138.9141387939453,-6.586639404296875
71,2017-08-25,-0.477,0.015000000000000013,2.17,-0.020000000000000018,1.57,-0.040000000000000036,1.14,-0.010000000000000009,0.82,-0.040000000000000036,50.560001373291016,0.40000152587890625,11.279999732971191,-2.9800004959106445,86.63638305664062,-52.27775573730469
72,2017-09-01,-0.47,0.007000000000000006,2.16,-0.009999999999999787,1.63,0.05999999999999983,1.15,0.010000000000000009,0.81,-0.009999999999999898,49.439998626708984,-1.1200027465820312,10.130000114440918,-1.1499996185302734,133.69107055664062,47.0546875
73,2017-09-08,-0.471,-0.0010000000000000009,2.06,-0.10000000000000009,1.63,0.0,1.17,0.020000000000000018,0.79,-0.020000000000000018,54.0099983215332,4.569999694824219,12.119999885559082,1.989999771118164,132.6992950439453,-0.9917755126953125
74,2017-09-15,-0.479,-0.008000000000000007,2.2,0.14000000000000012,1.72,0.09000000000000008,1.14,-0.030000000000000027,0.81,0.020000000000000018,50.630001068115234,-3.3799972534179688,10.170000076293945,-1.9499998092651367,120.09308624267578,-12.606208801269531
75,2017-09-22,-0.49,-0.01100000000000001,2.26,0.05999999999999961,1.71,-0.010000000000000009,1.11,-0.029999999999999805,0.8,-0.010000000000000009,50.52000045776367,-0.1100006103515625,9.59000015258789,-0.5799999237060547,107.4874496459961,-12.605636596679688
76,2017-09-29,-0.502,-0.01200000000000001,2.33,0.07000000000000028,1.68,-0.030000000000000027,1.06,-0.050000000000000044,0.86,0.05999999999999994,52.880001068115234,2.3600006103515625,9.510000228881836,-0.07999992370605469,72.12433624267578,-35.36311340332031
77,2017-10-06,-0.517,-0.015000000000000013,2.37,0.040000000000000036,1.78,0.10000000000000009,1.04,-0.020000000000000018,0.83,-0.030000000000000027,54.97999954223633,2.0999984741210938,9.649999618530273,0.1399993896484375,151.4772186279297,79.3528823852539
78,2017-10-13,-0.534,-0.017000000000000015,2.28,-0.0900000000000003,1.71,-0.07000000000000006,1.04,0.0,0.77,-0.05999999999999994,50.849998474121094,-4.130001068115234,9.609999656677246,-0.039999961853027344,68.34180450439453,-83.13541412353516
79,2017-10-20,-0.553,-0.019000000000000017,2.39,0.11000000000000032,1.76,0.050000000000000044,1.01,-0.030000000000000027,0.79,0.020000000000000018,53.97999954223633,3.1300010681152344,9.970000267028809,0.3600006103515625,72.2603759765625,3.9185714721679688
80,2017-10-27,-0.571,-0.017999999999999905,2.42,0.029999999999999805,1.76,0.0,1.0,-0.010000000000000009,0.83,0.039999999999999925,54.66999816894531,0.6899986267089844,9.800000190734863,-0.1700000762939453,94.87067413330078,22.61029815673828
81,2017-11-03,-0.588,-0.017000000000000015,2.34,-0.08000000000000007,1.74,-0.020000000000000018,1.02,0.020000000000000018,0.71,-0.12,45.83000183105469,-8.839996337890625,9.140000343322754,-0.6599998474121094,88.22819519042969,-6.642478942871094
82,2017-11-10,-0.601,-0.013000000000000012,2.4,0.06000000000000005,1.78,0.040000000000000036,1.06,0.040000000000000036,0.73,0.020000000000000018,47.290000915527344,1.4599990844726562,11.289999961853027,2.1499996185302734,107.6008071899414,19.37261199951172
83,2017-11-17,-0.608,-0.007000000000000006,2.35,-0.04999999999999982,1.75,-0.030000000000000027,1.06,0.0,0.62,-0.10999999999999999,49.09000015258789,1.7999992370605469,11.430000305175781,0.1400003433227539,49.271602630615234,-58.32920455932617
84,2017-11-24,-0.611,-0.0030000000000000027,2.34,-0.010000000000000231,1.71,-0.040000000000000036,1.04,-0.020000000000000018,0.59,-0.030000000000000027,46.15999984741211,-2.9300003051757812,9.670000076293945,-1.760000228881836,74.12738800048828,24.855785369873047
85,2017-12-01,-0.612,-0.0010000000000000009,2.37,0.03000000000000025,1.72,0.010000000000000009,1.03,-0.010000000000000009,0.59,0.0,50.16999816894531,4.009998321533203,11.430000305175781,1.760000228881836,110.03947448730469,35.912086486816406
86,2017-12-08,-0.612,0.0,2.38,0.009999999999999787,1.71,-0.010000000000000009,1.02,-0.010000000000000009,0.58,-0.010000000000000009,47.4900016784668,-2.6799964904785156,9.579999923706055,-1.8500003814697266,89.091064453125,-20.948410034179688
87,2017-12-15,-0.615,-0.0030000000000000027,2.35,-0.029999999999999805,1.77,0.06000000000000005,1.0,-0.020000000000000018,0.51,-0.06999999999999995,46.43000030517578,-1.0600013732910156,9.420000076293945,-0.15999984741210938,90.98188018798828,1.8908157348632812
88,2017-12-22,-0.621,-0.006000000000000005,2.48,0.1299999999999999,1.82,0.050000000000000044,0.99,-0.010000000000000009,0.57,0.05999999999999994,50.380001068115234,3.950000762939453,9.899999618530273,0.4799995422363281,69.98382568359375,-20.99805450439453
89,2017-12-29,-0.629,-0.008000000000000007,2.4,-0.08000000000000007,1.86,0.040000000000000036,0.98,-0.010000000000000009,0.51,-0.05999999999999994,46.599998474121094,-3.7800025939941406,11.039999961853027,1.140000343322754,121.5621109008789,51.578285217285156
90,2018-01-05,-0.636,-0.007000000000000006,2.47,0.07000000000000028,1.95,0.08999999999999986,0.98,0.0,0.51,0.0,46.06999969482422,-0.529998779296875,9.220000267028809,-1.8199996948242188,66.51741790771484,-55.04469299316406
91,2018-01-12,-0.635,0.0010000000000000009,2.55,0.07999999999999963,1.92,-0.030000000000000027,0.95,-0.030000000000000027,0.56,0.050000000000000044,47.61000061035156,1.5400009155273438,10.15999984741211,0.9399995803833008,167.51290893554688,100.99549102783203
92,2018-01-19,-0.626,0.009000000000000008,2.64,0.0900000000000003,2.0,0.08000000000000007,0.95,0.0,0.58,0.019999999999999907,48.54999923706055,0.9399986267089844,11.270000457763672,1.1100006103515625,102.11367797851562,-65.39923095703125
93,2018-01-26,-0.609,0.017000000000000015,2.66,0.020000000000000018,1.93,-0.07000000000000006,0.92,-0.029999999999999916,0.53,-0.04999999999999993,55.630001068115234,7.0800018310546875,11.079999923706055,-0.1900005340576172,65.83985137939453,-36.273826599121094
94,2018-02-02,-0.585,0.02400000000000002,2.84,0.17999999999999972,1.93,0.0,0.9,-0.020000000000000018,0.69,0.15999999999999992,60.33000183105469,4.700000762939453,17.309999465942383,6.229999542236328,30.99478530883789,-34.84506607055664
95,2018-02-09,-0.559,0.025999999999999912,2.83,-0.009999999999999787,1.83,-0.09999999999999987,0.97,0.06999999999999995,0.78,0.09000000000000008,67.8499984741211,7.519996643066406,29.059999465942383,11.75,72.09941864013672,41.10463333129883
96,2018-02-16,-0.54,0.019000000000000017,2.87,0.040000000000000036,2.0,0.16999999999999993,0.98,0.010000000000000009,0.66,-0.12,63.029998779296875,-4.819999694824219,19.459999084472656,-9.600000381469727,53.116973876953125,-18.982444763183594
97,2018-02-23,-0.523,0.017000000000000015,2.88,0.009999999999999787,2.04,0.040000000000000036,1.0,0.020000000000000018,0.63,-0.030000000000000027,64.5999984741211,1.5699996948242188,16.489999771118164,-2.969999313354492,74.92713165283203,21.810157775878906
98,2018-03-02,-0.507,0.016000000000000014,2.86,-0.020000000000000018,2.03,-0.010000000000000231,1.05,0.050000000000000044,0.61,-0.020000000000000018,65.30000305175781,0.7000045776367188,19.59000015258789,3.1000003814697266,151.3148193359375,76.38768768310547
99,2018-03-09,-0.49,0.017000000000000015,2.9,0.040000000000000036,1.96,-0.06999999999999984,1.06,0.010000000000000009,0.63,0.020000000000000018,58.970001220703125,-6.3300018310546875,14.640000343322754,-4.949999809265137,101.20653533935547,-50.10828399658203
100,2018-03-16,-0.472,0.018000000000000016,2.85,-0.04999999999999982,2.05,0.08999999999999986,1.1,0.040000000000000036,0.54,-0.08999999999999997,59.0099983215332,0.039997100830078125,15.800000190734863,1.1599998474121094,173.33203125,72.12549591064453
101,2018-03-23,-0.454,0.01799999999999996,2.82,-0.03000000000000025,2.01,-0.040000000000000036,1.15,0.04999999999999982,0.54,0.0,56.16999816894531,-2.8400001525878906,24.8700008392334,9.070000648498535,84.1159896850586,-89.2160415649414
102,2018-03-30,-0.443,0.01100000000000001,2.74,-0.07999999999999963,1.92,-0.08999999999999986,1.16,0.010000000000000009,0.47,-0.07000000000000006,58.540000915527344,2.3700027465820312,19.969999313354492,-4.900001525878906,48.476600646972656,-35.63938903808594
103,2018-04-06,-0.441,0.0020000000000000018,2.77,0.029999999999999805,2.01,0.08999999999999986,1.14,-0.020000000000000018,0.5,0.030000000000000027,56.06999969482422,-2.470001220703125,21.489999771118164,1.5200004577636719,100.5026626586914,52.02606201171875
104,2018-04-13,-0.452,-0.01100000000000001,2.82,0.04999999999999982,2.01,0.0,1.11,-0.029999999999999805,0.45,-0.04999999999999999,51.13999938964844,-4.930000305175781,17.40999984741211,-4.079999923706055,117.60595703125,17.103294372558594
105,2018-04-20,-0.472,-0.019999999999999962,2.96,0.14000000000000012,2.1,0.0900000000000003,1.1,-0.010000000000000009,0.5,0.04999999999999999,52.709999084472656,1.5699996948242188,16.8799991607666,-0.5300006866455078,71.06819915771484,-46.537757873535156
106,2018-04-27,-0.493,-0.02100000000000002,2.96,0.0,2.09,-0.010000000000000231,1.12,0.020000000000000018,0.47,-0.030000000000000027,51.27000045776367,-1.4399986267089844,15.40999984741211,-1.4699993133544922,91.80326080322266,20.735061645507812
107,2018-05-04,-0.511,-0.018000000000000016,2.95,-0.009999999999999787,2.09,0.0,1.17,0.04999999999999982,0.44,-0.02999999999999997,49.43000030517578,-1.8400001525878906,14.770000457763672,-0.6399993896484375,139.01663208007812,47.21337127685547
108,2018-05-11,-0.522,-0.01100000000000001,2.97,0.020000000000000018,2.13,0.040000000000000036,1.15,-0.020000000000000018,0.43,-0.010000000000000009,47.060001373291016,-2.3699989318847656,12.649999618530273,-2.1200008392333984,163.6328582763672,24.616226196289062
109,2018-05-18,-0.527,-0.0050000000000000044,3.06,0.08999999999999986,2.14,0.010000000000000231,1.14,-0.010000000000000009,0.51,0.08000000000000002,53.2599983215332,6.1999969482421875,13.420000076293945,0.7700004577636719,92.46244812011719,-71.17041015625
110,2018-05-25,-0.526,0.0010000000000000009,2.93,-0.1299999999999999,2.04,-0.10000000000000009,1.16,0.020000000000000018,0.45,-0.06,54.099998474121094,0.8400001525878906,13.220000267028809,-0.19999980926513672,140.5561981201172,48.09375
111,2018-06-01,-0.52,0.006000000000000005,2.89,-0.040000000000000036,2.06,0.020000000000000018,1.21,0.050000000000000044,0.42,-0.030000000000000027,56.939998626708984,2.8400001525878906,13.460000038146973,0.23999977111816406,186.23287963867188,45.67668151855469
112,2018-06-08,-0.515,0.0050000000000000044,2.93,0.040000000000000036,2.06,0.0,1.22,0.010000000000000009,0.43,0.010000000000000009,59.56999969482422,2.6300010681152344,12.180000305175781,-1.2799997329711914,116.16471099853516,-70.06816864013672
113,2018-06-15,-0.508,0.007000000000000006,2.93,0.0,2.08,0.020000000000000018,1.21,-0.010000000000000009,0.38,-0.04999999999999999,53.08000183105469,-6.489997863769531,11.979999542236328,-0.20000076293945312,69.98382568359375,-46.180885314941406
114,2018-06-22,-0.502,0.006000000000000005,2.9,-0.03000000000000025,2.07,-0.010000000000000231,1.27,0.06000000000000005,0.34,-0.03999999999999998,53.029998779296875,-0.0500030517578125,13.770000457763672,1.7900009155273438,57.31085968017578,-12.672966003417969
115,2018-06-29,-0.499,0.0030000000000000027,2.85,-0.04999999999999982,2.06,-0.009999999999999787,1.29,0.020000000000000018,0.33,-0.010000000000000009,51.16999816894531,-1.8600006103515625,16.09000015258789,2.3199996948242188,141.04144287109375,83.73058319091797
116,2018-07-06,-0.503,-0.0040000000000000036,2.82,-0.03000000000000025,2.08,0.020000000000000018,1.28,-0.010000000000000009,0.29,-0.040000000000000036,50.130001068115234,-1.0399971008300781,13.369999885559082,-2.7200002670288086,128.33192443847656,-12.709518432617188
117,2018-07-13,-0.514,-0.01100000000000001,2.83,0.010000000000000231,2.07,-0.010000000000000231,1.24,-0.040000000000000036,0.24,-0.04999999999999999,48.279998779296875,-1.8500022888183594,12.180000305175781,-1.1899995803833008,125.4760513305664,-2.8558731079101562
118,2018-07-20,-0.531,-0.017000000000000015,2.89,0.06000000000000005,2.02,-0.04999999999999982,1.22,-0.020000000000000018,0.29,0.04999999999999999,49.04999923706055,0.7700004577636719,12.859999656677246,0.6799993515014648,54.0997200012207,-71.3763313293457
119,2018-07-27,-0.552,-0.02100000000000002,2.96,0.06999999999999984,2.0,-0.020000000000000018,1.16,-0.06000000000000005,0.29,0.0,48.83000183105469,-0.21999740600585938,13.029999732971191,0.1700000762939453,119.3347396850586,65.23501968383789
120,2018-08-03,-0.572,-0.019999999999999907,2.95,-0.009999999999999787,2.0,0.0,1.15,-0.010000000000000009,0.32,0.030000000000000027,47.66999816894531,-1.160003662109375,11.640000343322754,-1.3899993896484375,147.8824920654297,28.547752380371094
121,2018-08-10,-0.587,-0.015000000000000013,2.87,-0.08000000000000007,1.98,-0.020000000000000018,1.18,0.030000000000000027,0.26,-0.06,50.630001068115234,2.960002899169922,13.15999984741211,1.5199995040893555,121.93501281738281,-25.947479248046875
122,2018-08-17,-0.595,-0.008000000000000007,2.87,0.0,1.96,-0.020000000000000018,1.18,0.0,0.26,0.0,50.689998626708984,0.05999755859375,12.640000343322754,-0.5199995040893555,107.13349151611328,-14.801521301269531
123,2018-08-24,-0.599,-0.0040000000000000036,2.82,-0.050000000000000266,1.99,0.030000000000000027,1.19,0.010000000000000009,0.19,-0.07,49.15999984741211,-1.529998779296875,11.989999771118164,-0.6500005722045898,44.46399688720703,-62.66949462890625
124,2018-08-31,-0.603,-0.0040000000000000036,2.86,0.040000000000000036,1.98,-0.010000000000000009,1.21,0.020000000000000018,0.24,0.04999999999999999,50.709999084472656,1.5499992370605469,12.859999656677246,0.869999885559082,62.03310012817383,17.569103240966797
125,2018-09-07,-0.609,-0.006000000000000005,2.94,0.08000000000000007,1.98,0.0,1.2,-0.010000000000000009,0.23,-0.009999999999999981,49.43000030517578,-1.279998779296875,14.880000114440918,2.020000457763672,87.86651611328125,25.833415985107422
126,2018-09-14,-0.617,-0.008000000000000007,2.99,0.050000000000000266,2.0,0.020000000000000018,1.16,-0.040000000000000036,0.21,-0.020000000000000018,47.45000076293945,-1.9799995422363281,12.069999694824219,-2.810000419616699,118.30599212646484,30.439476013183594
127,2018-09-21,-0.623,-0.006000000000000005,3.07,0.07999999999999963,2.02,0.020000000000000018,1.13,-0.030000000000000027,0.26,0.05000000000000002,48.83000183105469,1.3800010681152344,11.680000305175781,-0.3899993896484375,113.79048919677734,-4.5155029296875
128,2018-09-28,-0.624,-0.0010000000000000009,3.05,-0.020000000000000018,2.03,0.009999999999999787,1.11,-0.019999999999999796,0.24,-0.020000000000000018,46.15999984741211,-2.670001983642578,12.119999885559082,0.4399995803833008,81.45658111572266,-32.33390808105469
129,2018-10-05,-0.618,0.006000000000000005,3.23,0.18000000000000016,2.05,0.020000000000000018,1.13,0.019999999999999796,0.35,0.10999999999999999,55.189998626708984,9.029998779296875,14.819999694824219,2.6999998092651367,78.21883392333984,-3.2377471923828125
130,2018-10-12,-0.605,0.013000000000000012,3.15,-0.08000000000000007,1.99,-0.05999999999999983,1.16,0.030000000000000027,0.3,-0.04999999999999999,54.369998931884766,-0.8199996948242188,21.309999465942383,6.489999771118164,87.06867980957031,8.849845886230469
131,2018-10-19,-0.591,0.014000000000000012,3.2,0.050000000000000266,1.98,-0.010000000000000009,1.17,0.010000000000000009,0.28,-0.019999999999999962,52.040000915527344,-2.329998016357422,19.889999389648438,-1.4200000762939453,106.1982192993164,19.129539489746094
132,2018-10-26,-0.578,0.013000000000000012,3.08,-0.1200000000000001,1.93,-0.050000000000000044,1.23,0.06000000000000005,0.27,-0.010000000000000009,62.70000076293945,10.65999984741211,24.15999984741211,4.270000457763672,159.10116577148438,52.90294647216797
133,2018-11-02,-0.569,0.009000000000000008,3.22,0.14000000000000012,1.91,-0.020000000000000018,1.24,0.010000000000000009,0.31,0.03999999999999998,61.41999816894531,-1.2800025939941406,19.510000228881836,-4.649999618530273,103.39347076416016,-55.70769500732422
134,2018-11-09,-0.562,0.006999999999999895,3.19,-0.03000000000000025,1.9,-0.010000000000000009,1.23,-0.010000000000000009,0.25,-0.06,53.540000915527344,-7.879997253417969,17.360000610351562,-2.1499996185302734,114.37254333496094,10.979072570800781
135,2018-11-16,-0.547,0.015000000000000013,3.08,-0.10999999999999988,1.88,-0.020000000000000018,1.34,0.1100000000000001,0.27,0.020000000000000018,60.43000030517578,6.8899993896484375,18.139999389648438,0.779998779296875,44.5455322265625,-69.82701110839844
136,2018-11-23,-0.522,0.025000000000000022,3.05,-0.03000000000000025,1.77,-0.10999999999999988,1.38,0.039999999999999813,0.24,-0.030000000000000027,57.310001373291016,-3.1199989318847656,21.520000457763672,3.3800010681152344,135.29591369628906,90.75038146972656
137,2018-11-30,-0.491,0.031000000000000028,3.01,-0.040000000000000036,1.77,0.0,1.45,0.07000000000000006,0.21,-0.03,52.43000030517578,-4.880001068115234,18.06999969482422,-3.450000762939453,142.18678283691406,6.890869140625
138,2018-12-07,-0.457,0.033999999999999975,2.85,-0.1599999999999997,1.68,-0.09000000000000008,1.51,0.06000000000000005,0.13,-0.07999999999999999,60.7400016784668,8.310001373291016,23.229999542236328,5.159999847412109,196.083984375,53.89720153808594
139,2018-12-14,-0.432,0.025000000000000022,2.89,0.040000000000000036,1.6,-0.07999999999999985,1.48,-0.030000000000000027,0.16,0.03,56.130001068115234,-4.6100006103515625,21.6299991607666,-1.6000003814697266,120.08057403564453,-76.00341033935547
140,2018-12-21,-0.421,0.01100000000000001,2.79,-0.10000000000000009,1.55,-0.050000000000000044,1.54,0.06000000000000005,0.16,0.0,61.61000061035156,5.479999542236328,30.110000610351562,8.480001449584961,210.32177734375,90.24120330810547
141,2018-12-28,-0.426,-0.0050000000000000044,2.72,-0.06999999999999984,1.52,-0.030000000000000027,1.58,0.040000000000000036,0.2,0.04000000000000001,66.66000366210938,5.0500030517578125,28.34000015258789,-1.7700004577636719,102.00775909423828,-108.31401824951172
142,2019-01-04,-0.444,-0.018000000000000016,2.67,-0.050000000000000266,1.58,0.06000000000000005,1.62,0.040000000000000036,0.17,-0.03,65.81999969482422,-0.8400039672851562,21.3799991607666,-6.960000991821289,99.0169677734375,-2.9907913208007812
143,2019-01-11,-0.466,-0.02200000000000002,2.71,0.040000000000000036,1.66,0.07999999999999985,1.54,-0.08000000000000007,0.16,-0.010000000000000009,55.939998626708984,-9.880001068115234,18.190000534057617,-3.1899986267089844,101.2398452758789,2.2228775024414062
144,2019-01-18,-0.487,-0.020999999999999963,2.79,0.08000000000000007,1.67,0.010000000000000009,1.46,-0.08000000000000007,0.17,0.010000000000000009,53.779998779296875,-2.1599998474121094,17.799999237060547,-0.3900012969970703,112.82587432861328,11.586029052734375
145,2019-01-25,-0.506,-0.019000000000000017,2.76,-0.03000000000000025,1.64,-0.030000000000000027,1.4,-0.06000000000000005,0.16,-0.010000000000000009,52.5,-1.279998779296875,17.420000076293945,-0.37999916076660156,91.13523864746094,-21.690635681152344
146,2019-02-01,-0.524,-0.018000000000000016,2.7,-0.05999999999999961,1.72,0.08000000000000007,1.36,-0.039999999999999813,0.18,0.01999999999999999,48.790000915527344,-3.7099990844726562,16.139999389648438,-1.2800006866455078,113.57374572753906,22.438507080078125
147,2019-02-08,-0.542,-0.018000000000000016,2.63,-0.07000000000000028,1.69,-0.030000000000000027,1.34,-0.020000000000000018,0.18,0.0,49.630001068115234,0.8400001525878906,15.720000267028809,-0.4199991226196289,62.35421371459961,-51.21953201293945
148,2019-02-15,-0.562,-0.020000000000000018,2.66,0.03000000000000025,1.75,0.06000000000000005,1.32,-0.020000000000000018,0.14,-0.03999999999999998,45.72999954223633,-3.9000015258789062,14.90999984741211,-0.8100004196166992,145.10621643066406,82.75200271606445
149,2019-02-22,-0.58,-0.017999999999999905,2.65,-0.010000000000000231,1.82,0.07000000000000006,1.32,0.0,0.17,0.03,47.220001220703125,1.4900016784667969,13.510000228881836,-1.3999996185302734,69.43730163574219,-75.66891479492188
150,2019-03-01,-0.593,-0.013000000000000012,2.76,0.10999999999999988,1.85,0.030000000000000027,1.28,-0.040000000000000036,0.21,0.03999999999999998,47.900001525878906,0.6800003051757812,13.569999694824219,0.05999946594238281,184.49745178222656,115.06015014648438
151,2019-03-08,-0.597,-0.0040000000000000036,2.62,-0.13999999999999968,1.8,-0.050000000000000044,1.29,0.010000000000000009,0.17,-0.03999999999999998,45.83000183105469,-2.0699996948242188,16.049999237060547,2.479999542236328,55.01298904418945,-129.4844627380371
152,2019-03-15,-0.595,0.0020000000000000018,2.59,-0.03000000000000025,1.86,0.06000000000000005,1.26,-0.030000000000000027,0.16,-0.010000000000000009,46.04999923706055,0.21999740600585938,12.880000114440918,-3.169999122619629,61.11748123168945,6.1044921875
153,2019-03-22,-0.592,0.0030000000000000027,2.44,-0.1499999999999999,1.8,-0.06000000000000005,1.25,-0.010000000000000009,0.13,-0.03,52.2599983215332,6.209999084472656,16.479999542236328,3.59999942779541,122.84458923339844,61.727108001708984
154,2019-03-29,-0.592,0.0,2.41,-0.029999999999999805,1.78,-0.020000000000000018,1.25,0.0,0.14,0.010000000000000009,58.54999923706055,6.290000915527344,13.710000038146973,-2.7699995040893555,77.67399597167969,-45.17059326171875
155,2019-04-05,-0.598,-0.006000000000000005,2.5,0.08999999999999986,1.79,0.010000000000000009,1.23,-0.020000000000000018,0.15,0.009999999999999981,49.220001220703125,-9.329998016357422,12.819999694824219,-0.8900003433227539,71.19298553466797,-6.481010437011719
156,2019-04-12,-0.608,-0.010000000000000009,2.56,0.06000000000000005,1.86,0.07000000000000006,1.18,-0.050000000000000044,0.16,0.010000000000000009,48.84000015258789,-0.3800010681152344,12.010000228881836,-0.8099994659423828,103.63340759277344,32.44042205810547
157,2019-04-19,-0.618,-0.010000000000000009,2.57,0.009999999999999787,1.86,0.0,1.17,-0.010000000000000009,0.19,0.03,49.22999954223633,0.3899993896484375,12.09000015258789,0.07999992370605469,51.31344223022461,-52.31996536254883
158,2019-04-26,-0.621,-0.0030000000000000027,2.51,-0.06000000000000005,1.86,0.0,1.17,0.0,0.23,0.04000000000000001,49.43000030517578,0.20000076293945312,12.729999542236328,0.6399993896484375,129.5658721923828,78.2524299621582
159,2019-05-03,-0.619,0.0020000000000000018,2.54,0.03000000000000025,1.8,-0.06000000000000005,1.18,0.010000000000000009,0.21,-0.020000000000000018,45.779998779296875,-3.6500015258789062,12.869999885559082,0.1400003433227539,70.14849090576172,-59.417381286621094
160,2019-05-10,-0.61,0.009000000000000008,2.47,-0.06999999999999984,1.75,-0.050000000000000044,1.22,0.040000000000000036,0.21,0.0,53.4900016784668,7.710002899169922,16.040000915527344,3.1700010299682617,135.96359252929688,65.81510162353516
161,2019-05-17,-0.6,0.010000000000000009,2.39,-0.08000000000000007,1.71,-0.040000000000000036,1.24,0.020000000000000018,0.19,-0.01999999999999999,56.970001220703125,3.479999542236328,15.960000038146973,-0.0800008773803711,141.05126953125,5.087677001953125
162,2019-05-24,-0.593,0.007000000000000006,2.32,-0.07000000000000028,1.62,-0.08999999999999986,1.27,0.030000000000000027,0.16,-0.03,60.540000915527344,3.5699996948242188,15.850000381469727,-0.1099996566772461,148.69381713867188,7.642547607421875
163,2019-05-31,-0.588,0.0050000000000000044,2.14,-0.17999999999999972,1.58,-0.040000000000000036,1.35,0.08000000000000007,0.19,0.03,72.68000030517578,12.139999389648438,18.709999084472656,2.8599987030029297,104.56336975097656,-44.13044738769531
164,2019-06-07,-0.586,0.0020000000000000018,2.09,-0.050000000000000266,1.61,0.030000000000000027,1.34,-0.010000000000000009,0.24,0.04999999999999999,68.69000244140625,-3.9899978637695312,16.299999237060547,-2.4099998474121094,69.92227935791016,-34.641090393066406
165,2019-06-14,-0.585,0.0010000000000000009,2.09,0.0,1.48,-0.13000000000000012,1.32,-0.020000000000000018,0.25,0.010000000000000009,80.81999969482422,12.129997253417969,15.279999732971191,-1.0199995040893555,192.6398468017578,122.71756744384766
166,2019-06-21,-0.583,0.0020000000000000018,2.07,-0.020000000000000018,1.6,0.1200000000000001,1.25,-0.07000000000000006,0.3,0.04999999999999999,74.62999725341797,-6.19000244140625,15.399999618530273,0.11999988555908203,125.99950408935547,-66.64034271240234
167,2019-06-28,-0.582,0.0010000000000000009,2.0,-0.06999999999999984,1.53,-0.07000000000000006,1.22,-0.030000000000000027,0.25,-0.04999999999999999,70.43000030517578,-4.1999969482421875,15.079999923706055,-0.31999969482421875,153.90248107910156,27.902976989746094
168,2019-07-05,-0.585,-0.0030000000000000027,2.04,0.040000000000000036,1.55,0.020000000000000018,1.19,-0.030000000000000027,0.17,-0.07999999999999999,65.27999877929688,-5.150001525878906,13.279999732971191,-1.8000001907348633,98.34883880615234,-55.55364227294922
169,2019-07-12,-0.589,-0.0040000000000000036,2.12,0.08000000000000007,1.62,0.07000000000000006,1.18,-0.010000000000000009,0.28,0.11000000000000001,62.779998779296875,-2.5,12.390000343322754,-0.8899993896484375,107.3701400756836,9.02130126953125
170,2019-07-19,-0.591,-0.0020000000000000018,2.05,-0.07000000000000028,1.6,-0.020000000000000018,1.18,0.0,0.25,-0.030000000000000027,63.86000061035156,1.0800018310546875,14.449999809265137,2.059999465942383,48.779441833496094,-58.5906982421875
171,2019-07-26,-0.59,0.0010000000000000009,2.08,0.03000000000000025,1.57,-0.030000000000000027,1.14,-0.040000000000000036,0.22,-0.03,58.900001525878906,-4.959999084472656,12.15999984741211,-2.2899999618530273,137.65362548828125,88.87418365478516
172,2019-08-02,-0.58,0.010000000000000009,1.86,-0.21999999999999997,1.45,-0.1200000000000001,1.19,0.050000000000000044,0.14,-0.07999999999999999,66.11000061035156,7.209999084472656,17.610000610351562,5.450000762939453,110.98809051513672,-26.66553497314453
173,2019-08-09,-0.565,0.015000000000000013,1.74,-0.1200000000000001,1.44,-0.010000000000000009,1.26,0.07000000000000006,0.11,-0.030000000000000013,78.97000122070312,12.860000610351562,17.969999313354492,0.3599987030029297,105.86102294921875,-5.127067565917969
174,2019-08-16,-0.547,0.017999999999999905,1.55,-0.18999999999999995,1.34,-0.09999999999999987,1.31,0.050000000000000044,0.07,-0.039999999999999994,89.5199966430664,10.549995422363281,18.469999313354492,0.5,104.6073989868164,-1.2536239624023438
175,2019-08-23,-0.538,0.009000000000000008,1.52,-0.030000000000000027,1.35,0.010000000000000009,1.25,-0.06000000000000005,0.01,-0.060000000000000005,91.81999969482422,2.3000030517578125,19.8700008392334,1.4000015258789062,96.78153228759766,-7.82586669921875
176,2019-08-30,-0.537,0.0010000000000000009,1.5,-0.020000000000000018,1.35,0.0,1.25,0.0,0.0,-0.01,86.88999938964844,-4.930000305175781,18.979999542236328,-0.8900012969970703,45.77669143676758,-51.00484085083008
177,2019-09-06,-0.548,-0.01100000000000001,1.55,0.050000000000000044,1.35,0.0,1.26,0.010000000000000009,0.02,0.02,78.81999969482422,-8.069999694824219,15.0,-3.979999542236328,81.73868560791016,35.96199417114258
178,2019-09-13,-0.56,-0.01200000000000001,1.9,0.34999999999999987,1.46,0.10999999999999988,1.21,-0.050000000000000044,0.11,0.09,85.52999877929688,6.709999084472656,13.739999771118164,-1.260000228881836,70.56848907470703,-11.170196533203125
179,2019-09-20,-0.568,-0.007999999999999896,1.74,-0.15999999999999992,1.42,-0.040000000000000036,1.19,-0.020000000000000018,0.05,-0.06,80.06999969482422,-5.459999084472656,15.319999694824219,1.5799999237060547,126.9625244140625,56.39403533935547
180,2019-09-27,-0.567,0.0010000000000000009,1.69,-0.050000000000000044,1.36,-0.05999999999999983,1.21,0.020000000000000018,0.06,0.009999999999999995,79.97000122070312,-0.09999847412109375,17.219999313354492,1.8999996185302734,88.05559539794922,-38.90692901611328
181,2019-10-04,-0.56,0.006999999999999895,1.52,-0.16999999999999993,1.27,-0.09000000000000008,1.26,0.050000000000000044,0.12,0.06,83.1500015258789,3.1800003051757812,17.040000915527344,-0.17999839782714844,111.27488708496094,23.21929168701172
182,2019-10-11,-0.554,0.006000000000000005,1.76,0.24,1.34,0.07000000000000006,1.22,-0.040000000000000036,0.13,0.010000000000000009,79.86000061035156,-3.2900009155273438,15.579999923706055,-1.460000991821289,204.3184814453125,93.04359436035156
183,2019-10-18,-0.558,-0.0040000000000000036,1.76,0.0,1.52,0.17999999999999994,1.18,-0.040000000000000036,0.18,0.04999999999999999,78.3499984741211,-1.5100021362304688,14.25,-1.3299999237060547,106.58197021484375,-97.73651123046875
184,2019-10-25,-0.576,-0.017999999999999905,1.8,0.040000000000000036,1.55,0.030000000000000027,1.14,-0.040000000000000036,0.17,-0.009999999999999981,67.06999969482422,-11.279998779296875,12.649999618530273,-1.6000003814697266,140.87469482421875,34.292724609375
185,2019-11-01,-0.6,-0.02400000000000002,1.73,-0.07000000000000006,1.5,-0.050000000000000044,1.16,0.020000000000000018,0.17,0.0,57.279998779296875,-9.790000915527344,12.300000190734863,-0.34999942779541016,100.65813446044922,-40.21656036376953
186,2019-11-08,-0.62,-0.020000000000000018,1.94,0.20999999999999996,1.63,0.1299999999999999,1.11,-0.04999999999999982,0.26,0.09,64.44000244140625,7.160003662109375,12.069999694824219,-0.23000049591064453,98.94168853759766,-1.7164459228515625
187,2019-11-15,-0.626,-0.006000000000000005,1.84,-0.09999999999999987,1.52,-0.10999999999999988,1.12,0.010000000000000009,0.23,-0.03,61.70000076293945,-2.740001678466797,12.050000190734863,-0.01999950408935547,75.07235717773438,-23.86933135986328
188,2019-11-22,-0.613,0.013000000000000012,1.77,-0.07000000000000006,1.53,0.010000000000000009,1.13,0.009999999999999787,0.16,-0.07,62.16999816894531,0.4699974060058594,12.34000015258789,0.28999996185302734,64.28498840332031,-10.787368774414062
189,2019-11-29,-0.586,0.027000000000000024,1.78,0.010000000000000009,1.5,-0.030000000000000027,1.11,-0.019999999999999796,0.17,0.010000000000000009,56.56999969482422,-5.599998474121094,12.619999885559082,0.2799997329711914,108.37702941894531,44.092041015625
190,2019-12-06,-0.558,0.027999999999999914,1.84,0.06000000000000005,1.59,0.09000000000000008,1.09,-0.020000000000000018,0.23,0.06,64.06999969482422,7.5,13.619999885559082,1.0,88.65753173828125,-19.719497680664062
191,2019-12-13,-0.543,0.015000000000000013,1.82,-0.020000000000000018,1.62,0.030000000000000027,1.05,-0.040000000000000036,0.21,-0.020000000000000018,56.439998626708984,-7.630001068115234,12.630000114440918,-0.9899997711181641,99.6260986328125,10.96856689453125
192,2019-12-20,-0.544,-0.0010000000000000009,1.92,0.09999999999999987,1.67,0.04999999999999982,1.01,-0.040000000000000036,0.29,0.07999999999999999,54.189998626708984,-2.25,12.510000228881836,-0.11999988555908203,49.50848388671875,-50.11761474609375
193,2019-12-27,-0.556,-0.01200000000000001,1.88,-0.040000000000000036,1.64,-0.030000000000000027,1.0,-0.010000000000000009,0.29,0.0,55.29999923706055,1.1100006103515625,13.430000305175781,0.9200000762939453,111.91106414794922,62.40258026123047
194,2020-01-03,-0.569,-0.0129999999999999,1.8,-0.07999999999999985,1.69,0.050000000000000044,1.03,0.030000000000000027,0.27,-0.019999999999999962,60.119998931884766,4.819999694824219,14.020000457763672,0.5900001525878906,80.7943344116211,-31.116729736328125
195,2020-01-10,-0.576,-0.007000000000000006,1.83,0.030000000000000027,1.67,-0.020000000000000018,1.01,-0.020000000000000018,0.27,0.0,53.31999969482422,-6.799999237060547,12.5600004196167,-1.4600000381469727,167.3013916015625,86.5070571899414
196,2020-01-17,-0.58,-0.0040000000000000036,1.84,0.010000000000000009,1.68,0.010000000000000009,0.99,-0.020000000000000018,0.26,-0.010000000000000009,49.66999816894531,-3.6500015258789062,12.100000381469727,-0.46000003814697266,129.82249450683594,-37.47889709472656
197,2020-01-24,-0.588,-0.008000000000000007,1.7,-0.14000000000000012,1.62,-0.05999999999999983,1.01,0.020000000000000018,0.21,-0.05000000000000002,59.939998626708984,10.270000457763672,14.5600004196167,2.4600000381469727,51.961849212646484,-77.86064529418945
198,2020-01-31,-0.604,-0.016000000000000014,1.51,-0.18999999999999995,1.6,-0.020000000000000018,1.09,0.08000000000000007,0.18,-0.03,72.9800033569336,13.04000473022461,18.84000015258789,4.279999732971191,73.97793579101562,22.01608657836914
199,2020-02-07,-0.622,-0.018000000000000016,1.59,0.08000000000000007,1.61,0.010000000000000009,1.04,-0.050000000000000044,0.18,0.0,65.58999633789062,-7.390007019042969,15.470000267028809,-3.369999885559082,78.96466064453125,4.986724853515625
200,2020-02-14,-0.615,0.007000000000000006,1.59,0.0,1.64,0.029999999999999805,1.02,-0.020000000000000018,0.17,-0.009999999999999981,62.380001068115234,-3.2099952697753906,13.680000305175781,-1.7899999618530273,89.18451690673828,10.219856262207031
201,2020-02-21,-0.545,0.06999999999999995,1.46,-0.13000000000000012,1.6,-0.039999999999999813,1.05,0.030000000000000027,0.12,-0.05000000000000002,74.54000091552734,12.15999984741211,17.079999923706055,3.3999996185302734,103.92369842529297,14.739181518554688
202,2020-02-28,-0.391,0.15400000000000003,1.13,-0.33000000000000007,1.33,-0.27,1.31,0.26,0.27,0.15000000000000002,109.66999816894531,35.12999725341797,40.11000061035156,23.030000686645508,55.13877487182617,-48.7849235534668
203,2020-03-06,-0.172,0.21900000000000003,0.74,-0.3899999999999999,1.14,-0.19000000000000017,1.49,0.17999999999999994,0.25,-0.020000000000000018,125.20999908447266,15.540000915527344,41.939998626708984,1.8299980163574219,51.327030181884766,-3.8117446899414062
204,2020-03-13,0.08,0.252,0.94,0.19999999999999996,0.53,-0.6099999999999999,2.29,0.8,0.45,0.2,138.39999389648438,13.189994812011719,57.83000183105469,15.890003204345703,68.06645965576172,16.739429473876953
205,2020-03-20,0.306,0.22599999999999998,0.92,-0.019999999999999907,0.31,-0.22000000000000003,3.87,1.58,0.55,0.10000000000000003,133.3699951171875,-5.029998779296875,66.04000091552734,8.209999084472656,57.803192138671875,-10.263267517089844
206,2020-03-27,0.443,0.137,0.72,-0.20000000000000007,0.54,0.23000000000000004,3.24,-0.6299999999999999,0.47,-0.08000000000000007,88.33000183105469,-45.03999328613281,65.54000091552734,-0.5,52.12910461425781,-5.6740875244140625
207,2020-04-03,0.483,0.03999999999999998,0.62,-0.09999999999999998,0.78,0.24,3.08,-0.16000000000000014,0.39,-0.07999999999999996,65.01000213623047,-23.31999969482422,46.79999923706055,-18.740001678466797,84.5761947631836,32.44709014892578
208,2020-04-10,0.435,-0.04799999999999999,0.73,0.10999999999999999,0.9,0.12,2.61,-0.4700000000000002,0.5,0.10999999999999999,74.38999938964844,9.379997253417969,41.66999816894531,-5.130001068115234,85.4856185913086,0.909423828125
209,2020-04-17,0.337,-0.09799999999999998,0.65,-0.07999999999999996,0.67,-0.22999999999999998,2.34,-0.27,0.45,-0.04999999999999999,69.83999633789062,-4.5500030517578125,38.150001525878906,-3.5199966430664062,73.5105209350586,-11.97509765625
210,2020-04-24,0.23,-0.10700000000000001,0.6,-0.050000000000000044,0.72,0.04999999999999993,2.36,0.020000000000000018,0.38,-0.07,66.08999633789062,-3.75,35.93000030517578,-2.220001220703125,45.83427047729492,-27.676250457763672
211,2020-05-01,0.123,-0.10700000000000001,0.64,0.040000000000000036,0.68,-0.039999999999999925,2.18,-0.17999999999999972,0.44,0.06,48.11000061035156,-17.979995727539062,37.189998626708984,1.2599983215332031,60.41156768798828,14.57729721069336
212,2020-05-08,0.018,-0.105,0.69,0.04999999999999993,0.74,0.05999999999999994,2.22,0.040000000000000036,0.53,0.09000000000000002,57.400001525878906,9.290000915527344,27.979999542236328,-9.209999084472656,70.48016357421875,10.068595886230469
213,2020-05-15,-0.087,-0.105,0.64,-0.04999999999999993,0.75,0.010000000000000009,2.2,-0.020000000000000018,0.48,-0.050000000000000044,56.529998779296875,-0.8700027465820312,31.889999389648438,3.9099998474121094,45.81698226928711,-24.66318130493164
214,2020-05-22,-0.202,-0.11500000000000002,0.66,0.020000000000000018,0.8,0.050000000000000044,1.97,-0.2300000000000002,0.49,0.010000000000000009,51.66999816894531,-4.8600006103515625,28.15999984741211,-3.729999542236328,135.6533660888672,89.83638381958008
215,2020-05-29,-0.315,-0.11299999999999999,0.65,-0.010000000000000009,0.83,0.029999999999999916,1.85,-0.11999999999999988,0.49,0.0,51.54999923706055,-0.11999893188476562,27.510000228881836,-0.6499996185302734,137.45094299316406,1.797576904296875
216,2020-06-05,-0.407,-0.09199999999999997,0.91,0.26,0.95,0.12,1.6,-0.25,0.69,0.19999999999999996,61.970001220703125,10.420001983642578,24.520000457763672,-2.989999771118164,109.97901153564453,-27.47193145751953
217,2020-06-12,-0.459,-0.052000000000000046,0.71,-0.20000000000000007,0.95,0.0,1.69,0.08999999999999986,0.52,-0.16999999999999993,55.810001373291016,-6.159999847412109,36.09000015258789,11.569999694824219,73.61261749267578,-36.36639404296875
218,2020-06-19,-0.477,-0.01799999999999996,0.7,-0.010000000000000009,1.06,0.1100000000000001,1.57,-0.11999999999999988,0.51,-0.010000000000000009,53.45000076293945,-2.3600006103515625,35.119998931884766,-0.970001220703125,53.8231086730957,-19.789508819580078
219,2020-06-26,-0.474,0.0030000000000000027,0.64,-0.05999999999999994,1.11,0.050000000000000044,1.62,0.050000000000000044,0.47,-0.040000000000000036,51.209999084472656,-2.240001678466797,34.72999954223633,-0.3899993896484375,44.344947814941406,-9.478160858154297
220,2020-07-03,-0.471,0.0030000000000000027,0.68,0.040000000000000036,1.21,0.09999999999999987,1.54,-0.08000000000000007,0.52,0.050000000000000044,50.959999084472656,-0.25,27.68000030517578,-7.049999237060547,43.972137451171875,-0.37281036376953125
221,2020-07-10,-0.483,-0.01200000000000001,0.65,-0.030000000000000027,1.25,0.040000000000000036,1.52,-0.020000000000000018,0.49,-0.030000000000000027,49.189998626708984,-1.7700004577636719,27.290000915527344,-0.3899993896484375,97.42845916748047,53.456321716308594
222,2020-07-17,-0.507,-0.02400000000000002,0.64,-0.010000000000000009,1.35,0.10000000000000009,1.46,-0.06000000000000005,0.5,0.010000000000000009,45.68000030517578,-3.509998321533203,25.68000030517578,-1.6100006103515625,38.3201904296875,-59.10826873779297
223,2020-07-24,-0.537,-0.030000000000000027,0.59,-0.050000000000000044,1.35,0.0,1.39,-0.07000000000000006,0.45,-0.04999999999999999,42.47999954223633,-3.200000762939453,25.84000015258789,0.15999984741210938,92.75189971923828,54.43170928955078
224,2020-07-31,-0.557,-0.020000000000000018,0.55,-0.039999999999999925,1.4,0.04999999999999982,1.41,0.020000000000000018,0.44,-0.010000000000000009,41.97999954223633,-0.5,24.459999084472656,-1.3800010681152344,38.618019104003906,-54.133880615234375
225,2020-08-07,-0.562,-0.0050000000000000044,0.57,0.019999999999999907,1.5,0.10000000000000009,1.35,-0.05999999999999983,0.44,0.0,41.459999084472656,-0.5200004577636719,22.209999084472656,-2.25,43.81703186035156,5.199012756347656
226,2020-08-14,-0.563,-0.0009999999999998899,0.71,0.14,1.53,0.030000000000000027,1.35,0.0,0.57,0.12999999999999995,43.09000015258789,1.6300010681152344,22.049999237060547,-0.15999984741210938,44.28566360473633,0.4686317443847656
227,2020-08-21,-0.572,-0.009000000000000008,0.64,-0.06999999999999995,1.52,-0.010000000000000009,1.38,0.029999999999999805,0.48,-0.08999999999999997,45.13999938964844,2.049999237060547,22.540000915527344,0.4900016784667969,166.30258178710938,122.01691818237305
228,2020-08-28,-0.597,-0.025000000000000022,0.74,0.09999999999999998,1.68,0.15999999999999992,1.37,-0.009999999999999787,0.6,0.12,48.189998626708984,3.049999237060547,22.959999084472656,0.4199981689453125,64.11421203613281,-102.18836975097656
229,2020-09-04,-0.635,-0.038000000000000034,0.72,-0.020000000000000018,1.57,-0.10999999999999988,1.35,-0.020000000000000018,0.58,-0.020000000000000018,47.040000915527344,-1.1499977111816406,30.75,7.790000915527344,94.90303039550781,30.788818359375
230,2020-09-11,-0.668,-0.03300000000000003,0.67,-0.04999999999999993,1.53,-0.040000000000000036,1.37,0.020000000000000018,0.54,-0.039999999999999925,43.119998931884766,-3.920001983642578,26.8700008392334,-3.8799991607666016,145.94757080078125,51.04454040527344
231,2020-09-18,-0.683,-0.015000000000000013,0.7,0.029999999999999916,1.58,0.050000000000000044,1.35,-0.020000000000000018,0.56,0.020000000000000018,37.2400016784668,-5.879997253417969,25.829999923706055,-1.0400009155273438,86.33578491210938,-59.611785888671875
232,2020-09-25,-0.669,0.014000000000000012,0.66,-0.039999999999999925,1.43,-0.15000000000000013,1.46,0.10999999999999988,0.54,-0.020000000000000018,36.970001220703125,-0.2700004577636719,26.3799991607666,0.5499992370605469,55.35139083862305,-30.984394073486328
233,2020-10-02,-0.631,0.038000000000000034,0.7,0.039999999999999925,1.48,0.050000000000000044,1.43,-0.030000000000000027,0.57,0.029999999999999916,39.970001220703125,3.0,27.6299991607666,1.25,101.92516326904297,46.57377243041992
234,2020-10-09,-0.58,0.051000000000000045,0.79,0.09000000000000008,1.56,0.08000000000000007,1.35,-0.07999999999999985,0.63,0.06000000000000005,57.52000045776367,17.549999237060547,25.0,-2.6299991607666016,81.5680160522461,-20.357147216796875
235,2020-10-16,-0.538,0.041999999999999926,0.76,-0.030000000000000027,1.53,-0.030000000000000027,1.33,-0.020000000000000018,0.62,-0.010000000000000009,57.25,-0.2700004577636719,27.40999984741211,2.4099998474121094,123.50452423095703,41.93650817871094
236,2020-10-23,-0.513,0.025000000000000022,0.85,0.08999999999999997,1.66,0.1299999999999999,1.3,-0.030000000000000027,0.67,0.050000000000000044,58.459999084472656,1.2099990844726562,27.549999237060547,0.1399993896484375,65.72555541992188,-57.778968811035156
237,2020-10-30,-0.504,0.009000000000000008,0.88,0.030000000000000027,1.59,-0.06999999999999984,1.33,0.030000000000000027,0.74,0.06999999999999995,61.90999984741211,3.450000762939453,38.02000045776367,10.470001220703125,80.3587875366211,14.633232116699219
238,2020-11-06,-0.505,-0.0010000000000000009,0.83,-0.050000000000000044,1.54,-0.050000000000000044,1.25,-0.08000000000000007,0.67,-0.06999999999999995,39.880001068115234,-22.029998779296875,24.860000610351562,-13.15999984741211,62.92530059814453,-17.433486938476562
239,2020-11-13,-0.509,-0.0040000000000000036,0.89,0.06000000000000005,1.64,0.09999999999999987,1.21,-0.040000000000000036,0.72,0.04999999999999993,42.95000076293945,3.0699996948242188,23.100000381469727,-1.760000228881836,69.1920166015625,6.266716003417969
240,2020-11-20,-0.507,0.0020000000000000018,0.83,-0.06000000000000005,1.61,-0.029999999999999805,1.16,-0.050000000000000044,0.67,-0.04999999999999993,42.310001373291016,-0.6399993896484375,23.700000762939453,0.6000003814697266,94.15567016601562,24.963653564453125
241,2020-11-27,-0.501,0.006000000000000005,0.84,0.010000000000000009,1.67,0.05999999999999983,1.13,-0.030000000000000027,0.68,0.010000000000000009,39.63999938964844,-2.670001983642578,20.84000015258789,-2.8600006103515625,70.37321472167969,-23.782455444335938
242,2020-12-04,-0.495,0.006000000000000005,0.97,0.13,1.83,0.16000000000000014,1.07,-0.05999999999999983,0.81,0.13,43.88999938964844,4.25,20.790000915527344,-0.049999237060546875,38.66810607910156,-31.705108642578125
243,2020-12-11,-0.495,0.0,0.9,-0.06999999999999995,1.82,-0.010000000000000009,1.11,0.040000000000000036,0.79,-0.020000000000000018,47.52000045776367,3.6300010681152344,23.309999465942383,2.519998550415039,42.853397369384766,4.185291290283203
244,2020-12-18,-0.499,-0.0040000000000000036,0.95,0.04999999999999993,1.92,0.09999999999999987,1.07,-0.040000000000000036,0.82,0.029999999999999916,44.63999938964844,-2.8800010681152344,21.56999969482422,-1.739999771118164,79.99098205566406,37.1375846862793
245,2020-12-25,-0.504,-0.0050000000000000044,0.94,-0.010000000000000009,1.92,0.0,1.06,-0.010000000000000009,0.81,-0.009999999999999898,42.11000061035156,-2.529998779296875,21.530000686645508,-0.03999900817871094,48.241275787353516,-31.749706268310547
246,2021-01-01,-0.507,-0.0030000000000000027,0.93,-0.009999999999999898,1.95,0.030000000000000027,1.03,-0.030000000000000027,0.8,-0.010000000000000009,48.97999954223633,6.869998931884766,22.75,1.2199993133544922,65.27227020263672,17.030994415283203
247,2021-01-08,-0.506,0.0010000000000000009,1.13,0.19999999999999984,2.07,0.11999999999999988,1.02,-0.010000000000000009,0.99,0.18999999999999995,44.810001373291016,-4.1699981689453125,21.559999465942383,-1.1900005340576172,77.7395248413086,12.467254638671875
248,2021-01-15,-0.505,0.0010000000000000009,1.11,-0.019999999999999796,2.09,0.020000000000000018,1.0,-0.020000000000000018,0.98,-0.010000000000000009,45.13999938964844,0.3299980163574219,24.34000015258789,2.780000686645508,57.96993637084961,-19.769588470458984
249,2021-01-22,-0.507,-0.0020000000000000018,1.1,-0.010000000000000009,2.16,0.07000000000000028,1.01,0.010000000000000009,0.97,-0.010000000000000009,43.09000015258789,-2.049999237060547,21.90999984741211,-2.4300003051757812,93.7134780883789,35.7435417175293
250,2021-01-29,-0.514,-0.007000000000000006,1.11,0.010000000000000009,2.21,0.04999999999999982,1.02,0.010000000000000009,1.0,0.030000000000000027,47.40999984741211,4.319999694824219,33.09000015258789,11.180000305175781,63.216941833496094,-30.496536254882812
251,2021-02-05,-0.532,-0.018000000000000016,1.19,0.07999999999999985,2.28,0.06999999999999984,0.99,-0.030000000000000027,1.1,0.10000000000000009,47.20000076293945,-0.20999908447265625,20.8700008392334,-12.219999313354492,106.44497680664062,43.22803497314453
252,2021-02-12,-0.548,-0.016000000000000014,1.2,0.010000000000000009,2.35,0.07000000000000028,0.97,-0.020000000000000018,1.09,-0.010000000000000009,47.0099983215332,-0.19000244140625,19.969999313354492,-0.9000015258789062,73.32506561279297,-33.119911193847656
253,2021-02-19,-0.561,-0.013000000000000012,1.34,0.14000000000000012,2.29,-0.06000000000000005,0.94,-0.030000000000000027,1.23,0.1399999999999999,60.43000030517578,13.420001983642578,22.049999237060547,2.0799999237060547,85.1559829711914,11.830917358398438
254,2021-02-26,-0.566,-0.004999999999999893,1.44,0.09999999999999987,2.39,0.10000000000000009,0.95,0.010000000000000009,1.3,0.07000000000000006,75.66000366210938,15.230003356933594,27.950000762939453,5.900001525878906,121.14055633544922,35.98457336425781
255,2021-03-05,-0.565,0.0010000000000000009,1.56,0.1200000000000001,2.43,0.040000000000000036,1.0,0.050000000000000044,1.42,0.11999999999999988,69.37000274658203,-6.290000915527344,24.65999984741211,-3.2900009155273438,88.98228454589844,-32.15827178955078
256,2021-03-12,-0.561,0.0039999999999998925,1.64,0.07999999999999985,2.51,0.07999999999999963,1.02,0.020000000000000018,1.5,0.08000000000000007,70.83000183105469,1.4599990844726562,20.690000534057617,-3.969999313354492,49.37989044189453,-39.602394104003906
257,2021-03-19,-0.558,0.0030000000000000027,1.74,0.10000000000000009,2.51,0.0,1.0,-0.020000000000000018,1.58,0.08000000000000007,68.80000305175781,-2.029998779296875,20.950000762939453,0.26000022888183594,42.853397369384766,-6.526493072509766
258,2021-03-26,-0.56,-0.0020000000000000018,1.67,-0.07000000000000006,2.57,0.06000000000000005,1.01,0.010000000000000009,1.53,-0.050000000000000044,61.4900016784668,-7.310001373291016,18.860000610351562,-2.0900001525878906,69.7814712524414,26.92807388305664
259,2021-04-02,-0.565,-0.004999999999999893,1.72,0.050000000000000044,2.58,0.010000000000000231,0.95,-0.06000000000000005,1.53,0.0,64.98999786376953,3.4999961853027344,17.329999923706055,-1.5300006866455078,65.70381927490234,-4.0776519775390625
260,2021-04-09,-0.569,-0.0040000000000000036,1.67,-0.050000000000000044,2.51,-0.07000000000000028,0.94,-0.010000000000000009,1.51,-0.020000000000000018,61.209999084472656,-3.779998779296875,16.690000534057617,-0.6399993896484375,48.00822830200195,-17.69559097290039
261,2021-04-16,-0.569,0.0,1.59,-0.07999999999999985,2.57,0.06000000000000005,0.94,0.0,1.43,-0.08000000000000007,62.56999969482422,1.3600006103515625,16.25,-0.4400005340576172,95.03267669677734,47.02444839477539
262,2021-04-23,-0.564,0.0050000000000000044,1.58,-0.010000000000000009,2.44,-0.1299999999999999,0.95,0.010000000000000009,1.42,-0.010000000000000009,59.97999954223633,-2.5900001525878906,17.329999923706055,1.0799999237060547,146.73118591308594,51.698509216308594
263,2021-04-30,-0.558,0.005999999999999894,1.65,0.06999999999999984,2.57,0.1299999999999999,0.94,-0.010000000000000009,1.49,0.07000000000000006,58.130001068115234,-1.8499984741210938,18.610000610351562,1.2800006866455078,36.4018440246582,-110.32934188842773
264,2021-05-07,-0.555,0.0030000000000000027,1.6,-0.04999999999999982,2.65,0.08000000000000007,0.93,-0.009999999999999898,1.46,-0.030000000000000027,54.130001068115234,-4.0,16.690000534057617,-1.9200000762939453,55.92646408081055,19.524620056152344
265,2021-05-14,-0.555,0.0,1.63,0.029999999999999805,2.68,0.03000000000000025,0.92,-0.010000000000000009,1.47,0.010000000000000009,54.9900016784668,0.8600006103515625,18.809999465942383,2.1199989318847656,115.36304473876953,59.436580657958984
266,2021-05-21,-0.562,-0.007000000000000006,1.63,0.0,2.62,-0.06000000000000005,0.91,-0.010000000000000009,1.46,-0.010000000000000009,54.59000015258789,-0.40000152587890625,20.149999618530273,1.3400001525878906,165.85250854492188,50.489463806152344
267,2021-05-28,-0.572,-0.009999999999999898,1.58,-0.04999999999999982,2.57,-0.050000000000000266,0.9,-0.010000000000000009,1.44,-0.020000000000000018,52.040000915527344,-2.549999237060547,16.760000228881836,-3.3899993896484375,140.02928161621094,-25.823226928710938
268,2021-06-04,-0.582,-0.010000000000000009,1.56,-0.020000000000000018,2.54,-0.029999999999999805,0.91,0.010000000000000009,1.42,-0.020000000000000018,49.779998779296875,-2.2600021362304688,16.420000076293945,-0.3400001525878906,79.60777282714844,-60.4215087890625
269,2021-06-11,-0.587,-0.0050000000000000044,1.47,-0.09000000000000008,2.43,-0.10999999999999988,0.9,-0.010000000000000009,1.31,-0.10999999999999988,50.849998474121094,1.0699996948242188,15.649999618530273,-0.7700004577636719,131.48475646972656,51.876983642578125
270,2021-06-18,-0.589,-0.0020000000000000018,1.45,-0.020000000000000018,2.37,-0.06000000000000005,0.87,-0.030000000000000027,1.19,-0.1200000000000001,60.45000076293945,9.60000228881836,20.700000762939453,5.05000114440918,84.50428009033203,-46.98047637939453
271,2021-06-25,-0.591,-0.0020000000000000018,1.54,0.09000000000000008,2.46,0.08999999999999986,0.86,-0.010000000000000009,1.26,0.07000000000000006,55.58000183105469,-4.869998931884766,15.619999885559082,-5.080000877380371,54.78801345825195,-29.716266632080078
272,2021-07-02,-0.593,-0.0020000000000000018,1.44,-0.10000000000000009,2.49,0.03000000000000025,0.87,0.010000000000000009,1.2,-0.06000000000000005,52.40999984741211,-3.170001983642578,15.069999694824219,-0.5500001907348633,78.9751205444336,24.18710708618164
273,2021-07-09,-0.598,-0.0050000000000000044,1.37,-0.06999999999999984,2.44,-0.050000000000000266,0.9,0.030000000000000027,1.14,-0.06000000000000005,59.91999816894531,7.509998321533203,16.18000030517578,1.1100006103515625,32.35719299316406,-46.61792755126953
274,2021-07-16,-0.603,-0.0050000000000000044,1.31,-0.06000000000000005,2.52,0.08000000000000007,0.91,0.010000000000000009,1.06,-0.07999999999999985,58.2400016784668,-1.6799964904785156,18.450000762939453,2.270000457763672,70.38033294677734,38.02313995361328
275,2021-07-23,-0.605,-0.0020000000000000018,1.3,-0.010000000000000009,2.53,0.009999999999999787,0.92,0.010000000000000009,1.08,0.020000000000000018,65.27999877929688,7.039997100830078,17.200000762939453,-1.25,91.7940444946289,21.413711547851562
276,2021-07-30,-0.603,0.0020000000000000018,1.24,-0.06000000000000005,2.56,0.03000000000000025,0.91,-0.010000000000000009,1.05,-0.030000000000000027,61.189998626708984,-4.090000152587891,18.239999771118164,1.039999008178711,80.90396118164062,-10.890083312988281
277,2021-08-06,-0.6,0.0030000000000000027,1.31,0.07000000000000006,2.5,-0.06000000000000005,0.93,0.020000000000000018,1.1,0.050000000000000044,62.63999938964844,1.4500007629394531,16.149999618530273,-2.0900001525878906,63.62165832519531,-17.282302856445312
278,2021-08-13,-0.601,-0.0010000000000000009,1.29,-0.020000000000000018,2.52,0.020000000000000018,0.93,0.0,1.06,-0.040000000000000036,55.45000076293945,-7.189998626708984,15.449999809265137,-0.6999998092651367,95.29304504394531,31.67138671875
279,2021-08-20,-0.608,-0.007000000000000006,1.26,-0.030000000000000027,2.4,-0.1200000000000001,0.95,0.019999999999999907,1.03,-0.030000000000000027,59.95000076293945,4.5,18.559999465942383,3.109999656677246,68.60346984863281,-26.6895751953125
280,2021-08-27,-0.625,-0.017000000000000015,1.31,0.050000000000000044,2.53,0.1299999999999999,0.92,-0.029999999999999916,1.09,0.06000000000000005,57.97999954223633,-1.970001220703125,16.389999389648438,-2.1700000762939453,103.81266021728516,35.209190368652344
281,2021-09-03,-0.646,-0.02100000000000002,1.33,0.020000000000000018,2.48,-0.04999999999999982,0.92,0.0,1.12,0.030000000000000027,53.2599983215332,-4.720001220703125,16.40999984741211,0.020000457763671875,98.69049072265625,-5.122169494628906
282,2021-09-10,-0.664,-0.018000000000000016,1.35,0.020000000000000018,2.55,0.06999999999999984,0.91,-0.010000000000000009,1.12,0.0,51.72999954223633,-1.529998779296875,20.950000762939453,4.540000915527344,65.9410400390625,-32.74945068359375
283,2021-09-17,-0.674,-0.010000000000000009,1.37,0.020000000000000018,2.51,-0.040000000000000036,0.9,-0.010000000000000009,1.14,0.019999999999999796,56.060001373291016,4.3300018310546875,20.809999465942383,-0.1400012969970703,151.90768432617188,85.96664428710938
284,2021-09-24,-0.673,0.0010000000000000009,1.47,0.09999999999999987,2.47,-0.03999999999999959,0.87,-0.030000000000000027,1.18,0.040000000000000036,58.459999084472656,2.3999977111816406,17.75,-3.059999465942383,92.75189971923828,-59.155784606933594
285,2021-10-01,-0.666,0.007000000000000006,1.48,0.010000000000000009,2.51,0.03999999999999959,0.89,0.020000000000000018,1.21,0.030000000000000027,57.380001068115234,-1.0799980163574219,21.100000381469727,3.3500003814697266,68.03733825683594,-24.714561462402344
286,2021-10-08,-0.657,0.009000000000000008,1.61,0.13000000000000012,2.64,0.13000000000000034,0.9,0.010000000000000009,1.29,0.08000000000000007,59.650001525878906,2.270000457763672,18.770000457763672,-2.3299999237060547,94.39959716796875,26.362258911132812
287,2021-10-15,-0.649,0.008000000000000007,1.59,-0.020000000000000018,2.71,0.06999999999999984,0.89,-0.010000000000000009,1.18,-0.1100000000000001,62.70000076293945,3.049999237060547,16.299999237060547,-2.470001220703125,107.1450424194336,12.745445251464844
288,2021-10-22,-0.642,0.007000000000000006,1.66,0.06999999999999984,2.91,0.20000000000000018,0.89,0.0,1.18,0.0,72.04000091552734,9.34000015258789,15.430000305175781,-0.8699989318847656,86.04071807861328,-21.104324340820312
289,2021-10-29,-0.631,0.01100000000000001,1.55,-0.10999999999999988,2.89,-0.020000000000000018,0.89,0.0,1.07,-0.10999999999999988,75.44999694824219,3.4099960327148438,16.260000228881836,0.8299999237060547,55.781578063964844,-30.259140014648438
290,2021-11-05,-0.611,0.020000000000000018,1.45,-0.10000000000000009,2.87,-0.020000000000000018,0.9,0.010000000000000009,1.06,-0.010000000000000009,66.9000015258789,-8.549995422363281,16.479999542236328,0.2199993133544922,76.9422836303711,21.16070556640625
291,2021-11-12,-0.582,0.029000000000000026,1.58,0.13000000000000012,3.11,0.23999999999999977,0.91,0.010000000000000009,1.05,-0.010000000000000009,78.61000061035156,11.709999084472656,16.290000915527344,-0.18999862670898438,101.21734619140625,24.275062561035156
292,2021-11-19,-0.549,0.03299999999999992,1.54,-0.040000000000000036,3.02,-0.08999999999999986,0.94,0.029999999999999916,1.02,-0.030000000000000027,73.38999938964844,-5.220001220703125,17.90999984741211,1.6199989318847656,108.7573471069336,7.540000915527344
293,2021-11-26,-0.519,0.030000000000000027,1.48,-0.06000000000000005,2.92,-0.10000000000000009,1.01,0.07000000000000006,0.98,-0.040000000000000036,89.44999694824219,16.05999755859375,28.6200008392334,10.710000991821289,58.97747039794922,-49.779876708984375
294,2021-12-03,-0.503,0.016000000000000014,1.35,-0.1299999999999999,2.72,-0.19999999999999973,1.03,0.020000000000000018,0.75,-0.22999999999999998,79.13999938964844,-10.30999755859375,30.670000076293945,2.049999237060547,106.17205047607422,47.194580078125
295,2021-12-10,-0.505,-0.0020000000000000018,1.48,0.1299999999999999,2.76,0.03999999999999959,1.0,-0.030000000000000027,0.81,0.06000000000000005,74.36000061035156,-4.779998779296875,18.690000534057617,-11.979999542236328,164.97715759277344,58.80510711669922
296,2021-12-17,-0.52,-0.015000000000000013,1.41,-0.07000000000000006,2.65,-0.10999999999999988,1.01,0.010000000000000009,0.75,-0.06000000000000005,72.45999908447266,-1.9000015258789062,21.56999969482422,2.8799991607666016,95.44012451171875,-69.53703308105469
297,2021-12-24,-0.538,-0.018000000000000016,1.5,0.09000000000000008,2.72,0.07000000000000028,1.0,-0.010000000000000009,0.79,0.040000000000000036,77.29000091552734,4.8300018310546875,17.959999084472656,-3.6100006103515625,135.7197723388672,40.27964782714844
298,2021-12-31,-0.55,-0.01200000000000001,1.52,0.020000000000000018,2.87,0.1499999999999999,0.98,-0.020000000000000018,0.79,0.0,77.0999984741211,-0.19000244140625,17.219999313354492,-0.7399997711181641,76.59115600585938,-59.12861633300781
299,2022-01-07,-0.553,-0.0030000000000000027,1.76,0.24,2.78,-0.0900000000000003,0.95,-0.030000000000000027,0.89,0.09999999999999998,74.69000244140625,-2.4099960327148438,18.760000228881836,1.5400009155273438,118.95960998535156,42.36845397949219
300,2022-01-14,-0.546,0.007000000000000006,1.78,0.020000000000000018,2.79,0.010000000000000231,0.97,0.020000000000000018,0.79,-0.09999999999999998,76.58999633789062,1.899993896484375,19.190000534057617,0.43000030517578125,133.57127380371094,14.611663818359375
301,2022-01-21,-0.535,0.01100000000000001,1.75,-0.030000000000000027,2.7,-0.08999999999999986,1.03,0.06000000000000005,0.74,-0.050000000000000044,81.02999877929688,4.44000244140625,28.850000381469727,9.65999984741211,185.75144958496094,52.18017578125
302,2022-01-28,-0.522,0.013000000000000012,1.78,0.030000000000000027,2.8,0.09999999999999964,1.09,0.06000000000000005,0.63,-0.10999999999999999,85.29000091552734,4.260002136230469,27.65999984741211,-1.1900005340576172,182.23171997070312,-3.5197296142578125
303,2022-02-04,-0.506,0.016000000000000014,1.93,0.1499999999999999,2.78,-0.020000000000000018,1.09,0.0,0.62,-0.010000000000000009,87.68000030517578,2.3899993896484375,23.219999313354492,-4.440000534057617,92.57479858398438,-89.65692138671875
304,2022-02-11,-0.477,0.029000000000000026,1.92,-0.010000000000000009,2.82,0.040000000000000036,1.1,0.010000000000000009,0.42,-0.2,94.02999877929688,6.349998474121094,27.360000610351562,4.14000129699707,179.2779541015625,86.70315551757812
305,2022-02-18,-0.431,0.045999999999999985,1.92,0.0,2.86,0.040000000000000036,1.2,0.09999999999999987,0.45,0.030000000000000027,94.36000061035156,0.3300018310546875,27.75,0.3899993896484375,226.35154724121094,47.07359313964844
306,2022-02-25,-0.373,0.057999999999999996,1.97,0.050000000000000044,3.02,0.16000000000000014,1.27,0.07000000000000006,0.42,-0.030000000000000027,93.33999633789062,-1.0200042724609375,27.59000015258789,-0.15999984741210938,515.8916625976562,289.5401153564453
307,2022-03-04,-0.311,0.062,1.74,-0.22999999999999998,3.19,0.16999999999999993,1.38,0.10999999999999988,0.24,-0.18,131.82000732421875,38.480010986328125,31.979999542236328,4.3899993896484375,350.0732116699219,-165.81845092773438
308,2022-03-11,-0.266,0.044999999999999984,2.0,0.26,3.52,0.33000000000000007,1.5,0.1200000000000001,0.25,0.010000000000000009,99.02999877929688,-32.790008544921875,30.75,-1.2299995422363281,410.3309631347656,60.25775146484375
309,2022-03-18,-0.25,0.016000000000000014,2.14,0.14000000000000012,3.48,-0.040000000000000036,1.37,-0.1299999999999999,0.17,-0.07999999999999999,91.7699966430664,-7.260002136230469,23.8700008392334,-6.879999160766602,285.3160400390625,-125.01492309570312
310,2022-03-25,-0.259,-0.009000000000000008,2.48,0.33999999999999986,3.59,0.10999999999999988,1.29,-0.08000000000000007,0.18,0.009999999999999981,125.2699966430664,33.5,20.809999465942383,-3.0600013732910156,350.7424621582031,65.42642211914062
311,2022-04-01,-0.281,-0.02200000000000002,2.39,-0.08999999999999986,3.28,-0.31000000000000005,1.2,-0.09000000000000008,-0.05,-0.22999999999999998,108.33999633789062,-16.93000030517578,19.6299991607666,-1.1800003051757812,188.15780639648438,-162.58465576171875
312,2022-04-08,-0.295,-0.013999999999999957,2.72,0.33000000000000007,3.33,0.050000000000000266,1.2,0.0,0.19,0.24,124.86000061035156,16.520004272460938,21.15999984741211,1.5300006866455078,219.47674560546875,31.318939208984375
313,2022-04-15,-0.286,0.009000000000000008,2.83,0.10999999999999988,3.33,0.0,1.26,0.06000000000000005,0.36,0.16999999999999998,119.66000366210938,-5.1999969482421875,22.700000762939453,1.5400009155273438,168.43563842773438,-51.041107177734375
314,2022-04-22,-0.255,0.030999999999999972,2.9,0.06999999999999984,3.37,0.040000000000000036,1.33,0.07000000000000006,0.18,-0.18,128.1199951171875,8.459991455078125,28.209999084472656,5.509998321533203,246.79725646972656,78.36161804199219
315,2022-04-29,-0.211,0.04400000000000001,2.89,-0.009999999999999787,3.3,-0.07000000000000028,1.39,0.05999999999999983,0.19,0.010000000000000009,128.39999389648438,0.279998779296875,33.400001525878906,5.19000244140625,148.93714904785156,-97.860107421875
316,2022-05-06,-0.173,0.038000000000000006,3.12,0.22999999999999998,3.22,-0.07999999999999963,1.4,0.010000000000000009,0.4,0.21000000000000002,121.41999816894531,-6.9799957275390625,30.190000534057617,-3.210000991821289,174.06805419921875,25.130905151367188
317,2022-05-13,-0.152,0.02099999999999999,2.93,-0.18999999999999995,3.03,-0.1900000000000004,1.47,0.07000000000000006,0.32,-0.08000000000000002,114.61000061035156,-6.80999755859375,28.8700008392334,-1.3199996948242188,162.08282470703125,-11.9852294921875
318,2022-05-20,-0.146,0.006000000000000005,2.78,-0.15000000000000036,2.88,-0.1499999999999999,1.55,0.08000000000000007,0.18,-0.14,111.0999984741211,-3.5100021362304688,29.43000030517578,0.5599994659423828,140.9603271484375,-21.12249755859375
319,2022-05-27,-0.139,0.0069999999999999785,2.74,-0.03999999999999959,2.95,0.07000000000000028,1.41,-0.14000000000000012,0.27,0.09000000000000002,98.4800033569336,-12.6199951171875,25.719999313354492,-3.710000991821289,155.51962280273438,14.559295654296875
320,2022-06-03,-0.121,0.018000000000000016,2.96,0.21999999999999975,3.04,0.08999999999999986,1.38,-0.030000000000000027,0.3,0.02999999999999997,97.7300033569336,-0.75,24.790000915527344,-0.9299983978271484,142.78309631347656,-12.736526489257812
321,2022-06-10,-0.088,0.033,3.15,0.18999999999999995,3.13,0.08999999999999986,1.41,0.030000000000000027,0.09,-0.21,114.2300033569336,16.5,27.75,2.9599990844726562,94.34528350830078,-48.43781280517578
322,2022-06-17,-0.049,0.03899999999999999,3.25,0.10000000000000009,2.8,-0.33000000000000007,1.5,0.09000000000000008,0.08,-0.009999999999999995,133.75,19.519996643066406,31.1299991607666,3.3799991607666016,114.04771423339844,19.702430725097656
323,2022-06-24,-0.023,0.026000000000000002,3.13,-0.1200000000000001,2.82,0.020000000000000018,1.55,0.050000000000000044,0.09,0.009999999999999995,127.0,-6.75,27.229999542236328,-3.8999996185302734,149.3589324951172,35.31121826171875
324,2022-07-01,-0.028,-0.005000000000000001,2.88,-0.25,2.6,-0.21999999999999975,1.65,0.09999999999999987,0.04,-0.049999999999999996,144.1699981689453,17.169998168945312,26.700000762939453,-0.529998779296875,119.07923889160156,-30.279693603515625
325,2022-07-08,-0.064,-0.036000000000000004,3.09,0.20999999999999996,2.62,0.020000000000000018,1.57,-0.07999999999999985,-0.03,-0.07,145.25,1.0800018310546875,24.639999389648438,-2.0600013732910156,110.41893005371094,-8.660308837890625
326,2022-07-15,-0.121,-0.056999999999999995,2.93,-0.1599999999999997,2.59,-0.03000000000000025,1.58,0.010000000000000009,-0.2,-0.17,129.85000610351562,-15.399993896484375,24.229999542236328,-0.4099998474121094,192.0329132080078,81.61398315429688
327,2022-07-22,-0.179,-0.057999999999999996,2.77,-0.16000000000000014,2.56,-0.029999999999999805,1.52,-0.06000000000000005,-0.21,-0.009999999999999981,123.69999694824219,-6.1500091552734375,23.030000686645508,-1.1999988555908203,125.4760513305664,-66.5568618774414
328,2022-07-29,-0.22,-0.04100000000000001,2.67,-0.10000000000000009,2.73,0.16999999999999993,1.51,-0.010000000000000009,-0.22,-0.010000000000000009,116.36000061035156,-7.339996337890625,21.329999923706055,-1.7000007629394531,68.24624633789062,-57.22980499267578
329,2022-08-05,-0.24,-0.01999999999999999,2.83,0.16000000000000014,2.64,-0.08999999999999986,1.49,-0.020000000000000018,-0.41,-0.18999999999999997,122.58000183105469,6.220001220703125,21.149999618530273,-0.18000030517578125,163.9325408935547,95.68629455566406
330,2022-08-12,-0.243,-0.0030000000000000027,2.84,0.009999999999999787,2.67,0.029999999999999805,1.41,-0.08000000000000007,-0.41,0.0,106.27999877929688,-16.300003051757812,19.530000686645508,-1.6199989318847656,182.54019165039062,18.607650756835938
331,2022-08-19,-0.238,0.0050000000000000044,2.98,0.14000000000000012,2.72,0.050000000000000266,1.42,0.010000000000000009,-0.27,0.13999999999999996,123.80999755859375,17.529998779296875,20.600000381469727,1.0699996948242188,117.67557525634766,-64.86461639404297
332,2022-08-26,-0.23,0.00799999999999998,3.04,0.06000000000000005,2.73,0.009999999999999787,1.42,0.0,-0.33,-0.06,122.94999694824219,-0.8600006103515625,25.559999465942383,4.959999084472656,108.25385284423828,-9.421722412109375
333,2022-09-02,-0.22,0.010000000000000009,3.2,0.16000000000000014,2.55,-0.18000000000000016,1.5,0.08000000000000007,-0.2,0.13,120.72000122070312,-2.2299957275390625,25.469999313354492,-0.09000015258789062,84.12870788574219,-24.125144958496094
334,2022-09-09,-0.204,0.016000000000000014,3.33,0.1299999999999999,2.51,-0.040000000000000036,1.47,-0.030000000000000027,-0.23,-0.03,121.54000091552734,0.8199996948242188,22.790000915527344,-2.6799983978271484,94.32772064208984,10.199012756347656
335,2022-09-16,-0.173,0.031,3.45,0.1200000000000001,2.49,-0.019999999999999574,1.48,0.010000000000000009,-0.4,-0.17,124.94999694824219,3.4099960327148438,26.299999237060547,3.509998321533203,127.40645599365234,33.0787353515625
336,2022-09-23,-0.133,0.03999999999999998,3.69,0.23999999999999977,2.38,-0.11000000000000032,1.51,0.030000000000000027,-0.51,-0.10999999999999999,137.27999877929688,12.330001831054688,29.920000076293945,3.6200008392333984,187.7991180419922,60.392662048339844
337,2022-09-30,-0.093,0.04000000000000001,3.83,0.14000000000000012,2.14,-0.23999999999999977,1.67,0.15999999999999992,-0.39,0.12,141.88999938964844,4.6100006103515625,31.6200008392334,1.7000007629394531,162.7410430908203,-25.058074951171875
338,2022-10-07,-0.067,0.025999999999999995,3.89,0.06000000000000005,2.36,0.21999999999999975,1.6,-0.06999999999999984,-0.41,-0.019999999999999962,148.4600067138672,6.57000732421875,31.360000610351562,-0.26000022888183594,144.24093627929688,-18.500106811523438
339,2022-10-14,-0.063,0.0040000000000000036,4.0,0.10999999999999988,2.44,0.08000000000000007,1.7,0.09999999999999987,-0.48,-0.07,152.88999938964844,4.42999267578125,32.02000045776367,0.6599998474121094,147.22523498535156,2.9842987060546875
340,2022-10-21,-0.084,-0.021000000000000005,4.21,0.20999999999999996,2.69,0.25,1.71,0.010000000000000009,-0.28,0.19999999999999996,156.9499969482422,4.05999755859375,29.690000534057617,-2.3299999237060547,174.34567260742188,27.120437622070312
341,2022-10-28,-0.117,-0.033,4.02,-0.1900000000000004,2.62,-0.06999999999999984,1.66,-0.050000000000000044,-0.39,-0.10999999999999999,144.60000610351562,-12.349990844726562,25.75,-3.940000534057617,203.68539428710938,29.3397216796875
342,2022-11-04,-0.153,-0.03599999999999999,4.17,0.15000000000000036,2.61,-0.010000000000000231,1.61,-0.04999999999999982,-0.49,-0.09999999999999998,128.44000244140625,-16.160003662109375,24.549999237060547,-1.2000007629394531,115.8915786743164,-87.79381561279297
343,2022-11-11,-0.18,-0.026999999999999996,3.82,-0.3500000000000001,2.47,-0.13999999999999968,1.58,-0.030000000000000027,-0.52,-0.030000000000000027,111.69000244140625,-16.75,22.520000457763672,-2.029998779296875,111.09221649169922,-4.7993621826171875
344,2022-11-18,-0.192,-0.01200000000000001,3.82,0.0,2.28,-0.1900000000000004,1.45,-0.13000000000000012,-0.69,-0.16999999999999993,129.3300018310547,17.639999389648438,23.1200008392334,0.6000003814697266,77.71419525146484,-33.378021240234375
345,2022-11-25,-0.193,-0.0010000000000000009,3.68,-0.13999999999999968,2.34,0.06000000000000005,1.4,-0.050000000000000044,-0.74,-0.050000000000000044,129.60000610351562,0.2700042724609375,20.5,-2.6200008392333984,80.51380157470703,2.7996063232421875
346,2022-12-02,-0.192,0.0010000000000000009,3.51,-0.17000000000000037,2.51,0.16999999999999993,1.4,0.0,-0.77,-0.030000000000000027,118.62000274658203,-10.980003356933594,19.059999465942383,-1.4400005340576172,109.09654235839844,28.582740783691406
347,2022-12-09,-0.195,-0.0030000000000000027,3.57,0.06000000000000005,2.3,-0.20999999999999996,1.37,-0.029999999999999805,-0.76,0.010000000000000009,132.7899932861328,14.169990539550781,22.829999923706055,3.770000457763672,117.3084716796875,8.211929321289062
348,2022-12-16,-0.206,-0.010999999999999982,3.48,-0.08999999999999986,2.14,-0.1599999999999997,1.39,0.019999999999999796,-0.69,0.07000000000000006,113.6500015258789,-19.139991760253906,22.6200008392334,-0.20999908447265625,98.7958755493164,-18.512596130371094
349,2022-12-23,-0.223,-0.017000000000000015,3.75,0.27,2.29,0.1499999999999999,1.38,-0.010000000000000009,-0.56,0.1299999999999999,113.16999816894531,-0.48000335693359375,20.8700008392334,-1.75,114.92581939697266,16.12994384765625
350,2022-12-30,-0.244,-0.02099999999999999,3.88,0.1299999999999999,2.33,0.040000000000000036,1.38,0.0,-0.53,0.030000000000000027,121.61000061035156,8.44000244140625,21.670000076293945,0.7999992370605469,150.22982788085938,35.30400848388672
351,2023-01-06,-0.263,-0.019000000000000017,3.55,-0.33000000000000007,2.18,-0.1499999999999999,1.4,0.020000000000000018,-0.69,-0.15999999999999992,113.87000274658203,-7.739997863769531,21.1299991607666,-0.5400009155273438,88.7294921875,-61.500335693359375
352,2023-01-13,-0.28,-0.017000000000000015,3.49,-0.05999999999999961,2.2,0.020000000000000018,1.32,-0.07999999999999985,-0.73,-0.040000000000000036,113.55000305175781,-0.31999969482421875,18.350000381469727,-2.779998779296875,103.69776916503906,14.968276977539062
353,2023-01-20,-0.293,-0.012999999999999956,3.48,-0.010000000000000231,2.23,0.029999999999999805,1.29,-0.030000000000000027,-0.66,0.06999999999999995,114.76000213623047,1.2099990844726562,19.850000381469727,1.5,152.3668212890625,48.66905212402344
354,2023-01-27,-0.305,-0.01200000000000001,3.52,0.040000000000000036,2.33,0.10000000000000009,1.25,-0.040000000000000036,-0.67,-0.010000000000000009,100.69999694824219,-14.060005187988281,18.510000228881836,-1.3400001525878906,120.77069091796875,-31.59613037109375
355,2023-02-03,-0.313,-0.008000000000000007,3.53,0.009999999999999787,2.27,-0.06000000000000005,1.2,-0.050000000000000044,-0.77,-0.09999999999999998,98.98999786376953,-1.7099990844726562,18.329999923706055,-0.18000030517578125,116.32762908935547,-4.443061828613281
356,2023-02-10,-0.313,0.0,3.74,0.2100000000000004,2.47,0.20000000000000018,1.23,0.030000000000000027,-0.76,0.010000000000000009,109.62999725341797,10.639999389648438,20.530000686645508,2.200000762939453,147.8824920654297,31.55486297607422
357,2023-02-17,-0.298,0.015000000000000013,3.82,0.07999999999999963,2.5,0.029999999999999805,1.26,0.030000000000000027,-0.78,-0.020000000000000018,110.11000061035156,0.48000335693359375,20.020000457763672,-0.5100002288818359,106.09647369384766,-41.78601837158203
358,2023-02-24,-0.263,0.034999999999999976,3.95,0.13000000000000034,2.47,-0.029999999999999805,1.28,0.020000000000000018,-0.83,-0.04999999999999993,122.83999633789062,12.729995727539062,21.670000076293945,1.6499996185302734,110.97380065917969,4.877326965332031
359,2023-03-03,-0.214,0.049000000000000016,3.97,0.020000000000000018,2.71,0.23999999999999977,1.25,-0.030000000000000027,-0.89,-0.06000000000000005,122.5199966430664,-0.31999969482421875,18.489999771118164,-3.1800003051757812,154.6261444091797,43.65234375
360,2023-03-10,-0.161,0.05299999999999999,3.7,-0.27,2.34,-0.3700000000000001,1.37,0.1200000000000001,-0.9,-0.010000000000000009,140.05999755859375,17.540000915527344,24.799999237060547,6.309999465942383,113.44409942626953,-41.182044982910156
361,2023-03-17,-0.115,0.046,3.39,-0.31000000000000005,2.1,-0.23999999999999977,1.62,0.25,-0.42,0.48000000000000004,180.11000061035156,40.05000305175781,25.510000228881836,0.7100009918212891,85.22901153564453,-28.215087890625
362,2023-03-24,-0.097,0.018000000000000002,3.38,-0.010000000000000231,2.21,0.10999999999999988,1.54,-0.08000000000000007,-0.38,0.03999999999999998,173.66000366210938,-6.4499969482421875,21.739999771118164,-3.770000457763672,72.6195297241211,-12.609481811523438
363,2023-03-31,-0.109,-0.011999999999999997,3.48,0.10000000000000009,2.4,0.18999999999999995,1.45,-0.09000000000000008,-0.58,-0.19999999999999996,135.92999267578125,-37.730010986328125,18.700000762939453,-3.039999008178711,90.4455337524414,17.826004028320312
364,2023-04-07,-0.137,-0.02800000000000001,3.39,-0.08999999999999986,2.33,-0.06999999999999984,1.46,0.010000000000000009,-0.58,0.0,147.72999572753906,11.800003051757812,18.399999618530273,-0.3000011444091797,169.00856018066406,78.56302642822266
365,2023-04-14,-0.174,-0.03699999999999998,3.52,0.1299999999999999,2.31,-0.020000000000000018,1.39,-0.07000000000000006,-0.56,0.019999999999999907,118.83999633789062,-28.889999389648438,17.06999969482422,-1.3299999237060547,119.80353546142578,-49.20502471923828
366,2023-04-21,-0.205,-0.031,3.57,0.04999999999999982,2.3,-0.010000000000000231,1.38,-0.010000000000000009,-0.6,-0.039999999999999925,120.83999633789062,2.0,16.770000457763672,-0.2999992370605469,140.05340576171875,20.24987030029297
367,2023-04-28,-0.222,-0.017000000000000015,3.44,-0.1299999999999999,2.2,-0.09999999999999964,1.4,0.020000000000000018,-0.6,0.0,122.45999908447266,1.6200027465820312,15.779999732971191,-0.9900007247924805,117.88497161865234,-22.168434143066406
368,2023-05-05,-0.228,-0.006000000000000005,3.44,0.0,2.19,-0.010000000000000231,1.48,0.08000000000000007,-0.48,0.12,130.2100067138672,7.750007629394531,17.190000534057617,1.4100008010864258,69.73827362060547,-48.146697998046875
369,2023-05-12,-0.229,-0.0010000000000000009,3.46,0.020000000000000018,2.11,-0.08000000000000007,1.48,0.0,-0.52,-0.040000000000000036,120.5199966430664,-9.690010070800781,17.030000686645508,-0.15999984741210938,146.2168426513672,76.47856903076172
370,2023-05-19,-0.23,-0.0010000000000000009,3.7,0.2400000000000002,2.19,0.08000000000000007,1.45,-0.030000000000000027,-0.58,-0.05999999999999994,127.51000213623047,6.9900054931640625,16.809999465942383,-0.220001220703125,160.85305786132812,14.636215209960938
371,2023-05-26,-0.232,-0.0020000000000000018,3.8,0.09999999999999964,2.13,-0.06000000000000005,1.41,-0.040000000000000036,-0.74,-0.16000000000000003,145.3699951171875,17.85999298095703,17.950000762939453,1.1400012969970703,61.34384536743164,-99.50921249389648
372,2023-06-02,-0.234,-0.0020000000000000018,3.69,-0.10999999999999988,2.13,0.0,1.39,-0.020000000000000018,-0.81,-0.07000000000000006,120.94999694824219,-24.419998168945312,14.600000381469727,-3.3500003814697266,129.57322692871094,68.2293815612793
373,2023-06-09,-0.23,0.0040000000000000036,3.75,0.06000000000000005,2.13,0.0,1.4,0.010000000000000009,-0.84,-0.029999999999999916,115.7699966430664,-5.180000305175781,13.829999923706055,-0.7700004577636719,96.3266830444336,-33.246543884277344
374,2023-06-16,-0.225,0.0050000000000000044,3.77,0.020000000000000018,2.17,0.040000000000000036,1.35,-0.04999999999999982,-0.93,-0.09000000000000008,104.43000030517578,-11.339996337890625,13.539999961853027,-0.28999996185302734,111.43194580078125,15.105262756347656
375,2023-06-23,-0.22,0.0050000000000000044,3.74,-0.029999999999999805,2.16,-0.009999999999999787,1.35,0.0,-0.97,-0.039999999999999925,105.73999786376953,1.30999755859375,13.4399995803833,-0.10000038146972656,46.4107551574707,-65.02119064331055
376,2023-06-30,-0.22,0.0,3.81,0.06999999999999984,2.18,0.020000000000000018,1.3,-0.050000000000000044,-1.06,-0.09000000000000008,110.63999938964844,4.900001525878906,13.59000015258789,0.15000057220458984,102.67338562011719,56.262630462646484
377,2023-07-07,-0.227,-0.007000000000000006,4.06,0.24999999999999956,2.22,0.040000000000000036,1.28,-0.020000000000000018,-0.88,0.18000000000000005,130.41000366210938,19.770004272460938,14.829999923706055,1.239999771118164,120.56138610839844,17.88800048828125
378,2023-07-14,-0.242,-0.014999999999999986,3.83,-0.22999999999999954,2.15,-0.07000000000000028,1.28,0.0,-0.91,-0.030000000000000027,112.4800033569336,-17.93000030517578,13.34000015258789,-1.489999771118164,151.36514282226562,30.803756713867188
379,2023-07-21,-0.26,-0.018000000000000016,3.84,0.009999999999999787,2.23,0.08000000000000007,1.26,-0.020000000000000018,-0.98,-0.06999999999999995,106.66000366210938,-5.819999694824219,13.600000381469727,0.26000022888183594,112.39069366455078,-38.974449157714844
380,2023-07-28,-0.274,-0.014000000000000012,3.96,0.1200000000000001,2.28,0.04999999999999982,1.19,-0.07000000000000006,-0.91,0.06999999999999995,109.76000213623047,3.0999984741210938,13.329999923706055,-0.2700004577636719,130.33053588867188,17.939842224121094
381,2023-08-04,-0.283,-0.008999999999999952,4.05,0.08999999999999986,2.26,-0.020000000000000018,1.22,0.030000000000000027,-0.73,0.18000000000000005,115.91000366210938,6.150001525878906,17.100000381469727,3.770000457763672,119.37181091308594,-10.958724975585938
382,2023-08-11,-0.286,-0.0030000000000000027,4.16,0.11000000000000032,2.3,0.040000000000000036,1.22,0.0,-0.73,0.0,112.12999725341797,-3.7800064086914062,14.84000015258789,-2.260000228881836,142.3582763671875,22.986465454101562
383,2023-08-18,-0.284,0.0020000000000000018,4.26,0.09999999999999964,2.22,-0.07999999999999963,1.27,0.050000000000000044,-0.66,0.06999999999999995,120.51000213623047,8.3800048828125,17.299999237060547,2.4599990844726562,77.42227935791016,-64.93599700927734
384,2023-08-25,-0.281,0.002999999999999947,4.25,-0.009999999999999787,2.25,0.029999999999999805,1.23,-0.040000000000000036,-0.78,-0.12,110.37000274658203,-10.139999389648438,15.680000305175781,-1.6199989318847656,40.256900787353516,-37.16537857055664
385,2023-09-01,-0.28,0.0010000000000000009,4.18,-0.07000000000000028,2.17,-0.08000000000000007,1.22,-0.010000000000000009,-0.69,0.09000000000000008,102.91999816894531,-7.450004577636719,13.09000015258789,-2.5900001525878906,73.48699951171875,33.230098724365234
386,2023-09-08,-0.277,0.0030000000000000027,4.26,0.08000000000000007,2.26,0.08999999999999986,1.23,0.010000000000000009,-0.72,-0.030000000000000027,104.33999633789062,1.4199981689453125,13.84000015258789,0.75,80.14276123046875,6.65576171875
387,2023-09-15,-0.275,0.0020000000000000018,4.33,0.07000000000000028,2.27,0.010000000000000231,1.22,-0.010000000000000009,-0.69,0.030000000000000027,96.61000061035156,-7.7299957275390625,13.789999961853027,-0.05000019073486328,106.68494415283203,26.54218292236328
388,2023-09-22,-0.269,0.006000000000000005,4.44,0.11000000000000032,2.29,0.020000000000000018,1.2,-0.020000000000000018,-0.66,0.029999999999999916,101.11000061035156,4.5,17.200000762939453,3.410000801086426,131.62521362304688,24.940269470214844
389,2023-09-29,-0.258,0.01100000000000001,4.59,0.14999999999999947,2.22,-0.06999999999999984,1.24,0.040000000000000036,-0.44,0.22000000000000003,113.55000305175781,12.44000244140625,17.520000457763672,0.31999969482421875,86.41481018066406,-45.21040344238281
390,2023-10-06,-0.249,0.009000000000000008,4.78,0.1900000000000004,2.17,-0.050000000000000266,1.29,0.050000000000000044,-0.3,0.14,126.63999938964844,13.089996337890625,17.450000762939453,-0.06999969482421875,161.30764770507812,74.89283752441406
391,2023-10-13,-0.244,0.0050000000000000044,4.63,-0.15000000000000036,2.26,0.08999999999999986,1.27,-0.020000000000000018,-0.41,-0.10999999999999999,128.3300018310547,1.69000244140625,19.31999969482422,1.8699989318847656,287.3145446777344,126.00689697265625
392,2023-10-20,-0.248,-0.0040000000000000036,4.93,0.2999999999999998,2.47,0.2100000000000004,1.33,0.06000000000000005,-0.14,0.26999999999999996,135.4499969482422,7.1199951171875,21.709999084472656,2.3899993896484375,298.6288146972656,11.31427001953125
393,2023-10-27,-0.261,-0.013000000000000012,4.84,-0.08999999999999986,2.39,-0.08000000000000007,1.31,-0.020000000000000018,-0.15,-0.009999999999999981,129.16000366210938,-6.2899932861328125,21.270000457763672,-0.4399986267089844,251.86463928222656,-46.76417541503906
394,2023-11-03,-0.284,-0.022999999999999965,4.57,-0.2699999999999996,2.32,-0.07000000000000028,1.29,-0.020000000000000018,-0.26,-0.11000000000000001,118.73999786376953,-10.420005798339844,14.90999984741211,-6.3600006103515625,174.9210662841797,-76.94357299804688
395,2023-11-10,-0.308,-0.02400000000000002,4.61,0.040000000000000036,2.28,-0.040000000000000036,1.26,-0.030000000000000027,-0.43,-0.16999999999999998,116.79000091552734,-1.9499969482421875,14.170000076293945,-0.7399997711181641,180.9846649169922,6.0635986328125
396,2023-11-17,-0.33,-0.02200000000000002,4.44,-0.16999999999999993,2.23,-0.04999999999999982,1.2,-0.06000000000000005,-0.44,-0.010000000000000009,113.11000061035156,-3.6800003051757812,13.800000190734863,-0.36999988555908203,149.48410034179688,-31.500564575195312
397,2023-11-24,-0.347,-0.01699999999999996,4.47,0.02999999999999936,2.21,-0.020000000000000018,1.14,-0.06000000000000005,-0.45,-0.010000000000000009,107.43000030517578,-5.680000305175781,12.460000038146973,-1.3400001525878906,152.79371643066406,3.3096160888671875
398,2023-12-01,-0.358,-0.01100000000000001,4.22,-0.25,2.12,-0.08999999999999986,1.11,-0.029999999999999805,-0.34,0.10999999999999999,111.51000213623047,4.0800018310546875,12.630000114440918,0.1700000762939453,94.81410217285156,-57.9796142578125
399,2023-12-08,-0.366,-0.008000000000000007,4.23,0.010000000000000675,2.11,-0.010000000000000231,1.1,-0.010000000000000009,-0.48,-0.13999999999999996,121.6500015258789,10.139999389648438,12.350000381469727,-0.2799997329711914,153.5236358642578,58.70953369140625
400,2023-12-15,-0.376,-0.010000000000000009,3.91,-0.3200000000000003,2.17,0.06000000000000005,1.04,-0.06000000000000005,-0.53,-0.050000000000000044,115.75,-5.900001525878906,12.279999732971191,-0.07000064849853516,169.25527954101562,15.731643676757812
401,2023-12-22,-0.388,-0.01200000000000001,3.9,-0.010000000000000231,2.16,-0.009999999999999787,1.07,0.030000000000000027,-0.41,0.12000000000000005,111.37999725341797,-4.370002746582031,13.029999732971191,0.75,89.36782836914062,-79.887451171875
402,2023-12-29,-0.402,-0.014000000000000012,3.88,-0.020000000000000018,2.12,-0.040000000000000036,1.04,-0.030000000000000027,-0.35,0.06,114.62000274658203,3.2400054931640625,12.449999809265137,-0.5799999237060547,221.28489685058594,131.9170684814453
403,2024-01-05,-0.417,-0.014999999999999958,4.05,0.16999999999999993,2.19,0.06999999999999984,1.09,0.050000000000000044,-0.35,0.0,116.19000244140625,1.5699996948242188,13.350000381469727,0.9000005722045898,167.4893798828125,-53.79551696777344
404,2024-01-12,-0.429,-0.01200000000000001,3.96,-0.08999999999999986,2.22,0.03000000000000025,1.02,-0.07000000000000006,-0.18,0.16999999999999998,106.51000213623047,-9.680000305175781,12.699999809265137,-0.6500005722045898,210.59278869628906,43.10340881347656
405,2024-01-19,-0.436,-0.007000000000000006,4.15,0.1900000000000004,2.3,0.07999999999999963,1.01,-0.010000000000000009,-0.24,-0.06,104.97000122070312,-1.5400009155273438,13.300000190734863,0.6000003814697266,207.4058380126953,-3.18695068359375
406,2024-01-26,-0.44,-0.0040000000000000036,4.15,0.0,2.26,-0.040000000000000036,0.97,-0.040000000000000036,-0.19,0.04999999999999999,100.2300033569336,-4.739997863769531,13.260000228881836,-0.039999961853027344,141.32115173339844,-66.08468627929688
407,2024-02-02,-0.443,-0.0030000000000000027,4.03,-0.1200000000000001,2.19,-0.06999999999999984,1.02,0.050000000000000044,-0.33,-0.14,106.72000122070312,6.489997863769531,13.850000381469727,0.5900001525878906,171.52455139160156,30.203399658203125
408,2024-02-09,-0.446,-0.0030000000000000027,4.17,0.13999999999999968,2.28,0.08999999999999986,1.0,-0.020000000000000018,-0.31,0.020000000000000018,106.20999908447266,-0.5100021362304688,12.930000305175781,-0.9200000762939453,194.5299835205078,23.00543212890625
409,2024-02-16,-0.452,-0.006000000000000005,4.3,0.1299999999999999,2.38,0.10000000000000009,0.96,-0.040000000000000036,-0.34,-0.030000000000000027,109.19999694824219,2.9899978637695312,14.239999771118164,1.3099994659423828,160.93446350097656,-33.59552001953125
410,2024-02-23,-0.462,-0.010000000000000009,4.26,-0.040000000000000036,2.34,-0.040000000000000036,0.95,-0.010000000000000009,-0.41,-0.06999999999999995,108.30999755859375,-0.8899993896484375,13.75,-0.48999977111816406,167.06863403320312,6.1341705322265625
411,2024-03-01,-0.472,-0.009999999999999953,4.19,-0.0699999999999994,2.4,0.06000000000000005,1.01,0.06000000000000005,-0.35,0.06,106.4800033569336,-1.8299942016601562,13.109999656677246,-0.6400003433227539,155.183349609375,-11.885284423828125
412,2024-03-08,-0.481,-0.009000000000000008,4.09,-0.10000000000000053,2.34,-0.06000000000000005,0.99,-0.020000000000000018,-0.39,-0.040000000000000036,100.87999725341797,-5.600006103515625,14.739999771118164,1.630000114440918,183.7222442626953,28.538894653320312
413,2024-03-15,-0.485,-0.0040000000000000036,4.31,0.21999999999999975,2.39,0.050000000000000266,0.93,-0.05999999999999994,-0.41,-0.019999999999999962,97.81999969482422,-3.05999755859375,14.40999984741211,-0.3299999237060547,138.02365112304688,-45.69859313964844
414,2024-03-22,-0.484,0.0010000000000000009,4.22,-0.08999999999999986,2.41,0.020000000000000018,0.92,-0.010000000000000009,-0.37,0.03999999999999998,91.04000091552734,-6.779998779296875,13.0600004196167,-1.3499994277954102,125.00255584716797,-13.021095275878906
415,2024-03-29,-0.476,0.008000000000000007,4.2,-0.019999999999999574,2.38,-0.03000000000000025,0.93,0.010000000000000009,-0.39,-0.020000000000000018,86.37999725341797,-4.660003662109375,13.010000228881836,-0.05000019073486328,126.19306182861328,1.1905059814453125
416,2024-04-05,-0.464,0.011999999999999955,4.39,0.1899999999999995,2.45,0.07000000000000028,0.92,-0.010000000000000009,-0.34,0.04999999999999999,94.30999755859375,7.930000305175781,16.030000686645508,3.020000457763672,142.04835510253906,15.855293273925781
417,2024-04-12,-0.45,0.014000000000000012,4.5,0.11000000000000032,2.47,0.020000000000000018,0.92,0.0,-0.38,-0.03999999999999998,112.81999969482422,18.51000213623047,17.309999465942383,1.279998779296875,161.3263397216797,19.277984619140625
418,2024-04-19,-0.438,0.01200000000000001,4.62,0.1200000000000001,2.44,-0.03000000000000025,0.94,0.019999999999999907,-0.35,0.030000000000000027,111.26000213623047,-1.55999755859375,18.709999084472656,1.3999996185302734,208.1194305419922,46.7930908203125
419,2024-04-26,-0.432,0.006000000000000005,4.67,0.04999999999999982,2.44,0.0,0.9,-0.039999999999999925,-0.29,0.06,104.4000015258789,-6.8600006103515625,15.029999732971191,-3.679999351501465,150.83494567871094,-57.28448486328125
420,2024-05-03,-0.431,0.0010000000000000009,4.5,-0.16999999999999993,2.35,-0.08999999999999986,0.89,-0.010000000000000009,-0.31,-0.020000000000000018,95.95999908447266,-8.44000244140625,13.489999771118164,-1.5399999618530273,110.41893005371094,-40.416015625
421,2024-05-10,-0.432,-0.0010000000000000009,4.5,0.0,2.34,-0.010000000000000231,0.89,0.0,-0.37,-0.06,94.2300033569336,-1.7299957275390625,12.550000190734863,-0.9399995803833008,185.2792205810547,74.86029052734375
422,2024-05-17,-0.432,0.0,4.42,-0.08000000000000007,2.32,-0.020000000000000018,0.89,0.0,-0.41,-0.03999999999999998,89.3499984741211,-4.8800048828125,11.989999771118164,-0.5600004196166992,181.6569366455078,-3.622283935546875
423,2024-05-24,-0.426,0.006000000000000005,4.46,0.040000000000000036,2.33,0.010000000000000231,0.89,0.0,-0.47,-0.06,83.56999969482422,-5.779998779296875,11.930000305175781,-0.05999946594238281,116.63970947265625,-65.01722717285156
424,2024-05-31,-0.414,0.01200000000000001,4.51,0.04999999999999982,2.34,0.009999999999999787,0.88,-0.010000000000000009,-0.38,0.08999999999999997,91.13999938964844,7.569999694824219,12.920000076293945,0.9899997711181641,156.499267578125,39.85955810546875
425,2024-06-07,-0.398,0.01599999999999996,4.43,-0.08000000000000007,2.28,-0.06000000000000005,0.9,0.020000000000000018,-0.44,-0.06,91.81999969482422,0.6800003051757812,12.220000267028809,-0.6999998092651367,122.68769073486328,-33.81157684326172
426,2024-06-14,-0.382,0.016000000000000014,4.2,-0.22999999999999954,2.11,-0.16999999999999993,0.95,0.04999999999999993,-0.47,-0.02999999999999997,100.16000366210938,8.340003967285156,12.65999984741211,0.4399995803833008,90.13789367675781,-32.54979705810547
427,2024-06-21,-0.371,0.01100000000000001,4.25,0.04999999999999982,2.19,0.08000000000000007,0.96,0.010000000000000009,-0.45,0.019999999999999962,94.08999633789062,-6.07000732421875,13.199999809265137,0.5399999618530273,128.30368041992188,38.16578674316406
428,2024-06-28,-0.365,0.006000000000000005,4.36,0.11000000000000032,2.24,0.050000000000000266,0.96,0.0,-0.35,0.10000000000000003,98.58999633789062,4.5,12.4399995803833,-0.7600002288818359,121.46080780029297,-6.842872619628906
429,2024-07-05,-0.362,0.0030000000000000027,4.28,-0.08000000000000007,2.22,-0.020000000000000018,0.92,-0.039999999999999925,-0.32,0.02999999999999997,98.77999877929688,0.19000244140625,12.479999542236328,0.039999961853027344,73.11270141601562,-48.348106384277344
430,2024-07-12,-0.359,0.0030000000000000027,4.18,-0.10000000000000053,2.15,-0.07000000000000028,0.92,0.0,-0.27,0.04999999999999999,86.79000091552734,-11.989997863769531,12.460000038146973,-0.01999950408935547,86.32097625732422,13.208274841308594
431,2024-07-19,-0.355,0.0040000000000000036,4.25,0.07000000000000028,2.18,0.03000000000000025,0.93,0.010000000000000009,-0.24,0.030000000000000027,94.29000091552734,7.5,16.520000457763672,4.060000419616699,143.77462768554688,57.453651428222656
432,2024-07-26,-0.351,0.0040000000000000036,4.2,-0.04999999999999982,2.13,-0.050000000000000266,0.95,0.019999999999999907,-0.16,0.07999999999999999,97.76000213623047,3.470001220703125,16.389999389648438,-0.13000106811523438,95.77151489257812,-48.00311279296875
433,2024-08-02,-0.351,0.0,3.8,-0.40000000000000036,1.89,-0.24,1.06,0.1100000000000001,-0.08,0.08,112.26000213623047,14.5,23.389999389648438,7.0,191.2178192138672,95.44630432128906
434,2024-08-09,-0.357,-0.006000000000000005,3.94,0.14000000000000012,1.96,0.07000000000000006,1.05,-0.010000000000000009,-0.11,-0.03,108.26000213623047,-4.0,20.3700008392334,-3.019998550415039,151.33558654785156,-39.882232666015625
435,2024-08-16,-0.373,-0.016000000000000014,3.89,-0.04999999999999982,1.97,0.010000000000000009,0.98,-0.07000000000000006,-0.17,-0.06000000000000001,102.80999755859375,-5.450004577636719,14.800000190734863,-5.570000648498535,118.94318389892578,-32.39240264892578
436,2024-08-23,-0.394,-0.02100000000000002,3.81,-0.08000000000000007,2.01,0.039999999999999813,0.96,-0.020000000000000018,-0.09,0.08000000000000002,105.62999725341797,2.8199996948242188,15.859999656677246,1.0599994659423828,143.7642364501953,24.82105255126953
437,2024-08-30,-0.416,-0.021999999999999964,3.91,0.10000000000000009,2.01,0.0,0.95,-0.010000000000000009,0.0,0.09,107.7699966430664,2.1399993896484375,15.0,-0.8599996566772461,166.55368041992188,22.789443969726562
438,2024-09-06,-0.436,-0.020000000000000018,3.72,-0.18999999999999995,1.86,-0.1499999999999997,0.99,0.040000000000000036,0.06,0.06,107.23999786376953,-0.529998779296875,22.3799991607666,7.379999160766602,100.38084411621094,-66.17283630371094
439,2024-09-13,-0.452,-0.016000000000000014,3.66,-0.06000000000000005,1.95,0.08999999999999986,0.99,0.0,0.09,0.03,100.5999984741211,-6.6399993896484375,16.559999465942383,-5.819999694824219,185.6430206298828,85.26217651367188
440,2024-09-20,-0.462,-0.010000000000000009,3.73,0.06999999999999984,2.02,0.07000000000000006,0.93,-0.05999999999999994,0.18,0.09,91.0,-9.599998474121094,16.149999618530273,-0.4099998474121094,175.53778076171875,-10.105239868164062
441,2024-09-27,-0.471,-0.008999999999999952,3.75,0.020000000000000018,2.03,0.009999999999999787,0.92,-0.010000000000000009,0.2,0.020000000000000018,92.52999877929688,1.529998779296875,16.959999084472656,0.8099994659423828,134.84788513183594,-40.68989562988281
442,2024-10-04,-0.479,-0.008000000000000007,3.98,0.22999999999999998,2.14,0.11000000000000032,0.87,-0.050000000000000044,0.05,-0.15000000000000002,100.1500015258789,7.620002746582031,19.209999084472656,2.25,144.27560424804688,9.427719116210938
443,2024-10-11,-0.486,-0.007000000000000006,4.08,0.10000000000000009,2.25,0.10999999999999988,0.84,-0.030000000000000027,0.13,0.08,118.47000122070312,18.31999969482422,20.459999084472656,1.25,157.45294189453125,13.177337646484375
444,2024-10-18,-0.495,-0.009000000000000008,4.08,0.0,2.23,-0.020000000000000018,0.83,-0.010000000000000009,0.13,0.0,123.12999725341797,4.659996032714844,18.030000686645508,-2.4299983978271484,124.89034271240234,-32.562599182128906
445,2024-10-25,-0.504,-0.009000000000000008,4.25,0.16999999999999993,2.32,0.08999999999999986,0.85,0.020000000000000018,0.14,0.010000000000000009,128.39999389648438,5.269996643066406,20.329999923706055,2.299999237060547,170.02560424804688,45.13526153564453
446,2024-11-01,-0.513,-0.009000000000000008,4.37,0.1200000000000001,2.37,0.050000000000000266,0.86,0.010000000000000009,0.16,0.01999999999999999,132.5800018310547,4.1800079345703125,21.8799991607666,1.5499992370605469,131.0728302001953,-38.95277404785156
447,2024-11-08,-0.522,-0.009000000000000008,4.3,-0.07000000000000028,2.43,0.06000000000000005,0.77,-0.08999999999999997,0.04,-0.12,99.8499984741211,-32.730003356933594,14.9399995803833,-6.939999580383301,108.89063262939453,-22.18219757080078
448,2024-11-15,-0.529,-0.007000000000000006,4.43,0.1299999999999999,2.39,-0.040000000000000036,0.8,0.030000000000000027,0.12,0.07999999999999999,102.47000122070312,2.6200027465820312,16.139999389648438,1.1999998092651367,97.5879135131836,-11.302719116210938
449,2024-11-22,-0.531,-0.0020000000000000018,4.41,-0.019999999999999574,2.43,0.040000000000000036,0.8,0.0,0.04,-0.07999999999999999,99.13999938964844,-3.3300018310546875,15.239999771118164,-0.8999996185302734,102.09968566894531,4.511772155761719
450,2024-11-29,-0.53,0.0010000000000000009,4.18,-0.23000000000000043,2.33,-0.10000000000000009,0.82,0.019999999999999907,0.05,0.010000000000000002,95.22000122070312,-3.9199981689453125,13.510000228881836,-1.7299995422363281,226.97222900390625,124.87254333496094
451,2024-12-06,-0.526,0.0040000000000000036,4.15,-0.02999999999999936,2.31,-0.020000000000000018,0.81,-0.009999999999999898,0.05,0.0,83.19999694824219,-12.020004272460938,12.770000457763672,-0.7399997711181641,150.84552001953125,-76.126708984375
452,2024-12-13,-0.52,0.006000000000000005,4.4,0.25,2.4,0.08999999999999986,0.78,-0.030000000000000027,0.15,0.09999999999999999,85.66000366210938,2.4600067138671875,13.8100004196167,1.0399999618530273,191.3634796142578,40.51795959472656
453,2024-12-20,-0.516,0.0040000000000000036,4.52,0.11999999999999922,2.34,-0.06000000000000005,0.82,0.039999999999999925,0.22,0.07,91.75,6.089996337890625,18.360000610351562,4.550000190734863,128.64340209960938,-62.72007751464844
454,2024-12-27,-0.518,-0.0020000000000000018,4.62,0.10000000000000053,2.38,0.040000000000000036,0.81,-0.009999999999999898,0.31,0.09,94.80000305175781,3.0500030517578125,15.949999809265137,-2.410000801086426,168.5598602294922,39.91645812988281
455,2025-01-03,-0.522,-0.0040000000000000036,4.6,-0.020000000000000462,2.4,0.020000000000000018,0.83,0.019999999999999907,0.32,0.010000000000000009,93.3499984741211,-1.4500045776367188,16.1299991607666,0.17999935150146484,137.5028076171875,-31.057052612304688
456,2025-01-10,-0.528,-0.006000000000000005,4.77,0.16999999999999993,2.51,0.10999999999999988,0.83,0.0,0.37,0.04999999999999999,96.56999969482422,3.220001220703125,19.540000915527344,3.410001754760742,65.53641510009766,-71.96639251708984
457,2025-01-17,-0.531,-0.0030000000000000027,4.61,-0.15999999999999925,2.52,0.010000000000000231,0.82,-0.010000000000000009,0.34,-0.02999999999999997,95.5999984741211,-0.970001220703125,15.970000267028809,-3.570000648498535,88.33514404296875,22.798728942871094
458,2025-01-24,-0.529,0.0020000000000000018,4.63,0.019999999999999574,2.52,0.0,0.8,-0.019999999999999907,0.36,0.019999999999999962,86.75,-8.849998474121094,14.850000381469727,-1.119999885559082,148.64085388183594,60.30570983886719
459,2025-01-31,-0.521,0.008000000000000007,4.58,-0.04999999999999982,2.54,0.020000000000000018,0.82,0.019999999999999907,0.36,0.0,91.76000213623047,5.010002136230469,16.43000030517578,1.5799999237060547,109.84081268310547,-38.80004119873047
460,2025-02-07,-0.506,0.015000000000000013,4.49,-0.08999999999999986,2.59,0.04999999999999982,0.84,0.020000000000000018,0.2,-0.15999999999999998,93.12999725341797,1.3699951171875,16.540000915527344,0.1100006103515625,124.4435043334961,14.602691650390625
461,2025-02-14,-0.49,0.016000000000000014,4.47,-0.020000000000000462,2.62,0.03000000000000025,0.8,-0.039999999999999925,0.21,0.009999999999999981,84.66999816894531,-8.459999084472656,14.770000457763672,-1.7700004577636719,119.525634765625,-4.917869567871094
462,2025-02-21,-0.474,0.016000000000000014,4.42,-0.04999999999999982,2.61,-0.010000000000000231,0.81,0.010000000000000009,0.23,0.020000000000000018,91.83000183105469,7.160003662109375,18.209999084472656,3.4399986267089844,181.8218994140625,62.2962646484375
463,2025-02-28,-0.461,0.012999999999999956,4.24,-0.17999999999999972,2.58,-0.029999999999999805,0.88,0.06999999999999995,0.25,0.01999999999999999,104.45999908447266,12.629997253417969,19.6299991607666,1.4200000762939453,122.68769073486328,-59.13420867919922
464,2025-03-07,-0.452,0.009000000000000008,4.32,0.08000000000000007,2.52,-0.06000000000000005,0.89,0.010000000000000009,0.33,0.08000000000000002,104.41000366210938,-0.04999542236328125,23.3700008392334,3.740001678466797,179.5272674560547,56.839576721191406
465,2025-03-14,-0.443,0.009000000000000008,4.31,-0.010000000000000675,2.48,-0.040000000000000036,0.94,0.04999999999999993,0.29,-0.040000000000000036,101.01000213623047,-3.4000015258789062,21.770000457763672,-1.6000003814697266,223.67819213867188,44.15092468261719
466,2025-03-21,-0.433,0.010000000000000009,4.25,-0.05999999999999961,2.51,0.029999999999999805,0.92,-0.019999999999999907,0.31,0.020000000000000018,94.54000091552734,-6.470001220703125,19.280000686645508,-2.489999771118164,158.8217315673828,-64.85646057128906
467,2025-03-28,-0.42,0.013000000000000012,4.27,0.019999999999999574,2.58,0.07000000000000028,0.94,0.019999999999999907,0.38,0.07,96.83000183105469,2.2900009155273438,21.649999618530273,2.3699989318847656,156.456787109375,-2.3649444580078125
468,2025-04-04,-0.405,0.014999999999999958,4.01,-0.2599999999999998,2.34,-0.2400000000000002,1.14,0.19999999999999996,0.33,-0.04999999999999999,125.70999908447266,28.87999725341797,45.310001373291016,23.660001754760742,176.9652099609375,20.5084228515625
469,2025-04-11,-0.394,0.01100000000000001,4.48,0.47000000000000064,2.33,-0.009999999999999787,1.18,0.040000000000000036,0.52,0.19,137.25999450683594,11.549995422363281,37.560001373291016,-7.75,134.74850463867188,-42.216705322265625
470,2025-04-18,-0.394,0.0,4.34,-0.14000000000000057,2.26,-0.07000000000000028,1.11,-0.06999999999999984,0.53,0.010000000000000009,114.63999938964844,-22.6199951171875,29.649999618530273,-7.910001754760742,187.7323455810547,52.98384094238281
471,2025-04-25,-0.405,-0.01100000000000001,4.29,-0.04999999999999982,2.32,0.06000000000000005,1.04,-0.07000000000000006,0.55,0.020000000000000018,105.79000091552734,-8.849998474121094,24.84000015258789,-4.809999465942383,190.11257934570312,2.3802337646484375
472,2025-05-02,-0.424,-0.01899999999999996,4.33,0.040000000000000036,2.31,-0.009999999999999787,1.06,0.020000000000000018,0.5,-0.050000000000000044,101.4000015258789,-4.3899993896484375,22.68000030517578,-2.1599998474121094,181.0728302001953,-9.039749145507812
473,2025-05-09,-0.447,-0.02300000000000002,4.37,0.040000000000000036,2.39,0.08000000000000007,1.02,-0.040000000000000036,0.49,-0.010000000000000009,100.4000015258789,-1.0,21.899999618530273,-0.7800006866455078,150.08396911621094,-30.988861083984375
474,2025-05-16,-0.467,-0.020000000000000018,4.43,0.05999999999999961,2.42,0.029999999999999805,0.93,-0.08999999999999997,0.45,-0.03999999999999998,96.69999694824219,-3.7000045776367188,17.239999771118164,-4.659999847412109,206.7042236328125,56.62025451660156
475,2025-05-23,-0.478,-0.010999999999999954,4.51,0.08000000000000007,2.4,-0.020000000000000018,0.93,0.0,0.51,0.06,100.91000366210938,4.2100067138671875,22.290000915527344,5.05000114440918,103.51773834228516,-103.18648529052734
476,2025-05-30,-0.483,-0.0050000000000000044,4.41,-0.09999999999999964,2.39,-0.009999999999999787,0.91,-0.020000000000000018,0.52,0.010000000000000009,92.11000061035156,-8.800003051757812,18.56999969482422,-3.720001220703125,185.31846618652344,81.80072784423828
477,2025-06-06,-0.483,0.0,4.51,0.09999999999999964,2.35,-0.040000000000000036,0.87,-0.040000000000000036,0.47,-0.050000000000000044,89.6500015258789,-2.4599990844726562,16.770000457763672,-1.7999992370605469,137.7939910888672,-47.52447509765625
478,2025-06-13,-0.484,-0.0010000000000000009,4.41,-0.09999999999999964,2.31,-0.040000000000000036,0.88,0.010000000000000009,0.45,-0.019999999999999962,95.30999755859375,5.659996032714844,20.81999969482422,4.049999237060547,166.77857971191406,28.984588623046875
479,2025-06-20,-0.488,-0.0040000000000000036,4.38,-0.03000000000000025,2.37,0.06000000000000005,0.88,0.0,0.48,0.02999999999999997,90.0999984741211,-5.209999084472656,20.6200008392334,-0.1999988555908203,284.8919982910156,118.11341857910156
480,2025-06-27,-0.494,-0.006000000000000005,4.29,-0.08999999999999986,2.31,-0.06000000000000005,0.88,0.0,0.56,0.08000000000000007,87.93000030517578,-2.1699981689453125,16.31999969482422,-4.30000114440918,231.2438201904297,-53.64817810058594
481,2025-07-04,-0.501,-0.007000000000000006,4.35,0.05999999999999961,2.37,0.06000000000000005,0.8,-0.07999999999999996,0.47,-0.09000000000000008,86.08999633789062,-1.8400039672851562,16.3799991607666,0.05999946594238281,156.76760864257812,-74.47621154785156
482,2025-07-11,-0.506,-0.0050000000000000044,4.43,0.08000000000000007,2.44,0.06999999999999984,0.83,0.029999999999999916,0.53,0.06000000000000005,85.4800033569336,-0.6099929809570312,16.399999618530273,0.020000457763671875,134.5205078125,-22.247100830078125
483,2025-07-18,-0.508,-0.0020000000000000018,4.44,0.010000000000000675,2.5,0.06000000000000005,0.8,-0.029999999999999916,0.56,0.030000000000000027,83.29000091552734,-2.19000244140625,16.40999984741211,0.010000228881835938,140.04351806640625,5.52301025390625
484,2025-07-25,-0.509,-0.0010000000000000009,4.4,-0.040000000000000036,2.47,-0.029999999999999805,0.78,-0.020000000000000018,0.49,-0.07000000000000006,82.08999633789062,-1.2000045776367188,14.930000305175781,-1.4799995422363281,122.90444946289062,-17.139068603515625
485,2025-08-01,-0.509,0.0,4.23,-0.16999999999999993,2.38,-0.0900000000000003,0.82,0.039999999999999925,0.54,0.050000000000000044,83.83000183105469,1.7400054931640625,20.3799991607666,5.44999885559082,179.05772399902344,56.15327453613281
486,2025-08-08,-0.511,-0.0020000000000000018,4.27,0.03999999999999915,2.46,0.08000000000000007,0.8,-0.019999999999999907,0.51,-0.030000000000000027,79.19999694824219,-4.6300048828125,15.149999618530273,-5.229999542236328,175.30010986328125,-3.7576141357421875
487,2025-08-15,-0.514,-0.0030000000000000027,4.33,0.0600000000000005,2.42,-0.040000000000000036,0.75,-0.050000000000000044,0.58,0.06999999999999995,76.66000366210938,-2.5399932861328125,15.09000015258789,-0.05999946594238281,139.0772705078125,-36.22283935546875
488,2025-08-22,-0.515,-0.0010000000000000009,4.26,-0.07000000000000028,2.48,0.06000000000000005,0.77,0.020000000000000018,0.58,0.0,78.0999984741211,1.4399948120117188,14.220000267028809,-0.869999885559082,104.53862762451172,-34.53864288330078
489,2025-08-29,-0.517,-0.0020000000000000018,4.23,-0.02999999999999936,2.47,-0.009999999999999787,0.8,0.030000000000000027,0.64,0.06000000000000005,79.38999938964844,1.2900009155273438,15.359999656677246,1.1399993896484375,175.66647338867188,71.12784576416016
490,2025-09-05,-0.52,-0.0030000000000000027,4.1,-0.13000000000000078,2.42,-0.050000000000000266,0.79,-0.010000000000000009,0.59,-0.050000000000000044,85.29000091552734,5.900001525878906,15.180000305175781,-0.17999935150146484,142.67613220214844,-32.99034118652344
491,2025-09-12,-0.525,-0.0050000000000000044,4.06,-0.040000000000000036,2.42,0.0,0.77,-0.020000000000000018,0.5,-0.08999999999999997,73.37000274658203,-11.919998168945312,14.760000228881836,-0.4200000762939453,103.72032165527344,-38.955810546875
492,2025-09-19,-0.531,-0.006000000000000005,4.14,0.08000000000000007,2.43,0.010000000000000231,0.74,-0.030000000000000027,0.57,0.06999999999999995,72.51000213623047,-0.8600006103515625,15.449999809265137,0.6899995803833008,140.83004760742188,37.10972595214844
493,2025-09-26,-0.539,-0.008000000000000007,4.2,0.0600000000000005,2.42,-0.010000000000000231,0.75,0.010000000000000009,0.57,0.0,74.37999725341797,1.8699951171875,15.289999961853027,-0.15999984741210938,159.19918823242188,18.369140625
494,2025-10-03,-0.547,-0.008000000000000007,4.13,-0.07000000000000028,2.38,-0.040000000000000036,0.75,0.0,0.55,-0.019999999999999907,69.52999877929688,-4.849998474121094,16.649999618530273,1.359999656677246,293.1475830078125,133.94839477539062
495,2025-10-10,-0.552,-0.0050000000000000044,4.05,-0.08000000000000007,2.35,-0.029999999999999805,0.81,0.06000000000000005,0.53,-0.020000000000000018,81.6500015258789,12.120002746582031,21.65999984741211,5.010000228881836,184.0315399169922,-109.11604309082031
496,2025-10-17,-0.553,-0.0010000000000000009,4.02,-0.03000000000000025,2.29,-0.06000000000000005,0.8,-0.010000000000000009,0.56,0.030000000000000027,78.62000274658203,-3.029998779296875,20.780000686645508,-0.8799991607666016,133.89991760253906,-50.131622314453125
497,2025-10-24,-0.553,0.0,4.02,0.0,2.4,0.10999999999999988,0.77,-0.030000000000000027,0.54,-0.020000000000000018,68.94000244140625,-9.680000305175781,16.3700008392334,-4.409999847412109,158.6478729248047,24.747955322265625
498,2025-10-31,-0.552,0.0010000000000000009,4.11,0.09000000000000075,2.4,0.0,0.8,0.030000000000000027,0.51,-0.030000000000000027,66.61000061035156,-2.3300018310546875,17.440000534057617,1.0699996948242188,158.78424072265625,0.1363677978515625
499,2025-11-07,-0.553,-0.0010000000000000009,4.11,0.0,2.36,-0.040000000000000036,0.84,0.039999999999999925,0.56,0.050000000000000044,74.41000366210938,7.8000030517578125,19.079999923706055,1.6399993896484375,99.21167755126953,-59.57256317138672
500,2025-11-14,-0.555,-0.0020000000000000018,4.14,0.02999999999999936,2.38,0.020000000000000018,0.83,-0.010000000000000009,0.52,-0.040000000000000036,79.70999908447266,5.299995422363281,19.829999923706055,0.75,81.59033203125,-17.62134552001953
501,2025-11-21,-0.555,0.0,4.06,-0.08000000000000007,2.32,-0.06000000000000005,0.86,0.030000000000000027,0.55,0.030000000000000027,78.80999755859375,-0.9000015258789062,23.43000030517578,3.6000003814697266,163.00860595703125,81.41827392578125
502,2025-11-28,-0.555,0.0,4.02,-0.040000000000000036,2.29,-0.029999999999999805,0.82,-0.040000000000000036,0.55,0.0,68.94999694824219,-9.860000610351562,16.350000381469727,-7.079999923706055,151.36514282226562,-11.643463134765625
503,2025-12-05,-0.554,0.0010000000000000009,4.14,0.1200000000000001,2.34,0.04999999999999982,0.79,-0.029999999999999916,0.58,0.029999999999999916,67.27999877929688,-1.6699981689453125,15.40999984741211,-0.9400005340576172,150.29798889160156,-1.0671539306640625
504,2025-12-12,-0.552,0.0020000000000000018,4.19,0.05000000000000071,2.32,-0.020000000000000018,0.8,0.010000000000000009,0.67,0.09000000000000008,69.25,1.970001220703125,15.739999771118164,0.3299999237060547,175.30010986328125,25.002120971679688
505,2025-12-19,-0.555,-0.0030000000000000027,4.16,-0.03000000000000025,2.27,-0.04999999999999982,0.8,0.0,0.68,0.010000000000000009,59.40999984741211,-9.84000015258789,14.90999984741211,-0.8299999237060547,100.20222473144531,-75.09788513183594
506,2025-12-26,-0.563,-0.007999999999999896,4.14,-0.020000000000000462,2.22,-0.04999999999999982,0.79,-0.010000000000000009,0.68,0.0,58.5,-0.9099998474121094,13.600000381469727,-1.3099994659423828,144.02468872070312,43.82246398925781
507,2026-01-02,-0.573,-0.010000000000000009,4.19,0.05000000000000071,2.28,0.05999999999999961,0.79,0.0,0.72,0.039999999999999925,62.36000061035156,3.8600006103515625,14.510000228881836,0.9099998474121094,175.08287048339844,31.058181762695312
508,2026-01-09,-0.582,-0.009000000000000008,4.18,-0.010000000000000675,2.32,0.040000000000000036,0.78,-0.010000000000000009,0.64,-0.07999999999999996,61.54999923706055,-0.8100013732910156,14.489999771118164,-0.020000457763671875,131.62521362304688,-43.45765686035156
509,2026-01-16,-0.588,-0.006000000000000005,4.24,0.0600000000000005,2.39,0.07000000000000028,0.75,-0.030000000000000027,0.65,0.010000000000000009,58.04999923706055,-3.5,15.859999656677246,1.369999885559082,194.85691833496094,63.23170471191406
510,2026-01-23,-0.587,0.0010000000000000009,4.24,0.0,2.46,0.06999999999999984,0.73,-0.020000000000000018,0.64,-0.010000000000000009,56.25,-1.7999992370605469,16.09000015258789,0.23000049591064453,193.18576049804688,-1.6711578369140625
511,2026-01-30,-0.581,0.006000000000000005,4.26,0.019999999999999574,2.53,0.06999999999999984,0.74,0.010000000000000009,0.74,0.09999999999999998,59.20000076293945,2.950000762939453,17.440000534057617,1.3500003814697266,161.4616241455078,-31.724136352539062
512,2026-02-06,-0.569,0.01200000000000001,4.22,-0.040000000000000036,2.5,-0.029999999999999805,0.76,0.020000000000000018,0.72,-0.020000000000000018,63.619998931884766,4.4199981689453125,20.3700008392334,2.9300003051757812,114.82037353515625,-46.64125061035156
513,2026-02-13,-0.554,0.014999999999999902,4.04,-0.17999999999999972,2.42,-0.08000000000000007,0.79,0.030000000000000027,0.64,-0.07999999999999996,70.0999984741211,6.479999542236328,20.600000381469727,0.22999954223632812,116.78925323486328,1.9688796997070312
514,2026-02-20,-0.535,0.019000000000000017,4.08,0.040000000000000036,2.43,0.010000000000000231,0.78,-0.010000000000000009,0.6,-0.040000000000000036,64.2699966430664,-5.8300018310546875,19.09000015258789,-1.510000228881836,153.67581176757812,36.886558532714844
515,2026-02-27,-0.515,0.020000000000000018,3.97,-0.10999999999999988,2.4,-0.03000000000000025,0.85,0.06999999999999995,0.59,-0.010000000000000009,73.37999725341797,9.110000610351562,19.860000610351562,0.7700004577636719,197.11146545410156,43.43565368652344
516,2026-03-06,-0.492,0.02300000000000002,4.15,0.18000000000000016,2.56,0.16000000000000014,0.84,-0.010000000000000009,0.59,0.0,81.26000213623047,7.8800048828125,29.489999771118164,9.629999160766602,314.25604248046875,117.14457702636719
517,2026-03-13,-0.47,0.02200000000000002,4.28,0.1299999999999999,2.61,0.04999999999999982,0.93,0.09000000000000008,0.55,-0.039999999999999925,91.16999816894531,9.909996032714844,27.190000534057617,-2.299999237060547,335.8101501464844,21.554107666015625
518,2026-03-20,-0.452,0.01799999999999996,4.39,0.10999999999999943,2.63,0.020000000000000018,0.88,-0.050000000000000044,0.51,-0.040000000000000036,108.83999633789062,17.669998168945312,26.780000686645508,-0.4099998474121094,309.2522888183594,-26.557861328125
519,2026-03-27,-0.438,0.014000000000000012,4.44,0.05000000000000071,2.56,-0.06999999999999984,0.91,0.030000000000000027,0.56,0.050000000000000044,111.94999694824219,3.1100006103515625,31.049999237060547,4.269998550415039,258.5125427246094,-50.73974609375
520,2026-04-03,-0.433,0.0050000000000000044,4.35,-0.09000000000000075,2.61,0.04999999999999982,0.86,-0.050000000000000044,0.51,-0.050000000000000044,84.41000366210938,-27.539993286132812,23.8700008392334,-7.179998397827148,243.00689697265625,-15.505645751953125
