Date,move
2016-04-11 00:00:00-04:00,69.7699966430664
2016-04-12 00:00:00-04:00,68.77999877929688
2016-04-13 00:00:00-04:00,67.48999786376953
2016-04-14 00:00:00-04:00,67.5199966430664
2016-04-15 00:00:00-04:00,66.48999786376953
2016-04-18 00:00:00-04:00,66.33999633789062
2016-04-19 00:00:00-04:00,66.44000244140625
2016-04-20 00:00:00-04:00,67.7699966430664
2016-04-21 00:00:00-04:00,68.5999984741211
2016-04-22 00:00:00-04:00,67.77999877929688
2016-04-25 00:00:00-04:00,67.88999938964844
2016-04-26 00:00:00-04:00,67.1500015258789
2016-04-27 00:00:00-04:00,64.73999786376953
2016-04-28 00:00:00-04:00,64.63999938964844
2016-04-29 00:00:00-04:00,64.91999816894531
2016-05-02 00:00:00-04:00,64.68000030517578
2016-05-03 00:00:00-04:00,68.41000366210938
2016-05-04 00:00:00-04:00,68.12000274658203
2016-05-05 00:00:00-04:00,68.66999816894531
2016-05-06 00:00:00-04:00,65.1500015258789
2016-05-09 00:00:00-04:00,64.12000274658203
2016-05-10 00:00:00-04:00,63.970001220703125
2016-05-11 00:00:00-04:00,63.88999938964844
2016-05-12 00:00:00-04:00,63.91999816894531
2016-05-13 00:00:00-04:00,64.06999969482422
2016-05-16 00:00:00-04:00,66.94000244140625
2016-05-17 00:00:00-04:00,67.12000274658203
2016-05-18 00:00:00-04:00,69.8499984741211
2016-05-19 00:00:00-04:00,70.55999755859375
2016-05-20 00:00:00-04:00,68.51000213623047
2016-05-23 00:00:00-04:00,67.77999877929688
2016-05-24 00:00:00-04:00,69.41000366210938
2016-05-25 00:00:00-04:00,67.54000091552734
2016-05-26 00:00:00-04:00,66.1500015258789
2016-05-27 00:00:00-04:00,66.76000213623047
2016-05-31 00:00:00-04:00,67.91000366210938
2016-06-01 00:00:00-04:00,68.75
2016-06-02 00:00:00-04:00,69.55999755859375
2016-06-03 00:00:00-04:00,67.58999633789062
2016-06-06 00:00:00-04:00,66.2699966430664
2016-06-08 00:00:00-04:00,67.91999816894531
2016-06-10 00:00:00-04:00,75.0999984741211
2016-06-13 00:00:00-04:00,79.56999969482422
2016-06-14 00:00:00-04:00,79.0999984741211
2016-06-15 00:00:00-04:00,78.66999816894531
2016-06-16 00:00:00-04:00,83.54000091552734
2016-06-17 00:00:00-04:00,82.58000183105469
2016-06-20 00:00:00-04:00,77.31999969482422
2016-06-21 00:00:00-04:00,76.95999908447266
2016-06-22 00:00:00-04:00,79.5199966430664
2016-06-23 00:00:00-04:00,74.04000091552734
2016-06-24 00:00:00-04:00,77.94000244140625
2016-06-27 00:00:00-04:00,81.56999969482422
2016-06-28 00:00:00-04:00,78.66999816894531
2016-06-29 00:00:00-04:00,71.80000305175781
2016-06-30 00:00:00-04:00,72.63999938964844
2016-07-01 00:00:00-04:00,74.3499984741211
2016-07-05 00:00:00-04:00,78.12000274658203
2016-07-06 00:00:00-04:00,76.08999633789062
2016-07-07 00:00:00-04:00,76.7300033569336
2016-07-08 00:00:00-04:00,72.30999755859375
2016-07-11 00:00:00-04:00,69.77999877929688
2016-07-12 00:00:00-04:00,71.43000030517578
2016-07-13 00:00:00-04:00,71.6500015258789
2016-07-14 00:00:00-04:00,73.55999755859375
2016-07-15 00:00:00-04:00,74.7699966430664
2016-07-18 00:00:00-04:00,72.91999816894531
2016-07-19 00:00:00-04:00,70.52999877929688
2016-07-20 00:00:00-04:00,70.63999938964844
2016-07-21 00:00:00-04:00,71.86000061035156
2016-07-22 00:00:00-04:00,69.91000366210938
2016-07-25 00:00:00-04:00,68.75
2016-07-26 00:00:00-04:00,68.76000213623047
2016-07-27 00:00:00-04:00,66.63999938964844
2016-07-28 00:00:00-04:00,66.66999816894531
2016-07-29 00:00:00-04:00,64.1500015258789
2016-08-01 00:00:00-04:00,63.66999816894531
2016-08-02 00:00:00-04:00,67.8499984741211
2016-08-03 00:00:00-04:00,67.79000091552734
2016-08-04 00:00:00-04:00,67.0999984741211
2016-08-05 00:00:00-04:00,66.58999633789062
2016-08-08 00:00:00-04:00,65.5
2016-08-09 00:00:00-04:00,64.30000305175781
2016-08-10 00:00:00-04:00,63.34000015258789
2016-08-11 00:00:00-04:00,65.29000091552734
2016-08-12 00:00:00-04:00,64.37000274658203
2016-08-15 00:00:00-04:00,63.77000045776367
2016-08-16 00:00:00-04:00,63.66999816894531
2016-08-17 00:00:00-04:00,63.540000915527344
2016-08-18 00:00:00-04:00,63.650001525878906
2016-08-19 00:00:00-04:00,64.81999969482422
2016-08-22 00:00:00-04:00,67.87000274658203
2016-08-23 00:00:00-04:00,66.62000274658203
2016-08-24 00:00:00-04:00,66.51000213623047
2016-08-25 00:00:00-04:00,69.36000061035156
2016-08-26 00:00:00-04:00,71.23999786376953
2016-08-29 00:00:00-04:00,68.61000061035156
2016-08-30 00:00:00-04:00,69.11000061035156
2016-08-31 00:00:00-04:00,69.08000183105469
2016-09-01 00:00:00-04:00,70.25
2016-09-02 00:00:00-04:00,66.45999908447266
2016-09-06 00:00:00-04:00,63.459999084472656
2016-09-07 00:00:00-04:00,64.06999969482422
2016-09-08 00:00:00-04:00,65.94999694824219
2016-09-09 00:00:00-04:00,69.12000274658203
2016-09-12 00:00:00-04:00,68.91000366210938
2016-09-13 00:00:00-04:00,70.5999984741211
2016-09-14 00:00:00-04:00,69.2300033569336
2016-09-15 00:00:00-04:00,69.12999725341797
2016-09-16 00:00:00-04:00,69.20999908447266
2016-09-19 00:00:00-04:00,69.2300033569336
2016-09-20 00:00:00-04:00,69.2300033569336
2016-09-21 00:00:00-04:00,63.72999954223633
2016-09-22 00:00:00-04:00,61.18000030517578
2016-09-23 00:00:00-04:00,59.75
2016-09-26 00:00:00-04:00,58.849998474121094
2016-09-27 00:00:00-04:00,59.22999954223633
2016-09-28 00:00:00-04:00,57.619998931884766
2016-09-29 00:00:00-04:00,58.849998474121094
2016-09-30 00:00:00-04:00,60.560001373291016
2016-10-03 00:00:00-04:00,60.43000030517578
2016-10-04 00:00:00-04:00,62.08000183105469
2016-10-05 00:00:00-04:00,62.56999969482422
2016-10-06 00:00:00-04:00,64.29000091552734
2016-10-07 00:00:00-04:00,62.84000015258789
2016-10-12 00:00:00-04:00,63.95000076293945
2016-10-14 00:00:00-04:00,64.9800033569336
2016-10-17 00:00:00-04:00,64.41999816894531
2016-10-18 00:00:00-04:00,63.18000030517578
2016-10-19 00:00:00-04:00,61.63999938964844
2016-10-20 00:00:00-04:00,59.619998931884766
2016-10-21 00:00:00-04:00,57.09000015258789
2016-10-25 00:00:00-04:00,57.40999984741211
2016-10-26 00:00:00-04:00,59.5099983215332
2016-10-28 00:00:00-04:00,64.37999725341797
2016-10-31 00:00:00-04:00,65.47000122070312
2016-11-01 00:00:00-04:00,67.76000213623047
2016-11-02 00:00:00-04:00,69.25
2016-11-03 00:00:00-04:00,72.56999969482422
2016-11-04 00:00:00-04:00,74.61000061035156
2016-11-08 00:00:00-05:00,68.47000122070312
2016-11-09 00:00:00-05:00,76.33000183105469
2016-11-10 00:00:00-05:00,82.56999969482422
2016-11-14 00:00:00-05:00,89.22000122070312
2016-11-15 00:00:00-05:00,84.12000274658203
2016-11-16 00:00:00-05:00,80.12000274658203
2016-11-17 00:00:00-05:00,77.54000091552734
2016-11-18 00:00:00-05:00,81.6500015258789
2016-11-21 00:00:00-05:00,80.58000183105469
2016-11-22 00:00:00-05:00,76.45999908447266
2016-11-23 00:00:00-05:00,78.63999938964844
2016-11-25 00:00:00-05:00,79.69000244140625
2016-11-28 00:00:00-05:00,78.73999786376953
2016-11-29 00:00:00-05:00,77.30000305175781
2016-11-30 00:00:00-05:00,80.95999908447266
2016-12-01 00:00:00-05:00,86.62999725341797
2016-12-02 00:00:00-05:00,82.05999755859375
2016-12-05 00:00:00-05:00,79.83999633789062
2016-12-06 00:00:00-05:00,76.56999969482422
2016-12-07 00:00:00-05:00,73.44000244140625
2016-12-08 00:00:00-05:00,73.11000061035156
2016-12-09 00:00:00-05:00,75.55000305175781
2016-12-12 00:00:00-05:00,76.38999938964844
2016-12-13 00:00:00-05:00,75.36000061035156
2016-12-14 00:00:00-05:00,75.83999633789062
2016-12-15 00:00:00-05:00,78.61000061035156
2016-12-16 00:00:00-05:00,78.22000122070312
2016-12-19 00:00:00-05:00,75.23999786376953
2016-12-20 00:00:00-05:00,75.45999908447266
2016-12-21 00:00:00-05:00,73.97000122070312
2016-12-22 00:00:00-05:00,74.05000305175781
2016-12-23 00:00:00-05:00,72.56999969482422
2016-12-27 00:00:00-05:00,70.66000366210938
2016-12-28 00:00:00-05:00,70.79000091552734
2016-12-29 00:00:00-05:00,71.27999877929688
2016-12-30 00:00:00-05:00,71.62999725341797
2017-01-03 00:00:00-05:00,76.7300033569336
2017-01-04 00:00:00-05:00,76.41000366210938
2017-01-05 00:00:00-05:00,76.5
2017-01-06 00:00:00-05:00,75.23999786376953
2017-01-09 00:00:00-05:00,74.83000183105469
2017-01-10 00:00:00-05:00,73.26000213623047
2017-01-11 00:00:00-05:00,72.83000183105469
2017-01-12 00:00:00-05:00,73.73999786376953
2017-01-13 00:00:00-05:00,74.5
2017-01-17 00:00:00-05:00,73.94000244140625
2017-01-18 00:00:00-05:00,73.94000244140625
2017-01-19 00:00:00-05:00,78.31999969482422
2017-01-20 00:00:00-05:00,76.70999908447266
2017-01-23 00:00:00-05:00,75.5199966430664
2017-01-24 00:00:00-05:00,75.52999877929688
2017-01-25 00:00:00-05:00,77.05999755859375
2017-01-26 00:00:00-05:00,74.69000244140625
2017-01-27 00:00:00-05:00,72.19000244140625
2017-01-30 00:00:00-05:00,72.36000061035156
2017-01-31 00:00:00-05:00,72.5199966430664
2017-02-01 00:00:00-05:00,70.83999633789062
2017-02-02 00:00:00-05:00,69.91999816894531
2017-02-03 00:00:00-05:00,67.38999938964844
2017-02-06 00:00:00-05:00,67.55000305175781
2017-02-07 00:00:00-05:00,68.06999969482422
2017-02-08 00:00:00-05:00,68.73999786376953
2017-02-09 00:00:00-05:00,68.94999694824219
2017-02-10 00:00:00-05:00,69.62999725341797
2017-02-13 00:00:00-05:00,68.83000183105469
2017-02-14 00:00:00-05:00,67.26000213623047
2017-02-15 00:00:00-05:00,65.51000213623047
2017-02-16 00:00:00-05:00,68.2300033569336
2017-02-17 00:00:00-05:00,69.77999877929688
2017-02-21 00:00:00-05:00,68.72000122070312
2017-02-22 00:00:00-05:00,69.26000213623047
2017-02-23 00:00:00-05:00,68.63999938964844
2017-02-24 00:00:00-05:00,69.8499984741211
2017-02-27 00:00:00-05:00,70.88999938964844
2017-03-02 00:00:00-05:00,69.54000091552734
2017-03-03 00:00:00-05:00,65.79000091552734
2017-03-06 00:00:00-05:00,65.41000366210938
2017-03-07 00:00:00-05:00,66.02999877929688
2017-03-08 00:00:00-05:00,66.61000061035156
2017-03-09 00:00:00-05:00,69.18000030517578
2017-03-10 00:00:00-05:00,67.69999694824219
2017-03-13 00:00:00-04:00,65.63999938964844
2017-03-14 00:00:00-04:00,65.18000030517578
2017-03-15 00:00:00-04:00,61.619998931884766
2017-03-16 00:00:00-04:00,60.439998626708984
2017-03-17 00:00:00-04:00,60.720001220703125
2017-03-20 00:00:00-04:00,59.81999969482422
2017-03-21 00:00:00-04:00,62.130001068115234
2017-03-23 00:00:00-04:00,65.22000122070312
2017-03-24 00:00:00-04:00,64.44999694824219
2017-03-27 00:00:00-04:00,62.68000030517578
2017-03-28 00:00:00-04:00,61.95000076293945
2017-03-29 00:00:00-04:00,61.02000045776367
2017-03-30 00:00:00-04:00,60.939998626708984
2017-03-31 00:00:00-04:00,60.70000076293945
2017-04-03 00:00:00-04:00,61.22999954223633
2017-04-04 00:00:00-04:00,64.7699966430664
2017-04-05 00:00:00-04:00,63.720001220703125
2017-04-06 00:00:00-04:00,68.25
2017-04-07 00:00:00-04:00,68.66000366210938
2017-04-10 00:00:00-04:00,68.5
2017-04-11 00:00:00-04:00,70.55999755859375
2017-04-12 00:00:00-04:00,73.41999816894531
2017-04-13 00:00:00-04:00,74.4800033569336
2017-04-17 00:00:00-04:00,70.95999908447266
2017-04-18 00:00:00-04:00,72.87000274658203
2017-04-19 00:00:00-04:00,73.12999725341797
2017-04-20 00:00:00-04:00,73.86000061035156
2017-04-21 00:00:00-04:00,77.1500015258789
2017-04-24 00:00:00-04:00,63.27000045776367
2017-04-25 00:00:00-04:00,62.36000061035156
2017-04-26 00:00:00-04:00,60.95000076293945
2017-04-27 00:00:00-04:00,59.81999969482422
2017-04-28 00:00:00-04:00,60.189998626708984
2017-05-01 00:00:00-04:00,59.400001525878906
2017-05-02 00:00:00-04:00,60.31999969482422
2017-05-03 00:00:00-04:00,59.380001068115234
2017-05-04 00:00:00-04:00,60.08000183105469
2017-05-05 00:00:00-04:00,58.720001220703125
2017-05-08 00:00:00-04:00,55.40999984741211
2017-05-09 00:00:00-04:00,55.220001220703125
2017-05-10 00:00:00-04:00,55.029998779296875
2017-05-11 00:00:00-04:00,54.470001220703125
2017-05-12 00:00:00-04:00,55.709999084472656
2017-05-15 00:00:00-04:00,56.72999954223633
2017-05-16 00:00:00-04:00,55.5
2017-05-17 00:00:00-04:00,62.58000183105469
2017-05-18 00:00:00-04:00,58.97999954223633
2017-05-19 00:00:00-04:00,57.81999969482422
2017-05-22 00:00:00-04:00,55.470001220703125
2017-05-24 00:00:00-04:00,54.40999984741211
2017-05-25 00:00:00-04:00,54.31999969482422
2017-05-26 00:00:00-04:00,54.04999923706055
2017-05-31 00:00:00-04:00,53.95000076293945
2017-06-01 00:00:00-04:00,54.0
2017-06-02 00:00:00-04:00,53.7400016784668
2017-06-05 00:00:00-04:00,53.0
2017-06-06 00:00:00-04:00,53.220001220703125
2017-06-07 00:00:00-04:00,54.79999923706055
2017-06-08 00:00:00-04:00,53.72999954223633
2017-06-09 00:00:00-04:00,52.560001373291016
2017-06-12 00:00:00-04:00,52.31999969482422
2017-06-13 00:00:00-04:00,51.66999816894531
2017-06-14 00:00:00-04:00,52.220001220703125
2017-06-15 00:00:00-04:00,51.59000015258789
2017-06-16 00:00:00-04:00,51.47999954223633
2017-06-19 00:00:00-04:00,51.599998474121094
2017-06-20 00:00:00-04:00,51.599998474121094
2017-06-21 00:00:00-04:00,51.63999938964844
2017-06-22 00:00:00-04:00,51.130001068115234
2017-06-23 00:00:00-04:00,51.15999984741211
2017-06-26 00:00:00-04:00,50.02000045776367
2017-06-27 00:00:00-04:00,52.099998474121094
2017-06-28 00:00:00-04:00,52.5099983215332
2017-06-29 00:00:00-04:00,54.65999984741211
2017-06-30 00:00:00-04:00,55.220001220703125
2017-07-03 00:00:00-04:00,55.25
2017-07-05 00:00:00-04:00,56.439998626708984
2017-07-06 00:00:00-04:00,56.959999084472656
2017-07-07 00:00:00-04:00,55.7599983215332
2017-07-10 00:00:00-04:00,53.18000030517578
2017-07-11 00:00:00-04:00,53.220001220703125
2017-07-12 00:00:00-04:00,52.43000030517578
2017-07-13 00:00:00-04:00,52.209999084472656
2017-07-14 00:00:00-04:00,51.029998779296875
2017-07-17 00:00:00-04:00,50.0
2017-07-18 00:00:00-04:00,49.54999923706055
2017-07-19 00:00:00-04:00,48.2599983215332
2017-07-20 00:00:00-04:00,47.0
2017-07-21 00:00:00-04:00,47.45000076293945
2017-07-24 00:00:00-04:00,47.0
2017-07-25 00:00:00-04:00,49.56999969482422
2017-07-26 00:00:00-04:00,47.279998779296875
2017-07-27 00:00:00-04:00,48.41999816894531
2017-07-28 00:00:00-04:00,48.529998779296875
2017-07-31 00:00:00-04:00,48.13999938964844
2017-08-01 00:00:00-04:00,49.970001220703125
2017-08-02 00:00:00-04:00,48.75
2017-08-03 00:00:00-04:00,47.93000030517578
2017-08-04 00:00:00-04:00,47.279998779296875
2017-08-07 00:00:00-04:00,46.90999984741211
2017-08-08 00:00:00-04:00,47.34000015258789
2017-08-09 00:00:00-04:00,49.66999816894531
2017-08-10 00:00:00-04:00,52.0
2017-08-11 00:00:00-04:00,52.060001373291016
2017-08-14 00:00:00-04:00,49.29999923706055
2017-08-15 00:00:00-04:00,48.630001068115234
2017-08-16 00:00:00-04:00,48.470001220703125
2017-08-17 00:00:00-04:00,48.84000015258789
2017-08-18 00:00:00-04:00,50.15999984741211
2017-08-21 00:00:00-04:00,52.060001373291016
2017-08-22 00:00:00-04:00,51.29999923706055
2017-08-23 00:00:00-04:00,52.08000183105469
2017-08-24 00:00:00-04:00,52.4900016784668
2017-08-25 00:00:00-04:00,50.560001373291016
2017-08-28 00:00:00-04:00,48.86000061035156
2017-08-29 00:00:00-04:00,51.400001525878906
2017-08-30 00:00:00-04:00,51.560001373291016
2017-08-31 00:00:00-04:00,51.130001068115234
2017-09-01 00:00:00-04:00,49.439998626708984
2017-09-05 00:00:00-04:00,53.31999969482422
2017-09-06 00:00:00-04:00,52.91999816894531
2017-09-07 00:00:00-04:00,54.0099983215332
2017-09-11 00:00:00-04:00,51.880001068115234
2017-09-12 00:00:00-04:00,51.650001525878906
2017-09-13 00:00:00-04:00,51.369998931884766
2017-09-14 00:00:00-04:00,50.72999954223633
2017-09-15 00:00:00-04:00,50.630001068115234
2017-09-18 00:00:00-04:00,50.15999984741211
2017-09-19 00:00:00-04:00,49.86000061035156
2017-09-20 00:00:00-04:00,49.150001525878906
2017-09-21 00:00:00-04:00,48.310001373291016
2017-09-22 00:00:00-04:00,50.52000045776367
2017-09-25 00:00:00-04:00,51.11000061035156
2017-09-26 00:00:00-04:00,50.63999938964844
2017-09-27 00:00:00-04:00,52.08000183105469
2017-09-28 00:00:00-04:00,51.86000061035156
2017-09-29 00:00:00-04:00,52.880001068115234
2017-10-02 00:00:00-04:00,54.459999084472656
2017-10-03 00:00:00-04:00,54.599998474121094
2017-10-04 00:00:00-04:00,54.4900016784668
2017-10-05 00:00:00-04:00,55.58000183105469
2017-10-06 00:00:00-04:00,54.97999954223633
2017-10-10 00:00:00-04:00,53.88999938964844
2017-10-11 00:00:00-04:00,52.689998626708984
2017-10-12 00:00:00-04:00,51.81999969482422
2017-10-13 00:00:00-04:00,50.849998474121094
2017-10-17 00:00:00-04:00,49.029998779296875
2017-10-18 00:00:00-04:00,50.290000915527344
2017-10-19 00:00:00-04:00,51.4900016784668
2017-10-20 00:00:00-04:00,53.97999954223633
2017-10-23 00:00:00-04:00,54.099998474121094
2017-10-24 00:00:00-04:00,55.939998626708984
2017-10-25 00:00:00-04:00,57.36000061035156
2017-10-26 00:00:00-04:00,57.349998474121094
2017-10-27 00:00:00-04:00,54.66999816894531
2017-10-30 00:00:00-04:00,51.689998626708984
2017-10-31 00:00:00-04:00,51.150001525878906
2017-11-01 00:00:00-04:00,49.939998626708984
2017-11-02 00:00:00-04:00,48.72999954223633
2017-11-03 00:00:00-04:00,45.83000183105469
2017-11-06 00:00:00-05:00,45.04999923706055
2017-11-07 00:00:00-05:00,44.20000076293945
2017-11-08 00:00:00-05:00,43.970001220703125
2017-11-09 00:00:00-05:00,44.9900016784668
2017-11-10 00:00:00-05:00,47.290000915527344
2017-11-13 00:00:00-05:00,46.38999938964844
2017-11-14 00:00:00-05:00,47.77000045776367
2017-11-15 00:00:00-05:00,48.0
2017-11-16 00:00:00-05:00,47.7400016784668
2017-11-17 00:00:00-05:00,49.09000015258789
2017-11-20 00:00:00-05:00,48.099998474121094
2017-11-21 00:00:00-05:00,48.09000015258789
2017-11-22 00:00:00-05:00,46.880001068115234
2017-11-24 00:00:00-05:00,46.15999984741211
2017-11-27 00:00:00-05:00,45.290000915527344
2017-11-28 00:00:00-05:00,44.93000030517578
2017-11-29 00:00:00-05:00,45.540000915527344
2017-11-30 00:00:00-05:00,46.83000183105469
2017-12-01 00:00:00-05:00,50.16999816894531
2017-12-04 00:00:00-05:00,48.7599983215332
2017-12-05 00:00:00-05:00,49.2400016784668
2017-12-06 00:00:00-05:00,49.31999969482422
2017-12-07 00:00:00-05:00,49.2400016784668
2017-12-08 00:00:00-05:00,47.4900016784668
2017-12-11 00:00:00-05:00,46.56999969482422
2017-12-12 00:00:00-05:00,46.75
2017-12-13 00:00:00-05:00,45.029998779296875
2017-12-14 00:00:00-05:00,44.84000015258789
2017-12-15 00:00:00-05:00,46.43000030517578
2017-12-18 00:00:00-05:00,46.72999954223633
2017-12-19 00:00:00-05:00,48.959999084472656
2017-12-20 00:00:00-05:00,49.95000076293945
2017-12-21 00:00:00-05:00,51.599998474121094
2017-12-22 00:00:00-05:00,50.380001068115234
2017-12-26 00:00:00-05:00,48.81999969482422
2017-12-27 00:00:00-05:00,47.72999954223633
2017-12-28 00:00:00-05:00,46.189998626708984
2017-12-29 00:00:00-05:00,46.599998474121094
2018-01-02 00:00:00-05:00,49.16999816894531
2018-01-03 00:00:00-05:00,47.599998474121094
2018-01-04 00:00:00-05:00,47.380001068115234
2018-01-05 00:00:00-05:00,46.06999969482422
2018-01-08 00:00:00-05:00,45.900001525878906
2018-01-09 00:00:00-05:00,47.290000915527344
2018-01-10 00:00:00-05:00,49.16999816894531
2018-01-11 00:00:00-05:00,48.189998626708984
2018-01-12 00:00:00-05:00,47.61000061035156
2018-01-16 00:00:00-05:00,45.90999984741211
2018-01-17 00:00:00-05:00,45.880001068115234
2018-01-18 00:00:00-05:00,48.54999923706055
2018-01-22 00:00:00-05:00,52.599998474121094
2018-01-23 00:00:00-05:00,52.54999923706055
2018-01-24 00:00:00-05:00,54.11000061035156
2018-01-25 00:00:00-05:00,53.380001068115234
2018-01-26 00:00:00-05:00,55.630001068115234
2018-01-29 00:00:00-05:00,55.97999954223633
2018-01-30 00:00:00-05:00,57.279998779296875
2018-01-31 00:00:00-05:00,57.20000076293945
2018-02-01 00:00:00-05:00,57.83000183105469
2018-02-02 00:00:00-05:00,60.33000183105469
2018-02-05 00:00:00-05:00,60.40999984741211
2018-02-07 00:00:00-05:00,66.06999969482422
2018-02-08 00:00:00-05:00,67.8499984741211
2018-02-12 00:00:00-05:00,69.86000061035156
2018-02-13 00:00:00-05:00,68.97000122070312
2018-02-14 00:00:00-05:00,69.5199966430664
2018-02-15 00:00:00-05:00,66.68000030517578
2018-02-16 00:00:00-05:00,63.029998779296875
2018-02-20 00:00:00-05:00,60.2599983215332
2018-02-21 00:00:00-05:00,61.15999984741211
2018-02-22 00:00:00-05:00,61.13999938964844
2018-02-23 00:00:00-05:00,64.5999984741211
2018-02-26 00:00:00-05:00,63.720001220703125
2018-02-27 00:00:00-05:00,63.93000030517578
2018-02-28 00:00:00-05:00,62.970001220703125
2018-03-01 00:00:00-05:00,63.65999984741211
2018-03-02 00:00:00-05:00,65.30000305175781
2018-03-05 00:00:00-05:00,64.70999908447266
2018-03-06 00:00:00-05:00,63.5
2018-03-07 00:00:00-05:00,63.349998474121094
2018-03-08 00:00:00-05:00,61.58000183105469
2018-03-09 00:00:00-05:00,58.970001220703125
2018-03-12 00:00:00-04:00,58.290000915527344
2018-03-13 00:00:00-04:00,55.06999969482422
2018-03-14 00:00:00-04:00,57.849998474121094
2018-03-15 00:00:00-04:00,57.709999084472656
2018-03-16 00:00:00-04:00,59.0099983215332
2018-03-19 00:00:00-04:00,59.97999954223633
2018-03-20 00:00:00-04:00,57.88999938964844
2018-03-21 00:00:00-04:00,55.720001220703125
2018-03-22 00:00:00-04:00,55.93000030517578
2018-03-23 00:00:00-04:00,56.16999816894531
2018-03-26 00:00:00-04:00,54.54999923706055
2018-03-27 00:00:00-04:00,56.27000045776367
2018-03-28 00:00:00-04:00,58.349998474121094
2018-03-29 00:00:00-04:00,58.540000915527344
2018-04-02 00:00:00-04:00,58.65999984741211
2018-04-03 00:00:00-04:00,56.02000045776367
2018-04-04 00:00:00-04:00,55.349998474121094
2018-04-05 00:00:00-04:00,53.720001220703125
2018-04-06 00:00:00-04:00,56.06999969482422
2018-04-09 00:00:00-04:00,52.5099983215332
2018-04-10 00:00:00-04:00,51.43000030517578
2018-04-11 00:00:00-04:00,50.5
2018-04-12 00:00:00-04:00,51.4900016784668
2018-04-13 00:00:00-04:00,51.13999938964844
2018-04-16 00:00:00-04:00,49.7400016784668
2018-04-17 00:00:00-04:00,48.34000015258789
2018-04-18 00:00:00-04:00,50.0
2018-04-19 00:00:00-04:00,51.099998474121094
2018-04-20 00:00:00-04:00,52.709999084472656
2018-04-23 00:00:00-04:00,52.790000915527344
2018-04-24 00:00:00-04:00,53.0
2018-04-25 00:00:00-04:00,55.20000076293945
2018-04-26 00:00:00-04:00,53.13999938964844
2018-04-27 00:00:00-04:00,51.27000045776367
2018-04-30 00:00:00-04:00,50.349998474121094
2018-05-01 00:00:00-04:00,51.779998779296875
2018-05-02 00:00:00-04:00,49.04999923706055
2018-05-03 00:00:00-04:00,49.43000030517578
2018-05-07 00:00:00-04:00,48.02000045776367
2018-05-08 00:00:00-04:00,48.81999969482422
2018-05-09 00:00:00-04:00,49.369998931884766
2018-05-10 00:00:00-04:00,47.810001373291016
2018-05-11 00:00:00-04:00,47.060001373291016
2018-05-14 00:00:00-04:00,48.34000015258789
2018-05-15 00:00:00-04:00,52.65999984741211
2018-05-16 00:00:00-04:00,55.130001068115234
2018-05-17 00:00:00-04:00,54.189998626708984
2018-05-18 00:00:00-04:00,53.2599983215332
2018-05-21 00:00:00-04:00,53.08000183105469
2018-05-22 00:00:00-04:00,52.56999969482422
2018-05-23 00:00:00-04:00,53.27000045776367
2018-05-24 00:00:00-04:00,52.15999984741211
2018-05-25 00:00:00-04:00,54.099998474121094
2018-05-29 00:00:00-04:00,63.0
2018-05-30 00:00:00-04:00,61.86000061035156
2018-05-31 00:00:00-04:00,60.540000915527344
2018-06-01 00:00:00-04:00,56.939998626708984
2018-06-04 00:00:00-04:00,54.29999923706055
2018-06-05 00:00:00-04:00,54.459999084472656
2018-06-06 00:00:00-04:00,56.439998626708984
2018-06-07 00:00:00-04:00,56.58000183105469
2018-06-08 00:00:00-04:00,59.56999969482422
2018-06-11 00:00:00-04:00,57.83000183105469
2018-06-12 00:00:00-04:00,55.959999084472656
2018-06-13 00:00:00-04:00,53.790000915527344
2018-06-14 00:00:00-04:00,52.5
2018-06-15 00:00:00-04:00,53.08000183105469
2018-06-18 00:00:00-04:00,52.33000183105469
2018-06-19 00:00:00-04:00,52.400001525878906
2018-06-20 00:00:00-04:00,51.91999816894531
2018-06-21 00:00:00-04:00,53.09000015258789
2018-06-22 00:00:00-04:00,53.029998779296875
2018-06-25 00:00:00-04:00,53.040000915527344
2018-06-26 00:00:00-04:00,51.29999923706055
2018-06-27 00:00:00-04:00,53.04999923706055
2018-06-28 00:00:00-04:00,52.130001068115234
2018-06-29 00:00:00-04:00,51.16999816894531
2018-07-02 00:00:00-04:00,50.25
2018-07-03 00:00:00-04:00,51.220001220703125
2018-07-05 00:00:00-04:00,51.459999084472656
2018-07-06 00:00:00-04:00,50.130001068115234
2018-07-09 00:00:00-04:00,49.689998626708984
2018-07-10 00:00:00-04:00,49.810001373291016
2018-07-11 00:00:00-04:00,50.47999954223633
2018-07-12 00:00:00-04:00,48.56999969482422
2018-07-13 00:00:00-04:00,48.279998779296875
2018-07-16 00:00:00-04:00,47.790000915527344
2018-07-17 00:00:00-04:00,46.63999938964844
2018-07-18 00:00:00-04:00,45.2599983215332
2018-07-19 00:00:00-04:00,47.11000061035156
2018-07-20 00:00:00-04:00,49.04999923706055
2018-07-23 00:00:00-04:00,51.5099983215332
2018-07-24 00:00:00-04:00,50.310001373291016
2018-07-25 00:00:00-04:00,48.290000915527344
2018-07-26 00:00:00-04:00,49.27000045776367
2018-07-27 00:00:00-04:00,48.83000183105469
2018-07-30 00:00:00-04:00,49.41999816894531
2018-07-31 00:00:00-04:00,46.5
2018-08-01 00:00:00-04:00,48.380001068115234
2018-08-02 00:00:00-04:00,48.0
2018-08-03 00:00:00-04:00,47.66999816894531
2018-08-06 00:00:00-04:00,46.86000061035156
2018-08-07 00:00:00-04:00,47.150001525878906
2018-08-08 00:00:00-04:00,46.84000015258789
2018-08-09 00:00:00-04:00,47.349998474121094
2018-08-10 00:00:00-04:00,50.630001068115234
2018-08-13 00:00:00-04:00,50.77000045776367
2018-08-14 00:00:00-04:00,49.84000015258789
2018-08-15 00:00:00-04:00,51.52000045776367
2018-08-16 00:00:00-04:00,50.61000061035156
2018-08-17 00:00:00-04:00,50.689998626708984
2018-08-20 00:00:00-04:00,50.970001220703125
2018-08-21 00:00:00-04:00,50.31999969482422
2018-08-22 00:00:00-04:00,49.63999938964844
2018-08-23 00:00:00-04:00,49.20000076293945
2018-08-24 00:00:00-04:00,49.15999984741211
2018-08-27 00:00:00-04:00,49.380001068115234
2018-08-28 00:00:00-04:00,49.95000076293945
2018-08-29 00:00:00-04:00,49.099998474121094
2018-08-30 00:00:00-04:00,50.40999984741211
2018-08-31 00:00:00-04:00,50.709999084472656
2018-09-04 00:00:00-04:00,49.56999969482422
2018-09-05 00:00:00-04:00,48.400001525878906
2018-09-06 00:00:00-04:00,48.650001525878906
2018-09-07 00:00:00-04:00,49.43000030517578
2018-09-10 00:00:00-04:00,47.689998626708984
2018-09-11 00:00:00-04:00,47.970001220703125
2018-09-12 00:00:00-04:00,46.790000915527344
2018-09-13 00:00:00-04:00,46.060001373291016
2018-09-14 00:00:00-04:00,47.45000076293945
2018-09-17 00:00:00-04:00,46.810001373291016
2018-09-18 00:00:00-04:00,47.970001220703125
2018-09-19 00:00:00-04:00,48.790000915527344
2018-09-20 00:00:00-04:00,49.34000015258789
2018-09-21 00:00:00-04:00,48.83000183105469
2018-09-24 00:00:00-04:00,48.310001373291016
2018-09-25 00:00:00-04:00,49.380001068115234
2018-09-26 00:00:00-04:00,47.439998626708984
2018-09-27 00:00:00-04:00,45.709999084472656
2018-09-28 00:00:00-04:00,46.15999984741211
2018-10-01 00:00:00-04:00,44.279998779296875
2018-10-02 00:00:00-04:00,45.349998474121094
2018-10-03 00:00:00-04:00,50.209999084472656
2018-10-04 00:00:00-04:00,55.06999969482422
2018-10-05 00:00:00-04:00,55.189998626708984
2018-10-09 00:00:00-04:00,53.45000076293945
2018-10-10 00:00:00-04:00,55.70000076293945
2018-10-11 00:00:00-04:00,56.06999969482422
2018-10-12 00:00:00-04:00,54.369998931884766
2018-10-15 00:00:00-04:00,51.25
2018-10-16 00:00:00-04:00,50.18000030517578
2018-10-17 00:00:00-04:00,48.9900016784668
2018-10-18 00:00:00-04:00,52.63999938964844
2018-10-19 00:00:00-04:00,52.040000915527344
2018-10-22 00:00:00-04:00,51.849998474121094
2018-10-23 00:00:00-04:00,55.0099983215332
2018-10-24 00:00:00-04:00,57.689998626708984
2018-10-25 00:00:00-04:00,56.70000076293945
2018-10-26 00:00:00-04:00,62.70000076293945
2018-10-29 00:00:00-04:00,59.77000045776367
2018-10-30 00:00:00-04:00,61.790000915527344
2018-10-31 00:00:00-04:00,60.130001068115234
2018-11-01 00:00:00-04:00,58.540000915527344
2018-11-02 00:00:00-04:00,61.41999816894531
2018-11-05 00:00:00-05:00,59.900001525878906
2018-11-06 00:00:00-05:00,59.0099983215332
2018-11-08 00:00:00-05:00,51.58000183105469
2018-11-09 00:00:00-05:00,53.540000915527344
2018-11-13 00:00:00-05:00,52.22999954223633
2018-11-14 00:00:00-05:00,53.900001525878906
2018-11-15 00:00:00-05:00,56.220001220703125
2018-11-16 00:00:00-05:00,60.43000030517578
2018-11-19 00:00:00-05:00,59.470001220703125
2018-11-20 00:00:00-05:00,59.4900016784668
2018-11-21 00:00:00-05:00,57.650001525878906
2018-11-23 00:00:00-05:00,57.310001373291016
2018-11-26 00:00:00-05:00,51.529998779296875
2018-11-27 00:00:00-05:00,51.2400016784668
2018-11-28 00:00:00-05:00,50.7599983215332
2018-11-29 00:00:00-05:00,50.91999816894531
2018-11-30 00:00:00-05:00,52.43000030517578
2018-12-03 00:00:00-05:00,50.310001373291016
2018-12-04 00:00:00-05:00,53.86000061035156
2018-12-07 00:00:00-05:00,60.7400016784668
2018-12-10 00:00:00-05:00,60.2599983215332
2018-12-11 00:00:00-05:00,58.72999954223633
2018-12-12 00:00:00-05:00,58.22999954223633
2018-12-13 00:00:00-05:00,55.75
2018-12-14 00:00:00-05:00,56.130001068115234
2018-12-17 00:00:00-05:00,55.40999984741211
2018-12-18 00:00:00-05:00,59.400001525878906
2018-12-19 00:00:00-05:00,59.0099983215332
2018-12-20 00:00:00-05:00,58.7599983215332
2018-12-21 00:00:00-05:00,61.61000061035156
2018-12-24 00:00:00-05:00,66.04000091552734
2018-12-26 00:00:00-05:00,63.88999938964844
2018-12-27 00:00:00-05:00,68.33999633789062
2018-12-28 00:00:00-05:00,66.66000366210938
2018-12-31 00:00:00-05:00,66.58000183105469
2019-01-02 00:00:00-05:00,62.79999923706055
2019-01-03 00:00:00-05:00,65.79000091552734
2019-01-04 00:00:00-05:00,65.81999969482422
2019-01-07 00:00:00-05:00,60.880001068115234
2019-01-08 00:00:00-05:00,59.04999923706055
2019-01-09 00:00:00-05:00,57.02000045776367
2019-01-10 00:00:00-05:00,56.650001525878906
2019-01-11 00:00:00-05:00,55.939998626708984
2019-01-14 00:00:00-05:00,55.34000015258789
2019-01-15 00:00:00-05:00,53.0099983215332
2019-01-16 00:00:00-05:00,51.95000076293945
2019-01-17 00:00:00-05:00,53.439998626708984
2019-01-18 00:00:00-05:00,53.779998779296875
2019-01-22 00:00:00-05:00,54.63999938964844
2019-01-23 00:00:00-05:00,54.189998626708984
2019-01-24 00:00:00-05:00,54.18000030517578
2019-01-25 00:00:00-05:00,52.5
2019-01-28 00:00:00-05:00,50.95000076293945
2019-01-29 00:00:00-05:00,49.79999923706055
2019-01-30 00:00:00-05:00,48.31999969482422
2019-01-31 00:00:00-05:00,49.810001373291016
2019-02-01 00:00:00-05:00,48.790000915527344
2019-02-04 00:00:00-05:00,48.869998931884766
2019-02-05 00:00:00-05:00,48.619998931884766
2019-02-06 00:00:00-05:00,47.439998626708984
2019-02-07 00:00:00-05:00,48.970001220703125
2019-02-08 00:00:00-05:00,49.630001068115234
2019-02-11 00:00:00-05:00,48.31999969482422
2019-02-12 00:00:00-05:00,49.02000045776367
2019-02-13 00:00:00-05:00,48.16999816894531
2019-02-14 00:00:00-05:00,47.189998626708984
2019-02-15 00:00:00-05:00,45.72999954223633
2019-02-19 00:00:00-05:00,45.060001373291016
2019-02-20 00:00:00-05:00,44.540000915527344
2019-02-21 00:00:00-05:00,46.54999923706055
2019-02-22 00:00:00-05:00,47.220001220703125
2019-02-25 00:00:00-05:00,46.15999984741211
2019-02-26 00:00:00-05:00,46.279998779296875
2019-02-28 00:00:00-05:00,47.220001220703125
2019-03-01 00:00:00-05:00,47.900001525878906
2019-03-04 00:00:00-05:00,46.7400016784668
2019-03-05 00:00:00-05:00,45.86000061035156
2019-03-06 00:00:00-05:00,45.630001068115234
2019-03-07 00:00:00-05:00,45.83000183105469
2019-03-08 00:00:00-05:00,45.83000183105469
2019-03-11 00:00:00-04:00,44.84000015258789
2019-03-12 00:00:00-04:00,44.86000061035156
2019-03-13 00:00:00-04:00,44.56999969482422
2019-03-14 00:00:00-04:00,45.2400016784668
2019-03-15 00:00:00-04:00,46.04999923706055
2019-03-18 00:00:00-04:00,44.95000076293945
2019-03-19 00:00:00-04:00,43.68000030517578
2019-03-20 00:00:00-04:00,42.529998779296875
2019-03-21 00:00:00-04:00,44.5099983215332
2019-03-22 00:00:00-04:00,52.2599983215332
2019-03-25 00:00:00-04:00,57.11000061035156
2019-03-26 00:00:00-04:00,56.5099983215332
2019-03-27 00:00:00-04:00,60.970001220703125
2019-03-28 00:00:00-04:00,59.93000030517578
2019-03-29 00:00:00-04:00,58.54999923706055
2019-04-01 00:00:00-04:00,52.689998626708984
2019-04-02 00:00:00-04:00,54.209999084472656
2019-04-03 00:00:00-04:00,53.84000015258789
2019-04-04 00:00:00-04:00,51.70000076293945
2019-04-05 00:00:00-04:00,49.220001220703125
2019-04-08 00:00:00-04:00,47.88999938964844
2019-04-09 00:00:00-04:00,48.83000183105469
2019-04-10 00:00:00-04:00,48.599998474121094
2019-04-11 00:00:00-04:00,46.900001525878906
2019-04-12 00:00:00-04:00,48.84000015258789
2019-04-15 00:00:00-04:00,47.63999938964844
2019-04-16 00:00:00-04:00,48.310001373291016
2019-04-17 00:00:00-04:00,48.650001525878906
2019-04-18 00:00:00-04:00,49.22999954223633
2019-04-22 00:00:00-04:00,48.779998779296875
2019-04-23 00:00:00-04:00,49.790000915527344
2019-04-24 00:00:00-04:00,50.52000045776367
2019-04-25 00:00:00-04:00,49.790000915527344
2019-04-26 00:00:00-04:00,49.43000030517578
2019-04-29 00:00:00-04:00,48.04999923706055
2019-04-30 00:00:00-04:00,49.470001220703125
2019-05-01 00:00:00-04:00,46.75
2019-05-02 00:00:00-04:00,46.720001220703125
2019-05-03 00:00:00-04:00,45.779998779296875
2019-05-06 00:00:00-04:00,47.81999969482422
2019-05-07 00:00:00-04:00,52.36000061035156
2019-05-08 00:00:00-04:00,51.310001373291016
2019-05-09 00:00:00-04:00,54.720001220703125
2019-05-10 00:00:00-04:00,53.4900016784668
2019-05-13 00:00:00-04:00,57.88999938964844
2019-05-14 00:00:00-04:00,55.349998474121094
2019-05-15 00:00:00-04:00,57.400001525878906
2019-05-16 00:00:00-04:00,56.97999954223633
2019-05-17 00:00:00-04:00,56.970001220703125
2019-05-20 00:00:00-04:00,56.54999923706055
2019-05-21 00:00:00-04:00,55.349998474121094
2019-05-22 00:00:00-04:00,54.959999084472656
2019-05-23 00:00:00-04:00,61.06999969482422
2019-05-24 00:00:00-04:00,60.540000915527344
2019-05-28 00:00:00-04:00,61.77000045776367
2019-05-29 00:00:00-04:00,63.15999984741211
2019-05-30 00:00:00-04:00,61.7400016784668
2019-05-31 00:00:00-04:00,72.68000030517578
2019-06-03 00:00:00-04:00,73.55999755859375
2019-06-04 00:00:00-04:00,75.26000213623047
2019-06-05 00:00:00-04:00,77.63999938964844
2019-06-06 00:00:00-04:00,73.41999816894531
2019-06-07 00:00:00-04:00,68.69000244140625
2019-06-10 00:00:00-04:00,65.62000274658203
2019-06-11 00:00:00-04:00,64.93000030517578
2019-06-12 00:00:00-04:00,68.43000030517578
2019-06-13 00:00:00-04:00,75.73999786376953
2019-06-14 00:00:00-04:00,80.81999969482422
2019-06-17 00:00:00-04:00,76.87999725341797
2019-06-18 00:00:00-04:00,76.73999786376953
2019-06-19 00:00:00-04:00,71.37000274658203
2019-06-20 00:00:00-04:00,72.37000274658203
2019-06-21 00:00:00-04:00,74.62999725341797
2019-06-24 00:00:00-04:00,73.76000213623047
2019-06-25 00:00:00-04:00,74.22000122070312
2019-06-26 00:00:00-04:00,73.7300033569336
2019-06-27 00:00:00-04:00,69.91999816894531
2019-06-28 00:00:00-04:00,70.43000030517578
2019-07-01 00:00:00-04:00,66.52999877929688
2019-07-02 00:00:00-04:00,68.5999984741211
2019-07-03 00:00:00-04:00,68.33000183105469
2019-07-05 00:00:00-04:00,65.27999877929688
2019-07-08 00:00:00-04:00,63.220001220703125
2019-07-09 00:00:00-04:00,62.900001525878906
2019-07-10 00:00:00-04:00,62.38999938964844
2019-07-11 00:00:00-04:00,62.959999084472656
2019-07-12 00:00:00-04:00,62.779998779296875
2019-07-15 00:00:00-04:00,61.900001525878906
2019-07-16 00:00:00-04:00,61.290000915527344
2019-07-17 00:00:00-04:00,62.290000915527344
2019-07-18 00:00:00-04:00,63.119998931884766
2019-07-19 00:00:00-04:00,63.86000061035156
2019-07-22 00:00:00-04:00,60.970001220703125
2019-07-23 00:00:00-04:00,61.22999954223633
2019-07-24 00:00:00-04:00,60.709999084472656
2019-07-25 00:00:00-04:00,60.9900016784668
2019-07-26 00:00:00-04:00,58.900001525878906
2019-07-29 00:00:00-04:00,58.54999923706055
2019-07-30 00:00:00-04:00,57.84000015258789
2019-07-31 00:00:00-04:00,55.25
2019-08-01 00:00:00-04:00,64.68000030517578
2019-08-02 00:00:00-04:00,66.11000061035156
2019-08-05 00:00:00-04:00,77.23999786376953
2019-08-06 00:00:00-04:00,73.91999816894531
2019-08-07 00:00:00-04:00,79.08000183105469
2019-08-08 00:00:00-04:00,78.55000305175781
2019-08-09 00:00:00-04:00,78.97000122070312
2019-08-12 00:00:00-04:00,81.58000183105469
2019-08-13 00:00:00-04:00,77.69999694824219
2019-08-14 00:00:00-04:00,87.22000122070312
2019-08-15 00:00:00-04:00,90.62000274658203
2019-08-16 00:00:00-04:00,89.5199966430664
2019-08-19 00:00:00-04:00,86.48999786376953
2019-08-20 00:00:00-04:00,86.86000061035156
2019-08-21 00:00:00-04:00,84.51000213623047
2019-08-22 00:00:00-04:00,83.1500015258789
2019-08-23 00:00:00-04:00,91.81999969482422
2019-08-26 00:00:00-04:00,87.9800033569336
2019-08-27 00:00:00-04:00,88.66999816894531
2019-08-28 00:00:00-04:00,89.87000274658203
2019-08-29 00:00:00-04:00,86.94000244140625
2019-08-30 00:00:00-04:00,86.88999938964844
2019-09-03 00:00:00-04:00,85.2699966430664
2019-09-04 00:00:00-04:00,81.5999984741211
2019-09-05 00:00:00-04:00,79.91999816894531
2019-09-06 00:00:00-04:00,78.81999969482422
2019-09-09 00:00:00-04:00,76.44000244140625
2019-09-10 00:00:00-04:00,76.77999877929688
2019-09-11 00:00:00-04:00,76.69999694824219
2019-09-12 00:00:00-04:00,77.56999969482422
2019-09-13 00:00:00-04:00,85.52999877929688
2019-09-16 00:00:00-04:00,85.94999694824219
2019-09-17 00:00:00-04:00,84.76000213623047
2019-09-18 00:00:00-04:00,79.66000366210938
2019-09-19 00:00:00-04:00,78.13999938964844
2019-09-20 00:00:00-04:00,80.06999969482422
2019-09-23 00:00:00-04:00,81.01000213623047
2019-09-24 00:00:00-04:00,83.06999969482422
2019-09-25 00:00:00-04:00,80.22000122070312
2019-09-26 00:00:00-04:00,79.87000274658203
2019-09-27 00:00:00-04:00,79.97000122070312
2019-09-30 00:00:00-04:00,77.19999694824219
2019-10-01 00:00:00-04:00,85.61000061035156
2019-10-02 00:00:00-04:00,89.38999938964844
2019-10-03 00:00:00-04:00,87.94000244140625
2019-10-04 00:00:00-04:00,83.1500015258789
2019-10-07 00:00:00-04:00,81.86000061035156
2019-10-08 00:00:00-04:00,80.47000122070312
2019-10-09 00:00:00-04:00,79.30999755859375
2019-10-10 00:00:00-04:00,80.13999938964844
2019-10-11 00:00:00-04:00,79.86000061035156
2019-10-15 00:00:00-04:00,80.05999755859375
2019-10-16 00:00:00-04:00,77.94000244140625
2019-10-17 00:00:00-04:00,77.61000061035156
2019-10-18 00:00:00-04:00,78.3499984741211
2019-10-21 00:00:00-04:00,80.25
2019-10-22 00:00:00-04:00,78.7300033569336
2019-10-23 00:00:00-04:00,73.02999877929688
2019-10-24 00:00:00-04:00,68.97000122070312
2019-10-25 00:00:00-04:00,67.06999969482422
2019-10-28 00:00:00-04:00,67.41000366210938
2019-10-29 00:00:00-04:00,67.61000061035156
2019-10-30 00:00:00-04:00,63.31999969482422
2019-10-31 00:00:00-04:00,65.87999725341797
2019-11-01 00:00:00-04:00,57.279998779296875
2019-11-04 00:00:00-05:00,60.18000030517578
2019-11-05 00:00:00-05:00,61.47999954223633
2019-11-06 00:00:00-05:00,61.72999954223633
2019-11-07 00:00:00-05:00,67.08000183105469
2019-11-08 00:00:00-05:00,64.44000244140625
2019-11-11 00:00:00-05:00,64.44000244140625
2019-11-12 00:00:00-05:00,69.81999969482422
2019-11-13 00:00:00-05:00,66.0999984741211
2019-11-14 00:00:00-05:00,64.16999816894531
2019-11-15 00:00:00-05:00,61.70000076293945
2019-11-18 00:00:00-05:00,64.12999725341797
2019-11-19 00:00:00-05:00,62.63999938964844
2019-11-20 00:00:00-05:00,65.58000183105469
2019-11-21 00:00:00-05:00,61.83000183105469
2019-11-22 00:00:00-05:00,62.16999816894531
2019-11-25 00:00:00-05:00,61.54999923706055
2019-11-26 00:00:00-05:00,60.38999938964844
2019-11-27 00:00:00-05:00,57.619998931884766
2019-11-29 00:00:00-05:00,56.56999969482422
2019-12-02 00:00:00-05:00,59.41999816894531
2019-12-03 00:00:00-05:00,64.62000274658203
2019-12-04 00:00:00-05:00,63.0099983215332
2019-12-05 00:00:00-05:00,63.72999954223633
2019-12-06 00:00:00-05:00,64.06999969482422
2019-12-09 00:00:00-05:00,67.29000091552734
2019-12-10 00:00:00-05:00,67.08999633789062
2019-12-11 00:00:00-05:00,61.29999923706055
2019-12-12 00:00:00-05:00,61.630001068115234
2019-12-13 00:00:00-05:00,56.439998626708984
2019-12-16 00:00:00-05:00,56.130001068115234
2019-12-17 00:00:00-05:00,55.380001068115234
2019-12-18 00:00:00-05:00,53.40999984741211
2019-12-19 00:00:00-05:00,53.70000076293945
2019-12-20 00:00:00-05:00,54.189998626708984
2019-12-23 00:00:00-05:00,55.310001373291016
2019-12-24 00:00:00-05:00,58.31999969482422
2019-12-26 00:00:00-05:00,56.41999816894531
2019-12-27 00:00:00-05:00,55.29999923706055
2019-12-30 00:00:00-05:00,59.630001068115234
2019-12-31 00:00:00-05:00,58.279998779296875
2020-01-02 00:00:00-05:00,57.20000076293945
2020-01-03 00:00:00-05:00,60.119998931884766
2020-01-06 00:00:00-05:00,62.790000915527344
2020-01-07 00:00:00-05:00,62.630001068115234
2020-01-08 00:00:00-05:00,60.4900016784668
2020-01-09 00:00:00-05:00,57.65999984741211
2020-01-10 00:00:00-05:00,53.31999969482422
2020-01-13 00:00:00-05:00,53.27000045776367
2020-01-14 00:00:00-05:00,52.349998474121094
2020-01-15 00:00:00-05:00,50.540000915527344
2020-01-16 00:00:00-05:00,50.369998931884766
2020-01-17 00:00:00-05:00,49.66999816894531
2020-01-21 00:00:00-05:00,53.41999816894531
2020-01-22 00:00:00-05:00,51.310001373291016
2020-01-23 00:00:00-05:00,55.34000015258789
2020-01-24 00:00:00-05:00,59.939998626708984
2020-01-27 00:00:00-05:00,66.7300033569336
2020-01-28 00:00:00-05:00,65.5999984741211
2020-01-29 00:00:00-05:00,66.16999816894531
2020-01-30 00:00:00-05:00,71.06999969482422
2020-01-31 00:00:00-05:00,72.9800033569336
2020-02-03 00:00:00-05:00,72.80999755859375
2020-02-04 00:00:00-05:00,68.16999816894531
2020-02-05 00:00:00-05:00,64.06999969482422
2020-02-06 00:00:00-05:00,61.2400016784668
2020-02-07 00:00:00-05:00,65.58999633789062
2020-02-10 00:00:00-05:00,68.12999725341797
2020-02-11 00:00:00-05:00,64.88999938964844
2020-02-12 00:00:00-05:00,63.52000045776367
2020-02-13 00:00:00-05:00,63.5099983215332
2020-02-14 00:00:00-05:00,62.380001068115234
2020-02-18 00:00:00-05:00,67.66000366210938
2020-02-19 00:00:00-05:00,68.04000091552734
2020-02-20 00:00:00-05:00,69.5999984741211
2020-02-21 00:00:00-05:00,74.54000091552734
2020-02-24 00:00:00-05:00,86.91999816894531
2020-02-25 00:00:00-05:00,87.37999725341797
2020-02-26 00:00:00-05:00,87.0
2020-02-27 00:00:00-05:00,92.58999633789062
2020-02-28 00:00:00-05:00,109.66999816894531
2020-03-02 00:00:00-05:00,104.88999938964844
2020-03-03 00:00:00-05:00,102.97000122070312
2020-03-04 00:00:00-05:00,89.58999633789062
2020-03-05 00:00:00-05:00,96.95999908447266
2020-03-06 00:00:00-05:00,125.20999908447266
2020-03-09 00:00:00-04:00,163.6999969482422
2020-03-10 00:00:00-04:00,123.72000122070312
2020-03-11 00:00:00-04:00,127.83999633789062
2020-03-12 00:00:00-04:00,152.6199951171875
2020-03-13 00:00:00-04:00,138.39999389648438
2020-03-16 00:00:00-04:00,124.52999877929688
2020-03-17 00:00:00-04:00,109.8499984741211
2020-03-18 00:00:00-04:00,124.13999938964844
2020-03-19 00:00:00-04:00,141.1300048828125
2020-03-20 00:00:00-04:00,133.3699951171875
2020-03-23 00:00:00-04:00,135.3800048828125
2020-03-24 00:00:00-04:00,111.08999633789062
2020-03-25 00:00:00-04:00,87.13999938964844
2020-03-26 00:00:00-04:00,88.4800033569336
2020-03-27 00:00:00-04:00,88.33000183105469
2020-03-30 00:00:00-04:00,90.69999694824219
2020-03-31 00:00:00-04:00,83.87000274658203
2020-04-01 00:00:00-04:00,83.12999725341797
2020-04-02 00:00:00-04:00,71.98999786376953
2020-04-03 00:00:00-04:00,65.01000213623047
2020-04-06 00:00:00-04:00,66.27999877929688
2020-04-07 00:00:00-04:00,72.20999908447266
2020-04-08 00:00:00-04:00,75.70999908447266
2020-04-09 00:00:00-04:00,74.38999938964844
2020-04-13 00:00:00-04:00,75.8499984741211
2020-04-14 00:00:00-04:00,69.5199966430664
2020-04-15 00:00:00-04:00,70.5
2020-04-16 00:00:00-04:00,69.93000030517578
2020-04-17 00:00:00-04:00,69.83999633789062
2020-04-20 00:00:00-04:00,70.5999984741211
2020-04-21 00:00:00-04:00,73.83000183105469
2020-04-22 00:00:00-04:00,72.29000091552734
2020-04-23 00:00:00-04:00,67.25
2020-04-24 00:00:00-04:00,66.08999633789062
2020-04-27 00:00:00-04:00,62.70000076293945
2020-04-28 00:00:00-04:00,58.88999938964844
2020-04-29 00:00:00-04:00,57.150001525878906
2020-04-30 00:00:00-04:00,53.59000015258789
2020-05-01 00:00:00-04:00,48.11000061035156
2020-05-04 00:00:00-04:00,49.25
2020-05-05 00:00:00-04:00,49.650001525878906
2020-05-06 00:00:00-04:00,51.310001373291016
2020-05-07 00:00:00-04:00,54.93000030517578
2020-05-08 00:00:00-04:00,57.400001525878906
2020-05-11 00:00:00-04:00,61.599998474121094
2020-05-12 00:00:00-04:00,61.2599983215332
2020-05-13 00:00:00-04:00,57.560001373291016
2020-05-14 00:00:00-04:00,59.04999923706055
2020-05-15 00:00:00-04:00,56.529998779296875
2020-05-18 00:00:00-04:00,58.70000076293945
2020-05-19 00:00:00-04:00,60.09000015258789
2020-05-20 00:00:00-04:00,58.849998474121094
2020-05-21 00:00:00-04:00,55.619998931884766
2020-05-22 00:00:00-04:00,51.66999816894531
2020-05-26 00:00:00-04:00,52.220001220703125
2020-05-27 00:00:00-04:00,52.97999954223633
2020-05-28 00:00:00-04:00,50.56999969482422
2020-05-29 00:00:00-04:00,51.54999923706055
2020-06-01 00:00:00-04:00,55.06999969482422
2020-06-02 00:00:00-04:00,55.349998474121094
2020-06-03 00:00:00-04:00,61.2400016784668
2020-06-04 00:00:00-04:00,61.18000030517578
2020-06-05 00:00:00-04:00,61.970001220703125
2020-06-08 00:00:00-04:00,62.77000045776367
2020-06-09 00:00:00-04:00,62.939998626708984
2020-06-10 00:00:00-04:00,60.02000045776367
2020-06-11 00:00:00-04:00,56.470001220703125
2020-06-12 00:00:00-04:00,55.810001373291016
2020-06-15 00:00:00-04:00,58.09000015258789
2020-06-16 00:00:00-04:00,60.4900016784668
2020-06-17 00:00:00-04:00,58.15999984741211
2020-06-18 00:00:00-04:00,55.150001525878906
2020-06-19 00:00:00-04:00,53.45000076293945
2020-06-22 00:00:00-04:00,53.93000030517578
2020-06-23 00:00:00-04:00,54.040000915527344
2020-06-24 00:00:00-04:00,54.88999938964844
2020-06-25 00:00:00-04:00,51.56999969482422
2020-06-26 00:00:00-04:00,51.209999084472656
2020-06-29 00:00:00-04:00,52.959999084472656
2020-06-30 00:00:00-04:00,54.130001068115234
2020-07-01 00:00:00-04:00,53.279998779296875
2020-07-02 00:00:00-04:00,50.959999084472656
2020-07-06 00:00:00-04:00,52.029998779296875
2020-07-07 00:00:00-04:00,50.97999954223633
2020-07-08 00:00:00-04:00,49.79999923706055
2020-07-09 00:00:00-04:00,50.06999969482422
2020-07-10 00:00:00-04:00,49.189998626708984
2020-07-13 00:00:00-04:00,49.54999923706055
2020-07-14 00:00:00-04:00,50.810001373291016
2020-07-15 00:00:00-04:00,47.08000183105469
2020-07-16 00:00:00-04:00,46.43000030517578
2020-07-17 00:00:00-04:00,45.68000030517578
2020-07-20 00:00:00-04:00,46.81999969482422
2020-07-21 00:00:00-04:00,46.45000076293945
2020-07-22 00:00:00-04:00,45.31999969482422
2020-07-23 00:00:00-04:00,43.93000030517578
2020-07-24 00:00:00-04:00,42.47999954223633
2020-07-27 00:00:00-04:00,42.61000061035156
2020-07-28 00:00:00-04:00,41.27000045776367
2020-07-29 00:00:00-04:00,41.630001068115234
2020-07-30 00:00:00-04:00,40.65999984741211
2020-07-31 00:00:00-04:00,41.97999954223633
2020-08-03 00:00:00-04:00,43.130001068115234
2020-08-04 00:00:00-04:00,44.11000061035156
2020-08-05 00:00:00-04:00,41.75
2020-08-06 00:00:00-04:00,42.599998474121094
2020-08-07 00:00:00-04:00,41.459999084472656
2020-08-10 00:00:00-04:00,42.209999084472656
2020-08-11 00:00:00-04:00,45.2599983215332
2020-08-12 00:00:00-04:00,44.22999954223633
2020-08-13 00:00:00-04:00,45.08000183105469
2020-08-14 00:00:00-04:00,43.09000015258789
2020-08-17 00:00:00-04:00,45.810001373291016
2020-08-18 00:00:00-04:00,46.060001373291016
2020-08-19 00:00:00-04:00,44.599998474121094
2020-08-20 00:00:00-04:00,44.58000183105469
2020-08-21 00:00:00-04:00,45.13999938964844
2020-08-24 00:00:00-04:00,46.33000183105469
2020-08-25 00:00:00-04:00,47.88999938964844
2020-08-26 00:00:00-04:00,47.9900016784668
2020-08-27 00:00:00-04:00,49.290000915527344
2020-08-28 00:00:00-04:00,48.189998626708984
2020-08-31 00:00:00-04:00,47.02000045776367
2020-09-01 00:00:00-04:00,44.29999923706055
2020-09-02 00:00:00-04:00,44.86000061035156
2020-09-03 00:00:00-04:00,45.7599983215332
2020-09-04 00:00:00-04:00,47.040000915527344
2020-09-08 00:00:00-04:00,50.68000030517578
2020-09-09 00:00:00-04:00,48.81999969482422
2020-09-10 00:00:00-04:00,45.209999084472656
2020-09-11 00:00:00-04:00,43.119998931884766
2020-09-14 00:00:00-04:00,44.209999084472656
2020-09-15 00:00:00-04:00,43.060001373291016
2020-09-16 00:00:00-04:00,42.43000030517578
2020-09-17 00:00:00-04:00,38.45000076293945
2020-09-18 00:00:00-04:00,37.2400016784668
2020-09-21 00:00:00-04:00,38.630001068115234
2020-09-22 00:00:00-04:00,39.349998474121094
2020-09-23 00:00:00-04:00,38.630001068115234
2020-09-24 00:00:00-04:00,37.220001220703125
2020-09-25 00:00:00-04:00,36.970001220703125
2020-09-28 00:00:00-04:00,37.400001525878906
2020-09-29 00:00:00-04:00,36.619998931884766
2020-09-30 00:00:00-04:00,39.209999084472656
2020-10-01 00:00:00-04:00,38.650001525878906
2020-10-02 00:00:00-04:00,39.970001220703125
2020-10-05 00:00:00-04:00,39.810001373291016
2020-10-06 00:00:00-04:00,57.75
2020-10-07 00:00:00-04:00,56.97999954223633
2020-10-08 00:00:00-04:00,57.310001373291016
2020-10-09 00:00:00-04:00,57.52000045776367
2020-10-13 00:00:00-04:00,55.59000015258789
2020-10-14 00:00:00-04:00,53.5
2020-10-15 00:00:00-04:00,55.619998931884766
2020-10-16 00:00:00-04:00,57.25
2020-10-19 00:00:00-04:00,61.15999984741211
2020-10-20 00:00:00-04:00,60.41999816894531
2020-10-21 00:00:00-04:00,59.06999969482422
2020-10-22 00:00:00-04:00,59.72999954223633
2020-10-23 00:00:00-04:00,58.459999084472656
2020-10-26 00:00:00-04:00,58.95000076293945
2020-10-27 00:00:00-04:00,57.880001068115234
2020-10-28 00:00:00-04:00,57.130001068115234
2020-10-29 00:00:00-04:00,61.29999923706055
2020-10-30 00:00:00-04:00,61.90999984741211
2020-11-02 00:00:00-05:00,63.560001373291016
2020-11-03 00:00:00-05:00,64.37000274658203
2020-11-04 00:00:00-05:00,47.7400016784668
2020-11-05 00:00:00-05:00,43.7599983215332
2020-11-06 00:00:00-05:00,39.880001068115234
2020-11-09 00:00:00-05:00,44.939998626708984
2020-11-10 00:00:00-05:00,46.189998626708984
2020-11-12 00:00:00-05:00,44.16999816894531
2020-11-13 00:00:00-05:00,42.95000076293945
2020-11-16 00:00:00-05:00,42.4900016784668
2020-11-17 00:00:00-05:00,43.08000183105469
2020-11-18 00:00:00-05:00,43.619998931884766
2020-11-19 00:00:00-05:00,43.529998779296875
2020-11-20 00:00:00-05:00,42.310001373291016
2020-11-23 00:00:00-05:00,43.040000915527344
2020-11-24 00:00:00-05:00,42.380001068115234
2020-11-25 00:00:00-05:00,39.619998931884766
2020-11-27 00:00:00-05:00,39.63999938964844
2020-11-30 00:00:00-05:00,40.84000015258789
2020-12-01 00:00:00-05:00,41.529998779296875
2020-12-02 00:00:00-05:00,43.91999816894531
2020-12-03 00:00:00-05:00,42.529998779296875
2020-12-04 00:00:00-05:00,43.88999938964844
2020-12-07 00:00:00-05:00,49.66999816894531
2020-12-08 00:00:00-05:00,49.099998474121094
2020-12-09 00:00:00-05:00,48.47999954223633
2020-12-10 00:00:00-05:00,47.150001525878906
2020-12-11 00:00:00-05:00,47.52000045776367
2020-12-14 00:00:00-05:00,49.220001220703125
2020-12-15 00:00:00-05:00,48.13999938964844
2020-12-16 00:00:00-05:00,46.959999084472656
2020-12-17 00:00:00-05:00,44.150001525878906
2020-12-18 00:00:00-05:00,44.63999938964844
2020-12-21 00:00:00-05:00,46.65999984741211
2020-12-22 00:00:00-05:00,43.56999969482422
2020-12-23 00:00:00-05:00,42.7400016784668
2020-12-24 00:00:00-05:00,42.11000061035156
2020-12-28 00:00:00-05:00,45.2599983215332
2020-12-29 00:00:00-05:00,46.099998474121094
2020-12-30 00:00:00-05:00,47.189998626708984
2020-12-31 00:00:00-05:00,48.97999954223633
2021-01-04 00:00:00-05:00,49.59000015258789
2021-01-05 00:00:00-05:00,48.95000076293945
2021-01-06 00:00:00-05:00,44.63999938964844
2021-01-07 00:00:00-05:00,45.20000076293945
2021-01-08 00:00:00-05:00,44.810001373291016
2021-01-11 00:00:00-05:00,47.77000045776367
2021-01-12 00:00:00-05:00,50.119998931884766
2021-01-13 00:00:00-05:00,45.599998474121094
2021-01-14 00:00:00-05:00,46.22999954223633
2021-01-15 00:00:00-05:00,45.13999938964844
2021-01-19 00:00:00-05:00,45.22999954223633
2021-01-20 00:00:00-05:00,42.529998779296875
2021-01-21 00:00:00-05:00,43.0099983215332
2021-01-22 00:00:00-05:00,43.09000015258789
2021-01-25 00:00:00-05:00,43.08000183105469
2021-01-26 00:00:00-05:00,43.13999938964844
2021-01-27 00:00:00-05:00,44.15999984741211
2021-01-28 00:00:00-05:00,45.529998779296875
2021-01-29 00:00:00-05:00,47.40999984741211
2021-02-01 00:00:00-05:00,46.279998779296875
2021-02-02 00:00:00-05:00,45.90999984741211
2021-02-03 00:00:00-05:00,46.93000030517578
2021-02-04 00:00:00-05:00,47.25
2021-02-05 00:00:00-05:00,47.20000076293945
2021-02-08 00:00:00-05:00,48.45000076293945
2021-02-09 00:00:00-05:00,46.75
2021-02-10 00:00:00-05:00,46.27000045776367
2021-02-11 00:00:00-05:00,45.95000076293945
2021-02-12 00:00:00-05:00,47.0099983215332
2021-02-16 00:00:00-05:00,56.779998779296875
2021-02-17 00:00:00-05:00,55.970001220703125
2021-02-18 00:00:00-05:00,56.119998931884766
2021-02-19 00:00:00-05:00,60.43000030517578
2021-02-22 00:00:00-05:00,62.41999816894531
2021-02-23 00:00:00-05:00,61.72999954223633
2021-02-24 00:00:00-05:00,61.91999816894531
2021-02-25 00:00:00-05:00,74.16000366210938
2021-02-26 00:00:00-05:00,75.66000366210938
2021-03-01 00:00:00-05:00,68.7300033569336
2021-03-02 00:00:00-05:00,57.70000076293945
2021-03-03 00:00:00-05:00,65.83000183105469
2021-03-04 00:00:00-05:00,68.12999725341797
2021-03-05 00:00:00-05:00,69.37000274658203
2021-03-08 00:00:00-05:00,71.6500015258789
2021-03-09 00:00:00-05:00,67.44000244140625
2021-03-10 00:00:00-05:00,63.189998626708984
2021-03-11 00:00:00-05:00,63.900001525878906
2021-03-12 00:00:00-05:00,70.83000183105469
2021-03-15 00:00:00-04:00,70.79000091552734
2021-03-16 00:00:00-04:00,70.80999755859375
2021-03-17 00:00:00-04:00,66.75
2021-03-18 00:00:00-04:00,70.4800033569336
2021-03-19 00:00:00-04:00,68.80000305175781
2021-03-22 00:00:00-04:00,67.62000274658203
2021-03-23 00:00:00-04:00,60.77000045776367
2021-03-24 00:00:00-04:00,60.709999084472656
2021-03-25 00:00:00-04:00,59.540000915527344
2021-03-26 00:00:00-04:00,61.4900016784668
2021-03-29 00:00:00-04:00,65.95999908447266
2021-03-30 00:00:00-04:00,67.44000244140625
2021-03-31 00:00:00-04:00,71.2699966430664
2021-04-01 00:00:00-04:00,64.98999786376953
2021-04-05 00:00:00-04:00,61.790000915527344
2021-04-06 00:00:00-04:00,60.290000915527344
2021-04-07 00:00:00-04:00,62.540000915527344
2021-04-08 00:00:00-04:00,60.08000183105469
2021-04-09 00:00:00-04:00,61.209999084472656
2021-04-12 00:00:00-04:00,63.5
2021-04-13 00:00:00-04:00,61.20000076293945
2021-04-14 00:00:00-04:00,60.08000183105469
2021-04-15 00:00:00-04:00,59.04999923706055
2021-04-16 00:00:00-04:00,62.56999969482422
2021-04-19 00:00:00-04:00,63.959999084472656
2021-04-20 00:00:00-04:00,64.3499984741211
2021-04-21 00:00:00-04:00,62.27000045776367
2021-04-22 00:00:00-04:00,59.619998931884766
2021-04-23 00:00:00-04:00,59.97999954223633
2021-04-26 00:00:00-04:00,60.97999954223633
2021-04-27 00:00:00-04:00,60.150001525878906
2021-04-28 00:00:00-04:00,60.310001373291016
2021-04-29 00:00:00-04:00,59.02000045776367
2021-04-30 00:00:00-04:00,58.130001068115234
2021-05-03 00:00:00-04:00,57.33000183105469
2021-05-04 00:00:00-04:00,58.5099983215332
2021-05-05 00:00:00-04:00,56.93000030517578
2021-05-06 00:00:00-04:00,57.75
2021-05-07 00:00:00-04:00,54.130001068115234
2021-05-10 00:00:00-04:00,55.47999954223633
2021-05-11 00:00:00-04:00,58.0099983215332
2021-05-12 00:00:00-04:00,58.470001220703125
2021-05-13 00:00:00-04:00,56.59000015258789
2021-05-14 00:00:00-04:00,54.9900016784668
2021-05-17 00:00:00-04:00,58.59000015258789
2021-05-18 00:00:00-04:00,57.18000030517578
2021-05-19 00:00:00-04:00,57.310001373291016
2021-05-20 00:00:00-04:00,55.040000915527344
2021-05-21 00:00:00-04:00,54.59000015258789
2021-05-24 00:00:00-04:00,54.939998626708984
2021-05-25 00:00:00-04:00,53.720001220703125
2021-05-26 00:00:00-04:00,52.81999969482422
2021-05-27 00:00:00-04:00,53.470001220703125
2021-05-28 00:00:00-04:00,52.040000915527344
2021-06-01 00:00:00-04:00,54.9900016784668
2021-06-02 00:00:00-04:00,55.209999084472656
2021-06-03 00:00:00-04:00,53.959999084472656
2021-06-04 00:00:00-04:00,49.779998779296875
2021-06-07 00:00:00-04:00,49.54999923706055
2021-06-08 00:00:00-04:00,49.93000030517578
2021-06-09 00:00:00-04:00,52.84000015258789
2021-06-10 00:00:00-04:00,48.2599983215332
2021-06-11 00:00:00-04:00,50.849998474121094
2021-06-14 00:00:00-04:00,54.029998779296875
2021-06-15 00:00:00-04:00,52.91999816894531
2021-06-16 00:00:00-04:00,54.279998779296875
2021-06-17 00:00:00-04:00,54.90999984741211
2021-06-18 00:00:00-04:00,60.45000076293945
2021-06-21 00:00:00-04:00,61.86000061035156
2021-06-22 00:00:00-04:00,58.63999938964844
2021-06-23 00:00:00-04:00,55.599998474121094
2021-06-24 00:00:00-04:00,54.83000183105469
2021-06-25 00:00:00-04:00,55.58000183105469
2021-06-28 00:00:00-04:00,56.33000183105469
2021-06-29 00:00:00-04:00,56.79999923706055
2021-06-30 00:00:00-04:00,57.27000045776367
2021-07-01 00:00:00-04:00,57.52000045776367
2021-07-02 00:00:00-04:00,52.40999984741211
2021-07-06 00:00:00-04:00,56.54999923706055
2021-07-07 00:00:00-04:00,60.650001525878906
2021-07-08 00:00:00-04:00,61.68000030517578
2021-07-09 00:00:00-04:00,59.91999816894531
2021-07-12 00:00:00-04:00,60.779998779296875
2021-07-13 00:00:00-04:00,60.79999923706055
2021-07-14 00:00:00-04:00,57.310001373291016
2021-07-15 00:00:00-04:00,56.97999954223633
2021-07-16 00:00:00-04:00,58.2400016784668
2021-07-19 00:00:00-04:00,67.58000183105469
2021-07-20 00:00:00-04:00,69.30999755859375
2021-07-21 00:00:00-04:00,65.27999877929688
2021-07-22 00:00:00-04:00,64.95999908447266
2021-07-23 00:00:00-04:00,65.27999877929688
2021-07-26 00:00:00-04:00,69.02999877929688
2021-07-27 00:00:00-04:00,70.06999969482422
2021-07-28 00:00:00-04:00,62.400001525878906
2021-07-29 00:00:00-04:00,62.08000183105469
2021-07-30 00:00:00-04:00,61.189998626708984
2021-08-02 00:00:00-04:00,64.29000091552734
2021-08-03 00:00:00-04:00,65.41999816894531
2021-08-04 00:00:00-04:00,62.66999816894531
2021-08-05 00:00:00-04:00,63.56999969482422
2021-08-06 00:00:00-04:00,62.63999938964844
2021-08-09 00:00:00-04:00,65.72000122070312
2021-08-10 00:00:00-04:00,66.55000305175781
2021-08-11 00:00:00-04:00,60.65999984741211
2021-08-12 00:00:00-04:00,57.38999938964844
2021-08-13 00:00:00-04:00,55.45000076293945
2021-08-16 00:00:00-04:00,59.400001525878906
2021-08-17 00:00:00-04:00,60.279998779296875
2021-08-18 00:00:00-04:00,58.04999923706055
2021-08-19 00:00:00-04:00,59.380001068115234
2021-08-20 00:00:00-04:00,59.95000076293945
2021-08-23 00:00:00-04:00,62.22999954223633
2021-08-24 00:00:00-04:00,63.029998779296875
2021-08-25 00:00:00-04:00,64.51000213623047
2021-08-26 00:00:00-04:00,63.40999984741211
2021-08-27 00:00:00-04:00,57.97999954223633
2021-08-30 00:00:00-04:00,60.13999938964844
2021-08-31 00:00:00-04:00,59.540000915527344
2021-09-01 00:00:00-04:00,58.09000015258789
2021-09-02 00:00:00-04:00,55.79999923706055
2021-09-03 00:00:00-04:00,53.2599983215332
2021-09-07 00:00:00-04:00,57.04999923706055
2021-09-08 00:00:00-04:00,57.02000045776367
2021-09-09 00:00:00-04:00,52.61000061035156
2021-09-10 00:00:00-04:00,51.72999954223633
2021-09-13 00:00:00-04:00,53.099998474121094
2021-09-14 00:00:00-04:00,51.72999954223633
2021-09-15 00:00:00-04:00,53.93000030517578
2021-09-16 00:00:00-04:00,53.70000076293945
2021-09-17 00:00:00-04:00,56.060001373291016
2021-09-20 00:00:00-04:00,59.58000183105469
2021-09-21 00:00:00-04:00,59.20000076293945
2021-09-22 00:00:00-04:00,55.91999816894531
2021-09-23 00:00:00-04:00,56.790000915527344
2021-09-24 00:00:00-04:00,58.459999084472656
2021-09-27 00:00:00-04:00,60.5
2021-09-28 00:00:00-04:00,62.709999084472656
2021-09-29 00:00:00-04:00,61.209999084472656
2021-09-30 00:00:00-04:00,61.06999969482422
2021-10-01 00:00:00-04:00,57.380001068115234
2021-10-04 00:00:00-04:00,60.61000061035156
2021-10-05 00:00:00-04:00,62.83000183105469
2021-10-06 00:00:00-04:00,60.650001525878906
2021-10-07 00:00:00-04:00,60.90999984741211
2021-10-08 00:00:00-04:00,59.650001525878906
2021-10-12 00:00:00-04:00,62.95000076293945
2021-10-13 00:00:00-04:00,60.84000015258789
2021-10-14 00:00:00-04:00,59.349998474121094
2021-10-15 00:00:00-04:00,62.70000076293945
2021-10-18 00:00:00-04:00,70.7699966430664
2021-10-19 00:00:00-04:00,68.25
2021-10-20 00:00:00-04:00,65.47000122070312
2021-10-21 00:00:00-04:00,69.41999816894531
2021-10-22 00:00:00-04:00,72.04000091552734
2021-10-25 00:00:00-04:00,68.95999908447266
2021-10-26 00:00:00-04:00,66.69999694824219
2021-10-27 00:00:00-04:00,70.05999755859375
2021-10-28 00:00:00-04:00,71.95999908447266
2021-10-29 00:00:00-04:00,75.44999694824219
2021-11-01 00:00:00-04:00,78.33999633789062
2021-11-02 00:00:00-04:00,71.04000091552734
2021-11-03 00:00:00-04:00,71.22000122070312
2021-11-04 00:00:00-04:00,64.61000061035156
2021-11-05 00:00:00-04:00,66.9000015258789
2021-11-08 00:00:00-05:00,70.97000122070312
2021-11-09 00:00:00-05:00,73.0199966430664
2021-11-10 00:00:00-05:00,78.30999755859375
2021-11-12 00:00:00-05:00,78.61000061035156
2021-11-15 00:00:00-05:00,81.58999633789062
2021-11-16 00:00:00-05:00,81.58000183105469
2021-11-17 00:00:00-05:00,81.58000183105469
2021-11-18 00:00:00-05:00,74.51000213623047
2021-11-19 00:00:00-05:00,73.38999938964844
2021-11-22 00:00:00-05:00,79.20999908447266
2021-11-23 00:00:00-05:00,80.56999969482422
2021-11-24 00:00:00-05:00,83.1500015258789
2021-11-26 00:00:00-05:00,89.44999694824219
2021-11-29 00:00:00-05:00,89.41000366210938
2021-11-30 00:00:00-05:00,84.04000091552734
2021-12-01 00:00:00-05:00,82.97000122070312
2021-12-02 00:00:00-05:00,82.55000305175781
2021-12-03 00:00:00-05:00,79.13999938964844
2021-12-06 00:00:00-05:00,87.88999938964844
2021-12-07 00:00:00-05:00,88.13999938964844
2021-12-08 00:00:00-05:00,80.29000091552734
2021-12-09 00:00:00-05:00,79.54000091552734
2021-12-10 00:00:00-05:00,74.36000061035156
2021-12-13 00:00:00-05:00,76.41000366210938
2021-12-14 00:00:00-05:00,78.9800033569336
2021-12-15 00:00:00-05:00,74.05999755859375
2021-12-16 00:00:00-05:00,69.0999984741211
2021-12-17 00:00:00-05:00,72.45999908447266
2021-12-20 00:00:00-05:00,77.0199966430664
2021-12-21 00:00:00-05:00,79.5199966430664
2021-12-22 00:00:00-05:00,76.8499984741211
2021-12-23 00:00:00-05:00,77.29000091552734
2021-12-27 00:00:00-05:00,80.12000274658203
2021-12-28 00:00:00-05:00,77.5199966430664
2021-12-29 00:00:00-05:00,78.0
2021-12-30 00:00:00-05:00,77.62000274658203
2021-12-31 00:00:00-05:00,77.0999984741211
2022-01-03 00:00:00-05:00,84.08000183105469
2022-01-04 00:00:00-05:00,83.11000061035156
2022-01-05 00:00:00-05:00,78.68000030517578
2022-01-06 00:00:00-05:00,77.7300033569336
2022-01-07 00:00:00-05:00,74.69000244140625
2022-01-10 00:00:00-05:00,78.12000274658203
2022-01-11 00:00:00-05:00,77.8499984741211
2022-01-12 00:00:00-05:00,74.55000305175781
2022-01-13 00:00:00-05:00,72.56999969482422
2022-01-14 00:00:00-05:00,76.58999633789062
2022-01-18 00:00:00-05:00,84.62999725341797
2022-01-19 00:00:00-05:00,80.13999938964844
2022-01-20 00:00:00-05:00,80.95999908447266
2022-01-21 00:00:00-05:00,81.02999877929688
2022-01-24 00:00:00-05:00,83.7699966430664
2022-01-25 00:00:00-05:00,84.56999969482422
2022-01-26 00:00:00-05:00,85.75
2022-01-27 00:00:00-05:00,85.62000274658203
2022-01-28 00:00:00-05:00,85.29000091552734
2022-01-31 00:00:00-05:00,85.13999938964844
2022-02-01 00:00:00-05:00,85.22000122070312
2022-02-02 00:00:00-05:00,84.8499984741211
2022-02-03 00:00:00-05:00,85.73999786376953
2022-02-04 00:00:00-05:00,87.68000030517578
2022-02-07 00:00:00-05:00,87.44000244140625
2022-02-08 00:00:00-05:00,82.72000122070312
2022-02-09 00:00:00-05:00,81.76000213623047
2022-02-10 00:00:00-05:00,88.5199966430664
2022-02-11 00:00:00-05:00,94.02999877929688
2022-02-14 00:00:00-05:00,102.27999877929688
2022-02-15 00:00:00-05:00,94.0
2022-02-16 00:00:00-05:00,92.73999786376953
2022-02-17 00:00:00-05:00,96.16999816894531
2022-02-18 00:00:00-05:00,94.36000061035156
2022-02-22 00:00:00-05:00,95.54000091552734
2022-02-23 00:00:00-05:00,95.1500015258789
2022-02-24 00:00:00-05:00,100.75
2022-02-25 00:00:00-05:00,93.33999633789062
2022-02-28 00:00:00-05:00,100.4000015258789
2022-03-01 00:00:00-05:00,118.26000213623047
2022-03-02 00:00:00-05:00,110.27999877929688
2022-03-03 00:00:00-05:00,115.18000030517578
2022-03-04 00:00:00-05:00,131.82000732421875
2022-03-07 00:00:00-05:00,140.02999877929688
2022-03-08 00:00:00-05:00,133.3699951171875
2022-03-09 00:00:00-05:00,110.9000015258789
2022-03-10 00:00:00-05:00,105.30999755859375
2022-03-11 00:00:00-05:00,99.02999877929688
2022-03-14 00:00:00-04:00,105.08000183105469
2022-03-15 00:00:00-04:00,101.02999877929688
2022-03-16 00:00:00-04:00,100.56999969482422
2022-03-17 00:00:00-04:00,91.76000213623047
2022-03-18 00:00:00-04:00,91.7699966430664
2022-03-21 00:00:00-04:00,101.94000244140625
2022-03-22 00:00:00-04:00,105.37999725341797
2022-03-23 00:00:00-04:00,105.72000122070312
2022-03-24 00:00:00-04:00,113.13999938964844
2022-03-25 00:00:00-04:00,125.2699966430664
2022-03-28 00:00:00-04:00,129.27999877929688
2022-03-29 00:00:00-04:00,117.91999816894531
2022-03-30 00:00:00-04:00,112.9800033569336
2022-03-31 00:00:00-04:00,106.87999725341797
2022-04-01 00:00:00-04:00,108.33999633789062
2022-04-04 00:00:00-04:00,108.37000274658203
2022-04-05 00:00:00-04:00,116.37000274658203
2022-04-06 00:00:00-04:00,123.91999816894531
2022-04-07 00:00:00-04:00,122.66999816894531
2022-04-08 00:00:00-04:00,124.86000061035156
2022-04-11 00:00:00-04:00,129.8699951171875
2022-04-12 00:00:00-04:00,117.79000091552734
2022-04-13 00:00:00-04:00,116.33000183105469
2022-04-14 00:00:00-04:00,119.66000366210938
2022-04-18 00:00:00-04:00,122.31999969482422
2022-04-19 00:00:00-04:00,122.73999786376953
2022-04-20 00:00:00-04:00,125.12000274658203
2022-04-21 00:00:00-04:00,130.69000244140625
2022-04-22 00:00:00-04:00,128.1199951171875
2022-04-25 00:00:00-04:00,131.6300048828125
2022-04-26 00:00:00-04:00,129.27000427246094
2022-04-27 00:00:00-04:00,130.11000061035156
2022-04-28 00:00:00-04:00,128.74000549316406
2022-04-29 00:00:00-04:00,128.39999389648438
2022-05-02 00:00:00-04:00,135.1699981689453
2022-05-03 00:00:00-04:00,126.45999908447266
2022-05-04 00:00:00-04:00,121.98999786376953
2022-05-05 00:00:00-04:00,122.72000122070312
2022-05-06 00:00:00-04:00,121.41999816894531
2022-05-09 00:00:00-04:00,125.22000122070312
2022-05-10 00:00:00-04:00,126.76000213623047
2022-05-11 00:00:00-04:00,118.05000305175781
2022-05-12 00:00:00-04:00,118.7300033569336
2022-05-13 00:00:00-04:00,114.61000061035156
2022-05-16 00:00:00-04:00,117.94999694824219
2022-05-17 00:00:00-04:00,119.45999908447266
2022-05-18 00:00:00-04:00,114.86000061035156
2022-05-19 00:00:00-04:00,115.05000305175781
2022-05-20 00:00:00-04:00,111.0999984741211
2022-05-23 00:00:00-04:00,110.19000244140625
2022-05-24 00:00:00-04:00,111.1500015258789
2022-05-25 00:00:00-04:00,105.69000244140625
2022-05-26 00:00:00-04:00,102.48999786376953
2022-05-27 00:00:00-04:00,98.4800033569336
2022-05-31 00:00:00-04:00,107.12000274658203
2022-06-01 00:00:00-04:00,109.37999725341797
2022-06-02 00:00:00-04:00,99.2699966430664
2022-06-03 00:00:00-04:00,97.7300033569336
2022-06-06 00:00:00-04:00,102.26000213623047
2022-06-07 00:00:00-04:00,102.61000061035156
2022-06-08 00:00:00-04:00,105.29000091552734
2022-06-09 00:00:00-04:00,105.29000091552734
2022-06-10 00:00:00-04:00,114.2300033569336
2022-06-13 00:00:00-04:00,139.2100067138672
2022-06-14 00:00:00-04:00,144.08999633789062
2022-06-15 00:00:00-04:00,135.92999267578125
2022-06-16 00:00:00-04:00,138.10000610351562
2022-06-17 00:00:00-04:00,133.75
2022-06-21 00:00:00-04:00,138.91000366210938
2022-06-22 00:00:00-04:00,129.94000244140625
2022-06-23 00:00:00-04:00,125.9800033569336
2022-06-24 00:00:00-04:00,127.0
2022-06-27 00:00:00-04:00,133.22000122070312
2022-06-28 00:00:00-04:00,135.22000122070312
2022-06-29 00:00:00-04:00,130.42999267578125
2022-06-30 00:00:00-04:00,135.5
2022-07-01 00:00:00-04:00,144.1699981689453
2022-07-05 00:00:00-04:00,156.16000366210938
2022-07-06 00:00:00-04:00,151.13999938964844
2022-07-07 00:00:00-04:00,149.7100067138672
2022-07-08 00:00:00-04:00,145.25
2022-07-11 00:00:00-04:00,147.72000122070312
2022-07-12 00:00:00-04:00,148.11000061035156
2022-07-13 00:00:00-04:00,136.10000610351562
2022-07-14 00:00:00-04:00,137.75999450683594
2022-07-15 00:00:00-04:00,129.85000610351562
2022-07-18 00:00:00-04:00,127.69000244140625
2022-07-19 00:00:00-04:00,124.69999694824219
2022-07-20 00:00:00-04:00,122.9000015258789
2022-07-21 00:00:00-04:00,121.1500015258789
2022-07-22 00:00:00-04:00,123.69999694824219
2022-07-25 00:00:00-04:00,128.27000427246094
2022-07-26 00:00:00-04:00,128.5500030517578
2022-07-27 00:00:00-04:00,117.27999877929688
2022-07-28 00:00:00-04:00,119.93000030517578
2022-07-29 00:00:00-04:00,116.36000061035156
2022-08-01 00:00:00-04:00,120.5
2022-08-02 00:00:00-04:00,129.22999572753906
2022-08-03 00:00:00-04:00,122.04000091552734
2022-08-04 00:00:00-04:00,120.56999969482422
2022-08-05 00:00:00-04:00,122.58000183105469
2022-08-08 00:00:00-04:00,124.12000274658203
2022-08-09 00:00:00-04:00,125.12000274658203
2022-08-10 00:00:00-04:00,115.26000213623047
2022-08-11 00:00:00-04:00,111.11000061035156
2022-08-12 00:00:00-04:00,106.27999877929688
2022-08-15 00:00:00-04:00,113.81999969482422
2022-08-16 00:00:00-04:00,116.83000183105469
2022-08-17 00:00:00-04:00,117.69999694824219
2022-08-18 00:00:00-04:00,120.26000213623047
2022-08-19 00:00:00-04:00,123.80999755859375
2022-08-22 00:00:00-04:00,135.88999938964844
2022-08-23 00:00:00-04:00,133.85000610351562
2022-08-24 00:00:00-04:00,133.1300048828125
2022-08-25 00:00:00-04:00,126.33000183105469
2022-08-26 00:00:00-04:00,122.94999694824219
2022-08-29 00:00:00-04:00,130.13999938964844
2022-08-30 00:00:00-04:00,127.69000244140625
2022-08-31 00:00:00-04:00,124.83999633789062
2022-09-01 00:00:00-04:00,126.58000183105469
2022-09-02 00:00:00-04:00,120.72000122070312
2022-09-06 00:00:00-04:00,133.5399932861328
2022-09-07 00:00:00-04:00,133.1199951171875
2022-09-08 00:00:00-04:00,124.13999938964844
2022-09-09 00:00:00-04:00,121.54000091552734
2022-09-12 00:00:00-04:00,123.06999969482422
2022-09-13 00:00:00-04:00,128.8699951171875
2022-09-14 00:00:00-04:00,125.3499984741211
2022-09-15 00:00:00-04:00,124.06999969482422
2022-09-16 00:00:00-04:00,124.94999694824219
2022-09-19 00:00:00-04:00,133.7899932861328
2022-09-20 00:00:00-04:00,134.66000366210938
2022-09-21 00:00:00-04:00,130.5399932861328
2022-09-22 00:00:00-04:00,131.92999267578125
2022-09-23 00:00:00-04:00,137.27999877929688
2022-09-26 00:00:00-04:00,153.61000061035156
2022-09-27 00:00:00-04:00,158.1199951171875
2022-09-28 00:00:00-04:00,158.99000549316406
2022-09-29 00:00:00-04:00,148.13999938964844
2022-09-30 00:00:00-04:00,141.88999938964844
2022-10-03 00:00:00-04:00,152.94000244140625
2022-10-04 00:00:00-04:00,151.2100067138672
2022-10-05 00:00:00-04:00,152.00999450683594
2022-10-06 00:00:00-04:00,153.2899932861328
2022-10-07 00:00:00-04:00,148.4600067138672
2022-10-11 00:00:00-04:00,155.57000732421875
2022-10-12 00:00:00-04:00,160.72000122070312
2022-10-13 00:00:00-04:00,155.0800018310547
2022-10-14 00:00:00-04:00,152.88999938964844
2022-10-17 00:00:00-04:00,150.4199981689453
2022-10-18 00:00:00-04:00,145.7899932861328
2022-10-19 00:00:00-04:00,147.72999572753906
2022-10-20 00:00:00-04:00,155.61000061035156
2022-10-21 00:00:00-04:00,156.9499969482422
2022-10-24 00:00:00-04:00,154.02000427246094
2022-10-25 00:00:00-04:00,147.77999877929688
2022-10-26 00:00:00-04:00,140.1999969482422
2022-10-27 00:00:00-04:00,142.77999877929688
2022-10-28 00:00:00-04:00,144.60000610351562
2022-10-31 00:00:00-04:00,147.9199981689453
2022-11-01 00:00:00-04:00,148.4199981689453
2022-11-02 00:00:00-04:00,141.1699981689453
2022-11-03 00:00:00-04:00,136.27999877929688
2022-11-04 00:00:00-04:00,128.44000244140625
2022-11-07 00:00:00-05:00,128.3300018310547
2022-11-08 00:00:00-05:00,126.33000183105469
2022-11-09 00:00:00-05:00,124.4000015258789
2022-11-10 00:00:00-05:00,111.69000244140625
2022-11-14 00:00:00-05:00,119.98999786376953
2022-11-15 00:00:00-05:00,128.6199951171875
2022-11-16 00:00:00-05:00,130.8300018310547
2022-11-17 00:00:00-05:00,132.17999267578125
2022-11-18 00:00:00-05:00,129.3300018310547
2022-11-21 00:00:00-05:00,132.1300048828125
2022-11-22 00:00:00-05:00,133.52999877929688
2022-11-23 00:00:00-05:00,136.1999969482422
2022-11-25 00:00:00-05:00,129.60000610351562
2022-11-28 00:00:00-05:00,131.72999572753906
2022-11-29 00:00:00-05:00,131.22999572753906
2022-11-30 00:00:00-05:00,127.2699966430664
2022-12-01 00:00:00-05:00,119.7699966430664
2022-12-02 00:00:00-05:00,118.62000274658203
2022-12-05 00:00:00-05:00,126.5
2022-12-06 00:00:00-05:00,129.08999633789062
2022-12-07 00:00:00-05:00,131.10000610351562
2022-12-08 00:00:00-05:00,129.5399932861328
2022-12-09 00:00:00-05:00,132.7899932861328
2022-12-12 00:00:00-05:00,141.92999267578125
2022-12-13 00:00:00-05:00,135.0800018310547
2022-12-14 00:00:00-05:00,120.26000213623047
2022-12-15 00:00:00-05:00,111.26000213623047
2022-12-16 00:00:00-05:00,113.6500015258789
2022-12-19 00:00:00-05:00,118.31999969482422
2022-12-20 00:00:00-05:00,119.91999816894531
2022-12-21 00:00:00-05:00,115.0
2022-12-22 00:00:00-05:00,112.05000305175781
2022-12-23 00:00:00-05:00,113.16999816894531
2022-12-27 00:00:00-05:00,124.88999938964844
2022-12-28 00:00:00-05:00,120.06999969482422
2022-12-29 00:00:00-05:00,120.25
2022-12-30 00:00:00-05:00,121.61000061035156
2023-01-03 00:00:00-05:00,129.97000122070312
2023-01-04 00:00:00-05:00,125.77999877929688
2023-01-05 00:00:00-05:00,119.52999877929688
2023-01-06 00:00:00-05:00,113.87000274658203
2023-01-09 00:00:00-05:00,116.66999816894531
2023-01-10 00:00:00-05:00,119.5199966430664
2023-01-11 00:00:00-05:00,115.16999816894531
2023-01-12 00:00:00-05:00,112.33999633789062
2023-01-13 00:00:00-05:00,113.55000305175781
2023-01-17 00:00:00-05:00,122.2699966430664
2023-01-18 00:00:00-05:00,112.61000061035156
2023-01-19 00:00:00-05:00,114.52999877929688
2023-01-20 00:00:00-05:00,114.76000213623047
2023-01-23 00:00:00-05:00,114.69000244140625
2023-01-24 00:00:00-05:00,112.76000213623047
2023-01-25 00:00:00-05:00,107.73999786376953
2023-01-26 00:00:00-05:00,104.27999877929688
2023-01-27 00:00:00-05:00,100.69999694824219
2023-01-30 00:00:00-05:00,103.7699966430664
2023-01-31 00:00:00-05:00,99.54000091552734
2023-02-01 00:00:00-05:00,97.33000183105469
2023-02-02 00:00:00-05:00,97.76000213623047
2023-02-03 00:00:00-05:00,98.98999786376953
2023-02-06 00:00:00-05:00,105.62999725341797
2023-02-07 00:00:00-05:00,103.1500015258789
2023-02-08 00:00:00-05:00,100.75
2023-02-09 00:00:00-05:00,102.44999694824219
2023-02-10 00:00:00-05:00,109.62999725341797
2023-02-13 00:00:00-05:00,110.66999816894531
2023-02-14 00:00:00-05:00,110.58999633789062
2023-02-15 00:00:00-05:00,108.63999938964844
2023-02-16 00:00:00-05:00,111.01000213623047
2023-02-17 00:00:00-05:00,110.11000061035156
2023-02-21 00:00:00-05:00,119.62000274658203
2023-02-22 00:00:00-05:00,118.20999908447266
2023-02-23 00:00:00-05:00,117.44999694824219
2023-02-24 00:00:00-05:00,122.83999633789062
2023-02-27 00:00:00-05:00,120.02999877929688
2023-02-28 00:00:00-05:00,123.5999984741211
2023-03-01 00:00:00-05:00,121.08000183105469
2023-03-02 00:00:00-05:00,124.12000274658203
2023-03-03 00:00:00-05:00,122.5199966430664
2023-03-06 00:00:00-05:00,128.19000244140625
2023-03-07 00:00:00-05:00,133.3300018310547
2023-03-08 00:00:00-05:00,129.75999450683594
2023-03-09 00:00:00-05:00,129.27999877929688
2023-03-10 00:00:00-05:00,140.05999755859375
2023-03-13 00:00:00-04:00,173.58999633789062
2023-03-14 00:00:00-04:00,169.64999389648438
2023-03-15 00:00:00-04:00,169.64999389648438
2023-03-16 00:00:00-04:00,167.9600067138672
2023-03-17 00:00:00-04:00,180.11000061035156
2023-03-20 00:00:00-04:00,182.63999938964844
2023-03-21 00:00:00-04:00,162.30999755859375
2023-03-22 00:00:00-04:00,142.83999633789062
2023-03-23 00:00:00-04:00,151.39999389648438
2023-03-24 00:00:00-04:00,173.66000366210938
2023-03-27 00:00:00-04:00,161.6699981689453
2023-03-28 00:00:00-04:00,155.9600067138672
2023-03-29 00:00:00-04:00,150.5800018310547
2023-03-30 00:00:00-04:00,141.24000549316406
2023-03-31 00:00:00-04:00,135.92999267578125
2023-04-03 00:00:00-04:00,138.1699981689453
2023-04-04 00:00:00-04:00,147.75
2023-04-05 00:00:00-04:00,153.89999389648438
2023-04-06 00:00:00-04:00,147.72999572753906
2023-04-10 00:00:00-04:00,143.0
2023-04-11 00:00:00-04:00,139.77999877929688
2023-04-12 00:00:00-04:00,129.67999267578125
2023-04-13 00:00:00-04:00,119.94999694824219
2023-04-14 00:00:00-04:00,118.83999633789062
2023-04-17 00:00:00-04:00,122.69000244140625
2023-04-18 00:00:00-04:00,122.77999877929688
2023-04-19 00:00:00-04:00,124.0199966430664
2023-04-20 00:00:00-04:00,120.61000061035156
2023-04-21 00:00:00-04:00,120.83999633789062
2023-04-24 00:00:00-04:00,126.27999877929688
2023-04-25 00:00:00-04:00,137.1300048828125
2023-04-26 00:00:00-04:00,130.38999938964844
2023-04-27 00:00:00-04:00,122.43000030517578
2023-04-28 00:00:00-04:00,122.45999908447266
2023-05-01 00:00:00-04:00,128.17999267578125
2023-05-02 00:00:00-04:00,137.5500030517578
2023-05-03 00:00:00-04:00,134.5
2023-05-04 00:00:00-04:00,140.7100067138672
2023-05-05 00:00:00-04:00,130.2100067138672
2023-05-08 00:00:00-04:00,135.07000732421875
2023-05-09 00:00:00-04:00,133.92999267578125
2023-05-10 00:00:00-04:00,125.5999984741211
2023-05-11 00:00:00-04:00,128.2100067138672
2023-05-12 00:00:00-04:00,120.5199966430664
2023-05-15 00:00:00-04:00,127.88999938964844
2023-05-16 00:00:00-04:00,130.3000030517578
2023-05-17 00:00:00-04:00,120.77999877929688
2023-05-18 00:00:00-04:00,122.5
2023-05-19 00:00:00-04:00,127.51000213623047
2023-05-22 00:00:00-04:00,132.2899932861328
2023-05-23 00:00:00-04:00,131.6999969482422
2023-05-24 00:00:00-04:00,132.2899932861328
2023-05-25 00:00:00-04:00,139.5399932861328
2023-05-26 00:00:00-04:00,145.3699951171875
2023-05-30 00:00:00-04:00,141.36000061035156
2023-05-31 00:00:00-04:00,136.02000427246094
2023-06-01 00:00:00-04:00,124.62999725341797
2023-06-02 00:00:00-04:00,120.94999694824219
2023-06-05 00:00:00-04:00,119.08000183105469
2023-06-06 00:00:00-04:00,114.41999816894531
2023-06-07 00:00:00-04:00,120.5
2023-06-08 00:00:00-04:00,115.11000061035156
2023-06-09 00:00:00-04:00,115.7699966430664
2023-06-12 00:00:00-04:00,119.80000305175781
2023-06-13 00:00:00-04:00,118.80000305175781
2023-06-14 00:00:00-04:00,114.37000274658203
2023-06-15 00:00:00-04:00,107.33999633789062
2023-06-16 00:00:00-04:00,104.43000030517578
2023-06-20 00:00:00-04:00,104.43000030517578
2023-06-21 00:00:00-04:00,110.83999633789062
2023-06-22 00:00:00-04:00,107.69999694824219
2023-06-23 00:00:00-04:00,105.73999786376953
2023-06-26 00:00:00-04:00,109.0199966430664
2023-06-27 00:00:00-04:00,110.8499984741211
2023-06-28 00:00:00-04:00,108.30000305175781
2023-06-29 00:00:00-04:00,113.44999694824219
2023-06-30 00:00:00-04:00,110.63999938964844
2023-07-03 00:00:00-04:00,110.7699966430664
2023-07-05 00:00:00-04:00,110.52999877929688
2023-07-06 00:00:00-04:00,134.6300048828125
2023-07-07 00:00:00-04:00,130.41000366210938
2023-07-10 00:00:00-04:00,131.72999572753906
2023-07-11 00:00:00-04:00,127.06999969482422
2023-07-12 00:00:00-04:00,114.06999969482422
2023-07-13 00:00:00-04:00,111.75
2023-07-14 00:00:00-04:00,112.4800033569336
2023-07-17 00:00:00-04:00,113.5
2023-07-18 00:00:00-04:00,112.44999694824219
2023-07-19 00:00:00-04:00,107.19000244140625
2023-07-20 00:00:00-04:00,112.8499984741211
2023-07-21 00:00:00-04:00,106.66000366210938
2023-07-24 00:00:00-04:00,109.94999694824219
2023-07-25 00:00:00-04:00,113.0199966430664
2023-07-26 00:00:00-04:00,104.87999725341797
2023-07-27 00:00:00-04:00,111.1500015258789
2023-07-28 00:00:00-04:00,109.76000213623047
2023-07-31 00:00:00-04:00,112.02999877929688
2023-08-01 00:00:00-04:00,116.37999725341797
2023-08-02 00:00:00-04:00,115.1500015258789
2023-08-03 00:00:00-04:00,124.5999984741211
2023-08-04 00:00:00-04:00,115.91000366210938
2023-08-07 00:00:00-04:00,120.94000244140625
2023-08-08 00:00:00-04:00,118.73999786376953
2023-08-09 00:00:00-04:00,112.55000305175781
2023-08-10 00:00:00-04:00,108.63999938964844
2023-08-11 00:00:00-04:00,112.12999725341797
2023-08-14 00:00:00-04:00,119.94000244140625
2023-08-15 00:00:00-04:00,121.80000305175781
2023-08-16 00:00:00-04:00,117.23999786376953
2023-08-17 00:00:00-04:00,121.13999938964844
2023-08-18 00:00:00-04:00,120.51000213623047
2023-08-21 00:00:00-04:00,130.69000244140625
2023-08-22 00:00:00-04:00,126.6500015258789
2023-08-23 00:00:00-04:00,118.4000015258789
2023-08-24 00:00:00-04:00,117.55999755859375
2023-08-25 00:00:00-04:00,110.37000274658203
2023-08-28 00:00:00-04:00,110.44999694824219
2023-08-29 00:00:00-04:00,110.68000030517578
2023-08-30 00:00:00-04:00,109.83999633789062
2023-08-31 00:00:00-04:00,107.93000030517578
2023-09-01 00:00:00-04:00,102.91999816894531
2023-09-05 00:00:00-04:00,109.63999938964844
2023-09-06 00:00:00-04:00,111.30999755859375
2023-09-07 00:00:00-04:00,105.19999694824219
2023-09-08 00:00:00-04:00,104.33999633789062
2023-09-11 00:00:00-04:00,107.2300033569336
2023-09-12 00:00:00-04:00,105.11000061035156
2023-09-13 00:00:00-04:00,101.86000061035156
2023-09-14 00:00:00-04:00,97.11000061035156
2023-09-15 00:00:00-04:00,96.61000061035156
2023-09-18 00:00:00-04:00,99.31999969482422
2023-09-19 00:00:00-04:00,101.30999755859375
2023-09-20 00:00:00-04:00,97.04000091552734
2023-09-21 00:00:00-04:00,106.0
2023-09-22 00:00:00-04:00,101.11000061035156
2023-09-25 00:00:00-04:00,117.33000183105469
2023-09-26 00:00:00-04:00,117.72000122070312
2023-09-27 00:00:00-04:00,122.08999633789062
2023-09-28 00:00:00-04:00,115.23999786376953
2023-09-29 00:00:00-04:00,113.55000305175781
2023-10-02 00:00:00-04:00,127.58999633789062
2023-10-03 00:00:00-04:00,141.6699981689453
2023-10-04 00:00:00-04:00,128.22999572753906
2023-10-05 00:00:00-04:00,130.17999267578125
2023-10-06 00:00:00-04:00,126.63999938964844
2023-10-10 00:00:00-04:00,136.1699981689453
2023-10-11 00:00:00-04:00,127.18000030517578
2023-10-12 00:00:00-04:00,126.37000274658203
2023-10-13 00:00:00-04:00,128.3300018310547
2023-10-16 00:00:00-04:00,130.16000366210938
2023-10-17 00:00:00-04:00,130.1699981689453
2023-10-18 00:00:00-04:00,129.1699981689453
2023-10-19 00:00:00-04:00,134.6199951171875
2023-10-20 00:00:00-04:00,135.4499969482422
2023-10-23 00:00:00-04:00,131.8300018310547
2023-10-24 00:00:00-04:00,128.1300048828125
2023-10-25 00:00:00-04:00,131.2100067138672
2023-10-26 00:00:00-04:00,130.94000244140625
2023-10-27 00:00:00-04:00,129.16000366210938
2023-10-30 00:00:00-04:00,131.89999389648438
2023-10-31 00:00:00-04:00,126.86000061035156
2023-11-01 00:00:00-04:00,120.55000305175781
2023-11-02 00:00:00-04:00,118.63999938964844
2023-11-03 00:00:00-04:00,118.73999786376953
2023-11-06 00:00:00-05:00,121.73999786376953
2023-11-07 00:00:00-05:00,120.08999633789062
2023-11-08 00:00:00-05:00,117.0999984741211
2023-11-09 00:00:00-05:00,117.05000305175781
2023-11-10 00:00:00-05:00,116.79000091552734
2023-11-13 00:00:00-05:00,124.47000122070312
2023-11-14 00:00:00-05:00,124.11000061035156
2023-11-15 00:00:00-05:00,122.19000244140625
2023-11-16 00:00:00-05:00,116.08000183105469
2023-11-17 00:00:00-05:00,113.11000061035156
2023-11-20 00:00:00-05:00,115.08999633789062
2023-11-21 00:00:00-05:00,112.79000091552734
2023-11-22 00:00:00-05:00,111.56999969482422
2023-11-24 00:00:00-05:00,107.43000030517578
2023-11-27 00:00:00-05:00,109.30999755859375
2023-11-28 00:00:00-05:00,110.05999755859375
2023-11-29 00:00:00-05:00,114.58999633789062
2023-11-30 00:00:00-05:00,115.31999969482422
2023-12-01 00:00:00-05:00,111.51000213623047
2023-12-04 00:00:00-05:00,118.25
2023-12-05 00:00:00-05:00,127.19999694824219
2023-12-06 00:00:00-05:00,124.9800033569336
2023-12-07 00:00:00-05:00,129.74000549316406
2023-12-08 00:00:00-05:00,121.6500015258789
2023-12-11 00:00:00-05:00,126.66000366210938
2023-12-12 00:00:00-05:00,118.62000274658203
2023-12-13 00:00:00-05:00,113.7699966430664
2023-12-14 00:00:00-05:00,118.04000091552734
2023-12-15 00:00:00-05:00,115.75
2023-12-18 00:00:00-05:00,118.45999908447266
2023-12-19 00:00:00-05:00,115.02999877929688
2023-12-20 00:00:00-05:00,111.87000274658203
2023-12-21 00:00:00-05:00,111.93000030517578
2023-12-22 00:00:00-05:00,111.37999725341797
2023-12-26 00:00:00-05:00,116.0
2023-12-27 00:00:00-05:00,114.52999877929688
2023-12-28 00:00:00-05:00,113.77999877929688
2023-12-29 00:00:00-05:00,114.62000274658203
2024-01-02 00:00:00-05:00,127.0199966430664
2024-01-03 00:00:00-05:00,124.56999969482422
2024-01-04 00:00:00-05:00,121.12000274658203
2024-01-05 00:00:00-05:00,116.19000244140625
2024-01-08 00:00:00-05:00,117.72000122070312
2024-01-09 00:00:00-05:00,114.91999816894531
2024-01-10 00:00:00-05:00,109.62999725341797
2024-01-11 00:00:00-05:00,103.44999694824219
2024-01-12 00:00:00-05:00,106.51000213623047
2024-01-16 00:00:00-05:00,113.44000244140625
2024-01-17 00:00:00-05:00,105.86000061035156
2024-01-18 00:00:00-05:00,107.22000122070312
2024-01-19 00:00:00-05:00,104.97000122070312
2024-01-22 00:00:00-05:00,106.87000274658203
2024-01-23 00:00:00-05:00,107.69999694824219
2024-01-24 00:00:00-05:00,105.77999877929688
2024-01-25 00:00:00-05:00,105.88999938964844
2024-01-26 00:00:00-05:00,100.2300033569336
2024-01-29 00:00:00-05:00,106.33999633789062
2024-01-30 00:00:00-05:00,104.26000213623047
2024-01-31 00:00:00-05:00,107.27999877929688
2024-02-01 00:00:00-05:00,113.91999816894531
2024-02-02 00:00:00-05:00,106.72000122070312
2024-02-05 00:00:00-05:00,108.68000030517578
2024-02-06 00:00:00-05:00,110.5999984741211
2024-02-07 00:00:00-05:00,107.86000061035156
2024-02-08 00:00:00-05:00,108.5999984741211
2024-02-09 00:00:00-05:00,106.20999908447266
2024-02-12 00:00:00-05:00,109.77999877929688
2024-02-13 00:00:00-05:00,113.22000122070312
2024-02-14 00:00:00-05:00,111.97000122070312
2024-02-15 00:00:00-05:00,112.08999633789062
2024-02-16 00:00:00-05:00,109.19999694824219
2024-02-20 00:00:00-05:00,111.0199966430664
2024-02-21 00:00:00-05:00,114.2699966430664
2024-02-22 00:00:00-05:00,115.58999633789062
2024-02-23 00:00:00-05:00,108.30999755859375
2024-02-26 00:00:00-05:00,110.7699966430664
2024-02-27 00:00:00-05:00,110.80000305175781
2024-02-28 00:00:00-05:00,108.70999908447266
2024-02-29 00:00:00-05:00,109.0999984741211
2024-03-01 00:00:00-05:00,106.4800033569336
2024-03-04 00:00:00-05:00,109.56999969482422
2024-03-05 00:00:00-05:00,110.33000183105469
2024-03-06 00:00:00-05:00,105.33000183105469
2024-03-07 00:00:00-05:00,105.44999694824219
2024-03-08 00:00:00-05:00,100.87999725341797
2024-03-11 00:00:00-04:00,106.62999725341797
2024-03-12 00:00:00-04:00,101.36000061035156
2024-03-13 00:00:00-04:00,97.02999877929688
2024-03-14 00:00:00-04:00,98.66999816894531
2024-03-15 00:00:00-04:00,97.81999969482422
2024-03-18 00:00:00-04:00,102.87000274658203
2024-03-19 00:00:00-04:00,99.98999786376953
2024-03-20 00:00:00-04:00,92.72000122070312
2024-03-21 00:00:00-04:00,90.81999969482422
2024-03-22 00:00:00-04:00,91.04000091552734
2024-03-25 00:00:00-04:00,92.23999786376953
2024-03-26 00:00:00-04:00,90.62999725341797
2024-03-27 00:00:00-04:00,86.27999877929688
2024-03-28 00:00:00-04:00,86.37999725341797
2024-04-01 00:00:00-04:00,94.19999694824219
2024-04-02 00:00:00-04:00,96.56999969482422
2024-04-03 00:00:00-04:00,97.87999725341797
2024-04-04 00:00:00-04:00,96.12999725341797
2024-04-05 00:00:00-04:00,94.30999755859375
2024-04-08 00:00:00-04:00,99.37000274658203
2024-04-09 00:00:00-04:00,98.7300033569336
2024-04-10 00:00:00-04:00,109.58999633789062
2024-04-11 00:00:00-04:00,108.86000061035156
2024-04-12 00:00:00-04:00,112.81999969482422
2024-04-15 00:00:00-04:00,121.1500015258789
2024-04-16 00:00:00-04:00,119.58999633789062
2024-04-17 00:00:00-04:00,113.29000091552734
2024-04-18 00:00:00-04:00,108.66000366210938
2024-04-19 00:00:00-04:00,111.26000213623047
2024-04-22 00:00:00-04:00,108.55999755859375
2024-04-23 00:00:00-04:00,106.8499984741211
2024-04-24 00:00:00-04:00,110.20999908447266
2024-04-25 00:00:00-04:00,108.55000305175781
2024-04-26 00:00:00-04:00,104.4000015258789
2024-04-29 00:00:00-04:00,105.41999816894531
2024-04-30 00:00:00-04:00,107.45999908447266
2024-05-01 00:00:00-04:00,100.63999938964844
2024-05-02 00:00:00-04:00,100.69999694824219
2024-05-03 00:00:00-04:00,95.95999908447266
2024-05-06 00:00:00-04:00,94.5
2024-05-07 00:00:00-04:00,98.04000091552734
2024-05-08 00:00:00-04:00,95.58000183105469
2024-05-09 00:00:00-04:00,93.8499984741211
2024-05-10 00:00:00-04:00,94.2300033569336
2024-05-13 00:00:00-04:00,105.3499984741211
2024-05-14 00:00:00-04:00,106.55000305175781
2024-05-15 00:00:00-04:00,93.77999877929688
2024-05-16 00:00:00-04:00,91.83000183105469
2024-05-17 00:00:00-04:00,89.3499984741211
2024-05-20 00:00:00-04:00,88.12999725341797
2024-05-21 00:00:00-04:00,85.33999633789062
2024-05-22 00:00:00-04:00,82.48999786376953
2024-05-23 00:00:00-04:00,86.1500015258789
2024-05-24 00:00:00-04:00,83.56999969482422
2024-05-28 00:00:00-04:00,89.66999816894531
2024-05-29 00:00:00-04:00,93.44999694824219
2024-05-30 00:00:00-04:00,91.08999633789062
2024-05-31 00:00:00-04:00,91.13999938964844
2024-06-03 00:00:00-04:00,93.91999816894531
2024-06-04 00:00:00-04:00,100.11000061035156
2024-06-05 00:00:00-04:00,102.43000030517578
2024-06-06 00:00:00-04:00,100.98999786376953
2024-06-07 00:00:00-04:00,91.81999969482422
2024-06-10 00:00:00-04:00,94.16000366210938
2024-06-11 00:00:00-04:00,97.2699966430664
2024-06-12 00:00:00-04:00,91.7300033569336
2024-06-13 00:00:00-04:00,91.93000030517578
2024-06-14 00:00:00-04:00,100.16000366210938
2024-06-17 00:00:00-04:00,99.06999969482422
2024-06-18 00:00:00-04:00,97.98999786376953
2024-06-20 00:00:00-04:00,94.13999938964844
2024-06-21 00:00:00-04:00,94.08999633789062
2024-06-24 00:00:00-04:00,95.19999694824219
2024-06-25 00:00:00-04:00,96.97000122070312
2024-06-26 00:00:00-04:00,97.91000366210938
2024-06-27 00:00:00-04:00,95.69000244140625
2024-06-28 00:00:00-04:00,98.58999633789062
2024-07-01 00:00:00-04:00,106.2300033569336
2024-07-02 00:00:00-04:00,107.51000213623047
2024-07-03 00:00:00-04:00,102.83000183105469
2024-07-05 00:00:00-04:00,98.77999877929688
2024-07-08 00:00:00-04:00,97.95999908447266
2024-07-09 00:00:00-04:00,95.62000274658203
2024-07-10 00:00:00-04:00,92.97000122070312
2024-07-11 00:00:00-04:00,89.66999816894531
2024-07-12 00:00:00-04:00,86.79000091552734
2024-07-15 00:00:00-04:00,94.5
2024-07-16 00:00:00-04:00,93.87000274658203
2024-07-17 00:00:00-04:00,91.0
2024-07-18 00:00:00-04:00,91.97000122070312
2024-07-19 00:00:00-04:00,94.29000091552734
2024-07-22 00:00:00-04:00,94.44999694824219
2024-07-23 00:00:00-04:00,95.04000091552734
2024-07-24 00:00:00-04:00,94.80999755859375
2024-07-25 00:00:00-04:00,99.08000183105469
2024-07-26 00:00:00-04:00,97.76000213623047
2024-07-29 00:00:00-04:00,98.6500015258789
2024-07-30 00:00:00-04:00,100.41999816894531
2024-07-31 00:00:00-04:00,99.41000366210938
2024-08-01 00:00:00-04:00,101.81999969482422
2024-08-02 00:00:00-04:00,112.26000213623047
2024-08-05 00:00:00-04:00,121.22000122070312
2024-08-06 00:00:00-04:00,119.23999786376953
2024-08-07 00:00:00-04:00,112.69000244140625
2024-08-08 00:00:00-04:00,110.41999816894531
2024-08-09 00:00:00-04:00,108.26000213623047
2024-08-12 00:00:00-04:00,118.26000213623047
2024-08-13 00:00:00-04:00,118.44000244140625
2024-08-14 00:00:00-04:00,106.33999633789062
2024-08-15 00:00:00-04:00,103.73999786376953
2024-08-16 00:00:00-04:00,102.80999755859375
2024-08-19 00:00:00-04:00,110.12999725341797
2024-08-20 00:00:00-04:00,111.56999969482422
2024-08-21 00:00:00-04:00,111.37999725341797
2024-08-22 00:00:00-04:00,108.5
2024-08-23 00:00:00-04:00,105.62999725341797
2024-08-26 00:00:00-04:00,106.66000366210938
2024-08-27 00:00:00-04:00,109.22000122070312
2024-08-28 00:00:00-04:00,108.76000213623047
2024-08-29 00:00:00-04:00,106.69999694824219
2024-08-30 00:00:00-04:00,107.7699966430664
2024-09-03 00:00:00-04:00,114.19999694824219
2024-09-04 00:00:00-04:00,119.1500015258789
2024-09-05 00:00:00-04:00,114.80999755859375
2024-09-06 00:00:00-04:00,107.23999786376953
2024-09-09 00:00:00-04:00,104.61000061035156
2024-09-10 00:00:00-04:00,108.36000061035156
2024-09-11 00:00:00-04:00,103.79000091552734
2024-09-12 00:00:00-04:00,98.02999877929688
2024-09-13 00:00:00-04:00,100.5999984741211
2024-09-16 00:00:00-04:00,101.22000122070312
2024-09-17 00:00:00-04:00,101.58000183105469
2024-09-18 00:00:00-04:00,98.61000061035156
2024-09-19 00:00:00-04:00,92.63999938964844
2024-09-20 00:00:00-04:00,91.0
2024-09-23 00:00:00-04:00,93.87000274658203
2024-09-24 00:00:00-04:00,93.30000305175781
2024-09-25 00:00:00-04:00,91.63999938964844
2024-09-26 00:00:00-04:00,90.13999938964844
2024-09-27 00:00:00-04:00,92.52999877929688
2024-09-30 00:00:00-04:00,94.61000061035156
2024-10-01 00:00:00-04:00,104.13999938964844
2024-10-02 00:00:00-04:00,102.16999816894531
2024-10-03 00:00:00-04:00,101.16000366210938
2024-10-04 00:00:00-04:00,100.1500015258789
2024-10-07 00:00:00-04:00,124.2300033569336
2024-10-08 00:00:00-04:00,123.7699966430664
2024-10-09 00:00:00-04:00,122.38999938964844
2024-10-10 00:00:00-04:00,116.55999755859375
2024-10-11 00:00:00-04:00,118.47000122070312
2024-10-15 00:00:00-04:00,127.2300033569336
2024-10-16 00:00:00-04:00,121.86000061035156
2024-10-17 00:00:00-04:00,122.13999938964844
2024-10-18 00:00:00-04:00,123.12999725341797
2024-10-21 00:00:00-04:00,128.9499969482422
2024-10-22 00:00:00-04:00,129.25999450683594
2024-10-23 00:00:00-04:00,129.0500030517578
2024-10-24 00:00:00-04:00,127.4800033569336
2024-10-25 00:00:00-04:00,128.39999389648438
2024-10-28 00:00:00-04:00,130.9199981689453
2024-10-29 00:00:00-04:00,131.8699951171875
2024-10-30 00:00:00-04:00,130.8000030517578
2024-10-31 00:00:00-04:00,135.17999267578125
2024-11-01 00:00:00-04:00,132.5800018310547
2024-11-04 00:00:00-05:00,136.25
2024-11-05 00:00:00-05:00,130.42999267578125
2024-11-06 00:00:00-05:00,117.63999938964844
2024-11-07 00:00:00-05:00,104.08000183105469
2024-11-08 00:00:00-05:00,99.8499984741211
2024-11-12 00:00:00-05:00,108.55000305175781
2024-11-13 00:00:00-05:00,102.08000183105469
2024-11-14 00:00:00-05:00,99.43000030517578
2024-11-15 00:00:00-05:00,102.47000122070312
2024-11-18 00:00:00-05:00,102.01000213623047
2024-11-19 00:00:00-05:00,105.12000274658203
2024-11-20 00:00:00-05:00,106.69000244140625
2024-11-21 00:00:00-05:00,101.9000015258789
2024-11-22 00:00:00-05:00,99.13999938964844
2024-11-25 00:00:00-05:00,99.95999908447266
2024-11-26 00:00:00-05:00,99.18000030517578
2024-11-27 00:00:00-05:00,97.73999786376953
2024-11-29 00:00:00-05:00,95.22000122070312
2024-12-02 00:00:00-05:00,97.80999755859375
2024-12-03 00:00:00-05:00,95.5999984741211
2024-12-04 00:00:00-05:00,92.25
2024-12-05 00:00:00-05:00,91.4800033569336
2024-12-06 00:00:00-05:00,83.19999694824219
2024-12-09 00:00:00-05:00,85.62999725341797
2024-12-10 00:00:00-05:00,90.0999984741211
2024-12-11 00:00:00-05:00,82.4000015258789
2024-12-12 00:00:00-05:00,82.66000366210938
2024-12-13 00:00:00-05:00,85.66000366210938
2024-12-16 00:00:00-05:00,90.87999725341797
2024-12-17 00:00:00-05:00,90.41999816894531
2024-12-18 00:00:00-05:00,87.20999908447266
2024-12-19 00:00:00-05:00,90.41000366210938
2024-12-20 00:00:00-05:00,91.75
2024-12-23 00:00:00-05:00,95.8499984741211
2024-12-24 00:00:00-05:00,96.94999694824219
2024-12-26 00:00:00-05:00,95.19999694824219
2024-12-27 00:00:00-05:00,94.80000305175781
2024-12-30 00:00:00-05:00,99.08000183105469
2024-12-31 00:00:00-05:00,98.80000305175781
2025-01-02 00:00:00-05:00,96.66999816894531
2025-01-03 00:00:00-05:00,93.3499984741211
2025-01-06 00:00:00-05:00,97.88999938964844
2025-01-07 00:00:00-05:00,102.77999877929688
2025-01-08 00:00:00-05:00,100.76000213623047
2025-01-10 00:00:00-05:00,96.56999969482422
2025-01-13 00:00:00-05:00,103.51000213623047
2025-01-14 00:00:00-05:00,101.98999786376953
2025-01-15 00:00:00-05:00,93.0999984741211
2025-01-16 00:00:00-05:00,92.72000122070312
2025-01-17 00:00:00-05:00,95.5999984741211
2025-01-21 00:00:00-05:00,96.77999877929688
2025-01-22 00:00:00-05:00,89.9000015258789
2025-01-23 00:00:00-05:00,88.51000213623047
2025-01-24 00:00:00-05:00,86.75
2025-01-27 00:00:00-05:00,95.05000305175781
2025-01-28 00:00:00-05:00,92.83000183105469
2025-01-29 00:00:00-05:00,90.7300033569336
2025-01-30 00:00:00-05:00,90.54000091552734
2025-01-31 00:00:00-05:00,91.76000213623047
2025-02-03 00:00:00-05:00,94.1500015258789
2025-02-04 00:00:00-05:00,90.27999877929688
2025-02-05 00:00:00-05:00,94.68000030517578
2025-02-06 00:00:00-05:00,93.9000015258789
2025-02-07 00:00:00-05:00,93.12999725341797
2025-02-10 00:00:00-05:00,87.68000030517578
2025-02-11 00:00:00-05:00,85.58000183105469
2025-02-12 00:00:00-05:00,86.58000183105469
2025-02-13 00:00:00-05:00,84.56999969482422
2025-02-14 00:00:00-05:00,84.66999816894531
2025-02-18 00:00:00-05:00,84.51000213623047
2025-02-19 00:00:00-05:00,83.86000061035156
2025-02-20 00:00:00-05:00,86.26000213623047
2025-02-21 00:00:00-05:00,91.83000183105469
2025-02-24 00:00:00-05:00,88.44000244140625
2025-02-25 00:00:00-05:00,96.61000061035156
2025-02-26 00:00:00-05:00,97.5199966430664
2025-02-27 00:00:00-05:00,96.2699966430664
2025-02-28 00:00:00-05:00,104.45999908447266
2025-03-03 00:00:00-05:00,105.6500015258789
2025-03-04 00:00:00-05:00,108.87000274658203
2025-03-05 00:00:00-05:00,104.31999969482422
2025-03-06 00:00:00-05:00,108.94999694824219
2025-03-07 00:00:00-05:00,104.41000366210938
2025-03-10 00:00:00-04:00,112.5
2025-03-11 00:00:00-04:00,114.5999984741211
2025-03-12 00:00:00-04:00,104.11000061035156
2025-03-13 00:00:00-04:00,106.19000244140625
2025-03-14 00:00:00-04:00,101.01000213623047
2025-03-17 00:00:00-04:00,99.77999877929688
2025-03-18 00:00:00-04:00,96.68000030517578
2025-03-19 00:00:00-04:00,91.4000015258789
2025-03-20 00:00:00-04:00,95.73999786376953
2025-03-21 00:00:00-04:00,94.54000091552734
2025-03-24 00:00:00-04:00,95.22000122070312
2025-03-25 00:00:00-04:00,93.56999969482422
2025-03-26 00:00:00-04:00,91.41000366210938
2025-03-27 00:00:00-04:00,91.02999877929688
2025-03-28 00:00:00-04:00,96.83000183105469
2025-03-31 00:00:00-04:00,101.3499984741211
2025-04-01 00:00:00-04:00,104.7300033569336
2025-04-02 00:00:00-04:00,106.38999938964844
2025-04-03 00:00:00-04:00,112.0
2025-04-04 00:00:00-04:00,125.70999908447266
2025-04-07 00:00:00-04:00,137.3000030517578
2025-04-08 00:00:00-04:00,139.8800048828125
2025-04-09 00:00:00-04:00,128.8300018310547
2025-04-10 00:00:00-04:00,128.35000610351562
2025-04-11 00:00:00-04:00,137.25999450683594
2025-04-14 00:00:00-04:00,132.4600067138672
2025-04-15 00:00:00-04:00,122.55999755859375
2025-04-16 00:00:00-04:00,119.4000015258789
2025-04-17 00:00:00-04:00,114.63999938964844
2025-04-21 00:00:00-04:00,128.55999755859375
2025-04-22 00:00:00-04:00,118.3499984741211
2025-04-23 00:00:00-04:00,116.5999984741211
2025-04-24 00:00:00-04:00,108.27999877929688
2025-04-25 00:00:00-04:00,105.79000091552734
2025-04-28 00:00:00-04:00,110.01000213623047
2025-04-29 00:00:00-04:00,112.2699966430664
2025-04-30 00:00:00-04:00,112.4800033569336
2025-05-01 00:00:00-04:00,107.33000183105469
2025-05-02 00:00:00-04:00,101.4000015258789
2025-05-05 00:00:00-04:00,104.44999694824219
2025-05-06 00:00:00-04:00,106.18000030517578
2025-05-07 00:00:00-04:00,99.87000274658203
2025-05-08 00:00:00-04:00,98.66000366210938
2025-05-09 00:00:00-04:00,100.4000015258789
2025-05-12 00:00:00-04:00,102.9000015258789
2025-05-13 00:00:00-04:00,100.12999725341797
2025-05-14 00:00:00-04:00,100.7300033569336
2025-05-15 00:00:00-04:00,98.6500015258789
2025-05-16 00:00:00-04:00,96.69999694824219
2025-05-19 00:00:00-04:00,103.80999755859375
2025-05-20 00:00:00-04:00,101.37000274658203
2025-05-21 00:00:00-04:00,102.0999984741211
2025-05-22 00:00:00-04:00,99.47000122070312
2025-05-23 00:00:00-04:00,100.91000366210938
2025-05-27 00:00:00-04:00,97.93000030517578
2025-05-28 00:00:00-04:00,93.19999694824219
2025-05-29 00:00:00-04:00,92.66999816894531
2025-05-30 00:00:00-04:00,92.11000061035156
2025-06-02 00:00:00-04:00,95.76000213623047
2025-06-03 00:00:00-04:00,100.0
2025-06-04 00:00:00-04:00,96.9800033569336
2025-06-05 00:00:00-04:00,94.6500015258789
2025-06-06 00:00:00-04:00,89.6500015258789
2025-06-09 00:00:00-04:00,92.62000274658203
2025-06-10 00:00:00-04:00,91.22000122070312
2025-06-11 00:00:00-04:00,89.36000061035156
2025-06-12 00:00:00-04:00,88.98999786376953
2025-06-13 00:00:00-04:00,95.30999755859375
2025-06-16 00:00:00-04:00,93.4800033569336
2025-06-17 00:00:00-04:00,97.18000030517578
2025-06-18 00:00:00-04:00,93.63999938964844
2025-06-20 00:00:00-04:00,90.0999984741211
2025-06-23 00:00:00-04:00,95.02999877929688
2025-06-24 00:00:00-04:00,92.62000274658203
2025-06-25 00:00:00-04:00,91.23999786376953
2025-06-26 00:00:00-04:00,89.47000122070312
2025-06-27 00:00:00-04:00,87.93000030517578
2025-06-30 00:00:00-04:00,90.26000213623047
2025-07-01 00:00:00-04:00,93.4800033569336
2025-07-02 00:00:00-04:00,91.37000274658203
2025-07-03 00:00:00-04:00,86.08999633789062
2025-07-07 00:00:00-04:00,88.52999877929688
2025-07-08 00:00:00-04:00,88.05000305175781
2025-07-09 00:00:00-04:00,84.30999755859375
2025-07-10 00:00:00-04:00,81.58000183105469
2025-07-11 00:00:00-04:00,85.4800033569336
2025-07-14 00:00:00-04:00,90.7300033569336
2025-07-15 00:00:00-04:00,88.94999694824219
2025-07-16 00:00:00-04:00,89.5199966430664
2025-07-17 00:00:00-04:00,85.56999969482422
2025-07-18 00:00:00-04:00,83.29000091552734
2025-07-21 00:00:00-04:00,86.62000274658203
2025-07-22 00:00:00-04:00,89.88999938964844
2025-07-23 00:00:00-04:00,85.94999694824219
2025-07-24 00:00:00-04:00,82.75
2025-07-25 00:00:00-04:00,82.08999633789062
2025-07-28 00:00:00-04:00,83.7300033569336
2025-07-29 00:00:00-04:00,85.06999969482422
2025-07-30 00:00:00-04:00,81.87999725341797
2025-07-31 00:00:00-04:00,79.83999633789062
2025-08-01 00:00:00-04:00,83.83000183105469
2025-08-04 00:00:00-04:00,87.94999694824219
2025-08-05 00:00:00-04:00,89.19999694824219
2025-08-06 00:00:00-04:00,83.88999938964844
2025-08-07 00:00:00-04:00,80.1500015258789
2025-08-08 00:00:00-04:00,79.19999694824219
2025-08-11 00:00:00-04:00,81.76000213623047
2025-08-12 00:00:00-04:00,77.41999816894531
2025-08-13 00:00:00-04:00,77.30999755859375
2025-08-14 00:00:00-04:00,76.7699966430664
2025-08-15 00:00:00-04:00,76.66000366210938
2025-08-18 00:00:00-04:00,81.81999969482422
2025-08-19 00:00:00-04:00,82.1500015258789
2025-08-20 00:00:00-04:00,80.75
2025-08-21 00:00:00-04:00,80.5199966430664
2025-08-22 00:00:00-04:00,78.0999984741211
2025-08-25 00:00:00-04:00,77.55999755859375
2025-08-26 00:00:00-04:00,79.36000061035156
2025-08-27 00:00:00-04:00,77.66000366210938
2025-08-28 00:00:00-04:00,77.55000305175781
2025-08-29 00:00:00-04:00,79.38999938964844
2025-09-02 00:00:00-04:00,85.27999877929688
2025-09-03 00:00:00-04:00,89.66999816894531
2025-09-04 00:00:00-04:00,88.26000213623047
2025-09-05 00:00:00-04:00,85.29000091552734
2025-09-08 00:00:00-04:00,84.0
2025-09-09 00:00:00-04:00,82.19999694824219
2025-09-10 00:00:00-04:00,79.58000183105469
2025-09-11 00:00:00-04:00,75.06999969482422
2025-09-12 00:00:00-04:00,73.37000274658203
2025-09-15 00:00:00-04:00,76.87999725341797
2025-09-16 00:00:00-04:00,77.08999633789062
2025-09-17 00:00:00-04:00,75.94999694824219
2025-09-18 00:00:00-04:00,71.91000366210938
2025-09-19 00:00:00-04:00,72.51000213623047
2025-09-22 00:00:00-04:00,75.80000305175781
2025-09-23 00:00:00-04:00,75.66000366210938
2025-09-24 00:00:00-04:00,75.12999725341797
2025-09-25 00:00:00-04:00,75.44000244140625
2025-09-26 00:00:00-04:00,74.37999725341797
2025-09-29 00:00:00-04:00,75.51000213623047
2025-09-30 00:00:00-04:00,77.93000030517578
2025-10-01 00:00:00-04:00,73.5
2025-10-02 00:00:00-04:00,71.20999908447266
2025-10-03 00:00:00-04:00,69.52999877929688
2025-10-06 00:00:00-04:00,72.98999786376953
2025-10-07 00:00:00-04:00,75.43000030517578
2025-10-08 00:00:00-04:00,74.87000274658203
2025-10-09 00:00:00-04:00,74.12000274658203
2025-10-10 00:00:00-04:00,81.6500015258789
2025-10-14 00:00:00-04:00,79.94999694824219
2025-10-15 00:00:00-04:00,75.11000061035156
2025-10-16 00:00:00-04:00,81.2300033569336
2025-10-17 00:00:00-04:00,78.62000274658203
2025-10-20 00:00:00-04:00,77.22000122070312
2025-10-21 00:00:00-04:00,77.18000030517578
2025-10-22 00:00:00-04:00,75.48999786376953
2025-10-23 00:00:00-04:00,74.05000305175781
2025-10-24 00:00:00-04:00,68.94000244140625
2025-10-27 00:00:00-04:00,66.87000274658203
2025-10-28 00:00:00-04:00,67.30000305175781
2025-10-29 00:00:00-04:00,65.75
2025-10-30 00:00:00-04:00,66.87999725341797
2025-10-31 00:00:00-04:00,66.61000061035156
2025-11-03 00:00:00-05:00,67.2300033569336
2025-11-04 00:00:00-05:00,68.0199966430664
2025-11-05 00:00:00-05:00,72.41999816894531
2025-11-06 00:00:00-05:00,72.44000244140625
2025-11-07 00:00:00-05:00,74.41000366210938
2025-11-10 00:00:00-05:00,78.86000061035156
2025-11-12 00:00:00-05:00,81.12000274658203
2025-11-13 00:00:00-05:00,79.0999984741211
2025-11-14 00:00:00-05:00,79.70999908447266
2025-11-17 00:00:00-05:00,82.58000183105469
2025-11-18 00:00:00-05:00,83.18000030517578
2025-11-19 00:00:00-05:00,84.31999969482422
2025-11-20 00:00:00-05:00,77.80999755859375
2025-11-21 00:00:00-05:00,78.80999755859375
2025-11-24 00:00:00-05:00,76.81999969482422
2025-11-25 00:00:00-05:00,72.81999969482422
2025-11-26 00:00:00-05:00,71.9000015258789
2025-11-28 00:00:00-05:00,68.94999694824219
2025-12-01 00:00:00-05:00,71.3499984741211
2025-12-02 00:00:00-05:00,69.91000366210938
2025-12-03 00:00:00-05:00,66.45999908447266
2025-12-04 00:00:00-05:00,65.69000244140625
2025-12-05 00:00:00-05:00,67.27999877929688
2025-12-08 00:00:00-05:00,72.30000305175781
2025-12-09 00:00:00-05:00,75.37999725341797
2025-12-10 00:00:00-05:00,68.62000274658203
2025-12-11 00:00:00-05:00,69.23999786376953
2025-12-12 00:00:00-05:00,69.25
2025-12-15 00:00:00-05:00,73.30999755859375
2025-12-16 00:00:00-05:00,67.13999938964844
2025-12-17 00:00:00-05:00,62.7400016784668
2025-12-18 00:00:00-05:00,60.0099983215332
2025-12-19 00:00:00-05:00,59.40999984741211
2025-12-22 00:00:00-05:00,61.70000076293945
2025-12-23 00:00:00-05:00,61.16999816894531
2025-12-24 00:00:00-05:00,59.47999954223633
2025-12-26 00:00:00-05:00,58.5
2025-12-29 00:00:00-05:00,59.209999084472656
2025-12-30 00:00:00-05:00,63.97999954223633
2025-12-31 00:00:00-05:00,63.959999084472656
2026-01-02 00:00:00-05:00,62.36000061035156
2026-01-05 00:00:00-05:00,64.70999908447266
2026-01-06 00:00:00-05:00,65.81999969482422
2026-01-07 00:00:00-05:00,66.1500015258789
2026-01-08 00:00:00-05:00,66.94000244140625
2026-01-09 00:00:00-05:00,61.54999923706055
2026-01-12 00:00:00-05:00,62.900001525878906
2026-01-13 00:00:00-05:00,60.790000915527344
2026-01-14 00:00:00-05:00,58.11000061035156
2026-01-15 00:00:00-05:00,56.13999938964844
2026-01-16 00:00:00-05:00,58.04999923706055
2026-01-20 00:00:00-05:00,66.66999816894531
2026-01-21 00:00:00-05:00,59.560001373291016
2026-01-22 00:00:00-05:00,56.5
2026-01-23 00:00:00-05:00,56.25
2026-01-26 00:00:00-05:00,55.77000045776367
2026-01-27 00:00:00-05:00,56.119998931884766
2026-01-28 00:00:00-05:00,57.43000030517578
2026-01-29 00:00:00-05:00,60.72999954223633
2026-01-30 00:00:00-05:00,59.20000076293945
2026-02-02 00:00:00-05:00,59.29999923706055
2026-02-03 00:00:00-05:00,57.540000915527344
2026-02-04 00:00:00-05:00,57.5099983215332
2026-02-05 00:00:00-05:00,62.15999984741211
2026-02-06 00:00:00-05:00,63.619998931884766
2026-02-09 00:00:00-05:00,62.7400016784668
2026-02-10 00:00:00-05:00,64.55000305175781
2026-02-11 00:00:00-05:00,61.349998474121094
2026-02-12 00:00:00-05:00,68.56999969482422
2026-02-13 00:00:00-05:00,70.0999984741211
2026-02-17 00:00:00-05:00,68.83999633789062
2026-02-18 00:00:00-05:00,64.19000244140625
2026-02-19 00:00:00-05:00,68.02999877929688
2026-02-20 00:00:00-05:00,64.2699966430664
2026-02-23 00:00:00-05:00,68.02999877929688
2026-02-24 00:00:00-05:00,65.2699966430664
2026-02-25 00:00:00-05:00,62.43000030517578
2026-02-26 00:00:00-05:00,63.93000030517578
2026-02-27 00:00:00-05:00,73.37999725341797
2026-03-02 00:00:00-05:00,73.20999908447266
2026-03-03 00:00:00-05:00,77.75
2026-03-04 00:00:00-05:00,70.02999877929688
2026-03-05 00:00:00-05:00,74.52999877929688
2026-03-06 00:00:00-05:00,81.26000213623047
2026-03-09 00:00:00-04:00,79.73999786376953
2026-03-10 00:00:00-04:00,76.33000183105469
2026-03-11 00:00:00-04:00,78.58999633789062
2026-03-12 00:00:00-04:00,95.30000305175781
2026-03-13 00:00:00-04:00,91.16999816894531
2026-03-16 00:00:00-04:00,85.25
2026-03-17 00:00:00-04:00,79.2300033569336
2026-03-18 00:00:00-04:00,81.25
2026-03-19 00:00:00-04:00,84.87999725341797
2026-03-20 00:00:00-04:00,108.83999633789062
2026-03-23 00:00:00-04:00,98.1500015258789
2026-03-24 00:00:00-04:00,103.01000213623047
2026-03-25 00:00:00-04:00,97.58999633789062
2026-03-26 00:00:00-04:00,115.0199966430664
2026-03-27 00:00:00-04:00,111.94999694824219
2026-03-30 00:00:00-04:00,108.33000183105469
2026-03-31 00:00:00-04:00,96.05000305175781
2026-04-01 00:00:00-04:00,90.19000244140625
2026-04-02 00:00:00-04:00,84.41000366210938
2026-04-06 00:00:00-04:00,81.68000030517578
2026-04-07 00:00:00-04:00,83.1500015258789
2026-04-08 00:00:00-04:00,78.73999786376953
2026-04-09 00:00:00-04:00,74.01000213623047
2026-04-10 00:00:00-04:00,72.1500015258789
