,Date,DTB3
0,1954-01-04,1.33
1,1954-01-05,1.28
2,1954-01-06,1.28
3,1954-01-07,1.31
4,1954-01-08,1.31
5,1954-01-11,1.33
6,1954-01-12,1.3
7,1954-01-13,1.3
8,1954-01-14,1.28
9,1954-01-15,1.2
10,1954-01-18,1.2
11,1954-01-20,1.16
12,1954-01-21,1.08
13,1954-01-22,1.0
14,1954-01-25,1.0
15,1954-01-26,1.0
16,1954-01-27,1.08
17,1954-01-28,0.96
18,1954-01-29,1.02
19,1954-02-01,1.04
20,1954-02-02,1.0
21,1954-02-03,1.02
22,1954-02-04,1.01
23,1954-02-05,0.9
24,1954-02-08,0.89
25,1954-02-09,0.88
26,1954-02-10,0.93
27,1954-02-11,0.94
28,1954-02-15,0.98
29,1954-02-16,0.98
30,1954-02-17,1.02
31,1954-02-18,0.97
32,1954-02-19,0.96
33,1954-02-23,0.95
34,1954-02-24,0.97
35,1954-02-25,1.0
36,1954-02-26,1.0
37,1954-03-01,1.03
38,1954-03-02,1.03
39,1954-03-03,1.05
40,1954-03-04,1.03
41,1954-03-05,1.02
42,1954-03-08,1.03
43,1954-03-09,1.03
44,1954-03-10,1.06
45,1954-03-11,1.05
46,1954-03-12,1.04
47,1954-03-15,1.04
48,1954-03-16,1.02
49,1954-03-17,1.01
50,1954-03-18,1.01
51,1954-03-19,1.0
52,1954-03-22,1.0
53,1954-03-23,1.0
54,1954-03-24,1.05
55,1954-03-25,1.07
56,1954-03-26,1.05
57,1954-03-29,1.05
58,1954-03-30,1.04
59,1954-03-31,1.03
60,1954-04-01,1.02
61,1954-04-02,1.0
62,1954-04-05,0.98
63,1954-04-06,0.97
64,1954-04-07,1.0
65,1954-04-08,1.0
66,1954-04-09,1.03
67,1954-04-12,1.04
68,1954-04-13,1.06
69,1954-04-14,1.04
70,1954-04-15,1.03
71,1954-04-16,1.03
72,1954-04-19,1.02
73,1954-04-20,1.0
74,1954-04-21,1.0
75,1954-04-22,0.98
76,1954-04-23,0.94
77,1954-04-26,0.85
78,1954-04-27,0.83
79,1954-04-28,0.82
80,1954-04-29,0.81
81,1954-04-30,0.81
82,1954-05-03,0.77
83,1954-05-04,0.72
84,1954-05-05,0.72
85,1954-05-06,0.75
86,1954-05-07,0.79
87,1954-05-10,0.8
88,1954-05-11,0.78
89,1954-05-12,0.82
90,1954-05-13,0.82
91,1954-05-14,0.8
92,1954-05-17,0.8
93,1954-05-18,0.81
94,1954-05-19,0.79
95,1954-05-20,0.78
96,1954-05-21,0.76
97,1954-05-24,0.73
98,1954-05-25,0.7
99,1954-05-26,0.7
100,1954-05-27,0.7
101,1954-05-28,0.72
102,1954-06-01,0.71
103,1954-06-02,0.71
104,1954-06-03,0.68
105,1954-06-04,0.66
106,1954-06-07,0.61
107,1954-06-08,0.61
108,1954-06-09,0.62
109,1954-06-10,0.61
110,1954-06-11,0.62
111,1954-06-14,0.64
112,1954-06-15,0.63
113,1954-06-16,0.63
114,1954-06-17,0.61
115,1954-06-18,0.63
116,1954-06-21,0.63
117,1954-06-22,0.61
118,1954-06-23,0.62
119,1954-06-24,0.62
120,1954-06-25,0.64
121,1954-06-28,0.64
122,1954-06-29,0.64
123,1954-06-30,0.64
124,1954-07-01,0.65
125,1954-07-02,0.66
126,1954-07-06,0.66
127,1954-07-07,0.65
128,1954-07-08,0.65
129,1954-07-09,0.67
130,1954-07-12,0.69
131,1954-07-13,0.7
132,1954-07-14,0.73
133,1954-07-15,0.75
134,1954-07-16,0.73
135,1954-07-19,0.73
136,1954-07-20,0.72
137,1954-07-21,0.74
138,1954-07-22,0.75
139,1954-07-23,0.77
140,1954-07-26,0.78
141,1954-07-27,0.77
142,1954-07-28,0.79
143,1954-07-29,0.79
144,1954-07-30,0.79
145,1954-08-02,0.78
146,1954-08-03,0.77
147,1954-08-04,0.79
148,1954-08-05,0.8
149,1954-08-06,0.83
150,1954-08-09,0.9
151,1954-08-10,0.88
152,1954-08-11,0.93
153,1954-08-12,0.93
154,1954-08-13,0.93
155,1954-08-16,0.91
156,1954-08-17,0.91
157,1954-08-18,0.92
158,1954-08-19,0.93
159,1954-08-20,0.94
160,1954-08-23,1.0
161,1954-08-24,1.0
162,1954-08-25,0.98
163,1954-08-26,0.99
164,1954-08-27,1.0
165,1954-08-30,1.04
166,1954-08-31,1.05
167,1954-09-01,1.03
168,1954-09-02,1.02
169,1954-09-03,1.02
170,1954-09-07,1.03
171,1954-09-08,1.02
172,1954-09-09,1.02
173,1954-09-10,1.02
174,1954-09-13,1.03
175,1954-09-14,1.04
176,1954-09-15,1.02
177,1954-09-16,1.0
178,1954-09-17,1.0
179,1954-09-20,0.98
180,1954-09-21,0.98
181,1954-09-22,0.99
182,1954-09-23,0.99
183,1954-09-24,0.99
184,1954-09-27,1.0
185,1954-09-28,0.99
186,1954-09-29,1.0
187,1954-09-30,0.99
188,1954-10-01,0.97
189,1954-10-04,0.96
190,1954-10-05,0.94
191,1954-10-06,0.94
192,1954-10-07,0.94
193,1954-10-08,0.94
194,1954-10-11,0.96
195,1954-10-13,0.98
196,1954-10-14,0.99
197,1954-10-15,1.0
198,1954-10-18,1.0
199,1954-10-19,0.99
200,1954-10-20,1.01
201,1954-10-21,1.0
202,1954-10-22,1.0
203,1954-10-25,1.0
204,1954-10-26,1.0
205,1954-10-27,1.01
206,1954-10-28,1.01
207,1954-10-29,1.0
208,1954-11-01,1.0
209,1954-11-03,1.01
210,1954-11-04,1.01
211,1954-11-05,0.97
212,1954-11-08,0.94
213,1954-11-09,0.87
214,1954-11-10,0.88
215,1954-11-12,0.9
216,1954-11-15,0.9
217,1954-11-16,0.89
218,1954-11-17,0.9
219,1954-11-18,0.88
220,1954-11-19,0.87
221,1954-11-22,0.87
222,1954-11-23,0.89
223,1954-11-24,0.93
224,1954-11-26,0.97
225,1954-11-29,1.0
226,1954-11-30,1.01
227,1954-12-01,1.03
228,1954-12-02,1.03
229,1954-12-03,1.03
230,1954-12-06,1.05
231,1954-12-07,1.06
232,1954-12-08,1.1
233,1954-12-09,1.11
234,1954-12-10,1.14
235,1954-12-13,1.26
236,1954-12-14,1.28
237,1954-12-15,1.23
238,1954-12-16,1.24
239,1954-12-17,1.25
240,1954-12-20,1.29
241,1954-12-21,1.26
242,1954-12-22,1.22
243,1954-12-23,1.2
244,1954-12-24,1.2
245,1954-12-27,1.15
246,1954-12-28,1.12
247,1954-12-29,1.08
248,1954-12-30,1.03
249,1954-12-31,1.02
250,1955-01-03,1.07
251,1955-01-04,1.07
252,1955-01-05,1.08
253,1955-01-06,1.1
254,1955-01-07,1.11
255,1955-01-10,1.2
256,1955-01-11,1.23
257,1955-01-12,1.28
258,1955-01-13,1.35
259,1955-01-14,1.36
260,1955-01-17,1.36
261,1955-01-18,1.33
262,1955-01-20,1.28
263,1955-01-21,1.29
264,1955-01-24,1.31
265,1955-01-25,1.3
266,1955-01-26,1.26
267,1955-01-27,1.2
268,1955-01-28,1.14
269,1955-01-31,1.12
270,1955-02-01,1.1
271,1955-02-02,1.12
272,1955-02-03,1.13
273,1955-02-04,1.08
274,1955-02-07,1.04
275,1955-02-08,1.03
276,1955-02-09,1.07
277,1955-02-10,1.07
278,1955-02-11,1.06
279,1955-02-14,1.1
280,1955-02-15,1.1
281,1955-02-16,1.17
282,1955-02-17,1.2
283,1955-02-18,1.23
284,1955-02-21,1.3
285,1955-02-23,1.35
286,1955-02-24,1.37
287,1955-02-25,1.37
288,1955-02-28,1.37
289,1955-03-01,1.36
290,1955-03-02,1.33
291,1955-03-03,1.24
292,1955-03-04,1.17
293,1955-03-07,1.2
294,1955-03-08,1.19
295,1955-03-09,1.25
296,1955-03-10,1.27
297,1955-03-11,1.24
298,1955-03-14,1.25
299,1955-03-15,1.23
300,1955-03-16,1.26
301,1955-03-17,1.28
302,1955-03-18,1.3
303,1955-03-21,1.32
304,1955-03-22,1.27
305,1955-03-23,1.31
306,1955-03-24,1.31
307,1955-03-25,1.29
308,1955-03-28,1.32
309,1955-03-29,1.33
310,1955-03-30,1.4
311,1955-03-31,1.41
312,1955-04-01,1.4
313,1955-04-04,1.43
314,1955-04-05,1.46
315,1955-04-06,1.52
316,1955-04-07,1.55
317,1955-04-08,1.55
318,1955-04-11,1.63
319,1955-04-12,1.62
320,1955-04-13,1.65
321,1955-04-14,1.62
322,1955-04-15,1.62
323,1955-04-18,1.64
324,1955-04-19,1.64
325,1955-04-20,1.65
326,1955-04-21,1.65
327,1955-04-22,1.65
328,1955-04-25,1.66
329,1955-04-26,1.62
330,1955-04-27,1.62
331,1955-04-28,1.63
332,1955-04-29,1.59
333,1955-05-02,1.61
334,1955-05-03,1.59
335,1955-05-04,1.54
336,1955-05-05,1.49
337,1955-05-06,1.51
338,1955-05-09,1.44
339,1955-05-10,1.39
340,1955-05-11,1.42
341,1955-05-12,1.44
342,1955-05-13,1.43
343,1955-05-16,1.41
344,1955-05-17,1.39
345,1955-05-18,1.41
346,1955-05-19,1.44
347,1955-05-20,1.42
348,1955-05-23,1.43
349,1955-05-24,1.44
350,1955-05-25,1.47
351,1955-05-26,1.43
352,1955-05-27,1.41
353,1955-05-31,1.39
354,1955-06-01,1.4
355,1955-06-02,1.36
356,1955-06-03,1.32
357,1955-06-06,1.35
358,1955-06-07,1.36
359,1955-06-08,1.43
360,1955-06-09,1.44
361,1955-06-10,1.47
362,1955-06-13,1.47
363,1955-06-14,1.44
364,1955-06-15,1.49
365,1955-06-16,1.5
366,1955-06-17,1.45
367,1955-06-20,1.41
368,1955-06-21,1.36
369,1955-06-22,1.37
370,1955-06-23,1.37
371,1955-06-24,1.33
372,1955-06-27,1.37
373,1955-06-28,1.4
374,1955-06-29,1.45
375,1955-06-30,1.47
376,1955-07-01,1.46
377,1955-07-05,1.48
378,1955-07-06,1.53
379,1955-07-07,1.52
380,1955-07-08,1.51
381,1955-07-11,1.55
382,1955-07-12,1.55
383,1955-07-13,1.6
384,1955-07-14,1.57
385,1955-07-15,1.57
386,1955-07-18,1.55
387,1955-07-19,1.55
388,1955-07-20,1.64
389,1955-07-21,1.66
390,1955-07-22,1.66
391,1955-07-25,1.68
392,1955-07-26,1.68
393,1955-07-27,1.72
394,1955-07-28,1.73
395,1955-07-29,1.75
396,1955-08-01,1.83
397,1955-08-02,1.86
398,1955-08-03,1.9
399,1955-08-04,1.91
400,1955-08-05,1.89
401,1955-08-08,1.88
402,1955-08-09,1.88
403,1955-08-10,1.89
404,1955-08-11,1.87
405,1955-08-12,1.84
406,1955-08-15,1.86
407,1955-08-16,1.86
408,1955-08-17,1.88
409,1955-08-18,1.82
410,1955-08-19,1.8
411,1955-08-22,1.84
412,1955-08-23,1.86
413,1955-08-24,1.92
414,1955-08-25,1.93
415,1955-08-26,1.95
416,1955-08-29,2.04
417,1955-08-30,2.07
418,1955-08-31,2.09
419,1955-09-01,2.1
420,1955-09-02,2.09
421,1955-09-06,2.09
422,1955-09-07,2.11
423,1955-09-08,2.1
424,1955-09-09,2.11
425,1955-09-12,2.09
426,1955-09-13,2.08
427,1955-09-14,2.06
428,1955-09-15,2.04
429,1955-09-16,2.02
430,1955-09-19,1.98
431,1955-09-20,1.96
432,1955-09-21,1.98
433,1955-09-22,2.01
434,1955-09-23,2.04
435,1955-09-26,2.08
436,1955-09-27,2.08
437,1955-09-28,2.12
438,1955-09-29,2.12
439,1955-09-30,2.15
440,1955-10-03,2.18
441,1955-10-04,2.2
442,1955-10-05,2.23
443,1955-10-06,2.22
444,1955-10-07,2.22
445,1955-10-10,2.23
446,1955-10-11,2.24
447,1955-10-13,2.27
448,1955-10-14,2.3
449,1955-10-17,2.29
450,1955-10-18,2.27
451,1955-10-19,2.27
452,1955-10-20,2.23
453,1955-10-21,2.21
454,1955-10-24,2.21
455,1955-10-25,2.2
456,1955-10-26,2.23
457,1955-10-27,2.22
458,1955-10-28,2.19
459,1955-10-31,2.15
460,1955-11-01,2.1
461,1955-11-02,2.06
462,1955-11-03,2.01
463,1955-11-04,1.96
464,1955-11-07,2.0
465,1955-11-08,2.0
466,1955-11-09,2.08
467,1955-11-10,2.12
468,1955-11-14,2.2
469,1955-11-15,2.3
470,1955-11-16,2.34
471,1955-11-17,2.27
472,1955-11-18,2.35
473,1955-11-21,2.4
474,1955-11-22,2.38
475,1955-11-23,2.44
476,1955-11-25,2.42
477,1955-11-28,2.42
478,1955-11-29,2.42
479,1955-11-30,2.44
480,1955-12-01,2.42
481,1955-12-02,2.36
482,1955-12-05,2.4
483,1955-12-06,2.45
484,1955-12-07,2.51
485,1955-12-08,2.5
486,1955-12-09,2.52
487,1955-12-12,2.52
488,1955-12-13,2.52
489,1955-12-14,2.57
490,1955-12-15,2.56
491,1955-12-16,2.55
492,1955-12-19,2.58
493,1955-12-20,2.6
494,1955-12-21,2.65
495,1955-12-22,2.66
496,1955-12-23,2.67
497,1955-12-27,2.65
498,1955-12-28,2.63
499,1955-12-29,2.54
500,1955-12-30,2.5
501,1956-01-03,2.5
502,1956-01-04,2.5
503,1956-01-05,2.52
504,1956-01-06,2.52
505,1956-01-09,2.58
506,1956-01-10,2.51
507,1956-01-11,2.55
508,1956-01-12,2.53
509,1956-01-13,2.5
510,1956-01-16,2.46
511,1956-01-17,2.42
512,1956-01-18,2.41
513,1956-01-19,2.35
514,1956-01-20,2.3
515,1956-01-23,2.26
516,1956-01-24,2.26
517,1956-01-25,2.28
518,1956-01-26,2.28
519,1956-01-27,2.3
520,1956-01-30,2.34
521,1956-01-31,2.32
522,1956-02-01,2.3
523,1956-02-02,2.25
524,1956-02-03,2.26
525,1956-02-06,2.22
526,1956-02-07,2.2
527,1956-02-08,2.25
528,1956-02-09,2.28
529,1956-02-10,2.33
530,1956-02-13,2.33
531,1956-02-14,2.32
532,1956-02-15,2.37
533,1956-02-16,2.38
534,1956-02-17,2.37
535,1956-02-20,2.36
536,1956-02-21,2.41
537,1956-02-23,2.42
538,1956-02-24,2.41
539,1956-02-27,2.36
540,1956-02-28,2.28
541,1956-02-29,2.3
542,1956-03-01,2.18
543,1956-03-02,2.06
544,1956-03-05,2.15
545,1956-03-06,2.18
546,1956-03-07,2.29
547,1956-03-08,2.29
548,1956-03-09,2.28
549,1956-03-12,2.32
550,1956-03-13,2.33
551,1956-03-14,2.4
552,1956-03-15,2.37
553,1956-03-16,2.38
554,1956-03-19,2.37
555,1956-03-20,2.27
556,1956-03-21,2.25
557,1956-03-22,2.22
558,1956-03-23,2.17
559,1956-03-26,2.13
560,1956-03-27,2.12
561,1956-03-28,2.2
562,1956-03-29,2.3
563,1956-03-30,2.3
564,1956-04-02,2.35
565,1956-04-03,2.36
566,1956-04-04,2.43
567,1956-04-05,2.38
568,1956-04-06,2.38
569,1956-04-09,2.46
570,1956-04-10,2.48
571,1956-04-11,2.57
572,1956-04-12,2.56
573,1956-04-13,2.68
574,1956-04-16,2.75
575,1956-04-17,2.7
576,1956-04-18,2.75
577,1956-04-19,2.75
578,1956-04-20,2.75
579,1956-04-23,2.73
580,1956-04-24,2.7
581,1956-04-25,2.73
582,1956-04-26,2.7
583,1956-04-27,2.68
584,1956-04-30,2.69
585,1956-05-01,2.65
586,1956-05-02,2.62
587,1956-05-03,2.56
588,1956-05-04,2.54
589,1956-05-07,2.49
590,1956-05-08,2.51
591,1956-05-09,2.56
592,1956-05-10,2.6
593,1956-05-11,2.61
594,1956-05-14,2.65
595,1956-05-15,2.65
596,1956-05-16,2.71
597,1956-05-17,2.67
598,1956-05-18,2.65
599,1956-05-21,2.65
600,1956-05-22,2.65
601,1956-05-23,2.68
602,1956-05-24,2.65
603,1956-05-25,2.61
604,1956-05-28,2.54
605,1956-05-29,2.53
606,1956-05-31,2.57
607,1956-06-01,2.55
608,1956-06-04,2.52
609,1956-06-05,2.5
610,1956-06-06,2.54
611,1956-06-07,2.54
612,1956-06-08,2.54
613,1956-06-11,2.55
614,1956-06-12,2.51
615,1956-06-13,2.52
616,1956-06-14,2.5
617,1956-06-15,2.49
618,1956-06-18,2.43
619,1956-06-19,2.38
620,1956-06-20,2.42
621,1956-06-21,2.41
622,1956-06-22,2.43
623,1956-06-25,2.49
624,1956-06-26,2.52
625,1956-06-27,2.54
626,1956-06-28,2.44
627,1956-06-29,2.42
628,1956-07-02,2.38
629,1956-07-03,2.34
630,1956-07-05,2.29
631,1956-07-06,2.33
632,1956-07-09,2.34
633,1956-07-10,2.3
634,1956-07-11,2.37
635,1956-07-12,2.36
636,1956-07-13,2.3
637,1956-07-16,2.24
638,1956-07-17,2.24
639,1956-07-18,2.29
640,1956-07-19,2.29
641,1956-07-20,2.26
642,1956-07-23,2.28
643,1956-07-24,2.29
644,1956-07-25,2.37
645,1956-07-26,2.34
646,1956-07-27,2.31
647,1956-07-30,2.33
648,1956-07-31,2.3
649,1956-08-01,2.31
650,1956-08-02,2.27
651,1956-08-03,2.24
652,1956-08-06,2.33
653,1956-08-07,2.36
654,1956-08-08,2.43
655,1956-08-09,2.41
656,1956-08-10,2.48
657,1956-08-13,2.56
658,1956-08-14,2.59
659,1956-08-15,2.65
660,1956-08-16,2.69
661,1956-08-17,2.7
662,1956-08-20,2.78
663,1956-08-21,2.8
664,1956-08-22,2.86
665,1956-08-23,2.84
666,1956-08-24,2.8
667,1956-08-27,2.77
668,1956-08-28,2.7
669,1956-08-29,2.73
670,1956-08-30,2.74
671,1956-08-31,2.66
672,1956-09-04,2.64
673,1956-09-05,2.7
674,1956-09-06,2.7
675,1956-09-07,2.7
676,1956-09-10,2.73
677,1956-09-11,2.75
678,1956-09-12,2.82
679,1956-09-13,2.82
680,1956-09-14,2.82
681,1956-09-17,2.87
682,1956-09-18,2.86
683,1956-09-19,2.95
684,1956-09-20,2.93
685,1956-09-21,2.92
686,1956-09-24,2.93
687,1956-09-25,2.93
688,1956-09-26,2.97
689,1956-09-27,2.96
690,1956-09-28,2.91
691,1956-10-01,2.85
692,1956-10-02,2.84
693,1956-10-03,2.88
694,1956-10-04,2.88
695,1956-10-05,2.92
696,1956-10-08,2.96
697,1956-10-09,2.95
698,1956-10-10,3.01
699,1956-10-11,2.93
700,1956-10-15,2.93
701,1956-10-16,2.89
702,1956-10-17,2.97
703,1956-10-18,2.97
704,1956-10-19,2.93
705,1956-10-22,2.88
706,1956-10-23,2.86
707,1956-10-24,2.85
708,1956-10-25,2.86
709,1956-10-26,2.86
710,1956-10-29,2.86
711,1956-10-30,2.82
712,1956-10-31,2.86
713,1956-11-01,2.85
714,1956-11-02,2.86
715,1956-11-05,2.87
716,1956-11-06,2.87
717,1956-11-07,2.9
718,1956-11-08,2.94
719,1956-11-09,2.94
720,1956-11-13,2.94
721,1956-11-14,3.0
722,1956-11-15,3.01
723,1956-11-16,3.0
724,1956-11-19,3.0
725,1956-11-20,3.01
726,1956-11-21,3.07
727,1956-11-23,3.1
728,1956-11-26,3.16
729,1956-11-27,3.12
730,1956-11-28,3.03
731,1956-11-29,3.03
732,1956-11-30,3.04
733,1956-12-03,3.06
734,1956-12-04,3.07
735,1956-12-05,3.14
736,1956-12-06,3.14
737,1956-12-07,3.19
738,1956-12-10,3.22
739,1956-12-11,3.22
740,1956-12-12,3.25
741,1956-12-13,3.24
742,1956-12-14,3.25
743,1956-12-17,3.29
744,1956-12-18,3.26
745,1956-12-19,3.32
746,1956-12-20,3.27
747,1956-12-21,3.19
748,1956-12-24,3.11
749,1956-12-26,3.22
750,1956-12-27,3.23
751,1956-12-28,3.22
752,1956-12-31,3.22
753,1957-01-01,3.22
754,1957-01-02,3.17
755,1957-01-03,3.1
756,1957-01-04,3.07
757,1957-01-07,3.1
758,1957-01-08,3.05
759,1957-01-09,3.12
760,1957-01-10,3.06
761,1957-01-11,3.06
762,1957-01-14,3.14
763,1957-01-15,3.1
764,1957-01-16,3.12
765,1957-01-17,3.06
766,1957-01-18,3.02
767,1957-01-21,3.02
768,1957-01-22,3.02
769,1957-01-23,3.11
770,1957-01-24,3.16
771,1957-01-25,3.17
772,1957-01-28,3.23
773,1957-01-29,3.18
774,1957-01-30,3.17
775,1957-01-31,3.12
776,1957-02-01,3.08
777,1957-02-04,3.09
778,1957-02-05,3.05
779,1957-02-06,3.08
780,1957-02-07,3.03
781,1957-02-08,3.0
782,1957-02-11,3.0
783,1957-02-12,3.0
784,1957-02-13,2.98
785,1957-02-14,3.0
786,1957-02-15,3.04
787,1957-02-18,3.1
788,1957-02-19,3.1
789,1957-02-20,3.19
790,1957-02-21,3.2
791,1957-02-25,3.22
792,1957-02-26,3.24
793,1957-02-27,3.29
794,1957-02-28,3.28
795,1957-03-01,3.24
796,1957-03-04,3.18
797,1957-03-05,3.15
798,1957-03-06,3.19
799,1957-03-07,3.19
800,1957-03-08,3.2
801,1957-03-11,3.19
802,1957-03-12,3.16
803,1957-03-13,3.17
804,1957-03-14,3.14
805,1957-03-15,3.1
806,1957-03-18,3.02
807,1957-03-19,3.02
808,1957-03-20,3.0
809,1957-03-21,2.97
810,1957-03-22,2.97
811,1957-03-25,2.98
812,1957-03-26,2.94
813,1957-03-27,2.99
814,1957-03-28,2.96
815,1957-03-29,2.96
816,1957-04-01,2.96
817,1957-04-02,2.97
818,1957-04-03,3.06
819,1957-04-04,3.08
820,1957-04-05,3.08
821,1957-04-08,3.1
822,1957-04-09,3.09
823,1957-04-10,3.14
824,1957-04-11,3.16
825,1957-04-12,3.16
826,1957-04-15,3.14
827,1957-04-16,3.11
828,1957-04-17,3.12
829,1957-04-18,3.08
830,1957-04-19,3.08
831,1957-04-22,3.04
832,1957-04-23,3.02
833,1957-04-24,3.02
834,1957-04-25,3.02
835,1957-04-26,3.02
836,1957-04-29,3.0
837,1957-04-30,3.01
838,1957-05-01,3.03
839,1957-05-02,3.0
840,1957-05-03,2.95
841,1957-05-06,2.92
842,1957-05-07,2.92
843,1957-05-08,2.97
844,1957-05-09,2.94
845,1957-05-10,2.92
846,1957-05-13,2.9
847,1957-05-14,2.92
848,1957-05-15,2.99
849,1957-05-16,3.02
850,1957-05-17,3.07
851,1957-05-20,3.08
852,1957-05-21,3.09
853,1957-05-22,3.14
854,1957-05-23,3.16
855,1957-05-24,3.21
856,1957-05-27,3.22
857,1957-05-28,3.23
858,1957-05-29,3.29
859,1957-05-31,3.31
860,1957-06-03,3.32
861,1957-06-04,3.32
862,1957-06-05,3.34
863,1957-06-06,3.29
864,1957-06-07,3.24
865,1957-06-10,3.24
866,1957-06-11,3.24
867,1957-06-12,3.27
868,1957-06-13,3.3
869,1957-06-14,3.32
870,1957-06-17,3.36
871,1957-06-18,3.36
872,1957-06-19,3.37
873,1957-06-20,3.38
874,1957-06-21,3.32
875,1957-06-24,3.22
876,1957-06-25,3.2
877,1957-06-26,3.23
878,1957-06-27,3.27
879,1957-06-28,3.22
880,1957-07-01,3.18
881,1957-07-02,3.14
882,1957-07-03,3.23
883,1957-07-05,3.21
884,1957-07-08,3.12
885,1957-07-09,3.1
886,1957-07-10,3.18
887,1957-07-11,3.15
888,1957-07-12,3.11
889,1957-07-15,3.06
890,1957-07-16,3.06
891,1957-07-17,3.06
892,1957-07-18,3.02
893,1957-07-19,3.0
894,1957-07-22,3.08
895,1957-07-23,3.12
896,1957-07-24,3.22
897,1957-07-25,3.24
898,1957-07-26,3.26
899,1957-07-29,3.3
900,1957-07-30,3.33
901,1957-07-31,3.38
902,1957-08-01,3.37
903,1957-08-02,3.3
904,1957-08-05,3.26
905,1957-08-06,3.24
906,1957-08-07,3.3
907,1957-08-08,3.31
908,1957-08-09,3.36
909,1957-08-12,3.4
910,1957-08-13,3.4
911,1957-08-14,3.47
912,1957-08-15,3.4
913,1957-08-16,3.34
914,1957-08-19,3.28
915,1957-08-20,3.26
916,1957-08-21,3.34
917,1957-08-22,3.33
918,1957-08-23,3.37
919,1957-08-26,3.42
920,1957-08-27,3.42
921,1957-08-28,3.51
922,1957-08-29,3.51
923,1957-08-30,3.5
924,1957-09-02,3.5
925,1957-09-04,3.56
926,1957-09-05,3.55
927,1957-09-06,3.54
928,1957-09-09,3.52
929,1957-09-10,3.51
930,1957-09-11,3.56
931,1957-09-12,3.57
932,1957-09-13,3.57
933,1957-09-16,3.58
934,1957-09-17,3.57
935,1957-09-18,3.59
936,1957-09-19,3.6
937,1957-09-20,3.54
938,1957-09-23,3.5
939,1957-09-24,3.45
940,1957-09-25,3.5
941,1957-09-26,3.49
942,1957-09-27,3.45
943,1957-09-30,3.46
944,1957-10-01,3.44
945,1957-10-02,3.54
946,1957-10-03,3.53
947,1957-10-04,3.5
948,1957-10-07,3.49
949,1957-10-08,3.52
950,1957-10-09,3.56
951,1957-10-10,3.56
952,1957-10-11,3.57
953,1957-10-14,3.62
954,1957-10-15,3.65
955,1957-10-16,3.67
956,1957-10-17,3.67
957,1957-10-18,3.6
958,1957-10-21,3.58
959,1957-10-22,3.58
960,1957-10-23,3.61
961,1957-10-24,3.58
962,1957-10-25,3.6
963,1957-10-28,3.6
964,1957-10-29,3.58
965,1957-10-30,3.6
966,1957-10-31,3.6
967,1957-11-01,3.59
968,1957-11-04,3.54
969,1957-11-05,3.54
970,1957-11-06,3.52
971,1957-11-07,3.5
972,1957-11-08,3.46
973,1957-11-12,3.45
974,1957-11-13,3.45
975,1957-11-14,3.44
976,1957-11-15,3.16
977,1957-11-18,3.12
978,1957-11-19,3.1
979,1957-11-20,3.12
980,1957-11-21,3.13
981,1957-11-22,3.13
982,1957-11-25,3.14
983,1957-11-26,3.14
984,1957-11-27,3.15
985,1957-11-29,3.14
986,1957-12-02,3.09
987,1957-12-03,3.05
988,1957-12-04,3.07
989,1957-12-05,3.07
990,1957-12-06,3.06
991,1957-12-09,2.99
992,1957-12-10,2.97
993,1957-12-11,3.0
994,1957-12-12,3.05
995,1957-12-13,3.06
996,1957-12-16,3.1
997,1957-12-17,3.08
998,1957-12-18,3.11
999,1957-12-19,3.15
1000,1957-12-20,3.15
1001,1957-12-23,3.16
1002,1957-12-24,3.11
1003,1957-12-26,3.1
1004,1957-12-27,3.04
1005,1957-12-30,2.75
1006,1957-12-31,2.75
1007,1958-01-02,2.78
1008,1958-01-03,2.8
1009,1958-01-06,2.82
1010,1958-01-07,2.79
1011,1958-01-08,2.78
1012,1958-01-09,2.73
1013,1958-01-10,2.65
1014,1958-01-13,2.59
1015,1958-01-14,2.56
1016,1958-01-15,2.59
1017,1958-01-16,2.56
1018,1958-01-17,2.56
1019,1958-01-20,2.51
1020,1958-01-21,2.42
1021,1958-01-22,2.39
1022,1958-01-23,2.28
1023,1958-01-24,2.26
1024,1958-01-27,2.19
1025,1958-01-28,2.11
1026,1958-01-29,2.02
1027,1958-01-30,1.75
1028,1958-01-31,1.55
1029,1958-02-03,1.6
1030,1958-02-04,1.62
1031,1958-02-05,1.67
1032,1958-02-06,1.68
1033,1958-02-07,1.67
1034,1958-02-10,1.66
1035,1958-02-11,1.66
1036,1958-02-13,1.72
1037,1958-02-14,1.72
1038,1958-02-17,1.69
1039,1958-02-19,1.7
1040,1958-02-20,1.62
1041,1958-02-21,1.42
1042,1958-02-24,1.2
1043,1958-02-25,1.2
1044,1958-02-26,1.21
1045,1958-02-27,1.22
1046,1958-02-28,1.27
1047,1958-03-03,1.3
1048,1958-03-04,1.4
1049,1958-03-05,1.41
1050,1958-03-06,1.42
1051,1958-03-07,1.43
1052,1958-03-10,1.48
1053,1958-03-11,1.42
1054,1958-03-12,1.36
1055,1958-03-13,1.34
1056,1958-03-14,1.34
1057,1958-03-17,1.32
1058,1958-03-18,1.35
1059,1958-03-19,1.34
1060,1958-03-20,1.35
1061,1958-03-21,1.31
1062,1958-03-24,1.16
1063,1958-03-25,1.12
1064,1958-03-26,1.13
1065,1958-03-27,1.06
1066,1958-03-28,1.06
1067,1958-03-31,1.1
1068,1958-04-01,1.1
1069,1958-04-02,1.12
1070,1958-04-03,1.02
1071,1958-04-07,1.04
1072,1958-04-08,1.09
1073,1958-04-09,1.12
1074,1958-04-10,1.12
1075,1958-04-11,1.15
1076,1958-04-14,1.18
1077,1958-04-15,1.14
1078,1958-04-16,1.14
1079,1958-04-17,1.14
1080,1958-04-18,1.04
1081,1958-04-21,1.04
1082,1958-04-22,1.05
1083,1958-04-23,1.09
1084,1958-04-24,1.2
1085,1958-04-25,1.25
1086,1958-04-28,1.33
1087,1958-04-29,1.2
1088,1958-04-30,1.2
1089,1958-05-01,1.22
1090,1958-05-02,1.2
1091,1958-05-05,1.16
1092,1958-05-06,1.1
1093,1958-05-07,1.13
1094,1958-05-08,1.1
1095,1958-05-09,1.06
1096,1958-05-12,1.06
1097,1958-05-13,1.05
1098,1958-05-14,1.04
1099,1958-05-15,0.99
1100,1958-05-16,0.94
1101,1958-05-19,0.85
1102,1958-05-20,0.8
1103,1958-05-21,0.73
1104,1958-05-22,0.7
1105,1958-05-23,0.64
1106,1958-05-26,0.6
1107,1958-05-27,0.55
1108,1958-05-28,0.6
1109,1958-05-29,0.58
1110,1958-06-02,0.67
1111,1958-06-03,0.68
1112,1958-06-04,0.74
1113,1958-06-05,0.74
1114,1958-06-06,0.74
1115,1958-06-09,0.78
1116,1958-06-10,0.8
1117,1958-06-11,0.85
1118,1958-06-12,0.85
1119,1958-06-13,0.86
1120,1958-06-16,0.89
1121,1958-06-17,0.86
1122,1958-06-18,0.92
1123,1958-06-19,0.96
1124,1958-06-20,0.95
1125,1958-06-23,0.98
1126,1958-06-24,0.96
1127,1958-06-25,0.92
1128,1958-06-26,0.85
1129,1958-06-27,0.77
1130,1958-06-30,0.75
1131,1958-07-01,0.78
1132,1958-07-02,0.82
1133,1958-07-03,0.8
1134,1958-07-07,0.92
1135,1958-07-08,0.95
1136,1958-07-09,0.94
1137,1958-07-10,0.95
1138,1958-07-11,0.98
1139,1958-07-14,1.06
1140,1958-07-15,0.98
1141,1958-07-16,0.9
1142,1958-07-17,0.85
1143,1958-07-18,0.91
1144,1958-07-21,0.93
1145,1958-07-22,0.88
1146,1958-07-23,0.88
1147,1958-07-24,0.88
1148,1958-07-25,0.82
1149,1958-07-28,0.92
1150,1958-07-29,0.92
1151,1958-07-30,0.96
1152,1958-07-31,0.91
1153,1958-08-01,0.97
1154,1958-08-04,1.1
1155,1958-08-05,1.1
1156,1958-08-06,1.15
1157,1958-08-07,1.32
1158,1958-08-08,1.32
1159,1958-08-11,1.48
1160,1958-08-12,1.47
1161,1958-08-13,1.59
1162,1958-08-14,1.61
1163,1958-08-15,1.75
1164,1958-08-18,1.84
1165,1958-08-19,1.82
1166,1958-08-20,1.9
1167,1958-08-21,1.99
1168,1958-08-22,1.99
1169,1958-08-25,2.12
1170,1958-08-26,2.14
1171,1958-08-27,2.26
1172,1958-08-28,2.3
1173,1958-08-29,2.33
1174,1958-09-02,2.3
1175,1958-09-03,2.39
1176,1958-09-04,2.33
1177,1958-09-05,2.26
1178,1958-09-08,2.28
1179,1958-09-09,2.28
1180,1958-09-10,2.43
1181,1958-09-11,2.41
1182,1958-09-12,2.44
1183,1958-09-15,2.54
1184,1958-09-16,2.54
1185,1958-09-17,2.52
1186,1958-09-18,2.33
1187,1958-09-19,2.33
1188,1958-09-22,2.38
1189,1958-09-23,2.36
1190,1958-09-24,2.5
1191,1958-09-25,2.52
1192,1958-09-26,2.62
1193,1958-09-29,2.82
1194,1958-09-30,2.7
1195,1958-10-01,2.86
1196,1958-10-02,2.62
1197,1958-10-03,2.48
1198,1958-10-06,2.54
1199,1958-10-07,2.54
1200,1958-10-08,2.67
1201,1958-10-09,2.74
1202,1958-10-10,2.7
1203,1958-10-14,2.66
1204,1958-10-15,2.69
1205,1958-10-16,2.69
1206,1958-10-17,2.65
1207,1958-10-20,2.64
1208,1958-10-21,2.6
1209,1958-10-22,2.8
1210,1958-10-23,2.75
1211,1958-10-24,2.66
1212,1958-10-27,2.48
1213,1958-10-28,2.46
1214,1958-10-29,2.6
1215,1958-10-30,2.57
1216,1958-10-31,2.55
1217,1958-11-03,2.55
1218,1958-11-05,2.51
1219,1958-11-06,2.45
1220,1958-11-07,2.46
1221,1958-11-10,2.62
1222,1958-11-12,2.69
1223,1958-11-13,2.74
1224,1958-11-14,2.78
1225,1958-11-17,2.77
1226,1958-11-18,2.72
1227,1958-11-19,2.79
1228,1958-11-20,2.69
1229,1958-11-21,2.66
1230,1958-11-24,2.64
1231,1958-11-25,2.7
1232,1958-11-26,2.78
1233,1958-11-28,2.78
1234,1958-12-01,2.75
1235,1958-12-02,2.78
1236,1958-12-03,2.82
1237,1958-12-04,2.82
1238,1958-12-05,2.78
1239,1958-12-08,2.77
1240,1958-12-09,2.82
1241,1958-12-10,2.84
1242,1958-12-11,2.84
1243,1958-12-12,2.84
1244,1958-12-15,2.83
1245,1958-12-16,2.83
1246,1958-12-17,2.87
1247,1958-12-18,2.83
1248,1958-12-19,2.76
1249,1958-12-22,2.7
1250,1958-12-23,2.7
1251,1958-12-24,2.71
1252,1958-12-26,2.71
1253,1958-12-29,2.67
1254,1958-12-30,2.67
1255,1958-12-31,2.68
1256,1959-01-02,2.67
1257,1959-01-05,2.66
1258,1959-01-06,2.68
1259,1959-01-07,2.77
1260,1959-01-08,2.76
1261,1959-01-09,2.71
1262,1959-01-12,2.76
1263,1959-01-13,2.79
1264,1959-01-14,2.92
1265,1959-01-15,2.94
1266,1959-01-16,2.91
1267,1959-01-19,3.01
1268,1959-01-20,3.01
1269,1959-01-21,2.93
1270,1959-01-22,2.92
1271,1959-01-23,2.96
1272,1959-01-26,2.94
1273,1959-01-27,2.84
1274,1959-01-28,2.76
1275,1959-01-29,2.69
1276,1959-01-30,2.64
1277,1959-02-02,2.75
1278,1959-02-03,2.8
1279,1959-02-04,2.75
1280,1959-02-05,2.59
1281,1959-02-06,2.6
1282,1959-02-09,2.78
1283,1959-02-10,2.7
1284,1959-02-11,2.7
1285,1959-02-13,2.7
1286,1959-02-16,2.66
1287,1959-02-17,2.58
1288,1959-02-18,2.68
1289,1959-02-19,2.64
1290,1959-02-20,2.58
1291,1959-02-24,2.64
1292,1959-02-25,2.82
1293,1959-02-26,2.82
1294,1959-02-27,2.76
1295,1959-03-02,2.77
1296,1959-03-03,2.78
1297,1959-03-04,2.85
1298,1959-03-05,2.82
1299,1959-03-06,2.98
1300,1959-03-09,2.97
1301,1959-03-10,2.84
1302,1959-03-11,2.85
1303,1959-03-12,2.81
1304,1959-03-13,2.8
1305,1959-03-16,2.72
1306,1959-03-17,2.76
1307,1959-03-18,2.8
1308,1959-03-19,2.79
1309,1959-03-20,2.77
1310,1959-03-23,2.74
1311,1959-03-24,2.74
1312,1959-03-25,2.77
1313,1959-03-26,2.77
1314,1959-03-30,2.78
1315,1959-03-31,2.78
1316,1959-04-01,2.87
1317,1959-04-02,2.88
1318,1959-04-03,2.88
1319,1959-04-06,2.92
1320,1959-04-07,2.91
1321,1959-04-08,2.96
1322,1959-04-09,2.98
1323,1959-04-10,3.02
1324,1959-04-13,3.0
1325,1959-04-14,3.02
1326,1959-04-15,3.14
1327,1959-04-16,3.15
1328,1959-04-17,3.12
1329,1959-04-20,3.02
1330,1959-04-21,2.99
1331,1959-04-22,3.0
1332,1959-04-23,2.98
1333,1959-04-24,2.9
1334,1959-04-27,2.78
1335,1959-04-28,2.75
1336,1959-04-29,2.8
1337,1959-04-30,2.85
1338,1959-05-01,2.87
1339,1959-05-04,2.9
1340,1959-05-05,2.86
1341,1959-05-06,2.85
1342,1959-05-07,2.78
1343,1959-05-08,2.77
1344,1959-05-11,2.71
1345,1959-05-12,2.73
1346,1959-05-13,2.82
1347,1959-05-14,2.75
1348,1959-05-15,2.8
1349,1959-05-18,2.83
1350,1959-05-19,2.84
1351,1959-05-20,2.88
1352,1959-05-21,2.85
1353,1959-05-22,2.85
1354,1959-05-25,2.85
1355,1959-05-26,2.86
1356,1959-05-27,2.89
1357,1959-05-28,2.91
1358,1959-05-29,3.08
1359,1959-06-01,3.09
1360,1959-06-02,3.12
1361,1959-06-03,3.18
1362,1959-06-04,3.2
1363,1959-06-05,3.18
1364,1959-06-08,3.23
1365,1959-06-09,3.25
1366,1959-06-10,3.3
1367,1959-06-11,3.28
1368,1959-06-12,3.28
1369,1959-06-15,3.23
1370,1959-06-16,3.22
1371,1959-06-17,3.26
1372,1959-06-18,3.22
1373,1959-06-19,3.25
1374,1959-06-22,3.22
1375,1959-06-23,3.21
1376,1959-06-24,3.27
1377,1959-06-25,3.27
1378,1959-06-26,3.12
1379,1959-06-29,3.1
1380,1959-06-30,3.14
1381,1959-07-01,3.2
1382,1959-07-02,3.19
1383,1959-07-03,3.19
1384,1959-07-06,3.2
1385,1959-07-07,3.22
1386,1959-07-08,3.33
1387,1959-07-09,3.32
1388,1959-07-10,3.31
1389,1959-07-13,3.34
1390,1959-07-14,3.38
1391,1959-07-15,3.39
1392,1959-07-16,3.38
1393,1959-07-17,3.34
1394,1959-07-20,3.32
1395,1959-07-21,3.24
1396,1959-07-22,3.14
1397,1959-07-23,3.04
1398,1959-07-24,3.0
1399,1959-07-27,3.02
1400,1959-07-28,2.98
1401,1959-07-29,3.03
1402,1959-07-30,3.01
1403,1959-07-31,3.0
1404,1959-08-03,2.99
1405,1959-08-04,2.97
1406,1959-08-05,3.01
1407,1959-08-06,3.03
1408,1959-08-07,3.01
1409,1959-08-10,3.04
1410,1959-08-11,3.08
1411,1959-08-12,3.24
1412,1959-08-13,3.24
1413,1959-08-14,3.26
1414,1959-08-17,3.36
1415,1959-08-18,3.44
1416,1959-08-19,3.52
1417,1959-08-20,3.54
1418,1959-08-21,3.66
1419,1959-08-24,3.78
1420,1959-08-25,3.75
1421,1959-08-26,3.77
1422,1959-08-27,3.65
1423,1959-08-28,3.7
1424,1959-08-31,3.88
1425,1959-09-01,3.92
1426,1959-09-02,4.01
1427,1959-09-03,3.99
1428,1959-09-04,3.93
1429,1959-09-08,4.0
1430,1959-09-09,4.02
1431,1959-09-10,4.02
1432,1959-09-11,4.02
1433,1959-09-14,4.15
1434,1959-09-15,4.18
1435,1959-09-16,4.17
1436,1959-09-17,4.18
1437,1959-09-18,3.98
1438,1959-09-21,3.89
1439,1959-09-22,3.94
1440,1959-09-23,4.03
1441,1959-09-24,4.0
1442,1959-09-25,4.03
1443,1959-09-28,4.2
1444,1959-09-29,4.16
1445,1959-09-30,4.1
1446,1959-10-01,4.08
1447,1959-10-02,3.94
1448,1959-10-05,3.9
1449,1959-10-06,3.9
1450,1959-10-07,4.06
1451,1959-10-08,4.06
1452,1959-10-09,4.17
1453,1959-10-13,4.24
1454,1959-10-14,4.3
1455,1959-10-15,4.25
1456,1959-10-16,4.18
1457,1959-10-19,4.06
1458,1959-10-20,4.0
1459,1959-10-21,3.97
1460,1959-10-22,3.99
1461,1959-10-23,3.92
1462,1959-10-26,3.99
1463,1959-10-27,3.99
1464,1959-10-28,4.02
1465,1959-10-29,4.01
1466,1959-10-30,4.0
1467,1959-11-02,4.14
1468,1959-11-04,4.06
1469,1959-11-05,4.0
1470,1959-11-06,3.93
1471,1959-11-09,4.04
1472,1959-11-10,4.0
1473,1959-11-12,4.05
1474,1959-11-13,4.05
1475,1959-11-16,4.26
1476,1959-11-17,4.18
1477,1959-11-18,4.24
1478,1959-11-19,4.18
1479,1959-11-20,4.13
1480,1959-11-23,4.18
1481,1959-11-24,4.2
1482,1959-11-25,4.28
1483,1959-11-27,4.32
1484,1959-11-30,4.44
1485,1959-12-01,4.44
1486,1959-12-02,4.56
1487,1959-12-03,4.55
1488,1959-12-04,4.53
1489,1959-12-07,4.52
1490,1959-12-08,4.48
1491,1959-12-09,4.46
1492,1959-12-10,4.47
1493,1959-12-11,4.48
1494,1959-12-14,4.45
1495,1959-12-15,4.44
1496,1959-12-16,4.48
1497,1959-12-17,4.55
1498,1959-12-18,4.55
1499,1959-12-21,4.61
1500,1959-12-22,4.6
1501,1959-12-23,4.63
1502,1959-12-24,4.46
1503,1959-12-28,4.44
1504,1959-12-29,4.37
1505,1959-12-30,4.37
1506,1959-12-31,4.4
1507,1960-01-04,4.52
1508,1960-01-05,4.55
1509,1960-01-06,4.68
1510,1960-01-07,4.63
1511,1960-01-08,4.59
1512,1960-01-11,4.54
1513,1960-01-12,4.54
1514,1960-01-13,4.56
1515,1960-01-14,4.51
1516,1960-01-15,4.49
1517,1960-01-18,4.37
1518,1960-01-19,4.31
1519,1960-01-20,4.3
1520,1960-01-21,4.27
1521,1960-01-22,4.12
1522,1960-01-25,4.12
1523,1960-01-26,4.04
1524,1960-01-27,3.99
1525,1960-01-28,3.92
1526,1960-01-29,3.99
1527,1960-02-01,4.0
1528,1960-02-02,3.96
1529,1960-02-03,4.0
1530,1960-02-04,3.95
1531,1960-02-05,3.8
1532,1960-02-08,3.55
1533,1960-02-09,3.58
1534,1960-02-10,3.7
1535,1960-02-11,3.85
1536,1960-02-15,3.96
1537,1960-02-16,4.04
1538,1960-02-17,4.07
1539,1960-02-18,4.04
1540,1960-02-19,4.08
1541,1960-02-23,4.06
1542,1960-02-24,4.13
1543,1960-02-25,4.17
1544,1960-02-26,4.19
1545,1960-02-29,4.19
1546,1960-03-01,4.09
1547,1960-03-02,3.98
1548,1960-03-03,3.7
1549,1960-03-04,3.64
1550,1960-03-07,3.54
1551,1960-03-08,3.56
1552,1960-03-09,3.64
1553,1960-03-10,3.66
1554,1960-03-11,3.59
1555,1960-03-14,3.44
1556,1960-03-15,3.46
1557,1960-03-16,3.43
1558,1960-03-17,3.44
1559,1960-03-18,3.3
1560,1960-03-21,3.05
1561,1960-03-22,2.9
1562,1960-03-23,2.77
1563,1960-03-24,2.82
1564,1960-03-25,2.68
1565,1960-03-28,2.78
1566,1960-03-29,2.83
1567,1960-03-30,2.92
1568,1960-03-31,3.02
1569,1960-04-01,2.84
1570,1960-04-04,2.72
1571,1960-04-05,2.8
1572,1960-04-06,2.92
1573,1960-04-07,3.05
1574,1960-04-08,3.3
1575,1960-04-11,3.55
1576,1960-04-12,3.6
1577,1960-04-13,3.57
1578,1960-04-14,3.52
1579,1960-04-18,3.28
1580,1960-04-19,3.34
1581,1960-04-20,3.34
1582,1960-04-21,3.35
1583,1960-04-22,3.37
1584,1960-04-25,3.26
1585,1960-04-26,3.25
1586,1960-04-27,3.25
1587,1960-04-28,3.16
1588,1960-04-29,3.04
1589,1960-05-02,3.03
1590,1960-05-03,3.14
1591,1960-05-04,3.12
1592,1960-05-05,3.09
1593,1960-05-06,3.04
1594,1960-05-09,3.22
1595,1960-05-10,3.25
1596,1960-05-11,3.31
1597,1960-05-12,3.36
1598,1960-05-13,3.44
1599,1960-05-16,3.62
1600,1960-05-17,3.54
1601,1960-05-18,3.67
1602,1960-05-19,3.42
1603,1960-05-20,3.25
1604,1960-05-23,3.42
1605,1960-05-24,3.36
1606,1960-05-25,3.32
1607,1960-05-26,3.26
1608,1960-05-27,3.09
1609,1960-05-31,3.12
1610,1960-06-01,3.06
1611,1960-06-02,2.92
1612,1960-06-03,2.65
1613,1960-06-06,2.62
1614,1960-06-07,2.68
1615,1960-06-08,2.75
1616,1960-06-09,2.63
1617,1960-06-10,2.38
1618,1960-06-13,2.29
1619,1960-06-14,2.29
1620,1960-06-15,2.27
1621,1960-06-16,2.32
1622,1960-06-17,2.37
1623,1960-06-20,2.55
1624,1960-06-21,2.32
1625,1960-06-22,2.36
1626,1960-06-23,2.39
1627,1960-06-24,2.35
1628,1960-06-27,2.31
1629,1960-06-28,2.2
1630,1960-06-29,2.14
1631,1960-06-30,2.19
1632,1960-07-01,2.05
1633,1960-07-05,2.1
1634,1960-07-06,2.25
1635,1960-07-07,2.34
1636,1960-07-08,2.39
1637,1960-07-11,2.49
1638,1960-07-12,2.42
1639,1960-07-13,2.46
1640,1960-07-14,2.37
1641,1960-07-15,2.31
1642,1960-07-18,2.26
1643,1960-07-19,2.28
1644,1960-07-20,2.34
1645,1960-07-21,2.34
1646,1960-07-22,2.35
1647,1960-07-25,2.31
1648,1960-07-26,2.23
1649,1960-07-27,2.23
1650,1960-07-28,2.23
1651,1960-07-29,2.19
1652,1960-08-01,2.1
1653,1960-08-02,2.12
1654,1960-08-03,2.17
1655,1960-08-04,2.15
1656,1960-08-05,2.13
1657,1960-08-08,2.18
1658,1960-08-09,2.16
1659,1960-08-10,2.19
1660,1960-08-11,2.24
1661,1960-08-12,2.15
1662,1960-08-15,2.2
1663,1960-08-16,2.22
1664,1960-08-17,2.33
1665,1960-08-18,2.38
1666,1960-08-19,2.4
1667,1960-08-22,2.37
1668,1960-08-23,2.35
1669,1960-08-24,2.46
1670,1960-08-25,2.49
1671,1960-08-26,2.46
1672,1960-08-29,2.48
1673,1960-08-30,2.53
1674,1960-08-31,2.57
1675,1960-09-01,2.58
1676,1960-09-02,2.49
1677,1960-09-06,2.54
1678,1960-09-07,2.54
1679,1960-09-08,2.55
1680,1960-09-09,2.59
1681,1960-09-12,2.61
1682,1960-09-13,2.63
1683,1960-09-14,2.63
1684,1960-09-15,2.53
1685,1960-09-16,2.48
1686,1960-09-19,2.4
1687,1960-09-20,2.39
1688,1960-09-21,2.46
1689,1960-09-22,2.5
1690,1960-09-23,2.4
1691,1960-09-26,2.34
1692,1960-09-27,2.4
1693,1960-09-28,2.37
1694,1960-09-29,2.33
1695,1960-09-30,2.3
1696,1960-10-03,2.31
1697,1960-10-04,2.27
1698,1960-10-05,2.45
1699,1960-10-06,2.47
1700,1960-10-07,2.53
1701,1960-10-10,2.61
1702,1960-10-11,2.53
1703,1960-10-13,2.6
1704,1960-10-14,2.44
1705,1960-10-17,2.33
1706,1960-10-18,2.25
1707,1960-10-19,2.3
1708,1960-10-20,2.12
1709,1960-10-21,2.15
1710,1960-10-24,2.11
1711,1960-10-25,2.12
1712,1960-10-26,2.17
1713,1960-10-27,2.1
1714,1960-10-28,2.07
1715,1960-10-31,2.12
1716,1960-11-01,2.25
1717,1960-11-02,2.2
1718,1960-11-03,2.21
1719,1960-11-04,2.22
1720,1960-11-07,2.34
1721,1960-11-09,2.41
1722,1960-11-10,2.45
1723,1960-11-14,2.52
1724,1960-11-15,2.52
1725,1960-11-16,2.49
1726,1960-11-17,2.4
1727,1960-11-18,2.37
1728,1960-11-21,2.35
1729,1960-11-22,2.38
1730,1960-11-23,2.41
1731,1960-11-25,2.39
1732,1960-11-28,2.32
1733,1960-11-29,2.4
1734,1960-11-30,2.4
1735,1960-12-01,2.33
1736,1960-12-02,2.3
1737,1960-12-05,2.28
1738,1960-12-06,2.3
1739,1960-12-07,2.32
1740,1960-12-08,2.26
1741,1960-12-09,2.26
1742,1960-12-12,2.28
1743,1960-12-13,2.26
1744,1960-12-14,2.23
1745,1960-12-15,2.25
1746,1960-12-16,2.24
1747,1960-12-19,2.23
1748,1960-12-20,2.3
1749,1960-12-21,2.26
1750,1960-12-22,2.22
1751,1960-12-23,2.18
1752,1960-12-27,2.21
1753,1960-12-28,2.16
1754,1960-12-29,2.17
1755,1960-12-30,2.2
1756,1961-01-03,2.3
1757,1961-01-04,2.26
1758,1961-01-05,2.27
1759,1961-01-06,2.28
1760,1961-01-09,2.31
1761,1961-01-10,2.27
1762,1961-01-11,2.26
1763,1961-01-12,2.27
1764,1961-01-13,2.27
1765,1961-01-16,2.25
1766,1961-01-17,2.2
1767,1961-01-18,2.29
1768,1961-01-19,2.27
1769,1961-01-20,2.22
1770,1961-01-23,2.16
1771,1961-01-24,2.15
1772,1961-01-25,2.2
1773,1961-01-26,2.17
1774,1961-01-27,2.18
1775,1961-01-30,2.24
1776,1961-01-31,2.28
1777,1961-02-01,2.35
1778,1961-02-02,2.31
1779,1961-02-03,2.28
1780,1961-02-06,2.32
1781,1961-02-07,2.33
1782,1961-02-08,2.36
1783,1961-02-09,2.36
1784,1961-02-10,2.39
1785,1961-02-14,2.4
1786,1961-02-15,2.44
1787,1961-02-16,2.38
1788,1961-02-17,2.4
1789,1961-02-20,2.45
1790,1961-02-21,2.52
1791,1961-02-23,2.54
1792,1961-02-24,2.52
1793,1961-02-27,2.56
1794,1961-02-28,2.58
1795,1961-03-01,2.6
1796,1961-03-02,2.54
1797,1961-03-03,2.51
1798,1961-03-06,2.45
1799,1961-03-07,2.46
1800,1961-03-08,2.44
1801,1961-03-09,2.43
1802,1961-03-10,2.42
1803,1961-03-13,2.38
1804,1961-03-14,2.37
1805,1961-03-15,2.36
1806,1961-03-16,2.33
1807,1961-03-17,2.3
1808,1961-03-20,2.29
1809,1961-03-21,2.27
1810,1961-03-22,2.24
1811,1961-03-23,2.29
1812,1961-03-24,2.32
1813,1961-03-27,2.32
1814,1961-03-28,2.35
1815,1961-03-29,2.41
1816,1961-03-30,2.42
1817,1961-04-03,2.4
1818,1961-04-04,2.39
1819,1961-04-05,2.39
1820,1961-04-06,2.32
1821,1961-04-07,2.3
1822,1961-04-10,2.3
1823,1961-04-11,2.3
1824,1961-04-12,2.34
1825,1961-04-13,2.33
1826,1961-04-14,2.3
1827,1961-04-17,2.28
1828,1961-04-18,2.26
1829,1961-04-19,2.26
1830,1961-04-20,2.22
1831,1961-04-21,2.23
1832,1961-04-24,2.18
1833,1961-04-25,2.2
1834,1961-04-26,2.24
1835,1961-04-27,2.27
1836,1961-04-28,2.27
1837,1961-05-01,2.27
1838,1961-05-02,2.25
1839,1961-05-03,2.21
1840,1961-05-04,2.19
1841,1961-05-05,2.18
1842,1961-05-08,2.21
1843,1961-05-09,2.24
1844,1961-05-10,2.23
1845,1961-05-11,2.23
1846,1961-05-12,2.22
1847,1961-05-15,2.24
1848,1961-05-16,2.25
1849,1961-05-17,2.33
1850,1961-05-18,2.32
1851,1961-05-19,2.29
1852,1961-05-22,2.32
1853,1961-05-23,2.36
1854,1961-05-24,2.44
1855,1961-05-25,2.42
1856,1961-05-26,2.39
1857,1961-05-29,2.36
1858,1961-05-31,2.34
1859,1961-06-01,2.37
1860,1961-06-02,2.47
1861,1961-06-05,2.49
1862,1961-06-06,2.42
1863,1961-06-07,2.39
1864,1961-06-08,2.36
1865,1961-06-09,2.35
1866,1961-06-12,2.31
1867,1961-06-13,2.33
1868,1961-06-14,2.32
1869,1961-06-15,2.32
1870,1961-06-16,2.33
1871,1961-06-19,2.33
1872,1961-06-20,2.31
1873,1961-06-21,2.32
1874,1961-06-22,2.31
1875,1961-06-23,2.28
1876,1961-06-26,2.24
1877,1961-06-27,2.28
1878,1961-06-28,2.29
1879,1961-06-29,2.27
1880,1961-06-30,2.27
1881,1961-07-03,2.3
1882,1961-07-05,2.32
1883,1961-07-06,2.31
1884,1961-07-07,2.3
1885,1961-07-10,2.28
1886,1961-07-11,2.25
1887,1961-07-12,2.26
1888,1961-07-13,2.24
1889,1961-07-14,2.2
1890,1961-07-17,2.18
1891,1961-07-18,2.2
1892,1961-07-19,2.2
1893,1961-07-20,2.19
1894,1961-07-21,2.16
1895,1961-07-24,2.19
1896,1961-07-25,2.21
1897,1961-07-26,2.25
1898,1961-07-27,2.2
1899,1961-07-28,2.24
1900,1961-07-31,2.26
1901,1961-08-01,2.25
1902,1961-08-02,2.3
1903,1961-08-03,2.29
1904,1961-08-04,2.29
1905,1961-08-07,2.31
1906,1961-08-08,2.34
1907,1961-08-09,2.39
1908,1961-08-10,2.42
1909,1961-08-11,2.44
1910,1961-08-14,2.48
1911,1961-08-15,2.49
1912,1961-08-16,2.54
1913,1961-08-17,2.5
1914,1961-08-18,2.47
1915,1961-08-21,2.46
1916,1961-08-22,2.46
1917,1961-08-23,2.49
1918,1961-08-24,2.39
1919,1961-08-25,2.34
1920,1961-08-28,2.3
1921,1961-08-29,2.36
1922,1961-08-30,2.36
1923,1961-08-31,2.35
1924,1961-09-01,2.35
1925,1961-09-05,2.35
1926,1961-09-06,2.33
1927,1961-09-07,2.3
1928,1961-09-08,2.31
1929,1961-09-11,2.29
1930,1961-09-12,2.29
1931,1961-09-13,2.31
1932,1961-09-14,2.29
1933,1961-09-15,2.27
1934,1961-09-18,2.25
1935,1961-09-19,2.26
1936,1961-09-20,2.29
1937,1961-09-21,2.26
1938,1961-09-22,2.25
1939,1961-09-25,2.25
1940,1961-09-26,2.25
1941,1961-09-27,2.26
1942,1961-09-28,2.25
1943,1961-09-29,2.23
1944,1961-10-02,2.24
1945,1961-10-03,2.24
1946,1961-10-04,2.33
1947,1961-10-05,2.29
1948,1961-10-06,2.31
1949,1961-10-09,2.33
1950,1961-10-10,2.31
1951,1961-10-11,2.37
1952,1961-10-13,2.37
1953,1961-10-16,2.32
1954,1961-10-17,2.26
1955,1961-10-18,2.29
1956,1961-10-19,2.29
1957,1961-10-20,2.3
1958,1961-10-23,2.3
1959,1961-10-24,2.28
1960,1961-10-25,2.3
1961,1961-10-26,2.3
1962,1961-10-27,2.29
1963,1961-10-30,2.27
1964,1961-10-31,2.28
1965,1961-11-01,2.28
1966,1961-11-02,2.27
1967,1961-11-03,2.28
1968,1961-11-06,2.32
1969,1961-11-08,2.39
1970,1961-11-09,2.41
1971,1961-11-10,2.47
1972,1961-11-13,2.49
1973,1961-11-14,2.52
1974,1961-11-15,2.58
1975,1961-11-16,2.54
1976,1961-11-17,2.53
1977,1961-11-20,2.52
1978,1961-11-21,2.52
1979,1961-11-22,2.56
1980,1961-11-24,2.55
1981,1961-11-27,2.58
1982,1961-11-28,2.57
1983,1961-11-29,2.59
1984,1961-11-30,2.55
1985,1961-12-01,2.53
1986,1961-12-04,2.56
1987,1961-12-05,2.58
1988,1961-12-06,2.61
1989,1961-12-07,2.58
1990,1961-12-08,2.57
1991,1961-12-11,2.56
1992,1961-12-12,2.57
1993,1961-12-13,2.6
1994,1961-12-14,2.61
1995,1961-12-15,2.63
1996,1961-12-18,2.63
1997,1961-12-19,2.6
1998,1961-12-20,2.6
1999,1961-12-21,2.6
2000,1961-12-22,2.6
2001,1961-12-26,2.64
2002,1961-12-27,2.66
2003,1961-12-28,2.66
2004,1961-12-29,2.67
2005,1962-01-02,2.7
2006,1962-01-03,2.73
2007,1962-01-04,2.72
2008,1962-01-05,2.74
2009,1962-01-08,2.78
2010,1962-01-09,2.78
2011,1962-01-10,2.81
2012,1962-01-11,2.78
2013,1962-01-12,2.76
2014,1962-01-15,2.74
2015,1962-01-16,2.73
2016,1962-01-17,2.74
2017,1962-01-18,2.71
2018,1962-01-19,2.71
2019,1962-01-22,2.68
2020,1962-01-23,2.66
2021,1962-01-24,2.66
2022,1962-01-25,2.66
2023,1962-01-26,2.67
2024,1962-01-29,2.67
2025,1962-01-30,2.67
2026,1962-01-31,2.73
2027,1962-02-01,2.69
2028,1962-02-02,2.67
2029,1962-02-05,2.67
2030,1962-02-06,2.68
2031,1962-02-07,2.73
2032,1962-02-08,2.72
2033,1962-02-09,2.72
2034,1962-02-13,2.76
2035,1962-02-14,2.82
2036,1962-02-15,2.84
2037,1962-02-16,2.83
2038,1962-02-19,2.8
2039,1962-02-20,2.75
2040,1962-02-21,2.73
2041,1962-02-23,2.69
2042,1962-02-26,2.66
2043,1962-02-27,2.72
2044,1962-02-28,2.71
2045,1962-03-01,2.68
2046,1962-03-02,2.69
2047,1962-03-05,2.7
2048,1962-03-06,2.72
2049,1962-03-07,2.75
2050,1962-03-08,2.75
2051,1962-03-09,2.76
2052,1962-03-12,2.75
2053,1962-03-13,2.75
2054,1962-03-14,2.75
2055,1962-03-15,2.73
2056,1962-03-16,2.72
2057,1962-03-19,2.7
2058,1962-03-20,2.7
2059,1962-03-21,2.71
2060,1962-03-22,2.69
2061,1962-03-23,2.7
2062,1962-03-26,2.71
2063,1962-03-27,2.72
2064,1962-03-28,2.73
2065,1962-03-29,2.75
2066,1962-03-30,2.75
2067,1962-04-02,2.74
2068,1962-04-03,2.73
2069,1962-04-04,2.7
2070,1962-04-05,2.72
2071,1962-04-06,2.7
2072,1962-04-09,2.71
2073,1962-04-10,2.74
2074,1962-04-11,2.78
2075,1962-04-12,2.73
2076,1962-04-13,2.74
2077,1962-04-16,2.71
2078,1962-04-17,2.72
2079,1962-04-18,2.73
2080,1962-04-19,2.73
2081,1962-04-23,2.73
2082,1962-04-24,2.73
2083,1962-04-25,2.74
2084,1962-04-26,2.73
2085,1962-04-27,2.74
2086,1962-04-30,2.74
2087,1962-05-01,2.74
2088,1962-05-02,2.74
2089,1962-05-03,2.73
2090,1962-05-04,2.73
2091,1962-05-07,2.7
2092,1962-05-08,2.68
2093,1962-05-09,2.67
2094,1962-05-10,2.66
2095,1962-05-11,2.63
2096,1962-05-14,2.64
2097,1962-05-15,2.66
2098,1962-05-16,2.67
2099,1962-05-17,2.68
2100,1962-05-18,2.68
2101,1962-05-21,2.68
2102,1962-05-22,2.68
2103,1962-05-23,2.7
2104,1962-05-24,2.7
2105,1962-05-25,2.69
2106,1962-05-28,2.65
2107,1962-05-29,2.66
2108,1962-05-31,2.7
2109,1962-06-01,2.69
2110,1962-06-04,2.66
2111,1962-06-05,2.65
2112,1962-06-06,2.66
2113,1962-06-07,2.64
2114,1962-06-08,2.65
2115,1962-06-11,2.65
2116,1962-06-12,2.67
2117,1962-06-13,2.71
2118,1962-06-14,2.73
2119,1962-06-15,2.71
2120,1962-06-18,2.72
2121,1962-06-19,2.75
2122,1962-06-20,2.73
2123,1962-06-21,2.72
2124,1962-06-22,2.74
2125,1962-06-25,2.79
2126,1962-06-26,2.83
2127,1962-06-27,2.83
2128,1962-06-28,2.86
2129,1962-06-29,2.9
2130,1962-07-02,2.92
2131,1962-07-03,2.9
2132,1962-07-05,2.92
2133,1962-07-06,2.93
2134,1962-07-09,2.96
2135,1962-07-10,2.96
2136,1962-07-11,2.97
2137,1962-07-12,2.98
2138,1962-07-13,2.96
2139,1962-07-16,2.97
2140,1962-07-17,2.97
2141,1962-07-18,2.97
2142,1962-07-19,2.93
2143,1962-07-20,2.91
2144,1962-07-23,2.87
2145,1962-07-24,2.86
2146,1962-07-25,2.89
2147,1962-07-26,2.89
2148,1962-07-27,2.88
2149,1962-07-30,2.86
2150,1962-07-31,2.86
2151,1962-08-01,2.87
2152,1962-08-02,2.83
2153,1962-08-03,2.82
2154,1962-08-06,2.8
2155,1962-08-07,2.83
2156,1962-08-08,2.84
2157,1962-08-09,2.83
2158,1962-08-10,2.83
2159,1962-08-13,2.82
2160,1962-08-14,2.83
2161,1962-08-15,2.86
2162,1962-08-16,2.83
2163,1962-08-17,2.84
2164,1962-08-20,2.82
2165,1962-08-21,2.82
2166,1962-08-22,2.82
2167,1962-08-23,2.82
2168,1962-08-24,2.82
2169,1962-08-27,2.8
2170,1962-08-28,2.78
2171,1962-08-29,2.81
2172,1962-08-30,2.8
2173,1962-08-31,2.81
2174,1962-09-04,2.83
2175,1962-09-05,2.85
2176,1962-09-06,2.79
2177,1962-09-07,2.79
2178,1962-09-10,2.77
2179,1962-09-11,2.77
2180,1962-09-12,2.78
2181,1962-09-13,2.78
2182,1962-09-14,2.78
2183,1962-09-17,2.78
2184,1962-09-18,2.77
2185,1962-09-19,2.77
2186,1962-09-20,2.75
2187,1962-09-21,2.76
2188,1962-09-24,2.75
2189,1962-09-25,2.76
2190,1962-09-26,2.76
2191,1962-09-27,2.76
2192,1962-09-28,2.74
2193,1962-10-01,2.73
2194,1962-10-02,2.74
2195,1962-10-03,2.77
2196,1962-10-04,2.76
2197,1962-10-05,2.76
2198,1962-10-08,2.76
2199,1962-10-09,2.75
2200,1962-10-10,2.76
2201,1962-10-11,2.77
2202,1962-10-15,2.75
2203,1962-10-16,2.74
2204,1962-10-17,2.75
2205,1962-10-18,2.74
2206,1962-10-19,2.72
2207,1962-10-22,2.73
2208,1962-10-23,2.74
2209,1962-10-24,2.74
2210,1962-10-25,2.74
2211,1962-10-26,2.73
2212,1962-10-29,2.69
2213,1962-10-30,2.72
2214,1962-10-31,2.72
2215,1962-11-01,2.72
2216,1962-11-02,2.83
2217,1962-11-05,2.84
2218,1962-11-07,2.84
2219,1962-11-08,2.8
2220,1962-11-09,2.8
2221,1962-11-13,2.81
2222,1962-11-14,2.82
2223,1962-11-15,2.84
2224,1962-11-16,2.83
2225,1962-11-19,2.83
2226,1962-11-20,2.83
2227,1962-11-21,2.84
2228,1962-11-23,2.84
2229,1962-11-26,2.85
2230,1962-11-27,2.87
2231,1962-11-28,2.87
2232,1962-11-29,2.86
2233,1962-11-30,2.86
2234,1962-12-03,2.86
2235,1962-12-04,2.86
2236,1962-12-05,2.85
2237,1962-12-06,2.84
2238,1962-12-07,2.83
2239,1962-12-10,2.82
2240,1962-12-11,2.84
2241,1962-12-12,2.85
2242,1962-12-13,2.85
2243,1962-12-14,2.85
2244,1962-12-17,2.86
2245,1962-12-18,2.87
2246,1962-12-19,2.88
2247,1962-12-20,2.89
2248,1962-12-21,2.88
2249,1962-12-24,2.88
2250,1962-12-26,2.86
2251,1962-12-27,2.9
2252,1962-12-28,2.93
2253,1962-12-31,2.92
2254,1963-01-02,2.88
2255,1963-01-03,2.86
2256,1963-01-04,2.9
2257,1963-01-07,2.91
2258,1963-01-08,2.9
2259,1963-01-09,2.89
2260,1963-01-10,2.89
2261,1963-01-11,2.89
2262,1963-01-14,2.88
2263,1963-01-15,2.88
2264,1963-01-16,2.89
2265,1963-01-17,2.91
2266,1963-01-18,2.92
2267,1963-01-21,2.92
2268,1963-01-22,2.93
2269,1963-01-23,2.95
2270,1963-01-24,2.94
2271,1963-01-25,2.93
2272,1963-01-28,2.92
2273,1963-01-29,2.93
2274,1963-01-30,2.93
2275,1963-01-31,2.93
2276,1963-02-01,2.94
2277,1963-02-04,2.94
2278,1963-02-05,2.96
2279,1963-02-06,2.96
2280,1963-02-07,2.95
2281,1963-02-08,2.95
2282,1963-02-11,2.94
2283,1963-02-13,2.93
2284,1963-02-14,2.92
2285,1963-02-15,2.92
2286,1963-02-18,2.91
2287,1963-02-19,2.9
2288,1963-02-20,2.9
2289,1963-02-21,2.87
2290,1963-02-25,2.88
2291,1963-02-26,2.9
2292,1963-02-27,2.91
2293,1963-02-28,2.9
2294,1963-03-01,2.9
2295,1963-03-04,2.89
2296,1963-03-05,2.9
2297,1963-03-06,2.9
2298,1963-03-07,2.88
2299,1963-03-08,2.86
2300,1963-03-11,2.87
2301,1963-03-12,2.87
2302,1963-03-13,2.88
2303,1963-03-14,2.88
2304,1963-03-15,2.88
2305,1963-03-18,2.89
2306,1963-03-19,2.89
2307,1963-03-20,2.91
2308,1963-03-21,2.9
2309,1963-03-22,2.9
2310,1963-03-25,2.9
2311,1963-03-26,2.9
2312,1963-03-27,2.92
2313,1963-03-28,2.92
2314,1963-03-29,2.91
2315,1963-04-01,2.9
2316,1963-04-02,2.9
2317,1963-04-03,2.91
2318,1963-04-04,2.91
2319,1963-04-05,2.91
2320,1963-04-08,2.9
2321,1963-04-09,2.89
2322,1963-04-10,2.9
2323,1963-04-11,2.92
2324,1963-04-15,2.91
2325,1963-04-16,2.9
2326,1963-04-17,2.9
2327,1963-04-18,2.89
2328,1963-04-19,2.88
2329,1963-04-22,2.88
2330,1963-04-23,2.89
2331,1963-04-24,2.89
2332,1963-04-25,2.89
2333,1963-04-26,2.89
2334,1963-04-29,2.89
2335,1963-04-30,2.9
2336,1963-05-01,2.9
2337,1963-05-02,2.9
2338,1963-05-03,2.9
2339,1963-05-06,2.9
2340,1963-05-07,2.9
2341,1963-05-08,2.91
2342,1963-05-09,2.91
2343,1963-05-10,2.91
2344,1963-05-13,2.9
2345,1963-05-14,2.89
2346,1963-05-15,2.9
2347,1963-05-16,2.9
2348,1963-05-17,2.91
2349,1963-05-20,2.92
2350,1963-05-21,2.92
2351,1963-05-22,2.94
2352,1963-05-23,2.95
2353,1963-05-24,2.96
2354,1963-05-27,2.97
2355,1963-05-28,2.97
2356,1963-05-29,2.99
2357,1963-05-31,3.0
2358,1963-06-03,3.03
2359,1963-06-04,3.02
2360,1963-06-05,3.0
2361,1963-06-06,2.99
2362,1963-06-07,2.98
2363,1963-06-10,2.97
2364,1963-06-11,2.98
2365,1963-06-12,2.99
2366,1963-06-13,2.98
2367,1963-06-14,2.99
2368,1963-06-17,2.98
2369,1963-06-18,2.98
2370,1963-06-19,2.98
2371,1963-06-20,2.98
2372,1963-06-21,2.98
2373,1963-06-24,2.98
2374,1963-06-25,2.99
2375,1963-06-26,2.99
2376,1963-06-27,2.99
2377,1963-06-28,2.99
2378,1963-07-01,3.0
2379,1963-07-02,3.02
2380,1963-07-03,3.04
2381,1963-07-05,3.07
2382,1963-07-08,3.21
2383,1963-07-09,3.22
2384,1963-07-10,3.23
2385,1963-07-11,3.24
2386,1963-07-12,3.18
2387,1963-07-15,3.17
2388,1963-07-16,3.17
2389,1963-07-17,3.24
2390,1963-07-18,3.2
2391,1963-07-19,3.18
2392,1963-07-22,3.17
2393,1963-07-23,3.15
2394,1963-07-24,3.22
2395,1963-07-25,3.21
2396,1963-07-26,3.2
2397,1963-07-29,3.24
2398,1963-07-30,3.25
2399,1963-07-31,3.27
2400,1963-08-01,3.25
2401,1963-08-02,3.21
2402,1963-08-05,3.21
2403,1963-08-06,3.22
2404,1963-08-07,3.28
2405,1963-08-08,3.29
2406,1963-08-09,3.3
2407,1963-08-12,3.3
2408,1963-08-13,3.31
2409,1963-08-14,3.32
2410,1963-08-15,3.33
2411,1963-08-16,3.34
2412,1963-08-19,3.33
2413,1963-08-20,3.33
2414,1963-08-21,3.37
2415,1963-08-22,3.37
2416,1963-08-23,3.38
2417,1963-08-26,3.38
2418,1963-08-27,3.39
2419,1963-08-28,3.4
2420,1963-08-29,3.39
2421,1963-08-30,3.39
2422,1963-09-03,3.38
2423,1963-09-04,3.37
2424,1963-09-05,3.35
2425,1963-09-06,3.34
2426,1963-09-09,3.34
2427,1963-09-10,3.36
2428,1963-09-11,3.36
2429,1963-09-12,3.37
2430,1963-09-13,3.38
2431,1963-09-16,3.41
2432,1963-09-17,3.4
2433,1963-09-18,3.41
2434,1963-09-19,3.41
2435,1963-09-20,3.4
2436,1963-09-23,3.39
2437,1963-09-24,3.39
2438,1963-09-25,3.37
2439,1963-09-26,3.37
2440,1963-09-27,3.36
2441,1963-09-30,3.37
2442,1963-10-01,3.37
2443,1963-10-02,3.43
2444,1963-10-03,3.44
2445,1963-10-04,3.45
2446,1963-10-07,3.46
2447,1963-10-08,3.45
2448,1963-10-09,3.44
2449,1963-10-10,3.44
2450,1963-10-11,3.44
2451,1963-10-14,3.45
2452,1963-10-15,3.46
2453,1963-10-16,3.46
2454,1963-10-17,3.49
2455,1963-10-18,3.48
2456,1963-10-21,3.46
2457,1963-10-22,3.43
2458,1963-10-23,3.44
2459,1963-10-24,3.45
2460,1963-10-25,3.44
2461,1963-10-28,3.44
2462,1963-10-29,3.46
2463,1963-10-30,3.48
2464,1963-10-31,3.48
2465,1963-11-01,3.49
2466,1963-11-04,3.51
2467,1963-11-06,3.54
2468,1963-11-07,3.55
2469,1963-11-08,3.55
2470,1963-11-12,3.55
2471,1963-11-13,3.58
2472,1963-11-14,3.54
2473,1963-11-15,3.53
2474,1963-11-18,3.52
2475,1963-11-19,3.52
2476,1963-11-20,3.51
2477,1963-11-21,3.5
2478,1963-11-22,3.49
2479,1963-11-26,3.46
2480,1963-11-27,3.49
2481,1963-11-29,3.5
2482,1963-12-02,3.53
2483,1963-12-03,3.54
2484,1963-12-04,3.53
2485,1963-12-05,3.52
2486,1963-12-06,3.5
2487,1963-12-09,3.49
2488,1963-12-10,3.49
2489,1963-12-11,3.51
2490,1963-12-12,3.51
2491,1963-12-13,3.52
2492,1963-12-16,3.53
2493,1963-12-17,3.53
2494,1963-12-18,3.53
2495,1963-12-19,3.53
2496,1963-12-20,3.52
2497,1963-12-23,3.52
2498,1963-12-24,3.52
2499,1963-12-26,3.53
2500,1963-12-27,3.52
2501,1963-12-30,3.52
2502,1963-12-31,3.51
2503,1964-01-02,3.53
2504,1964-01-03,3.53
2505,1964-01-06,3.53
2506,1964-01-07,3.53
2507,1964-01-08,3.54
2508,1964-01-09,3.53
2509,1964-01-10,3.53
2510,1964-01-13,3.54
2511,1964-01-14,3.54
2512,1964-01-15,3.55
2513,1964-01-16,3.54
2514,1964-01-17,3.54
2515,1964-01-20,3.52
2516,1964-01-21,3.52
2517,1964-01-22,3.52
2518,1964-01-23,3.51
2519,1964-01-24,3.51
2520,1964-01-27,3.5
2521,1964-01-28,3.5
2522,1964-01-29,3.5
2523,1964-01-30,3.5
2524,1964-01-31,3.5
2525,1964-02-03,3.5
2526,1964-02-04,3.51
2527,1964-02-05,3.51
2528,1964-02-06,3.5
2529,1964-02-07,3.52
2530,1964-02-10,3.53
2531,1964-02-11,3.52
2532,1964-02-13,3.52
2533,1964-02-14,3.52
2534,1964-02-17,3.52
2535,1964-02-18,3.52
2536,1964-02-19,3.54
2537,1964-02-20,3.54
2538,1964-02-24,3.53
2539,1964-02-25,3.53
2540,1964-02-26,3.55
2541,1964-02-27,3.59
2542,1964-02-28,3.6
2543,1964-03-02,3.58
2544,1964-03-03,3.56
2545,1964-03-04,3.57
2546,1964-03-05,3.55
2547,1964-03-06,3.54
2548,1964-03-09,3.53
2549,1964-03-10,3.54
2550,1964-03-11,3.56
2551,1964-03-12,3.55
2552,1964-03-13,3.54
2553,1964-03-16,3.53
2554,1964-03-17,3.53
2555,1964-03-18,3.55
2556,1964-03-19,3.55
2557,1964-03-20,3.55
2558,1964-03-23,3.54
2559,1964-03-24,3.53
2560,1964-03-25,3.55
2561,1964-03-26,3.54
2562,1964-03-30,3.52
2563,1964-03-31,3.51
2564,1964-04-01,3.53
2565,1964-04-02,3.53
2566,1964-04-03,3.52
2567,1964-04-06,3.5
2568,1964-04-07,3.49
2569,1964-04-08,3.48
2570,1964-04-09,3.46
2571,1964-04-10,3.46
2572,1964-04-13,3.47
2573,1964-04-14,3.48
2574,1964-04-15,3.49
2575,1964-04-16,3.47
2576,1964-04-17,3.46
2577,1964-04-20,3.45
2578,1964-04-21,3.44
2579,1964-04-22,3.46
2580,1964-04-23,3.45
2581,1964-04-24,3.45
2582,1964-04-27,3.44
2583,1964-04-28,3.44
2584,1964-04-29,3.45
2585,1964-04-30,3.45
2586,1964-05-01,3.46
2587,1964-05-04,3.47
2588,1964-05-05,3.48
2589,1964-05-06,3.5
2590,1964-05-07,3.49
2591,1964-05-08,3.49
2592,1964-05-11,3.47
2593,1964-05-12,3.47
2594,1964-05-13,3.48
2595,1964-05-14,3.48
2596,1964-05-15,3.47
2597,1964-05-18,3.46
2598,1964-05-19,3.47
2599,1964-05-20,3.49
2600,1964-05-21,3.48
2601,1964-05-22,3.47
2602,1964-05-25,3.46
2603,1964-05-26,3.46
2604,1964-05-27,3.48
2605,1964-05-28,3.47
2606,1964-06-01,3.47
2607,1964-06-02,3.47
2608,1964-06-03,3.48
2609,1964-06-04,3.47
2610,1964-06-05,3.47
2611,1964-06-08,3.46
2612,1964-06-09,3.46
2613,1964-06-10,3.47
2614,1964-06-11,3.48
2615,1964-06-12,3.48
2616,1964-06-15,3.49
2617,1964-06-16,3.49
2618,1964-06-17,3.5
2619,1964-06-18,3.49
2620,1964-06-19,3.48
2621,1964-06-22,3.48
2622,1964-06-23,3.47
2623,1964-06-24,3.47
2624,1964-06-25,3.47
2625,1964-06-26,3.47
2626,1964-06-29,3.47
2627,1964-06-30,3.47
2628,1964-07-01,3.48
2629,1964-07-02,3.48
2630,1964-07-03,3.48
2631,1964-07-06,3.48
2632,1964-07-07,3.49
2633,1964-07-08,3.5
2634,1964-07-09,3.48
2635,1964-07-10,3.43
2636,1964-07-13,3.43
2637,1964-07-14,3.44
2638,1964-07-15,3.44
2639,1964-07-16,3.42
2640,1964-07-17,3.44
2641,1964-07-20,3.46
2642,1964-07-21,3.46
2643,1964-07-22,3.48
2644,1964-07-23,3.45
2645,1964-07-24,3.45
2646,1964-07-27,3.45
2647,1964-07-28,3.46
2648,1964-07-29,3.47
2649,1964-07-30,3.47
2650,1964-07-31,3.47
2651,1964-08-03,3.47
2652,1964-08-04,3.47
2653,1964-08-05,3.5
2654,1964-08-06,3.49
2655,1964-08-07,3.49
2656,1964-08-10,3.5
2657,1964-08-11,3.5
2658,1964-08-12,3.51
2659,1964-08-13,3.51
2660,1964-08-14,3.51
2661,1964-08-17,3.5
2662,1964-08-18,3.49
2663,1964-08-19,3.5
2664,1964-08-20,3.5
2665,1964-08-21,3.5
2666,1964-08-24,3.5
2667,1964-08-25,3.5
2668,1964-08-26,3.51
2669,1964-08-27,3.49
2670,1964-08-28,3.49
2671,1964-08-31,3.5
2672,1964-09-01,3.5
2673,1964-09-02,3.51
2674,1964-09-03,3.5
2675,1964-09-04,3.51
2676,1964-09-08,3.51
2677,1964-09-09,3.53
2678,1964-09-10,3.52
2679,1964-09-11,3.52
2680,1964-09-14,3.53
2681,1964-09-15,3.54
2682,1964-09-16,3.55
2683,1964-09-17,3.54
2684,1964-09-18,3.54
2685,1964-09-21,3.54
2686,1964-09-22,3.54
2687,1964-09-23,3.55
2688,1964-09-24,3.55
2689,1964-09-25,3.54
2690,1964-09-28,3.55
2691,1964-09-29,3.55
2692,1964-09-30,3.55
2693,1964-10-01,3.55
2694,1964-10-02,3.56
2695,1964-10-05,3.56
2696,1964-10-06,3.56
2697,1964-10-07,3.58
2698,1964-10-08,3.58
2699,1964-10-09,3.58
2700,1964-10-13,3.57
2701,1964-10-14,3.59
2702,1964-10-15,3.59
2703,1964-10-16,3.59
2704,1964-10-19,3.59
2705,1964-10-20,3.59
2706,1964-10-21,3.59
2707,1964-10-22,3.58
2708,1964-10-23,3.57
2709,1964-10-26,3.56
2710,1964-10-27,3.56
2711,1964-10-28,3.56
2712,1964-10-29,3.55
2713,1964-10-30,3.55
2714,1964-11-02,3.55
2715,1964-11-04,3.57
2716,1964-11-05,3.57
2717,1964-11-06,3.57
2718,1964-11-09,3.57
2719,1964-11-10,3.56
2720,1964-11-12,3.58
2721,1964-11-13,3.59
2722,1964-11-16,3.6
2723,1964-11-17,3.6
2724,1964-11-18,3.61
2725,1964-11-19,3.61
2726,1964-11-20,3.62
2727,1964-11-23,3.73
2728,1964-11-24,3.78
2729,1964-11-25,3.82
2730,1964-11-27,3.81
2731,1964-11-30,3.84
2732,1964-12-01,3.85
2733,1964-12-02,3.84
2734,1964-12-03,3.79
2735,1964-12-04,3.78
2736,1964-12-07,3.76
2737,1964-12-08,3.8
2738,1964-12-09,3.84
2739,1964-12-10,3.83
2740,1964-12-11,3.82
2741,1964-12-14,3.84
2742,1964-12-15,3.85
2743,1964-12-16,3.87
2744,1964-12-17,3.87
2745,1964-12-18,3.86
2746,1964-12-21,3.86
2747,1964-12-22,3.86
2748,1964-12-23,3.86
2749,1964-12-24,3.86
2750,1964-12-28,3.85
2751,1964-12-29,3.82
2752,1964-12-30,3.84
2753,1964-12-31,3.82
2754,1965-01-04,3.81
2755,1965-01-05,3.8
2756,1965-01-06,3.82
2757,1965-01-07,3.8
2758,1965-01-08,3.78
2759,1965-01-11,3.77
2760,1965-01-12,3.76
2761,1965-01-13,3.77
2762,1965-01-14,3.77
2763,1965-01-15,3.77
2764,1965-01-18,3.77
2765,1965-01-19,3.77
2766,1965-01-20,3.83
2767,1965-01-21,3.83
2768,1965-01-22,3.83
2769,1965-01-25,3.84
2770,1965-01-26,3.84
2771,1965-01-27,3.85
2772,1965-01-28,3.86
2773,1965-01-29,3.87
2774,1965-02-01,3.88
2775,1965-02-02,3.88
2776,1965-02-03,3.89
2777,1965-02-04,3.9
2778,1965-02-05,3.91
2779,1965-02-08,3.89
2780,1965-02-09,3.89
2781,1965-02-10,3.91
2782,1965-02-11,3.92
2783,1965-02-15,3.91
2784,1965-02-16,3.92
2785,1965-02-17,3.96
2786,1965-02-18,3.96
2787,1965-02-19,3.96
2788,1965-02-23,3.98
2789,1965-02-24,4.0
2790,1965-02-25,4.0
2791,1965-02-26,3.99
2792,1965-03-01,3.97
2793,1965-03-02,3.96
2794,1965-03-03,3.97
2795,1965-03-04,3.96
2796,1965-03-05,3.95
2797,1965-03-08,3.94
2798,1965-03-09,3.94
2799,1965-03-10,3.95
2800,1965-03-11,3.94
2801,1965-03-12,3.93
2802,1965-03-15,3.92
2803,1965-03-16,3.91
2804,1965-03-17,3.92
2805,1965-03-18,3.92
2806,1965-03-19,3.92
2807,1965-03-22,3.92
2808,1965-03-23,3.91
2809,1965-03-24,3.91
2810,1965-03-25,3.89
2811,1965-03-26,3.9
2812,1965-03-29,3.9
2813,1965-03-30,3.92
2814,1965-03-31,3.93
2815,1965-04-01,3.93
2816,1965-04-02,3.94
2817,1965-04-05,3.93
2818,1965-04-06,3.92
2819,1965-04-07,3.94
2820,1965-04-08,3.92
2821,1965-04-09,3.93
2822,1965-04-12,3.93
2823,1965-04-13,3.92
2824,1965-04-14,3.94
2825,1965-04-15,3.94
2826,1965-04-19,3.94
2827,1965-04-20,3.93
2828,1965-04-21,3.94
2829,1965-04-22,3.94
2830,1965-04-23,3.92
2831,1965-04-26,3.9
2832,1965-04-27,3.9
2833,1965-04-28,3.92
2834,1965-04-29,3.92
2835,1965-04-30,3.91
2836,1965-05-03,3.9
2837,1965-05-04,3.88
2838,1965-05-05,3.9
2839,1965-05-06,3.89
2840,1965-05-07,3.89
2841,1965-05-10,3.88
2842,1965-05-11,3.88
2843,1965-05-12,3.9
2844,1965-05-13,3.9
2845,1965-05-14,3.9
2846,1965-05-17,3.89
2847,1965-05-18,3.89
2848,1965-05-19,3.9
2849,1965-05-20,3.9
2850,1965-05-21,3.9
2851,1965-05-24,3.88
2852,1965-05-25,3.88
2853,1965-05-26,3.89
2854,1965-05-27,3.88
2855,1965-05-28,3.87
2856,1965-06-01,3.88
2857,1965-06-02,3.87
2858,1965-06-03,3.84
2859,1965-06-04,3.81
2860,1965-06-07,3.78
2861,1965-06-08,3.81
2862,1965-06-09,3.82
2863,1965-06-10,3.81
2864,1965-06-11,3.81
2865,1965-06-14,3.8
2866,1965-06-15,3.8
2867,1965-06-16,3.79
2868,1965-06-17,3.8
2869,1965-06-18,3.8
2870,1965-06-21,3.78
2871,1965-06-22,3.78
2872,1965-06-23,3.78
2873,1965-06-24,3.77
2874,1965-06-25,3.77
2875,1965-06-28,3.78
2876,1965-06-29,3.81
2877,1965-06-30,3.81
2878,1965-07-01,3.82
2879,1965-07-02,3.83
2880,1965-07-06,3.87
2881,1965-07-07,3.86
2882,1965-07-08,3.87
2883,1965-07-09,3.87
2884,1965-07-12,3.87
2885,1965-07-13,3.88
2886,1965-07-14,3.87
2887,1965-07-15,3.85
2888,1965-07-16,3.84
2889,1965-07-19,3.82
2890,1965-07-20,3.82
2891,1965-07-21,3.82
2892,1965-07-22,3.81
2893,1965-07-23,3.81
2894,1965-07-26,3.8
2895,1965-07-27,3.81
2896,1965-07-28,3.81
2897,1965-07-29,3.8
2898,1965-07-30,3.81
2899,1965-08-02,3.82
2900,1965-08-03,3.85
2901,1965-08-04,3.85
2902,1965-08-05,3.85
2903,1965-08-06,3.84
2904,1965-08-09,3.83
2905,1965-08-10,3.85
2906,1965-08-11,3.84
2907,1965-08-12,3.83
2908,1965-08-13,3.8
2909,1965-08-16,3.8
2910,1965-08-17,3.83
2911,1965-08-18,3.83
2912,1965-08-19,3.83
2913,1965-08-20,3.83
2914,1965-08-23,3.84
2915,1965-08-24,3.87
2916,1965-08-25,3.87
2917,1965-08-26,3.86
2918,1965-08-27,3.86
2919,1965-08-30,3.86
2920,1965-08-31,3.9
2921,1965-09-01,3.89
2922,1965-09-02,3.86
2923,1965-09-03,3.87
2924,1965-09-07,3.91
2925,1965-09-08,3.91
2926,1965-09-09,3.9
2927,1965-09-10,3.88
2928,1965-09-13,3.88
2929,1965-09-14,3.88
2930,1965-09-15,3.88
2931,1965-09-16,3.88
2932,1965-09-17,3.88
2933,1965-09-20,3.89
2934,1965-09-21,3.93
2935,1965-09-22,3.94
2936,1965-09-23,3.96
2937,1965-09-24,3.98
2938,1965-09-27,3.99
2939,1965-09-28,4.02
2940,1965-09-29,4.05
2941,1965-09-30,4.02
2942,1965-10-01,4.0
2943,1965-10-04,3.98
2944,1965-10-05,4.05
2945,1965-10-06,4.04
2946,1965-10-07,4.0
2947,1965-10-08,4.0
2948,1965-10-11,3.98
2949,1965-10-13,4.01
2950,1965-10-14,4.01
2951,1965-10-15,4.02
2952,1965-10-18,4.02
2953,1965-10-19,4.04
2954,1965-10-20,4.04
2955,1965-10-21,4.04
2956,1965-10-22,4.04
2957,1965-10-25,4.03
2958,1965-10-26,4.05
2959,1965-10-27,4.05
2960,1965-10-28,4.06
2961,1965-10-29,4.06
2962,1965-11-01,4.07
2963,1965-11-03,4.09
2964,1965-11-04,4.07
2965,1965-11-05,4.04
2966,1965-11-08,4.04
2967,1965-11-09,4.07
2968,1965-11-10,4.08
2969,1965-11-12,4.07
2970,1965-11-15,4.08
2971,1965-11-16,4.09
2972,1965-11-17,4.09
2973,1965-11-18,4.1
2974,1965-11-19,4.1
2975,1965-11-22,4.1
2976,1965-11-23,4.12
2977,1965-11-24,4.12
2978,1965-11-26,4.11
2979,1965-11-29,4.1
2980,1965-11-30,4.13
2981,1965-12-01,4.13
2982,1965-12-02,4.12
2983,1965-12-03,4.12
2984,1965-12-06,4.3
2985,1965-12-07,4.36
2986,1965-12-08,4.36
2987,1965-12-09,4.34
2988,1965-12-10,4.33
2989,1965-12-13,4.36
2990,1965-12-14,4.41
2991,1965-12-15,4.4
2992,1965-12-16,4.42
2993,1965-12-17,4.46
2994,1965-12-20,4.5
2995,1965-12-21,4.48
2996,1965-12-22,4.47
2997,1965-12-23,4.47
2998,1965-12-27,4.47
2999,1965-12-28,4.47
3000,1965-12-29,4.48
3001,1965-12-30,4.48
3002,1965-12-31,4.49
3003,1966-01-03,4.51
3004,1966-01-04,4.56
3005,1966-01-05,4.56
3006,1966-01-06,4.54
3007,1966-01-07,4.54
3008,1966-01-10,4.55
3009,1966-01-11,4.6
3010,1966-01-12,4.61
3011,1966-01-13,4.6
3012,1966-01-14,4.63
3013,1966-01-17,4.63
3014,1966-01-18,4.66
3015,1966-01-19,4.62
3016,1966-01-20,4.59
3017,1966-01-21,4.59
3018,1966-01-24,4.57
3019,1966-01-25,4.6
3020,1966-01-26,4.6
3021,1966-01-27,4.56
3022,1966-01-28,4.57
3023,1966-01-31,4.63
3024,1966-02-01,4.66
3025,1966-02-02,4.64
3026,1966-02-03,4.63
3027,1966-02-04,4.62
3028,1966-02-07,4.61
3029,1966-02-08,4.64
3030,1966-02-09,4.64
3031,1966-02-10,4.65
3032,1966-02-11,4.65
3033,1966-02-14,4.65
3034,1966-02-15,4.68
3035,1966-02-16,4.7
3036,1966-02-17,4.66
3037,1966-02-18,4.66
3038,1966-02-21,4.66
3039,1966-02-23,4.69
3040,1966-02-24,4.67
3041,1966-02-25,4.63
3042,1966-02-28,4.64
3043,1966-03-01,4.65
3044,1966-03-02,4.64
3045,1966-03-03,4.61
3046,1966-03-04,4.57
3047,1966-03-07,4.57
3048,1966-03-08,4.63
3049,1966-03-09,4.63
3050,1966-03-10,4.65
3051,1966-03-11,4.69
3052,1966-03-14,4.67
3053,1966-03-15,4.65
3054,1966-03-16,4.65
3055,1966-03-17,4.64
3056,1966-03-18,4.59
3057,1966-03-21,4.52
3058,1966-03-22,4.55
3059,1966-03-23,4.49
3060,1966-03-24,4.46
3061,1966-03-25,4.53
3062,1966-03-28,4.5
3063,1966-03-29,4.55
3064,1966-03-30,4.53
3065,1966-03-31,4.52
3066,1966-04-01,4.5
3067,1966-04-04,4.48
3068,1966-04-05,4.54
3069,1966-04-06,4.56
3070,1966-04-07,4.58
3071,1966-04-11,4.59
3072,1966-04-12,4.66
3073,1966-04-13,4.67
3074,1966-04-14,4.66
3075,1966-04-15,4.66
3076,1966-04-18,4.65
3077,1966-04-19,4.66
3078,1966-04-20,4.67
3079,1966-04-21,4.66
3080,1966-04-22,4.63
3081,1966-04-25,4.63
3082,1966-04-26,4.64
3083,1966-04-27,4.64
3084,1966-04-28,4.63
3085,1966-04-29,4.65
3086,1966-05-02,4.65
3087,1966-05-03,4.68
3088,1966-05-04,4.67
3089,1966-05-05,4.67
3090,1966-05-06,4.66
3091,1966-05-09,4.61
3092,1966-05-10,4.61
3093,1966-05-11,4.61
3094,1966-05-12,4.61
3095,1966-05-13,4.61
3096,1966-05-16,4.6
3097,1966-05-17,4.64
3098,1966-05-18,4.65
3099,1966-05-19,4.65
3100,1966-05-20,4.64
3101,1966-05-23,4.62
3102,1966-05-24,4.65
3103,1966-05-25,4.65
3104,1966-05-26,4.64
3105,1966-05-27,4.62
3106,1966-05-31,4.64
3107,1966-06-01,4.63
3108,1966-06-02,4.56
3109,1966-06-03,4.54
3110,1966-06-06,4.54
3111,1966-06-07,4.6
3112,1966-06-08,4.59
3113,1966-06-09,4.58
3114,1966-06-10,4.57
3115,1966-06-13,4.56
3116,1966-06-14,4.58
3117,1966-06-15,4.54
3118,1966-06-16,4.5
3119,1966-06-17,4.46
3120,1966-06-20,4.43
3121,1966-06-21,4.47
3122,1966-06-22,4.4
3123,1966-06-23,4.34
3124,1966-06-24,4.38
3125,1966-06-27,4.33
3126,1966-06-28,4.38
3127,1966-06-29,4.43
3128,1966-06-30,4.58
3129,1966-07-01,4.64
3130,1966-07-05,4.77
3131,1966-07-06,4.66
3132,1966-07-07,4.66
3133,1966-07-08,4.68
3134,1966-07-11,4.74
3135,1966-07-12,4.89
3136,1966-07-13,4.88
3137,1966-07-14,4.92
3138,1966-07-15,4.93
3139,1966-07-18,4.93
3140,1966-07-19,4.96
3141,1966-07-20,4.9
3142,1966-07-21,4.88
3143,1966-07-22,4.84
3144,1966-07-25,4.78
3145,1966-07-26,4.77
3146,1966-07-27,4.66
3147,1966-07-28,4.69
3148,1966-07-29,4.77
3149,1966-08-01,4.75
3150,1966-08-02,4.84
3151,1966-08-03,4.87
3152,1966-08-04,4.84
3153,1966-08-05,4.79
3154,1966-08-08,4.78
3155,1966-08-09,4.86
3156,1966-08-10,4.89
3157,1966-08-11,4.91
3158,1966-08-12,4.94
3159,1966-08-15,5.0
3160,1966-08-16,5.09
3161,1966-08-17,5.08
3162,1966-08-18,5.09
3163,1966-08-19,5.06
3164,1966-08-22,4.97
3165,1966-08-23,5.05
3166,1966-08-24,5.02
3167,1966-08-25,5.03
3168,1966-08-26,5.03
3169,1966-08-29,5.04
3170,1966-08-30,5.09
3171,1966-08-31,5.06
3172,1966-09-01,5.08
3173,1966-09-02,5.09
3174,1966-09-06,5.17
3175,1966-09-07,5.19
3176,1966-09-08,5.21
3177,1966-09-09,5.22
3178,1966-09-12,5.29
3179,1966-09-13,5.43
3180,1966-09-14,5.45
3181,1966-09-15,5.46
3182,1966-09-16,5.46
3183,1966-09-19,5.47
3184,1966-09-20,5.57
3185,1966-09-21,5.59
3186,1966-09-22,5.55
3187,1966-09-23,5.51
3188,1966-09-26,5.45
3189,1966-09-27,5.44
3190,1966-09-28,5.41
3191,1966-09-29,5.34
3192,1966-09-30,5.34
3193,1966-10-03,5.33
3194,1966-10-04,5.44
3195,1966-10-05,5.42
3196,1966-10-06,5.38
3197,1966-10-07,5.36
3198,1966-10-10,5.4
3199,1966-10-11,5.47
3200,1966-10-13,5.48
3201,1966-10-14,5.44
3202,1966-10-17,5.39
3203,1966-10-18,5.41
3204,1966-10-19,5.4
3205,1966-10-20,5.38
3206,1966-10-21,5.27
3207,1966-10-24,5.19
3208,1966-10-25,5.23
3209,1966-10-26,5.24
3210,1966-10-27,5.25
3211,1966-10-28,5.23
3212,1966-10-31,5.22
3213,1966-11-01,5.27
3214,1966-11-02,5.33
3215,1966-11-03,5.33
3216,1966-11-04,5.36
3217,1966-11-07,5.37
3218,1966-11-09,5.42
3219,1966-11-10,5.45
3220,1966-11-14,5.41
3221,1966-11-15,5.45
3222,1966-11-16,5.44
3223,1966-11-17,5.36
3224,1966-11-18,5.29
3225,1966-11-21,5.21
3226,1966-11-22,5.28
3227,1966-11-23,5.28
3228,1966-11-25,5.27
3229,1966-11-28,5.2
3230,1966-11-29,5.19
3231,1966-11-30,5.16
3232,1966-12-01,5.16
3233,1966-12-02,5.16
3234,1966-12-05,5.17
3235,1966-12-06,5.15
3236,1966-12-07,5.19
3237,1966-12-08,5.18
3238,1966-12-09,5.11
3239,1966-12-12,5.03
3240,1966-12-13,5.04
3241,1966-12-14,5.01
3242,1966-12-15,4.92
3243,1966-12-16,4.85
3244,1966-12-19,4.85
3245,1966-12-20,4.82
3246,1966-12-21,4.82
3247,1966-12-22,4.81
3248,1966-12-23,4.78
3249,1966-12-27,4.78
3250,1966-12-28,4.8
3251,1966-12-29,4.82
3252,1966-12-30,4.81
3253,1967-01-03,4.84
3254,1967-01-04,4.81
3255,1967-01-05,4.78
3256,1967-01-06,4.78
3257,1967-01-09,4.79
3258,1967-01-10,4.85
3259,1967-01-11,4.79
3260,1967-01-12,4.83
3261,1967-01-13,4.79
3262,1967-01-16,4.72
3263,1967-01-17,4.69
3264,1967-01-18,4.7
3265,1967-01-19,4.72
3266,1967-01-20,4.71
3267,1967-01-23,4.68
3268,1967-01-24,4.69
3269,1967-01-25,4.7
3270,1967-01-26,4.64
3271,1967-01-27,4.59
3272,1967-01-30,4.51
3273,1967-01-31,4.51
3274,1967-02-01,4.5
3275,1967-02-02,4.47
3276,1967-02-03,4.46
3277,1967-02-06,4.53
3278,1967-02-07,4.55
3279,1967-02-08,4.53
3280,1967-02-09,4.52
3281,1967-02-10,4.56
3282,1967-02-14,4.6
3283,1967-02-15,4.62
3284,1967-02-16,4.61
3285,1967-02-17,4.62
3286,1967-02-20,4.6
3287,1967-02-21,4.62
3288,1967-02-23,4.64
3289,1967-02-24,4.59
3290,1967-02-27,4.54
3291,1967-02-28,4.54
3292,1967-03-01,4.45
3293,1967-03-02,4.41
3294,1967-03-03,4.37
3295,1967-03-06,4.36
3296,1967-03-07,4.38
3297,1967-03-08,4.39
3298,1967-03-09,4.37
3299,1967-03-10,4.36
3300,1967-03-13,4.33
3301,1967-03-14,4.31
3302,1967-03-15,4.28
3303,1967-03-16,4.24
3304,1967-03-17,4.24
3305,1967-03-20,4.1
3306,1967-03-21,4.16
3307,1967-03-22,4.17
3308,1967-03-23,4.15
3309,1967-03-27,4.17
3310,1967-03-28,4.17
3311,1967-03-29,4.17
3312,1967-03-30,4.11
3313,1967-03-31,4.01
3314,1967-04-03,3.97
3315,1967-04-04,4.0
3316,1967-04-05,3.98
3317,1967-04-06,3.95
3318,1967-04-07,3.87
3319,1967-04-10,3.81
3320,1967-04-11,3.82
3321,1967-04-12,3.84
3322,1967-04-13,3.87
3323,1967-04-14,3.89
3324,1967-04-17,3.89
3325,1967-04-18,3.88
3326,1967-04-19,3.82
3327,1967-04-20,3.79
3328,1967-04-21,3.75
3329,1967-04-24,3.73
3330,1967-04-25,3.73
3331,1967-04-26,3.72
3332,1967-04-27,3.71
3333,1967-04-28,3.73
3334,1967-05-01,3.75
3335,1967-05-02,3.74
3336,1967-05-03,3.74
3337,1967-05-04,3.69
3338,1967-05-05,3.69
3339,1967-05-08,3.65
3340,1967-05-09,3.66
3341,1967-05-10,3.67
3342,1967-05-11,3.65
3343,1967-05-12,3.65
3344,1967-05-15,3.6
3345,1967-05-16,3.63
3346,1967-05-17,3.63
3347,1967-05-18,3.55
3348,1967-05-19,3.54
3349,1967-05-22,3.5
3350,1967-05-23,3.53
3351,1967-05-24,3.51
3352,1967-05-25,3.49
3353,1967-05-26,3.48
3354,1967-05-29,3.46
3355,1967-05-31,3.46
3356,1967-06-01,3.4
3357,1967-06-02,3.39
3358,1967-06-05,3.37
3359,1967-06-06,3.4
3360,1967-06-07,3.41
3361,1967-06-08,3.43
3362,1967-06-09,3.45
3363,1967-06-12,3.5
3364,1967-06-13,3.55
3365,1967-06-14,3.61
3366,1967-06-15,3.59
3367,1967-06-16,3.61
3368,1967-06-19,3.58
3369,1967-06-20,3.55
3370,1967-06-21,3.49
3371,1967-06-22,3.38
3372,1967-06-23,3.33
3373,1967-06-26,3.44
3374,1967-06-27,3.67
3375,1967-06-28,3.76
3376,1967-06-29,3.88
3377,1967-06-30,4.0
3378,1967-07-03,4.1
3379,1967-07-05,4.29
3380,1967-07-06,4.21
3381,1967-07-07,4.21
3382,1967-07-10,4.18
3383,1967-07-11,4.22
3384,1967-07-12,4.18
3385,1967-07-13,4.16
3386,1967-07-14,4.18
3387,1967-07-17,4.17
3388,1967-07-18,4.2
3389,1967-07-19,4.19
3390,1967-07-20,4.21
3391,1967-07-21,4.22
3392,1967-07-24,4.35
3393,1967-07-25,4.32
3394,1967-07-26,4.28
3395,1967-07-27,4.17
3396,1967-07-28,4.15
3397,1967-07-31,4.12
3398,1967-08-01,4.16
3399,1967-08-02,4.18
3400,1967-08-03,4.15
3401,1967-08-04,4.19
3402,1967-08-07,4.15
3403,1967-08-08,4.2
3404,1967-08-09,4.18
3405,1967-08-10,4.17
3406,1967-08-11,4.17
3407,1967-08-14,4.16
3408,1967-08-15,4.2
3409,1967-08-16,4.21
3410,1967-08-17,4.21
3411,1967-08-18,4.25
3412,1967-08-21,4.29
3413,1967-08-22,4.36
3414,1967-08-23,4.39
3415,1967-08-24,4.37
3416,1967-08-25,4.4
3417,1967-08-28,4.45
3418,1967-08-29,4.45
3419,1967-08-30,4.44
3420,1967-08-31,4.38
3421,1967-09-01,4.34
3422,1967-09-05,4.29
3423,1967-09-06,4.31
3424,1967-09-07,4.3
3425,1967-09-08,4.31
3426,1967-09-11,4.34
3427,1967-09-12,4.37
3428,1967-09-13,4.36
3429,1967-09-14,4.39
3430,1967-09-15,4.4
3431,1967-09-18,4.47
3432,1967-09-19,4.5
3433,1967-09-20,4.57
3434,1967-09-21,4.58
3435,1967-09-22,4.6
3436,1967-09-25,4.59
3437,1967-09-26,4.54
3438,1967-09-27,4.44
3439,1967-09-28,4.4
3440,1967-09-29,4.39
3441,1967-10-02,4.4
3442,1967-10-03,4.52
3443,1967-10-04,4.54
3444,1967-10-05,4.51
3445,1967-10-06,4.5
3446,1967-10-09,4.52
3447,1967-10-10,4.54
3448,1967-10-11,4.6
3449,1967-10-13,4.61
3450,1967-10-16,4.64
3451,1967-10-17,4.67
3452,1967-10-18,4.62
3453,1967-10-19,4.57
3454,1967-10-20,4.58
3455,1967-10-23,4.58
3456,1967-10-24,4.57
3457,1967-10-25,4.58
3458,1967-10-26,4.54
3459,1967-10-27,4.53
3460,1967-10-30,4.53
3461,1967-10-31,4.56
3462,1967-11-01,4.58
3463,1967-11-02,4.57
3464,1967-11-03,4.61
3465,1967-11-06,4.64
3466,1967-11-08,4.66
3467,1967-11-09,4.63
3468,1967-11-10,4.61
3469,1967-11-13,4.62
3470,1967-11-14,4.64
3471,1967-11-15,4.63
3472,1967-11-16,4.6
3473,1967-11-17,4.67
3474,1967-11-20,4.9
3475,1967-11-21,4.87
3476,1967-11-22,4.77
3477,1967-11-24,4.91
3478,1967-11-27,4.9
3479,1967-11-28,4.88
3480,1967-11-29,4.9
3481,1967-11-30,4.95
3482,1967-12-01,5.01
3483,1967-12-04,4.92
3484,1967-12-05,4.96
3485,1967-12-06,4.9
3486,1967-12-07,4.91
3487,1967-12-08,4.89
3488,1967-12-11,4.9
3489,1967-12-12,4.95
3490,1967-12-13,4.96
3491,1967-12-14,4.98
3492,1967-12-15,5.07
3493,1967-12-18,5.05
3494,1967-12-19,5.02
3495,1967-12-20,4.97
3496,1967-12-21,4.91
3497,1967-12-22,4.96
3498,1967-12-26,4.98
3499,1967-12-27,4.99
3500,1967-12-28,5.01
3501,1967-12-29,5.04
3502,1968-01-02,5.04
3503,1968-01-03,5.04
3504,1968-01-04,4.99
3505,1968-01-05,4.96
3506,1968-01-08,5.02
3507,1968-01-09,5.1
3508,1968-01-10,5.08
3509,1968-01-11,5.07
3510,1968-01-12,5.08
3511,1968-01-15,5.02
3512,1968-01-16,5.01
3513,1968-01-17,4.99
3514,1968-01-18,5.01
3515,1968-01-19,5.07
3516,1968-01-22,5.03
3517,1968-01-23,5.03
3518,1968-01-24,5.01
3519,1968-01-25,4.91
3520,1968-01-26,4.88
3521,1968-01-29,4.82
3522,1968-01-30,4.87
3523,1968-01-31,4.88
3524,1968-02-01,4.84
3525,1968-02-02,4.86
3526,1968-02-05,4.91
3527,1968-02-06,5.02
3528,1968-02-07,5.03
3529,1968-02-08,5.03
3530,1968-02-09,5.01
3531,1968-02-13,5.01
3532,1968-02-14,5.0
3533,1968-02-15,4.96
3534,1968-02-16,4.92
3535,1968-02-19,4.9
3536,1968-02-20,4.97
3537,1968-02-21,4.99
3538,1968-02-23,5.01
3539,1968-02-26,5.04
3540,1968-02-27,5.06
3541,1968-02-28,5.02
3542,1968-02-29,5.02
3543,1968-03-01,5.01
3544,1968-03-04,4.99
3545,1968-03-05,5.0
3546,1968-03-06,5.03
3547,1968-03-07,5.09
3548,1968-03-08,5.09
3549,1968-03-11,5.09
3550,1968-03-12,5.14
3551,1968-03-13,5.25
3552,1968-03-14,5.45
3553,1968-03-15,5.37
3554,1968-03-18,5.26
3555,1968-03-19,5.31
3556,1968-03-20,5.26
3557,1968-03-21,5.25
3558,1968-03-22,5.19
3559,1968-03-25,5.15
3560,1968-03-26,5.1
3561,1968-03-27,5.13
3562,1968-03-28,5.15
3563,1968-03-29,5.17
3564,1968-04-01,5.13
3565,1968-04-02,5.19
3566,1968-04-03,5.19
3567,1968-04-04,5.27
3568,1968-04-05,5.24
3569,1968-04-08,5.26
3570,1968-04-10,5.34
3571,1968-04-11,5.44
3572,1968-04-15,5.41
3573,1968-04-16,5.37
3574,1968-04-17,5.33
3575,1968-04-18,5.34
3576,1968-04-19,5.53
3577,1968-04-22,5.51
3578,1968-04-23,5.49
3579,1968-04-24,5.5
3580,1968-04-25,5.5
3581,1968-04-26,5.51
3582,1968-04-29,5.48
3583,1968-04-30,5.51
3584,1968-05-01,5.48
3585,1968-05-02,5.48
3586,1968-05-03,5.54
3587,1968-05-06,5.48
3588,1968-05-07,5.52
3589,1968-05-08,5.53
3590,1968-05-09,5.55
3591,1968-05-10,5.55
3592,1968-05-13,5.53
3593,1968-05-14,5.6
3594,1968-05-15,5.67
3595,1968-05-16,5.78
3596,1968-05-17,5.8
3597,1968-05-20,5.82
3598,1968-05-21,5.92
3599,1968-05-22,5.86
3600,1968-05-23,5.8
3601,1968-05-24,5.72
3602,1968-05-27,5.67
3603,1968-05-28,5.72
3604,1968-05-29,5.73
3605,1968-05-31,5.68
3606,1968-06-03,5.65
3607,1968-06-04,5.66
3608,1968-06-05,5.65
3609,1968-06-06,5.66
3610,1968-06-07,5.66
3611,1968-06-10,5.68
3612,1968-06-11,5.72
3613,1968-06-12,5.71
3614,1968-06-13,5.69
3615,1968-06-14,5.63
3616,1968-06-17,5.58
3617,1968-06-18,5.6
3618,1968-06-19,5.47
3619,1968-06-20,5.4
3620,1968-06-21,5.2
3621,1968-06-24,5.2
3622,1968-06-25,5.34
3623,1968-06-26,5.35
3624,1968-06-27,5.32
3625,1968-06-28,5.3
3626,1968-07-01,5.3
3627,1968-07-02,5.34
3628,1968-07-03,5.39
3629,1968-07-05,5.36
3630,1968-07-08,5.33
3631,1968-07-09,5.38
3632,1968-07-10,5.38
3633,1968-07-11,5.39
3634,1968-07-12,5.38
3635,1968-07-15,5.42
3636,1968-07-16,5.47
3637,1968-07-17,5.39
3638,1968-07-18,5.34
3639,1968-07-19,5.29
3640,1968-07-22,5.27
3641,1968-07-23,5.26
3642,1968-07-24,5.24
3643,1968-07-25,5.2
3644,1968-07-26,5.2
3645,1968-07-29,5.19
3646,1968-07-30,5.2
3647,1968-07-31,5.17
3648,1968-08-01,4.97
3649,1968-08-02,4.9
3650,1968-08-05,4.89
3651,1968-08-06,4.98
3652,1968-08-07,4.96
3653,1968-08-08,4.96
3654,1968-08-09,4.99
3655,1968-08-12,5.05
3656,1968-08-13,5.11
3657,1968-08-14,5.14
3658,1968-08-15,5.17
3659,1968-08-16,5.11
3660,1968-08-19,5.11
3661,1968-08-20,5.14
3662,1968-08-21,5.17
3663,1968-08-22,5.17
3664,1968-08-23,5.15
3665,1968-08-26,5.16
3666,1968-08-27,5.19
3667,1968-08-28,5.2
3668,1968-08-29,5.21
3669,1968-08-30,5.18
3670,1968-09-03,5.18
3671,1968-09-04,5.19
3672,1968-09-05,5.22
3673,1968-09-06,5.23
3674,1968-09-09,5.24
3675,1968-09-10,5.3
3676,1968-09-11,5.3
3677,1968-09-12,5.3
3678,1968-09-13,5.24
3679,1968-09-16,5.22
3680,1968-09-17,5.2
3681,1968-09-18,5.15
3682,1968-09-19,5.16
3683,1968-09-20,5.17
3684,1968-09-23,5.17
3685,1968-09-24,5.13
3686,1968-09-25,5.11
3687,1968-09-26,5.09
3688,1968-09-27,5.12
3689,1968-09-30,5.16
3690,1968-10-01,5.16
3691,1968-10-02,5.22
3692,1968-10-03,5.21
3693,1968-10-04,5.23
3694,1968-10-07,5.26
3695,1968-10-08,5.35
3696,1968-10-09,5.37
3697,1968-10-10,5.34
3698,1968-10-11,5.26
3699,1968-10-14,5.32
3700,1968-10-15,5.38
3701,1968-10-16,5.37
3702,1968-10-17,5.33
3703,1968-10-18,5.33
3704,1968-10-21,5.36
3705,1968-10-22,5.42
3706,1968-10-23,5.4
3707,1968-10-24,5.4
3708,1968-10-25,5.42
3709,1968-10-28,5.46
3710,1968-10-29,5.51
3711,1968-10-30,5.5
3712,1968-10-31,5.48
3713,1968-11-01,5.46
3714,1968-11-04,5.52
3715,1968-11-06,5.51
3716,1968-11-07,5.45
3717,1968-11-08,5.46
3718,1968-11-12,5.46
3719,1968-11-13,5.41
3720,1968-11-14,5.4
3721,1968-11-15,5.42
3722,1968-11-18,5.44
3723,1968-11-19,5.45
3724,1968-11-20,5.42
3725,1968-11-21,5.42
3726,1968-11-22,5.42
3727,1968-11-25,5.42
3728,1968-11-26,5.46
3729,1968-11-27,5.49
3730,1968-11-29,5.52
3731,1968-12-02,5.61
3732,1968-12-03,5.67
3733,1968-12-04,5.7
3734,1968-12-05,5.66
3735,1968-12-06,5.66
3736,1968-12-09,5.73
3737,1968-12-10,5.84
3738,1968-12-11,5.88
3739,1968-12-12,5.89
3740,1968-12-13,5.88
3741,1968-12-16,5.94
3742,1968-12-17,5.96
3743,1968-12-18,6.0
3744,1968-12-19,6.08
3745,1968-12-20,6.19
3746,1968-12-23,6.28
3747,1968-12-24,6.29
3748,1968-12-26,6.19
3749,1968-12-27,6.12
3750,1968-12-30,6.26
3751,1968-12-31,6.25
3752,1969-01-02,6.14
3753,1969-01-03,6.13
3754,1969-01-06,6.18
3755,1969-01-07,6.25
3756,1969-01-08,6.19
3757,1969-01-09,6.15
3758,1969-01-10,6.11
3759,1969-01-13,6.13
3760,1969-01-14,6.18
3761,1969-01-15,6.13
3762,1969-01-16,6.05
3763,1969-01-17,6.07
3764,1969-01-20,6.01
3765,1969-01-21,6.09
3766,1969-01-22,6.13
3767,1969-01-23,6.16
3768,1969-01-24,6.17
3769,1969-01-27,6.13
3770,1969-01-28,6.16
3771,1969-01-29,6.16
3772,1969-01-30,6.17
3773,1969-01-31,6.19
3774,1969-02-03,6.19
3775,1969-02-04,6.2
3776,1969-02-05,6.2
3777,1969-02-06,6.2
3778,1969-02-07,6.15
3779,1969-02-10,6.14
3780,1969-02-11,6.08
3781,1969-02-13,6.08
3782,1969-02-14,6.05
3783,1969-02-17,6.06
3784,1969-02-18,6.15
3785,1969-02-19,6.14
3786,1969-02-20,6.07
3787,1969-02-21,6.02
3788,1969-02-24,6.0
3789,1969-02-25,6.09
3790,1969-02-26,6.1
3791,1969-02-27,6.19
3792,1969-02-28,6.19
3793,1969-03-03,6.17
3794,1969-03-04,6.16
3795,1969-03-05,6.09
3796,1969-03-06,6.08
3797,1969-03-07,6.06
3798,1969-03-10,6.01
3799,1969-03-11,6.01
3800,1969-03-12,5.99
3801,1969-03-13,6.03
3802,1969-03-14,6.02
3803,1969-03-17,6.08
3804,1969-03-18,5.99
3805,1969-03-19,5.99
3806,1969-03-20,5.99
3807,1969-03-21,5.96
3808,1969-03-24,5.91
3809,1969-03-25,5.92
3810,1969-03-26,5.94
3811,1969-03-27,5.94
3812,1969-03-28,5.99
3813,1969-04-01,5.99
3814,1969-04-02,6.08
3815,1969-04-03,6.09
3816,1969-04-07,6.15
3817,1969-04-08,6.16
3818,1969-04-09,6.13
3819,1969-04-10,6.16
3820,1969-04-11,6.17
3821,1969-04-14,6.16
3822,1969-04-15,6.23
3823,1969-04-16,6.22
3824,1969-04-17,6.2
3825,1969-04-18,6.19
3826,1969-04-21,6.17
3827,1969-04-22,6.17
3828,1969-04-23,6.15
3829,1969-04-24,6.1
3830,1969-04-25,6.08
3831,1969-04-28,6.0
3832,1969-04-29,5.92
3833,1969-04-30,5.87
3834,1969-05-01,5.92
3835,1969-05-02,5.96
3836,1969-05-05,5.94
3837,1969-05-06,6.02
3838,1969-05-07,6.01
3839,1969-05-08,5.96
3840,1969-05-09,5.96
3841,1969-05-12,6.04
3842,1969-05-13,6.09
3843,1969-05-14,6.07
3844,1969-05-15,6.09
3845,1969-05-16,6.1
3846,1969-05-19,6.09
3847,1969-05-20,6.12
3848,1969-05-21,6.08
3849,1969-05-22,6.02
3850,1969-05-23,6.01
3851,1969-05-26,6.07
3852,1969-05-27,6.14
3853,1969-05-28,6.12
3854,1969-05-29,6.08
3855,1969-06-02,6.12
3856,1969-06-03,6.18
3857,1969-06-04,6.26
3858,1969-06-05,6.39
3859,1969-06-06,6.34
3860,1969-06-09,6.45
3861,1969-06-10,6.62
3862,1969-06-11,6.69
3863,1969-06-12,6.81
3864,1969-06-13,6.76
3865,1969-06-16,6.63
3866,1969-06-17,6.52
3867,1969-06-18,6.55
3868,1969-06-19,6.6
3869,1969-06-20,6.52
3870,1969-06-23,6.37
3871,1969-06-24,6.5
3872,1969-06-25,6.4
3873,1969-06-26,6.07
3874,1969-06-27,6.15
3875,1969-06-30,6.29
3876,1969-07-01,6.67
3877,1969-07-02,6.74
3878,1969-07-03,6.81
3879,1969-07-07,6.88
3880,1969-07-08,6.98
3881,1969-07-09,7.04
3882,1969-07-10,7.0
3883,1969-07-11,6.89
3884,1969-07-14,6.94
3885,1969-07-15,7.09
3886,1969-07-16,6.99
3887,1969-07-17,7.04
3888,1969-07-18,7.05
3889,1969-07-22,7.08
3890,1969-07-23,7.13
3891,1969-07-24,7.12
3892,1969-07-25,7.13
3893,1969-07-28,7.12
3894,1969-07-29,7.14
3895,1969-07-30,7.11
3896,1969-07-31,7.06
3897,1969-08-01,7.0
3898,1969-08-04,6.93
3899,1969-08-05,6.98
3900,1969-08-06,6.99
3901,1969-08-07,6.97
3902,1969-08-08,7.02
3903,1969-08-11,7.01
3904,1969-08-12,7.1
3905,1969-08-13,7.08
3906,1969-08-14,6.97
3907,1969-08-15,6.85
3908,1969-08-18,6.78
3909,1969-08-19,6.84
3910,1969-08-20,6.86
3911,1969-08-21,6.93
3912,1969-08-22,6.96
3913,1969-08-25,7.0
3914,1969-08-26,7.16
3915,1969-08-27,7.15
3916,1969-08-28,7.09
3917,1969-08-29,6.95
3918,1969-09-02,7.03
3919,1969-09-03,7.0
3920,1969-09-04,7.04
3921,1969-09-05,7.06
3922,1969-09-08,7.09
3923,1969-09-09,7.16
3924,1969-09-10,7.12
3925,1969-09-11,7.09
3926,1969-09-12,7.1
3927,1969-09-15,7.1
3928,1969-09-16,7.13
3929,1969-09-17,7.13
3930,1969-09-18,7.14
3931,1969-09-19,7.16
3932,1969-09-22,7.14
3933,1969-09-23,7.1
3934,1969-09-24,7.1
3935,1969-09-25,7.09
3936,1969-09-26,7.06
3937,1969-09-29,6.91
3938,1969-09-30,7.14
3939,1969-10-01,7.17
3940,1969-10-02,7.08
3941,1969-10-03,7.0
3942,1969-10-06,6.94
3943,1969-10-07,6.99
3944,1969-10-08,7.0
3945,1969-10-09,7.03
3946,1969-10-10,6.98
3947,1969-10-14,7.04
3948,1969-10-15,7.04
3949,1969-10-16,7.02
3950,1969-10-17,6.97
3951,1969-10-20,6.91
3952,1969-10-21,6.9
3953,1969-10-22,6.91
3954,1969-10-23,6.98
3955,1969-10-24,7.0
3956,1969-10-27,6.99
3957,1969-10-28,7.0
3958,1969-10-29,7.01
3959,1969-10-30,7.02
3960,1969-10-31,6.99
3961,1969-11-03,6.97
3962,1969-11-05,7.07
3963,1969-11-06,7.12
3964,1969-11-07,7.13
3965,1969-11-10,7.12
3966,1969-11-12,7.17
3967,1969-11-13,7.2
3968,1969-11-14,7.09
3969,1969-11-17,7.07
3970,1969-11-18,7.2
3971,1969-11-19,7.23
3972,1969-11-20,7.35
3973,1969-11-21,7.38
3974,1969-11-24,7.42
3975,1969-11-25,7.52
3976,1969-11-26,7.55
3977,1969-11-28,7.51
3978,1969-12-01,7.5
3979,1969-12-02,7.55
3980,1969-12-03,7.62
3981,1969-12-04,7.64
3982,1969-12-05,7.67
3983,1969-12-08,7.68
3984,1969-12-09,7.84
3985,1969-12-10,7.91
3986,1969-12-11,7.85
3987,1969-12-12,7.81
3988,1969-12-15,7.92
3989,1969-12-16,7.91
3990,1969-12-17,7.92
3991,1969-12-18,7.88
3992,1969-12-19,7.79
3993,1969-12-22,7.82
3994,1969-12-23,7.82
3995,1969-12-24,7.85
3996,1969-12-26,7.86
3997,1969-12-29,8.08
3998,1969-12-30,8.05
3999,1969-12-31,8.01
4000,1970-01-02,7.92
4001,1970-01-05,7.91
4002,1970-01-06,7.93
4003,1970-01-07,7.9
4004,1970-01-08,7.91
4005,1970-01-09,7.89
4006,1970-01-12,7.8
4007,1970-01-13,7.82
4008,1970-01-14,7.87
4009,1970-01-15,7.84
4010,1970-01-16,7.8
4011,1970-01-19,7.79
4012,1970-01-20,7.82
4013,1970-01-21,7.83
4014,1970-01-22,7.87
4015,1970-01-23,7.86
4016,1970-01-26,7.88
4017,1970-01-27,7.91
4018,1970-01-28,7.91
4019,1970-01-29,7.91
4020,1970-01-30,7.86
4021,1970-02-02,7.72
4022,1970-02-03,7.7
4023,1970-02-04,7.66
4024,1970-02-05,7.56
4025,1970-02-06,7.42
4026,1970-02-09,7.3
4027,1970-02-10,7.28
4028,1970-02-11,7.25
4029,1970-02-13,6.95
4030,1970-02-16,6.83
4031,1970-02-17,6.77
4032,1970-02-18,6.77
4033,1970-02-19,6.79
4034,1970-02-20,6.8
4035,1970-02-24,6.88
4036,1970-02-25,6.89
4037,1970-02-26,6.88
4038,1970-02-27,6.85
4039,1970-03-02,6.87
4040,1970-03-03,6.92
4041,1970-03-04,6.93
4042,1970-03-05,6.88
4043,1970-03-06,6.85
4044,1970-03-09,6.86
4045,1970-03-10,6.71
4046,1970-03-11,6.72
4047,1970-03-12,6.75
4048,1970-03-13,6.77
4049,1970-03-16,6.82
4050,1970-03-17,6.81
4051,1970-03-18,6.75
4052,1970-03-19,6.65
4053,1970-03-20,6.52
4054,1970-03-23,6.15
4055,1970-03-24,6.08
4056,1970-03-25,6.15
4057,1970-03-26,6.26
4058,1970-03-30,6.32
4059,1970-03-31,6.38
4060,1970-04-01,6.34
4061,1970-04-02,6.35
4062,1970-04-03,6.36
4063,1970-04-06,6.39
4064,1970-04-07,6.44
4065,1970-04-08,6.43
4066,1970-04-09,6.38
4067,1970-04-10,6.36
4068,1970-04-13,6.34
4069,1970-04-14,6.32
4070,1970-04-15,6.38
4071,1970-04-16,6.4
4072,1970-04-17,6.4
4073,1970-04-20,6.48
4074,1970-04-21,6.54
4075,1970-04-22,6.74
4076,1970-04-23,6.58
4077,1970-04-24,6.6
4078,1970-04-27,6.65
4079,1970-04-28,6.96
4080,1970-04-29,6.91
4081,1970-04-30,6.93
4082,1970-05-01,6.84
4083,1970-05-04,6.91
4084,1970-05-05,7.09
4085,1970-05-06,6.91
4086,1970-05-07,6.64
4087,1970-05-08,6.56
4088,1970-05-11,6.74
4089,1970-05-12,6.92
4090,1970-05-13,6.82
4091,1970-05-14,6.76
4092,1970-05-15,6.76
4093,1970-05-18,6.68
4094,1970-05-19,6.72
4095,1970-05-20,6.67
4096,1970-05-21,6.71
4097,1970-05-22,6.86
4098,1970-05-25,7.01
4099,1970-05-26,7.08
4100,1970-05-27,7.04
4101,1970-05-28,6.95
4102,1970-05-29,6.93
4103,1970-06-01,6.85
4104,1970-06-02,6.82
4105,1970-06-03,6.81
4106,1970-06-04,6.81
4107,1970-06-05,6.8
4108,1970-06-08,6.75
4109,1970-06-09,6.77
4110,1970-06-10,6.76
4111,1970-06-11,6.74
4112,1970-06-12,6.79
4113,1970-06-15,6.71
4114,1970-06-16,6.71
4115,1970-06-17,6.72
4116,1970-06-18,6.73
4117,1970-06-19,6.7
4118,1970-06-22,6.54
4119,1970-06-23,6.6
4120,1970-06-24,6.62
4121,1970-06-25,6.41
4122,1970-06-26,6.38
4123,1970-06-29,6.37
4124,1970-06-30,6.49
4125,1970-07-01,6.48
4126,1970-07-02,6.48
4127,1970-07-06,6.58
4128,1970-07-07,6.71
4129,1970-07-08,6.67
4130,1970-07-09,6.61
4131,1970-07-10,6.52
4132,1970-07-13,6.5
4133,1970-07-14,6.51
4134,1970-07-15,6.49
4135,1970-07-16,6.38
4136,1970-07-17,6.4
4137,1970-07-20,6.37
4138,1970-07-21,6.38
4139,1970-07-22,6.35
4140,1970-07-23,6.28
4141,1970-07-24,6.32
4142,1970-07-27,6.34
4143,1970-07-28,6.38
4144,1970-07-29,6.38
4145,1970-07-30,6.39
4146,1970-07-31,6.38
4147,1970-08-03,6.4
4148,1970-08-04,6.46
4149,1970-08-05,6.5
4150,1970-08-06,6.49
4151,1970-08-07,6.47
4152,1970-08-10,6.48
4153,1970-08-11,6.54
4154,1970-08-12,6.55
4155,1970-08-13,6.53
4156,1970-08-14,6.54
4157,1970-08-17,6.53
4158,1970-08-18,6.47
4159,1970-08-19,6.41
4160,1970-08-20,6.38
4161,1970-08-21,6.29
4162,1970-08-24,6.23
4163,1970-08-25,6.23
4164,1970-08-26,6.25
4165,1970-08-27,6.27
4166,1970-08-28,6.28
4167,1970-08-31,6.33
4168,1970-09-01,6.39
4169,1970-09-02,6.4
4170,1970-09-03,6.39
4171,1970-09-04,6.32
4172,1970-09-08,6.38
4173,1970-09-09,6.4
4174,1970-09-10,6.41
4175,1970-09-11,6.39
4176,1970-09-14,6.33
4177,1970-09-15,6.32
4178,1970-09-16,6.2
4179,1970-09-17,6.15
4180,1970-09-18,6.08
4181,1970-09-21,5.96
4182,1970-09-22,5.74
4183,1970-09-23,5.71
4184,1970-09-24,5.76
4185,1970-09-25,5.82
4186,1970-09-28,5.81
4187,1970-09-29,5.82
4188,1970-09-30,5.84
4189,1970-10-01,5.86
4190,1970-10-02,5.86
4191,1970-10-05,5.9
4192,1970-10-06,6.05
4193,1970-10-07,6.06
4194,1970-10-08,6.07
4195,1970-10-09,6.05
4196,1970-10-13,6.01
4197,1970-10-14,5.96
4198,1970-10-15,5.91
4199,1970-10-16,5.93
4200,1970-10-19,5.94
4201,1970-10-20,5.86
4202,1970-10-21,5.82
4203,1970-10-22,5.78
4204,1970-10-23,5.76
4205,1970-10-26,5.8
4206,1970-10-27,5.85
4207,1970-10-28,5.88
4208,1970-10-29,5.85
4209,1970-10-30,5.84
4210,1970-11-02,5.69
4211,1970-11-04,5.56
4212,1970-11-05,5.49
4213,1970-11-06,5.5
4214,1970-11-09,5.49
4215,1970-11-10,5.48
4216,1970-11-12,5.49
4217,1970-11-13,5.44
4218,1970-11-16,5.3
4219,1970-11-17,5.22
4220,1970-11-18,5.24
4221,1970-11-19,5.17
4222,1970-11-20,5.02
4223,1970-11-23,4.8
4224,1970-11-24,4.93
4225,1970-11-25,5.06
4226,1970-11-27,5.16
4227,1970-11-30,5.04
4228,1970-12-01,4.98
4229,1970-12-02,4.97
4230,1970-12-03,4.94
4231,1970-12-04,4.91
4232,1970-12-07,4.92
4233,1970-12-08,4.96
4234,1970-12-09,4.96
4235,1970-12-10,4.9
4236,1970-12-11,4.86
4237,1970-12-14,4.8
4238,1970-12-15,4.78
4239,1970-12-16,4.76
4240,1970-12-17,4.74
4241,1970-12-18,4.75
4242,1970-12-21,4.8
4243,1970-12-22,4.81
4244,1970-12-23,4.86
4245,1970-12-24,4.83
4246,1970-12-28,4.84
4247,1970-12-29,4.93
4248,1970-12-30,4.89
4249,1970-12-31,4.85
4250,1971-01-04,4.89
4251,1971-01-05,4.89
4252,1971-01-06,4.84
4253,1971-01-07,4.81
4254,1971-01-08,4.75
4255,1971-01-11,4.66
4256,1971-01-12,4.63
4257,1971-01-13,4.56
4258,1971-01-14,4.38
4259,1971-01-15,4.32
4260,1971-01-18,4.26
4261,1971-01-19,4.25
4262,1971-01-20,4.18
4263,1971-01-21,4.12
4264,1971-01-22,4.18
4265,1971-01-25,4.18
4266,1971-01-26,4.25
4267,1971-01-27,4.22
4268,1971-01-28,4.18
4269,1971-01-29,4.15
4270,1971-02-01,4.12
4271,1971-02-02,4.1
4272,1971-02-03,4.09
4273,1971-02-04,4.03
4274,1971-02-05,3.96
4275,1971-02-08,3.82
4276,1971-02-09,3.64
4277,1971-02-10,3.7
4278,1971-02-11,3.64
4279,1971-02-16,3.63
4280,1971-02-17,3.6
4281,1971-02-18,3.52
4282,1971-02-19,3.49
4283,1971-02-22,3.48
4284,1971-02-23,3.48
4285,1971-02-24,3.41
4286,1971-02-25,3.4
4287,1971-02-26,3.4
4288,1971-03-01,3.36
4289,1971-03-02,3.36
4290,1971-03-03,3.34
4291,1971-03-04,3.34
4292,1971-03-05,3.33
4293,1971-03-08,3.32
4294,1971-03-09,3.32
4295,1971-03-10,3.3
4296,1971-03-11,3.22
4297,1971-03-12,3.24
4298,1971-03-15,3.3
4299,1971-03-16,3.34
4300,1971-03-17,3.52
4301,1971-03-18,3.45
4302,1971-03-19,3.35
4303,1971-03-22,3.3
4304,1971-03-23,3.36
4305,1971-03-24,3.39
4306,1971-03-25,3.39
4307,1971-03-26,3.43
4308,1971-03-29,3.48
4309,1971-03-30,3.6
4310,1971-03-31,3.64
4311,1971-04-01,3.65
4312,1971-04-02,3.67
4313,1971-04-05,3.69
4314,1971-04-06,3.73
4315,1971-04-07,3.82
4316,1971-04-08,3.9
4317,1971-04-12,4.03
4318,1971-04-13,4.04
4319,1971-04-14,4.0
4320,1971-04-15,3.9
4321,1971-04-16,3.82
4322,1971-04-19,3.8
4323,1971-04-20,3.82
4324,1971-04-21,3.86
4325,1971-04-22,3.79
4326,1971-04-23,3.8
4327,1971-04-26,3.82
4328,1971-04-27,3.96
4329,1971-04-28,4.04
4330,1971-04-29,4.02
4331,1971-04-30,3.93
4332,1971-05-03,3.84
4333,1971-05-04,3.88
4334,1971-05-05,3.92
4335,1971-05-06,3.82
4336,1971-05-07,3.78
4337,1971-05-10,3.83
4338,1971-05-11,3.86
4339,1971-05-12,3.94
4340,1971-05-13,4.06
4341,1971-05-14,4.12
4342,1971-05-17,4.3
4343,1971-05-18,4.43
4344,1971-05-19,4.38
4345,1971-05-20,4.37
4346,1971-05-21,4.38
4347,1971-05-24,4.41
4348,1971-05-25,4.45
4349,1971-05-26,4.4
4350,1971-05-27,4.35
4351,1971-05-28,4.34
4352,1971-06-01,4.36
4353,1971-06-02,4.26
4354,1971-06-03,4.24
4355,1971-06-04,4.32
4356,1971-06-07,4.44
4357,1971-06-08,4.56
4358,1971-06-09,4.6
4359,1971-06-10,4.62
4360,1971-06-11,4.71
4361,1971-06-14,4.93
4362,1971-06-15,5.02
4363,1971-06-16,4.97
4364,1971-06-17,4.9
4365,1971-06-18,4.93
4366,1971-06-21,4.89
4367,1971-06-22,4.96
4368,1971-06-23,4.82
4369,1971-06-24,4.8
4370,1971-06-25,4.88
4371,1971-06-28,4.96
4372,1971-06-29,5.19
4373,1971-06-30,5.22
4374,1971-07-01,5.21
4375,1971-07-02,5.36
4376,1971-07-06,5.48
4377,1971-07-07,5.42
4378,1971-07-08,5.41
4379,1971-07-09,5.36
4380,1971-07-12,5.32
4381,1971-07-13,5.33
4382,1971-07-14,5.35
4383,1971-07-15,5.39
4384,1971-07-16,5.5
4385,1971-07-19,5.53
4386,1971-07-20,5.5
4387,1971-07-21,5.44
4388,1971-07-22,5.34
4389,1971-07-23,5.47
4390,1971-07-26,5.46
4391,1971-07-27,5.46
4392,1971-07-28,5.43
4393,1971-07-29,5.34
4394,1971-07-30,5.31
4395,1971-08-02,5.24
4396,1971-08-03,5.32
4397,1971-08-04,5.33
4398,1971-08-05,5.3
4399,1971-08-06,5.28
4400,1971-08-09,5.32
4401,1971-08-10,5.37
4402,1971-08-11,5.22
4403,1971-08-12,5.21
4404,1971-08-13,5.15
4405,1971-08-16,4.83
4406,1971-08-17,4.77
4407,1971-08-18,4.78
4408,1971-08-19,4.54
4409,1971-08-20,4.65
4410,1971-08-23,4.75
4411,1971-08-24,4.6
4412,1971-08-25,4.73
4413,1971-08-26,4.68
4414,1971-08-27,4.63
4415,1971-08-30,4.44
4416,1971-08-31,4.44
4417,1971-09-01,4.5
4418,1971-09-02,4.53
4419,1971-09-03,4.54
4420,1971-09-07,4.58
4421,1971-09-08,4.6
4422,1971-09-09,4.65
4423,1971-09-10,4.68
4424,1971-09-13,4.76
4425,1971-09-14,4.87
4426,1971-09-15,4.85
4427,1971-09-16,4.82
4428,1971-09-17,4.72
4429,1971-09-20,4.72
4430,1971-09-21,4.78
4431,1971-09-22,4.77
4432,1971-09-23,4.75
4433,1971-09-24,4.73
4434,1971-09-27,4.72
4435,1971-09-28,4.67
4436,1971-09-29,4.67
4437,1971-09-30,4.6
4438,1971-10-01,4.55
4439,1971-10-04,4.46
4440,1971-10-05,4.57
4441,1971-10-06,4.54
4442,1971-10-07,4.56
4443,1971-10-08,4.53
4444,1971-10-12,4.46
4445,1971-10-13,4.44
4446,1971-10-14,4.43
4447,1971-10-15,4.44
4448,1971-10-18,4.45
4449,1971-10-19,4.5
4450,1971-10-20,4.46
4451,1971-10-21,4.48
4452,1971-10-22,4.46
4453,1971-10-26,4.38
4454,1971-10-27,4.37
4455,1971-10-28,4.36
4456,1971-10-29,4.31
4457,1971-11-01,4.26
4458,1971-11-03,4.16
4459,1971-11-04,4.14
4460,1971-11-05,4.15
4461,1971-11-08,4.18
4462,1971-11-09,4.17
4463,1971-11-10,4.19
4464,1971-11-11,4.18
4465,1971-11-12,4.17
4466,1971-11-15,4.16
4467,1971-11-16,4.1
4468,1971-11-17,4.14
4469,1971-11-18,4.14
4470,1971-11-19,4.17
4471,1971-11-22,4.24
4472,1971-11-23,4.32
4473,1971-11-24,4.4
4474,1971-11-26,4.4
4475,1971-11-29,4.34
4476,1971-11-30,4.34
4477,1971-12-01,4.31
4478,1971-12-02,4.28
4479,1971-12-03,4.15
4480,1971-12-06,4.1
4481,1971-12-07,4.13
4482,1971-12-08,4.1
4483,1971-12-09,4.11
4484,1971-12-10,4.09
4485,1971-12-13,3.96
4486,1971-12-14,4.06
4487,1971-12-15,4.12
4488,1971-12-16,4.06
4489,1971-12-17,4.0
4490,1971-12-20,4.12
4491,1971-12-21,4.08
4492,1971-12-22,4.04
4493,1971-12-23,3.83
4494,1971-12-27,3.78
4495,1971-12-28,3.75
4496,1971-12-29,3.76
4497,1971-12-30,3.7
4498,1971-12-31,3.68
4499,1972-01-03,3.69
4500,1972-01-04,3.72
4501,1972-01-05,3.69
4502,1972-01-06,3.55
4503,1972-01-07,3.33
4504,1972-01-10,3.02
4505,1972-01-11,3.22
4506,1972-01-12,3.23
4507,1972-01-13,3.2
4508,1972-01-14,3.19
4509,1972-01-17,3.24
4510,1972-01-18,3.26
4511,1972-01-19,3.3
4512,1972-01-20,3.35
4513,1972-01-21,3.43
4514,1972-01-24,3.52
4515,1972-01-25,3.52
4516,1972-01-26,3.46
4517,1972-01-27,3.44
4518,1972-01-28,3.36
4519,1972-01-31,3.35
4520,1972-02-01,3.43
4521,1972-02-02,3.4
4522,1972-02-03,3.37
4523,1972-02-04,3.24
4524,1972-02-07,3.1
4525,1972-02-08,3.19
4526,1972-02-09,3.16
4527,1972-02-10,3.06
4528,1972-02-11,2.99
4529,1972-02-14,3.0
4530,1972-02-15,3.06
4531,1972-02-16,3.06
4532,1972-02-17,3.04
4533,1972-02-18,3.1
4534,1972-02-22,3.17
4535,1972-02-23,3.18
4536,1972-02-24,3.2
4537,1972-02-25,3.36
4538,1972-02-28,3.37
4539,1972-02-29,3.46
4540,1972-03-01,3.47
4541,1972-03-02,3.48
4542,1972-03-03,3.49
4543,1972-03-06,3.5
4544,1972-03-07,3.56
4545,1972-03-08,3.56
4546,1972-03-09,3.59
4547,1972-03-10,3.64
4548,1972-03-13,3.75
4549,1972-03-14,3.89
4550,1972-03-15,3.94
4551,1972-03-16,3.9
4552,1972-03-17,3.88
4553,1972-03-20,3.87
4554,1972-03-21,3.87
4555,1972-03-22,3.77
4556,1972-03-23,3.78
4557,1972-03-24,3.8
4558,1972-03-27,3.77
4559,1972-03-28,3.84
4560,1972-03-29,3.87
4561,1972-03-30,3.83
4562,1972-04-03,3.79
4563,1972-04-04,3.84
4564,1972-04-05,3.82
4565,1972-04-06,3.8
4566,1972-04-07,3.8
4567,1972-04-10,3.75
4568,1972-04-11,3.82
4569,1972-04-12,3.82
4570,1972-04-13,3.86
4571,1972-04-14,3.84
4572,1972-04-17,3.85
4573,1972-04-18,3.68
4574,1972-04-19,3.64
4575,1972-04-20,3.57
4576,1972-04-21,3.47
4577,1972-04-24,3.46
4578,1972-04-25,3.55
4579,1972-04-26,3.58
4580,1972-04-27,3.54
4581,1972-04-28,3.63
4582,1972-05-01,3.62
4583,1972-05-02,3.65
4584,1972-05-03,3.6
4585,1972-05-04,3.54
4586,1972-05-05,3.42
4587,1972-05-08,3.44
4588,1972-05-09,3.65
4589,1972-05-10,3.62
4590,1972-05-11,3.62
4591,1972-05-12,3.6
4592,1972-05-15,3.65
4593,1972-05-16,3.76
4594,1972-05-17,3.78
4595,1972-05-18,3.79
4596,1972-05-19,3.8
4597,1972-05-22,3.79
4598,1972-05-23,3.84
4599,1972-05-24,3.84
4600,1972-05-25,3.76
4601,1972-05-26,3.75
4602,1972-05-30,3.8
4603,1972-05-31,3.81
4604,1972-06-01,3.83
4605,1972-06-02,3.86
4606,1972-06-05,3.83
4607,1972-06-06,3.89
4608,1972-06-07,3.88
4609,1972-06-08,3.86
4610,1972-06-09,3.86
4611,1972-06-12,3.82
4612,1972-06-13,3.84
4613,1972-06-14,3.86
4614,1972-06-15,3.9
4615,1972-06-16,3.95
4616,1972-06-19,3.92
4617,1972-06-20,3.95
4618,1972-06-21,3.97
4619,1972-06-22,4.02
4620,1972-06-23,4.0
4621,1972-06-26,3.98
4622,1972-06-27,3.99
4623,1972-06-28,3.87
4624,1972-06-29,3.96
4625,1972-06-30,4.06
4626,1972-07-03,4.14
4627,1972-07-05,4.08
4628,1972-07-06,4.02
4629,1972-07-07,4.02
4630,1972-07-10,4.04
4631,1972-07-11,4.13
4632,1972-07-12,4.07
4633,1972-07-13,4.04
4634,1972-07-14,3.95
4635,1972-07-17,3.92
4636,1972-07-18,3.97
4637,1972-07-19,3.91
4638,1972-07-20,3.91
4639,1972-07-21,3.94
4640,1972-07-24,3.97
4641,1972-07-25,4.03
4642,1972-07-26,3.96
4643,1972-07-27,3.91
4644,1972-07-28,3.85
4645,1972-07-31,3.8
4646,1972-08-01,3.79
4647,1972-08-02,3.77
4648,1972-08-03,3.79
4649,1972-08-04,3.82
4650,1972-08-07,3.85
4651,1972-08-08,3.88
4652,1972-08-09,3.86
4653,1972-08-10,3.86
4654,1972-08-11,3.84
4655,1972-08-14,3.87
4656,1972-08-15,3.93
4657,1972-08-16,3.91
4658,1972-08-17,3.88
4659,1972-08-18,3.92
4660,1972-08-21,3.97
4661,1972-08-22,4.12
4662,1972-08-23,4.18
4663,1972-08-24,4.14
4664,1972-08-25,4.23
4665,1972-08-28,4.26
4666,1972-08-29,4.45
4667,1972-08-30,4.55
4668,1972-08-31,4.55
4669,1972-09-01,4.54
4670,1972-09-05,4.68
4671,1972-09-06,4.71
4672,1972-09-07,4.7
4673,1972-09-08,4.73
4674,1972-09-11,4.74
4675,1972-09-12,4.72
4676,1972-09-13,4.71
4677,1972-09-14,4.7
4678,1972-09-15,4.68
4679,1972-09-18,4.65
4680,1972-09-19,4.64
4681,1972-09-20,4.63
4682,1972-09-21,4.66
4683,1972-09-22,4.7
4684,1972-09-25,4.67
4685,1972-09-26,4.63
4686,1972-09-27,4.61
4687,1972-09-28,4.56
4688,1972-09-29,4.55
4689,1972-10-02,4.51
4690,1972-10-03,4.67
4691,1972-10-04,4.69
4692,1972-10-05,4.73
4693,1972-10-06,4.71
4694,1972-10-10,4.74
4695,1972-10-11,4.76
4696,1972-10-12,4.81
4697,1972-10-13,4.84
4698,1972-10-16,4.8
4699,1972-10-17,4.82
4700,1972-10-18,4.79
4701,1972-10-19,4.75
4702,1972-10-20,4.74
4703,1972-10-24,4.74
4704,1972-10-25,4.74
4705,1972-10-26,4.72
4706,1972-10-27,4.72
4707,1972-10-30,4.74
4708,1972-10-31,4.76
4709,1972-11-01,4.75
4710,1972-11-02,4.72
4711,1972-11-03,4.71
4712,1972-11-06,4.66
4713,1972-11-08,4.75
4714,1972-11-09,4.72
4715,1972-11-10,4.72
4716,1972-11-13,4.74
4717,1972-11-14,4.78
4718,1972-11-15,4.74
4719,1972-11-16,4.76
4720,1972-11-17,4.76
4721,1972-11-20,4.76
4722,1972-11-21,4.82
4723,1972-11-22,4.84
4724,1972-11-24,4.85
4725,1972-11-27,4.88
4726,1972-11-28,4.88
4727,1972-11-29,4.87
4728,1972-11-30,4.88
4729,1972-12-01,4.9
4730,1972-12-04,4.92
4731,1972-12-05,5.0
4732,1972-12-06,5.0
4733,1972-12-07,5.03
4734,1972-12-08,5.06
4735,1972-12-11,5.1
4736,1972-12-12,5.05
4737,1972-12-13,5.0
4738,1972-12-14,5.02
4739,1972-12-15,5.07
4740,1972-12-18,5.17
4741,1972-12-19,5.19
4742,1972-12-20,5.15
4743,1972-12-21,5.12
4744,1972-12-22,5.12
4745,1972-12-26,5.15
4746,1972-12-27,5.11
4747,1972-12-28,5.1
4748,1972-12-29,5.14
4749,1973-01-02,5.22
4750,1973-01-03,5.16
4751,1973-01-04,5.12
4752,1973-01-05,5.13
4753,1973-01-08,5.13
4754,1973-01-09,5.17
4755,1973-01-10,5.19
4756,1973-01-11,5.23
4757,1973-01-12,5.24
4758,1973-01-15,5.27
4759,1973-01-16,5.36
4760,1973-01-17,5.36
4761,1973-01-18,5.46
4762,1973-01-19,5.56
4763,1973-01-22,5.59
4764,1973-01-23,5.61
4765,1973-01-24,5.67
4766,1973-01-25,5.73
4767,1973-01-26,5.74
4768,1973-01-29,5.66
4769,1973-01-30,5.69
4770,1973-01-31,5.68
4771,1973-02-01,5.76
4772,1973-02-02,5.73
4773,1973-02-05,5.69
4774,1973-02-06,5.65
4775,1973-02-07,5.57
4776,1973-02-08,5.44
4777,1973-02-09,5.44
4778,1973-02-13,5.5
4779,1973-02-14,5.43
4780,1973-02-15,5.37
4781,1973-02-16,5.4
4782,1973-02-20,5.57
4783,1973-02-21,5.62
4784,1973-02-22,5.56
4785,1973-02-23,5.55
4786,1973-02-26,5.76
4787,1973-02-27,5.9
4788,1973-02-28,5.85
4789,1973-03-01,5.79
4790,1973-03-02,5.75
4791,1973-03-05,5.79
4792,1973-03-06,5.94
4793,1973-03-07,5.87
4794,1973-03-08,5.83
4795,1973-03-09,5.84
4796,1973-03-12,5.88
4797,1973-03-13,6.0
4798,1973-03-14,6.06
4799,1973-03-15,6.11
4800,1973-03-16,6.21
4801,1973-03-19,6.22
4802,1973-03-20,6.34
4803,1973-03-21,6.35
4804,1973-03-22,6.31
4805,1973-03-23,6.31
4806,1973-03-26,6.23
4807,1973-03-27,6.26
4808,1973-03-28,6.28
4809,1973-03-29,6.29
4810,1973-03-30,6.4
4811,1973-04-02,6.46
4812,1973-04-03,6.55
4813,1973-04-04,6.51
4814,1973-04-05,6.48
4815,1973-04-06,6.25
4816,1973-04-09,6.16
4817,1973-04-10,6.21
4818,1973-04-11,6.22
4819,1973-04-12,6.2
4820,1973-04-13,6.21
4821,1973-04-16,6.19
4822,1973-04-17,6.19
4823,1973-04-18,6.11
4824,1973-04-19,6.13
4825,1973-04-23,6.19
4826,1973-04-24,6.28
4827,1973-04-25,6.28
4828,1973-04-26,6.2
4829,1973-04-27,6.21
4830,1973-04-30,6.23
4831,1973-05-01,6.29
4832,1973-05-02,6.26
4833,1973-05-03,6.21
4834,1973-05-04,6.19
4835,1973-05-07,6.13
4836,1973-05-08,6.02
4837,1973-05-09,5.97
4838,1973-05-10,6.0
4839,1973-05-11,6.23
4840,1973-05-14,6.17
4841,1973-05-15,6.17
4842,1973-05-16,6.19
4843,1973-05-17,6.28
4844,1973-05-18,6.3
4845,1973-05-21,6.38
4846,1973-05-22,6.6
4847,1973-05-23,6.63
4848,1973-05-24,6.55
4849,1973-05-25,6.64
4850,1973-05-29,6.84
4851,1973-05-30,6.91
4852,1973-05-31,6.92
4853,1973-06-01,6.97
4854,1973-06-04,7.07
4855,1973-06-05,7.13
4856,1973-06-06,7.06
4857,1973-06-07,7.08
4858,1973-06-08,7.0
4859,1973-06-11,7.08
4860,1973-06-12,7.14
4861,1973-06-13,7.16
4862,1973-06-14,7.17
4863,1973-06-15,7.18
4864,1973-06-18,7.2
4865,1973-06-19,7.27
4866,1973-06-20,7.29
4867,1973-06-21,7.24
4868,1973-06-22,7.24
4869,1973-06-25,7.2
4870,1973-06-26,7.26
4871,1973-06-27,7.28
4872,1973-06-28,7.35
4873,1973-06-29,7.52
4874,1973-07-02,7.9
4875,1973-07-03,7.98
4876,1973-07-05,7.95
4877,1973-07-06,7.92
4878,1973-07-09,7.92
4879,1973-07-10,7.89
4880,1973-07-11,7.68
4881,1973-07-12,7.63
4882,1973-07-13,7.78
4883,1973-07-16,7.85
4884,1973-07-17,7.96
4885,1973-07-18,8.03
4886,1973-07-19,8.13
4887,1973-07-20,8.17
4888,1973-07-23,8.03
4889,1973-07-24,8.18
4890,1973-07-25,8.17
4891,1973-07-26,8.23
4892,1973-07-27,8.25
4893,1973-07-30,8.23
4894,1973-07-31,8.32
4895,1973-08-01,8.38
4896,1973-08-02,8.28
4897,1973-08-03,8.27
4898,1973-08-06,8.32
4899,1973-08-07,8.75
4900,1973-08-08,8.77
4901,1973-08-09,8.81
4902,1973-08-10,8.84
4903,1973-08-13,8.82
4904,1973-08-14,9.05
4905,1973-08-15,8.95
4906,1973-08-16,8.86
4907,1973-08-17,8.72
4908,1973-08-20,8.79
4909,1973-08-21,8.92
4910,1973-08-22,8.78
4911,1973-08-23,8.62
4912,1973-08-24,8.46
4913,1973-08-27,8.53
4914,1973-08-28,8.72
4915,1973-08-29,8.62
4916,1973-08-30,8.57
4917,1973-08-31,8.66
4918,1973-09-04,8.78
4919,1973-09-05,8.76
4920,1973-09-06,8.84
4921,1973-09-07,8.8
4922,1973-09-10,9.03
4923,1973-09-11,9.04
4924,1973-09-12,9.02
4925,1973-09-13,8.86
4926,1973-09-14,8.75
4927,1973-09-17,8.7
4928,1973-09-18,8.68
4929,1973-09-19,8.55
4930,1973-09-20,8.28
4931,1973-09-21,7.69
4932,1973-09-24,7.38
4933,1973-09-25,7.2
4934,1973-09-26,7.12
4935,1973-09-27,6.96
4936,1973-09-28,6.98
4937,1973-10-01,7.06
4938,1973-10-02,7.64
4939,1973-10-03,7.48
4940,1973-10-04,7.58
4941,1973-10-05,7.36
4942,1973-10-09,7.13
4943,1973-10-10,7.14
4944,1973-10-11,7.15
4945,1973-10-12,7.14
4946,1973-10-15,7.19
4947,1973-10-16,7.28
4948,1973-10-17,7.19
4949,1973-10-18,7.13
4950,1973-10-19,7.03
4951,1973-10-23,7.04
4952,1973-10-24,7.02
4953,1973-10-25,7.05
4954,1973-10-26,7.18
4955,1973-10-29,7.2
4956,1973-10-30,7.22
4957,1973-10-31,7.36
4958,1973-11-01,7.48
4959,1973-11-02,7.66
4960,1973-11-05,8.0
4961,1973-11-07,8.2
4962,1973-11-08,8.12
4963,1973-11-09,8.14
4964,1973-11-12,8.51
4965,1973-11-13,8.62
4966,1973-11-14,8.3
4967,1973-11-15,7.53
4968,1973-11-16,7.61
4969,1973-11-19,7.5
4970,1973-11-20,7.77
4971,1973-11-21,7.78
4972,1973-11-23,7.82
4973,1973-11-26,7.76
4974,1973-11-27,7.58
4975,1973-11-28,7.52
4976,1973-11-29,7.45
4977,1973-11-30,7.3
4978,1973-12-03,7.12
4979,1973-12-04,7.25
4980,1973-12-05,7.68
4981,1973-12-06,7.64
4982,1973-12-07,7.65
4983,1973-12-10,7.44
4984,1973-12-11,7.52
4985,1973-12-12,7.48
4986,1973-12-13,7.58
4987,1973-12-14,7.53
4988,1973-12-17,7.47
4989,1973-12-18,7.34
4990,1973-12-19,7.3
4991,1973-12-20,7.31
4992,1973-12-21,7.33
4993,1973-12-26,7.57
4994,1973-12-27,7.47
4995,1973-12-28,7.47
4996,1973-12-31,7.46
4997,1974-01-02,7.52
4998,1974-01-03,7.47
4999,1974-01-04,7.49
5000,1974-01-07,7.6
5001,1974-01-08,7.64
5002,1974-01-09,7.67
5003,1974-01-10,7.83
5004,1974-01-11,7.87
5005,1974-01-14,7.96
5006,1974-01-15,7.89
5007,1974-01-16,7.9
5008,1974-01-17,7.86
5009,1974-01-18,7.86
5010,1974-01-21,7.97
5011,1974-01-22,7.96
5012,1974-01-23,8.01
5013,1974-01-24,8.01
5014,1974-01-25,7.98
5015,1974-01-28,7.84
5016,1974-01-29,7.62
5017,1974-01-30,7.51
5018,1974-01-31,7.48
5019,1974-02-01,7.31
5020,1974-02-04,7.13
5021,1974-02-05,6.93
5022,1974-02-06,6.93
5023,1974-02-07,7.11
5024,1974-02-08,7.04
5025,1974-02-11,7.12
5026,1974-02-13,7.04
5027,1974-02-14,7.03
5028,1974-02-15,7.06
5029,1974-02-19,7.03
5030,1974-02-20,7.04
5031,1974-02-21,7.09
5032,1974-02-22,7.1
5033,1974-02-25,7.15
5034,1974-02-26,7.3
5035,1974-02-27,7.35
5036,1974-02-28,7.46
5037,1974-03-01,7.54
5038,1974-03-04,7.56
5039,1974-03-05,7.73
5040,1974-03-06,7.71
5041,1974-03-07,7.7
5042,1974-03-08,7.84
5043,1974-03-11,7.87
5044,1974-03-12,7.83
5045,1974-03-13,7.83
5046,1974-03-14,7.72
5047,1974-03-15,7.84
5048,1974-03-18,7.95
5049,1974-03-19,8.06
5050,1974-03-20,8.1
5051,1974-03-21,8.11
5052,1974-03-22,8.07
5053,1974-03-25,8.12
5054,1974-03-26,8.33
5055,1974-03-27,8.45
5056,1974-03-28,8.55
5057,1974-03-29,8.28
5058,1974-04-01,8.31
5059,1974-04-02,8.44
5060,1974-04-03,8.49
5061,1974-04-04,8.65
5062,1974-04-05,8.65
5063,1974-04-08,8.56
5064,1974-04-09,8.62
5065,1974-04-10,8.52
5066,1974-04-11,8.24
5067,1974-04-15,7.95
5068,1974-04-16,8.18
5069,1974-04-17,8.16
5070,1974-04-18,8.15
5071,1974-04-19,7.81
5072,1974-04-22,7.76
5073,1974-04-23,8.05
5074,1974-04-24,8.02
5075,1974-04-25,8.21
5076,1974-04-26,8.48
5077,1974-04-29,8.88
5078,1974-04-30,8.9
5079,1974-05-01,8.77
5080,1974-05-02,8.7
5081,1974-05-03,8.82
5082,1974-05-06,8.82
5083,1974-05-07,8.86
5084,1974-05-08,8.7
5085,1974-05-09,8.49
5086,1974-05-10,8.15
5087,1974-05-13,8.03
5088,1974-05-14,8.13
5089,1974-05-15,7.96
5090,1974-05-16,7.94
5091,1974-05-17,7.93
5092,1974-05-20,7.94
5093,1974-05-21,8.21
5094,1974-05-22,8.14
5095,1974-05-23,7.54
5096,1974-05-24,7.68
5097,1974-05-28,8.02
5098,1974-05-29,8.13
5099,1974-05-30,7.93
5100,1974-05-31,8.08
5101,1974-06-03,8.09
5102,1974-06-04,8.11
5103,1974-06-05,7.95
5104,1974-06-06,7.93
5105,1974-06-07,8.15
5106,1974-06-10,8.14
5107,1974-06-11,8.13
5108,1974-06-12,8.2
5109,1974-06-13,8.36
5110,1974-06-14,8.31
5111,1974-06-17,8.17
5112,1974-06-18,8.13
5113,1974-06-19,7.99
5114,1974-06-20,7.82
5115,1974-06-21,7.3
5116,1974-06-24,7.46
5117,1974-06-25,7.63
5118,1974-06-26,7.3
5119,1974-06-27,7.53
5120,1974-06-28,7.34
5121,1974-07-01,7.28
5122,1974-07-02,7.34
5123,1974-07-03,7.75
5124,1974-07-05,7.74
5125,1974-07-08,7.62
5126,1974-07-09,7.56
5127,1974-07-10,7.39
5128,1974-07-11,7.32
5129,1974-07-12,7.36
5130,1974-07-15,7.62
5131,1974-07-16,7.53
5132,1974-07-17,7.72
5133,1974-07-18,7.92
5134,1974-07-19,7.82
5135,1974-07-22,7.56
5136,1974-07-23,7.45
5137,1974-07-24,7.42
5138,1974-07-25,7.3
5139,1974-07-26,7.4
5140,1974-07-29,7.42
5141,1974-07-30,7.84
5142,1974-07-31,7.67
5143,1974-08-01,7.94
5144,1974-08-02,8.33
5145,1974-08-05,8.33
5146,1974-08-06,8.65
5147,1974-08-07,8.84
5148,1974-08-08,9.02
5149,1974-08-09,8.93
5150,1974-08-12,8.75
5151,1974-08-13,8.73
5152,1974-08-14,8.76
5153,1974-08-15,8.76
5154,1974-08-16,8.74
5155,1974-08-19,8.84
5156,1974-08-20,9.05
5157,1974-08-21,9.31
5158,1974-08-22,9.49
5159,1974-08-23,9.74
5160,1974-08-26,9.61
5161,1974-08-27,9.72
5162,1974-08-28,9.59
5163,1974-08-29,9.02
5164,1974-08-30,8.93
5165,1974-09-03,9.41
5166,1974-09-04,9.36
5167,1974-09-05,9.33
5168,1974-09-06,9.26
5169,1974-09-09,9.15
5170,1974-09-10,9.07
5171,1974-09-11,9.06
5172,1974-09-12,9.25
5173,1974-09-13,8.96
5174,1974-09-16,8.11
5175,1974-09-17,8.09
5176,1974-09-18,7.83
5177,1974-09-19,7.12
5178,1974-09-20,7.07
5179,1974-09-23,6.93
5180,1974-09-24,6.99
5181,1974-09-25,7.07
5182,1974-09-26,6.89
5183,1974-09-27,6.17
5184,1974-09-30,6.12
5185,1974-10-01,6.69
5186,1974-10-02,6.79
5187,1974-10-03,7.06
5188,1974-10-04,6.52
5189,1974-10-07,6.52
5190,1974-10-08,6.91
5191,1974-10-09,7.34
5192,1974-10-10,7.8
5193,1974-10-11,7.63
5194,1974-10-15,7.74
5195,1974-10-16,7.72
5196,1974-10-17,7.82
5197,1974-10-18,7.63
5198,1974-10-21,7.59
5199,1974-10-22,7.43
5200,1974-10-23,7.55
5201,1974-10-24,7.63
5202,1974-10-25,7.82
5203,1974-10-28,8.14
5204,1974-10-29,8.03
5205,1974-10-30,7.98
5206,1974-10-31,7.8
5207,1974-11-01,7.78
5208,1974-11-04,7.82
5209,1974-11-06,7.62
5210,1974-11-07,7.62
5211,1974-11-08,7.58
5212,1974-11-12,7.35
5213,1974-11-13,7.18
5214,1974-11-14,7.17
5215,1974-11-15,7.32
5216,1974-11-18,7.52
5217,1974-11-19,7.46
5218,1974-11-20,7.41
5219,1974-11-21,7.51
5220,1974-11-22,7.4
5221,1974-11-25,7.31
5222,1974-11-26,7.42
5223,1974-11-27,7.6
5224,1974-11-29,7.47
5225,1974-12-02,7.31
5226,1974-12-03,7.53
5227,1974-12-04,7.47
5228,1974-12-05,7.48
5229,1974-12-06,7.42
5230,1974-12-09,7.24
5231,1974-12-10,7.15
5232,1974-12-11,7.12
5233,1974-12-12,7.38
5234,1974-12-13,7.31
5235,1974-12-16,7.14
5236,1974-12-17,6.77
5237,1974-12-18,6.81
5238,1974-12-19,6.89
5239,1974-12-20,6.97
5240,1974-12-23,7.13
5241,1974-12-24,6.98
5242,1974-12-26,6.95
5243,1974-12-27,6.96
5244,1974-12-30,7.11
5245,1974-12-31,7.06
5246,1975-01-02,6.9
5247,1975-01-03,6.76
5248,1975-01-06,6.7
5249,1975-01-07,6.51
5250,1975-01-08,6.54
5251,1975-01-09,6.55
5252,1975-01-10,6.64
5253,1975-01-13,6.74
5254,1975-01-14,6.55
5255,1975-01-15,6.65
5256,1975-01-16,6.49
5257,1975-01-17,6.29
5258,1975-01-20,6.42
5259,1975-01-21,6.24
5260,1975-01-22,6.17
5261,1975-01-23,5.59
5262,1975-01-24,5.49
5263,1975-01-27,5.57
5264,1975-01-28,5.66
5265,1975-01-29,5.77
5266,1975-01-30,5.73
5267,1975-01-31,5.68
5268,1975-02-03,5.66
5269,1975-02-04,5.6
5270,1975-02-05,5.45
5271,1975-02-06,5.6
5272,1975-02-07,5.74
5273,1975-02-10,5.83
5274,1975-02-11,5.7
5275,1975-02-13,5.62
5276,1975-02-14,5.45
5277,1975-02-18,5.32
5278,1975-02-19,5.3
5279,1975-02-20,5.23
5280,1975-02-21,5.16
5281,1975-02-24,5.32
5282,1975-02-25,5.44
5283,1975-02-26,5.62
5284,1975-02-27,5.56
5285,1975-02-28,5.4
5286,1975-03-03,5.59
5287,1975-03-04,5.62
5288,1975-03-05,5.53
5289,1975-03-06,5.53
5290,1975-03-07,5.58
5291,1975-03-10,5.64
5292,1975-03-11,5.48
5293,1975-03-12,5.41
5294,1975-03-13,5.4
5295,1975-03-14,5.38
5296,1975-03-17,5.41
5297,1975-03-18,5.42
5298,1975-03-19,5.49
5299,1975-03-20,5.35
5300,1975-03-21,5.4
5301,1975-03-24,5.55
5302,1975-03-25,5.54
5303,1975-03-26,5.52
5304,1975-03-27,5.49
5305,1975-03-31,5.53
5306,1975-04-01,5.64
5307,1975-04-02,5.64
5308,1975-04-03,5.6
5309,1975-04-04,5.68
5310,1975-04-07,6.01
5311,1975-04-08,5.7
5312,1975-04-09,5.7
5313,1975-04-10,5.71
5314,1975-04-11,5.56
5315,1975-04-14,5.53
5316,1975-04-15,5.48
5317,1975-04-16,5.34
5318,1975-04-17,5.4
5319,1975-04-18,5.44
5320,1975-04-21,5.55
5321,1975-04-22,5.75
5322,1975-04-23,5.69
5323,1975-04-24,5.67
5324,1975-04-25,5.63
5325,1975-04-28,5.62
5326,1975-04-29,5.6
5327,1975-04-30,5.5
5328,1975-05-01,5.5
5329,1975-05-02,5.31
5330,1975-05-05,5.34
5331,1975-05-06,5.44
5332,1975-05-07,5.47
5333,1975-05-08,5.43
5334,1975-05-09,5.38
5335,1975-05-12,5.16
5336,1975-05-13,5.0
5337,1975-05-14,4.94
5338,1975-05-15,5.05
5339,1975-05-16,5.06
5340,1975-05-19,5.11
5341,1975-05-20,5.11
5342,1975-05-21,5.16
5343,1975-05-22,5.2
5344,1975-05-23,5.21
5345,1975-05-27,5.27
5346,1975-05-28,5.21
5347,1975-05-29,5.22
5348,1975-05-30,5.2
5349,1975-06-02,5.25
5350,1975-06-03,5.24
5351,1975-06-04,5.24
5352,1975-06-05,5.22
5353,1975-06-06,5.21
5354,1975-06-09,5.12
5355,1975-06-10,5.08
5356,1975-06-11,4.95
5357,1975-06-12,4.89
5358,1975-06-13,4.94
5359,1975-06-16,4.88
5360,1975-06-17,5.03
5361,1975-06-18,5.36
5362,1975-06-19,5.22
5363,1975-06-20,5.7
5364,1975-06-23,5.65
5365,1975-06-24,5.75
5366,1975-06-25,5.82
5367,1975-06-26,6.0
5368,1975-06-27,5.78
5369,1975-06-30,5.86
5370,1975-07-01,6.02
5371,1975-07-02,6.02
5372,1975-07-03,6.0
5373,1975-07-07,6.06
5374,1975-07-08,6.06
5375,1975-07-09,6.1
5376,1975-07-10,6.04
5377,1975-07-11,6.02
5378,1975-07-14,6.03
5379,1975-07-15,6.05
5380,1975-07-16,6.07
5381,1975-07-17,6.03
5382,1975-07-18,6.05
5383,1975-07-21,6.2
5384,1975-07-22,6.34
5385,1975-07-23,6.34
5386,1975-07-24,6.19
5387,1975-07-25,6.27
5388,1975-07-28,6.3
5389,1975-07-29,6.3
5390,1975-07-30,6.2
5391,1975-07-31,6.25
5392,1975-08-01,6.35
5393,1975-08-04,6.4
5394,1975-08-05,6.45
5395,1975-08-06,6.41
5396,1975-08-07,6.44
5397,1975-08-08,6.41
5398,1975-08-11,6.37
5399,1975-08-12,6.4
5400,1975-08-13,6.45
5401,1975-08-14,6.45
5402,1975-08-15,6.42
5403,1975-08-18,6.42
5404,1975-08-19,6.47
5405,1975-08-20,6.46
5406,1975-08-21,6.48
5407,1975-08-22,6.46
5408,1975-08-25,6.53
5409,1975-08-26,6.58
5410,1975-08-27,6.55
5411,1975-08-28,6.42
5412,1975-08-29,6.36
5413,1975-09-02,6.42
5414,1975-09-03,6.39
5415,1975-09-04,6.33
5416,1975-09-05,6.39
5417,1975-09-08,6.41
5418,1975-09-09,6.41
5419,1975-09-10,6.42
5420,1975-09-11,6.46
5421,1975-09-12,6.45
5422,1975-09-15,6.5
5423,1975-09-16,6.54
5424,1975-09-17,6.45
5425,1975-09-18,6.38
5426,1975-09-19,6.36
5427,1975-09-22,6.34
5428,1975-09-23,6.36
5429,1975-09-24,6.35
5430,1975-09-25,6.4
5431,1975-09-26,6.43
5432,1975-09-29,6.43
5433,1975-09-30,6.58
5434,1975-10-01,6.53
5435,1975-10-02,6.48
5436,1975-10-03,6.29
5437,1975-10-06,6.24
5438,1975-10-07,6.33
5439,1975-10-08,6.27
5440,1975-10-09,6.22
5441,1975-10-10,6.09
5442,1975-10-14,6.09
5443,1975-10-15,6.1
5444,1975-10-16,5.97
5445,1975-10-17,5.89
5446,1975-10-20,5.9
5447,1975-10-21,5.66
5448,1975-10-22,5.73
5449,1975-10-23,5.72
5450,1975-10-24,5.66
5451,1975-10-27,5.72
5452,1975-10-28,5.63
5453,1975-10-29,5.56
5454,1975-10-30,5.46
5455,1975-10-31,5.51
5456,1975-11-03,5.57
5457,1975-11-05,5.53
5458,1975-11-06,5.51
5459,1975-11-07,5.38
5460,1975-11-10,5.3
5461,1975-11-12,5.36
5462,1975-11-13,5.37
5463,1975-11-14,5.45
5464,1975-11-17,5.45
5465,1975-11-18,5.47
5466,1975-11-19,5.47
5467,1975-11-20,5.46
5468,1975-11-21,5.6
5469,1975-11-24,5.52
5470,1975-11-25,5.56
5471,1975-11-26,5.55
5472,1975-11-28,5.54
5473,1975-12-01,5.55
5474,1975-12-02,5.57
5475,1975-12-03,5.56
5476,1975-12-04,5.61
5477,1975-12-05,5.58
5478,1975-12-08,5.58
5479,1975-12-09,5.68
5480,1975-12-10,5.64
5481,1975-12-11,5.56
5482,1975-12-12,5.56
5483,1975-12-15,5.51
5484,1975-12-16,5.51
5485,1975-12-17,5.45
5486,1975-12-18,5.44
5487,1975-12-19,5.28
5488,1975-12-22,5.34
5489,1975-12-23,5.33
5490,1975-12-24,5.27
5491,1975-12-26,5.17
5492,1975-12-29,5.18
5493,1975-12-30,5.18
5494,1975-12-31,5.2
5495,1976-01-02,5.2
5496,1976-01-05,5.23
5497,1976-01-06,5.15
5498,1976-01-07,5.08
5499,1976-01-08,5.0
5500,1976-01-09,4.87
5501,1976-01-12,4.83
5502,1976-01-13,4.83
5503,1976-01-14,4.85
5504,1976-01-15,4.84
5505,1976-01-16,4.87
5506,1976-01-19,4.79
5507,1976-01-20,4.83
5508,1976-01-21,4.79
5509,1976-01-22,4.79
5510,1976-01-23,4.68
5511,1976-01-26,4.74
5512,1976-01-27,4.75
5513,1976-01-28,4.71
5514,1976-01-29,4.68
5515,1976-01-30,4.73
5516,1976-02-02,4.8
5517,1976-02-03,4.91
5518,1976-02-04,4.96
5519,1976-02-05,4.92
5520,1976-02-06,4.9
5521,1976-02-09,4.84
5522,1976-02-10,4.87
5523,1976-02-11,4.83
5524,1976-02-13,4.85
5525,1976-02-17,4.88
5526,1976-02-18,4.92
5527,1976-02-19,4.88
5528,1976-02-20,4.81
5529,1976-02-23,4.84
5530,1976-02-24,4.9
5531,1976-02-25,4.87
5532,1976-02-26,4.88
5533,1976-02-27,5.0
5534,1976-03-01,5.2
5535,1976-03-02,5.25
5536,1976-03-03,5.2
5537,1976-03-04,5.22
5538,1976-03-05,5.13
5539,1976-03-08,5.07
5540,1976-03-09,5.0
5541,1976-03-10,4.97
5542,1976-03-11,4.99
5543,1976-03-12,4.9
5544,1976-03-15,4.94
5545,1976-03-16,5.01
5546,1976-03-17,5.0
5547,1976-03-18,4.98
5548,1976-03-19,4.96
5549,1976-03-22,4.86
5550,1976-03-23,4.89
5551,1976-03-24,4.86
5552,1976-03-25,4.85
5553,1976-03-26,4.88
5554,1976-03-29,4.9
5555,1976-03-30,4.99
5556,1976-03-31,4.97
5557,1976-04-01,5.01
5558,1976-04-02,4.96
5559,1976-04-05,4.91
5560,1976-04-06,4.9
5561,1976-04-07,4.93
5562,1976-04-08,4.9
5563,1976-04-09,4.89
5564,1976-04-12,4.84
5565,1976-04-13,4.78
5566,1976-04-14,4.79
5567,1976-04-15,4.78
5568,1976-04-19,4.77
5569,1976-04-20,4.73
5570,1976-04-21,4.69
5571,1976-04-22,4.78
5572,1976-04-23,4.92
5573,1976-04-26,4.9
5574,1976-04-27,4.89
5575,1976-04-28,4.85
5576,1976-04-29,4.86
5577,1976-04-30,4.91
5578,1976-05-03,4.88
5579,1976-05-04,4.87
5580,1976-05-05,4.86
5581,1976-05-06,4.92
5582,1976-05-07,5.0
5583,1976-05-10,5.06
5584,1976-05-11,5.08
5585,1976-05-12,5.14
5586,1976-05-13,5.1
5587,1976-05-14,5.16
5588,1976-05-17,5.22
5589,1976-05-18,5.28
5590,1976-05-19,5.31
5591,1976-05-20,5.39
5592,1976-05-21,5.44
5593,1976-05-24,5.45
5594,1976-05-25,5.46
5595,1976-05-26,5.46
5596,1976-05-27,5.49
5597,1976-05-28,5.49
5598,1976-06-01,5.55
5599,1976-06-02,5.57
5600,1976-06-03,5.52
5601,1976-06-04,5.46
5602,1976-06-07,5.45
5603,1976-06-08,5.45
5604,1976-06-09,5.44
5605,1976-06-10,5.43
5606,1976-06-11,5.42
5607,1976-06-14,5.4
5608,1976-06-15,5.37
5609,1976-06-16,5.4
5610,1976-06-17,5.38
5611,1976-06-18,5.35
5612,1976-06-21,5.36
5613,1976-06-22,5.38
5614,1976-06-23,5.33
5615,1976-06-24,5.31
5616,1976-06-25,5.31
5617,1976-06-28,5.35
5618,1976-06-29,5.37
5619,1976-06-30,5.37
5620,1976-07-01,5.36
5621,1976-07-02,5.35
5622,1976-07-06,5.39
5623,1976-07-07,5.4
5624,1976-07-08,5.33
5625,1976-07-09,5.25
5626,1976-07-12,5.16
5627,1976-07-13,5.15
5628,1976-07-14,5.15
5629,1976-07-15,5.11
5630,1976-07-16,5.2
5631,1976-07-19,5.23
5632,1976-07-20,5.24
5633,1976-07-21,5.23
5634,1976-07-22,5.23
5635,1976-07-23,5.21
5636,1976-07-26,5.19
5637,1976-07-27,5.15
5638,1976-07-28,5.17
5639,1976-07-29,5.16
5640,1976-07-30,5.17
5641,1976-08-02,5.11
5642,1976-08-03,5.14
5643,1976-08-04,5.19
5644,1976-08-05,5.19
5645,1976-08-06,5.18
5646,1976-08-09,5.18
5647,1976-08-10,5.18
5648,1976-08-11,5.17
5649,1976-08-12,5.16
5650,1976-08-13,5.16
5651,1976-08-16,5.14
5652,1976-08-17,5.15
5653,1976-08-18,5.15
5654,1976-08-19,5.15
5655,1976-08-20,5.17
5656,1976-08-23,5.14
5657,1976-08-24,5.11
5658,1976-08-25,5.1
5659,1976-08-26,5.08
5660,1976-08-27,5.13
5661,1976-08-30,5.07
5662,1976-08-31,5.09
5663,1976-09-01,5.09
5664,1976-09-02,5.1
5665,1976-09-03,5.09
5666,1976-09-07,5.09
5667,1976-09-08,5.1
5668,1976-09-09,5.12
5669,1976-09-10,5.11
5670,1976-09-13,5.12
5671,1976-09-14,5.12
5672,1976-09-15,5.11
5673,1976-09-16,5.1
5674,1976-09-17,5.06
5675,1976-09-20,5.06
5676,1976-09-21,5.03
5677,1976-09-22,5.03
5678,1976-09-23,5.04
5679,1976-09-24,5.11
5680,1976-09-27,5.08
5681,1976-09-28,5.06
5682,1976-09-29,5.07
5683,1976-09-30,5.06
5684,1976-10-01,5.04
5685,1976-10-04,5.08
5686,1976-10-05,5.1
5687,1976-10-06,5.07
5688,1976-10-07,5.03
5689,1976-10-08,4.92
5690,1976-10-12,4.89
5691,1976-10-13,4.9
5692,1976-10-14,4.85
5693,1976-10-15,4.79
5694,1976-10-18,4.79
5695,1976-10-19,4.84
5696,1976-10-20,4.84
5697,1976-10-21,4.85
5698,1976-10-22,4.89
5699,1976-10-25,4.94
5700,1976-10-26,4.9
5701,1976-10-27,4.88
5702,1976-10-28,4.88
5703,1976-10-29,4.89
5704,1976-11-01,4.84
5705,1976-11-03,4.85
5706,1976-11-04,4.79
5707,1976-11-05,4.84
5708,1976-11-08,4.89
5709,1976-11-09,4.93
5710,1976-11-10,4.92
5711,1976-11-12,4.92
5712,1976-11-15,4.9
5713,1976-11-16,4.83
5714,1976-11-17,4.81
5715,1976-11-18,4.81
5716,1976-11-19,4.67
5717,1976-11-22,4.61
5718,1976-11-23,4.64
5719,1976-11-24,4.63
5720,1976-11-26,4.51
5721,1976-11-29,4.49
5722,1976-11-30,4.42
5723,1976-12-01,4.41
5724,1976-12-02,4.4
5725,1976-12-03,4.38
5726,1976-12-06,4.38
5727,1976-12-07,4.4
5728,1976-12-08,4.44
5729,1976-12-09,4.44
5730,1976-12-10,4.37
5731,1976-12-13,4.38
5732,1976-12-14,4.34
5733,1976-12-15,4.33
5734,1976-12-16,4.33
5735,1976-12-17,4.25
5736,1976-12-20,4.24
5737,1976-12-21,4.27
5738,1976-12-22,4.28
5739,1976-12-23,4.28
5740,1976-12-27,4.3
5741,1976-12-28,4.35
5742,1976-12-29,4.37
5743,1976-12-30,4.34
5744,1976-12-31,4.34
5745,1977-01-03,4.39
5746,1977-01-04,4.49
5747,1977-01-05,4.47
5748,1977-01-06,4.5
5749,1977-01-07,4.62
5750,1977-01-10,4.61
5751,1977-01-11,4.6
5752,1977-01-12,4.57
5753,1977-01-13,4.52
5754,1977-01-14,4.61
5755,1977-01-17,4.65
5756,1977-01-18,4.69
5757,1977-01-19,4.63
5758,1977-01-20,4.63
5759,1977-01-21,4.65
5760,1977-01-24,4.71
5761,1977-01-25,4.7
5762,1977-01-26,4.71
5763,1977-01-27,4.77
5764,1977-01-28,4.73
5765,1977-01-31,4.72
5766,1977-02-01,4.74
5767,1977-02-02,4.76
5768,1977-02-03,4.73
5769,1977-02-04,4.62
5770,1977-02-07,4.62
5771,1977-02-08,4.63
5772,1977-02-09,4.62
5773,1977-02-10,4.63
5774,1977-02-11,4.61
5775,1977-02-14,4.63
5776,1977-02-15,4.63
5777,1977-02-16,4.62
5778,1977-02-17,4.61
5779,1977-02-18,4.66
5780,1977-02-22,4.69
5781,1977-02-23,4.7
5782,1977-02-24,4.73
5783,1977-02-25,4.71
5784,1977-02-28,4.7
5785,1977-03-01,4.7
5786,1977-03-02,4.64
5787,1977-03-03,4.61
5788,1977-03-04,4.63
5789,1977-03-07,4.65
5790,1977-03-08,4.66
5791,1977-03-09,4.63
5792,1977-03-10,4.62
5793,1977-03-11,4.59
5794,1977-03-14,4.57
5795,1977-03-15,4.57
5796,1977-03-16,4.62
5797,1977-03-17,4.62
5798,1977-03-18,4.59
5799,1977-03-21,4.56
5800,1977-03-22,4.56
5801,1977-03-23,4.54
5802,1977-03-24,4.59
5803,1977-03-25,4.62
5804,1977-03-28,4.59
5805,1977-03-29,4.59
5806,1977-03-30,4.57
5807,1977-03-31,4.54
5808,1977-04-01,4.54
5809,1977-04-04,4.55
5810,1977-04-05,4.6
5811,1977-04-06,4.58
5812,1977-04-07,4.58
5813,1977-04-11,4.56
5814,1977-04-12,4.59
5815,1977-04-13,4.57
5816,1977-04-14,4.52
5817,1977-04-15,4.52
5818,1977-04-18,4.51
5819,1977-04-19,4.52
5820,1977-04-20,4.5
5821,1977-04-21,4.48
5822,1977-04-22,4.53
5823,1977-04-25,4.53
5824,1977-04-26,4.5
5825,1977-04-27,4.45
5826,1977-04-28,4.39
5827,1977-04-29,4.69
5828,1977-05-02,4.75
5829,1977-05-03,4.75
5830,1977-05-04,4.69
5831,1977-05-05,4.74
5832,1977-05-06,4.8
5833,1977-05-09,4.81
5834,1977-05-10,4.94
5835,1977-05-11,5.04
5836,1977-05-12,5.0
5837,1977-05-13,4.99
5838,1977-05-16,4.99
5839,1977-05-17,5.0
5840,1977-05-18,4.98
5841,1977-05-19,5.09
5842,1977-05-20,5.17
5843,1977-05-23,5.13
5844,1977-05-24,5.1
5845,1977-05-25,5.06
5846,1977-05-26,5.03
5847,1977-05-27,4.99
5848,1977-05-31,5.03
5849,1977-06-01,5.04
5850,1977-06-02,5.04
5851,1977-06-03,5.02
5852,1977-06-06,5.04
5853,1977-06-07,5.05
5854,1977-06-08,5.06
5855,1977-06-09,5.08
5856,1977-06-10,5.06
5857,1977-06-13,5.03
5858,1977-06-14,5.01
5859,1977-06-15,5.02
5860,1977-06-16,5.02
5861,1977-06-17,4.99
5862,1977-06-20,5.01
5863,1977-06-21,5.03
5864,1977-06-22,5.02
5865,1977-06-23,5.02
5866,1977-06-24,4.98
5867,1977-06-27,4.93
5868,1977-06-28,4.96
5869,1977-06-29,4.97
5870,1977-06-30,4.98
5871,1977-07-01,5.02
5872,1977-07-05,5.12
5873,1977-07-06,5.12
5874,1977-07-07,5.11
5875,1977-07-08,5.13
5876,1977-07-11,5.14
5877,1977-07-12,5.16
5878,1977-07-13,5.16
5879,1977-07-15,5.18
5880,1977-07-18,5.18
5881,1977-07-19,5.22
5882,1977-07-20,5.23
5883,1977-07-21,5.23
5884,1977-07-22,5.17
5885,1977-07-25,5.16
5886,1977-07-26,5.16
5887,1977-07-27,5.25
5888,1977-07-28,5.39
5889,1977-07-29,5.4
5890,1977-08-01,5.35
5891,1977-08-02,5.4
5892,1977-08-03,5.33
5893,1977-08-04,5.35
5894,1977-08-05,5.34
5895,1977-08-08,5.32
5896,1977-08-09,5.53
5897,1977-08-10,5.46
5898,1977-08-11,5.52
5899,1977-08-12,5.51
5900,1977-08-15,5.54
5901,1977-08-16,5.67
5902,1977-08-17,5.6
5903,1977-08-18,5.53
5904,1977-08-19,5.48
5905,1977-08-22,5.47
5906,1977-08-23,5.55
5907,1977-08-24,5.55
5908,1977-08-25,5.53
5909,1977-08-26,5.54
5910,1977-08-29,5.57
5911,1977-08-30,5.59
5912,1977-08-31,5.56
5913,1977-09-01,5.56
5914,1977-09-02,5.53
5915,1977-09-06,5.58
5916,1977-09-07,5.6
5917,1977-09-08,5.61
5918,1977-09-09,5.8
5919,1977-09-12,5.82
5920,1977-09-13,5.9
5921,1977-09-14,5.87
5922,1977-09-15,5.87
5923,1977-09-16,5.86
5924,1977-09-19,5.86
5925,1977-09-20,5.87
5926,1977-09-21,5.87
5927,1977-09-22,5.96
5928,1977-09-23,5.95
5929,1977-09-26,5.97
5930,1977-09-27,5.92
5931,1977-09-28,5.86
5932,1977-09-29,5.83
5933,1977-09-30,5.89
5934,1977-10-03,5.95
5935,1977-10-04,6.1
5936,1977-10-05,6.13
5937,1977-10-06,6.13
5938,1977-10-07,6.12
5939,1977-10-11,6.27
5940,1977-10-12,6.36
5941,1977-10-13,6.36
5942,1977-10-14,6.29
5943,1977-10-17,6.28
5944,1977-10-18,6.28
5945,1977-10-19,6.14
5946,1977-10-20,6.09
5947,1977-10-21,6.08
5948,1977-10-24,6.13
5949,1977-10-25,6.15
5950,1977-10-26,6.1
5951,1977-10-27,6.05
5952,1977-10-28,6.01
5953,1977-10-31,6.18
5954,1977-11-01,6.22
5955,1977-11-02,6.22
5956,1977-11-03,6.2
5957,1977-11-04,6.17
5958,1977-11-07,6.16
5959,1977-11-09,6.15
5960,1977-11-10,6.13
5961,1977-11-14,6.09
5962,1977-11-15,6.1
5963,1977-11-16,6.09
5964,1977-11-17,6.05
5965,1977-11-18,6.04
5966,1977-11-21,6.07
5967,1977-11-22,6.08
5968,1977-11-23,6.05
5969,1977-11-25,6.04
5970,1977-11-28,6.04
5971,1977-11-29,6.05
5972,1977-11-30,6.04
5973,1977-12-01,6.03
5974,1977-12-02,6.02
5975,1977-12-05,6.01
5976,1977-12-06,6.07
5977,1977-12-07,6.1
5978,1977-12-08,6.08
5979,1977-12-09,6.07
5980,1977-12-12,6.07
5981,1977-12-13,6.05
5982,1977-12-14,6.05
5983,1977-12-15,6.01
5984,1977-12-16,5.99
5985,1977-12-19,5.95
5986,1977-12-20,6.01
5987,1977-12-21,6.0
5988,1977-12-22,6.11
5989,1977-12-23,6.1
5990,1977-12-27,6.16
5991,1977-12-28,6.19
5992,1977-12-29,6.17
5993,1977-12-30,6.13
5994,1978-01-03,6.18
5995,1978-01-04,6.16
5996,1978-01-05,6.2
5997,1978-01-06,6.25
5998,1978-01-09,6.64
5999,1978-01-10,6.65
6000,1978-01-11,6.68
6001,1978-01-12,6.56
6002,1978-01-13,6.48
6003,1978-01-16,6.46
6004,1978-01-17,6.5
6005,1978-01-18,6.5
6006,1978-01-19,6.48
6007,1978-01-20,6.48
6008,1978-01-23,6.43
6009,1978-01-24,6.44
6010,1978-01-25,6.46
6011,1978-01-26,6.43
6012,1978-01-27,6.42
6013,1978-01-30,6.43
6014,1978-01-31,6.42
6015,1978-02-01,6.41
6016,1978-02-02,6.42
6017,1978-02-03,6.42
6018,1978-02-06,6.45
6019,1978-02-07,6.46
6020,1978-02-08,6.44
6021,1978-02-09,6.43
6022,1978-02-10,6.44
6023,1978-02-14,6.47
6024,1978-02-15,6.5
6025,1978-02-16,6.51
6026,1978-02-17,6.45
6027,1978-02-21,6.5
6028,1978-02-22,6.47
6029,1978-02-23,6.43
6030,1978-02-24,6.4
6031,1978-02-27,6.4
6032,1978-02-28,6.42
6033,1978-03-01,6.42
6034,1978-03-02,6.39
6035,1978-03-03,6.34
6036,1978-03-06,6.32
6037,1978-03-07,6.32
6038,1978-03-08,6.29
6039,1978-03-09,6.25
6040,1978-03-10,6.28
6041,1978-03-13,6.27
6042,1978-03-14,6.3
6043,1978-03-15,6.27
6044,1978-03-16,6.25
6045,1978-03-17,6.24
6046,1978-03-20,6.16
6047,1978-03-21,6.22
6048,1978-03-22,6.22
6049,1978-03-23,6.24
6050,1978-03-27,6.28
6051,1978-03-28,6.28
6052,1978-03-29,6.28
6053,1978-03-30,6.37
6054,1978-03-31,6.47
6055,1978-04-03,6.31
6056,1978-04-04,6.39
6057,1978-04-05,6.42
6058,1978-04-06,6.41
6059,1978-04-07,6.34
6060,1978-04-10,6.34
6061,1978-04-11,6.35
6062,1978-04-12,6.33
6063,1978-04-13,6.29
6064,1978-04-14,6.14
6065,1978-04-17,6.1
6066,1978-04-18,6.15
6067,1978-04-19,6.32
6068,1978-04-20,6.3
6069,1978-04-21,6.25
6070,1978-04-24,6.09
6071,1978-04-25,6.22
6072,1978-04-26,6.25
6073,1978-04-27,6.37
6074,1978-04-28,6.35
6075,1978-05-01,6.31
6076,1978-05-02,6.46
6077,1978-05-03,6.39
6078,1978-05-04,6.33
6079,1978-05-05,6.43
6080,1978-05-08,6.36
6081,1978-05-09,6.45
6082,1978-05-10,6.39
6083,1978-05-11,6.32
6084,1978-05-12,6.33
6085,1978-05-15,6.25
6086,1978-05-16,6.34
6087,1978-05-17,6.28
6088,1978-05-18,6.35
6089,1978-05-19,6.39
6090,1978-05-22,6.42
6091,1978-05-23,6.48
6092,1978-05-24,6.51
6093,1978-05-25,6.5
6094,1978-05-26,6.63
6095,1978-05-31,6.65
6096,1978-06-01,6.61
6097,1978-06-02,6.59
6098,1978-06-05,6.59
6099,1978-06-06,6.61
6100,1978-06-07,6.64
6101,1978-06-08,6.63
6102,1978-06-09,6.65
6103,1978-06-12,6.62
6104,1978-06-13,6.63
6105,1978-06-14,6.63
6106,1978-06-15,6.66
6107,1978-06-16,6.72
6108,1978-06-19,6.69
6109,1978-06-20,6.74
6110,1978-06-21,6.84
6111,1978-06-22,6.81
6112,1978-06-23,6.86
6113,1978-06-26,6.88
6114,1978-06-27,6.94
6115,1978-06-28,6.88
6116,1978-06-29,6.92
6117,1978-06-30,7.01
6118,1978-07-03,6.95
6119,1978-07-05,7.07
6120,1978-07-06,7.06
6121,1978-07-07,7.13
6122,1978-07-10,7.16
6123,1978-07-11,7.2
6124,1978-07-12,7.19
6125,1978-07-13,7.18
6126,1978-07-14,7.07
6127,1978-07-17,6.99
6128,1978-07-18,7.09
6129,1978-07-19,7.06
6130,1978-07-20,7.07
6131,1978-07-21,7.02
6132,1978-07-24,6.83
6133,1978-07-25,6.92
6134,1978-07-26,6.9
6135,1978-07-27,6.76
6136,1978-07-28,6.74
6137,1978-07-31,6.76
6138,1978-08-01,6.88
6139,1978-08-02,6.76
6140,1978-08-03,6.8
6141,1978-08-04,6.78
6142,1978-08-07,6.76
6143,1978-08-08,6.72
6144,1978-08-09,6.74
6145,1978-08-10,6.85
6146,1978-08-11,6.86
6147,1978-08-14,6.88
6148,1978-08-15,6.99
6149,1978-08-16,7.24
6150,1978-08-17,7.19
6151,1978-08-18,7.3
6152,1978-08-21,7.26
6153,1978-08-22,7.28
6154,1978-08-23,7.22
6155,1978-08-24,7.24
6156,1978-08-25,7.24
6157,1978-08-28,7.33
6158,1978-08-29,7.45
6159,1978-08-30,7.48
6160,1978-08-31,7.54
6161,1978-09-01,7.7
6162,1978-09-05,7.57
6163,1978-09-06,7.58
6164,1978-09-07,7.59
6165,1978-09-08,7.67
6166,1978-09-11,7.71
6167,1978-09-12,7.75
6168,1978-09-13,7.76
6169,1978-09-14,7.77
6170,1978-09-15,7.88
6171,1978-09-18,7.9
6172,1978-09-19,7.95
6173,1978-09-20,8.08
6174,1978-09-21,8.04
6175,1978-09-22,8.15
6176,1978-09-25,8.09
6177,1978-09-26,8.01
6178,1978-09-27,7.89
6179,1978-09-28,7.83
6180,1978-09-29,7.98
6181,1978-10-02,7.98
6182,1978-10-03,8.16
6183,1978-10-04,8.18
6184,1978-10-05,8.19
6185,1978-10-06,8.19
6186,1978-10-10,8.21
6187,1978-10-11,8.09
6188,1978-10-12,7.78
6189,1978-10-13,7.82
6190,1978-10-16,7.88
6191,1978-10-17,8.15
6192,1978-10-18,7.94
6193,1978-10-19,7.75
6194,1978-10-20,7.75
6195,1978-10-23,7.52
6196,1978-10-24,7.77
6197,1978-10-25,7.54
6198,1978-10-26,7.76
6199,1978-10-27,7.93
6200,1978-10-30,8.47
6201,1978-10-31,8.75
6202,1978-11-01,8.85
6203,1978-11-02,8.76
6204,1978-11-03,8.8
6205,1978-11-06,8.84
6206,1978-11-08,8.99
6207,1978-11-09,8.82
6208,1978-11-10,8.51
6209,1978-11-13,8.23
6210,1978-11-14,8.3
6211,1978-11-15,8.02
6212,1978-11-16,8.17
6213,1978-11-17,7.98
6214,1978-11-20,8.21
6215,1978-11-21,8.83
6216,1978-11-22,8.63
6217,1978-11-24,8.86
6218,1978-11-27,8.96
6219,1978-11-28,9.12
6220,1978-11-29,8.98
6221,1978-11-30,9.01
6222,1978-12-01,8.85
6223,1978-12-04,8.95
6224,1978-12-05,8.95
6225,1978-12-06,8.89
6226,1978-12-07,8.9
6227,1978-12-08,8.95
6228,1978-12-11,8.93
6229,1978-12-12,8.86
6230,1978-12-13,8.88
6231,1978-12-14,8.9
6232,1978-12-15,9.08
6233,1978-12-18,9.26
6234,1978-12-19,9.21
6235,1978-12-20,9.25
6236,1978-12-21,9.29
6237,1978-12-22,9.37
6238,1978-12-26,9.36
6239,1978-12-27,9.19
6240,1978-12-28,9.2
6241,1978-12-29,9.26
6242,1979-01-02,9.41
6243,1979-01-03,9.31
6244,1979-01-04,9.31
6245,1979-01-05,9.34
6246,1979-01-08,9.36
6247,1979-01-09,9.27
6248,1979-01-10,9.25
6249,1979-01-11,9.28
6250,1979-01-12,9.35
6251,1979-01-15,9.44
6252,1979-01-16,9.44
6253,1979-01-17,9.44
6254,1979-01-18,9.46
6255,1979-01-19,9.4
6256,1979-01-22,9.34
6257,1979-01-23,9.36
6258,1979-01-24,9.35
6259,1979-01-25,9.33
6260,1979-01-26,9.34
6261,1979-01-29,9.35
6262,1979-01-30,9.27
6263,1979-01-31,9.29
6264,1979-02-01,9.25
6265,1979-02-02,9.25
6266,1979-02-05,9.18
6267,1979-02-06,9.21
6268,1979-02-07,9.25
6269,1979-02-08,9.24
6270,1979-02-09,9.31
6271,1979-02-13,9.29
6272,1979-02-14,9.27
6273,1979-02-15,9.26
6274,1979-02-16,9.29
6275,1979-02-20,9.38
6276,1979-02-21,9.42
6277,1979-02-22,9.41
6278,1979-02-23,9.44
6279,1979-02-26,9.46
6280,1979-02-27,9.47
6281,1979-02-28,9.45
6282,1979-03-01,9.4
6283,1979-03-02,9.41
6284,1979-03-05,9.4
6285,1979-03-06,9.42
6286,1979-03-07,9.42
6287,1979-03-08,9.42
6288,1979-03-09,9.52
6289,1979-03-12,9.51
6290,1979-03-13,9.51
6291,1979-03-14,9.52
6292,1979-03-15,9.49
6293,1979-03-16,9.52
6294,1979-03-19,9.5
6295,1979-03-20,9.52
6296,1979-03-21,9.56
6297,1979-03-22,9.56
6298,1979-03-23,9.55
6299,1979-03-26,9.54
6300,1979-03-27,9.49
6301,1979-03-28,9.43
6302,1979-03-29,9.39
6303,1979-03-30,9.44
6304,1979-04-02,9.54
6305,1979-04-03,9.52
6306,1979-04-04,9.49
6307,1979-04-05,9.49
6308,1979-04-06,9.6
6309,1979-04-09,9.62
6310,1979-04-10,9.75
6311,1979-04-11,9.72
6312,1979-04-12,9.69
6313,1979-04-16,9.66
6314,1979-04-17,9.5
6315,1979-04-18,9.29
6316,1979-04-19,9.3
6317,1979-04-20,9.31
6318,1979-04-23,9.2
6319,1979-04-24,9.1
6320,1979-04-25,9.07
6321,1979-04-26,9.14
6322,1979-04-27,9.66
6323,1979-04-30,9.56
6324,1979-05-01,9.5
6325,1979-05-02,9.55
6326,1979-05-03,9.61
6327,1979-05-04,9.68
6328,1979-05-07,9.66
6329,1979-05-08,9.66
6330,1979-05-09,9.64
6331,1979-05-10,9.64
6332,1979-05-11,9.56
6333,1979-05-14,9.55
6334,1979-05-15,9.6
6335,1979-05-16,9.57
6336,1979-05-17,9.57
6337,1979-05-18,9.72
6338,1979-05-21,9.77
6339,1979-05-22,9.7
6340,1979-05-23,9.67
6341,1979-05-24,9.53
6342,1979-05-25,9.54
6343,1979-05-29,9.55
6344,1979-05-31,9.57
6345,1979-06-01,9.52
6346,1979-06-04,9.54
6347,1979-06-05,9.44
6348,1979-06-06,9.35
6349,1979-06-07,9.29
6350,1979-06-08,9.18
6351,1979-06-11,9.06
6352,1979-06-12,8.88
6353,1979-06-13,8.87
6354,1979-06-14,8.9
6355,1979-06-15,9.15
6356,1979-06-18,8.95
6357,1979-06-19,8.97
6358,1979-06-20,8.94
6359,1979-06-21,8.96
6360,1979-06-22,8.99
6361,1979-06-25,8.75
6362,1979-06-26,8.76
6363,1979-06-27,8.81
6364,1979-06-28,8.9
6365,1979-06-29,8.95
6366,1979-07-02,8.93
6367,1979-07-03,9.06
6368,1979-07-05,9.19
6369,1979-07-06,9.2
6370,1979-07-09,9.26
6371,1979-07-10,9.32
6372,1979-07-11,9.27
6373,1979-07-12,9.26
6374,1979-07-13,9.3
6375,1979-07-16,9.36
6376,1979-07-17,9.28
6377,1979-07-18,9.25
6378,1979-07-19,9.26
6379,1979-07-20,9.42
6380,1979-07-23,9.44
6381,1979-07-24,9.38
6382,1979-07-25,9.22
6383,1979-07-26,9.13
6384,1979-07-27,9.23
6385,1979-07-30,9.09
6386,1979-07-31,9.18
6387,1979-08-01,9.16
6388,1979-08-02,9.33
6389,1979-08-03,9.38
6390,1979-08-06,9.34
6391,1979-08-07,9.4
6392,1979-08-08,9.4
6393,1979-08-09,9.4
6394,1979-08-10,9.46
6395,1979-08-13,9.47
6396,1979-08-14,9.49
6397,1979-08-15,9.55
6398,1979-08-16,9.52
6399,1979-08-17,9.58
6400,1979-08-20,9.5
6401,1979-08-21,9.54
6402,1979-08-22,9.56
6403,1979-08-23,9.53
6404,1979-08-24,9.64
6405,1979-08-27,9.65
6406,1979-08-28,9.74
6407,1979-08-29,9.77
6408,1979-08-30,9.75
6409,1979-08-31,9.81
6410,1979-09-04,10.02
6411,1979-09-05,10.07
6412,1979-09-06,10.27
6413,1979-09-07,10.42
6414,1979-09-10,10.55
6415,1979-09-11,10.45
6416,1979-09-12,10.45
6417,1979-09-13,10.5
6418,1979-09-14,10.29
6419,1979-09-17,10.37
6420,1979-09-18,10.4
6421,1979-09-19,10.2
6422,1979-09-20,10.21
6423,1979-09-21,10.1
6424,1979-09-24,10.03
6425,1979-09-25,10.06
6426,1979-09-26,10.22
6427,1979-09-27,10.28
6428,1979-09-28,10.12
6429,1979-10-01,10.15
6430,1979-10-02,10.37
6431,1979-10-03,10.39
6432,1979-10-04,10.56
6433,1979-10-05,10.7
6434,1979-10-09,11.82
6435,1979-10-10,11.74
6436,1979-10-11,11.57
6437,1979-10-12,11.35
6438,1979-10-15,11.6
6439,1979-10-16,11.84
6440,1979-10-17,11.69
6441,1979-10-18,12.05
6442,1979-10-19,12.37
6443,1979-10-22,12.84
6444,1979-10-23,13.01
6445,1979-10-24,12.72
6446,1979-10-25,12.53
6447,1979-10-26,11.91
6448,1979-10-29,12.02
6449,1979-10-30,12.08
6450,1979-10-31,12.12
6451,1979-11-01,12.06
6452,1979-11-02,12.05
6453,1979-11-05,12.06
6454,1979-11-07,12.48
6455,1979-11-08,12.44
6456,1979-11-09,12.0
6457,1979-11-13,12.06
6458,1979-11-14,11.94
6459,1979-11-15,11.7
6460,1979-11-16,11.91
6461,1979-11-19,11.99
6462,1979-11-20,11.92
6463,1979-11-21,11.81
6464,1979-11-23,11.34
6465,1979-11-26,11.05
6466,1979-11-27,11.09
6467,1979-11-28,11.4
6468,1979-11-29,11.27
6469,1979-11-30,11.49
6470,1979-12-03,11.83
6471,1979-12-04,11.68
6472,1979-12-05,11.64
6473,1979-12-06,11.65
6474,1979-12-07,11.93
6475,1979-12-10,12.09
6476,1979-12-11,12.29
6477,1979-12-12,12.6
6478,1979-12-13,12.42
6479,1979-12-14,12.3
6480,1979-12-17,12.24
6481,1979-12-18,12.17
6482,1979-12-19,11.91
6483,1979-12-20,11.9
6484,1979-12-21,12.08
6485,1979-12-24,12.05
6486,1979-12-26,12.0
6487,1979-12-27,11.97
6488,1979-12-28,11.92
6489,1979-12-31,12.04
6490,1980-01-02,12.17
6491,1980-01-03,12.1
6492,1980-01-04,12.1
6493,1980-01-07,11.86
6494,1980-01-08,11.78
6495,1980-01-09,11.76
6496,1980-01-10,11.45
6497,1980-01-11,11.76
6498,1980-01-14,11.84
6499,1980-01-15,11.87
6500,1980-01-16,11.82
6501,1980-01-17,11.94
6502,1980-01-18,12.07
6503,1980-01-21,12.23
6504,1980-01-22,12.16
6505,1980-01-23,12.02
6506,1980-01-24,12.17
6507,1980-01-25,12.29
6508,1980-01-28,12.18
6509,1980-01-29,12.26
6510,1980-01-30,12.13
6511,1980-01-31,12.0
6512,1980-02-01,12.17
6513,1980-02-04,11.98
6514,1980-02-05,12.22
6515,1980-02-06,12.06
6516,1980-02-07,11.92
6517,1980-02-08,12.07
6518,1980-02-11,12.22
6519,1980-02-13,12.18
6520,1980-02-14,12.23
6521,1980-02-15,12.8
6522,1980-02-19,13.4
6523,1980-02-20,13.3
6524,1980-02-21,13.42
6525,1980-02-22,13.38
6526,1980-02-25,13.65
6527,1980-02-26,13.85
6528,1980-02-27,13.84
6529,1980-02-28,13.57
6530,1980-02-29,14.01
6531,1980-03-03,15.0
6532,1980-03-04,15.15
6533,1980-03-05,15.37
6534,1980-03-06,15.7
6535,1980-03-07,15.63
6536,1980-03-10,15.26
6537,1980-03-11,15.38
6538,1980-03-12,15.6
6539,1980-03-13,15.12
6540,1980-03-14,15.25
6541,1980-03-17,14.67
6542,1980-03-18,14.62
6543,1980-03-19,14.33
6544,1980-03-20,15.02
6545,1980-03-21,15.15
6546,1980-03-24,15.93
6547,1980-03-25,16.0
6548,1980-03-26,15.93
6549,1980-03-27,15.12
6550,1980-03-28,14.75
6551,1980-03-31,14.24
6552,1980-04-01,15.03
6553,1980-04-02,14.88
6554,1980-04-03,14.97
6555,1980-04-07,14.41
6556,1980-04-08,14.48
6557,1980-04-09,14.31
6558,1980-04-10,14.3
6559,1980-04-11,13.99
6560,1980-04-14,13.84
6561,1980-04-15,13.82
6562,1980-04-16,13.5
6563,1980-04-17,13.5
6564,1980-04-18,13.2
6565,1980-04-21,12.93
6566,1980-04-22,12.25
6567,1980-04-23,12.01
6568,1980-04-24,11.91
6569,1980-04-25,11.81
6570,1980-04-28,11.0
6571,1980-04-29,10.74
6572,1980-04-30,10.39
6573,1980-05-01,10.36
6574,1980-05-02,9.85
6575,1980-05-05,9.66
6576,1980-05-06,9.5
6577,1980-05-07,8.98
6578,1980-05-08,8.75
6579,1980-05-09,8.81
6580,1980-05-12,8.6
6581,1980-05-13,8.28
6582,1980-05-14,8.14
6583,1980-05-15,8.61
6584,1980-05-16,9.04
6585,1980-05-19,8.89
6586,1980-05-20,8.29
6587,1980-05-21,8.06
6588,1980-05-22,7.95
6589,1980-05-23,7.54
6590,1980-05-27,7.52
6591,1980-05-28,7.66
6592,1980-05-29,7.88
6593,1980-05-30,7.75
6594,1980-06-02,7.9
6595,1980-06-03,7.61
6596,1980-06-04,7.41
6597,1980-06-05,7.36
6598,1980-06-06,7.29
6599,1980-06-09,6.87
6600,1980-06-10,6.64
6601,1980-06-11,6.3
6602,1980-06-12,6.2
6603,1980-06-13,6.18
6604,1980-06-16,6.37
6605,1980-06-17,6.74
6606,1980-06-18,6.97
6607,1980-06-19,6.98
6608,1980-06-20,6.74
6609,1980-06-23,7.14
6610,1980-06-24,7.3
6611,1980-06-25,7.42
6612,1980-06-26,7.56
6613,1980-06-27,7.7
6614,1980-06-30,7.88
6615,1980-07-01,8.04
6616,1980-07-02,7.94
6617,1980-07-03,7.81
6618,1980-07-07,8.24
6619,1980-07-08,8.06
6620,1980-07-09,7.97
6621,1980-07-10,7.96
6622,1980-07-11,8.17
6623,1980-07-14,8.18
6624,1980-07-15,8.05
6625,1980-07-16,7.76
6626,1980-07-17,7.96
6627,1980-07-18,7.96
6628,1980-07-21,7.86
6629,1980-07-22,7.88
6630,1980-07-23,7.83
6631,1980-07-24,8.01
6632,1980-07-25,8.05
6633,1980-07-28,8.21
6634,1980-07-29,8.3
6635,1980-07-30,8.38
6636,1980-07-31,8.62
6637,1980-08-01,8.7
6638,1980-08-04,8.64
6639,1980-08-05,8.72
6640,1980-08-06,8.55
6641,1980-08-07,8.38
6642,1980-08-08,8.62
6643,1980-08-11,8.83
6644,1980-08-12,8.64
6645,1980-08-13,8.55
6646,1980-08-14,8.45
6647,1980-08-15,8.54
6648,1980-08-18,9.11
6649,1980-08-19,9.38
6650,1980-08-20,9.31
6651,1980-08-21,9.7
6652,1980-08-22,9.54
6653,1980-08-25,9.78
6654,1980-08-26,9.94
6655,1980-08-27,10.07
6656,1980-08-28,10.32
6657,1980-08-29,9.96
6658,1980-09-02,9.87
6659,1980-09-03,9.74
6660,1980-09-04,9.75
6661,1980-09-05,9.77
6662,1980-09-08,10.1
6663,1980-09-09,10.04
6664,1980-09-10,9.94
6665,1980-09-11,10.14
6666,1980-09-12,10.22
6667,1980-09-15,10.47
6668,1980-09-16,10.29
6669,1980-09-17,10.34
6670,1980-09-18,10.15
6671,1980-09-19,10.03
6672,1980-09-22,10.56
6673,1980-09-23,10.33
6674,1980-09-24,10.16
6675,1980-09-25,10.36
6676,1980-09-26,10.82
6677,1980-09-29,11.18
6678,1980-09-30,11.44
6679,1980-10-01,11.45
6680,1980-10-02,11.53
6681,1980-10-03,11.33
6682,1980-10-06,11.14
6683,1980-10-07,11.3
6684,1980-10-08,11.38
6685,1980-10-09,11.14
6686,1980-10-10,11.25
6687,1980-10-14,11.18
6688,1980-10-15,10.91
6689,1980-10-16,10.98
6690,1980-10-17,11.2
6691,1980-10-20,11.31
6692,1980-10-21,11.64
6693,1980-10-22,11.81
6694,1980-10-23,11.79
6695,1980-10-24,11.74
6696,1980-10-27,12.31
6697,1980-10-28,12.49
6698,1980-10-29,12.52
6699,1980-10-30,12.54
6700,1980-10-31,12.71
6701,1980-11-03,13.17
6702,1980-11-05,13.4
6703,1980-11-06,13.5
6704,1980-11-07,13.04
6705,1980-11-10,13.48
6706,1980-11-12,13.18
6707,1980-11-13,13.09
6708,1980-11-14,13.39
6709,1980-11-17,14.19
6710,1980-11-18,13.69
6711,1980-11-19,13.72
6712,1980-11-20,13.96
6713,1980-11-21,14.32
6714,1980-11-24,14.41
6715,1980-11-25,14.16
6716,1980-11-26,14.2
6717,1980-11-28,14.48
6718,1980-12-01,14.71
6719,1980-12-02,14.82
6720,1980-12-03,14.66
6721,1980-12-04,14.86
6722,1980-12-05,15.84
6723,1980-12-08,16.53
6724,1980-12-09,16.72
6725,1980-12-10,16.88
6726,1980-12-11,17.14
6727,1980-12-12,16.55
6728,1980-12-15,16.77
6729,1980-12-16,16.7
6730,1980-12-17,16.47
6731,1980-12-18,16.2
6732,1980-12-19,14.93
6733,1980-12-22,14.84
6734,1980-12-23,14.49
6735,1980-12-24,14.71
6736,1980-12-26,14.45
6737,1980-12-29,14.18
6738,1980-12-30,14.12
6739,1980-12-31,14.3
6740,1981-01-02,14.65
6741,1981-01-05,13.52
6742,1981-01-06,13.58
6743,1981-01-07,14.5
6744,1981-01-08,14.76
6745,1981-01-09,15.2
6746,1981-01-12,15.22
6747,1981-01-13,15.24
6748,1981-01-14,15.08
6749,1981-01-15,15.25
6750,1981-01-16,15.15
6751,1981-01-19,15.79
6752,1981-01-20,15.32
6753,1981-01-21,15.71
6754,1981-01-22,15.72
6755,1981-01-23,15.7
6756,1981-01-26,15.35
6757,1981-01-27,15.2
6758,1981-01-28,15.06
6759,1981-01-29,14.87
6760,1981-01-30,14.59
6761,1981-02-02,14.9
6762,1981-02-03,14.85
6763,1981-02-04,14.67
6764,1981-02-05,14.74
6765,1981-02-06,15.32
6766,1981-02-09,15.52
6767,1981-02-10,15.46
6768,1981-02-11,15.54
6769,1981-02-13,15.51
6770,1981-02-17,15.14
6771,1981-02-18,15.02
6772,1981-02-19,14.48
6773,1981-02-20,14.09
6774,1981-02-23,14.23
6775,1981-02-24,14.15
6776,1981-02-25,14.2
6777,1981-02-26,14.14
6778,1981-02-27,14.22
6779,1981-03-02,14.52
6780,1981-03-03,14.39
6781,1981-03-04,14.49
6782,1981-03-05,14.51
6783,1981-03-06,14.29
6784,1981-03-09,14.16
6785,1981-03-10,13.99
6786,1981-03-11,13.92
6787,1981-03-12,13.66
6788,1981-03-13,13.21
6789,1981-03-16,13.02
6790,1981-03-17,12.95
6791,1981-03-18,12.45
6792,1981-03-19,12.36
6793,1981-03-20,12.36
6794,1981-03-23,12.83
6795,1981-03-24,12.84
6796,1981-03-25,12.83
6797,1981-03-26,12.97
6798,1981-03-27,13.08
6799,1981-03-30,12.6
6800,1981-03-31,12.46
6801,1981-04-01,12.37
6802,1981-04-02,12.58
6803,1981-04-03,12.97
6804,1981-04-06,14.0
6805,1981-04-07,13.63
6806,1981-04-08,13.66
6807,1981-04-09,13.49
6808,1981-04-10,13.59
6809,1981-04-13,13.78
6810,1981-04-14,13.37
6811,1981-04-15,13.68
6812,1981-04-16,13.79
6813,1981-04-20,13.75
6814,1981-04-21,13.66
6815,1981-04-22,13.58
6816,1981-04-23,13.64
6817,1981-04-24,14.05
6818,1981-04-27,14.28
6819,1981-04-28,14.39
6820,1981-04-29,14.42
6821,1981-04-30,14.86
6822,1981-05-01,14.67
6823,1981-05-04,16.01
6824,1981-05-05,16.61
6825,1981-05-06,16.52
6826,1981-05-07,16.58
6827,1981-05-08,16.48
6828,1981-05-11,16.59
6829,1981-05-12,16.94
6830,1981-05-13,17.01
6831,1981-05-14,16.67
6832,1981-05-15,16.55
6833,1981-05-18,16.2
6834,1981-05-19,16.56
6835,1981-05-20,16.6
6836,1981-05-21,17.0
6837,1981-05-22,16.68
6838,1981-05-26,15.93
6839,1981-05-27,16.01
6840,1981-05-28,15.38
6841,1981-05-29,15.1
6842,1981-06-01,15.5
6843,1981-06-02,15.69
6844,1981-06-03,15.64
6845,1981-06-04,15.81
6846,1981-06-05,15.83
6847,1981-06-08,15.18
6848,1981-06-09,15.01
6849,1981-06-10,14.69
6850,1981-06-11,14.56
6851,1981-06-12,14.53
6852,1981-06-15,13.72
6853,1981-06-16,13.73
6854,1981-06-17,14.24
6855,1981-06-18,15.0
6856,1981-06-19,14.87
6857,1981-06-22,14.36
6858,1981-06-23,14.5
6859,1981-06-24,14.7
6860,1981-06-25,14.24
6861,1981-06-26,14.13
6862,1981-06-29,13.94
6863,1981-06-30,14.28
6864,1981-07-01,14.65
6865,1981-07-02,14.48
6866,1981-07-06,14.35
6867,1981-07-07,14.89
6868,1981-07-08,14.98
6869,1981-07-09,15.13
6870,1981-07-10,14.75
6871,1981-07-13,14.6
6872,1981-07-14,14.78
6873,1981-07-15,14.45
6874,1981-07-16,14.52
6875,1981-07-17,14.43
6876,1981-07-20,15.5
6877,1981-07-21,15.72
6878,1981-07-22,15.68
6879,1981-07-23,15.5
6880,1981-07-24,15.08
6881,1981-07-27,15.11
6882,1981-07-28,15.3
6883,1981-07-29,15.18
6884,1981-07-30,14.87
6885,1981-07-31,14.87
6886,1981-08-03,15.5
6887,1981-08-04,15.48
6888,1981-08-05,15.35
6889,1981-08-06,15.36
6890,1981-08-07,15.44
6891,1981-08-10,15.22
6892,1981-08-11,14.85
6893,1981-08-12,15.28
6894,1981-08-13,15.42
6895,1981-08-14,15.5
6896,1981-08-17,15.74
6897,1981-08-18,15.72
6898,1981-08-19,15.67
6899,1981-08-20,15.62
6900,1981-08-21,15.4
6901,1981-08-24,15.85
6902,1981-08-25,15.78
6903,1981-08-26,15.83
6904,1981-08-27,15.72
6905,1981-08-28,15.38
6906,1981-08-31,15.52
6907,1981-09-01,15.59
6908,1981-09-02,15.66
6909,1981-09-03,15.63
6910,1981-09-04,15.56
6911,1981-09-08,15.65
6912,1981-09-09,15.36
6913,1981-09-10,15.01
6914,1981-09-11,14.52
6915,1981-09-14,14.45
6916,1981-09-15,14.29
6917,1981-09-16,14.34
6918,1981-09-17,14.32
6919,1981-09-18,14.34
6920,1981-09-21,14.27
6921,1981-09-22,14.48
6922,1981-09-23,14.2
6923,1981-09-24,14.21
6924,1981-09-25,14.3
6925,1981-09-28,14.12
6926,1981-09-29,14.16
6927,1981-09-30,14.34
6928,1981-10-01,14.57
6929,1981-10-02,14.65
6930,1981-10-05,14.27
6931,1981-10-06,13.9
6932,1981-10-07,13.85
6933,1981-10-08,13.7
6934,1981-10-09,13.33
6935,1981-10-13,13.5
6936,1981-10-14,13.24
6937,1981-10-15,13.36
6938,1981-10-16,13.52
6939,1981-10-19,13.52
6940,1981-10-20,13.46
6941,1981-10-21,13.29
6942,1981-10-22,13.32
6943,1981-10-23,13.24
6944,1981-10-26,13.32
6945,1981-10-27,13.36
6946,1981-10-28,13.22
6947,1981-10-29,13.04
6948,1981-10-30,12.75
6949,1981-11-02,12.69
6950,1981-11-04,12.3
6951,1981-11-05,12.18
6952,1981-11-06,11.68
6953,1981-11-09,11.19
6954,1981-11-10,11.15
6955,1981-11-12,10.6
6956,1981-11-13,10.78
6957,1981-11-16,10.63
6958,1981-11-17,10.63
6959,1981-11-18,10.07
6960,1981-11-19,10.12
6961,1981-11-20,10.11
6962,1981-11-23,10.49
6963,1981-11-24,10.17
6964,1981-11-25,10.1
6965,1981-11-27,10.17
6966,1981-11-30,10.37
6967,1981-12-01,10.49
6968,1981-12-02,10.62
6969,1981-12-03,10.52
6970,1981-12-04,9.94
6971,1981-12-07,10.22
6972,1981-12-08,10.26
6973,1981-12-09,10.38
6974,1981-12-10,10.68
6975,1981-12-11,10.82
6976,1981-12-14,10.95
6977,1981-12-15,10.89
6978,1981-12-16,10.87
6979,1981-12-17,11.14
6980,1981-12-18,10.87
6981,1981-12-21,11.1
6982,1981-12-22,11.03
6983,1981-12-23,11.32
6984,1981-12-24,11.1
6985,1981-12-28,11.27
6986,1981-12-29,11.7
6987,1981-12-30,11.36
6988,1981-12-31,11.08
6989,1982-01-04,11.39
6990,1982-01-05,11.72
6991,1982-01-06,11.64
6992,1982-01-07,11.66
6993,1982-01-08,11.52
6994,1982-01-11,11.97
6995,1982-01-12,11.96
6996,1982-01-13,12.14
6997,1982-01-14,12.06
6998,1982-01-15,12.21
6999,1982-01-18,12.25
7000,1982-01-19,12.56
7001,1982-01-20,12.72
7002,1982-01-21,12.77
7003,1982-01-22,13.02
7004,1982-01-25,13.32
7005,1982-01-26,13.02
7006,1982-01-27,12.8
7007,1982-01-28,12.28
7008,1982-01-29,12.52
7009,1982-02-01,13.68
7010,1982-02-02,13.61
7011,1982-02-03,13.77
7012,1982-02-04,13.69
7013,1982-02-05,13.63
7014,1982-02-08,13.96
7015,1982-02-09,14.18
7016,1982-02-10,14.15
7017,1982-02-11,14.19
7018,1982-02-16,14.57
7019,1982-02-17,14.47
7020,1982-02-18,13.7
7021,1982-02-19,13.49
7022,1982-02-22,12.55
7023,1982-02-23,12.35
7024,1982-02-24,12.0
7025,1982-02-25,12.23
7026,1982-02-26,12.44
7027,1982-03-01,12.27
7028,1982-03-02,12.37
7029,1982-03-03,12.28
7030,1982-03-04,12.18
7031,1982-03-05,12.19
7032,1982-03-08,12.12
7033,1982-03-09,12.36
7034,1982-03-10,12.41
7035,1982-03-11,12.64
7036,1982-03-12,12.81
7037,1982-03-15,12.89
7038,1982-03-16,12.73
7039,1982-03-17,12.76
7040,1982-03-18,12.83
7041,1982-03-19,13.04
7042,1982-03-22,12.65
7043,1982-03-23,12.53
7044,1982-03-24,12.68
7045,1982-03-25,12.75
7046,1982-03-26,13.0
7047,1982-03-29,13.41
7048,1982-03-30,13.43
7049,1982-03-31,13.26
7050,1982-04-01,13.24
7051,1982-04-02,13.26
7052,1982-04-05,13.05
7053,1982-04-06,13.13
7054,1982-04-07,13.18
7055,1982-04-08,13.03
7056,1982-04-12,12.81
7057,1982-04-13,12.73
7058,1982-04-14,12.81
7059,1982-04-15,12.86
7060,1982-04-16,12.64
7061,1982-04-19,12.48
7062,1982-04-20,12.46
7063,1982-04-21,12.19
7064,1982-04-22,12.42
7065,1982-04-23,12.39
7066,1982-04-26,12.44
7067,1982-04-27,12.43
7068,1982-04-28,12.44
7069,1982-04-29,12.44
7070,1982-04-30,12.34
7071,1982-05-03,12.74
7072,1982-05-04,12.73
7073,1982-05-05,12.62
7074,1982-05-06,12.34
7075,1982-05-07,12.25
7076,1982-05-10,12.33
7077,1982-05-11,12.3
7078,1982-05-12,12.4
7079,1982-05-13,12.5
7080,1982-05-14,12.36
7081,1982-05-17,12.32
7082,1982-05-18,12.23
7083,1982-05-19,11.94
7084,1982-05-20,11.5
7085,1982-05-21,11.51
7086,1982-05-24,11.5
7087,1982-05-25,11.57
7088,1982-05-26,11.55
7089,1982-05-27,11.57
7090,1982-05-28,11.5
7091,1982-06-01,12.01
7092,1982-06-02,12.06
7093,1982-06-03,12.07
7094,1982-06-04,12.22
7095,1982-06-07,12.09
7096,1982-06-08,12.17
7097,1982-06-09,12.08
7098,1982-06-10,11.98
7099,1982-06-11,11.99
7100,1982-06-14,12.34
7101,1982-06-15,12.36
7102,1982-06-16,12.31
7103,1982-06-17,12.56
7104,1982-06-18,12.73
7105,1982-06-21,12.56
7106,1982-06-22,12.78
7107,1982-06-23,12.87
7108,1982-06-24,12.99
7109,1982-06-25,13.19
7110,1982-06-28,13.11
7111,1982-06-29,13.02
7112,1982-06-30,12.76
7113,1982-07-01,12.55
7114,1982-07-02,12.59
7115,1982-07-06,12.62
7116,1982-07-07,12.58
7117,1982-07-08,11.95
7118,1982-07-09,11.77
7119,1982-07-12,11.73
7120,1982-07-13,11.95
7121,1982-07-14,12.0
7122,1982-07-15,11.64
7123,1982-07-16,11.21
7124,1982-07-19,11.06
7125,1982-07-20,10.66
7126,1982-07-21,10.75
7127,1982-07-22,10.41
7128,1982-07-23,10.33
7129,1982-07-26,10.45
7130,1982-07-27,10.66
7131,1982-07-28,10.72
7132,1982-07-29,10.53
7133,1982-07-30,10.17
7134,1982-08-02,9.36
7135,1982-08-03,9.8
7136,1982-08-04,9.73
7137,1982-08-05,9.8
7138,1982-08-06,10.31
7139,1982-08-09,9.86
7140,1982-08-10,10.02
7141,1982-08-11,9.97
7142,1982-08-12,9.38
7143,1982-08-13,9.25
7144,1982-08-16,8.67
7145,1982-08-17,8.05
7146,1982-08-18,8.06
7147,1982-08-19,7.52
7148,1982-08-20,7.08
7149,1982-08-23,7.5
7150,1982-08-24,7.61
7151,1982-08-25,7.42
7152,1982-08-26,7.14
7153,1982-08-27,7.84
7154,1982-08-30,8.16
7155,1982-08-31,8.42
7156,1982-09-01,8.42
7157,1982-09-02,8.36
7158,1982-09-03,8.17
7159,1982-09-07,8.39
7160,1982-09-08,8.3
7161,1982-09-09,8.28
7162,1982-09-10,8.37
7163,1982-09-13,8.12
7164,1982-09-14,7.89
7165,1982-09-15,8.14
7166,1982-09-16,8.03
7167,1982-09-17,7.96
7168,1982-09-20,7.78
7169,1982-09-21,7.63
7170,1982-09-22,7.35
7171,1982-09-23,7.28
7172,1982-09-24,7.6
7173,1982-09-27,7.58
7174,1982-09-28,7.48
7175,1982-09-29,7.58
7176,1982-09-30,7.62
7177,1982-10-01,7.35
7178,1982-10-04,7.94
7179,1982-10-05,8.14
7180,1982-10-06,8.05
7181,1982-10-07,7.76
7182,1982-10-08,7.75
7183,1982-10-12,7.38
7184,1982-10-13,7.42
7185,1982-10-14,7.54
7186,1982-10-15,7.56
7187,1982-10-18,7.43
7188,1982-10-19,7.48
7189,1982-10-20,7.56
7190,1982-10-21,7.57
7191,1982-10-22,7.64
7192,1982-10-25,7.87
7193,1982-10-26,7.96
7194,1982-10-27,8.0
7195,1982-10-28,7.91
7196,1982-10-29,7.9
7197,1982-11-01,7.81
7198,1982-11-03,7.79
7199,1982-11-04,7.73
7200,1982-11-05,7.78
7201,1982-11-08,7.92
7202,1982-11-09,8.0
7203,1982-11-10,8.08
7204,1982-11-12,8.28
7205,1982-11-15,8.43
7206,1982-11-16,8.4
7207,1982-11-17,8.36
7208,1982-11-18,8.27
7209,1982-11-19,8.1
7210,1982-11-22,7.96
7211,1982-11-23,7.95
7212,1982-11-24,7.93
7213,1982-11-26,7.93
7214,1982-11-29,8.26
7215,1982-11-30,8.28
7216,1982-12-01,8.28
7217,1982-12-02,8.04
7218,1982-12-03,7.84
7219,1982-12-06,7.88
7220,1982-12-07,7.93
7221,1982-12-08,7.97
7222,1982-12-09,7.96
7223,1982-12-10,8.04
7224,1982-12-13,8.0
7225,1982-12-14,7.68
7226,1982-12-15,7.63
7227,1982-12-16,7.83
7228,1982-12-17,7.87
7229,1982-12-20,7.88
7230,1982-12-21,7.9
7231,1982-12-22,7.92
7232,1982-12-23,7.92
7233,1982-12-27,7.91
7234,1982-12-28,8.05
7235,1982-12-29,8.14
7236,1982-12-30,8.02
7237,1982-12-31,7.92
7238,1983-01-03,7.92
7239,1983-01-04,8.0
7240,1983-01-05,7.98
7241,1983-01-06,7.94
7242,1983-01-07,7.76
7243,1983-01-10,7.72
7244,1983-01-11,7.69
7245,1983-01-12,7.68
7246,1983-01-13,7.66
7247,1983-01-14,7.55
7248,1983-01-17,7.6
7249,1983-01-18,7.64
7250,1983-01-19,7.68
7251,1983-01-20,7.78
7252,1983-01-21,8.03
7253,1983-01-24,8.1
7254,1983-01-25,8.05
7255,1983-01-26,8.08
7256,1983-01-27,8.02
7257,1983-01-28,8.0
7258,1983-01-31,8.1
7259,1983-02-01,8.16
7260,1983-02-02,8.16
7261,1983-02-03,8.15
7262,1983-02-04,8.25
7263,1983-02-07,8.23
7264,1983-02-08,8.29
7265,1983-02-09,8.28
7266,1983-02-10,8.17
7267,1983-02-11,8.14
7268,1983-02-14,8.24
7269,1983-02-15,8.25
7270,1983-02-16,8.2
7271,1983-02-17,8.1
7272,1983-02-18,7.99
7273,1983-02-22,7.91
7274,1983-02-23,7.96
7275,1983-02-24,7.93
7276,1983-02-25,7.82
7277,1983-02-28,7.93
7278,1983-03-01,7.96
7279,1983-03-02,8.0
7280,1983-03-03,7.95
7281,1983-03-04,8.01
7282,1983-03-07,8.18
7283,1983-03-08,8.3
7284,1983-03-09,8.26
7285,1983-03-10,8.24
7286,1983-03-11,8.27
7287,1983-03-14,8.23
7288,1983-03-15,8.25
7289,1983-03-16,8.3
7290,1983-03-17,8.34
7291,1983-03-18,8.44
7292,1983-03-21,8.5
7293,1983-03-22,8.61
7294,1983-03-23,8.47
7295,1983-03-24,8.51
7296,1983-03-25,8.65
7297,1983-03-28,8.65
7298,1983-03-29,8.63
7299,1983-03-30,8.63
7300,1983-03-31,8.64
7301,1983-04-04,8.64
7302,1983-04-05,8.51
7303,1983-04-06,8.4
7304,1983-04-07,8.36
7305,1983-04-08,8.33
7306,1983-04-11,8.17
7307,1983-04-12,8.2
7308,1983-04-13,8.18
7309,1983-04-14,8.12
7310,1983-04-15,8.14
7311,1983-04-18,8.07
7312,1983-04-19,8.16
7313,1983-04-20,8.1
7314,1983-04-21,8.14
7315,1983-04-22,8.15
7316,1983-04-25,8.15
7317,1983-04-26,8.14
7318,1983-04-27,8.1
7319,1983-04-28,8.1
7320,1983-04-29,8.08
7321,1983-05-02,8.05
7322,1983-05-03,8.04
7323,1983-05-04,8.01
7324,1983-05-05,8.06
7325,1983-05-06,7.98
7326,1983-05-09,8.13
7327,1983-05-10,8.0
7328,1983-05-11,7.96
7329,1983-05-12,8.05
7330,1983-05-13,8.02
7331,1983-05-16,8.15
7332,1983-05-17,8.13
7333,1983-05-18,8.11
7334,1983-05-19,8.14
7335,1983-05-20,8.18
7336,1983-05-23,8.42
7337,1983-05-24,8.47
7338,1983-05-25,8.49
7339,1983-05-26,8.53
7340,1983-05-27,8.48
7341,1983-05-31,8.63
7342,1983-06-01,8.58
7343,1983-06-02,8.5
7344,1983-06-03,8.55
7345,1983-06-06,8.64
7346,1983-06-07,8.82
7347,1983-06-08,8.83
7348,1983-06-09,8.74
7349,1983-06-10,8.78
7350,1983-06-13,8.7
7351,1983-06-14,8.73
7352,1983-06-15,8.72
7353,1983-06-16,8.65
7354,1983-06-17,8.69
7355,1983-06-20,8.96
7356,1983-06-21,8.95
7357,1983-06-22,8.97
7358,1983-06-23,8.93
7359,1983-06-24,9.04
7360,1983-06-27,9.03
7361,1983-06-28,8.98
7362,1983-06-29,8.85
7363,1983-06-30,8.79
7364,1983-07-01,8.73
7365,1983-07-05,9.02
7366,1983-07-06,9.02
7367,1983-07-07,9.1
7368,1983-07-08,9.12
7369,1983-07-11,9.04
7370,1983-07-12,9.14
7371,1983-07-13,9.1
7372,1983-07-14,9.08
7373,1983-07-15,9.14
7374,1983-07-18,9.11
7375,1983-07-19,9.14
7376,1983-07-20,9.07
7377,1983-07-21,9.07
7378,1983-07-22,9.09
7379,1983-07-25,9.07
7380,1983-07-26,9.11
7381,1983-07-27,9.07
7382,1983-07-28,9.17
7383,1983-07-29,9.22
7384,1983-08-01,9.27
7385,1983-08-02,9.49
7386,1983-08-03,9.39
7387,1983-08-04,9.43
7388,1983-08-05,9.45
7389,1983-08-08,9.5
7390,1983-08-09,9.53
7391,1983-08-10,9.56
7392,1983-08-11,9.52
7393,1983-08-12,9.49
7394,1983-08-15,9.4
7395,1983-08-16,9.4
7396,1983-08-17,9.32
7397,1983-08-18,9.3
7398,1983-08-19,9.31
7399,1983-08-22,9.16
7400,1983-08-23,9.19
7401,1983-08-24,9.12
7402,1983-08-25,9.1
7403,1983-08-26,9.16
7404,1983-08-29,9.25
7405,1983-08-30,9.3
7406,1983-08-31,9.26
7407,1983-09-01,9.22
7408,1983-09-02,9.27
7409,1983-09-06,9.18
7410,1983-09-07,9.1
7411,1983-09-08,9.11
7412,1983-09-09,9.13
7413,1983-09-12,9.05
7414,1983-09-13,9.08
7415,1983-09-14,9.11
7416,1983-09-15,9.1
7417,1983-09-16,9.07
7418,1983-09-19,8.99
7419,1983-09-20,8.97
7420,1983-09-21,8.95
7421,1983-09-22,8.93
7422,1983-09-23,8.88
7423,1983-09-26,8.73
7424,1983-09-27,8.73
7425,1983-09-28,8.78
7426,1983-09-29,8.81
7427,1983-09-30,8.71
7428,1983-10-03,8.74
7429,1983-10-04,8.65
7430,1983-10-05,8.54
7431,1983-10-06,8.56
7432,1983-10-07,8.6
7433,1983-10-11,8.81
7434,1983-10-12,8.78
7435,1983-10-13,8.81
7436,1983-10-14,8.77
7437,1983-10-17,8.55
7438,1983-10-18,8.52
7439,1983-10-19,8.5
7440,1983-10-20,8.54
7441,1983-10-21,8.54
7442,1983-10-24,8.68
7443,1983-10-25,8.66
7444,1983-10-26,8.66
7445,1983-10-27,8.65
7446,1983-10-28,8.63
7447,1983-10-31,8.51
7448,1983-11-01,8.47
7449,1983-11-02,8.49
7450,1983-11-03,8.64
7451,1983-11-04,8.81
7452,1983-11-07,8.77
7453,1983-11-09,8.78
7454,1983-11-10,8.76
7455,1983-11-14,8.77
7456,1983-11-15,8.78
7457,1983-11-16,8.8
7458,1983-11-17,8.84
7459,1983-11-18,8.85
7460,1983-11-21,8.78
7461,1983-11-22,8.77
7462,1983-11-23,8.81
7463,1983-11-25,8.78
7464,1983-11-28,8.87
7465,1983-11-29,8.87
7466,1983-11-30,8.88
7467,1983-12-01,8.87
7468,1983-12-02,8.93
7469,1983-12-05,8.93
7470,1983-12-06,8.94
7471,1983-12-07,8.95
7472,1983-12-08,9.02
7473,1983-12-09,9.0
7474,1983-12-12,8.96
7475,1983-12-13,9.09
7476,1983-12-14,9.12
7477,1983-12-15,9.17
7478,1983-12-16,9.11
7479,1983-12-19,9.09
7480,1983-12-20,9.04
7481,1983-12-21,9.0
7482,1983-12-22,8.89
7483,1983-12-23,8.96
7484,1983-12-27,8.92
7485,1983-12-28,8.98
7486,1983-12-29,8.98
7487,1983-12-30,8.97
7488,1984-01-03,9.0
7489,1984-01-04,8.98
7490,1984-01-05,8.93
7491,1984-01-06,8.87
7492,1984-01-09,8.9
7493,1984-01-10,8.9
7494,1984-01-11,8.93
7495,1984-01-12,8.92
7496,1984-01-13,8.74
7497,1984-01-16,8.78
7498,1984-01-17,8.83
7499,1984-01-18,8.91
7500,1984-01-19,8.9
7501,1984-01-20,8.97
7502,1984-01-23,8.94
7503,1984-01-24,8.92
7504,1984-01-25,8.93
7505,1984-01-26,8.93
7506,1984-01-27,8.91
7507,1984-01-30,8.89
7508,1984-01-31,8.89
7509,1984-02-01,8.89
7510,1984-02-02,8.91
7511,1984-02-03,8.96
7512,1984-02-06,9.09
7513,1984-02-07,9.06
7514,1984-02-08,9.06
7515,1984-02-09,9.03
7516,1984-02-10,9.06
7517,1984-02-14,9.07
7518,1984-02-15,9.06
7519,1984-02-16,9.07
7520,1984-02-17,9.17
7521,1984-02-21,9.13
7522,1984-02-22,9.13
7523,1984-02-23,9.26
7524,1984-02-24,9.18
7525,1984-02-27,9.19
7526,1984-02-28,9.21
7527,1984-02-29,9.14
7528,1984-03-01,9.19
7529,1984-03-02,9.16
7530,1984-03-05,9.2
7531,1984-03-06,9.23
7532,1984-03-07,9.31
7533,1984-03-08,9.34
7534,1984-03-09,9.35
7535,1984-03-12,9.34
7536,1984-03-13,9.38
7537,1984-03-14,9.46
7538,1984-03-15,9.48
7539,1984-03-16,9.5
7540,1984-03-19,9.64
7541,1984-03-20,9.8
7542,1984-03-21,9.81
7543,1984-03-22,9.79
7544,1984-03-23,9.77
7545,1984-03-26,9.73
7546,1984-03-27,9.78
7547,1984-03-28,9.71
7548,1984-03-29,9.68
7549,1984-03-30,9.72
7550,1984-04-02,9.68
7551,1984-04-03,9.78
7552,1984-04-04,9.79
7553,1984-04-05,9.79
7554,1984-04-06,9.68
7555,1984-04-09,9.59
7556,1984-04-10,9.63
7557,1984-04-11,9.63
7558,1984-04-12,9.64
7559,1984-04-13,9.74
7560,1984-04-16,9.79
7561,1984-04-17,9.76
7562,1984-04-18,9.75
7563,1984-04-19,9.73
7564,1984-04-23,9.65
7565,1984-04-24,9.65
7566,1984-04-25,9.63
7567,1984-04-26,9.54
7568,1984-04-27,9.71
7569,1984-04-30,9.72
7570,1984-05-01,9.7
7571,1984-05-02,9.68
7572,1984-05-03,9.67
7573,1984-05-04,9.87
7574,1984-05-07,9.93
7575,1984-05-08,10.04
7576,1984-05-09,10.0
7577,1984-05-10,9.86
7578,1984-05-11,10.01
7579,1984-05-14,9.97
7580,1984-05-15,10.11
7581,1984-05-16,9.75
7582,1984-05-17,9.78
7583,1984-05-18,9.81
7584,1984-05-21,9.7
7585,1984-05-22,10.04
7586,1984-05-23,9.91
7587,1984-05-24,9.71
7588,1984-05-25,9.58
7589,1984-05-29,9.72
7590,1984-05-30,9.76
7591,1984-05-31,9.75
7592,1984-06-01,9.8
7593,1984-06-04,9.85
7594,1984-06-05,9.75
7595,1984-06-06,9.76
7596,1984-06-07,9.84
7597,1984-06-08,9.87
7598,1984-06-11,10.03
7599,1984-06-12,10.07
7600,1984-06-13,9.89
7601,1984-06-14,9.88
7602,1984-06-15,9.88
7603,1984-06-18,9.96
7604,1984-06-19,9.91
7605,1984-06-20,9.91
7606,1984-06-21,9.93
7607,1984-06-22,9.84
7608,1984-06-25,9.75
7609,1984-06-26,9.8
7610,1984-06-27,9.75
7611,1984-06-28,9.84
7612,1984-06-29,9.92
7613,1984-07-02,9.74
7614,1984-07-03,9.98
7615,1984-07-05,9.96
7616,1984-07-06,10.0
7617,1984-07-09,10.0
7618,1984-07-10,10.09
7619,1984-07-11,10.1
7620,1984-07-12,10.03
7621,1984-07-13,9.96
7622,1984-07-16,10.0
7623,1984-07-17,10.18
7624,1984-07-18,10.11
7625,1984-07-19,10.12
7626,1984-07-20,10.15
7627,1984-07-23,10.21
7628,1984-07-24,10.27
7629,1984-07-25,10.26
7630,1984-07-26,10.24
7631,1984-07-27,10.28
7632,1984-07-30,10.34
7633,1984-07-31,10.4
7634,1984-08-01,10.43
7635,1984-08-02,10.46
7636,1984-08-03,10.46
7637,1984-08-06,10.54
7638,1984-08-07,10.53
7639,1984-08-08,10.47
7640,1984-08-09,10.41
7641,1984-08-10,10.43
7642,1984-08-13,10.45
7643,1984-08-14,10.3
7644,1984-08-15,10.2
7645,1984-08-16,10.26
7646,1984-08-17,10.33
7647,1984-08-20,10.44
7648,1984-08-21,10.42
7649,1984-08-22,10.41
7650,1984-08-23,10.45
7651,1984-08-24,10.48
7652,1984-08-27,10.67
7653,1984-08-28,10.65
7654,1984-08-29,10.66
7655,1984-08-30,10.65
7656,1984-08-31,10.63
7657,1984-09-04,10.67
7658,1984-09-05,10.63
7659,1984-09-06,10.6
7660,1984-09-07,10.55
7661,1984-09-10,10.42
7662,1984-09-11,10.39
7663,1984-09-12,10.4
7664,1984-09-13,10.33
7665,1984-09-14,10.37
7666,1984-09-17,10.38
7667,1984-09-18,10.32
7668,1984-09-19,10.27
7669,1984-09-20,10.24
7670,1984-09-21,10.25
7671,1984-09-24,10.3
7672,1984-09-25,10.29
7673,1984-09-26,10.22
7674,1984-09-27,10.16
7675,1984-09-28,10.22
7676,1984-10-01,10.23
7677,1984-10-02,10.25
7678,1984-10-03,10.18
7679,1984-10-04,10.15
7680,1984-10-05,10.14
7681,1984-10-09,10.09
7682,1984-10-10,10.07
7683,1984-10-11,9.96
7684,1984-10-12,9.9
7685,1984-10-15,9.98
7686,1984-10-16,9.95
7687,1984-10-17,9.87
7688,1984-10-18,9.71
7689,1984-10-19,9.56
7690,1984-10-22,9.55
7691,1984-10-23,9.45
7692,1984-10-24,9.16
7693,1984-10-25,9.17
7694,1984-10-26,9.34
7695,1984-10-29,9.29
7696,1984-10-30,9.19
7697,1984-10-31,9.01
7698,1984-11-01,9.01
7699,1984-11-02,9.0
7700,1984-11-05,8.67
7701,1984-11-07,8.55
7702,1984-11-08,8.75
7703,1984-11-09,8.64
7704,1984-11-13,8.71
7705,1984-11-14,8.76
7706,1984-11-15,8.66
7707,1984-11-16,8.59
7708,1984-11-19,8.59
7709,1984-11-20,8.62
7710,1984-11-21,8.54
7711,1984-11-23,8.44
7712,1984-11-26,8.48
7713,1984-11-27,8.38
7714,1984-11-28,8.38
7715,1984-11-29,8.35
7716,1984-11-30,8.44
7717,1984-12-03,8.41
7718,1984-12-04,8.49
7719,1984-12-05,8.47
7720,1984-12-06,8.48
7721,1984-12-07,8.35
7722,1984-12-10,8.34
7723,1984-12-11,8.35
7724,1984-12-12,8.27
7725,1984-12-13,8.29
7726,1984-12-14,8.11
7727,1984-12-17,7.96
7728,1984-12-18,7.81
7729,1984-12-19,7.71
7730,1984-12-20,7.8
7731,1984-12-21,7.77
7732,1984-12-24,7.64
7733,1984-12-26,7.63
7734,1984-12-27,7.67
7735,1984-12-28,7.74
7736,1984-12-31,7.85
7737,1985-01-02,7.83
7738,1985-01-03,7.8
7739,1985-01-04,7.82
7740,1985-01-07,7.78
7741,1985-01-08,7.79
7742,1985-01-09,7.69
7743,1985-01-10,7.74
7744,1985-01-11,7.76
7745,1985-01-14,7.7
7746,1985-01-15,7.73
7747,1985-01-16,7.74
7748,1985-01-17,7.74
7749,1985-01-18,7.74
7750,1985-01-22,7.7
7751,1985-01-23,7.64
7752,1985-01-24,7.62
7753,1985-01-25,7.64
7754,1985-01-28,7.72
7755,1985-01-29,7.82
7756,1985-01-30,7.83
7757,1985-01-31,8.05
7758,1985-02-01,8.19
7759,1985-02-04,8.18
7760,1985-02-05,8.14
7761,1985-02-06,8.12
7762,1985-02-07,8.17
7763,1985-02-08,8.23
7764,1985-02-11,8.21
7765,1985-02-13,8.24
7766,1985-02-14,8.19
7767,1985-02-15,8.19
7768,1985-02-19,8.17
7769,1985-02-20,8.24
7770,1985-02-21,8.43
7771,1985-02-22,8.39
7772,1985-02-25,8.38
7773,1985-02-26,8.35
7774,1985-02-27,8.45
7775,1985-02-28,8.5
7776,1985-03-01,8.66
7777,1985-03-04,8.7
7778,1985-03-05,8.68
7779,1985-03-06,8.69
7780,1985-03-07,8.8
7781,1985-03-08,8.58
7782,1985-03-11,8.47
7783,1985-03-12,8.54
7784,1985-03-13,8.6
7785,1985-03-14,8.72
7786,1985-03-15,8.41
7787,1985-03-18,8.51
7788,1985-03-19,8.55
7789,1985-03-20,8.53
7790,1985-03-21,8.44
7791,1985-03-22,8.51
7792,1985-03-25,8.42
7793,1985-03-26,8.34
7794,1985-03-27,8.33
7795,1985-03-28,8.19
7796,1985-03-29,8.18
7797,1985-04-01,8.15
7798,1985-04-02,8.22
7799,1985-04-03,8.16
7800,1985-04-04,8.13
7801,1985-04-08,8.12
7802,1985-04-09,8.09
7803,1985-04-10,8.1
7804,1985-04-11,8.04
7805,1985-04-12,8.05
7806,1985-04-15,8.07
7807,1985-04-16,7.93
7808,1985-04-17,7.79
7809,1985-04-18,7.71
7810,1985-04-19,7.79
7811,1985-04-22,7.67
7812,1985-04-23,7.78
7813,1985-04-24,7.75
7814,1985-04-25,7.83
7815,1985-04-26,7.81
7816,1985-04-29,7.84
7817,1985-04-30,7.85
7818,1985-05-01,7.75
7819,1985-05-02,7.76
7820,1985-05-03,7.72
7821,1985-05-06,7.73
7822,1985-05-07,7.76
7823,1985-05-08,7.82
7824,1985-05-09,7.74
7825,1985-05-10,7.73
7826,1985-05-13,7.71
7827,1985-05-14,7.6
7828,1985-05-15,7.43
7829,1985-05-16,7.37
7830,1985-05-17,7.4
7831,1985-05-20,7.26
7832,1985-05-21,7.3
7833,1985-05-22,7.29
7834,1985-05-23,7.24
7835,1985-05-24,7.18
7836,1985-05-28,7.2
7837,1985-05-29,7.24
7838,1985-05-30,7.18
7839,1985-05-31,7.14
7840,1985-06-03,7.02
7841,1985-06-04,6.96
7842,1985-06-05,6.92
7843,1985-06-06,6.98
7844,1985-06-07,7.15
7845,1985-06-10,7.23
7846,1985-06-11,7.15
7847,1985-06-12,7.09
7848,1985-06-13,6.97
7849,1985-06-14,6.7
7850,1985-06-17,6.77
7851,1985-06-18,6.66
7852,1985-06-19,6.74
7853,1985-06-20,6.83
7854,1985-06-21,7.04
7855,1985-06-24,7.06
7856,1985-06-25,7.09
7857,1985-06-26,6.99
7858,1985-06-27,6.9
7859,1985-06-28,6.83
7860,1985-07-01,6.87
7861,1985-07-02,6.95
7862,1985-07-03,7.02
7863,1985-07-05,6.77
7864,1985-07-08,6.92
7865,1985-07-09,6.96
7866,1985-07-10,6.94
7867,1985-07-11,7.05
7868,1985-07-12,7.09
7869,1985-07-15,7.04
7870,1985-07-16,7.0
7871,1985-07-17,6.99
7872,1985-07-18,7.15
7873,1985-07-19,7.16
7874,1985-07-22,7.24
7875,1985-07-23,7.26
7876,1985-07-24,7.24
7877,1985-07-25,7.17
7878,1985-07-26,7.19
7879,1985-07-29,7.25
7880,1985-07-30,7.28
7881,1985-07-31,7.28
7882,1985-08-01,7.27
7883,1985-08-02,7.31
7884,1985-08-05,7.27
7885,1985-08-06,7.26
7886,1985-08-07,7.18
7887,1985-08-08,7.17
7888,1985-08-09,7.16
7889,1985-08-12,7.1
7890,1985-08-13,7.14
7891,1985-08-14,7.09
7892,1985-08-15,7.19
7893,1985-08-16,7.11
7894,1985-08-19,7.13
7895,1985-08-20,7.12
7896,1985-08-21,7.04
7897,1985-08-22,7.03
7898,1985-08-23,7.04
7899,1985-08-26,7.07
7900,1985-08-27,7.05
7901,1985-08-28,7.06
7902,1985-08-29,7.04
7903,1985-08-30,7.14
7904,1985-09-03,7.11
7905,1985-09-04,7.05
7906,1985-09-05,7.13
7907,1985-09-06,7.26
7908,1985-09-09,7.25
7909,1985-09-10,7.23
7910,1985-09-11,7.24
7911,1985-09-12,7.24
7912,1985-09-13,7.21
7913,1985-09-16,7.18
7914,1985-09-17,7.2
7915,1985-09-18,7.11
7916,1985-09-19,7.09
7917,1985-09-20,7.01
7918,1985-09-23,6.89
7919,1985-09-24,6.84
7920,1985-09-25,6.87
7921,1985-09-26,6.94
7922,1985-09-30,7.04
7923,1985-10-01,7.03
7924,1985-10-02,7.02
7925,1985-10-03,6.98
7926,1985-10-04,6.99
7927,1985-10-07,7.08
7928,1985-10-08,7.16
7929,1985-10-09,7.19
7930,1985-10-10,7.22
7931,1985-10-11,7.19
7932,1985-10-15,7.21
7933,1985-10-16,7.21
7934,1985-10-17,7.19
7935,1985-10-18,7.2
7936,1985-10-21,7.21
7937,1985-10-22,7.16
7938,1985-10-23,7.22
7939,1985-10-24,7.25
7940,1985-10-25,7.24
7941,1985-10-28,7.21
7942,1985-10-29,7.21
7943,1985-10-30,7.19
7944,1985-10-31,7.19
7945,1985-11-01,7.2
7946,1985-11-04,7.23
7947,1985-11-05,7.24
7948,1985-11-06,7.25
7949,1985-11-07,7.3
7950,1985-11-08,7.23
7951,1985-11-12,7.22
7952,1985-11-13,7.28
7953,1985-11-14,7.32
7954,1985-11-15,7.35
7955,1985-11-18,7.24
7956,1985-11-19,7.21
7957,1985-11-20,7.25
7958,1985-11-21,7.23
7959,1985-11-22,7.23
7960,1985-11-25,7.19
7961,1985-11-26,7.2
7962,1985-11-27,7.18
7963,1985-11-29,7.16
7964,1985-12-02,7.26
7965,1985-12-03,7.23
7966,1985-12-04,7.22
7967,1985-12-05,7.26
7968,1985-12-06,7.25
7969,1985-12-09,7.2
7970,1985-12-10,7.17
7971,1985-12-11,7.05
7972,1985-12-12,7.08
7973,1985-12-13,6.98
7974,1985-12-16,7.03
7975,1985-12-17,7.0
7976,1985-12-18,7.13
7977,1985-12-19,7.1
7978,1985-12-20,7.05
7979,1985-12-23,7.07
7980,1985-12-24,7.05
7981,1985-12-26,7.01
7982,1985-12-27,6.96
7983,1985-12-30,6.94
7984,1985-12-31,7.05
7985,1986-01-02,7.1
7986,1986-01-03,7.07
7987,1986-01-06,7.06
7988,1986-01-07,7.03
7989,1986-01-08,7.17
7990,1986-01-09,7.18
7991,1986-01-10,7.21
7992,1986-01-13,7.24
7993,1986-01-14,7.24
7994,1986-01-15,7.19
7995,1986-01-16,7.08
7996,1986-01-17,7.11
7997,1986-01-21,7.02
7998,1986-01-22,7.0
7999,1986-01-23,6.97
8000,1986-01-24,6.97
8001,1986-01-27,6.95
8002,1986-01-28,6.92
8003,1986-01-29,7.03
8004,1986-01-30,7.04
8005,1986-01-31,6.97
8006,1986-02-03,7.0
8007,1986-02-04,6.98
8008,1986-02-05,7.01
8009,1986-02-06,7.1
8010,1986-02-07,7.21
8011,1986-02-10,7.2
8012,1986-02-11,7.11
8013,1986-02-12,7.11
8014,1986-02-13,7.1
8015,1986-02-14,7.02
8016,1986-02-18,7.02
8017,1986-02-19,7.08
8018,1986-02-20,7.11
8019,1986-02-21,6.98
8020,1986-02-24,7.02
8021,1986-02-25,7.05
8022,1986-02-26,7.07
8023,1986-02-27,7.03
8024,1986-02-28,7.02
8025,1986-03-03,6.97
8026,1986-03-04,6.84
8027,1986-03-05,6.85
8028,1986-03-06,6.69
8029,1986-03-07,6.61
8030,1986-03-10,6.61
8031,1986-03-11,6.57
8032,1986-03-12,6.62
8033,1986-03-13,6.59
8034,1986-03-14,6.54
8035,1986-03-17,6.56
8036,1986-03-18,6.54
8037,1986-03-19,6.49
8038,1986-03-20,6.44
8039,1986-03-21,6.41
8040,1986-03-24,6.41
8041,1986-03-25,6.38
8042,1986-03-26,6.41
8043,1986-03-27,6.34
8044,1986-03-31,6.34
8045,1986-04-01,6.33
8046,1986-04-02,6.34
8047,1986-04-03,6.33
8048,1986-04-04,6.23
8049,1986-04-07,6.24
8050,1986-04-08,6.13
8051,1986-04-09,6.01
8052,1986-04-10,6.02
8053,1986-04-11,5.96
8054,1986-04-14,5.91
8055,1986-04-15,5.81
8056,1986-04-16,5.77
8057,1986-04-17,5.84
8058,1986-04-18,5.87
8059,1986-04-21,5.87
8060,1986-04-22,5.95
8061,1986-04-23,6.09
8062,1986-04-24,6.11
8063,1986-04-25,6.14
8064,1986-04-28,6.1
8065,1986-04-29,6.09
8066,1986-04-30,6.1
8067,1986-05-01,6.11
8068,1986-05-02,6.15
8069,1986-05-05,6.06
8070,1986-05-06,6.05
8071,1986-05-07,6.04
8072,1986-05-08,6.04
8073,1986-05-09,6.05
8074,1986-05-12,6.13
8075,1986-05-13,6.09
8076,1986-05-14,6.09
8077,1986-05-15,6.17
8078,1986-05-16,6.21
8079,1986-05-19,6.2
8080,1986-05-20,6.23
8081,1986-05-21,6.2
8082,1986-05-22,6.2
8083,1986-05-23,6.18
8084,1986-05-27,6.16
8085,1986-05-28,6.19
8086,1986-05-29,6.3
8087,1986-05-30,6.3
8088,1986-06-02,6.36
8089,1986-06-03,6.41
8090,1986-06-04,6.52
8091,1986-06-05,6.51
8092,1986-06-06,6.32
8093,1986-06-09,6.36
8094,1986-06-10,6.28
8095,1986-06-11,6.34
8096,1986-06-12,6.28
8097,1986-06-13,6.17
8098,1986-06-16,6.12
8099,1986-06-17,6.09
8100,1986-06-18,6.09
8101,1986-06-19,6.11
8102,1986-06-20,6.1
8103,1986-06-23,6.11
8104,1986-06-24,6.08
8105,1986-06-25,6.08
8106,1986-06-26,6.08
8107,1986-06-27,6.02
8108,1986-06-30,5.96
8109,1986-07-01,5.99
8110,1986-07-02,6.0
8111,1986-07-03,5.91
8112,1986-07-07,5.87
8113,1986-07-08,5.94
8114,1986-07-09,5.88
8115,1986-07-10,5.85
8116,1986-07-11,5.75
8117,1986-07-14,5.77
8118,1986-07-15,5.77
8119,1986-07-16,5.77
8120,1986-07-17,5.75
8121,1986-07-18,5.71
8122,1986-07-21,5.72
8123,1986-07-22,5.73
8124,1986-07-23,5.81
8125,1986-07-24,5.81
8126,1986-07-25,5.81
8127,1986-07-28,5.89
8128,1986-07-29,5.86
8129,1986-07-30,5.85
8130,1986-07-31,5.79
8131,1986-08-01,5.77
8132,1986-08-04,5.71
8133,1986-08-05,5.71
8134,1986-08-06,5.72
8135,1986-08-07,5.72
8136,1986-08-08,5.7
8137,1986-08-11,5.67
8138,1986-08-12,5.61
8139,1986-08-13,5.57
8140,1986-08-14,5.59
8141,1986-08-15,5.56
8142,1986-08-18,5.61
8143,1986-08-19,5.56
8144,1986-08-20,5.5
8145,1986-08-21,5.37
8146,1986-08-22,5.36
8147,1986-08-25,5.27
8148,1986-08-26,5.29
8149,1986-08-27,5.32
8150,1986-08-28,5.29
8151,1986-08-29,5.17
8152,1986-09-02,5.19
8153,1986-09-03,5.24
8154,1986-09-04,5.19
8155,1986-09-05,5.23
8156,1986-09-08,5.24
8157,1986-09-09,5.2
8158,1986-09-10,5.16
8159,1986-09-11,5.21
8160,1986-09-12,5.17
8161,1986-09-15,5.17
8162,1986-09-16,5.13
8163,1986-09-17,5.12
8164,1986-09-18,5.23
8165,1986-09-19,5.25
8166,1986-09-22,5.25
8167,1986-09-23,5.25
8168,1986-09-24,5.24
8169,1986-09-25,5.23
8170,1986-09-26,5.24
8171,1986-09-29,5.26
8172,1986-09-30,5.2
8173,1986-10-01,5.19
8174,1986-10-02,5.19
8175,1986-10-03,5.09
8176,1986-10-06,5.05
8177,1986-10-07,5.06
8178,1986-10-08,5.04
8179,1986-10-09,5.06
8180,1986-10-10,5.06
8181,1986-10-14,5.14
8182,1986-10-15,5.18
8183,1986-10-16,5.2
8184,1986-10-17,5.27
8185,1986-10-20,5.31
8186,1986-10-21,5.31
8187,1986-10-22,5.3
8188,1986-10-23,5.26
8189,1986-10-24,5.27
8190,1986-10-27,5.19
8191,1986-10-28,5.2
8192,1986-10-29,5.2
8193,1986-10-30,5.18
8194,1986-10-31,5.2
8195,1986-11-03,5.21
8196,1986-11-04,5.25
8197,1986-11-05,5.26
8198,1986-11-06,5.26
8199,1986-11-07,5.32
8200,1986-11-10,5.42
8201,1986-11-12,5.4
8202,1986-11-13,5.4
8203,1986-11-14,5.4
8204,1986-11-17,5.4
8205,1986-11-18,5.35
8206,1986-11-19,5.33
8207,1986-11-20,5.38
8208,1986-11-21,5.36
8209,1986-11-24,5.38
8210,1986-11-25,5.39
8211,1986-11-26,5.39
8212,1986-11-28,5.39
8213,1986-12-01,5.42
8214,1986-12-02,5.41
8215,1986-12-03,5.41
8216,1986-12-04,5.4
8217,1986-12-05,5.44
8218,1986-12-08,5.51
8219,1986-12-09,5.48
8220,1986-12-10,5.49
8221,1986-12-11,5.49
8222,1986-12-12,5.49
8223,1986-12-15,5.5
8224,1986-12-16,5.58
8225,1986-12-17,5.64
8226,1986-12-18,5.6
8227,1986-12-19,5.51
8228,1986-12-22,5.53
8229,1986-12-23,5.55
8230,1986-12-24,5.57
8231,1986-12-26,5.57
8232,1986-12-29,5.67
8233,1986-12-30,5.69
8234,1986-12-31,5.67
8235,1987-01-02,5.55
8236,1987-01-05,5.55
8237,1987-01-06,5.51
8238,1987-01-07,5.43
8239,1987-01-08,5.43
8240,1987-01-09,5.38
8241,1987-01-12,5.37
8242,1987-01-13,5.36
8243,1987-01-14,5.35
8244,1987-01-15,5.36
8245,1987-01-16,5.33
8246,1987-01-20,5.3
8247,1987-01-21,5.31
8248,1987-01-22,5.38
8249,1987-01-23,5.4
8250,1987-01-26,5.49
8251,1987-01-27,5.49
8252,1987-01-28,5.47
8253,1987-01-29,5.48
8254,1987-01-30,5.6
8255,1987-02-02,5.61
8256,1987-02-03,5.59
8257,1987-02-04,5.63
8258,1987-02-05,5.59
8259,1987-02-06,5.66
8260,1987-02-09,5.72
8261,1987-02-10,5.82
8262,1987-02-11,5.86
8263,1987-02-12,5.72
8264,1987-02-13,5.65
8265,1987-02-17,5.72
8266,1987-02-18,5.6
8267,1987-02-19,5.45
8268,1987-02-20,5.43
8269,1987-02-23,5.44
8270,1987-02-24,5.44
8271,1987-02-25,5.45
8272,1987-02-26,5.45
8273,1987-02-27,5.45
8274,1987-03-02,5.48
8275,1987-03-03,5.54
8276,1987-03-04,5.51
8277,1987-03-05,5.52
8278,1987-03-06,5.64
8279,1987-03-09,5.64
8280,1987-03-10,5.68
8281,1987-03-11,5.69
8282,1987-03-12,5.67
8283,1987-03-13,5.62
8284,1987-03-16,5.65
8285,1987-03-17,5.57
8286,1987-03-18,5.52
8287,1987-03-19,5.5
8288,1987-03-20,5.52
8289,1987-03-23,5.62
8290,1987-03-24,5.61
8291,1987-03-25,5.57
8292,1987-03-26,5.57
8293,1987-03-27,5.63
8294,1987-03-30,5.66
8295,1987-03-31,5.61
8296,1987-04-01,5.54
8297,1987-04-02,5.51
8298,1987-04-03,5.5
8299,1987-04-06,5.47
8300,1987-04-07,5.51
8301,1987-04-08,5.5
8302,1987-04-09,5.75
8303,1987-04-10,5.85
8304,1987-04-13,6.02
8305,1987-04-14,5.92
8306,1987-04-15,5.68
8307,1987-04-16,5.56
8308,1987-04-20,5.54
8309,1987-04-21,5.5
8310,1987-04-22,5.42
8311,1987-04-23,5.49
8312,1987-04-24,5.76
8313,1987-04-27,5.78
8314,1987-04-28,5.82
8315,1987-04-29,5.71
8316,1987-04-30,5.53
8317,1987-05-01,5.6
8318,1987-05-04,5.67
8319,1987-05-05,5.81
8320,1987-05-06,5.5
8321,1987-05-07,5.53
8322,1987-05-08,5.53
8323,1987-05-11,5.65
8324,1987-05-12,5.6
8325,1987-05-13,5.53
8326,1987-05-14,5.73
8327,1987-05-15,5.95
8328,1987-05-18,5.87
8329,1987-05-19,5.78
8330,1987-05-20,5.69
8331,1987-05-21,5.53
8332,1987-05-22,5.55
8333,1987-05-26,5.61
8334,1987-05-27,5.76
8335,1987-05-28,5.63
8336,1987-05-29,5.68
8337,1987-06-01,5.7
8338,1987-06-02,5.76
8339,1987-06-03,5.69
8340,1987-06-04,5.66
8341,1987-06-05,5.68
8342,1987-06-08,5.66
8343,1987-06-09,5.51
8344,1987-06-10,5.48
8345,1987-06-11,5.54
8346,1987-06-12,5.55
8347,1987-06-15,5.65
8348,1987-06-16,5.63
8349,1987-06-17,5.65
8350,1987-06-18,5.65
8351,1987-06-19,5.66
8352,1987-06-22,5.66
8353,1987-06-23,5.72
8354,1987-06-24,5.83
8355,1987-06-25,5.84
8356,1987-06-26,5.78
8357,1987-06-29,5.67
8358,1987-06-30,5.73
8359,1987-07-01,5.64
8360,1987-07-02,5.66
8361,1987-07-06,5.67
8362,1987-07-07,5.6
8363,1987-07-08,5.57
8364,1987-07-09,5.61
8365,1987-07-10,5.59
8366,1987-07-13,5.61
8367,1987-07-14,5.55
8368,1987-07-15,5.58
8369,1987-07-16,5.58
8370,1987-07-17,5.56
8371,1987-07-20,5.55
8372,1987-07-21,5.69
8373,1987-07-22,5.66
8374,1987-07-23,5.67
8375,1987-07-24,5.75
8376,1987-07-27,5.81
8377,1987-07-28,5.86
8378,1987-07-29,5.88
8379,1987-07-30,6.07
8380,1987-07-31,6.07
8381,1987-08-03,6.05
8382,1987-08-04,5.85
8383,1987-08-05,5.85
8384,1987-08-06,5.74
8385,1987-08-07,5.85
8386,1987-08-10,5.91
8387,1987-08-11,5.94
8388,1987-08-12,5.95
8389,1987-08-13,5.96
8390,1987-08-14,5.96
8391,1987-08-17,5.98
8392,1987-08-18,6.02
8393,1987-08-19,6.04
8394,1987-08-20,6.11
8395,1987-08-21,6.1
8396,1987-08-24,6.17
8397,1987-08-25,6.18
8398,1987-08-26,6.25
8399,1987-08-27,6.29
8400,1987-08-28,6.31
8401,1987-08-31,6.25
8402,1987-09-01,6.12
8403,1987-09-02,6.09
8404,1987-09-03,6.19
8405,1987-09-04,6.38
8406,1987-09-08,6.44
8407,1987-09-09,6.43
8408,1987-09-10,6.33
8409,1987-09-11,6.35
8410,1987-09-14,6.34
8411,1987-09-15,6.34
8412,1987-09-16,6.34
8413,1987-09-17,6.38
8414,1987-09-18,6.42
8415,1987-09-21,6.51
8416,1987-09-22,6.49
8417,1987-09-23,6.47
8418,1987-09-24,6.41
8419,1987-09-25,6.5
8420,1987-09-28,6.53
8421,1987-09-29,6.69
8422,1987-09-30,6.61
8423,1987-10-01,6.63
8424,1987-10-02,6.66
8425,1987-10-05,6.68
8426,1987-10-06,6.55
8427,1987-10-07,6.56
8428,1987-10-08,6.69
8429,1987-10-09,6.75
8430,1987-10-13,6.74
8431,1987-10-14,7.19
8432,1987-10-15,7.07
8433,1987-10-16,6.93
8434,1987-10-19,6.39
8435,1987-10-20,5.86
8436,1987-10-21,5.6
8437,1987-10-22,5.36
8438,1987-10-23,5.29
8439,1987-10-26,5.22
8440,1987-10-27,5.23
8441,1987-10-28,5.1
8442,1987-10-29,5.03
8443,1987-10-30,5.27
8444,1987-11-02,5.62
8445,1987-11-03,5.63
8446,1987-11-04,5.54
8447,1987-11-05,5.58
8448,1987-11-06,5.73
8449,1987-11-09,5.7
8450,1987-11-10,5.67
8451,1987-11-12,5.83
8452,1987-11-13,5.91
8453,1987-11-16,5.87
8454,1987-11-17,5.88
8455,1987-11-18,5.77
8456,1987-11-19,5.66
8457,1987-11-20,5.72
8458,1987-11-23,5.78
8459,1987-11-24,5.77
8460,1987-11-25,5.7
8461,1987-11-27,5.63
8462,1987-11-30,5.21
8463,1987-12-01,5.55
8464,1987-12-02,5.49
8465,1987-12-03,5.36
8466,1987-12-04,5.43
8467,1987-12-07,5.82
8468,1987-12-08,5.86
8469,1987-12-09,5.83
8470,1987-12-10,5.92
8471,1987-12-11,5.86
8472,1987-12-14,5.85
8473,1987-12-15,5.93
8474,1987-12-16,5.94
8475,1987-12-17,5.93
8476,1987-12-18,5.87
8477,1987-12-21,5.87
8478,1987-12-22,5.93
8479,1987-12-23,5.78
8480,1987-12-24,5.74
8481,1987-12-28,5.7
8482,1987-12-29,5.84
8483,1987-12-30,5.71
8484,1987-12-31,5.68
8485,1988-01-04,5.88
8486,1988-01-05,5.93
8487,1988-01-06,5.84
8488,1988-01-07,5.78
8489,1988-01-08,5.87
8490,1988-01-11,5.69
8491,1988-01-12,5.81
8492,1988-01-13,5.79
8493,1988-01-14,5.88
8494,1988-01-15,5.88
8495,1988-01-19,5.96
8496,1988-01-20,5.81
8497,1988-01-21,5.82
8498,1988-01-22,5.81
8499,1988-01-25,5.83
8500,1988-01-26,5.82
8501,1988-01-27,5.74
8502,1988-01-28,5.68
8503,1988-01-29,5.64
8504,1988-02-01,5.66
8505,1988-02-02,5.71
8506,1988-02-03,5.71
8507,1988-02-04,5.65
8508,1988-02-05,5.64
8509,1988-02-08,5.64
8510,1988-02-09,5.6
8511,1988-02-10,5.61
8512,1988-02-11,5.63
8513,1988-02-12,5.75
8514,1988-02-16,5.75
8515,1988-02-17,5.74
8516,1988-02-18,5.69
8517,1988-02-19,5.68
8518,1988-02-22,5.66
8519,1988-02-23,5.63
8520,1988-02-24,5.62
8521,1988-02-25,5.63
8522,1988-02-26,5.59
8523,1988-02-29,5.62
8524,1988-03-01,5.62
8525,1988-03-02,5.61
8526,1988-03-03,5.6
8527,1988-03-04,5.71
8528,1988-03-07,5.72
8529,1988-03-08,5.74
8530,1988-03-09,5.73
8531,1988-03-10,5.75
8532,1988-03-11,5.73
8533,1988-03-14,5.7
8534,1988-03-15,5.61
8535,1988-03-16,5.61
8536,1988-03-17,5.6
8537,1988-03-18,5.66
8538,1988-03-21,5.74
8539,1988-03-22,5.78
8540,1988-03-23,5.83
8541,1988-03-24,5.79
8542,1988-03-25,5.7
8543,1988-03-28,5.74
8544,1988-03-29,5.74
8545,1988-03-30,5.75
8546,1988-03-31,5.71
8547,1988-04-04,5.85
8548,1988-04-05,6.0
8549,1988-04-06,6.05
8550,1988-04-07,6.05
8551,1988-04-08,6.02
8552,1988-04-11,6.04
8553,1988-04-12,5.93
8554,1988-04-13,5.86
8555,1988-04-14,5.74
8556,1988-04-15,5.88
8557,1988-04-18,5.85
8558,1988-04-19,5.81
8559,1988-04-20,5.84
8560,1988-04-21,5.83
8561,1988-04-22,5.83
8562,1988-04-25,5.85
8563,1988-04-26,5.9
8564,1988-04-27,5.87
8565,1988-04-28,5.96
8566,1988-04-29,5.98
8567,1988-05-02,6.08
8568,1988-05-03,6.13
8569,1988-05-04,6.14
8570,1988-05-05,6.18
8571,1988-05-06,6.29
8572,1988-05-09,6.31
8573,1988-05-10,6.34
8574,1988-05-11,6.26
8575,1988-05-12,6.21
8576,1988-05-13,6.18
8577,1988-05-16,6.2
8578,1988-05-17,6.3
8579,1988-05-18,6.21
8580,1988-05-19,6.15
8581,1988-05-20,6.24
8582,1988-05-23,6.25
8583,1988-05-24,6.31
8584,1988-05-25,6.33
8585,1988-05-26,6.42
8586,1988-05-27,6.44
8587,1988-05-31,6.43
8588,1988-06-01,6.47
8589,1988-06-02,6.44
8590,1988-06-03,6.46
8591,1988-06-06,6.46
8592,1988-06-07,6.43
8593,1988-06-08,6.39
8594,1988-06-09,6.44
8595,1988-06-10,6.45
8596,1988-06-13,6.44
8597,1988-06-14,6.35
8598,1988-06-15,6.34
8599,1988-06-16,6.29
8600,1988-06-17,6.37
8601,1988-06-20,6.37
8602,1988-06-21,6.56
8603,1988-06-22,6.52
8604,1988-06-23,6.52
8605,1988-06-24,6.51
8606,1988-06-27,6.56
8607,1988-06-28,6.6
8608,1988-06-29,6.58
8609,1988-06-30,6.56
8610,1988-07-01,6.55
8611,1988-07-05,6.56
8612,1988-07-06,6.53
8613,1988-07-07,6.55
8614,1988-07-08,6.66
8615,1988-07-11,6.61
8616,1988-07-12,6.73
8617,1988-07-13,6.72
8618,1988-07-14,6.73
8619,1988-07-15,6.72
8620,1988-07-18,6.66
8621,1988-07-19,6.69
8622,1988-07-20,6.71
8623,1988-07-21,6.78
8624,1988-07-22,6.74
8625,1988-07-25,6.8
8626,1988-07-26,6.89
8627,1988-07-27,7.0
8628,1988-07-28,6.99
8629,1988-07-29,6.95
8630,1988-08-01,6.91
8631,1988-08-02,6.9
8632,1988-08-03,6.9
8633,1988-08-04,6.84
8634,1988-08-05,6.92
8635,1988-08-08,6.84
8636,1988-08-09,7.06
8637,1988-08-10,6.99
8638,1988-08-11,7.01
8639,1988-08-12,7.01
8640,1988-08-15,6.99
8641,1988-08-16,7.06
8642,1988-08-17,7.03
8643,1988-08-18,7.02
8644,1988-08-19,7.06
8645,1988-08-22,7.06
8646,1988-08-23,7.16
8647,1988-08-24,7.18
8648,1988-08-25,7.25
8649,1988-08-26,7.33
8650,1988-08-29,7.32
8651,1988-08-30,7.3
8652,1988-08-31,7.3
8653,1988-09-01,7.28
8654,1988-09-02,7.22
8655,1988-09-06,7.26
8656,1988-09-07,7.33
8657,1988-09-08,7.32
8658,1988-09-09,7.28
8659,1988-09-12,7.23
8660,1988-09-13,7.17
8661,1988-09-14,7.16
8662,1988-09-15,7.17
8663,1988-09-16,7.15
8664,1988-09-19,7.13
8665,1988-09-20,7.2
8666,1988-09-21,7.19
8667,1988-09-22,7.2
8668,1988-09-23,7.23
8669,1988-09-26,7.3
8670,1988-09-27,7.33
8671,1988-09-28,7.34
8672,1988-09-29,7.29
8673,1988-09-30,7.25
8674,1988-10-03,7.24
8675,1988-10-04,7.23
8676,1988-10-05,7.22
8677,1988-10-06,7.3
8678,1988-10-07,7.27
8679,1988-10-11,7.29
8680,1988-10-12,7.28
8681,1988-10-13,7.34
8682,1988-10-14,7.32
8683,1988-10-17,7.33
8684,1988-10-18,7.36
8685,1988-10-19,7.43
8686,1988-10-20,7.45
8687,1988-10-21,7.44
8688,1988-10-24,7.51
8689,1988-10-25,7.44
8690,1988-10-26,7.41
8691,1988-10-27,7.38
8692,1988-10-28,7.37
8693,1988-10-31,7.36
8694,1988-11-01,7.34
8695,1988-11-02,7.37
8696,1988-11-03,7.4
8697,1988-11-04,7.45
8698,1988-11-07,7.48
8699,1988-11-08,7.59
8700,1988-11-09,7.57
8701,1988-11-10,7.64
8702,1988-11-14,7.78
8703,1988-11-15,7.95
8704,1988-11-16,7.94
8705,1988-11-17,7.92
8706,1988-11-18,7.94
8707,1988-11-21,7.99
8708,1988-11-22,8.0
8709,1988-11-23,8.01
8710,1988-11-25,8.03
8711,1988-11-28,7.98
8712,1988-11-29,7.99
8713,1988-11-30,7.83
8714,1988-12-01,7.85
8715,1988-12-02,8.07
8716,1988-12-05,8.01
8717,1988-12-06,7.95
8718,1988-12-07,7.99
8719,1988-12-08,7.98
8720,1988-12-09,7.88
8721,1988-12-12,7.9
8722,1988-12-13,8.1
8723,1988-12-14,8.12
8724,1988-12-15,8.19
8725,1988-12-16,8.16
8726,1988-12-19,8.19
8727,1988-12-20,8.18
8728,1988-12-21,8.1
8729,1988-12-22,8.05
8730,1988-12-23,8.05
8731,1988-12-27,8.15
8732,1988-12-28,8.26
8733,1988-12-29,8.13
8734,1988-12-30,8.1
8735,1989-01-03,8.14
8736,1989-01-04,8.25
8737,1989-01-05,8.27
8738,1989-01-06,8.29
8739,1989-01-09,8.28
8740,1989-01-10,8.3
8741,1989-01-11,8.24
8742,1989-01-12,8.26
8743,1989-01-13,8.21
8744,1989-01-17,8.24
8745,1989-01-18,8.26
8746,1989-01-19,8.23
8747,1989-01-20,8.24
8748,1989-01-23,8.27
8749,1989-01-24,8.21
8750,1989-01-25,8.29
8751,1989-01-26,8.34
8752,1989-01-27,8.33
8753,1989-01-30,8.28
8754,1989-01-31,8.39
8755,1989-02-01,8.37
8756,1989-02-02,8.38
8757,1989-02-03,8.48
8758,1989-02-06,8.53
8759,1989-02-07,8.53
8760,1989-02-08,8.53
8761,1989-02-09,8.48
8762,1989-02-10,8.55
8763,1989-02-13,8.55
8764,1989-02-14,8.56
8765,1989-02-15,8.49
8766,1989-02-16,8.5
8767,1989-02-17,8.48
8768,1989-02-21,8.47
8769,1989-02-22,8.53
8770,1989-02-23,8.61
8771,1989-02-24,8.65
8772,1989-02-27,8.68
8773,1989-02-28,8.71
8774,1989-03-01,8.66
8775,1989-03-02,8.66
8776,1989-03-03,8.63
8777,1989-03-06,8.57
8778,1989-03-07,8.62
8779,1989-03-08,8.61
8780,1989-03-09,8.66
8781,1989-03-10,8.74
8782,1989-03-13,8.76
8783,1989-03-14,8.7
8784,1989-03-15,8.67
8785,1989-03-16,8.7
8786,1989-03-17,8.85
8787,1989-03-20,8.99
8788,1989-03-21,9.09
8789,1989-03-22,9.01
8790,1989-03-23,9.04
8791,1989-03-27,9.1
8792,1989-03-28,9.07
8793,1989-03-29,8.96
8794,1989-03-30,8.95
8795,1989-03-31,8.9
8796,1989-04-03,8.82
8797,1989-04-04,8.81
8798,1989-04-05,8.82
8799,1989-04-06,8.84
8800,1989-04-07,8.8
8801,1989-04-10,8.73
8802,1989-04-11,8.68
8803,1989-04-12,8.66
8804,1989-04-13,8.77
8805,1989-04-14,8.61
8806,1989-04-17,8.61
8807,1989-04-18,8.43
8808,1989-04-19,8.43
8809,1989-04-20,8.64
8810,1989-04-21,8.64
8811,1989-04-24,8.67
8812,1989-04-25,8.63
8813,1989-04-26,8.53
8814,1989-04-27,8.41
8815,1989-04-28,8.41
8816,1989-05-01,8.62
8817,1989-05-02,8.58
8818,1989-05-03,8.53
8819,1989-05-04,8.53
8820,1989-05-05,8.43
8821,1989-05-08,8.49
8822,1989-05-09,8.5
8823,1989-05-10,8.52
8824,1989-05-11,8.42
8825,1989-05-12,8.21
8826,1989-05-15,8.24
8827,1989-05-16,8.23
8828,1989-05-17,8.28
8829,1989-05-18,8.38
8830,1989-05-19,8.35
8831,1989-05-22,8.32
8832,1989-05-23,8.28
8833,1989-05-24,8.37
8834,1989-05-25,8.54
8835,1989-05-26,8.52
8836,1989-05-30,8.58
8837,1989-05-31,8.61
8838,1989-06-01,8.61
8839,1989-06-02,8.36
8840,1989-06-05,8.26
8841,1989-06-06,8.16
8842,1989-06-07,8.14
8843,1989-06-08,8.12
8844,1989-06-09,8.22
8845,1989-06-12,8.19
8846,1989-06-13,8.16
8847,1989-06-14,8.12
8848,1989-06-15,8.09
8849,1989-06-16,8.14
8850,1989-06-19,8.15
8851,1989-06-20,8.15
8852,1989-06-21,8.13
8853,1989-06-22,8.15
8854,1989-06-23,8.05
8855,1989-06-26,8.1
8856,1989-06-27,8.05
8857,1989-06-28,8.04
8858,1989-06-29,7.95
8859,1989-06-30,7.99
8860,1989-07-03,7.97
8861,1989-07-05,7.78
8862,1989-07-06,7.77
8863,1989-07-07,7.73
8864,1989-07-10,7.75
8865,1989-07-11,7.76
8866,1989-07-12,7.73
8867,1989-07-13,7.77
8868,1989-07-14,7.84
8869,1989-07-17,7.92
8870,1989-07-18,7.91
8871,1989-07-19,7.93
8872,1989-07-20,7.97
8873,1989-07-21,8.12
8874,1989-07-24,8.1
8875,1989-07-25,8.03
8876,1989-07-26,8.02
8877,1989-07-27,7.9
8878,1989-07-28,7.86
8879,1989-07-31,7.8
8880,1989-08-01,7.63
8881,1989-08-02,7.63
8882,1989-08-03,7.64
8883,1989-08-04,7.87
8884,1989-08-07,7.95
8885,1989-08-08,7.94
8886,1989-08-09,7.91
8887,1989-08-10,7.86
8888,1989-08-11,7.96
8889,1989-08-14,8.06
8890,1989-08-15,8.03
8891,1989-08-16,7.94
8892,1989-08-17,7.88
8893,1989-08-18,7.86
8894,1989-08-21,7.92
8895,1989-08-22,8.05
8896,1989-08-23,8.0
8897,1989-08-24,7.96
8898,1989-08-25,7.96
8899,1989-08-28,7.98
8900,1989-08-29,7.9
8901,1989-08-30,7.87
8902,1989-08-31,7.89
8903,1989-09-01,7.86
8904,1989-09-05,7.88
8905,1989-09-06,7.82
8906,1989-09-07,7.8
8907,1989-09-08,7.78
8908,1989-09-11,7.69
8909,1989-09-12,7.62
8910,1989-09-13,7.59
8911,1989-09-14,7.58
8912,1989-09-15,7.53
8913,1989-09-18,7.61
8914,1989-09-19,7.66
8915,1989-09-20,7.81
8916,1989-09-21,7.83
8917,1989-09-22,7.76
8918,1989-09-25,7.82
8919,1989-09-26,7.76
8920,1989-09-27,7.83
8921,1989-09-28,7.87
8922,1989-09-29,7.91
8923,1989-10-02,7.89
8924,1989-10-03,7.78
8925,1989-10-04,7.78
8926,1989-10-05,7.76
8927,1989-10-06,7.58
8928,1989-10-10,7.63
8929,1989-10-11,7.7
8930,1989-10-12,7.7
8931,1989-10-13,7.61
8932,1989-10-16,7.44
8933,1989-10-17,7.43
8934,1989-10-18,7.5
8935,1989-10-19,7.57
8936,1989-10-20,7.55
8937,1989-10-23,7.57
8938,1989-10-24,7.5
8939,1989-10-25,7.56
8940,1989-10-26,7.6
8941,1989-10-27,7.76
8942,1989-10-30,7.75
8943,1989-10-31,7.77
8944,1989-11-01,7.78
8945,1989-11-02,7.73
8946,1989-11-03,7.84
8947,1989-11-06,7.87
8948,1989-11-07,7.75
8949,1989-11-08,7.69
8950,1989-11-09,7.7
8951,1989-11-10,7.71
8952,1989-11-13,7.7
8953,1989-11-14,7.66
8954,1989-11-15,7.64
8955,1989-11-16,7.66
8956,1989-11-17,7.68
8957,1989-11-20,7.68
8958,1989-11-21,7.63
8959,1989-11-22,7.59
8960,1989-11-24,7.51
8961,1989-11-27,7.66
8962,1989-11-28,7.71
8963,1989-11-29,7.66
8964,1989-11-30,7.59
8965,1989-12-01,7.53
8966,1989-12-04,7.55
8967,1989-12-05,7.56
8968,1989-12-06,7.64
8969,1989-12-07,7.69
8970,1989-12-08,7.61
8971,1989-12-11,7.64
8972,1989-12-12,7.66
8973,1989-12-13,7.69
8974,1989-12-14,7.62
8975,1989-12-15,7.62
8976,1989-12-18,7.6
8977,1989-12-19,7.67
8978,1989-12-20,7.57
8979,1989-12-21,7.56
8980,1989-12-22,7.59
8981,1989-12-26,7.76
8982,1989-12-27,7.73
8983,1989-12-28,7.68
8984,1989-12-29,7.55
8985,1990-01-02,7.58
8986,1990-01-03,7.63
8987,1990-01-04,7.59
8988,1990-01-05,7.54
8989,1990-01-08,7.54
8990,1990-01-09,7.55
8991,1990-01-10,7.5
8992,1990-01-11,7.55
8993,1990-01-12,7.5
8994,1990-01-16,7.63
8995,1990-01-17,7.71
8996,1990-01-18,7.78
8997,1990-01-19,7.74
8998,1990-01-22,7.73
8999,1990-01-23,7.67
9000,1990-01-24,7.67
9001,1990-01-25,7.69
9002,1990-01-26,7.68
9003,1990-01-29,7.74
9004,1990-01-30,7.74
9005,1990-01-31,7.74
9006,1990-02-01,7.76
9007,1990-02-02,7.81
9008,1990-02-05,7.82
9009,1990-02-06,7.82
9010,1990-02-07,7.81
9011,1990-02-08,7.81
9012,1990-02-09,7.76
9013,1990-02-12,7.73
9014,1990-02-13,7.58
9015,1990-02-14,7.61
9016,1990-02-15,7.71
9017,1990-02-16,7.69
9018,1990-02-20,7.8
9019,1990-02-21,7.75
9020,1990-02-22,7.73
9021,1990-02-23,7.68
9022,1990-02-26,7.71
9023,1990-02-27,7.73
9024,1990-02-28,7.77
9025,1990-03-01,7.81
9026,1990-03-02,7.76
9027,1990-03-05,7.82
9028,1990-03-06,7.9
9029,1990-03-07,7.91
9030,1990-03-08,7.91
9031,1990-03-09,7.99
9032,1990-03-12,7.99
9033,1990-03-13,7.98
9034,1990-03-14,7.95
9035,1990-03-15,7.94
9036,1990-03-16,7.92
9037,1990-03-19,7.94
9038,1990-03-20,7.97
9039,1990-03-21,7.95
9040,1990-03-22,7.9
9041,1990-03-23,7.88
9042,1990-03-26,7.86
9043,1990-03-27,7.9
9044,1990-03-28,7.85
9045,1990-03-29,7.83
9046,1990-03-30,7.8
9047,1990-04-02,7.78
9048,1990-04-03,7.82
9049,1990-04-04,7.75
9050,1990-04-05,7.76
9051,1990-04-06,7.76
9052,1990-04-09,7.82
9053,1990-04-10,7.78
9054,1990-04-11,7.76
9055,1990-04-12,7.76
9056,1990-04-16,7.74
9057,1990-04-17,7.76
9058,1990-04-18,7.81
9059,1990-04-19,7.79
9060,1990-04-20,7.69
9061,1990-04-23,7.73
9062,1990-04-24,7.76
9063,1990-04-25,7.79
9064,1990-04-26,7.82
9065,1990-04-27,7.79
9066,1990-04-30,7.79
9067,1990-05-01,7.92
9068,1990-05-02,7.9
9069,1990-05-03,7.88
9070,1990-05-04,7.76
9071,1990-05-07,7.82
9072,1990-05-08,7.79
9073,1990-05-09,7.75
9074,1990-05-10,7.71
9075,1990-05-11,7.62
9076,1990-05-14,7.63
9077,1990-05-15,7.65
9078,1990-05-16,7.67
9079,1990-05-17,7.67
9080,1990-05-18,7.75
9081,1990-05-21,7.75
9082,1990-05-22,7.73
9083,1990-05-23,7.65
9084,1990-05-24,7.69
9085,1990-05-25,7.75
9086,1990-05-29,7.75
9087,1990-05-30,7.76
9088,1990-05-31,7.75
9089,1990-06-01,7.68
9090,1990-06-04,7.7
9091,1990-06-05,7.7
9092,1990-06-06,7.7
9093,1990-06-07,7.7
9094,1990-06-08,7.7
9095,1990-06-11,7.73
9096,1990-06-12,7.73
9097,1990-06-13,7.67
9098,1990-06-14,7.66
9099,1990-06-15,7.69
9100,1990-06-18,7.67
9101,1990-06-19,7.74
9102,1990-06-20,7.76
9103,1990-06-21,7.77
9104,1990-06-22,7.78
9105,1990-06-25,7.79
9106,1990-06-26,7.8
9107,1990-06-27,7.78
9108,1990-06-28,7.74
9109,1990-06-29,7.74
9110,1990-07-02,7.74
9111,1990-07-03,7.7
9112,1990-07-05,7.66
9113,1990-07-06,7.75
9114,1990-07-09,7.8
9115,1990-07-10,7.8
9116,1990-07-11,7.78
9117,1990-07-12,7.68
9118,1990-07-13,7.6
9119,1990-07-16,7.61
9120,1990-07-17,7.61
9121,1990-07-18,7.55
9122,1990-07-19,7.54
9123,1990-07-20,7.54
9124,1990-07-23,7.48
9125,1990-07-24,7.53
9126,1990-07-25,7.56
9127,1990-07-26,7.58
9128,1990-07-27,7.52
9129,1990-07-30,7.5
9130,1990-07-31,7.49
9131,1990-08-01,7.42
9132,1990-08-02,7.43
9133,1990-08-03,7.29
9134,1990-08-06,7.3
9135,1990-08-07,7.37
9136,1990-08-08,7.38
9137,1990-08-09,7.41
9138,1990-08-10,7.4
9139,1990-08-13,7.42
9140,1990-08-14,7.43
9141,1990-08-15,7.45
9142,1990-08-16,7.48
9143,1990-08-17,7.47
9144,1990-08-20,7.52
9145,1990-08-21,7.57
9146,1990-08-22,7.59
9147,1990-08-23,7.54
9148,1990-08-24,7.49
9149,1990-08-27,7.53
9150,1990-08-28,7.48
9151,1990-08-29,7.47
9152,1990-08-30,7.45
9153,1990-08-31,7.39
9154,1990-09-04,7.39
9155,1990-09-05,7.37
9156,1990-09-06,7.38
9157,1990-09-07,7.39
9158,1990-09-10,7.43
9159,1990-09-11,7.42
9160,1990-09-12,7.37
9161,1990-09-13,7.35
9162,1990-09-14,7.35
9163,1990-09-17,7.37
9164,1990-09-18,7.37
9165,1990-09-19,7.39
9166,1990-09-20,7.39
9167,1990-09-21,7.36
9168,1990-09-24,7.38
9169,1990-09-25,7.35
9170,1990-09-26,7.33
9171,1990-09-27,7.23
9172,1990-09-28,7.14
9173,1990-10-01,7.13
9174,1990-10-02,7.18
9175,1990-10-03,7.15
9176,1990-10-04,7.13
9177,1990-10-05,7.04
9178,1990-10-09,7.17
9179,1990-10-10,7.2
9180,1990-10-11,7.12
9181,1990-10-12,7.14
9182,1990-10-15,7.16
9183,1990-10-16,7.16
9184,1990-10-17,7.2
9185,1990-10-18,7.25
9186,1990-10-19,7.25
9187,1990-10-22,7.23
9188,1990-10-23,7.21
9189,1990-10-24,7.22
9190,1990-10-25,7.18
9191,1990-10-26,7.13
9192,1990-10-29,7.15
9193,1990-10-30,7.14
9194,1990-10-31,7.11
9195,1990-11-01,7.05
9196,1990-11-02,7.08
9197,1990-11-05,7.08
9198,1990-11-06,7.08
9199,1990-11-07,7.09
9200,1990-11-08,7.09
9201,1990-11-09,7.05
9202,1990-11-13,7.04
9203,1990-11-14,7.07
9204,1990-11-15,7.09
9205,1990-11-16,7.08
9206,1990-11-19,7.1
9207,1990-11-20,7.09
9208,1990-11-21,7.04
9209,1990-11-23,7.03
9210,1990-11-26,7.03
9211,1990-11-27,7.04
9212,1990-11-28,7.06
9213,1990-11-29,7.03
9214,1990-11-30,7.02
9215,1990-12-03,7.05
9216,1990-12-04,7.01
9217,1990-12-05,7.0
9218,1990-12-06,7.0
9219,1990-12-07,6.89
9220,1990-12-10,6.86
9221,1990-12-11,6.84
9222,1990-12-12,6.79
9223,1990-12-13,6.83
9224,1990-12-14,6.85
9225,1990-12-17,6.81
9226,1990-12-18,6.73
9227,1990-12-19,6.62
9228,1990-12-20,6.55
9229,1990-12-21,6.59
9230,1990-12-24,6.53
9231,1990-12-26,6.48
9232,1990-12-27,6.47
9233,1990-12-28,6.45
9234,1990-12-31,6.44
9235,1991-01-02,6.46
9236,1991-01-03,6.44
9237,1991-01-04,6.53
9238,1991-01-07,6.51
9239,1991-01-08,6.44
9240,1991-01-09,6.25
9241,1991-01-10,6.21
9242,1991-01-11,6.16
9243,1991-01-14,6.05
9244,1991-01-15,6.05
9245,1991-01-16,6.04
9246,1991-01-17,6.12
9247,1991-01-18,6.07
9248,1991-01-22,6.05
9249,1991-01-23,6.14
9250,1991-01-24,6.13
9251,1991-01-25,6.17
9252,1991-01-28,6.25
9253,1991-01-29,6.22
9254,1991-01-30,6.2
9255,1991-01-31,6.19
9256,1991-02-01,6.0
9257,1991-02-04,5.98
9258,1991-02-05,5.97
9259,1991-02-06,5.91
9260,1991-02-07,5.94
9261,1991-02-08,5.92
9262,1991-02-11,5.88
9263,1991-02-12,5.85
9264,1991-02-13,5.86
9265,1991-02-14,5.85
9266,1991-02-15,5.91
9267,1991-02-19,5.96
9268,1991-02-20,5.94
9269,1991-02-21,5.92
9270,1991-02-22,5.95
9271,1991-02-25,5.99
9272,1991-02-26,6.04
9273,1991-02-27,6.03
9274,1991-02-28,6.04
9275,1991-03-01,6.09
9276,1991-03-04,6.06
9277,1991-03-05,6.05
9278,1991-03-06,6.08
9279,1991-03-07,6.07
9280,1991-03-08,5.97
9281,1991-03-11,5.89
9282,1991-03-12,5.86
9283,1991-03-13,5.83
9284,1991-03-14,5.76
9285,1991-03-15,5.8
9286,1991-03-18,5.84
9287,1991-03-19,5.89
9288,1991-03-20,5.88
9289,1991-03-21,5.87
9290,1991-03-22,5.87
9291,1991-03-25,5.88
9292,1991-03-26,5.86
9293,1991-03-27,5.81
9294,1991-03-28,5.74
9295,1991-04-01,5.76
9296,1991-04-02,5.77
9297,1991-04-03,5.77
9298,1991-04-04,5.74
9299,1991-04-05,5.71
9300,1991-04-08,5.65
9301,1991-04-09,5.61
9302,1991-04-10,5.61
9303,1991-04-11,5.57
9304,1991-04-12,5.51
9305,1991-04-15,5.59
9306,1991-04-16,5.61
9307,1991-04-17,5.56
9308,1991-04-18,5.66
9309,1991-04-19,5.75
9310,1991-04-22,5.69
9311,1991-04-23,5.71
9312,1991-04-24,5.66
9313,1991-04-25,5.61
9314,1991-04-26,5.62
9315,1991-04-29,5.59
9316,1991-04-30,5.51
9317,1991-05-01,5.54
9318,1991-05-02,5.46
9319,1991-05-03,5.47
9320,1991-05-06,5.46
9321,1991-05-07,5.5
9322,1991-05-08,5.5
9323,1991-05-09,5.48
9324,1991-05-10,5.48
9325,1991-05-13,5.47
9326,1991-05-14,5.49
9327,1991-05-15,5.45
9328,1991-05-16,5.4
9329,1991-05-17,5.4
9330,1991-05-20,5.45
9331,1991-05-21,5.5
9332,1991-05-22,5.46
9333,1991-05-23,5.4
9334,1991-05-24,5.4
9335,1991-05-28,5.4
9336,1991-05-29,5.45
9337,1991-05-30,5.45
9338,1991-05-31,5.53
9339,1991-06-03,5.6
9340,1991-06-04,5.57
9341,1991-06-05,5.59
9342,1991-06-06,5.56
9343,1991-06-07,5.56
9344,1991-06-10,5.58
9345,1991-06-11,5.57
9346,1991-06-12,5.56
9347,1991-06-13,5.58
9348,1991-06-14,5.59
9349,1991-06-17,5.59
9350,1991-06-18,5.62
9351,1991-06-19,5.57
9352,1991-06-20,5.56
9353,1991-06-21,5.57
9354,1991-06-24,5.56
9355,1991-06-25,5.58
9356,1991-06-26,5.56
9357,1991-06-27,5.55
9358,1991-06-28,5.54
9359,1991-07-01,5.58
9360,1991-07-02,5.58
9361,1991-07-03,5.56
9362,1991-07-05,5.58
9363,1991-07-08,5.57
9364,1991-07-09,5.59
9365,1991-07-10,5.58
9366,1991-07-11,5.56
9367,1991-07-12,5.55
9368,1991-07-15,5.57
9369,1991-07-16,5.59
9370,1991-07-17,5.61
9371,1991-07-18,5.59
9372,1991-07-19,5.58
9373,1991-07-22,5.57
9374,1991-07-23,5.59
9375,1991-07-24,5.58
9376,1991-07-25,5.58
9377,1991-07-26,5.58
9378,1991-07-29,5.57
9379,1991-07-30,5.56
9380,1991-07-31,5.53
9381,1991-08-01,5.55
9382,1991-08-02,5.46
9383,1991-08-05,5.5
9384,1991-08-06,5.41
9385,1991-08-07,5.38
9386,1991-08-08,5.37
9387,1991-08-09,5.32
9388,1991-08-12,5.31
9389,1991-08-13,5.29
9390,1991-08-14,5.29
9391,1991-08-15,5.3
9392,1991-08-16,5.26
9393,1991-08-19,5.11
9394,1991-08-20,5.11
9395,1991-08-21,5.28
9396,1991-08-22,5.31
9397,1991-08-23,5.39
9398,1991-08-26,5.41
9399,1991-08-27,5.38
9400,1991-08-28,5.3
9401,1991-08-29,5.27
9402,1991-08-30,5.33
9403,1991-09-03,5.34
9404,1991-09-04,5.33
9405,1991-09-05,5.32
9406,1991-09-06,5.29
9407,1991-09-09,5.28
9408,1991-09-10,5.24
9409,1991-09-11,5.26
9410,1991-09-12,5.22
9411,1991-09-13,5.16
9412,1991-09-16,5.18
9413,1991-09-17,5.19
9414,1991-09-18,5.18
9415,1991-09-19,5.2
9416,1991-09-20,5.19
9417,1991-09-23,5.21
9418,1991-09-24,5.17
9419,1991-09-25,5.17
9420,1991-09-26,5.13
9421,1991-09-27,5.13
9422,1991-09-30,5.11
9423,1991-10-01,5.1
9424,1991-10-02,5.09
9425,1991-10-03,5.04
9426,1991-10-04,5.02
9427,1991-10-07,5.02
9428,1991-10-08,5.02
9429,1991-10-09,5.01
9430,1991-10-10,5.03
9431,1991-10-11,4.99
9432,1991-10-15,4.96
9433,1991-10-16,4.97
9434,1991-10-17,5.03
9435,1991-10-18,5.03
9436,1991-10-21,5.04
9437,1991-10-22,5.06
9438,1991-10-23,5.04
9439,1991-10-24,4.97
9440,1991-10-25,4.96
9441,1991-10-28,4.94
9442,1991-10-29,4.89
9443,1991-10-30,4.84
9444,1991-10-31,4.82
9445,1991-11-01,4.75
9446,1991-11-04,4.74
9447,1991-11-05,4.76
9448,1991-11-06,4.63
9449,1991-11-07,4.63
9450,1991-11-08,4.62
9451,1991-11-12,4.62
9452,1991-11-13,4.63
9453,1991-11-14,4.63
9454,1991-11-15,4.59
9455,1991-11-18,4.58
9456,1991-11-19,4.53
9457,1991-11-20,4.49
9458,1991-11-21,4.43
9459,1991-11-22,4.42
9460,1991-11-25,4.43
9461,1991-11-26,4.4
9462,1991-11-27,4.39
9463,1991-11-29,4.35
9464,1991-12-02,4.38
9465,1991-12-03,4.36
9466,1991-12-04,4.31
9467,1991-12-05,4.31
9468,1991-12-06,4.24
9469,1991-12-09,4.15
9470,1991-12-10,4.2
9471,1991-12-11,4.15
9472,1991-12-12,4.15
9473,1991-12-13,4.15
9474,1991-12-16,4.14
9475,1991-12-17,4.11
9476,1991-12-18,4.12
9477,1991-12-19,4.04
9478,1991-12-20,3.74
9479,1991-12-23,3.76
9480,1991-12-24,3.81
9481,1991-12-26,3.82
9482,1991-12-27,3.86
9483,1991-12-30,3.87
9484,1991-12-31,3.88
9485,1992-01-02,3.86
9486,1992-01-03,3.85
9487,1992-01-06,3.81
9488,1992-01-07,3.75
9489,1992-01-08,3.72
9490,1992-01-09,3.77
9491,1992-01-10,3.82
9492,1992-01-13,3.81
9493,1992-01-14,3.82
9494,1992-01-15,3.84
9495,1992-01-16,3.79
9496,1992-01-17,3.79
9497,1992-01-21,3.73
9498,1992-01-22,3.75
9499,1992-01-23,3.77
9500,1992-01-24,3.81
9501,1992-01-27,3.85
9502,1992-01-28,3.83
9503,1992-01-29,3.86
9504,1992-01-30,3.83
9505,1992-01-31,3.84
9506,1992-02-03,3.84
9507,1992-02-04,3.84
9508,1992-02-05,3.84
9509,1992-02-06,3.81
9510,1992-02-07,3.74
9511,1992-02-10,3.73
9512,1992-02-11,3.75
9513,1992-02-12,3.75
9514,1992-02-13,3.79
9515,1992-02-14,3.79
9516,1992-02-18,3.81
9517,1992-02-19,3.85
9518,1992-02-20,3.88
9519,1992-02-21,3.93
9520,1992-02-24,3.93
9521,1992-02-25,3.96
9522,1992-02-26,3.94
9523,1992-02-27,3.93
9524,1992-02-28,3.93
9525,1992-03-02,4.03
9526,1992-03-03,4.04
9527,1992-03-04,4.03
9528,1992-03-05,4.04
9529,1992-03-06,4.04
9530,1992-03-09,4.01
9531,1992-03-10,4.01
9532,1992-03-11,4.01
9533,1992-03-12,4.02
9534,1992-03-13,4.06
9535,1992-03-16,4.06
9536,1992-03-17,4.06
9537,1992-03-18,4.05
9538,1992-03-19,4.05
9539,1992-03-20,4.06
9540,1992-03-23,4.08
9541,1992-03-24,4.05
9542,1992-03-25,4.01
9543,1992-03-26,4.01
9544,1992-03-27,4.01
9545,1992-03-30,4.01
9546,1992-03-31,4.05
9547,1992-04-01,4.01
9548,1992-04-02,4.02
9549,1992-04-03,3.96
9550,1992-04-06,3.96
9551,1992-04-07,3.87
9552,1992-04-08,3.87
9553,1992-04-09,3.66
9554,1992-04-10,3.65
9555,1992-04-13,3.62
9556,1992-04-14,3.62
9557,1992-04-15,3.62
9558,1992-04-16,3.65
9559,1992-04-20,3.69
9560,1992-04-21,3.68
9561,1992-04-22,3.68
9562,1992-04-23,3.67
9563,1992-04-24,3.67
9564,1992-04-27,3.71
9565,1992-04-28,3.71
9566,1992-04-29,3.71
9567,1992-04-30,3.7
9568,1992-05-01,3.63
9569,1992-05-04,3.64
9570,1992-05-05,3.64
9571,1992-05-06,3.62
9572,1992-05-07,3.62
9573,1992-05-08,3.63
9574,1992-05-11,3.64
9575,1992-05-12,3.62
9576,1992-05-13,3.59
9577,1992-05-14,3.57
9578,1992-05-15,3.58
9579,1992-05-18,3.6
9580,1992-05-19,3.54
9581,1992-05-20,3.57
9582,1992-05-21,3.67
9583,1992-05-22,3.68
9584,1992-05-26,3.74
9585,1992-05-27,3.7
9586,1992-05-28,3.68
9587,1992-05-29,3.7
9588,1992-06-01,3.75
9589,1992-06-02,3.74
9590,1992-06-03,3.71
9591,1992-06-04,3.69
9592,1992-06-05,3.68
9593,1992-06-08,3.68
9594,1992-06-09,3.68
9595,1992-06-10,3.68
9596,1992-06-11,3.66
9597,1992-06-12,3.66
9598,1992-06-15,3.65
9599,1992-06-16,3.64
9600,1992-06-17,3.62
9601,1992-06-18,3.61
9602,1992-06-19,3.65
9603,1992-06-22,3.64
9604,1992-06-23,3.68
9605,1992-06-24,3.64
9606,1992-06-25,3.62
9607,1992-06-26,3.62
9608,1992-06-29,3.57
9609,1992-06-30,3.57
9610,1992-07-01,3.55
9611,1992-07-02,3.24
9612,1992-07-06,3.22
9613,1992-07-07,3.21
9614,1992-07-08,3.22
9615,1992-07-09,3.21
9616,1992-07-10,3.22
9617,1992-07-13,3.21
9618,1992-07-14,3.21
9619,1992-07-15,3.18
9620,1992-07-16,3.17
9621,1992-07-17,3.16
9622,1992-07-20,3.18
9623,1992-07-21,3.19
9624,1992-07-22,3.17
9625,1992-07-23,3.16
9626,1992-07-24,3.16
9627,1992-07-27,3.19
9628,1992-07-28,3.19
9629,1992-07-29,3.18
9630,1992-07-30,3.18
9631,1992-07-31,3.18
9632,1992-08-03,3.17
9633,1992-08-04,3.17
9634,1992-08-05,3.17
9635,1992-08-06,3.16
9636,1992-08-07,3.14
9637,1992-08-10,3.13
9638,1992-08-11,3.13
9639,1992-08-12,3.12
9640,1992-08-13,3.09
9641,1992-08-14,3.06
9642,1992-08-17,3.07
9643,1992-08-18,3.07
9644,1992-08-19,3.08
9645,1992-08-20,3.08
9646,1992-08-21,3.07
9647,1992-08-24,3.15
9648,1992-08-25,3.17
9649,1992-08-26,3.16
9650,1992-08-27,3.16
9651,1992-08-28,3.16
9652,1992-08-31,3.16
9653,1992-09-01,3.15
9654,1992-09-02,3.14
9655,1992-09-03,3.14
9656,1992-09-04,2.92
9657,1992-09-08,2.9
9658,1992-09-09,2.91
9659,1992-09-10,2.91
9660,1992-09-11,2.92
9661,1992-09-14,2.89
9662,1992-09-15,2.92
9663,1992-09-16,2.9
9664,1992-09-17,2.88
9665,1992-09-18,2.88
9666,1992-09-21,2.91
9667,1992-09-22,2.92
9668,1992-09-23,2.92
9669,1992-09-24,2.89
9670,1992-09-25,2.8
9671,1992-09-28,2.78
9672,1992-09-29,2.73
9673,1992-09-30,2.69
9674,1992-10-01,2.61
9675,1992-10-02,2.63
9676,1992-10-05,2.64
9677,1992-10-06,2.73
9678,1992-10-07,2.83
9679,1992-10-08,2.79
9680,1992-10-09,2.83
9681,1992-10-13,2.86
9682,1992-10-14,2.93
9683,1992-10-15,2.92
9684,1992-10-16,2.9
9685,1992-10-19,2.97
9686,1992-10-20,3.02
9687,1992-10-21,2.93
9688,1992-10-22,2.91
9689,1992-10-23,2.93
9690,1992-10-26,2.92
9691,1992-10-27,2.94
9692,1992-10-28,2.94
9693,1992-10-29,2.95
9694,1992-10-30,2.96
9695,1992-11-02,3.01
9696,1992-11-03,3.03
9697,1992-11-04,3.02
9698,1992-11-05,3.01
9699,1992-11-06,3.06
9700,1992-11-09,3.08
9701,1992-11-10,3.08
9702,1992-11-12,3.06
9703,1992-11-13,3.08
9704,1992-11-16,3.12
9705,1992-11-17,3.17
9706,1992-11-18,3.15
9707,1992-11-19,3.15
9708,1992-11-20,3.2
9709,1992-11-23,3.24
9710,1992-11-24,3.22
9711,1992-11-25,3.24
9712,1992-11-27,3.25
9713,1992-11-30,3.27
9714,1992-12-01,3.33
9715,1992-12-02,3.34
9716,1992-12-03,3.3
9717,1992-12-04,3.25
9718,1992-12-07,3.25
9719,1992-12-08,3.26
9720,1992-12-09,3.23
9721,1992-12-10,3.22
9722,1992-12-11,3.25
9723,1992-12-14,3.26
9724,1992-12-15,3.22
9725,1992-12-16,3.21
9726,1992-12-17,3.2
9727,1992-12-18,3.16
9728,1992-12-21,3.17
9729,1992-12-22,3.2
9730,1992-12-23,3.18
9731,1992-12-24,3.16
9732,1992-12-28,3.18
9733,1992-12-29,3.2
9734,1992-12-30,3.12
9735,1992-12-31,3.08
9736,1993-01-04,3.08
9737,1993-01-05,3.11
9738,1993-01-06,3.1
9739,1993-01-07,3.12
9740,1993-01-08,3.06
9741,1993-01-11,3.05
9742,1993-01-12,3.02
9743,1993-01-13,3.0
9744,1993-01-14,2.98
9745,1993-01-15,2.94
9746,1993-01-19,2.99
9747,1993-01-20,3.01
9748,1993-01-21,2.99
9749,1993-01-22,2.97
9750,1993-01-25,2.95
9751,1993-01-26,2.95
9752,1993-01-27,2.91
9753,1993-01-28,2.9
9754,1993-01-29,2.9
9755,1993-02-01,2.9
9756,1993-02-02,2.96
9757,1993-02-03,2.93
9758,1993-02-04,2.9
9759,1993-02-05,2.9
9760,1993-02-08,2.92
9761,1993-02-09,2.93
9762,1993-02-10,2.94
9763,1993-02-11,2.92
9764,1993-02-12,2.93
9765,1993-02-16,2.93
9766,1993-02-17,2.91
9767,1993-02-18,2.89
9768,1993-02-19,2.93
9769,1993-02-22,2.95
9770,1993-02-23,2.94
9771,1993-02-24,2.96
9772,1993-02-25,2.95
9773,1993-02-26,2.95
9774,1993-03-01,2.95
9775,1993-03-02,2.97
9776,1993-03-03,2.94
9777,1993-03-04,2.91
9778,1993-03-05,3.0
9779,1993-03-08,3.0
9780,1993-03-09,2.99
9781,1993-03-10,2.98
9782,1993-03-11,2.96
9783,1993-03-12,2.97
9784,1993-03-15,2.99
9785,1993-03-16,2.98
9786,1993-03-17,2.98
9787,1993-03-18,2.95
9788,1993-03-19,2.96
9789,1993-03-22,2.94
9790,1993-03-23,2.92
9791,1993-03-24,2.92
9792,1993-03-25,2.91
9793,1993-03-26,2.93
9794,1993-03-29,2.94
9795,1993-03-30,2.91
9796,1993-03-31,2.89
9797,1993-04-01,2.9
9798,1993-04-02,2.91
9799,1993-04-05,2.9
9800,1993-04-06,2.91
9801,1993-04-07,2.92
9802,1993-04-08,2.9
9803,1993-04-12,2.89
9804,1993-04-13,2.85
9805,1993-04-14,2.82
9806,1993-04-15,2.84
9807,1993-04-16,2.84
9808,1993-04-19,2.81
9809,1993-04-20,2.79
9810,1993-04-21,2.8
9811,1993-04-22,2.82
9812,1993-04-23,2.84
9813,1993-04-26,2.89
9814,1993-04-27,2.91
9815,1993-04-28,2.92
9816,1993-04-29,2.9
9817,1993-04-30,2.91
9818,1993-05-03,2.87
9819,1993-05-04,2.87
9820,1993-05-05,2.89
9821,1993-05-06,2.86
9822,1993-05-07,2.87
9823,1993-05-10,2.87
9824,1993-05-11,2.89
9825,1993-05-12,2.9
9826,1993-05-13,2.93
9827,1993-05-14,2.96
9828,1993-05-17,3.0
9829,1993-05-18,3.01
9830,1993-05-19,2.97
9831,1993-05-20,2.96
9832,1993-05-21,3.0
9833,1993-05-24,3.04
9834,1993-05-25,3.07
9835,1993-05-26,3.05
9836,1993-05-27,3.06
9837,1993-05-28,3.06
9838,1993-06-01,3.04
9839,1993-06-02,3.07
9840,1993-06-03,3.03
9841,1993-06-04,3.11
9842,1993-06-07,3.1
9843,1993-06-08,3.13
9844,1993-06-09,3.11
9845,1993-06-10,3.11
9846,1993-06-11,3.05
9847,1993-06-14,3.05
9848,1993-06-15,3.05
9849,1993-06-16,3.04
9850,1993-06-17,3.03
9851,1993-06-18,3.06
9852,1993-06-21,3.06
9853,1993-06-22,3.09
9854,1993-06-23,3.12
9855,1993-06-24,3.1
9856,1993-06-25,3.08
9857,1993-06-28,3.07
9858,1993-06-29,3.03
9859,1993-06-30,3.03
9860,1993-07-01,2.99
9861,1993-07-02,2.95
9862,1993-07-06,3.01
9863,1993-07-07,3.04
9864,1993-07-08,3.02
9865,1993-07-09,3.02
9866,1993-07-12,3.01
9867,1993-07-13,3.04
9868,1993-07-14,3.01
9869,1993-07-15,3.01
9870,1993-07-16,3.01
9871,1993-07-19,3.03
9872,1993-07-20,3.06
9873,1993-07-21,3.07
9874,1993-07-22,3.09
9875,1993-07-23,3.09
9876,1993-07-26,3.08
9877,1993-07-27,3.1
9878,1993-07-28,3.08
9879,1993-07-29,3.02
9880,1993-07-30,3.03
9881,1993-08-02,3.07
9882,1993-08-03,3.08
9883,1993-08-04,3.08
9884,1993-08-05,3.05
9885,1993-08-06,3.04
9886,1993-08-09,3.02
9887,1993-08-10,3.03
9888,1993-08-11,3.02
9889,1993-08-12,3.01
9890,1993-08-13,3.02
9891,1993-08-16,3.02
9892,1993-08-17,3.01
9893,1993-08-18,2.99
9894,1993-08-19,2.98
9895,1993-08-20,2.99
9896,1993-08-23,2.99
9897,1993-08-24,2.99
9898,1993-08-25,2.98
9899,1993-08-26,3.0
9900,1993-08-27,3.02
9901,1993-08-30,3.02
9902,1993-08-31,3.01
9903,1993-09-01,3.01
9904,1993-09-02,2.99
9905,1993-09-03,2.94
9906,1993-09-07,2.93
9907,1993-09-08,2.96
9908,1993-09-09,2.98
9909,1993-09-10,2.96
9910,1993-09-13,2.97
9911,1993-09-14,2.99
9912,1993-09-15,2.96
9913,1993-09-16,2.95
9914,1993-09-17,2.95
9915,1993-09-20,2.95
9916,1993-09-21,2.92
9917,1993-09-22,2.92
9918,1993-09-23,2.93
9919,1993-09-24,2.93
9920,1993-09-27,2.91
9921,1993-09-28,2.9
9922,1993-09-29,2.93
9923,1993-09-30,2.92
9924,1993-10-01,2.92
9925,1993-10-04,2.93
9926,1993-10-05,3.0
9927,1993-10-06,2.98
9928,1993-10-07,2.98
9929,1993-10-08,2.98
9930,1993-10-12,3.01
9931,1993-10-13,3.03
9932,1993-10-14,3.01
9933,1993-10-15,3.01
9934,1993-10-18,3.02
9935,1993-10-19,3.06
9936,1993-10-20,3.04
9937,1993-10-21,3.05
9938,1993-10-22,3.04
9939,1993-10-25,3.04
9940,1993-10-26,3.09
9941,1993-10-27,3.09
9942,1993-10-28,3.04
9943,1993-10-29,3.03
9944,1993-11-01,3.06
9945,1993-11-02,3.12
9946,1993-11-03,3.09
9947,1993-11-04,3.08
9948,1993-11-05,3.06
9949,1993-11-08,3.06
9950,1993-11-09,3.11
9951,1993-11-10,3.12
9952,1993-11-12,3.11
9953,1993-11-15,3.11
9954,1993-11-16,3.09
9955,1993-11-17,3.09
9956,1993-11-18,3.11
9957,1993-11-19,3.13
9958,1993-11-22,3.13
9959,1993-11-23,3.12
9960,1993-11-24,3.12
9961,1993-11-26,3.11
9962,1993-11-29,3.12
9963,1993-11-30,3.14
9964,1993-12-01,3.12
9965,1993-12-02,3.11
9966,1993-12-03,3.11
9967,1993-12-06,3.09
9968,1993-12-07,3.09
9969,1993-12-08,3.08
9970,1993-12-09,3.06
9971,1993-12-10,3.05
9972,1993-12-13,3.05
9973,1993-12-14,3.04
9974,1993-12-15,3.03
9975,1993-12-16,3.03
9976,1993-12-17,3.03
9977,1993-12-20,3.05
9978,1993-12-21,3.07
9979,1993-12-22,3.06
9980,1993-12-23,3.06
9981,1993-12-27,3.06
9982,1993-12-28,3.06
9983,1993-12-29,3.01
9984,1993-12-30,2.98
9985,1993-12-31,3.01
9986,1994-01-03,3.03
9987,1994-01-04,3.08
9988,1994-01-05,3.07
9989,1994-01-06,3.05
9990,1994-01-07,3.01
9991,1994-01-10,2.99
9992,1994-01-11,2.98
9993,1994-01-12,2.96
9994,1994-01-13,2.95
9995,1994-01-14,2.97
9996,1994-01-18,2.96
9997,1994-01-19,2.97
9998,1994-01-20,2.95
9999,1994-01-21,2.95
10000,1994-01-24,2.93
10001,1994-01-25,2.93
10002,1994-01-26,2.92
10003,1994-01-27,2.92
10004,1994-01-28,2.93
10005,1994-01-31,2.96
10006,1994-02-01,3.03
10007,1994-02-02,3.06
10008,1994-02-03,3.13
10009,1994-02-04,3.23
10010,1994-02-07,3.22
10011,1994-02-08,3.25
10012,1994-02-09,3.25
10013,1994-02-10,3.26
10014,1994-02-11,3.26
10015,1994-02-14,3.26
10016,1994-02-15,3.27
10017,1994-02-16,3.27
10018,1994-02-17,3.28
10019,1994-02-18,3.29
10020,1994-02-22,3.29
10021,1994-02-23,3.38
10022,1994-02-24,3.36
10023,1994-02-25,3.37
10024,1994-02-28,3.36
10025,1994-03-01,3.5
10026,1994-03-02,3.47
10027,1994-03-03,3.48
10028,1994-03-04,3.53
10029,1994-03-07,3.52
10030,1994-03-08,3.55
10031,1994-03-09,3.53
10032,1994-03-10,3.49
10033,1994-03-11,3.49
10034,1994-03-14,3.54
10035,1994-03-15,3.58
10036,1994-03-16,3.53
10037,1994-03-17,3.47
10038,1994-03-18,3.48
10039,1994-03-21,3.52
10040,1994-03-22,3.52
10041,1994-03-23,3.46
10042,1994-03-24,3.45
10043,1994-03-25,3.48
10044,1994-03-28,3.5
10045,1994-03-29,3.51
10046,1994-03-30,3.49
10047,1994-03-31,3.48
10048,1994-04-04,3.65
10049,1994-04-05,3.66
10050,1994-04-06,3.59
10051,1994-04-07,3.53
10052,1994-04-08,3.56
10053,1994-04-11,3.54
10054,1994-04-12,3.56
10055,1994-04-13,3.56
10056,1994-04-14,3.58
10057,1994-04-15,3.59
10058,1994-04-18,3.7
10059,1994-04-19,3.74
10060,1994-04-20,3.74
10061,1994-04-21,3.74
10062,1994-04-22,3.75
10063,1994-04-25,3.76
10064,1994-04-26,3.88
10065,1994-04-28,3.89
10066,1994-04-29,3.87
10067,1994-05-02,3.92
10068,1994-05-03,4.02
10069,1994-05-04,4.05
10070,1994-05-05,4.03
10071,1994-05-06,4.18
10072,1994-05-09,4.25
10073,1994-05-10,4.24
10074,1994-05-11,4.22
10075,1994-05-12,4.13
10076,1994-05-13,4.12
10077,1994-05-16,4.15
10078,1994-05-17,4.2
10079,1994-05-18,4.19
10080,1994-05-19,4.13
10081,1994-05-20,4.15
10082,1994-05-23,4.16
10083,1994-05-24,4.22
10084,1994-05-25,4.18
10085,1994-05-26,4.16
10086,1994-05-27,4.18
10087,1994-05-31,4.16
10088,1994-06-01,4.18
10089,1994-06-02,4.13
10090,1994-06-03,4.12
10091,1994-06-06,4.09
10092,1994-06-07,4.12
10093,1994-06-08,4.11
10094,1994-06-09,4.12
10095,1994-06-10,4.11
10096,1994-06-13,4.12
10097,1994-06-14,4.11
10098,1994-06-15,4.13
10099,1994-06-16,4.11
10100,1994-06-17,4.12
10101,1994-06-20,4.12
10102,1994-06-21,4.2
10103,1994-06-22,4.18
10104,1994-06-23,4.15
10105,1994-06-24,4.17
10106,1994-06-27,4.14
10107,1994-06-28,4.18
10108,1994-06-29,4.15
10109,1994-06-30,4.15
10110,1994-07-01,4.2
10111,1994-07-05,4.21
10112,1994-07-06,4.28
10113,1994-07-07,4.25
10114,1994-07-08,4.37
10115,1994-07-11,4.43
10116,1994-07-12,4.45
10117,1994-07-13,4.41
10118,1994-07-14,4.3
10119,1994-07-15,4.26
10120,1994-07-18,4.24
10121,1994-07-19,4.26
10122,1994-07-20,4.3
10123,1994-07-21,4.33
10124,1994-07-22,4.38
10125,1994-07-25,4.38
10126,1994-07-26,4.41
10127,1994-07-27,4.46
10128,1994-07-28,4.42
10129,1994-07-29,4.27
10130,1994-08-01,4.28
10131,1994-08-02,4.33
10132,1994-08-03,4.33
10133,1994-08-04,4.32
10134,1994-08-05,4.46
10135,1994-08-08,4.47
10136,1994-08-09,4.45
10137,1994-08-10,4.38
10138,1994-08-11,4.34
10139,1994-08-12,4.38
10140,1994-08-15,4.45
10141,1994-08-16,4.62
10142,1994-08-17,4.57
10143,1994-08-18,4.59
10144,1994-08-19,4.56
10145,1994-08-22,4.54
10146,1994-08-23,4.57
10147,1994-08-24,4.54
10148,1994-08-25,4.56
10149,1994-08-26,4.56
10150,1994-08-29,4.57
10151,1994-08-30,4.59
10152,1994-08-31,4.56
10153,1994-09-01,4.55
10154,1994-09-02,4.55
10155,1994-09-06,4.55
10156,1994-09-07,4.54
10157,1994-09-08,4.55
10158,1994-09-09,4.58
10159,1994-09-12,4.59
10160,1994-09-13,4.6
10161,1994-09-14,4.58
10162,1994-09-15,4.58
10163,1994-09-16,4.61
10164,1994-09-19,4.58
10165,1994-09-20,4.62
10166,1994-09-21,4.79
10167,1994-09-22,4.79
10168,1994-09-23,4.78
10169,1994-09-26,4.78
10170,1994-09-27,4.71
10171,1994-09-28,4.54
10172,1994-09-29,4.58
10173,1994-09-30,4.67
10174,1994-10-03,4.73
10175,1994-10-04,4.96
10176,1994-10-05,4.96
10177,1994-10-06,4.97
10178,1994-10-07,4.88
10179,1994-10-11,4.89
10180,1994-10-12,4.99
10181,1994-10-13,4.91
10182,1994-10-14,4.86
10183,1994-10-17,4.85
10184,1994-10-18,4.91
10185,1994-10-19,4.92
10186,1994-10-20,5.0
10187,1994-10-21,5.0
10188,1994-10-24,5.02
10189,1994-10-25,5.06
10190,1994-10-26,5.0
10191,1994-10-27,4.98
10192,1994-10-28,5.01
10193,1994-10-31,5.03
10194,1994-11-01,5.08
10195,1994-11-02,5.09
10196,1994-11-03,5.1
10197,1994-11-04,5.18
10198,1994-11-07,5.22
10199,1994-11-08,5.23
10200,1994-11-09,5.2
10201,1994-11-10,5.23
10202,1994-11-14,5.28
10203,1994-11-15,5.38
10204,1994-11-16,5.37
10205,1994-11-17,5.35
10206,1994-11-18,5.34
10207,1994-11-21,5.33
10208,1994-11-22,5.34
10209,1994-11-23,5.29
10210,1994-11-25,5.29
10211,1994-11-28,5.39
10212,1994-11-29,5.53
10213,1994-11-30,5.56
10214,1994-12-01,5.55
10215,1994-12-02,5.63
10216,1994-12-05,5.76
10217,1994-12-06,5.77
10218,1994-12-07,5.66
10219,1994-12-08,5.67
10220,1994-12-09,5.66
10221,1994-12-12,5.72
10222,1994-12-13,5.78
10223,1994-12-14,5.68
10224,1994-12-15,5.54
10225,1994-12-16,5.56
10226,1994-12-19,5.56
10227,1994-12-20,5.48
10228,1994-12-21,5.41
10229,1994-12-22,5.46
10230,1994-12-23,5.53
10231,1994-12-27,5.53
10232,1994-12-28,5.52
10233,1994-12-29,5.51
10234,1994-12-30,5.53
10235,1995-01-03,5.53
10236,1995-01-04,5.69
10237,1995-01-05,5.72
10238,1995-01-06,5.74
10239,1995-01-09,5.75
10240,1995-01-10,5.74
10241,1995-01-11,5.63
10242,1995-01-12,5.62
10243,1995-01-13,5.57
10244,1995-01-17,5.62
10245,1995-01-18,5.71
10246,1995-01-19,5.71
10247,1995-01-20,5.75
10248,1995-01-23,5.76
10249,1995-01-24,5.81
10250,1995-01-25,5.77
10251,1995-01-26,5.77
10252,1995-01-27,5.76
10253,1995-01-30,5.73
10254,1995-01-31,5.83
10255,1995-02-01,5.9
10256,1995-02-02,5.85
10257,1995-02-03,5.8
10258,1995-02-06,5.8
10259,1995-02-07,5.81
10260,1995-02-08,5.77
10261,1995-02-09,5.78
10262,1995-02-10,5.81
10263,1995-02-13,5.8
10264,1995-02-14,5.79
10265,1995-02-15,5.77
10266,1995-02-16,5.69
10267,1995-02-17,5.7
10268,1995-02-21,5.74
10269,1995-02-22,5.69
10270,1995-02-23,5.72
10271,1995-02-24,5.72
10272,1995-02-27,5.72
10273,1995-02-28,5.76
10274,1995-03-01,5.76
10275,1995-03-02,5.75
10276,1995-03-03,5.72
10277,1995-03-06,5.74
10278,1995-03-07,5.78
10279,1995-03-08,5.77
10280,1995-03-09,5.73
10281,1995-03-10,5.77
10282,1995-03-13,5.76
10283,1995-03-14,5.75
10284,1995-03-15,5.74
10285,1995-03-16,5.74
10286,1995-03-17,5.74
10287,1995-03-20,5.73
10288,1995-03-21,5.74
10289,1995-03-22,5.73
10290,1995-03-23,5.71
10291,1995-03-24,5.67
10292,1995-03-27,5.66
10293,1995-03-28,5.71
10294,1995-03-29,5.66
10295,1995-03-30,5.7
10296,1995-03-31,5.7
10297,1995-04-03,5.7
10298,1995-04-04,5.73
10299,1995-04-05,5.7
10300,1995-04-06,5.67
10301,1995-04-07,5.68
10302,1995-04-10,5.65
10303,1995-04-11,5.66
10304,1995-04-12,5.64
10305,1995-04-13,5.58
10306,1995-04-17,5.62
10307,1995-04-18,5.61
10308,1995-04-19,5.62
10309,1995-04-20,5.6
10310,1995-04-21,5.62
10311,1995-04-24,5.62
10312,1995-04-25,5.67
10313,1995-04-26,5.67
10314,1995-04-27,5.69
10315,1995-04-28,5.69
10316,1995-05-01,5.71
10317,1995-05-02,5.71
10318,1995-05-03,5.66
10319,1995-05-04,5.6
10320,1995-05-05,5.57
10321,1995-05-08,5.58
10322,1995-05-09,5.63
10323,1995-05-10,5.64
10324,1995-05-11,5.66
10325,1995-05-12,5.69
10326,1995-05-15,5.7
10327,1995-05-16,5.69
10328,1995-05-17,5.68
10329,1995-05-18,5.69
10330,1995-05-19,5.69
10331,1995-05-22,5.71
10332,1995-05-23,5.73
10333,1995-05-24,5.69
10334,1995-05-25,5.66
10335,1995-05-26,5.66
10336,1995-05-30,5.65
10337,1995-05-31,5.63
10338,1995-06-01,5.5
10339,1995-06-02,5.42
10340,1995-06-05,5.51
10341,1995-06-06,5.52
10342,1995-06-07,5.57
10343,1995-06-08,5.59
10344,1995-06-09,5.6
10345,1995-06-12,5.56
10346,1995-06-13,5.44
10347,1995-06-14,5.44
10348,1995-06-15,5.48
10349,1995-06-16,5.49
10350,1995-06-19,5.46
10351,1995-06-20,5.48
10352,1995-06-21,5.43
10353,1995-06-22,5.37
10354,1995-06-23,5.38
10355,1995-06-26,5.39
10356,1995-06-27,5.42
10357,1995-06-28,5.4
10358,1995-06-29,5.5
10359,1995-06-30,5.44
10360,1995-07-03,5.46
10361,1995-07-05,5.51
10362,1995-07-06,5.37
10363,1995-07-07,5.38
10364,1995-07-10,5.36
10365,1995-07-11,5.39
10366,1995-07-12,5.38
10367,1995-07-13,5.39
10368,1995-07-14,5.43
10369,1995-07-17,5.45
10370,1995-07-18,5.44
10371,1995-07-19,5.41
10372,1995-07-20,5.43
10373,1995-07-21,5.44
10374,1995-07-24,5.44
10375,1995-07-25,5.45
10376,1995-07-26,5.46
10377,1995-07-27,5.41
10378,1995-07-28,5.42
10379,1995-07-31,5.42
10380,1995-08-01,5.44
10381,1995-08-02,5.42
10382,1995-08-03,5.42
10383,1995-08-04,5.41
10384,1995-08-07,5.4
10385,1995-08-08,5.38
10386,1995-08-09,5.39
10387,1995-08-10,5.4
10388,1995-08-11,5.42
10389,1995-08-14,5.43
10390,1995-08-15,5.45
10391,1995-08-16,5.43
10392,1995-08-17,5.44
10393,1995-08-18,5.44
10394,1995-08-21,5.45
10395,1995-08-22,5.46
10396,1995-08-23,5.43
10397,1995-08-24,5.36
10398,1995-08-25,5.34
10399,1995-08-28,5.31
10400,1995-08-29,5.34
10401,1995-08-30,5.3
10402,1995-08-31,5.29
10403,1995-09-01,5.29
10404,1995-09-05,5.31
10405,1995-09-06,5.32
10406,1995-09-07,5.34
10407,1995-09-08,5.36
10408,1995-09-11,5.35
10409,1995-09-12,5.31
10410,1995-09-13,5.31
10411,1995-09-14,5.28
10412,1995-09-15,5.3
10413,1995-09-18,5.29
10414,1995-09-19,5.2
10415,1995-09-20,5.18
10416,1995-09-21,5.24
10417,1995-09-22,5.19
10418,1995-09-25,5.24
10419,1995-09-26,5.29
10420,1995-09-27,5.26
10421,1995-09-28,5.28
10422,1995-09-29,5.24
10423,1995-10-02,5.26
10424,1995-10-03,5.35
10425,1995-10-04,5.31
10426,1995-10-05,5.28
10427,1995-10-06,5.31
10428,1995-10-10,5.29
10429,1995-10-11,5.31
10430,1995-10-12,5.3
10431,1995-10-13,5.29
10432,1995-10-16,5.32
10433,1995-10-17,5.27
10434,1995-10-18,5.25
10435,1995-10-19,5.25
10436,1995-10-20,5.27
10437,1995-10-23,5.27
10438,1995-10-24,5.22
10439,1995-10-25,5.23
10440,1995-10-26,5.22
10441,1995-10-27,5.25
10442,1995-10-30,5.28
10443,1995-10-31,5.32
10444,1995-11-01,5.32
10445,1995-11-02,5.31
10446,1995-11-03,5.31
10447,1995-11-06,5.34
10448,1995-11-07,5.37
10449,1995-11-08,5.36
10450,1995-11-09,5.39
10451,1995-11-10,5.42
10452,1995-11-13,5.42
10453,1995-11-14,5.38
10454,1995-11-15,5.39
10455,1995-11-16,5.36
10456,1995-11-17,5.35
10457,1995-11-20,5.35
10458,1995-11-21,5.36
10459,1995-11-22,5.36
10460,1995-11-24,5.32
10461,1995-11-27,5.34
10462,1995-11-28,5.37
10463,1995-11-29,5.34
10464,1995-11-30,5.32
10465,1995-12-01,5.29
10466,1995-12-04,5.31
10467,1995-12-05,5.31
10468,1995-12-06,5.32
10469,1995-12-07,5.34
10470,1995-12-08,5.34
10471,1995-12-11,5.33
10472,1995-12-12,5.25
10473,1995-12-13,5.26
10474,1995-12-14,5.26
10475,1995-12-15,5.2
10476,1995-12-18,5.2
10477,1995-12-19,5.09
10478,1995-12-20,5.0
10479,1995-12-21,4.91
10480,1995-12-22,4.9
10481,1995-12-26,4.86
10482,1995-12-27,4.9
10483,1995-12-28,4.84
10484,1995-12-29,4.96
10485,1996-01-02,4.97
10486,1996-01-03,5.05
10487,1996-01-04,5.04
10488,1996-01-05,5.03
10489,1996-01-08,5.03
10490,1996-01-09,5.01
10491,1996-01-10,5.04
10492,1996-01-11,5.04
10493,1996-01-12,5.05
10494,1996-01-16,5.0
10495,1996-01-17,4.99
10496,1996-01-18,4.96
10497,1996-01-19,4.96
10498,1996-01-22,4.98
10499,1996-01-23,4.97
10500,1996-01-24,4.97
10501,1996-01-25,4.97
10502,1996-01-26,4.97
10503,1996-01-29,5.0
10504,1996-01-30,4.99
10505,1996-01-31,4.91
10506,1996-02-01,4.89
10507,1996-02-02,4.85
10508,1996-02-05,4.86
10509,1996-02-06,4.84
10510,1996-02-07,4.8
10511,1996-02-08,4.78
10512,1996-02-09,4.79
10513,1996-02-12,4.8
10514,1996-02-13,4.79
10515,1996-02-14,4.8
10516,1996-02-15,4.78
10517,1996-02-16,4.76
10518,1996-02-20,4.83
10519,1996-02-21,4.82
10520,1996-02-22,4.81
10521,1996-02-23,4.83
10522,1996-02-26,4.85
10523,1996-02-27,4.88
10524,1996-02-28,4.88
10525,1996-02-29,4.89
10526,1996-03-01,4.86
10527,1996-03-04,4.89
10528,1996-03-05,4.89
10529,1996-03-06,4.9
10530,1996-03-07,4.9
10531,1996-03-08,4.88
10532,1996-03-11,4.96
10533,1996-03-12,4.96
10534,1996-03-13,4.96
10535,1996-03-14,4.98
10536,1996-03-15,5.01
10537,1996-03-18,5.03
10538,1996-03-19,5.05
10539,1996-03-20,5.02
10540,1996-03-21,4.94
10541,1996-03-22,4.97
10542,1996-03-25,4.93
10543,1996-03-26,5.0
10544,1996-03-27,5.03
10545,1996-03-28,5.05
10546,1996-03-29,5.0
10547,1996-04-01,5.03
10548,1996-04-02,5.02
10549,1996-04-03,5.01
10550,1996-04-04,4.98
10551,1996-04-05,5.02
10552,1996-04-08,5.02
10553,1996-04-09,4.97
10554,1996-04-10,4.95
10555,1996-04-11,4.95
10556,1996-04-12,4.94
10557,1996-04-15,4.87
10558,1996-04-16,4.82
10559,1996-04-17,4.83
10560,1996-04-18,4.85
10561,1996-04-19,4.88
10562,1996-04-22,4.88
10563,1996-04-23,4.97
10564,1996-04-24,5.0
10565,1996-04-25,4.96
10566,1996-04-26,4.98
10567,1996-04-29,5.0
10568,1996-04-30,5.01
10569,1996-05-01,4.98
10570,1996-05-02,4.99
10571,1996-05-03,5.0
10572,1996-05-06,4.99
10573,1996-05-07,5.01
10574,1996-05-08,5.0
10575,1996-05-09,4.99
10576,1996-05-10,4.99
10577,1996-05-13,5.02
10578,1996-05-14,5.01
10579,1996-05-15,5.0
10580,1996-05-16,5.01
10581,1996-05-17,5.01
10582,1996-05-20,5.02
10583,1996-05-21,5.04
10584,1996-05-22,5.04
10585,1996-05-23,5.04
10586,1996-05-24,5.04
10587,1996-05-28,5.04
10588,1996-05-29,5.04
10589,1996-05-30,5.04
10590,1996-05-31,5.04
10591,1996-06-03,5.08
10592,1996-06-04,5.08
10593,1996-06-05,5.08
10594,1996-06-06,5.07
10595,1996-06-07,5.12
10596,1996-06-10,5.15
10597,1996-06-11,5.13
10598,1996-06-12,5.12
10599,1996-06-13,5.1
10600,1996-06-14,5.07
10601,1996-06-17,5.05
10602,1996-06-18,5.07
10603,1996-06-19,5.09
10604,1996-06-20,5.12
10605,1996-06-21,5.12
10606,1996-06-24,5.13
10607,1996-06-25,5.1
10608,1996-06-26,5.1
10609,1996-06-27,5.06
10610,1996-06-28,5.04
10611,1996-07-01,5.08
10612,1996-07-02,5.18
10613,1996-07-03,5.1
10614,1996-07-05,5.16
10615,1996-07-08,5.16
10616,1996-07-09,5.2
10617,1996-07-10,5.15
10618,1996-07-11,5.12
10619,1996-07-12,5.14
10620,1996-07-15,5.15
10621,1996-07-16,5.13
10622,1996-07-17,5.12
10623,1996-07-18,5.11
10624,1996-07-19,5.14
10625,1996-07-22,5.15
10626,1996-07-23,5.16
10627,1996-07-24,5.17
10628,1996-07-25,5.15
10629,1996-07-26,5.15
10630,1996-07-29,5.21
10631,1996-07-30,5.2
10632,1996-07-31,5.18
10633,1996-08-01,5.11
10634,1996-08-02,5.07
10635,1996-08-05,5.05
10636,1996-08-06,5.05
10637,1996-08-07,5.04
10638,1996-08-08,5.01
10639,1996-08-09,5.01
10640,1996-08-12,5.01
10641,1996-08-13,5.03
10642,1996-08-14,5.02
10643,1996-08-15,5.05
10644,1996-08-16,5.04
10645,1996-08-19,5.05
10646,1996-08-20,5.04
10647,1996-08-21,5.01
10648,1996-08-22,5.0
10649,1996-08-23,5.01
10650,1996-08-26,5.06
10651,1996-08-27,5.06
10652,1996-08-28,5.06
10653,1996-08-29,5.1
10654,1996-08-30,5.15
10655,1996-09-03,5.17
10656,1996-09-04,5.18
10657,1996-09-05,5.2
10658,1996-09-06,5.19
10659,1996-09-09,5.13
10660,1996-09-10,5.15
10661,1996-09-11,5.17
10662,1996-09-12,5.14
10663,1996-09-13,5.07
10664,1996-09-16,5.05
10665,1996-09-17,5.17
10666,1996-09-18,5.14
10667,1996-09-19,5.11
10668,1996-09-20,5.15
10669,1996-09-23,5.15
10670,1996-09-24,5.03
10671,1996-09-25,4.94
10672,1996-09-26,4.87
10673,1996-09-27,4.91
10674,1996-09-30,4.91
10675,1996-10-01,4.97
10676,1996-10-02,4.9
10677,1996-10-03,4.91
10678,1996-10-04,4.88
10679,1996-10-07,4.93
10680,1996-10-08,4.99
10681,1996-10-09,4.99
10682,1996-10-10,5.01
10683,1996-10-11,5.0
10684,1996-10-15,5.03
10685,1996-10-16,5.01
10686,1996-10-17,4.98
10687,1996-10-18,4.98
10688,1996-10-21,4.99
10689,1996-10-22,5.02
10690,1996-10-23,5.0
10691,1996-10-24,5.0
10692,1996-10-25,5.0
10693,1996-10-28,5.05
10694,1996-10-29,5.01
10695,1996-10-30,5.01
10696,1996-10-31,5.03
10697,1996-11-01,5.03
10698,1996-11-04,5.02
10699,1996-11-05,5.03
10700,1996-11-06,5.03
10701,1996-11-07,5.02
10702,1996-11-08,5.04
10703,1996-11-12,5.04
10704,1996-11-13,5.03
10705,1996-11-14,5.03
10706,1996-11-15,5.02
10707,1996-11-18,5.03
10708,1996-11-19,5.03
10709,1996-11-20,5.03
10710,1996-11-21,5.04
10711,1996-11-22,5.04
10712,1996-11-25,5.03
10713,1996-11-26,5.03
10714,1996-11-27,5.02
10715,1996-11-29,5.0
10716,1996-12-02,4.95
10717,1996-12-03,4.92
10718,1996-12-04,4.9
10719,1996-12-05,4.91
10720,1996-12-06,4.9
10721,1996-12-09,4.86
10722,1996-12-10,4.83
10723,1996-12-11,4.83
10724,1996-12-12,4.84
10725,1996-12-13,4.8
10726,1996-12-16,4.86
10727,1996-12-17,4.87
10728,1996-12-18,4.9
10729,1996-12-19,4.88
10730,1996-12-20,4.89
10731,1996-12-23,4.97
10732,1996-12-24,4.96
10733,1996-12-26,4.97
10734,1996-12-27,4.98
10735,1996-12-30,5.04
10736,1996-12-31,5.07
10737,1997-01-02,5.05
10738,1997-01-03,5.04
10739,1997-01-06,5.05
10740,1997-01-07,5.02
10741,1997-01-08,5.02
10742,1997-01-09,5.0
10743,1997-01-10,5.04
10744,1997-01-13,5.04
10745,1997-01-14,5.05
10746,1997-01-15,5.02
10747,1997-01-16,5.03
10748,1997-01-17,5.01
10749,1997-01-21,5.03
10750,1997-01-22,5.04
10751,1997-01-23,5.04
10752,1997-01-24,5.03
10753,1997-01-27,5.06
10754,1997-01-28,5.04
10755,1997-01-29,5.04
10756,1997-01-30,5.04
10757,1997-01-31,5.02
10758,1997-02-03,4.98
10759,1997-02-04,4.97
10760,1997-02-05,5.0
10761,1997-02-06,5.01
10762,1997-02-07,5.01
10763,1997-02-10,5.01
10764,1997-02-11,5.01
10765,1997-02-12,5.02
10766,1997-02-13,5.0
10767,1997-02-14,4.97
10768,1997-02-18,4.98
10769,1997-02-19,4.98
10770,1997-02-20,4.97
10771,1997-02-21,4.96
10772,1997-02-24,4.99
10773,1997-02-25,5.0
10774,1997-02-26,5.08
10775,1997-02-27,5.08
10776,1997-02-28,5.09
10777,1997-03-03,5.1
10778,1997-03-04,5.11
10779,1997-03-05,5.07
10780,1997-03-06,5.09
10781,1997-03-07,5.08
10782,1997-03-10,5.06
10783,1997-03-11,5.04
10784,1997-03-12,5.07
10785,1997-03-13,5.12
10786,1997-03-14,5.1
10787,1997-03-17,5.13
10788,1997-03-18,5.11
10789,1997-03-19,5.15
10790,1997-03-20,5.2
10791,1997-03-21,5.26
10792,1997-03-24,5.25
10793,1997-03-25,5.29
10794,1997-03-26,5.21
10795,1997-03-27,5.23
10796,1997-03-31,5.21
10797,1997-04-01,5.18
10798,1997-04-02,5.16
10799,1997-04-03,5.13
10800,1997-04-04,5.15
10801,1997-04-07,5.15
10802,1997-04-08,5.11
10803,1997-04-09,5.1
10804,1997-04-10,5.15
10805,1997-04-11,5.17
10806,1997-04-14,5.17
10807,1997-04-15,5.17
10808,1997-04-16,5.15
10809,1997-04-17,5.15
10810,1997-04-18,5.15
10811,1997-04-21,5.15
10812,1997-04-22,5.22
10813,1997-04-23,5.23
10814,1997-04-24,5.18
10815,1997-04-25,5.17
10816,1997-04-28,5.19
10817,1997-04-29,5.2
10818,1997-04-30,5.14
10819,1997-05-01,5.1
10820,1997-05-02,5.1
10821,1997-05-05,5.05
10822,1997-05-06,5.07
10823,1997-05-07,5.08
10824,1997-05-08,5.07
10825,1997-05-09,5.05
10826,1997-05-12,5.04
10827,1997-05-13,5.1
10828,1997-05-14,5.05
10829,1997-05-15,4.99
10830,1997-05-16,5.06
10831,1997-05-19,5.16
10832,1997-05-20,5.25
10833,1997-05-21,4.99
10834,1997-05-22,5.04
10835,1997-05-23,5.04
10836,1997-05-27,5.02
10837,1997-05-28,5.04
10838,1997-05-29,4.89
10839,1997-05-30,4.82
10840,1997-06-02,4.79
10841,1997-06-03,4.92
10842,1997-06-04,4.96
10843,1997-06-05,4.97
10844,1997-06-06,4.93
10845,1997-06-09,4.92
10846,1997-06-10,4.92
10847,1997-06-11,4.85
10848,1997-06-12,4.84
10849,1997-06-13,4.86
10850,1997-06-16,4.85
10851,1997-06-17,4.92
10852,1997-06-18,4.9
10853,1997-06-19,4.95
10854,1997-06-20,4.94
10855,1997-06-23,5.04
10856,1997-06-24,4.94
10857,1997-06-25,4.94
10858,1997-06-26,5.03
10859,1997-06-27,5.02
10860,1997-06-30,5.06
10861,1997-07-01,5.04
10862,1997-07-02,5.06
10863,1997-07-03,5.01
10864,1997-07-07,4.96
10865,1997-07-08,4.99
10866,1997-07-09,4.98
10867,1997-07-10,5.01
10868,1997-07-11,5.0
10869,1997-07-14,5.02
10870,1997-07-15,5.08
10871,1997-07-16,5.03
10872,1997-07-17,5.04
10873,1997-07-18,5.1
10874,1997-07-21,5.13
10875,1997-07-22,5.04
10876,1997-07-23,5.06
10877,1997-07-24,5.09
10878,1997-07-25,5.1
10879,1997-07-28,5.1
10880,1997-07-29,5.1
10881,1997-07-30,5.1
10882,1997-07-31,5.11
10883,1997-08-01,5.14
10884,1997-08-04,5.14
10885,1997-08-05,5.15
10886,1997-08-06,5.15
10887,1997-08-07,5.16
10888,1997-08-08,5.15
10889,1997-08-11,5.17
10890,1997-08-12,5.17
10891,1997-08-13,5.18
10892,1997-08-14,5.2
10893,1997-08-15,5.15
10894,1997-08-18,5.13
10895,1997-08-19,5.11
10896,1997-08-20,5.1
10897,1997-08-21,5.13
10898,1997-08-22,5.11
10899,1997-08-25,5.16
10900,1997-08-26,5.14
10901,1997-08-27,5.14
10902,1997-08-28,5.1
10903,1997-08-29,5.1
10904,1997-09-02,5.07
10905,1997-09-03,5.01
10906,1997-09-04,5.01
10907,1997-09-05,5.03
10908,1997-09-08,5.02
10909,1997-09-09,5.02
10910,1997-09-10,4.98
10911,1997-09-11,5.0
10912,1997-09-12,4.97
10913,1997-09-15,5.0
10914,1997-09-16,4.96
10915,1997-09-17,4.97
10916,1997-09-18,4.97
10917,1997-09-19,4.93
10918,1997-09-22,4.91
10919,1997-09-23,4.89
10920,1997-09-24,4.81
10921,1997-09-25,4.8
10922,1997-09-26,4.86
10923,1997-09-29,4.87
10924,1997-09-30,4.93
10925,1997-10-01,4.97
10926,1997-10-02,4.94
10927,1997-10-03,4.9
10928,1997-10-06,4.87
10929,1997-10-07,4.93
10930,1997-10-08,4.96
10931,1997-10-09,5.0
10932,1997-10-10,5.0
10933,1997-10-14,4.95
10934,1997-10-15,4.93
10935,1997-10-16,4.94
10936,1997-10-17,4.92
10937,1997-10-20,4.91
10938,1997-10-21,4.94
10939,1997-10-22,5.02
10940,1997-10-23,4.99
10941,1997-10-24,5.01
10942,1997-10-27,4.96
10943,1997-10-28,5.11
10944,1997-10-29,5.05
10945,1997-10-30,5.03
10946,1997-10-31,5.07
10947,1997-11-03,5.11
10948,1997-11-04,5.11
10949,1997-11-05,5.13
10950,1997-11-06,5.17
10951,1997-11-07,5.17
10952,1997-11-10,5.21
10953,1997-11-12,5.16
10954,1997-11-13,5.13
10955,1997-11-14,5.13
10956,1997-11-17,5.18
10957,1997-11-18,5.17
10958,1997-11-19,5.14
10959,1997-11-20,5.14
10960,1997-11-21,5.11
10961,1997-11-24,5.16
10962,1997-11-25,5.16
10963,1997-11-26,5.12
10964,1997-11-28,5.08
10965,1997-12-01,5.1
10966,1997-12-02,5.12
10967,1997-12-03,5.12
10968,1997-12-04,5.13
10969,1997-12-05,5.16
10970,1997-12-08,5.2
10971,1997-12-09,5.13
10972,1997-12-10,5.07
10973,1997-12-11,5.06
10974,1997-12-12,5.05
10975,1997-12-15,5.1
10976,1997-12-16,5.09
10977,1997-12-17,5.11
10978,1997-12-18,5.1
10979,1997-12-19,5.19
10980,1997-12-22,5.3
10981,1997-12-23,5.31
10982,1997-12-24,5.24
10983,1997-12-26,5.21
10984,1997-12-29,5.26
10985,1997-12-30,5.3
10986,1997-12-31,5.22
10987,1998-01-02,5.18
10988,1998-01-05,5.09
10989,1998-01-06,5.08
10990,1998-01-07,5.09
10991,1998-01-08,5.0
10992,1998-01-09,4.92
10993,1998-01-12,4.91
10994,1998-01-13,5.03
10995,1998-01-14,5.04
10996,1998-01-15,5.0
10997,1998-01-16,5.02
10998,1998-01-20,5.02
10999,1998-01-21,5.0
11000,1998-01-22,5.0
11001,1998-01-23,5.04
11002,1998-01-26,5.01
11003,1998-01-27,5.1
11004,1998-01-28,5.09
11005,1998-01-29,5.06
11006,1998-01-30,5.06
11007,1998-02-02,5.1
11008,1998-02-03,5.12
11009,1998-02-04,4.98
11010,1998-02-05,5.01
11011,1998-02-06,5.04
11012,1998-02-09,5.01
11013,1998-02-10,5.07
11014,1998-02-11,5.08
11015,1998-02-12,5.08
11016,1998-02-13,5.09
11017,1998-02-17,5.04
11018,1998-02-18,5.06
11019,1998-02-19,5.07
11020,1998-02-20,5.08
11021,1998-02-23,5.12
11022,1998-02-24,5.13
11023,1998-02-25,5.17
11024,1998-02-26,5.2
11025,1998-02-27,5.18
11026,1998-03-02,5.18
11027,1998-03-03,5.09
11028,1998-03-04,5.05
11029,1998-03-05,5.04
11030,1998-03-06,5.02
11031,1998-03-09,5.03
11032,1998-03-10,4.96
11033,1998-03-11,4.96
11034,1998-03-12,4.95
11035,1998-03-13,4.96
11036,1998-03-16,4.97
11037,1998-03-17,5.01
11038,1998-03-18,5.03
11039,1998-03-19,5.04
11040,1998-03-20,5.05
11041,1998-03-23,5.02
11042,1998-03-24,5.03
11043,1998-03-25,5.04
11044,1998-03-26,5.08
11045,1998-03-27,5.08
11046,1998-03-30,5.09
11047,1998-03-31,5.02
11048,1998-04-01,4.99
11049,1998-04-02,4.97
11050,1998-04-03,4.95
11051,1998-04-06,4.97
11052,1998-04-07,4.94
11053,1998-04-08,4.93
11054,1998-04-09,4.94
11055,1998-04-13,5.05
11056,1998-04-14,5.02
11057,1998-04-15,4.95
11058,1998-04-16,4.91
11059,1998-04-17,4.92
11060,1998-04-20,4.91
11061,1998-04-21,4.94
11062,1998-04-22,4.96
11063,1998-04-23,4.96
11064,1998-04-24,4.95
11065,1998-04-27,4.94
11066,1998-04-28,4.93
11067,1998-04-29,4.94
11068,1998-04-30,4.87
11069,1998-05-01,4.89
11070,1998-05-04,4.91
11071,1998-05-05,4.98
11072,1998-05-06,4.98
11073,1998-05-07,4.98
11074,1998-05-08,5.0
11075,1998-05-11,5.0
11076,1998-05-12,4.99
11077,1998-05-13,4.99
11078,1998-05-14,5.04
11079,1998-05-15,5.04
11080,1998-05-18,5.05
11081,1998-05-19,5.09
11082,1998-05-20,5.07
11083,1998-05-21,5.1
11084,1998-05-22,5.08
11085,1998-05-26,5.0
11086,1998-05-27,4.96
11087,1998-05-28,4.93
11088,1998-05-29,4.89
11089,1998-06-01,4.85
11090,1998-06-02,4.95
11091,1998-06-03,5.0
11092,1998-06-04,4.98
11093,1998-06-05,4.98
11094,1998-06-08,5.0
11095,1998-06-09,5.03
11096,1998-06-10,5.01
11097,1998-06-11,4.97
11098,1998-06-12,4.99
11099,1998-06-15,4.98
11100,1998-06-16,5.06
11101,1998-06-17,5.09
11102,1998-06-18,5.05
11103,1998-06-19,5.03
11104,1998-06-22,4.99
11105,1998-06-23,4.97
11106,1998-06-24,4.91
11107,1998-06-25,4.89
11108,1998-06-26,4.87
11109,1998-06-29,4.89
11110,1998-06-30,4.97
11111,1998-07-01,4.96
11112,1998-07-02,4.94
11113,1998-07-06,4.93
11114,1998-07-07,4.95
11115,1998-07-08,4.96
11116,1998-07-09,4.94
11117,1998-07-10,4.93
11118,1998-07-13,4.96
11119,1998-07-14,5.02
11120,1998-07-15,5.01
11121,1998-07-16,5.03
11122,1998-07-17,5.01
11123,1998-07-20,5.0
11124,1998-07-21,4.96
11125,1998-07-22,4.94
11126,1998-07-23,4.96
11127,1998-07-24,4.95
11128,1998-07-27,4.96
11129,1998-07-28,4.94
11130,1998-07-29,4.94
11131,1998-07-30,4.94
11132,1998-07-31,4.97
11133,1998-08-03,4.98
11134,1998-08-04,4.97
11135,1998-08-05,4.95
11136,1998-08-06,4.9
11137,1998-08-07,4.86
11138,1998-08-10,4.86
11139,1998-08-11,4.9
11140,1998-08-12,4.89
11141,1998-08-13,4.91
11142,1998-08-14,4.9
11143,1998-08-17,4.93
11144,1998-08-18,4.93
11145,1998-08-19,4.94
11146,1998-08-20,4.91
11147,1998-08-21,4.88
11148,1998-08-24,4.94
11149,1998-08-25,4.96
11150,1998-08-26,4.93
11151,1998-08-27,4.86
11152,1998-08-28,4.78
11153,1998-08-31,4.77
11154,1998-09-01,4.79
11155,1998-09-02,4.78
11156,1998-09-03,4.71
11157,1998-09-04,4.74
11158,1998-09-08,4.74
11159,1998-09-09,4.76
11160,1998-09-10,4.66
11161,1998-09-11,4.75
11162,1998-09-14,4.72
11163,1998-09-15,4.67
11164,1998-09-16,4.62
11165,1998-09-17,4.58
11166,1998-09-18,4.51
11167,1998-09-21,4.56
11168,1998-09-22,4.69
11169,1998-09-23,4.55
11170,1998-09-24,4.44
11171,1998-09-25,4.41
11172,1998-09-28,4.36
11173,1998-09-29,4.43
11174,1998-09-30,4.26
11175,1998-10-01,4.13
11176,1998-10-02,4.12
11177,1998-10-05,4.06
11178,1998-10-06,4.08
11179,1998-10-07,4.05
11180,1998-10-08,3.8
11181,1998-10-09,3.79
11182,1998-10-13,3.8
11183,1998-10-14,3.93
11184,1998-10-15,4.05
11185,1998-10-16,3.56
11186,1998-10-19,3.71
11187,1998-10-20,3.86
11188,1998-10-21,3.91
11189,1998-10-22,3.88
11190,1998-10-23,3.87
11191,1998-10-26,4.0
11192,1998-10-27,3.96
11193,1998-10-28,4.18
11194,1998-10-29,4.22
11195,1998-10-30,4.23
11196,1998-11-02,4.31
11197,1998-11-03,4.39
11198,1998-11-04,4.45
11199,1998-11-05,4.47
11200,1998-11-06,4.52
11201,1998-11-09,4.52
11202,1998-11-10,4.43
11203,1998-11-12,4.37
11204,1998-11-13,4.36
11205,1998-11-16,4.41
11206,1998-11-17,4.31
11207,1998-11-18,4.33
11208,1998-11-19,4.35
11209,1998-11-20,4.35
11210,1998-11-23,4.48
11211,1998-11-24,4.51
11212,1998-11-25,4.46
11213,1998-11-27,4.44
11214,1998-11-30,4.42
11215,1998-12-01,4.38
11216,1998-12-02,4.37
11217,1998-12-03,4.34
11218,1998-12-04,4.37
11219,1998-12-07,4.4
11220,1998-12-08,4.32
11221,1998-12-09,4.32
11222,1998-12-10,4.37
11223,1998-12-11,4.39
11224,1998-12-14,4.4
11225,1998-12-15,4.38
11226,1998-12-16,4.35
11227,1998-12-17,4.35
11228,1998-12-18,4.38
11229,1998-12-21,4.42
11230,1998-12-22,4.39
11231,1998-12-23,4.47
11232,1998-12-24,4.46
11233,1998-12-28,4.45
11234,1998-12-29,4.48
11235,1998-12-30,4.44
11236,1998-12-31,4.37
11237,1999-01-04,4.38
11238,1999-01-05,4.37
11239,1999-01-06,4.36
11240,1999-01-07,4.33
11241,1999-01-08,4.37
11242,1999-01-11,4.39
11243,1999-01-12,4.37
11244,1999-01-13,4.34
11245,1999-01-14,4.33
11246,1999-01-15,4.33
11247,1999-01-19,4.29
11248,1999-01-20,4.26
11249,1999-01-21,4.22
11250,1999-01-22,4.26
11251,1999-01-25,4.31
11252,1999-01-26,4.35
11253,1999-01-27,4.36
11254,1999-01-28,4.38
11255,1999-01-29,4.37
11256,1999-02-01,4.42
11257,1999-02-02,4.42
11258,1999-02-03,4.37
11259,1999-02-04,4.38
11260,1999-02-05,4.39
11261,1999-02-08,4.4
11262,1999-02-09,4.42
11263,1999-02-10,4.37
11264,1999-02-11,4.39
11265,1999-02-12,4.43
11266,1999-02-16,4.41
11267,1999-02-17,4.41
11268,1999-02-18,4.42
11269,1999-02-19,4.45
11270,1999-02-22,4.5
11271,1999-02-23,4.54
11272,1999-02-24,4.55
11273,1999-02-25,4.51
11274,1999-02-26,4.55
11275,1999-03-01,4.58
11276,1999-03-02,4.53
11277,1999-03-03,4.49
11278,1999-03-04,4.49
11279,1999-03-05,4.5
11280,1999-03-08,4.51
11281,1999-03-09,4.47
11282,1999-03-10,4.47
11283,1999-03-11,4.49
11284,1999-03-12,4.47
11285,1999-03-15,4.46
11286,1999-03-16,4.43
11287,1999-03-17,4.41
11288,1999-03-18,4.39
11289,1999-03-19,4.39
11290,1999-03-22,4.4
11291,1999-03-23,4.38
11292,1999-03-24,4.38
11293,1999-03-25,4.39
11294,1999-03-26,4.39
11295,1999-03-29,4.39
11296,1999-03-30,4.36
11297,1999-03-31,4.37
11298,1999-04-01,4.32
11299,1999-04-02,4.31
11300,1999-04-05,4.29
11301,1999-04-06,4.3
11302,1999-04-07,4.3
11303,1999-04-08,4.28
11304,1999-04-09,4.3
11305,1999-04-12,4.22
11306,1999-04-13,4.2
11307,1999-04-14,4.18
11308,1999-04-15,4.2
11309,1999-04-16,4.22
11310,1999-04-19,4.22
11311,1999-04-20,4.26
11312,1999-04-21,4.24
11313,1999-04-22,4.28
11314,1999-04-23,4.31
11315,1999-04-26,4.35
11316,1999-04-27,4.38
11317,1999-04-28,4.39
11318,1999-04-29,4.39
11319,1999-04-30,4.43
11320,1999-05-03,4.47
11321,1999-05-04,4.5
11322,1999-05-05,4.48
11323,1999-05-06,4.49
11324,1999-05-07,4.49
11325,1999-05-10,4.47
11326,1999-05-11,4.49
11327,1999-05-12,4.47
11328,1999-05-13,4.46
11329,1999-05-14,4.51
11330,1999-05-17,4.55
11331,1999-05-18,4.53
11332,1999-05-19,4.5
11333,1999-05-20,4.48
11334,1999-05-21,4.48
11335,1999-05-24,4.51
11336,1999-05-25,4.51
11337,1999-05-26,4.53
11338,1999-05-27,4.52
11339,1999-05-28,4.53
11340,1999-06-01,4.56
11341,1999-06-02,4.61
11342,1999-06-03,4.52
11343,1999-06-04,4.44
11344,1999-06-07,4.4
11345,1999-06-08,4.49
11346,1999-06-09,4.47
11347,1999-06-10,4.54
11348,1999-06-11,4.6
11349,1999-06-14,4.57
11350,1999-06-15,4.61
11351,1999-06-16,4.54
11352,1999-06-17,4.51
11353,1999-06-18,4.55
11354,1999-06-21,4.57
11355,1999-06-22,4.6
11356,1999-06-23,4.6
11357,1999-06-24,4.6
11358,1999-06-25,4.66
11359,1999-06-28,4.68
11360,1999-06-29,4.7
11361,1999-06-30,4.65
11362,1999-07-01,4.55
11363,1999-07-02,4.55
11364,1999-07-06,4.53
11365,1999-07-07,4.54
11366,1999-07-08,4.55
11367,1999-07-09,4.56
11368,1999-07-12,4.57
11369,1999-07-13,4.58
11370,1999-07-14,4.59
11371,1999-07-15,4.57
11372,1999-07-16,4.55
11373,1999-07-19,4.52
11374,1999-07-20,4.51
11375,1999-07-21,4.46
11376,1999-07-22,4.48
11377,1999-07-23,4.52
11378,1999-07-26,4.58
11379,1999-07-27,4.57
11380,1999-07-28,4.58
11381,1999-07-29,4.59
11382,1999-07-30,4.62
11383,1999-08-02,4.65
11384,1999-08-03,4.7
11385,1999-08-04,4.65
11386,1999-08-05,4.61
11387,1999-08-06,4.66
11388,1999-08-09,4.76
11389,1999-08-10,4.81
11390,1999-08-11,4.77
11391,1999-08-12,4.66
11392,1999-08-13,4.6
11393,1999-08-16,4.62
11394,1999-08-17,4.69
11395,1999-08-18,4.63
11396,1999-08-19,4.62
11397,1999-08-20,4.7
11398,1999-08-23,4.78
11399,1999-08-24,4.85
11400,1999-08-25,4.79
11401,1999-08-26,4.79
11402,1999-08-27,4.84
11403,1999-08-30,4.85
11404,1999-08-31,4.84
11405,1999-09-01,4.83
11406,1999-09-02,4.78
11407,1999-09-03,4.78
11408,1999-09-07,4.69
11409,1999-09-08,4.69
11410,1999-09-09,4.68
11411,1999-09-10,4.62
11412,1999-09-13,4.64
11413,1999-09-14,4.69
11414,1999-09-15,4.62
11415,1999-09-16,4.57
11416,1999-09-17,4.54
11417,1999-09-20,4.56
11418,1999-09-21,4.66
11419,1999-09-22,4.69
11420,1999-09-23,4.69
11421,1999-09-24,4.65
11422,1999-09-27,4.68
11423,1999-09-28,4.71
11424,1999-09-29,4.69
11425,1999-09-30,4.74
11426,1999-10-01,4.74
11427,1999-10-04,4.69
11428,1999-10-05,4.72
11429,1999-10-06,4.68
11430,1999-10-07,4.7
11431,1999-10-08,4.68
11432,1999-10-12,4.73
11433,1999-10-13,4.84
11434,1999-10-14,4.88
11435,1999-10-15,4.9
11436,1999-10-18,4.94
11437,1999-10-19,5.0
11438,1999-10-20,5.0
11439,1999-10-21,4.99
11440,1999-10-22,4.92
11441,1999-10-25,4.89
11442,1999-10-26,5.0
11443,1999-10-27,4.99
11444,1999-10-28,4.96
11445,1999-10-29,4.97
11446,1999-11-01,4.98
11447,1999-11-02,4.99
11448,1999-11-03,4.97
11449,1999-11-04,4.95
11450,1999-11-05,4.99
11451,1999-11-08,5.04
11452,1999-11-09,5.04
11453,1999-11-10,5.05
11454,1999-11-12,5.08
11455,1999-11-15,5.12
11456,1999-11-16,5.14
11457,1999-11-17,5.09
11458,1999-11-18,5.08
11459,1999-11-19,5.08
11460,1999-11-22,5.08
11461,1999-11-23,5.13
11462,1999-11-24,5.14
11463,1999-11-26,5.14
11464,1999-11-29,5.17
11465,1999-11-30,5.15
11466,1999-12-01,5.12
11467,1999-12-02,5.1
11468,1999-12-03,5.1
11469,1999-12-06,5.09
11470,1999-12-07,5.07
11471,1999-12-08,5.07
11472,1999-12-09,5.1
11473,1999-12-10,5.14
11474,1999-12-13,5.22
11475,1999-12-14,5.23
11476,1999-12-15,5.19
11477,1999-12-16,5.23
11478,1999-12-17,5.28
11479,1999-12-20,5.39
11480,1999-12-21,5.42
11481,1999-12-22,5.39
11482,1999-12-23,5.31
11483,1999-12-27,5.3
11484,1999-12-28,5.25
11485,1999-12-29,5.08
11486,1999-12-30,5.07
11487,1999-12-31,5.17
11488,2000-01-03,5.27
11489,2000-01-04,5.27
11490,2000-01-05,5.28
11491,2000-01-06,5.25
11492,2000-01-07,5.22
11493,2000-01-10,5.24
11494,2000-01-11,5.27
11495,2000-01-12,5.29
11496,2000-01-13,5.25
11497,2000-01-14,5.25
11498,2000-01-18,5.24
11499,2000-01-19,5.35
11500,2000-01-20,5.32
11501,2000-01-21,5.31
11502,2000-01-24,5.32
11503,2000-01-25,5.4
11504,2000-01-26,5.41
11505,2000-01-27,5.42
11506,2000-01-28,5.48
11507,2000-01-31,5.53
11508,2000-02-01,5.54
11509,2000-02-02,5.49
11510,2000-02-03,5.46
11511,2000-02-04,5.5
11512,2000-02-07,5.47
11513,2000-02-08,5.52
11514,2000-02-09,5.49
11515,2000-02-10,5.5
11516,2000-02-11,5.49
11517,2000-02-14,5.47
11518,2000-02-15,5.58
11519,2000-02-16,5.56
11520,2000-02-17,5.57
11521,2000-02-18,5.58
11522,2000-02-22,5.6
11523,2000-02-23,5.64
11524,2000-02-24,5.63
11525,2000-02-25,5.62
11526,2000-02-28,5.63
11527,2000-02-29,5.62
11528,2000-03-01,5.6
11529,2000-03-02,5.6
11530,2000-03-03,5.63
11531,2000-03-06,5.66
11532,2000-03-07,5.67
11533,2000-03-08,5.67
11534,2000-03-09,5.66
11535,2000-03-10,5.7
11536,2000-03-13,5.71
11537,2000-03-14,5.71
11538,2000-03-15,5.69
11539,2000-03-16,5.7
11540,2000-03-17,5.72
11541,2000-03-20,5.74
11542,2000-03-21,5.74
11543,2000-03-22,5.74
11544,2000-03-23,5.73
11545,2000-03-24,5.74
11546,2000-03-27,5.69
11547,2000-03-28,5.72
11548,2000-03-29,5.73
11549,2000-03-30,5.71
11550,2000-03-31,5.72
11551,2000-04-03,5.69
11552,2000-04-04,5.67
11553,2000-04-05,5.7
11554,2000-04-06,5.72
11555,2000-04-07,5.73
11556,2000-04-10,5.7
11557,2000-04-11,5.67
11558,2000-04-12,5.67
11559,2000-04-13,5.65
11560,2000-04-14,5.65
11561,2000-04-17,5.65
11562,2000-04-18,5.65
11563,2000-04-19,5.65
11564,2000-04-20,5.63
11565,2000-04-24,5.61
11566,2000-04-25,5.63
11567,2000-04-26,5.59
11568,2000-04-27,5.59
11569,2000-04-28,5.66
11570,2000-05-01,5.67
11571,2000-05-02,5.75
11572,2000-05-03,5.74
11573,2000-05-04,5.73
11574,2000-05-05,5.79
11575,2000-05-08,5.87
11576,2000-05-09,5.96
11577,2000-05-10,5.96
11578,2000-05-11,5.96
11579,2000-05-12,5.96
11580,2000-05-15,5.94
11581,2000-05-16,6.02
11582,2000-05-17,5.88
11583,2000-05-18,5.75
11584,2000-05-19,5.71
11585,2000-05-22,5.71
11586,2000-05-23,5.84
11587,2000-05-24,5.75
11588,2000-05-25,5.68
11589,2000-05-26,5.65
11590,2000-05-30,5.6
11591,2000-05-31,5.48
11592,2000-06-01,5.57
11593,2000-06-02,5.7
11594,2000-06-05,5.72
11595,2000-06-06,5.82
11596,2000-06-07,5.75
11597,2000-06-08,5.74
11598,2000-06-09,5.75
11599,2000-06-12,5.69
11600,2000-06-13,5.72
11601,2000-06-14,5.66
11602,2000-06-15,5.67
11603,2000-06-16,5.66
11604,2000-06-19,5.64
11605,2000-06-20,5.63
11606,2000-06-21,5.65
11607,2000-06-22,5.67
11608,2000-06-23,5.69
11609,2000-06-26,5.66
11610,2000-06-27,5.67
11611,2000-06-28,5.65
11612,2000-06-29,5.68
11613,2000-06-30,5.71
11614,2000-07-03,5.75
11615,2000-07-05,5.82
11616,2000-07-06,5.85
11617,2000-07-07,5.87
11618,2000-07-10,5.9
11619,2000-07-11,5.93
11620,2000-07-12,5.99
11621,2000-07-13,6.0
11622,2000-07-14,5.99
11623,2000-07-17,5.98
11624,2000-07-18,5.98
11625,2000-07-19,6.0
11626,2000-07-20,6.0
11627,2000-07-21,5.95
11628,2000-07-24,5.98
11629,2000-07-25,6.02
11630,2000-07-26,6.0
11631,2000-07-27,6.04
11632,2000-07-28,6.02
11633,2000-07-31,6.03
11634,2000-08-01,6.07
11635,2000-08-02,6.07
11636,2000-08-03,6.05
11637,2000-08-04,6.05
11638,2000-08-07,6.06
11639,2000-08-08,6.08
11640,2000-08-09,6.07
11641,2000-08-10,6.07
11642,2000-08-11,6.11
11643,2000-08-14,6.09
11644,2000-08-15,6.1
11645,2000-08-16,6.09
11646,2000-08-17,6.09
11647,2000-08-18,6.09
11648,2000-08-21,6.09
11649,2000-08-22,6.1
11650,2000-08-23,6.11
11651,2000-08-24,6.11
11652,2000-08-25,6.13
11653,2000-08-28,6.14
11654,2000-08-29,6.13
11655,2000-08-30,6.14
11656,2000-08-31,6.13
11657,2000-09-01,6.09
11658,2000-09-05,6.07
11659,2000-09-06,6.03
11660,2000-09-07,6.02
11661,2000-09-08,5.97
11662,2000-09-11,5.95
11663,2000-09-12,5.92
11664,2000-09-13,5.92
11665,2000-09-14,5.97
11666,2000-09-15,5.97
11667,2000-09-18,5.97
11668,2000-09-19,5.99
11669,2000-09-20,5.98
11670,2000-09-21,5.98
11671,2000-09-22,5.99
11672,2000-09-25,5.99
11673,2000-09-26,6.0
11674,2000-09-27,6.02
11675,2000-09-28,6.07
11676,2000-09-29,6.05
11677,2000-10-02,6.03
11678,2000-10-03,6.06
11679,2000-10-04,6.06
11680,2000-10-05,6.07
11681,2000-10-06,6.06
11682,2000-10-10,6.05
11683,2000-10-11,6.05
11684,2000-10-12,6.01
11685,2000-10-13,6.02
11686,2000-10-16,6.06
11687,2000-10-17,6.12
11688,2000-10-18,6.12
11689,2000-10-19,6.14
11690,2000-10-20,6.13
11691,2000-10-23,6.16
11692,2000-10-24,6.17
11693,2000-10-25,6.2
11694,2000-10-26,6.18
11695,2000-10-27,6.17
11696,2000-10-30,6.19
11697,2000-10-31,6.19
11698,2000-11-01,6.18
11699,2000-11-02,6.19
11700,2000-11-03,6.2
11701,2000-11-06,6.24
11702,2000-11-07,6.23
11703,2000-11-08,6.22
11704,2000-11-09,6.21
11705,2000-11-10,6.19
11706,2000-11-13,6.19
11707,2000-11-14,6.18
11708,2000-11-15,6.19
11709,2000-11-16,6.17
11710,2000-11-17,6.17
11711,2000-11-20,6.18
11712,2000-11-21,6.18
11713,2000-11-22,6.18
11714,2000-11-24,6.18
11715,2000-11-27,6.14
11716,2000-11-28,6.1
11717,2000-11-29,6.06
11718,2000-11-30,6.03
11719,2000-12-01,6.05
11720,2000-12-04,6.0
11721,2000-12-05,5.91
11722,2000-12-06,5.92
11723,2000-12-07,5.94
11724,2000-12-08,5.92
11725,2000-12-11,5.91
11726,2000-12-12,5.89
11727,2000-12-13,5.89
11728,2000-12-14,5.89
11729,2000-12-15,5.85
11730,2000-12-18,5.78
11731,2000-12-19,5.76
11732,2000-12-20,5.66
11733,2000-12-21,5.24
11734,2000-12-22,5.13
11735,2000-12-26,5.61
11736,2000-12-27,5.59
11737,2000-12-28,5.71
11738,2000-12-29,5.73
11739,2001-01-02,5.69
11740,2001-01-03,5.53
11741,2001-01-04,5.23
11742,2001-01-05,4.99
11743,2001-01-08,5.06
11744,2001-01-09,5.1
11745,2001-01-10,5.15
11746,2001-01-11,5.17
11747,2001-01-12,5.19
11748,2001-01-16,5.22
11749,2001-01-17,5.22
11750,2001-01-18,5.14
11751,2001-01-19,5.1
11752,2001-01-22,5.11
11753,2001-01-23,5.1
11754,2001-01-24,5.14
11755,2001-01-25,5.14
11756,2001-01-26,5.04
11757,2001-01-29,4.99
11758,2001-01-30,4.89
11759,2001-01-31,4.86
11760,2001-02-01,4.87
11761,2001-02-02,4.93
11762,2001-02-05,4.96
11763,2001-02-06,4.94
11764,2001-02-07,4.94
11765,2001-02-08,4.95
11766,2001-02-09,4.93
11767,2001-02-12,4.93
11768,2001-02-13,4.92
11769,2001-02-14,4.94
11770,2001-02-15,4.95
11771,2001-02-16,4.89
11772,2001-02-20,4.92
11773,2001-02-21,4.89
11774,2001-02-22,4.88
11775,2001-02-23,4.77
11776,2001-02-26,4.71
11777,2001-02-27,4.7
11778,2001-02-28,4.73
11779,2001-03-01,4.72
11780,2001-03-02,4.72
11781,2001-03-05,4.7
11782,2001-03-06,4.67
11783,2001-03-07,4.57
11784,2001-03-08,4.56
11785,2001-03-09,4.61
11786,2001-03-12,4.54
11787,2001-03-13,4.54
11788,2001-03-14,4.43
11789,2001-03-15,4.41
11790,2001-03-16,4.43
11791,2001-03-19,4.42
11792,2001-03-20,4.38
11793,2001-03-21,4.21
11794,2001-03-22,4.16
11795,2001-03-23,4.19
11796,2001-03-26,4.19
11797,2001-03-27,4.24
11798,2001-03-28,4.23
11799,2001-03-29,4.22
11800,2001-03-30,4.2
11801,2001-04-02,4.12
11802,2001-04-03,4.05
11803,2001-04-04,4.0
11804,2001-04-05,4.01
11805,2001-04-06,3.85
11806,2001-04-09,3.84
11807,2001-04-10,3.85
11808,2001-04-11,3.98
11809,2001-04-12,3.92
11810,2001-04-16,4.05
11811,2001-04-17,4.02
11812,2001-04-18,3.82
11813,2001-04-19,3.78
11814,2001-04-20,3.68
11815,2001-04-23,3.66
11816,2001-04-24,3.71
11817,2001-04-25,3.75
11818,2001-04-26,3.74
11819,2001-04-27,3.76
11820,2001-04-30,3.86
11821,2001-05-01,3.83
11822,2001-05-02,3.8
11823,2001-05-03,3.75
11824,2001-05-04,3.65
11825,2001-05-07,3.65
11826,2001-05-08,3.62
11827,2001-05-09,3.64
11828,2001-05-10,3.66
11829,2001-05-11,3.69
11830,2001-05-14,3.63
11831,2001-05-15,3.55
11832,2001-05-16,3.49
11833,2001-05-17,3.49
11834,2001-05-18,3.53
11835,2001-05-21,3.57
11836,2001-05-22,3.56
11837,2001-05-23,3.56
11838,2001-05-24,3.62
11839,2001-05-25,3.58
11840,2001-05-29,3.63
11841,2001-05-30,3.6
11842,2001-05-31,3.55
11843,2001-06-01,3.59
11844,2001-06-04,3.6
11845,2001-06-05,3.55
11846,2001-06-06,3.54
11847,2001-06-07,3.55
11848,2001-06-08,3.56
11849,2001-06-11,3.52
11850,2001-06-12,3.48
11851,2001-06-13,3.47
11852,2001-06-14,3.48
11853,2001-06-15,3.44
11854,2001-06-18,3.44
11855,2001-06-19,3.43
11856,2001-06-20,3.41
11857,2001-06-21,3.43
11858,2001-06-22,3.37
11859,2001-06-25,3.38
11860,2001-06-26,3.38
11861,2001-06-27,3.44
11862,2001-06-28,3.56
11863,2001-06-29,3.57
11864,2001-07-02,3.59
11865,2001-07-03,3.58
11866,2001-07-05,3.57
11867,2001-07-06,3.55
11868,2001-07-09,3.57
11869,2001-07-10,3.55
11870,2001-07-11,3.5
11871,2001-07-12,3.52
11872,2001-07-13,3.54
11873,2001-07-16,3.56
11874,2001-07-17,3.53
11875,2001-07-18,3.46
11876,2001-07-19,3.47
11877,2001-07-20,3.45
11878,2001-07-23,3.48
11879,2001-07-24,3.48
11880,2001-07-25,3.48
11881,2001-07-26,3.48
11882,2001-07-27,3.47
11883,2001-07-30,3.49
11884,2001-07-31,3.46
11885,2001-08-01,3.45
11886,2001-08-02,3.45
11887,2001-08-03,3.44
11888,2001-08-06,3.44
11889,2001-08-07,3.44
11890,2001-08-08,3.41
11891,2001-08-09,3.38
11892,2001-08-10,3.36
11893,2001-08-13,3.37
11894,2001-08-14,3.35
11895,2001-08-15,3.35
11896,2001-08-16,3.32
11897,2001-08-17,3.29
11898,2001-08-20,3.34
11899,2001-08-21,3.31
11900,2001-08-22,3.31
11901,2001-08-23,3.33
11902,2001-08-24,3.35
11903,2001-08-27,3.37
11904,2001-08-28,3.33
11905,2001-08-29,3.34
11906,2001-08-30,3.29
11907,2001-08-31,3.3
11908,2001-09-04,3.36
11909,2001-09-05,3.33
11910,2001-09-06,3.27
11911,2001-09-07,3.2
11912,2001-09-10,3.19
11913,2001-09-13,2.68
11914,2001-09-14,2.59
11915,2001-09-17,2.54
11916,2001-09-18,2.43
11917,2001-09-19,2.15
11918,2001-09-20,2.18
11919,2001-09-21,2.21
11920,2001-09-24,2.33
11921,2001-09-25,2.35
11922,2001-09-26,2.33
11923,2001-09-27,2.33
11924,2001-09-28,2.35
11925,2001-10-01,2.32
11926,2001-10-02,2.22
11927,2001-10-03,2.19
11928,2001-10-04,2.17
11929,2001-10-05,2.15
11930,2001-10-09,2.18
11931,2001-10-10,2.18
11932,2001-10-11,2.23
11933,2001-10-12,2.21
11934,2001-10-15,2.21
11935,2001-10-16,2.18
11936,2001-10-17,2.18
11937,2001-10-18,2.15
11938,2001-10-19,2.15
11939,2001-10-22,2.18
11940,2001-10-23,2.16
11941,2001-10-24,2.13
11942,2001-10-25,2.1
11943,2001-10-26,2.1
11944,2001-10-29,2.05
11945,2001-10-30,2.01
11946,2001-10-31,2.01
11947,2001-11-01,2.02
11948,2001-11-02,1.97
11949,2001-11-05,1.97
11950,2001-11-06,1.82
11951,2001-11-07,1.77
11952,2001-11-08,1.81
11953,2001-11-09,1.8
11954,2001-11-13,1.81
11955,2001-11-14,1.84
11956,2001-11-15,1.88
11957,2001-11-16,1.91
11958,2001-11-19,1.9
11959,2001-11-20,1.91
11960,2001-11-21,1.92
11961,2001-11-23,1.91
11962,2001-11-26,1.94
11963,2001-11-27,1.88
11964,2001-11-28,1.84
11965,2001-11-29,1.77
11966,2001-11-30,1.75
11967,2001-12-03,1.75
11968,2001-12-04,1.71
11969,2001-12-05,1.74
11970,2001-12-06,1.72
11971,2001-12-07,1.66
11972,2001-12-10,1.68
11973,2001-12-11,1.63
11974,2001-12-12,1.64
11975,2001-12-13,1.66
11976,2001-12-14,1.7
11977,2001-12-17,1.71
11978,2001-12-18,1.68
11979,2001-12-19,1.66
11980,2001-12-20,1.66
11981,2001-12-21,1.68
11982,2001-12-24,1.69
11983,2001-12-26,1.72
11984,2001-12-27,1.71
11985,2001-12-28,1.69
11986,2001-12-31,1.71
11987,2002-01-02,1.71
11988,2002-01-03,1.7
11989,2002-01-04,1.69
11990,2002-01-07,1.66
11991,2002-01-08,1.65
11992,2002-01-09,1.65
11993,2002-01-10,1.65
11994,2002-01-11,1.55
11995,2002-01-14,1.55
11996,2002-01-15,1.57
11997,2002-01-16,1.58
11998,2002-01-17,1.61
11999,2002-01-18,1.59
12000,2002-01-22,1.66
12001,2002-01-23,1.68
12002,2002-01-24,1.69
12003,2002-01-25,1.69
12004,2002-01-28,1.7
12005,2002-01-29,1.69
12006,2002-01-30,1.72
12007,2002-01-31,1.73
12008,2002-02-01,1.73
12009,2002-02-04,1.74
12010,2002-02-05,1.73
12011,2002-02-06,1.71
12012,2002-02-07,1.7
12013,2002-02-08,1.7
12014,2002-02-11,1.7
12015,2002-02-12,1.72
12016,2002-02-13,1.73
12017,2002-02-14,1.72
12018,2002-02-15,1.71
12019,2002-02-19,1.71
12020,2002-02-20,1.73
12021,2002-02-21,1.73
12022,2002-02-22,1.73
12023,2002-02-25,1.74
12024,2002-02-26,1.74
12025,2002-02-27,1.74
12026,2002-02-28,1.76
12027,2002-03-01,1.74
12028,2002-03-04,1.76
12029,2002-03-05,1.77
12030,2002-03-06,1.75
12031,2002-03-07,1.75
12032,2002-03-08,1.77
12033,2002-03-11,1.8
12034,2002-03-12,1.81
12035,2002-03-13,1.79
12036,2002-03-14,1.82
12037,2002-03-15,1.82
12038,2002-03-18,1.83
12039,2002-03-19,1.82
12040,2002-03-20,1.81
12041,2002-03-21,1.8
12042,2002-03-22,1.8
12043,2002-03-25,1.79
12044,2002-03-26,1.78
12045,2002-03-27,1.78
12046,2002-03-28,1.76
12047,2002-04-01,1.75
12048,2002-04-02,1.77
12049,2002-04-03,1.76
12050,2002-04-04,1.75
12051,2002-04-05,1.73
12052,2002-04-08,1.72
12053,2002-04-09,1.7
12054,2002-04-10,1.68
12055,2002-04-11,1.69
12056,2002-04-12,1.68
12057,2002-04-15,1.68
12058,2002-04-16,1.71
12059,2002-04-17,1.7
12060,2002-04-18,1.69
12061,2002-04-19,1.7
12062,2002-04-22,1.69
12063,2002-04-23,1.7
12064,2002-04-24,1.69
12065,2002-04-25,1.71
12066,2002-04-26,1.72
12067,2002-04-29,1.74
12068,2002-04-30,1.74
12069,2002-05-01,1.74
12070,2002-05-02,1.74
12071,2002-05-03,1.73
12072,2002-05-06,1.73
12073,2002-05-07,1.73
12074,2002-05-08,1.73
12075,2002-05-09,1.74
12076,2002-05-10,1.74
12077,2002-05-13,1.74
12078,2002-05-14,1.75
12079,2002-05-15,1.73
12080,2002-05-16,1.72
12081,2002-05-17,1.73
12082,2002-05-20,1.72
12083,2002-05-21,1.72
12084,2002-05-22,1.71
12085,2002-05-23,1.71
12086,2002-05-24,1.71
12087,2002-05-28,1.73
12088,2002-05-29,1.72
12089,2002-05-30,1.72
12090,2002-05-31,1.71
12091,2002-06-03,1.72
12092,2002-06-04,1.73
12093,2002-06-05,1.72
12094,2002-06-06,1.71
12095,2002-06-07,1.71
12096,2002-06-10,1.72
12097,2002-06-11,1.72
12098,2002-06-12,1.71
12099,2002-06-13,1.69
12100,2002-06-14,1.68
12101,2002-06-17,1.7
12102,2002-06-18,1.7
12103,2002-06-19,1.68
12104,2002-06-20,1.7
12105,2002-06-21,1.69
12106,2002-06-24,1.7
12107,2002-06-25,1.7
12108,2002-06-26,1.67
12109,2002-06-27,1.67
12110,2002-06-28,1.67
12111,2002-07-01,1.68
12112,2002-07-02,1.69
12113,2002-07-03,1.69
12114,2002-07-05,1.69
12115,2002-07-08,1.7
12116,2002-07-09,1.69
12117,2002-07-10,1.69
12118,2002-07-11,1.69
12119,2002-07-12,1.68
12120,2002-07-15,1.68
12121,2002-07-16,1.69
12122,2002-07-17,1.69
12123,2002-07-18,1.69
12124,2002-07-19,1.68
12125,2002-07-22,1.68
12126,2002-07-23,1.67
12127,2002-07-24,1.66
12128,2002-07-25,1.67
12129,2002-07-26,1.66
12130,2002-07-29,1.69
12131,2002-07-30,1.69
12132,2002-07-31,1.68
12133,2002-08-01,1.65
12134,2002-08-02,1.6
12135,2002-08-05,1.61
12136,2002-08-06,1.62
12137,2002-08-07,1.56
12138,2002-08-08,1.59
12139,2002-08-09,1.59
12140,2002-08-12,1.64
12141,2002-08-13,1.6
12142,2002-08-14,1.61
12143,2002-08-15,1.59
12144,2002-08-16,1.59
12145,2002-08-19,1.63
12146,2002-08-20,1.59
12147,2002-08-21,1.6
12148,2002-08-22,1.62
12149,2002-08-23,1.62
12150,2002-08-26,1.64
12151,2002-08-27,1.65
12152,2002-08-28,1.64
12153,2002-08-29,1.65
12154,2002-08-30,1.66
12155,2002-09-03,1.61
12156,2002-09-04,1.6
12157,2002-09-05,1.58
12158,2002-09-06,1.63
12159,2002-09-09,1.66
12160,2002-09-10,1.65
12161,2002-09-11,1.66
12162,2002-09-12,1.66
12163,2002-09-13,1.66
12164,2002-09-16,1.68
12165,2002-09-17,1.67
12166,2002-09-18,1.65
12167,2002-09-19,1.62
12168,2002-09-20,1.62
12169,2002-09-23,1.62
12170,2002-09-24,1.62
12171,2002-09-25,1.63
12172,2002-09-26,1.62
12173,2002-09-27,1.6
12174,2002-09-30,1.54
12175,2002-10-01,1.56
12176,2002-10-02,1.55
12177,2002-10-03,1.54
12178,2002-10-04,1.58
12179,2002-10-07,1.6
12180,2002-10-08,1.58
12181,2002-10-09,1.54
12182,2002-10-10,1.55
12183,2002-10-11,1.55
12184,2002-10-15,1.65
12185,2002-10-16,1.63
12186,2002-10-17,1.64
12187,2002-10-18,1.64
12188,2002-10-21,1.68
12189,2002-10-22,1.66
12190,2002-10-23,1.65
12191,2002-10-24,1.62
12192,2002-10-25,1.61
12193,2002-10-28,1.56
12194,2002-10-29,1.48
12195,2002-10-30,1.48
12196,2002-10-31,1.42
12197,2002-11-01,1.41
12198,2002-11-04,1.41
12199,2002-11-05,1.4
12200,2002-11-06,1.21
12201,2002-11-07,1.2
12202,2002-11-08,1.2
12203,2002-11-12,1.2
12204,2002-11-13,1.19
12205,2002-11-14,1.2
12206,2002-11-15,1.2
12207,2002-11-18,1.21
12208,2002-11-19,1.19
12209,2002-11-20,1.2
12210,2002-11-21,1.2
12211,2002-11-22,1.21
12212,2002-11-25,1.22
12213,2002-11-26,1.2
12214,2002-11-27,1.21
12215,2002-11-29,1.2
12216,2002-12-02,1.22
12217,2002-12-03,1.21
12218,2002-12-04,1.2
12219,2002-12-05,1.2
12220,2002-12-06,1.19
12221,2002-12-09,1.21
12222,2002-12-10,1.19
12223,2002-12-11,1.19
12224,2002-12-12,1.19
12225,2002-12-13,1.19
12226,2002-12-16,1.21
12227,2002-12-17,1.2
12228,2002-12-18,1.19
12229,2002-12-19,1.19
12230,2002-12-20,1.19
12231,2002-12-23,1.17
12232,2002-12-24,1.17
12233,2002-12-26,1.16
12234,2002-12-27,1.14
12235,2002-12-30,1.2
12236,2002-12-31,1.2
12237,2003-01-02,1.2
12238,2003-01-03,1.2
12239,2003-01-06,1.19
12240,2003-01-07,1.17
12241,2003-01-08,1.17
12242,2003-01-09,1.18
12243,2003-01-10,1.18
12244,2003-01-13,1.19
12245,2003-01-14,1.17
12246,2003-01-15,1.18
12247,2003-01-16,1.16
12248,2003-01-17,1.16
12249,2003-01-21,1.17
12250,2003-01-22,1.15
12251,2003-01-23,1.15
12252,2003-01-24,1.14
12253,2003-01-27,1.15
12254,2003-01-28,1.16
12255,2003-01-29,1.16
12256,2003-01-30,1.16
12257,2003-01-31,1.16
12258,2003-02-03,1.16
12259,2003-02-04,1.14
12260,2003-02-05,1.16
12261,2003-02-06,1.15
12262,2003-02-07,1.15
12263,2003-02-10,1.15
12264,2003-02-11,1.16
12265,2003-02-12,1.16
12266,2003-02-13,1.15
12267,2003-02-14,1.16
12268,2003-02-18,1.17
12269,2003-02-19,1.16
12270,2003-02-20,1.17
12271,2003-02-21,1.17
12272,2003-02-24,1.19
12273,2003-02-25,1.18
12274,2003-02-26,1.19
12275,2003-02-27,1.19
12276,2003-02-28,1.18
12277,2003-03-03,1.18
12278,2003-03-04,1.17
12279,2003-03-05,1.16
12280,2003-03-06,1.16
12281,2003-03-07,1.1
12282,2003-03-10,1.06
12283,2003-03-11,1.08
12284,2003-03-12,1.08
12285,2003-03-13,1.1
12286,2003-03-14,1.11
12287,2003-03-17,1.13
12288,2003-03-18,1.12
12289,2003-03-19,1.14
12290,2003-03-20,1.15
12291,2003-03-21,1.16
12292,2003-03-24,1.15
12293,2003-03-25,1.16
12294,2003-03-26,1.16
12295,2003-03-27,1.14
12296,2003-03-28,1.12
12297,2003-03-31,1.12
12298,2003-04-01,1.1
12299,2003-04-02,1.11
12300,2003-04-03,1.09
12301,2003-04-04,1.09
12302,2003-04-07,1.15
12303,2003-04-08,1.13
12304,2003-04-09,1.11
12305,2003-04-10,1.12
12306,2003-04-11,1.15
12307,2003-04-14,1.18
12308,2003-04-15,1.16
12309,2003-04-16,1.15
12310,2003-04-17,1.16
12311,2003-04-21,1.16
12312,2003-04-22,1.16
12313,2003-04-23,1.15
12314,2003-04-24,1.13
12315,2003-04-25,1.12
12316,2003-04-28,1.12
12317,2003-04-29,1.13
12318,2003-04-30,1.11
12319,2003-05-01,1.08
12320,2003-05-02,1.1
12321,2003-05-05,1.11
12322,2003-05-06,1.08
12323,2003-05-07,1.09
12324,2003-05-08,1.07
12325,2003-05-09,1.09
12326,2003-05-12,1.08
12327,2003-05-13,1.07
12328,2003-05-14,1.04
12329,2003-05-15,1.04
12330,2003-05-16,1.03
12331,2003-05-19,1.03
12332,2003-05-20,1.02
12333,2003-05-21,1.04
12334,2003-05-22,1.06
12335,2003-05-23,1.06
12336,2003-05-27,1.07
12337,2003-05-28,1.1
12338,2003-05-29,1.08
12339,2003-05-30,1.09
12340,2003-06-02,1.12
12341,2003-06-03,1.06
12342,2003-06-04,1.03
12343,2003-06-05,1.02
12344,2003-06-06,1.03
12345,2003-06-09,1.01
12346,2003-06-10,0.95
12347,2003-06-11,0.92
12348,2003-06-12,0.9
12349,2003-06-13,0.84
12350,2003-06-16,0.85
12351,2003-06-17,0.88
12352,2003-06-18,0.87
12353,2003-06-19,0.8
12354,2003-06-20,0.81
12355,2003-06-23,0.83
12356,2003-06-24,0.81
12357,2003-06-25,0.9
12358,2003-06-26,0.89
12359,2003-06-27,0.85
12360,2003-06-30,0.89
12361,2003-07-01,0.87
12362,2003-07-02,0.85
12363,2003-07-03,0.85
12364,2003-07-07,0.9
12365,2003-07-08,0.9
12366,2003-07-09,0.88
12367,2003-07-10,0.87
12368,2003-07-11,0.87
12369,2003-07-14,0.89
12370,2003-07-15,0.9
12371,2003-07-16,0.89
12372,2003-07-17,0.88
12373,2003-07-18,0.89
12374,2003-07-21,0.91
12375,2003-07-22,0.91
12376,2003-07-23,0.91
12377,2003-07-24,0.91
12378,2003-07-25,0.91
12379,2003-07-28,0.95
12380,2003-07-29,0.97
12381,2003-07-30,0.96
12382,2003-07-31,0.94
12383,2003-08-01,0.93
12384,2003-08-04,0.95
12385,2003-08-05,0.94
12386,2003-08-06,0.93
12387,2003-08-07,0.93
12388,2003-08-08,0.94
12389,2003-08-11,0.94
12390,2003-08-12,0.93
12391,2003-08-13,0.94
12392,2003-08-14,0.94
12393,2003-08-15,0.93
12394,2003-08-18,0.94
12395,2003-08-19,0.94
12396,2003-08-20,0.94
12397,2003-08-21,0.95
12398,2003-08-22,0.96
12399,2003-08-25,1.0
12400,2003-08-26,0.99
12401,2003-08-27,0.98
12402,2003-08-28,0.97
12403,2003-08-29,0.96
12404,2003-09-02,0.96
12405,2003-09-03,0.95
12406,2003-09-04,0.95
12407,2003-09-05,0.94
12408,2003-09-08,0.95
12409,2003-09-09,0.94
12410,2003-09-10,0.94
12411,2003-09-11,0.94
12412,2003-09-12,0.94
12413,2003-09-15,0.94
12414,2003-09-16,0.91
12415,2003-09-17,0.93
12416,2003-09-18,0.94
12417,2003-09-19,0.93
12418,2003-09-22,0.94
12419,2003-09-23,0.92
12420,2003-09-24,0.93
12421,2003-09-25,0.92
12422,2003-09-26,0.92
12423,2003-09-29,0.95
12424,2003-09-30,0.93
12425,2003-10-01,0.93
12426,2003-10-02,0.92
12427,2003-10-03,0.92
12428,2003-10-06,0.92
12429,2003-10-07,0.9
12430,2003-10-08,0.89
12431,2003-10-09,0.89
12432,2003-10-10,0.9
12433,2003-10-14,0.91
12434,2003-10-15,0.91
12435,2003-10-16,0.91
12436,2003-10-17,0.91
12437,2003-10-20,0.93
12438,2003-10-21,0.91
12439,2003-10-22,0.94
12440,2003-10-23,0.94
12441,2003-10-24,0.93
12442,2003-10-27,0.96
12443,2003-10-28,0.94
12444,2003-10-29,0.94
12445,2003-10-30,0.94
12446,2003-10-31,0.94
12447,2003-11-03,0.94
12448,2003-11-04,0.93
12449,2003-11-05,0.94
12450,2003-11-06,0.94
12451,2003-11-07,0.94
12452,2003-11-10,0.95
12453,2003-11-12,0.93
12454,2003-11-13,0.92
12455,2003-11-14,0.93
12456,2003-11-17,0.94
12457,2003-11-18,0.94
12458,2003-11-19,0.93
12459,2003-11-20,0.93
12460,2003-11-21,0.92
12461,2003-11-24,0.94
12462,2003-11-25,0.93
12463,2003-11-26,0.92
12464,2003-11-28,0.91
12465,2003-12-01,0.93
12466,2003-12-02,0.92
12467,2003-12-03,0.92
12468,2003-12-04,0.91
12469,2003-12-05,0.9
12470,2003-12-08,0.91
12471,2003-12-09,0.91
12472,2003-12-10,0.91
12473,2003-12-11,0.88
12474,2003-12-12,0.89
12475,2003-12-15,0.89
12476,2003-12-16,0.89
12477,2003-12-17,0.88
12478,2003-12-18,0.87
12479,2003-12-19,0.86
12480,2003-12-22,0.89
12481,2003-12-23,0.88
12482,2003-12-24,0.88
12483,2003-12-26,0.85
12484,2003-12-29,0.89
12485,2003-12-30,0.92
12486,2003-12-31,0.93
12487,2004-01-02,0.91
12488,2004-01-05,0.9
12489,2004-01-06,0.9
12490,2004-01-07,0.89
12491,2004-01-08,0.86
12492,2004-01-09,0.85
12493,2004-01-12,0.88
12494,2004-01-13,0.87
12495,2004-01-14,0.86
12496,2004-01-15,0.86
12497,2004-01-16,0.87
12498,2004-01-20,0.88
12499,2004-01-21,0.87
12500,2004-01-22,0.86
12501,2004-01-23,0.88
12502,2004-01-26,0.89
12503,2004-01-27,0.89
12504,2004-01-28,0.92
12505,2004-01-29,0.92
12506,2004-01-30,0.9
12507,2004-02-02,0.93
12508,2004-02-03,0.92
12509,2004-02-04,0.92
12510,2004-02-05,0.92
12511,2004-02-06,0.91
12512,2004-02-09,0.93
12513,2004-02-10,0.93
12514,2004-02-11,0.91
12515,2004-02-12,0.91
12516,2004-02-13,0.9
12517,2004-02-17,0.93
12518,2004-02-18,0.92
12519,2004-02-19,0.92
12520,2004-02-20,0.92
12521,2004-02-23,0.95
12522,2004-02-24,0.95
12523,2004-02-25,0.94
12524,2004-02-26,0.94
12525,2004-02-27,0.94
12526,2004-03-01,0.95
12527,2004-03-02,0.95
12528,2004-03-03,0.95
12529,2004-03-04,0.94
12530,2004-03-05,0.93
12531,2004-03-08,0.95
12532,2004-03-09,0.94
12533,2004-03-10,0.94
12534,2004-03-11,0.95
12535,2004-03-12,0.94
12536,2004-03-15,0.95
12537,2004-03-16,0.94
12538,2004-03-17,0.92
12539,2004-03-18,0.92
12540,2004-03-19,0.92
12541,2004-03-22,0.94
12542,2004-03-23,0.93
12543,2004-03-24,0.92
12544,2004-03-25,0.92
12545,2004-03-26,0.93
12546,2004-03-29,0.95
12547,2004-03-30,0.94
12548,2004-03-31,0.93
12549,2004-04-01,0.92
12550,2004-04-02,0.93
12551,2004-04-05,0.93
12552,2004-04-06,0.92
12553,2004-04-07,0.93
12554,2004-04-08,0.92
12555,2004-04-12,0.93
12556,2004-04-13,0.93
12557,2004-04-14,0.94
12558,2004-04-15,0.93
12559,2004-04-16,0.92
12560,2004-04-19,0.95
12561,2004-04-20,0.96
12562,2004-04-21,0.98
12563,2004-04-22,0.95
12564,2004-04-23,0.96
12565,2004-04-26,0.98
12566,2004-04-27,0.97
12567,2004-04-28,0.96
12568,2004-04-29,0.95
12569,2004-04-30,0.96
12570,2004-05-03,0.99
12571,2004-05-04,0.99
12572,2004-05-05,0.97
12573,2004-05-06,0.98
12574,2004-05-07,1.05
12575,2004-05-10,1.07
12576,2004-05-11,1.04
12577,2004-05-12,1.02
12578,2004-05-13,0.98
12579,2004-05-14,0.97
12580,2004-05-17,1.05
12581,2004-05-18,1.04
12582,2004-05-19,1.02
12583,2004-05-20,1.01
12584,2004-05-21,1.01
12585,2004-05-24,1.06
12586,2004-05-25,1.06
12587,2004-05-26,1.06
12588,2004-05-27,1.04
12589,2004-05-28,1.06
12590,2004-06-01,1.15
12591,2004-06-02,1.15
12592,2004-06-03,1.15
12593,2004-06-04,1.18
12594,2004-06-07,1.23
12595,2004-06-08,1.25
12596,2004-06-09,1.25
12597,2004-06-10,1.27
12598,2004-06-14,1.4
12599,2004-06-15,1.32
12600,2004-06-16,1.28
12601,2004-06-17,1.25
12602,2004-06-18,1.26
12603,2004-06-21,1.32
12604,2004-06-22,1.3
12605,2004-06-23,1.27
12606,2004-06-24,1.26
12607,2004-06-25,1.28
12608,2004-06-28,1.36
12609,2004-06-29,1.36
12610,2004-06-30,1.31
12611,2004-07-01,1.2
12612,2004-07-02,1.27
12613,2004-07-06,1.32
12614,2004-07-07,1.28
12615,2004-07-08,1.25
12616,2004-07-09,1.25
12617,2004-07-12,1.32
12618,2004-07-13,1.32
12619,2004-07-14,1.32
12620,2004-07-15,1.32
12621,2004-07-16,1.32
12622,2004-07-19,1.33
12623,2004-07-20,1.34
12624,2004-07-21,1.33
12625,2004-07-22,1.34
12626,2004-07-23,1.35
12627,2004-07-26,1.43
12628,2004-07-27,1.44
12629,2004-07-28,1.43
12630,2004-07-29,1.42
12631,2004-07-30,1.42
12632,2004-08-02,1.48
12633,2004-08-03,1.46
12634,2004-08-04,1.46
12635,2004-08-05,1.45
12636,2004-08-06,1.41
12637,2004-08-09,1.49
12638,2004-08-10,1.48
12639,2004-08-11,1.42
12640,2004-08-12,1.41
12641,2004-08-13,1.41
12642,2004-08-16,1.47
12643,2004-08-17,1.46
12644,2004-08-18,1.46
12645,2004-08-19,1.45
12646,2004-08-20,1.46
12647,2004-08-23,1.52
12648,2004-08-24,1.52
12649,2004-08-25,1.52
12650,2004-08-26,1.52
12651,2004-08-27,1.53
12652,2004-08-30,1.59
12653,2004-08-31,1.57
12654,2004-09-01,1.55
12655,2004-09-02,1.57
12656,2004-09-03,1.62
12657,2004-09-07,1.64
12658,2004-09-08,1.62
12659,2004-09-09,1.61
12660,2004-09-10,1.63
12661,2004-09-13,1.64
12662,2004-09-14,1.63
12663,2004-09-15,1.64
12664,2004-09-16,1.64
12665,2004-09-17,1.68
12666,2004-09-20,1.7
12667,2004-09-21,1.69
12668,2004-09-22,1.68
12669,2004-09-23,1.69
12670,2004-09-24,1.7
12671,2004-09-27,1.72
12672,2004-09-28,1.69
12673,2004-09-29,1.69
12674,2004-09-30,1.68
12675,2004-10-01,1.67
12676,2004-10-04,1.69
12677,2004-10-05,1.68
12678,2004-10-06,1.68
12679,2004-10-07,1.67
12680,2004-10-08,1.67
12681,2004-10-12,1.69
12682,2004-10-13,1.69
12683,2004-10-14,1.71
12684,2004-10-15,1.72
12685,2004-10-18,1.78
12686,2004-10-19,1.79
12687,2004-10-20,1.79
12688,2004-10-21,1.81
12689,2004-10-22,1.81
12690,2004-10-25,1.87
12691,2004-10-26,1.88
12692,2004-10-27,1.88
12693,2004-10-28,1.87
12694,2004-10-29,1.87
12695,2004-11-01,1.96
12696,2004-11-02,1.94
12697,2004-11-03,1.92
12698,2004-11-04,1.94
12699,2004-11-05,1.99
12700,2004-11-08,2.04
12701,2004-11-09,2.04
12702,2004-11-10,2.04
12703,2004-11-12,2.04
12704,2004-11-15,2.09
12705,2004-11-16,2.1
12706,2004-11-17,2.09
12707,2004-11-18,2.09
12708,2004-11-19,2.1
12709,2004-11-22,2.16
12710,2004-11-23,2.15
12711,2004-11-24,2.14
12712,2004-11-26,2.16
12713,2004-11-29,2.2
12714,2004-11-30,2.19
12715,2004-12-01,2.18
12716,2004-12-02,2.18
12717,2004-12-03,2.17
12718,2004-12-06,2.22
12719,2004-12-07,2.21
12720,2004-12-08,2.2
12721,2004-12-09,2.2
12722,2004-12-10,2.21
12723,2004-12-13,2.21
12724,2004-12-14,2.18
12725,2004-12-15,2.17
12726,2004-12-16,2.16
12727,2004-12-17,2.16
12728,2004-12-20,2.19
12729,2004-12-21,2.17
12730,2004-12-22,2.15
12731,2004-12-23,2.15
12732,2004-12-27,2.24
12733,2004-12-28,2.22
12734,2004-12-29,2.19
12735,2004-12-30,2.18
12736,2004-12-31,2.18
12737,2005-01-03,2.29
12738,2005-01-04,2.3
12739,2005-01-05,2.29
12740,2005-01-06,2.27
12741,2005-01-07,2.28
12742,2005-01-10,2.33
12743,2005-01-11,2.31
12744,2005-01-12,2.3
12745,2005-01-13,2.31
12746,2005-01-14,2.32
12747,2005-01-18,2.36
12748,2005-01-19,2.33
12749,2005-01-20,2.31
12750,2005-01-21,2.31
12751,2005-01-24,2.34
12752,2005-01-25,2.36
12753,2005-01-26,2.37
12754,2005-01-27,2.4
12755,2005-01-28,2.41
12756,2005-01-31,2.48
12757,2005-02-01,2.47
12758,2005-02-02,2.47
12759,2005-02-03,2.44
12760,2005-02-04,2.43
12761,2005-02-07,2.48
12762,2005-02-08,2.48
12763,2005-02-09,2.47
12764,2005-02-10,2.47
12765,2005-02-11,2.5
12766,2005-02-14,2.55
12767,2005-02-15,2.55
12768,2005-02-16,2.53
12769,2005-02-17,2.53
12770,2005-02-18,2.56
12771,2005-02-22,2.63
12772,2005-02-23,2.63
12773,2005-02-24,2.64
12774,2005-02-25,2.69
12775,2005-02-28,2.72
12776,2005-03-01,2.7
12777,2005-03-02,2.68
12778,2005-03-03,2.7
12779,2005-03-04,2.7
12780,2005-03-07,2.71
12781,2005-03-08,2.7
12782,2005-03-09,2.7
12783,2005-03-10,2.69
12784,2005-03-11,2.7
12785,2005-03-14,2.75
12786,2005-03-15,2.75
12787,2005-03-16,2.74
12788,2005-03-17,2.73
12789,2005-03-18,2.75
12790,2005-03-21,2.8
12791,2005-03-22,2.83
12792,2005-03-23,2.77
12793,2005-03-24,2.78
12794,2005-03-28,2.79
12795,2005-03-29,2.78
12796,2005-03-30,2.77
12797,2005-03-31,2.73
12798,2005-04-01,2.74
12799,2005-04-04,2.75
12800,2005-04-05,2.74
12801,2005-04-06,2.71
12802,2005-04-07,2.71
12803,2005-04-08,2.73
12804,2005-04-11,2.71
12805,2005-04-12,2.71
12806,2005-04-13,2.72
12807,2005-04-14,2.72
12808,2005-04-15,2.73
12809,2005-04-18,2.85
12810,2005-04-19,2.85
12811,2005-04-20,2.81
12812,2005-04-21,2.82
12813,2005-04-22,2.87
12814,2005-04-25,2.88
12815,2005-04-26,2.86
12816,2005-04-27,2.83
12817,2005-04-28,2.82
12818,2005-04-29,2.84
12819,2005-05-02,2.88
12820,2005-05-03,2.85
12821,2005-05-04,2.81
12822,2005-05-05,2.75
12823,2005-05-06,2.8
12824,2005-05-09,2.86
12825,2005-05-10,2.84
12826,2005-05-11,2.81
12827,2005-05-12,2.82
12828,2005-05-13,2.76
12829,2005-05-16,2.84
12830,2005-05-17,2.82
12831,2005-05-18,2.8
12832,2005-05-19,2.81
12833,2005-05-20,2.83
12834,2005-05-23,2.91
12835,2005-05-24,2.88
12836,2005-05-25,2.89
12837,2005-05-26,2.88
12838,2005-05-27,2.9
12839,2005-05-31,2.93
12840,2005-06-01,2.91
12841,2005-06-02,2.91
12842,2005-06-03,2.94
12843,2005-06-06,2.96
12844,2005-06-07,2.96
12845,2005-06-08,2.96
12846,2005-06-09,2.93
12847,2005-06-10,2.94
12848,2005-06-13,2.97
12849,2005-06-14,2.95
12850,2005-06-15,2.94
12851,2005-06-16,2.91
12852,2005-06-17,2.92
12853,2005-06-20,2.96
12854,2005-06-21,2.96
12855,2005-06-22,2.97
12856,2005-06-23,3.0
12857,2005-06-24,3.02
12858,2005-06-27,3.09
12859,2005-06-28,3.08
12860,2005-06-29,3.06
12861,2005-06-30,3.06
12862,2005-07-01,3.1
12863,2005-07-05,3.15
12864,2005-07-06,3.12
12865,2005-07-07,3.08
12866,2005-07-08,3.1
12867,2005-07-11,3.13
12868,2005-07-12,3.14
12869,2005-07-13,3.15
12870,2005-07-14,3.16
12871,2005-07-15,3.18
12872,2005-07-18,3.23
12873,2005-07-19,3.24
12874,2005-07-20,3.23
12875,2005-07-21,3.27
12876,2005-07-22,3.3
12877,2005-07-25,3.37
12878,2005-07-26,3.36
12879,2005-07-27,3.33
12880,2005-07-28,3.33
12881,2005-07-29,3.34
12882,2005-08-01,3.41
12883,2005-08-02,3.41
12884,2005-08-03,3.38
12885,2005-08-04,3.39
12886,2005-08-05,3.44
12887,2005-08-08,3.47
12888,2005-08-09,3.44
12889,2005-08-10,3.43
12890,2005-08-11,3.43
12891,2005-08-12,3.44
12892,2005-08-15,3.47
12893,2005-08-16,3.46
12894,2005-08-17,3.44
12895,2005-08-18,3.42
12896,2005-08-19,3.44
12897,2005-08-22,3.46
12898,2005-08-23,3.46
12899,2005-08-24,3.45
12900,2005-08-25,3.46
12901,2005-08-26,3.47
12902,2005-08-29,3.47
12903,2005-08-30,3.46
12904,2005-08-31,3.44
12905,2005-09-01,3.4
12906,2005-09-02,3.38
12907,2005-09-06,3.45
12908,2005-09-07,3.41
12909,2005-09-08,3.4
12910,2005-09-09,3.41
12911,2005-09-12,3.44
12912,2005-09-13,3.4
12913,2005-09-14,3.35
12914,2005-09-15,3.37
12915,2005-09-16,3.42
12916,2005-09-19,3.51
12917,2005-09-20,3.54
12918,2005-09-21,3.34
12919,2005-09-22,3.39
12920,2005-09-23,3.4
12921,2005-09-26,3.46
12922,2005-09-27,3.42
12923,2005-09-28,3.39
12924,2005-09-29,3.46
12925,2005-09-30,3.47
12926,2005-10-03,3.54
12927,2005-10-04,3.55
12928,2005-10-05,3.5
12929,2005-10-06,3.52
12930,2005-10-07,3.54
12931,2005-10-11,3.65
12932,2005-10-12,3.62
12933,2005-10-13,3.66
12934,2005-10-14,3.69
12935,2005-10-17,3.78
12936,2005-10-18,3.77
12937,2005-10-19,3.77
12938,2005-10-20,3.76
12939,2005-10-21,3.77
12940,2005-10-24,3.84
12941,2005-10-25,3.84
12942,2005-10-26,3.81
12943,2005-10-27,3.79
12944,2005-10-28,3.83
12945,2005-10-31,3.89
12946,2005-11-01,3.87
12947,2005-11-02,3.85
12948,2005-11-03,3.85
12949,2005-11-04,3.88
12950,2005-11-07,3.87
12951,2005-11-08,3.87
12952,2005-11-09,3.9
12953,2005-11-10,3.88
12954,2005-11-14,3.93
12955,2005-11-15,3.92
12956,2005-11-16,3.91
12957,2005-11-17,3.92
12958,2005-11-18,3.91
12959,2005-11-21,3.91
12960,2005-11-22,3.84
12961,2005-11-23,3.86
12962,2005-11-25,3.86
12963,2005-11-28,3.89
12964,2005-11-29,3.89
12965,2005-11-30,3.86
12966,2005-12-01,3.88
12967,2005-12-02,3.9
12968,2005-12-05,3.95
12969,2005-12-06,3.95
12970,2005-12-07,3.94
12971,2005-12-08,3.85
12972,2005-12-09,3.85
12973,2005-12-12,3.83
12974,2005-12-13,3.83
12975,2005-12-14,3.81
12976,2005-12-15,3.84
12977,2005-12-16,3.84
12978,2005-12-19,3.89
12979,2005-12-20,3.88
12980,2005-12-21,3.9
12981,2005-12-22,3.89
12982,2005-12-23,3.9
12983,2005-12-27,3.9
12984,2005-12-28,3.87
12985,2005-12-29,3.92
12986,2005-12-30,3.99
12987,2006-01-03,4.07
12988,2006-01-04,4.09
12989,2006-01-05,4.1
12990,2006-01-06,4.12
12991,2006-01-09,4.14
12992,2006-01-10,4.19
12993,2006-01-11,4.2
12994,2006-01-12,4.22
12995,2006-01-13,4.23
12996,2006-01-17,4.28
12997,2006-01-18,4.25
12998,2006-01-19,4.25
12999,2006-01-20,4.25
13000,2006-01-23,4.28
13001,2006-01-24,4.3
13002,2006-01-25,4.32
13003,2006-01-26,4.34
13004,2006-01-27,4.34
13005,2006-01-30,4.38
13006,2006-01-31,4.37
13007,2006-02-01,4.37
13008,2006-02-02,4.37
13009,2006-02-03,4.37
13010,2006-02-06,4.38
13011,2006-02-07,4.39
13012,2006-02-08,4.4
13013,2006-02-09,4.41
13014,2006-02-10,4.42
13015,2006-02-13,4.45
13016,2006-02-14,4.45
13017,2006-02-15,4.44
13018,2006-02-16,4.44
13019,2006-02-17,4.43
13020,2006-02-21,4.46
13021,2006-02-22,4.46
13022,2006-02-23,4.48
13023,2006-02-24,4.49
13024,2006-02-27,4.51
13025,2006-02-28,4.51
13026,2006-03-01,4.49
13027,2006-03-02,4.5
13028,2006-03-03,4.5
13029,2006-03-06,4.49
13030,2006-03-07,4.49
13031,2006-03-08,4.47
13032,2006-03-09,4.48
13033,2006-03-10,4.5
13034,2006-03-13,4.5
13035,2006-03-14,4.48
13036,2006-03-15,4.51
13037,2006-03-16,4.5
13038,2006-03-17,4.52
13039,2006-03-20,4.55
13040,2006-03-21,4.57
13041,2006-03-22,4.57
13042,2006-03-23,4.55
13043,2006-03-24,4.54
13044,2006-03-27,4.51
13045,2006-03-28,4.53
13046,2006-03-29,4.51
13047,2006-03-30,4.5
13048,2006-03-31,4.52
13049,2006-04-03,4.55
13050,2006-04-04,4.56
13051,2006-04-05,4.55
13052,2006-04-06,4.56
13053,2006-04-07,4.57
13054,2006-04-10,4.58
13055,2006-04-11,4.58
13056,2006-04-12,4.58
13057,2006-04-13,4.58
13058,2006-04-17,4.61
13059,2006-04-18,4.61
13060,2006-04-19,4.61
13061,2006-04-20,4.61
13062,2006-04-21,4.63
13063,2006-04-24,4.64
13064,2006-04-25,4.67
13065,2006-04-26,4.67
13066,2006-04-27,4.66
13067,2006-04-28,4.65
13068,2006-05-01,4.7
13069,2006-05-02,4.69
13070,2006-05-03,4.7
13071,2006-05-04,4.68
13072,2006-05-05,4.7
13073,2006-05-08,4.75
13074,2006-05-09,4.76
13075,2006-05-10,4.76
13076,2006-05-11,4.7
13077,2006-05-12,4.72
13078,2006-05-15,4.74
13079,2006-05-16,4.71
13080,2006-05-17,4.71
13081,2006-05-18,4.71
13082,2006-05-19,4.7
13083,2006-05-22,4.71
13084,2006-05-23,4.72
13085,2006-05-24,4.7
13086,2006-05-25,4.7
13087,2006-05-26,4.72
13088,2006-05-30,4.72
13089,2006-05-31,4.74
13090,2006-06-01,4.71
13091,2006-06-02,4.69
13092,2006-06-05,4.73
13093,2006-06-06,4.74
13094,2006-06-07,4.74
13095,2006-06-08,4.74
13096,2006-06-09,4.75
13097,2006-06-12,4.81
13098,2006-06-13,4.77
13099,2006-06-14,4.77
13100,2006-06-15,4.72
13101,2006-06-16,4.75
13102,2006-06-19,4.81
13103,2006-06-20,4.8
13104,2006-06-21,4.79
13105,2006-06-22,4.79
13106,2006-06-23,4.84
13107,2006-06-26,4.91
13108,2006-06-27,4.92
13109,2006-06-28,4.88
13110,2006-06-29,4.88
13111,2006-06-30,4.87
13112,2006-07-03,4.96
13113,2006-07-05,4.88
13114,2006-07-06,4.87
13115,2006-07-07,4.89
13116,2006-07-10,4.93
13117,2006-07-11,4.92
13118,2006-07-12,4.93
13119,2006-07-13,4.92
13120,2006-07-14,4.93
13121,2006-07-17,4.98
13122,2006-07-18,5.0
13123,2006-07-19,4.98
13124,2006-07-20,4.95
13125,2006-07-21,4.96
13126,2006-07-24,4.97
13127,2006-07-25,5.0
13128,2006-07-26,4.98
13129,2006-07-27,4.97
13130,2006-07-28,4.94
13131,2006-07-31,4.97
13132,2006-08-01,4.99
13133,2006-08-02,4.97
13134,2006-08-03,4.98
13135,2006-08-04,4.96
13136,2006-08-07,4.99
13137,2006-08-08,4.97
13138,2006-08-09,4.94
13139,2006-08-10,4.92
13140,2006-08-11,4.94
13141,2006-08-14,4.99
13142,2006-08-15,4.97
13143,2006-08-16,4.94
13144,2006-08-17,4.96
13145,2006-08-18,4.97
13146,2006-08-21,4.98
13147,2006-08-22,4.97
13148,2006-08-23,4.96
13149,2006-08-24,4.96
13150,2006-08-25,4.98
13151,2006-08-28,4.97
13152,2006-08-29,4.94
13153,2006-08-30,4.92
13154,2006-08-31,4.92
13155,2006-09-01,4.89
13156,2006-09-05,4.87
13157,2006-09-06,4.84
13158,2006-09-07,4.84
13159,2006-09-08,4.8
13160,2006-09-11,4.81
13161,2006-09-12,4.78
13162,2006-09-13,4.79
13163,2006-09-14,4.82
13164,2006-09-15,4.83
13165,2006-09-18,4.82
13166,2006-09-19,4.82
13167,2006-09-20,4.81
13168,2006-09-21,4.79
13169,2006-09-22,4.8
13170,2006-09-25,4.76
13171,2006-09-26,4.76
13172,2006-09-27,4.76
13173,2006-09-28,4.75
13174,2006-09-29,4.77
13175,2006-10-02,4.76
13176,2006-10-03,4.78
13177,2006-10-04,4.8
13178,2006-10-05,4.81
13179,2006-10-06,4.82
13180,2006-10-10,4.87
13181,2006-10-11,4.89
13182,2006-10-12,4.93
13183,2006-10-13,4.92
13184,2006-10-16,4.96
13185,2006-10-17,4.96
13186,2006-10-18,4.96
13187,2006-10-19,4.97
13188,2006-10-20,4.96
13189,2006-10-23,4.99
13190,2006-10-24,5.0
13191,2006-10-25,4.99
13192,2006-10-26,4.99
13193,2006-10-27,4.98
13194,2006-10-30,4.97
13195,2006-10-31,4.95
13196,2006-11-01,4.94
13197,2006-11-02,4.94
13198,2006-11-03,4.96
13199,2006-11-06,4.96
13200,2006-11-07,4.95
13201,2006-11-08,4.97
13202,2006-11-09,4.96
13203,2006-11-10,4.97
13204,2006-11-13,4.96
13205,2006-11-14,4.96
13206,2006-11-15,4.96
13207,2006-11-16,4.96
13208,2006-11-17,4.96
13209,2006-11-20,4.95
13210,2006-11-21,4.94
13211,2006-11-22,4.92
13212,2006-11-24,4.91
13213,2006-11-27,4.92
13214,2006-11-28,4.91
13215,2006-11-29,4.91
13216,2006-11-30,4.9
13217,2006-12-01,4.9
13218,2006-12-04,4.88
13219,2006-12-05,4.86
13220,2006-12-06,4.86
13221,2006-12-07,4.85
13222,2006-12-08,4.84
13223,2006-12-11,4.81
13224,2006-12-12,4.81
13225,2006-12-13,4.82
13226,2006-12-14,4.83
13227,2006-12-15,4.79
13228,2006-12-18,4.84
13229,2006-12-19,4.84
13230,2006-12-20,4.84
13231,2006-12-21,4.84
13232,2006-12-22,4.86
13233,2006-12-26,4.87
13234,2006-12-27,4.85
13235,2006-12-28,4.87
13236,2006-12-29,4.89
13237,2007-01-02,4.94
13238,2007-01-03,4.92
13239,2007-01-04,4.91
13240,2007-01-05,4.92
13241,2007-01-08,4.95
13242,2007-01-09,4.95
13243,2007-01-10,4.96
13244,2007-01-11,4.98
13245,2007-01-12,4.96
13246,2007-01-16,4.98
13247,2007-01-17,4.99
13248,2007-01-18,4.99
13249,2007-01-19,5.01
13250,2007-01-22,5.0
13251,2007-01-23,5.01
13252,2007-01-24,5.0
13253,2007-01-25,5.01
13254,2007-01-26,5.0
13255,2007-01-29,5.01
13256,2007-01-30,5.0
13257,2007-01-31,4.99
13258,2007-02-01,5.0
13259,2007-02-02,5.01
13260,2007-02-05,5.02
13261,2007-02-06,5.01
13262,2007-02-07,5.02
13263,2007-02-08,5.03
13264,2007-02-09,5.02
13265,2007-02-12,5.04
13266,2007-02-13,5.03
13267,2007-02-14,5.02
13268,2007-02-15,5.03
13269,2007-02-16,5.04
13270,2007-02-20,5.05
13271,2007-02-21,5.04
13272,2007-02-22,5.05
13273,2007-02-23,5.05
13274,2007-02-26,5.05
13275,2007-02-27,4.99
13276,2007-02-28,5.01
13277,2007-03-01,5.0
13278,2007-03-02,4.98
13279,2007-03-05,4.97
13280,2007-03-06,4.99
13281,2007-03-07,4.97
13282,2007-03-08,4.95
13283,2007-03-09,4.96
13284,2007-03-12,4.96
13285,2007-03-13,4.94
13286,2007-03-14,4.92
13287,2007-03-15,4.91
13288,2007-03-16,4.9
13289,2007-03-19,4.93
13290,2007-03-20,4.92
13291,2007-03-21,4.91
13292,2007-03-22,4.92
13293,2007-03-23,4.94
13294,2007-03-26,4.93
13295,2007-03-27,4.93
13296,2007-03-28,4.92
13297,2007-03-29,4.91
13298,2007-03-30,4.9
13299,2007-04-02,4.91
13300,2007-04-03,4.91
13301,2007-04-04,4.92
13302,2007-04-05,4.9
13303,2007-04-06,4.91
13304,2007-04-09,4.89
13305,2007-04-10,4.89
13306,2007-04-11,4.9
13307,2007-04-12,4.89
13308,2007-04-13,4.88
13309,2007-04-16,4.88
13310,2007-04-17,4.87
13311,2007-04-18,4.86
13312,2007-04-19,4.85
13313,2007-04-20,4.85
13314,2007-04-23,4.85
13315,2007-04-24,4.84
13316,2007-04-25,4.83
13317,2007-04-26,4.82
13318,2007-04-27,4.81
13319,2007-04-30,4.79
13320,2007-05-01,4.76
13321,2007-05-02,4.77
13322,2007-05-03,4.76
13323,2007-05-04,4.76
13324,2007-05-07,4.77
13325,2007-05-08,4.76
13326,2007-05-09,4.74
13327,2007-05-10,4.73
13328,2007-05-11,4.73
13329,2007-05-14,4.73
13330,2007-05-15,4.7
13331,2007-05-16,4.62
13332,2007-05-17,4.68
13333,2007-05-18,4.7
13334,2007-05-21,4.76
13335,2007-05-22,4.79
13336,2007-05-23,4.77
13337,2007-05-24,4.77
13338,2007-05-25,4.75
13339,2007-05-29,4.76
13340,2007-05-30,4.71
13341,2007-05-31,4.6
13342,2007-06-01,4.66
13343,2007-06-04,4.68
13344,2007-06-05,4.7
13345,2007-06-06,4.67
13346,2007-06-07,4.67
13347,2007-06-08,4.64
13348,2007-06-11,4.6
13349,2007-06-12,4.59
13350,2007-06-13,4.53
13351,2007-06-14,4.52
13352,2007-06-15,4.43
13353,2007-06-18,4.51
13354,2007-06-19,4.52
13355,2007-06-20,4.61
13356,2007-06-21,4.57
13357,2007-06-22,4.59
13358,2007-06-25,4.69
13359,2007-06-26,4.69
13360,2007-06-27,4.64
13361,2007-06-28,4.64
13362,2007-06-29,4.68
13363,2007-07-02,4.81
13364,2007-07-03,4.81
13365,2007-07-05,4.81
13366,2007-07-06,4.81
13367,2007-07-09,4.83
13368,2007-07-10,4.81
13369,2007-07-11,4.81
13370,2007-07-12,4.83
13371,2007-07-13,4.83
13372,2007-07-16,4.84
13373,2007-07-17,4.82
13374,2007-07-18,4.82
13375,2007-07-19,4.84
13376,2007-07-20,4.83
13377,2007-07-23,4.88
13378,2007-07-24,4.88
13379,2007-07-25,4.85
13380,2007-07-26,4.78
13381,2007-07-27,4.72
13382,2007-07-30,4.82
13383,2007-07-31,4.82
13384,2007-08-01,4.75
13385,2007-08-02,4.75
13386,2007-08-03,4.72
13387,2007-08-06,4.74
13388,2007-08-07,4.8
13389,2007-08-08,4.81
13390,2007-08-09,4.67
13391,2007-08-10,4.44
13392,2007-08-13,4.61
13393,2007-08-14,4.51
13394,2007-08-15,4.1
13395,2007-08-16,3.69
13396,2007-08-17,3.65
13397,2007-08-20,3.08
13398,2007-08-21,3.51
13399,2007-08-22,3.58
13400,2007-08-23,3.79
13401,2007-08-24,4.13
13402,2007-08-27,4.5
13403,2007-08-28,4.28
13404,2007-08-29,3.88
13405,2007-08-30,3.74
13406,2007-08-31,3.91
13407,2007-09-04,4.35
13408,2007-09-05,4.24
13409,2007-09-06,4.18
13410,2007-09-07,3.96
13411,2007-09-10,3.86
13412,2007-09-11,4.0
13413,2007-09-12,3.93
13414,2007-09-13,3.97
13415,2007-09-14,3.9
13416,2007-09-17,4.05
13417,2007-09-18,3.91
13418,2007-09-19,3.83
13419,2007-09-20,3.69
13420,2007-09-21,3.64
13421,2007-09-24,3.76
13422,2007-09-25,3.7
13423,2007-09-26,3.64
13424,2007-09-27,3.62
13425,2007-09-28,3.72
13426,2007-10-01,3.83
13427,2007-10-02,3.86
13428,2007-10-03,3.86
13429,2007-10-04,3.85
13430,2007-10-05,3.89
13431,2007-10-09,3.96
13432,2007-10-10,3.95
13433,2007-10-11,4.01
13434,2007-10-12,4.09
13435,2007-10-15,4.19
13436,2007-10-16,4.14
13437,2007-10-17,3.91
13438,2007-10-18,3.66
13439,2007-10-19,3.75
13440,2007-10-22,3.9
13441,2007-10-23,3.88
13442,2007-10-24,3.75
13443,2007-10-25,3.84
13444,2007-10-26,3.86
13445,2007-10-29,3.91
13446,2007-10-30,3.86
13447,2007-10-31,3.84
13448,2007-11-01,3.71
13449,2007-11-02,3.52
13450,2007-11-05,3.62
13451,2007-11-06,3.66
13452,2007-11-07,3.4
13453,2007-11-08,3.3
13454,2007-11-09,3.19
13455,2007-11-13,3.41
13456,2007-11-14,3.33
13457,2007-11-15,3.22
13458,2007-11-16,3.32
13459,2007-11-19,3.32
13460,2007-11-20,3.17
13461,2007-11-21,3.02
13462,2007-11-23,3.15
13463,2007-11-26,3.06
13464,2007-11-27,3.08
13465,2007-11-28,2.98
13466,2007-11-29,2.92
13467,2007-11-30,3.08
13468,2007-12-03,2.99
13469,2007-12-04,3.0
13470,2007-12-05,3.0
13471,2007-12-06,3.02
13472,2007-12-07,3.04
13473,2007-12-10,2.98
13474,2007-12-11,2.87
13475,2007-12-12,2.81
13476,2007-12-13,2.8
13477,2007-12-14,2.81
13478,2007-12-17,3.01
13479,2007-12-18,2.98
13480,2007-12-19,2.85
13481,2007-12-20,2.85
13482,2007-12-21,2.92
13483,2007-12-24,3.26
13484,2007-12-26,3.24
13485,2007-12-27,3.09
13486,2007-12-28,3.1
13487,2007-12-31,3.29
13488,2008-01-02,3.18
13489,2008-01-03,3.16
13490,2008-01-04,3.12
13491,2008-01-07,3.19
13492,2008-01-08,3.17
13493,2008-01-09,3.14
13494,2008-01-10,3.16
13495,2008-01-11,3.02
13496,2008-01-14,3.11
13497,2008-01-15,3.09
13498,2008-01-16,3.06
13499,2008-01-17,3.0
13500,2008-01-18,2.79
13501,2008-01-22,2.3
13502,2008-01-23,2.16
13503,2008-01-24,2.32
13504,2008-01-25,2.25
13505,2008-01-28,2.29
13506,2008-01-29,2.23
13507,2008-01-30,2.16
13508,2008-01-31,1.92
13509,2008-02-01,2.06
13510,2008-02-04,2.22
13511,2008-02-05,2.14
13512,2008-02-06,2.05
13513,2008-02-07,2.12
13514,2008-02-08,2.18
13515,2008-02-11,2.25
13516,2008-02-12,2.25
13517,2008-02-13,2.22
13518,2008-02-14,2.26
13519,2008-02-15,2.16
13520,2008-02-19,2.23
13521,2008-02-20,2.2
13522,2008-02-21,2.15
13523,2008-02-22,2.15
13524,2008-02-25,2.15
13525,2008-02-26,2.09
13526,2008-02-27,1.94
13527,2008-02-28,1.86
13528,2008-02-29,1.81
13529,2008-03-03,1.67
13530,2008-03-04,1.63
13531,2008-03-05,1.5
13532,2008-03-06,1.37
13533,2008-03-07,1.42
13534,2008-03-10,1.33
13535,2008-03-11,1.45
13536,2008-03-12,1.45
13537,2008-03-13,1.33
13538,2008-03-14,1.16
13539,2008-03-17,1.09
13540,2008-03-18,0.91
13541,2008-03-19,0.6
13542,2008-03-20,0.62
13543,2008-03-24,1.23
13544,2008-03-25,1.27
13545,2008-03-26,1.27
13546,2008-03-27,1.28
13547,2008-03-28,1.31
13548,2008-03-31,1.36
13549,2008-04-01,1.38
13550,2008-04-02,1.39
13551,2008-04-03,1.38
13552,2008-04-04,1.33
13553,2008-04-07,1.43
13554,2008-04-08,1.39
13555,2008-04-09,1.29
13556,2008-04-10,1.25
13557,2008-04-11,1.17
13558,2008-04-14,1.07
13559,2008-04-15,1.09
13560,2008-04-16,1.11
13561,2008-04-17,1.21
13562,2008-04-18,1.32
13563,2008-04-21,1.33
13564,2008-04-22,1.26
13565,2008-04-23,1.24
13566,2008-04-24,1.24
13567,2008-04-25,1.31
13568,2008-04-28,1.42
13569,2008-04-29,1.44
13570,2008-04-30,1.41
13571,2008-05-01,1.42
13572,2008-05-02,1.47
13573,2008-05-05,1.51
13574,2008-05-06,1.6
13575,2008-05-07,1.64
13576,2008-05-08,1.63
13577,2008-05-09,1.66
13578,2008-05-12,1.74
13579,2008-05-13,1.8
13580,2008-05-14,1.79
13581,2008-05-15,1.8
13582,2008-05-16,1.81
13583,2008-05-19,1.79
13584,2008-05-20,1.83
13585,2008-05-21,1.83
13586,2008-05-22,1.83
13587,2008-05-23,1.82
13588,2008-05-27,1.86
13589,2008-05-28,1.86
13590,2008-05-29,1.87
13591,2008-05-30,1.85
13592,2008-06-02,1.82
13593,2008-06-03,1.82
13594,2008-06-04,1.81
13595,2008-06-05,1.82
13596,2008-06-06,1.81
13597,2008-06-09,1.86
13598,2008-06-10,1.98
13599,2008-06-11,1.92
13600,2008-06-12,1.96
13601,2008-06-13,1.95
13602,2008-06-16,2.04
13603,2008-06-17,1.96
13604,2008-06-18,1.89
13605,2008-06-19,1.87
13606,2008-06-20,1.83
13607,2008-06-23,1.85
13608,2008-06-24,1.8
13609,2008-06-25,1.78
13610,2008-06-26,1.7
13611,2008-06-27,1.64
13612,2008-06-30,1.87
13613,2008-07-01,1.84
13614,2008-07-02,1.79
13615,2008-07-03,1.81
13616,2008-07-07,1.84
13617,2008-07-08,1.83
13618,2008-07-09,1.79
13619,2008-07-10,1.64
13620,2008-07-11,1.58
13621,2008-07-14,1.5
13622,2008-07-15,1.37
13623,2008-07-16,1.35
13624,2008-07-17,1.4
13625,2008-07-18,1.45
13626,2008-07-21,1.46
13627,2008-07-22,1.52
13628,2008-07-23,1.56
13629,2008-07-24,1.62
13630,2008-07-25,1.71
13631,2008-07-28,1.7
13632,2008-07-29,1.69
13633,2008-07-30,1.67
13634,2008-07-31,1.65
13635,2008-08-01,1.63
13636,2008-08-04,1.72
13637,2008-08-05,1.72
13638,2008-08-06,1.61
13639,2008-08-07,1.63
13640,2008-08-08,1.67
13641,2008-08-11,1.84
13642,2008-08-12,1.83
13643,2008-08-13,1.82
13644,2008-08-14,1.85
13645,2008-08-15,1.81
13646,2008-08-18,1.79
13647,2008-08-19,1.77
13648,2008-08-20,1.68
13649,2008-08-21,1.69
13650,2008-08-22,1.67
13651,2008-08-25,1.71
13652,2008-08-26,1.68
13653,2008-08-27,1.64
13654,2008-08-28,1.71
13655,2008-08-29,1.69
13656,2008-09-02,1.69
13657,2008-09-03,1.67
13658,2008-09-04,1.66
13659,2008-09-05,1.65
13660,2008-09-08,1.69
13661,2008-09-09,1.63
13662,2008-09-10,1.62
13663,2008-09-11,1.58
13664,2008-09-12,1.46
13665,2008-09-15,1.03
13666,2008-09-16,0.84
13667,2008-09-17,0.03
13668,2008-09-18,0.23
13669,2008-09-19,0.97
13670,2008-09-22,1.29
13671,2008-09-23,0.81
13672,2008-09-24,0.5
13673,2008-09-25,0.75
13674,2008-09-26,0.86
13675,2008-09-29,0.96
13676,2008-09-30,0.9
13677,2008-10-01,0.84
13678,2008-10-02,0.62
13679,2008-10-03,0.5
13680,2008-10-06,0.54
13681,2008-10-07,0.81
13682,2008-10-08,0.67
13683,2008-10-09,0.58
13684,2008-10-10,0.24
13685,2008-10-14,0.34
13686,2008-10-15,0.22
13687,2008-10-16,0.45
13688,2008-10-17,0.8
13689,2008-10-20,1.24
13690,2008-10-21,1.09
13691,2008-10-22,1.03
13692,2008-10-23,0.96
13693,2008-10-24,0.86
13694,2008-10-27,0.84
13695,2008-10-28,0.76
13696,2008-10-29,0.61
13697,2008-10-30,0.4
13698,2008-10-31,0.44
13699,2008-11-03,0.49
13700,2008-11-04,0.48
13701,2008-11-05,0.39
13702,2008-11-06,0.31
13703,2008-11-07,0.3
13704,2008-11-10,0.29
13705,2008-11-12,0.18
13706,2008-11-13,0.21
13707,2008-11-14,0.14
13708,2008-11-17,0.12
13709,2008-11-18,0.12
13710,2008-11-19,0.07
13711,2008-11-20,0.03
13712,2008-11-21,0.02
13713,2008-11-24,0.13
13714,2008-11-25,0.1
13715,2008-11-26,0.05
13716,2008-11-28,0.01
13717,2008-12-01,0.07
13718,2008-12-02,0.06
13719,2008-12-03,0.02
13720,2008-12-04,0.02
13721,2008-12-05,0.02
13722,2008-12-08,0.03
13723,2008-12-09,0.03
13724,2008-12-10,0.0
13725,2008-12-11,0.01
13726,2008-12-12,0.02
13727,2008-12-15,0.04
13728,2008-12-16,0.04
13729,2008-12-17,0.05
13730,2008-12-18,0.0
13731,2008-12-19,0.02
13732,2008-12-22,0.01
13733,2008-12-23,0.02
13734,2008-12-24,0.0
13735,2008-12-26,0.03
13736,2008-12-29,0.06
13737,2008-12-30,0.1
13738,2008-12-31,0.11
13739,2009-01-02,0.08
13740,2009-01-05,0.14
13741,2009-01-06,0.14
13742,2009-01-07,0.11
13743,2009-01-08,0.09
13744,2009-01-09,0.07
13745,2009-01-12,0.12
13746,2009-01-13,0.11
13747,2009-01-14,0.12
13748,2009-01-15,0.11
13749,2009-01-16,0.12
13750,2009-01-20,0.13
13751,2009-01-21,0.11
13752,2009-01-22,0.1
13753,2009-01-23,0.11
13754,2009-01-26,0.15
13755,2009-01-27,0.13
13756,2009-01-28,0.19
13757,2009-01-29,0.23
13758,2009-01-30,0.24
13759,2009-02-02,0.27
13760,2009-02-03,0.32
13761,2009-02-04,0.3
13762,2009-02-05,0.29
13763,2009-02-06,0.28
13764,2009-02-09,0.32
13765,2009-02-10,0.31
13766,2009-02-11,0.3
13767,2009-02-12,0.29
13768,2009-02-13,0.29
13769,2009-02-17,0.32
13770,2009-02-18,0.31
13771,2009-02-19,0.3
13772,2009-02-20,0.27
13773,2009-02-23,0.3
13774,2009-02-24,0.32
13775,2009-02-25,0.3
13776,2009-02-26,0.27
13777,2009-02-27,0.26
13778,2009-03-02,0.28
13779,2009-03-03,0.27
13780,2009-03-04,0.26
13781,2009-03-05,0.2
13782,2009-03-06,0.2
13783,2009-03-09,0.23
13784,2009-03-10,0.24
13785,2009-03-11,0.23
13786,2009-03-12,0.21
13787,2009-03-13,0.19
13788,2009-03-16,0.24
13789,2009-03-17,0.24
13790,2009-03-18,0.21
13791,2009-03-19,0.2
13792,2009-03-20,0.21
13793,2009-03-23,0.22
13794,2009-03-24,0.21
13795,2009-03-25,0.19
13796,2009-03-26,0.15
13797,2009-03-27,0.13
13798,2009-03-30,0.18
13799,2009-03-31,0.21
13800,2009-04-01,0.22
13801,2009-04-02,0.22
13802,2009-04-03,0.21
13803,2009-04-06,0.2
13804,2009-04-07,0.2
13805,2009-04-08,0.18
13806,2009-04-09,0.18
13807,2009-04-13,0.18
13808,2009-04-14,0.17
13809,2009-04-15,0.15
13810,2009-04-16,0.13
13811,2009-04-17,0.14
13812,2009-04-20,0.14
13813,2009-04-21,0.15
13814,2009-04-22,0.14
13815,2009-04-23,0.1
13816,2009-04-24,0.1
13817,2009-04-27,0.13
13818,2009-04-28,0.13
13819,2009-04-29,0.11
13820,2009-04-30,0.14
13821,2009-05-01,0.15
13822,2009-05-04,0.19
13823,2009-05-05,0.19
13824,2009-05-06,0.19
13825,2009-05-07,0.18
13826,2009-05-08,0.18
13827,2009-05-11,0.19
13828,2009-05-12,0.19
13829,2009-05-13,0.17
13830,2009-05-14,0.16
13831,2009-05-15,0.17
13832,2009-05-18,0.19
13833,2009-05-19,0.18
13834,2009-05-20,0.18
13835,2009-05-21,0.19
13836,2009-05-22,0.18
13837,2009-05-26,0.18
13838,2009-05-27,0.17
13839,2009-05-28,0.15
13840,2009-05-29,0.14
13841,2009-06-01,0.13
13842,2009-06-02,0.14
13843,2009-06-03,0.14
13844,2009-06-04,0.14
13845,2009-06-05,0.19
13846,2009-06-08,0.19
13847,2009-06-09,0.19
13848,2009-06-10,0.18
13849,2009-06-11,0.19
13850,2009-06-12,0.18
13851,2009-06-15,0.17
13852,2009-06-16,0.17
13853,2009-06-17,0.17
13854,2009-06-18,0.18
13855,2009-06-19,0.18
13856,2009-06-22,0.2
13857,2009-06-23,0.2
13858,2009-06-24,0.19
13859,2009-06-25,0.18
13860,2009-06-26,0.19
13861,2009-06-29,0.2
13862,2009-06-30,0.19
13863,2009-07-01,0.17
13864,2009-07-02,0.17
13865,2009-07-06,0.19
13866,2009-07-07,0.19
13867,2009-07-08,0.18
13868,2009-07-09,0.19
13869,2009-07-10,0.18
13870,2009-07-13,0.18
13871,2009-07-14,0.18
13872,2009-07-15,0.18
13873,2009-07-16,0.19
13874,2009-07-17,0.17
13875,2009-07-20,0.19
13876,2009-07-21,0.19
13877,2009-07-22,0.19
13878,2009-07-23,0.19
13879,2009-07-24,0.18
13880,2009-07-27,0.19
13881,2009-07-28,0.19
13882,2009-07-29,0.19
13883,2009-07-30,0.18
13884,2009-07-31,0.18
13885,2009-08-03,0.19
13886,2009-08-04,0.18
13887,2009-08-05,0.18
13888,2009-08-06,0.17
13889,2009-08-07,0.18
13890,2009-08-10,0.19
13891,2009-08-11,0.18
13892,2009-08-12,0.17
13893,2009-08-13,0.17
13894,2009-08-14,0.18
13895,2009-08-17,0.18
13896,2009-08-18,0.18
13897,2009-08-19,0.17
13898,2009-08-20,0.17
13899,2009-08-21,0.17
13900,2009-08-24,0.17
13901,2009-08-25,0.17
13902,2009-08-26,0.15
13903,2009-08-27,0.15
13904,2009-08-28,0.15
13905,2009-08-31,0.15
13906,2009-09-01,0.14
13907,2009-09-02,0.14
13908,2009-09-03,0.15
13909,2009-09-04,0.14
13910,2009-09-08,0.14
13911,2009-09-09,0.14
13912,2009-09-10,0.14
13913,2009-09-11,0.14
13914,2009-09-14,0.14
13915,2009-09-15,0.13
13916,2009-09-16,0.1
13917,2009-09-17,0.1
13918,2009-09-18,0.08
13919,2009-09-21,0.11
13920,2009-09-22,0.11
13921,2009-09-23,0.11
13922,2009-09-24,0.1
13923,2009-09-25,0.1
13924,2009-09-28,0.11
13925,2009-09-29,0.13
13926,2009-09-30,0.14
13927,2009-10-01,0.1
13928,2009-10-02,0.1
13929,2009-10-05,0.08
13930,2009-10-06,0.08
13931,2009-10-07,0.09
13932,2009-10-08,0.06
13933,2009-10-09,0.07
13934,2009-10-13,0.07
13935,2009-10-14,0.07
13936,2009-10-15,0.07
13937,2009-10-16,0.07
13938,2009-10-19,0.08
13939,2009-10-20,0.08
13940,2009-10-21,0.07
13941,2009-10-22,0.06
13942,2009-10-23,0.07
13943,2009-10-26,0.08
13944,2009-10-27,0.08
13945,2009-10-28,0.07
13946,2009-10-29,0.06
13947,2009-10-30,0.05
13948,2009-11-02,0.06
13949,2009-11-03,0.06
13950,2009-11-04,0.05
13951,2009-11-05,0.04
13952,2009-11-06,0.06
13953,2009-11-09,0.07
13954,2009-11-10,0.07
13955,2009-11-12,0.07
13956,2009-11-13,0.06
13957,2009-11-16,0.07
13958,2009-11-17,0.06
13959,2009-11-18,0.04
13960,2009-11-19,0.02
13961,2009-11-20,0.02
13962,2009-11-23,0.05
13963,2009-11-24,0.05
13964,2009-11-25,0.05
13965,2009-11-27,0.03
13966,2009-11-30,0.06
13967,2009-12-01,0.06
13968,2009-12-02,0.05
13969,2009-12-03,0.06
13970,2009-12-04,0.06
13971,2009-12-07,0.04
13972,2009-12-08,0.03
13973,2009-12-09,0.03
13974,2009-12-10,0.02
13975,2009-12-11,0.03
13976,2009-12-14,0.04
13977,2009-12-15,0.05
13978,2009-12-16,0.04
13979,2009-12-17,0.04
13980,2009-12-18,0.05
13981,2009-12-21,0.08
13982,2009-12-22,0.08
13983,2009-12-23,0.07
13984,2009-12-24,0.05
13985,2009-12-28,0.11
13986,2009-12-29,0.1
13987,2009-12-30,0.05
13988,2009-12-31,0.06
13989,2010-01-04,0.08
13990,2010-01-05,0.07
13991,2010-01-06,0.06
13992,2010-01-07,0.05
13993,2010-01-08,0.05
13994,2010-01-11,0.04
13995,2010-01-12,0.05
13996,2010-01-13,0.06
13997,2010-01-14,0.05
13998,2010-01-15,0.06
13999,2010-01-19,0.06
14000,2010-01-20,0.05
14001,2010-01-21,0.06
14002,2010-01-22,0.06
14003,2010-01-25,0.06
14004,2010-01-26,0.07
14005,2010-01-27,0.08
14006,2010-01-28,0.08
14007,2010-01-29,0.08
14008,2010-02-01,0.1
14009,2010-02-02,0.1
14010,2010-02-03,0.1
14011,2010-02-04,0.09
14012,2010-02-05,0.1
14013,2010-02-08,0.12
14014,2010-02-09,0.12
14015,2010-02-10,0.11
14016,2010-02-11,0.11
14017,2010-02-12,0.1
14018,2010-02-16,0.1
14019,2010-02-17,0.1
14020,2010-02-18,0.1
14021,2010-02-19,0.11
14022,2010-02-22,0.11
14023,2010-02-23,0.12
14024,2010-02-24,0.12
14025,2010-02-25,0.13
14026,2010-02-26,0.13
14027,2010-03-01,0.13
14028,2010-03-02,0.14
14029,2010-03-03,0.14
14030,2010-03-04,0.14
14031,2010-03-05,0.15
14032,2010-03-08,0.16
14033,2010-03-09,0.16
14034,2010-03-10,0.15
14035,2010-03-11,0.16
14036,2010-03-12,0.15
14037,2010-03-15,0.17
14038,2010-03-16,0.16
14039,2010-03-17,0.15
14040,2010-03-18,0.16
14041,2010-03-19,0.16
14042,2010-03-22,0.15
14043,2010-03-23,0.14
14044,2010-03-24,0.14
14045,2010-03-25,0.14
14046,2010-03-26,0.14
14047,2010-03-29,0.15
14048,2010-03-30,0.16
14049,2010-03-31,0.16
14050,2010-04-01,0.16
14051,2010-04-02,0.16
14052,2010-04-05,0.18
14053,2010-04-06,0.17
14054,2010-04-07,0.17
14055,2010-04-08,0.17
14056,2010-04-09,0.16
14057,2010-04-12,0.16
14058,2010-04-13,0.16
14059,2010-04-14,0.16
14060,2010-04-15,0.16
14061,2010-04-16,0.16
14062,2010-04-19,0.16
14063,2010-04-20,0.16
14064,2010-04-21,0.15
14065,2010-04-22,0.16
14066,2010-04-23,0.16
14067,2010-04-26,0.16
14068,2010-04-27,0.16
14069,2010-04-28,0.16
14070,2010-04-29,0.17
14071,2010-04-30,0.16
14072,2010-05-03,0.17
14073,2010-05-04,0.16
14074,2010-05-05,0.15
14075,2010-05-06,0.11
14076,2010-05-07,0.13
14077,2010-05-10,0.16
14078,2010-05-11,0.16
14079,2010-05-12,0.16
14080,2010-05-13,0.16
14081,2010-05-14,0.16
14082,2010-05-17,0.16
14083,2010-05-18,0.17
14084,2010-05-19,0.17
14085,2010-05-20,0.17
14086,2010-05-21,0.17
14087,2010-05-24,0.17
14088,2010-05-25,0.17
14089,2010-05-26,0.17
14090,2010-05-27,0.17
14091,2010-05-28,0.16
14092,2010-06-01,0.16
14093,2010-06-02,0.16
14094,2010-06-03,0.14
14095,2010-06-04,0.14
14096,2010-06-07,0.12
14097,2010-06-08,0.12
14098,2010-06-09,0.1
14099,2010-06-10,0.1
14100,2010-06-11,0.08
14101,2010-06-14,0.07
14102,2010-06-15,0.09
14103,2010-06-16,0.1
14104,2010-06-17,0.09
14105,2010-06-18,0.11
14106,2010-06-21,0.12
14107,2010-06-22,0.13
14108,2010-06-23,0.13
14109,2010-06-24,0.13
14110,2010-06-25,0.13
14111,2010-06-28,0.17
14112,2010-06-29,0.15
14113,2010-06-30,0.18
14114,2010-07-01,0.17
14115,2010-07-02,0.17
14116,2010-07-06,0.17
14117,2010-07-07,0.16
14118,2010-07-08,0.15
14119,2010-07-09,0.16
14120,2010-07-12,0.16
14121,2010-07-13,0.15
14122,2010-07-14,0.15
14123,2010-07-15,0.15
14124,2010-07-16,0.15
14125,2010-07-19,0.17
14126,2010-07-20,0.16
14127,2010-07-21,0.16
14128,2010-07-22,0.16
14129,2010-07-23,0.16
14130,2010-07-26,0.16
14131,2010-07-27,0.15
14132,2010-07-28,0.15
14133,2010-07-29,0.15
14134,2010-07-30,0.15
14135,2010-08-02,0.16
14136,2010-08-03,0.16
14137,2010-08-04,0.16
14138,2010-08-05,0.15
14139,2010-08-06,0.15
14140,2010-08-09,0.15
14141,2010-08-10,0.15
14142,2010-08-11,0.15
14143,2010-08-12,0.16
14144,2010-08-13,0.15
14145,2010-08-16,0.16
14146,2010-08-17,0.17
14147,2010-08-18,0.16
14148,2010-08-19,0.16
14149,2010-08-20,0.15
14150,2010-08-23,0.16
14151,2010-08-24,0.16
14152,2010-08-25,0.16
14153,2010-08-26,0.16
14154,2010-08-27,0.15
14155,2010-08-30,0.14
14156,2010-08-31,0.14
14157,2010-09-01,0.13
14158,2010-09-02,0.14
14159,2010-09-03,0.14
14160,2010-09-07,0.14
14161,2010-09-08,0.14
14162,2010-09-09,0.14
14163,2010-09-10,0.14
14164,2010-09-13,0.15
14165,2010-09-14,0.15
14166,2010-09-15,0.15
14167,2010-09-16,0.16
14168,2010-09-17,0.16
14169,2010-09-20,0.17
14170,2010-09-21,0.17
14171,2010-09-22,0.16
14172,2010-09-23,0.16
14173,2010-09-24,0.15
14174,2010-09-27,0.16
14175,2010-09-28,0.16
14176,2010-09-29,0.16
14177,2010-09-30,0.16
14178,2010-10-01,0.16
14179,2010-10-04,0.13
14180,2010-10-05,0.12
14181,2010-10-06,0.13
14182,2010-10-07,0.13
14183,2010-10-08,0.12
14184,2010-10-12,0.13
14185,2010-10-13,0.13
14186,2010-10-14,0.14
14187,2010-10-15,0.14
14188,2010-10-18,0.15
14189,2010-10-19,0.14
14190,2010-10-20,0.14
14191,2010-10-21,0.13
14192,2010-10-22,0.13
14193,2010-10-25,0.14
14194,2010-10-26,0.14
14195,2010-10-27,0.14
14196,2010-10-28,0.13
14197,2010-10-29,0.12
14198,2010-11-01,0.13
14199,2010-11-02,0.13
14200,2010-11-03,0.13
14201,2010-11-04,0.13
14202,2010-11-05,0.13
14203,2010-11-08,0.13
14204,2010-11-09,0.13
14205,2010-11-10,0.13
14206,2010-11-12,0.13
14207,2010-11-15,0.14
14208,2010-11-16,0.15
14209,2010-11-17,0.14
14210,2010-11-18,0.15
14211,2010-11-19,0.14
14212,2010-11-22,0.15
14213,2010-11-23,0.15
14214,2010-11-24,0.16
14215,2010-11-26,0.16
14216,2010-11-29,0.18
14217,2010-11-30,0.17
14218,2010-12-01,0.16
14219,2010-12-02,0.16
14220,2010-12-03,0.14
14221,2010-12-06,0.15
14222,2010-12-07,0.14
14223,2010-12-08,0.15
14224,2010-12-09,0.14
14225,2010-12-10,0.13
14226,2010-12-13,0.15
14227,2010-12-14,0.15
14228,2010-12-15,0.14
14229,2010-12-16,0.13
14230,2010-12-17,0.11
14231,2010-12-20,0.14
14232,2010-12-21,0.14
14233,2010-12-22,0.14
14234,2010-12-23,0.14
14235,2010-12-27,0.17
14236,2010-12-28,0.15
14237,2010-12-29,0.13
14238,2010-12-30,0.12
14239,2010-12-31,0.12
14240,2011-01-03,0.15
14241,2011-01-04,0.14
14242,2011-01-05,0.14
14243,2011-01-06,0.15
14244,2011-01-07,0.14
14245,2011-01-10,0.15
14246,2011-01-11,0.15
14247,2011-01-12,0.15
14248,2011-01-13,0.15
14249,2011-01-14,0.15
14250,2011-01-18,0.16
14251,2011-01-19,0.16
14252,2011-01-20,0.16
14253,2011-01-21,0.16
14254,2011-01-24,0.16
14255,2011-01-25,0.16
14256,2011-01-26,0.16
14257,2011-01-27,0.15
14258,2011-01-28,0.15
14259,2011-01-31,0.15
14260,2011-02-01,0.15
14261,2011-02-02,0.16
14262,2011-02-03,0.14
14263,2011-02-04,0.15
14264,2011-02-07,0.16
14265,2011-02-08,0.15
14266,2011-02-09,0.14
14267,2011-02-10,0.12
14268,2011-02-11,0.12
14269,2011-02-14,0.13
14270,2011-02-15,0.13
14271,2011-02-16,0.12
14272,2011-02-17,0.09
14273,2011-02-18,0.1
14274,2011-02-22,0.12
14275,2011-02-23,0.12
14276,2011-02-24,0.13
14277,2011-02-25,0.13
14278,2011-02-28,0.15
14279,2011-03-01,0.14
14280,2011-03-02,0.13
14281,2011-03-03,0.13
14282,2011-03-04,0.12
14283,2011-03-07,0.11
14284,2011-03-08,0.11
14285,2011-03-09,0.1
14286,2011-03-10,0.08
14287,2011-03-11,0.08
14288,2011-03-14,0.09
14289,2011-03-15,0.1
14290,2011-03-16,0.1
14291,2011-03-17,0.08
14292,2011-03-18,0.07
14293,2011-03-21,0.1
14294,2011-03-22,0.1
14295,2011-03-23,0.09
14296,2011-03-24,0.09
14297,2011-03-25,0.09
14298,2011-03-28,0.11
14299,2011-03-29,0.1
14300,2011-03-30,0.1
14301,2011-03-31,0.09
14302,2011-04-01,0.07
14303,2011-04-04,0.06
14304,2011-04-05,0.07
14305,2011-04-06,0.06
14306,2011-04-07,0.04
14307,2011-04-08,0.04
14308,2011-04-11,0.05
14309,2011-04-12,0.05
14310,2011-04-13,0.06
14311,2011-04-14,0.07
14312,2011-04-15,0.07
14313,2011-04-18,0.07
14314,2011-04-19,0.06
14315,2011-04-20,0.06
14316,2011-04-21,0.06
14317,2011-04-25,0.07
14318,2011-04-26,0.07
14319,2011-04-27,0.06
14320,2011-04-28,0.04
14321,2011-04-29,0.04
14322,2011-05-02,0.05
14323,2011-05-03,0.03
14324,2011-05-04,0.03
14325,2011-05-05,0.02
14326,2011-05-06,0.02
14327,2011-05-09,0.03
14328,2011-05-10,0.03
14329,2011-05-11,0.03
14330,2011-05-12,0.02
14331,2011-05-13,0.03
14332,2011-05-16,0.04
14333,2011-05-17,0.04
14334,2011-05-18,0.05
14335,2011-05-19,0.05
14336,2011-05-20,0.05
14337,2011-05-23,0.06
14338,2011-05-24,0.06
14339,2011-05-25,0.06
14340,2011-05-26,0.05
14341,2011-05-27,0.05
14342,2011-05-31,0.06
14343,2011-06-01,0.05
14344,2011-06-02,0.04
14345,2011-06-03,0.04
14346,2011-06-06,0.05
14347,2011-06-07,0.05
14348,2011-06-08,0.04
14349,2011-06-09,0.05
14350,2011-06-10,0.05
14351,2011-06-13,0.05
14352,2011-06-14,0.05
14353,2011-06-15,0.05
14354,2011-06-16,0.05
14355,2011-06-17,0.04
14356,2011-06-20,0.03
14357,2011-06-21,0.03
14358,2011-06-22,0.02
14359,2011-06-23,0.01
14360,2011-06-24,0.02
14361,2011-06-27,0.02
14362,2011-06-28,0.03
14363,2011-06-29,0.02
14364,2011-06-30,0.03
14365,2011-07-01,0.02
14366,2011-07-05,0.02
14367,2011-07-06,0.01
14368,2011-07-07,0.03
14369,2011-07-08,0.03
14370,2011-07-11,0.03
14371,2011-07-12,0.03
14372,2011-07-13,0.01
14373,2011-07-14,0.01
14374,2011-07-15,0.02
14375,2011-07-18,0.02
14376,2011-07-19,0.03
14377,2011-07-20,0.02
14378,2011-07-21,0.05
14379,2011-07-22,0.05
14380,2011-07-25,0.05
14381,2011-07-26,0.07
14382,2011-07-27,0.08
14383,2011-07-28,0.07
14384,2011-07-29,0.1
14385,2011-08-01,0.1
14386,2011-08-02,0.06
14387,2011-08-03,0.02
14388,2011-08-04,0.02
14389,2011-08-05,0.01
14390,2011-08-08,0.05
14391,2011-08-09,0.03
14392,2011-08-10,0.02
14393,2011-08-11,0.03
14394,2011-08-12,0.02
14395,2011-08-15,0.02
14396,2011-08-16,0.03
14397,2011-08-17,0.01
14398,2011-08-18,0.01
14399,2011-08-19,0.02
14400,2011-08-22,0.01
14401,2011-08-23,0.01
14402,2011-08-24,0.02
14403,2011-08-25,0.01
14404,2011-08-26,0.01
14405,2011-08-29,0.02
14406,2011-08-30,0.01
14407,2011-08-31,0.02
14408,2011-09-01,0.02
14409,2011-09-02,0.02
14410,2011-09-06,0.02
14411,2011-09-07,0.02
14412,2011-09-08,0.02
14413,2011-09-09,0.01
14414,2011-09-12,0.01
14415,2011-09-13,0.01
14416,2011-09-14,0.01
14417,2011-09-15,0.01
14418,2011-09-16,0.01
14419,2011-09-19,0.01
14420,2011-09-20,0.01
14421,2011-09-21,0.01
14422,2011-09-22,0.0
14423,2011-09-23,0.01
14424,2011-09-26,0.02
14425,2011-09-27,0.01
14426,2011-09-28,0.02
14427,2011-09-29,0.02
14428,2011-09-30,0.02
14429,2011-10-03,0.02
14430,2011-10-04,0.01
14431,2011-10-05,0.0
14432,2011-10-06,0.01
14433,2011-10-07,0.01
14434,2011-10-11,0.02
14435,2011-10-12,0.02
14436,2011-10-13,0.02
14437,2011-10-14,0.02
14438,2011-10-17,0.04
14439,2011-10-18,0.04
14440,2011-10-19,0.03
14441,2011-10-20,0.03
14442,2011-10-21,0.02
14443,2011-10-24,0.02
14444,2011-10-25,0.01
14445,2011-10-26,0.02
14446,2011-10-27,0.02
14447,2011-10-28,0.01
14448,2011-10-31,0.01
14449,2011-11-01,0.01
14450,2011-11-02,0.01
14451,2011-11-03,0.01
14452,2011-11-04,0.01
14453,2011-11-07,0.01
14454,2011-11-08,0.01
14455,2011-11-09,0.01
14456,2011-11-10,0.01
14457,2011-11-14,0.01
14458,2011-11-15,0.01
14459,2011-11-16,0.01
14460,2011-11-17,0.02
14461,2011-11-18,0.01
14462,2011-11-21,0.02
14463,2011-11-22,0.02
14464,2011-11-23,0.02
14465,2011-11-25,0.02
14466,2011-11-28,0.03
14467,2011-11-29,0.02
14468,2011-11-30,0.01
14469,2011-12-01,0.01
14470,2011-12-02,0.02
14471,2011-12-05,0.01
14472,2011-12-06,0.01
14473,2011-12-07,0.02
14474,2011-12-08,0.01
14475,2011-12-09,0.01
14476,2011-12-12,0.01
14477,2011-12-13,0.01
14478,2011-12-14,0.01
14479,2011-12-15,0.0
14480,2011-12-16,0.0
14481,2011-12-19,0.01
14482,2011-12-20,0.01
14483,2011-12-21,0.01
14484,2011-12-22,0.01
14485,2011-12-23,0.01
14486,2011-12-27,0.02
14487,2011-12-28,0.01
14488,2011-12-29,0.02
14489,2011-12-30,0.02
14490,2012-01-03,0.02
14491,2012-01-04,0.02
14492,2012-01-05,0.02
14493,2012-01-06,0.02
14494,2012-01-09,0.01
14495,2012-01-10,0.02
14496,2012-01-11,0.02
14497,2012-01-12,0.03
14498,2012-01-13,0.03
14499,2012-01-17,0.03
14500,2012-01-18,0.03
14501,2012-01-19,0.05
14502,2012-01-20,0.05
14503,2012-01-23,0.04
14504,2012-01-24,0.04
14505,2012-01-25,0.04
14506,2012-01-26,0.05
14507,2012-01-27,0.06
14508,2012-01-30,0.05
14509,2012-01-31,0.06
14510,2012-02-01,0.06
14511,2012-02-02,0.08
14512,2012-02-03,0.08
14513,2012-02-06,0.08
14514,2012-02-07,0.08
14515,2012-02-08,0.09
14516,2012-02-09,0.09
14517,2012-02-10,0.09
14518,2012-02-13,0.11
14519,2012-02-14,0.12
14520,2012-02-15,0.11
14521,2012-02-16,0.1
14522,2012-02-17,0.09
14523,2012-02-21,0.08
14524,2012-02-22,0.09
14525,2012-02-23,0.09
14526,2012-02-24,0.1
14527,2012-02-27,0.12
14528,2012-02-28,0.1
14529,2012-02-29,0.08
14530,2012-03-01,0.08
14531,2012-03-02,0.07
14532,2012-03-05,0.08
14533,2012-03-06,0.08
14534,2012-03-07,0.08
14535,2012-03-08,0.08
14536,2012-03-09,0.09
14537,2012-03-12,0.09
14538,2012-03-13,0.08
14539,2012-03-14,0.09
14540,2012-03-15,0.08
14541,2012-03-16,0.09
14542,2012-03-19,0.1
14543,2012-03-20,0.1
14544,2012-03-21,0.09
14545,2012-03-22,0.08
14546,2012-03-23,0.08
14547,2012-03-26,0.09
14548,2012-03-27,0.09
14549,2012-03-28,0.09
14550,2012-03-29,0.07
14551,2012-03-30,0.07
14552,2012-04-02,0.08
14553,2012-04-03,0.08
14554,2012-04-04,0.08
14555,2012-04-05,0.08
14556,2012-04-06,0.07
14557,2012-04-09,0.09
14558,2012-04-10,0.09
14559,2012-04-11,0.09
14560,2012-04-12,0.09
14561,2012-04-13,0.09
14562,2012-04-16,0.08
14563,2012-04-17,0.08
14564,2012-04-18,0.07
14565,2012-04-19,0.07
14566,2012-04-20,0.08
14567,2012-04-23,0.08
14568,2012-04-24,0.09
14569,2012-04-25,0.09
14570,2012-04-26,0.09
14571,2012-04-27,0.09
14572,2012-04-30,0.1
14573,2012-05-01,0.09
14574,2012-05-02,0.08
14575,2012-05-03,0.09
14576,2012-05-04,0.07
14577,2012-05-07,0.1
14578,2012-05-08,0.09
14579,2012-05-09,0.09
14580,2012-05-10,0.1
14581,2012-05-11,0.1
14582,2012-05-14,0.1
14583,2012-05-15,0.09
14584,2012-05-16,0.1
14585,2012-05-17,0.1
14586,2012-05-18,0.08
14587,2012-05-21,0.09
14588,2012-05-22,0.09
14589,2012-05-23,0.09
14590,2012-05-24,0.1
14591,2012-05-25,0.09
14592,2012-05-29,0.09
14593,2012-05-30,0.07
14594,2012-05-31,0.07
14595,2012-06-01,0.07
14596,2012-06-04,0.08
14597,2012-06-05,0.08
14598,2012-06-06,0.09
14599,2012-06-07,0.09
14600,2012-06-08,0.09
14601,2012-06-11,0.09
14602,2012-06-12,0.1
14603,2012-06-13,0.1
14604,2012-06-14,0.11
14605,2012-06-15,0.09
14606,2012-06-18,0.1
14607,2012-06-19,0.09
14608,2012-06-20,0.09
14609,2012-06-21,0.09
14610,2012-06-22,0.09
14611,2012-06-25,0.1
14612,2012-06-26,0.1
14613,2012-06-27,0.09
14614,2012-06-28,0.09
14615,2012-06-29,0.09
14616,2012-07-02,0.1
14617,2012-07-03,0.09
14618,2012-07-05,0.08
14619,2012-07-06,0.08
14620,2012-07-09,0.09
14621,2012-07-10,0.09
14622,2012-07-11,0.1
14623,2012-07-12,0.1
14624,2012-07-13,0.1
14625,2012-07-16,0.1
14626,2012-07-17,0.1
14627,2012-07-18,0.09
14628,2012-07-19,0.09
14629,2012-07-20,0.09
14630,2012-07-23,0.1
14631,2012-07-24,0.1
14632,2012-07-25,0.1
14633,2012-07-26,0.11
14634,2012-07-27,0.11
14635,2012-07-30,0.11
14636,2012-07-31,0.11
14637,2012-08-01,0.1
14638,2012-08-02,0.09
14639,2012-08-03,0.09
14640,2012-08-06,0.1
14641,2012-08-07,0.11
14642,2012-08-08,0.11
14643,2012-08-09,0.11
14644,2012-08-10,0.1
14645,2012-08-13,0.11
14646,2012-08-14,0.11
14647,2012-08-15,0.09
14648,2012-08-16,0.09
14649,2012-08-17,0.09
14650,2012-08-20,0.11
14651,2012-08-21,0.11
14652,2012-08-22,0.11
14653,2012-08-23,0.11
14654,2012-08-24,0.1
14655,2012-08-27,0.11
14656,2012-08-28,0.1
14657,2012-08-29,0.12
14658,2012-08-30,0.1
14659,2012-08-31,0.09
14660,2012-09-04,0.1
14661,2012-09-05,0.11
14662,2012-09-06,0.11
14663,2012-09-07,0.11
14664,2012-09-10,0.1
14665,2012-09-11,0.1
14666,2012-09-12,0.1
14667,2012-09-13,0.1
14668,2012-09-14,0.11
14669,2012-09-17,0.11
14670,2012-09-18,0.1
14671,2012-09-19,0.11
14672,2012-09-20,0.11
14673,2012-09-21,0.11
14674,2012-09-24,0.11
14675,2012-09-25,0.11
14676,2012-09-26,0.11
14677,2012-09-27,0.09
14678,2012-09-28,0.1
14679,2012-10-01,0.09
14680,2012-10-02,0.09
14681,2012-10-03,0.09
14682,2012-10-04,0.1
14683,2012-10-05,0.11
14684,2012-10-09,0.1
14685,2012-10-10,0.1
14686,2012-10-11,0.1
14687,2012-10-12,0.11
14688,2012-10-15,0.11
14689,2012-10-16,0.09
14690,2012-10-17,0.11
14691,2012-10-18,0.1
14692,2012-10-19,0.1
14693,2012-10-22,0.1
14694,2012-10-23,0.11
14695,2012-10-24,0.11
14696,2012-10-25,0.11
14697,2012-10-26,0.12
14698,2012-10-29,0.14
14699,2012-10-31,0.11
14700,2012-11-01,0.09
14701,2012-11-02,0.09
14702,2012-11-05,0.11
14703,2012-11-06,0.1
14704,2012-11-07,0.1
14705,2012-11-08,0.1
14706,2012-11-09,0.09
14707,2012-11-13,0.11
14708,2012-11-14,0.1
14709,2012-11-15,0.08
14710,2012-11-16,0.06
14711,2012-11-19,0.09
14712,2012-11-20,0.08
14713,2012-11-21,0.1
14714,2012-11-23,0.1
14715,2012-11-26,0.1
14716,2012-11-27,0.1
14717,2012-11-28,0.1
14718,2012-11-29,0.09
14719,2012-11-30,0.08
14720,2012-12-03,0.1
14721,2012-12-04,0.1
14722,2012-12-05,0.1
14723,2012-12-06,0.1
14724,2012-12-07,0.09
14725,2012-12-10,0.09
14726,2012-12-11,0.08
14727,2012-12-12,0.07
14728,2012-12-13,0.06
14729,2012-12-14,0.04
14730,2012-12-17,0.05
14731,2012-12-18,0.06
14732,2012-12-19,0.05
14733,2012-12-20,0.06
14734,2012-12-21,0.06
14735,2012-12-24,0.06
14736,2012-12-26,0.09
14737,2012-12-27,0.08
14738,2012-12-28,0.01
14739,2012-12-31,0.05
14740,2013-01-02,0.08
14741,2013-01-03,0.08
14742,2013-01-04,0.07
14743,2013-01-07,0.07
14744,2013-01-08,0.07
14745,2013-01-09,0.06
14746,2013-01-10,0.06
14747,2013-01-11,0.07
14748,2013-01-14,0.08
14749,2013-01-15,0.09
14750,2013-01-16,0.08
14751,2013-01-17,0.07
14752,2013-01-18,0.08
14753,2013-01-22,0.08
14754,2013-01-23,0.08
14755,2013-01-24,0.08
14756,2013-01-25,0.08
14757,2013-01-28,0.07
14758,2013-01-29,0.07
14759,2013-01-30,0.07
14760,2013-01-31,0.07
14761,2013-02-01,0.06
14762,2013-02-04,0.07
14763,2013-02-05,0.07
14764,2013-02-06,0.07
14765,2013-02-07,0.07
14766,2013-02-08,0.07
14767,2013-02-11,0.09
14768,2013-02-12,0.09
14769,2013-02-13,0.1
14770,2013-02-14,0.11
14771,2013-02-15,0.1
14772,2013-02-19,0.12
14773,2013-02-20,0.12
14774,2013-02-21,0.13
14775,2013-02-22,0.13
14776,2013-02-25,0.12
14777,2013-02-26,0.14
14778,2013-02-27,0.11
14779,2013-02-28,0.11
14780,2013-03-01,0.11
14781,2013-03-04,0.11
14782,2013-03-05,0.08
14783,2013-03-06,0.1
14784,2013-03-07,0.1
14785,2013-03-08,0.1
14786,2013-03-11,0.1
14787,2013-03-12,0.1
14788,2013-03-13,0.09
14789,2013-03-14,0.1
14790,2013-03-15,0.09
14791,2013-03-18,0.07
14792,2013-03-19,0.07
14793,2013-03-20,0.07
14794,2013-03-21,0.07
14795,2013-03-22,0.07
14796,2013-03-25,0.08
14797,2013-03-26,0.07
14798,2013-03-27,0.09
14799,2013-03-28,0.07
14800,2013-04-01,0.08
14801,2013-04-02,0.07
14802,2013-04-03,0.06
14803,2013-04-04,0.07
14804,2013-04-05,0.07
14805,2013-04-08,0.07
14806,2013-04-09,0.06
14807,2013-04-10,0.07
14808,2013-04-11,0.07
14809,2013-04-12,0.06
14810,2013-04-15,0.06
14811,2013-04-16,0.06
14812,2013-04-17,0.06
14813,2013-04-18,0.05
14814,2013-04-19,0.05
14815,2013-04-22,0.05
14816,2013-04-23,0.05
14817,2013-04-24,0.06
14818,2013-04-25,0.05
14819,2013-04-26,0.05
14820,2013-04-29,0.05
14821,2013-04-30,0.05
14822,2013-05-01,0.06
14823,2013-05-02,0.05
14824,2013-05-03,0.05
14825,2013-05-06,0.04
14826,2013-05-07,0.04
14827,2013-05-08,0.04
14828,2013-05-09,0.04
14829,2013-05-10,0.04
14830,2013-05-13,0.05
14831,2013-05-14,0.05
14832,2013-05-15,0.04
14833,2013-05-16,0.03
14834,2013-05-17,0.04
14835,2013-05-20,0.05
14836,2013-05-21,0.04
14837,2013-05-22,0.04
14838,2013-05-23,0.05
14839,2013-05-24,0.04
14840,2013-05-28,0.05
14841,2013-05-29,0.05
14842,2013-05-30,0.04
14843,2013-05-31,0.04
14844,2013-06-03,0.05
14845,2013-06-04,0.04
14846,2013-06-05,0.05
14847,2013-06-06,0.05
14848,2013-06-07,0.04
14849,2013-06-10,0.05
14850,2013-06-11,0.05
14851,2013-06-12,0.05
14852,2013-06-13,0.05
14853,2013-06-14,0.05
14854,2013-06-17,0.05
14855,2013-06-18,0.05
14856,2013-06-19,0.05
14857,2013-06-20,0.05
14858,2013-06-21,0.05
14859,2013-06-24,0.06
14860,2013-06-25,0.06
14861,2013-06-26,0.06
14862,2013-06-27,0.06
14863,2013-06-28,0.04
14864,2013-07-01,0.04
14865,2013-07-02,0.03
14866,2013-07-03,0.05
14867,2013-07-05,0.04
14868,2013-07-08,0.05
14869,2013-07-09,0.04
14870,2013-07-10,0.04
14871,2013-07-11,0.04
14872,2013-07-12,0.04
14873,2013-07-15,0.04
14874,2013-07-16,0.03
14875,2013-07-17,0.03
14876,2013-07-18,0.03
14877,2013-07-19,0.03
14878,2013-07-22,0.04
14879,2013-07-23,0.02
14880,2013-07-24,0.03
14881,2013-07-25,0.02
14882,2013-07-26,0.03
14883,2013-07-29,0.03
14884,2013-07-30,0.04
14885,2013-07-31,0.04
14886,2013-08-01,0.04
14887,2013-08-02,0.04
14888,2013-08-05,0.05
14889,2013-08-06,0.04
14890,2013-08-07,0.05
14891,2013-08-08,0.05
14892,2013-08-09,0.05
14893,2013-08-12,0.06
14894,2013-08-13,0.06
14895,2013-08-14,0.05
14896,2013-08-15,0.05
14897,2013-08-16,0.05
14898,2013-08-19,0.06
14899,2013-08-20,0.04
14900,2013-08-21,0.04
14901,2013-08-22,0.03
14902,2013-08-23,0.03
14903,2013-08-26,0.04
14904,2013-08-27,0.05
14905,2013-08-28,0.03
14906,2013-08-29,0.02
14907,2013-08-30,0.03
14908,2013-09-03,0.02
14909,2013-09-04,0.02
14910,2013-09-05,0.02
14911,2013-09-06,0.02
14912,2013-09-09,0.02
14913,2013-09-10,0.02
14914,2013-09-11,0.02
14915,2013-09-12,0.01
14916,2013-09-13,0.01
14917,2013-09-16,0.02
14918,2013-09-17,0.01
14919,2013-09-18,0.01
14920,2013-09-19,0.01
14921,2013-09-20,0.01
14922,2013-09-23,0.02
14923,2013-09-24,0.02
14924,2013-09-25,0.02
14925,2013-09-26,0.0
14926,2013-09-27,0.02
14927,2013-09-30,0.02
14928,2013-10-01,0.02
14929,2013-10-02,0.02
14930,2013-10-03,0.03
14931,2013-10-04,0.03
14932,2013-10-07,0.03
14933,2013-10-08,0.05
14934,2013-10-09,0.05
14935,2013-10-10,0.05
14936,2013-10-11,0.08
14937,2013-10-15,0.14
14938,2013-10-16,0.1
14939,2013-10-17,0.05
14940,2013-10-18,0.04
14941,2013-10-21,0.04
14942,2013-10-22,0.04
14943,2013-10-23,0.04
14944,2013-10-24,0.03
14945,2013-10-25,0.04
14946,2013-10-28,0.04
14947,2013-10-29,0.04
14948,2013-10-30,0.04
14949,2013-10-31,0.04
14950,2013-11-01,0.04
14951,2013-11-04,0.05
14952,2013-11-05,0.05
14953,2013-11-06,0.05
14954,2013-11-07,0.05
14955,2013-11-08,0.06
14956,2013-11-12,0.08
14957,2013-11-13,0.08
14958,2013-11-14,0.08
14959,2013-11-15,0.08
14960,2013-11-18,0.09
14961,2013-11-19,0.08
14962,2013-11-20,0.08
14963,2013-11-21,0.07
14964,2013-11-22,0.07
14965,2013-11-25,0.08
14966,2013-11-26,0.07
14967,2013-11-27,0.07
14968,2013-11-29,0.06
14969,2013-12-02,0.05
14970,2013-12-03,0.06
14971,2013-12-04,0.06
14972,2013-12-05,0.06
14973,2013-12-06,0.06
14974,2013-12-09,0.07
14975,2013-12-10,0.07
14976,2013-12-11,0.07
14977,2013-12-12,0.07
14978,2013-12-13,0.07
14979,2013-12-16,0.07
14980,2013-12-17,0.07
14981,2013-12-18,0.07
14982,2013-12-19,0.06
14983,2013-12-20,0.07
14984,2013-12-23,0.07
14985,2013-12-24,0.07
14986,2013-12-26,0.07
14987,2013-12-27,0.07
14988,2013-12-30,0.07
14989,2013-12-31,0.07
14990,2014-01-02,0.07
14991,2014-01-03,0.07
14992,2014-01-06,0.05
14993,2014-01-07,0.04
14994,2014-01-08,0.05
14995,2014-01-09,0.04
14996,2014-01-10,0.05
14997,2014-01-13,0.03
14998,2014-01-14,0.04
14999,2014-01-15,0.04
15000,2014-01-16,0.04
15001,2014-01-17,0.05
15002,2014-01-21,0.04
15003,2014-01-22,0.04
15004,2014-01-23,0.04
15005,2014-01-24,0.04
15006,2014-01-27,0.05
15007,2014-01-28,0.05
15008,2014-01-29,0.04
15009,2014-01-30,0.02
15010,2014-01-31,0.02
15011,2014-02-03,0.05
15012,2014-02-04,0.06
15013,2014-02-05,0.07
15014,2014-02-06,0.07
15015,2014-02-07,0.08
15016,2014-02-10,0.07
15017,2014-02-11,0.05
15018,2014-02-12,0.05
15019,2014-02-13,0.03
15020,2014-02-14,0.02
15021,2014-02-18,0.05
15022,2014-02-19,0.06
15023,2014-02-20,0.05
15024,2014-02-21,0.05
15025,2014-02-24,0.05
15026,2014-02-25,0.05
15027,2014-02-26,0.05
15028,2014-02-27,0.04
15029,2014-02-28,0.05
15030,2014-03-03,0.05
15031,2014-03-04,0.05
15032,2014-03-05,0.06
15033,2014-03-06,0.05
15034,2014-03-07,0.06
15035,2014-03-10,0.05
15036,2014-03-11,0.05
15037,2014-03-12,0.05
15038,2014-03-13,0.05
15039,2014-03-14,0.05
15040,2014-03-17,0.06
15041,2014-03-18,0.05
15042,2014-03-19,0.06
15043,2014-03-20,0.06
15044,2014-03-21,0.06
15045,2014-03-24,0.06
15046,2014-03-25,0.05
15047,2014-03-26,0.05
15048,2014-03-27,0.04
15049,2014-03-28,0.04
15050,2014-03-31,0.05
15051,2014-04-01,0.04
15052,2014-04-02,0.02
15053,2014-04-03,0.02
15054,2014-04-04,0.03
15055,2014-04-07,0.03
15056,2014-04-08,0.03
15057,2014-04-09,0.04
15058,2014-04-10,0.04
15059,2014-04-11,0.04
15060,2014-04-14,0.04
15061,2014-04-15,0.04
15062,2014-04-16,0.04
15063,2014-04-17,0.03
15064,2014-04-21,0.04
15065,2014-04-22,0.03
15066,2014-04-23,0.02
15067,2014-04-24,0.01
15068,2014-04-25,0.03
15069,2014-04-28,0.03
15070,2014-04-29,0.02
15071,2014-04-30,0.03
15072,2014-05-01,0.03
15073,2014-05-02,0.02
15074,2014-05-05,0.03
15075,2014-05-06,0.03
15076,2014-05-07,0.03
15077,2014-05-08,0.03
15078,2014-05-09,0.03
15079,2014-05-12,0.03
15080,2014-05-13,0.03
15081,2014-05-14,0.03
15082,2014-05-15,0.03
15083,2014-05-16,0.03
15084,2014-05-19,0.03
15085,2014-05-20,0.03
15086,2014-05-21,0.04
15087,2014-05-22,0.03
15088,2014-05-23,0.04
15089,2014-05-27,0.04
15090,2014-05-28,0.04
15091,2014-05-29,0.04
15092,2014-05-30,0.04
15093,2014-06-02,0.04
15094,2014-06-03,0.04
15095,2014-06-04,0.04
15096,2014-06-05,0.04
15097,2014-06-06,0.04
15098,2014-06-09,0.04
15099,2014-06-10,0.04
15100,2014-06-11,0.04
15101,2014-06-12,0.04
15102,2014-06-13,0.04
15103,2014-06-16,0.04
15104,2014-06-17,0.04
15105,2014-06-18,0.03
15106,2014-06-19,0.02
15107,2014-06-20,0.02
15108,2014-06-23,0.03
15109,2014-06-24,0.03
15110,2014-06-25,0.03
15111,2014-06-26,0.04
15112,2014-06-27,0.03
15113,2014-06-30,0.04
15114,2014-07-01,0.02
15115,2014-07-02,0.02
15116,2014-07-03,0.01
15117,2014-07-07,0.04
15118,2014-07-08,0.03
15119,2014-07-09,0.03
15120,2014-07-10,0.02
15121,2014-07-11,0.02
15122,2014-07-14,0.03
15123,2014-07-15,0.02
15124,2014-07-16,0.02
15125,2014-07-17,0.02
15126,2014-07-18,0.02
15127,2014-07-21,0.03
15128,2014-07-22,0.03
15129,2014-07-23,0.03
15130,2014-07-24,0.03
15131,2014-07-25,0.03
15132,2014-07-28,0.04
15133,2014-07-29,0.02
15134,2014-07-30,0.04
15135,2014-07-31,0.03
15136,2014-08-01,0.03
15137,2014-08-04,0.04
15138,2014-08-05,0.03
15139,2014-08-06,0.03
15140,2014-08-07,0.03
15141,2014-08-08,0.03
15142,2014-08-11,0.04
15143,2014-08-12,0.03
15144,2014-08-13,0.04
15145,2014-08-14,0.04
15146,2014-08-15,0.03
15147,2014-08-18,0.03
15148,2014-08-19,0.03
15149,2014-08-20,0.04
15150,2014-08-21,0.02
15151,2014-08-22,0.03
15152,2014-08-25,0.04
15153,2014-08-26,0.03
15154,2014-08-27,0.04
15155,2014-08-28,0.03
15156,2014-08-29,0.03
15157,2014-09-02,0.03
15158,2014-09-03,0.03
15159,2014-09-04,0.03
15160,2014-09-05,0.03
15161,2014-09-08,0.02
15162,2014-09-09,0.02
15163,2014-09-10,0.02
15164,2014-09-11,0.02
15165,2014-09-12,0.02
15166,2014-09-15,0.02
15167,2014-09-16,0.02
15168,2014-09-17,0.02
15169,2014-09-18,0.02
15170,2014-09-19,0.02
15171,2014-09-22,0.01
15172,2014-09-23,0.01
15173,2014-09-24,0.02
15174,2014-09-25,0.01
15175,2014-09-26,0.01
15176,2014-09-29,0.02
15177,2014-09-30,0.02
15178,2014-10-01,0.02
15179,2014-10-02,0.01
15180,2014-10-03,0.01
15181,2014-10-06,0.02
15182,2014-10-07,0.02
15183,2014-10-08,0.01
15184,2014-10-09,0.01
15185,2014-10-10,0.01
15186,2014-10-14,0.02
15187,2014-10-15,0.02
15188,2014-10-16,0.03
15189,2014-10-17,0.02
15190,2014-10-20,0.02
15191,2014-10-21,0.02
15192,2014-10-22,0.02
15193,2014-10-23,0.01
15194,2014-10-24,0.01
15195,2014-10-27,0.02
15196,2014-10-28,0.02
15197,2014-10-29,0.03
15198,2014-10-30,0.01
15199,2014-10-31,0.01
15200,2014-11-03,0.02
15201,2014-11-04,0.03
15202,2014-11-05,0.03
15203,2014-11-06,0.03
15204,2014-11-07,0.03
15205,2014-11-10,0.02
15206,2014-11-12,0.02
15207,2014-11-13,0.02
15208,2014-11-14,0.02
15209,2014-11-17,0.03
15210,2014-11-18,0.02
15211,2014-11-19,0.01
15212,2014-11-20,0.02
15213,2014-11-21,0.01
15214,2014-11-24,0.02
15215,2014-11-25,0.02
15216,2014-11-26,0.02
15217,2014-11-28,0.02
15218,2014-12-01,0.03
15219,2014-12-02,0.03
15220,2014-12-03,0.01
15221,2014-12-04,0.02
15222,2014-12-05,0.02
15223,2014-12-08,0.03
15224,2014-12-09,0.04
15225,2014-12-10,0.03
15226,2014-12-11,0.03
15227,2014-12-12,0.02
15228,2014-12-15,0.04
15229,2014-12-16,0.03
15230,2014-12-17,0.03
15231,2014-12-18,0.04
15232,2014-12-19,0.04
15233,2014-12-22,0.05
15234,2014-12-23,0.03
15235,2014-12-24,0.01
15236,2014-12-26,0.01
15237,2014-12-29,0.03
15238,2014-12-30,0.03
15239,2014-12-31,0.04
15240,2015-01-02,0.02
15241,2015-01-05,0.03
15242,2015-01-06,0.03
15243,2015-01-07,0.03
15244,2015-01-08,0.03
15245,2015-01-09,0.02
15246,2015-01-12,0.03
15247,2015-01-13,0.03
15248,2015-01-14,0.04
15249,2015-01-15,0.03
15250,2015-01-16,0.03
15251,2015-01-20,0.03
15252,2015-01-21,0.03
15253,2015-01-22,0.03
15254,2015-01-23,0.02
15255,2015-01-26,0.03
15256,2015-01-27,0.02
15257,2015-01-28,0.02
15258,2015-01-29,0.03
15259,2015-01-30,0.02
15260,2015-02-02,0.02
15261,2015-02-03,0.02
15262,2015-02-04,0.01
15263,2015-02-05,0.02
15264,2015-02-06,0.02
15265,2015-02-09,0.01
15266,2015-02-10,0.01
15267,2015-02-11,0.01
15268,2015-02-12,0.02
15269,2015-02-13,0.01
15270,2015-02-17,0.02
15271,2015-02-18,0.02
15272,2015-02-19,0.02
15273,2015-02-20,0.02
15274,2015-02-23,0.02
15275,2015-02-24,0.02
15276,2015-02-25,0.02
15277,2015-02-26,0.03
15278,2015-02-27,0.02
15279,2015-03-02,0.02
15280,2015-03-03,0.02
15281,2015-03-04,0.01
15282,2015-03-05,0.02
15283,2015-03-06,0.01
15284,2015-03-09,0.02
15285,2015-03-10,0.02
15286,2015-03-11,0.03
15287,2015-03-12,0.03
15288,2015-03-13,0.03
15289,2015-03-16,0.05
15290,2015-03-17,0.05
15291,2015-03-18,0.03
15292,2015-03-19,0.03
15293,2015-03-20,0.01
15294,2015-03-23,0.03
15295,2015-03-24,0.02
15296,2015-03-25,0.04
15297,2015-03-26,0.03
15298,2015-03-27,0.04
15299,2015-03-30,0.04
15300,2015-03-31,0.03
15301,2015-04-01,0.03
15302,2015-04-02,0.02
15303,2015-04-03,0.02
15304,2015-04-06,0.03
15305,2015-04-07,0.02
15306,2015-04-08,0.03
15307,2015-04-09,0.03
15308,2015-04-10,0.02
15309,2015-04-13,0.03
15310,2015-04-14,0.02
15311,2015-04-15,0.02
15312,2015-04-16,0.02
15313,2015-04-17,0.01
15314,2015-04-20,0.03
15315,2015-04-21,0.03
15316,2015-04-22,0.03
15317,2015-04-23,0.03
15318,2015-04-24,0.03
15319,2015-04-27,0.02
15320,2015-04-28,0.02
15321,2015-04-29,0.01
15322,2015-04-30,0.01
15323,2015-05-01,0.01
15324,2015-05-04,0.02
15325,2015-05-05,0.01
15326,2015-05-06,0.02
15327,2015-05-07,0.01
15328,2015-05-08,0.01
15329,2015-05-11,0.02
15330,2015-05-12,0.03
15331,2015-05-13,0.02
15332,2015-05-14,0.01
15333,2015-05-15,0.02
15334,2015-05-18,0.02
15335,2015-05-19,0.02
15336,2015-05-20,0.02
15337,2015-05-21,0.02
15338,2015-05-22,0.02
15339,2015-05-26,0.02
15340,2015-05-27,0.01
15341,2015-05-28,0.01
15342,2015-05-29,0.01
15343,2015-06-01,0.02
15344,2015-06-02,0.01
15345,2015-06-03,0.02
15346,2015-06-04,0.02
15347,2015-06-05,0.03
15348,2015-06-08,0.02
15349,2015-06-09,0.02
15350,2015-06-10,0.02
15351,2015-06-11,0.01
15352,2015-06-12,0.02
15353,2015-06-15,0.02
15354,2015-06-16,0.01
15355,2015-06-17,0.01
15356,2015-06-18,0.01
15357,2015-06-19,0.01
15358,2015-06-22,0.01
15359,2015-06-23,0.01
15360,2015-06-24,0.01
15361,2015-06-25,0.01
15362,2015-06-26,0.01
15363,2015-06-29,0.02
15364,2015-06-30,0.01
15365,2015-07-01,0.01
15366,2015-07-02,0.01
15367,2015-07-06,0.02
15368,2015-07-07,0.02
15369,2015-07-08,0.02
15370,2015-07-09,0.03
15371,2015-07-10,0.01
15372,2015-07-13,0.02
15373,2015-07-14,0.01
15374,2015-07-15,0.02
15375,2015-07-16,0.02
15376,2015-07-17,0.03
15377,2015-07-20,0.04
15378,2015-07-21,0.03
15379,2015-07-22,0.04
15380,2015-07-23,0.03
15381,2015-07-24,0.04
15382,2015-07-27,0.05
15383,2015-07-28,0.05
15384,2015-07-29,0.06
15385,2015-07-30,0.07
15386,2015-07-31,0.08
15387,2015-08-03,0.08
15388,2015-08-04,0.08
15389,2015-08-05,0.08
15390,2015-08-06,0.04
15391,2015-08-07,0.06
15392,2015-08-10,0.12
15393,2015-08-11,0.1
15394,2015-08-12,0.1
15395,2015-08-13,0.1
15396,2015-08-14,0.09
15397,2015-08-17,0.1
15398,2015-08-18,0.07
15399,2015-08-19,0.05
15400,2015-08-20,0.02
15401,2015-08-21,0.03
15402,2015-08-24,0.06
15403,2015-08-25,0.07
15404,2015-08-26,0.06
15405,2015-08-27,0.06
15406,2015-08-28,0.06
15407,2015-08-31,0.08
15408,2015-09-01,0.03
15409,2015-09-02,0.03
15410,2015-09-03,0.02
15411,2015-09-04,0.02
15412,2015-09-08,0.06
15413,2015-09-09,0.03
15414,2015-09-10,0.02
15415,2015-09-11,0.04
15416,2015-09-14,0.07
15417,2015-09-15,0.07
15418,2015-09-16,0.06
15419,2015-09-17,0.01
15420,2015-09-18,-0.01
15421,2015-09-21,0.01
15422,2015-09-22,-0.01
15423,2015-09-23,0.01
15424,2015-09-24,0.01
15425,2015-09-25,-0.01
15426,2015-09-28,0.01
15427,2015-09-29,0.01
15428,2015-09-30,-0.01
15429,2015-10-01,-0.02
15430,2015-10-02,0.0
15431,2015-10-05,0.01
15432,2015-10-06,0.0
15433,2015-10-07,0.0
15434,2015-10-08,-0.01
15435,2015-10-09,0.01
15436,2015-10-13,0.01
15437,2015-10-14,0.0
15438,2015-10-15,0.01
15439,2015-10-16,0.01
15440,2015-10-19,0.02
15441,2015-10-20,0.02
15442,2015-10-21,0.01
15443,2015-10-22,0.0
15444,2015-10-23,0.01
15445,2015-10-26,0.02
15446,2015-10-27,0.03
15447,2015-10-28,0.04
15448,2015-10-29,0.07
15449,2015-10-30,0.08
15450,2015-11-02,0.08
15451,2015-11-03,0.06
15452,2015-11-04,0.05
15453,2015-11-05,0.05
15454,2015-11-06,0.08
15455,2015-11-09,0.14
15456,2015-11-10,0.13
15457,2015-11-12,0.14
15458,2015-11-13,0.13
15459,2015-11-16,0.15
15460,2015-11-17,0.14
15461,2015-11-18,0.12
15462,2015-11-19,0.11
15463,2015-11-20,0.11
15464,2015-11-23,0.14
15465,2015-11-24,0.16
15466,2015-11-25,0.19
15467,2015-11-27,0.17
15468,2015-11-30,0.22
15469,2015-12-01,0.21
15470,2015-12-02,0.21
15471,2015-12-03,0.21
15472,2015-12-04,0.22
15473,2015-12-07,0.29
15474,2015-12-08,0.27
15475,2015-12-09,0.26
15476,2015-12-10,0.24
15477,2015-12-11,0.22
15478,2015-12-14,0.26
15479,2015-12-15,0.25
15480,2015-12-16,0.27
15481,2015-12-17,0.23
15482,2015-12-18,0.19
15483,2015-12-21,0.24
15484,2015-12-22,0.21
15485,2015-12-23,0.2
15486,2015-12-24,0.2
15487,2015-12-28,0.23
15488,2015-12-29,0.23
15489,2015-12-30,0.21
15490,2015-12-31,0.16
15491,2016-01-04,0.22
15492,2016-01-05,0.2
15493,2016-01-06,0.21
15494,2016-01-07,0.2
15495,2016-01-08,0.2
15496,2016-01-11,0.21
15497,2016-01-12,0.21
15498,2016-01-13,0.22
15499,2016-01-14,0.25
15500,2016-01-15,0.23
15501,2016-01-19,0.26
15502,2016-01-20,0.26
15503,2016-01-21,0.28
15504,2016-01-22,0.3
15505,2016-01-25,0.31
15506,2016-01-26,0.31
15507,2016-01-27,0.32
15508,2016-01-28,0.34
15509,2016-01-29,0.32
15510,2016-02-01,0.35
15511,2016-02-02,0.34
15512,2016-02-03,0.33
15513,2016-02-04,0.29
15514,2016-02-05,0.29
15515,2016-02-08,0.32
15516,2016-02-09,0.3
15517,2016-02-10,0.31
15518,2016-02-11,0.28
15519,2016-02-12,0.29
15520,2016-02-16,0.3
15521,2016-02-17,0.3
15522,2016-02-18,0.3
15523,2016-02-19,0.3
15524,2016-02-22,0.33
15525,2016-02-23,0.32
15526,2016-02-24,0.33
15527,2016-02-25,0.32
15528,2016-02-26,0.32
15529,2016-02-29,0.33
15530,2016-03-01,0.33
15531,2016-03-02,0.35
15532,2016-03-03,0.27
15533,2016-03-04,0.28
15534,2016-03-07,0.32
15535,2016-03-08,0.29
15536,2016-03-09,0.3
15537,2016-03-10,0.31
15538,2016-03-11,0.32
15539,2016-03-14,0.34
15540,2016-03-15,0.34
15541,2016-03-16,0.31
15542,2016-03-17,0.29
15543,2016-03-18,0.29
15544,2016-03-21,0.31
15545,2016-03-22,0.3
15546,2016-03-23,0.3
15547,2016-03-24,0.29
15548,2016-03-28,0.29
15549,2016-03-29,0.23
15550,2016-03-30,0.2
15551,2016-03-31,0.21
15552,2016-04-01,0.23
15553,2016-04-04,0.23
15554,2016-04-05,0.23
15555,2016-04-06,0.23
15556,2016-04-07,0.23
15557,2016-04-08,0.23
15558,2016-04-11,0.23
15559,2016-04-12,0.22
15560,2016-04-13,0.23
15561,2016-04-14,0.22
15562,2016-04-15,0.22
15563,2016-04-18,0.22
15564,2016-04-19,0.21
15565,2016-04-20,0.23
15566,2016-04-21,0.23
15567,2016-04-22,0.23
15568,2016-04-25,0.25
15569,2016-04-26,0.24
15570,2016-04-27,0.24
15571,2016-04-28,0.22
15572,2016-04-29,0.22
15573,2016-05-02,0.22
15574,2016-05-03,0.21
15575,2016-05-04,0.19
15576,2016-05-05,0.2
15577,2016-05-06,0.19
15578,2016-05-09,0.24
15579,2016-05-10,0.24
15580,2016-05-11,0.26
15581,2016-05-12,0.27
15582,2016-05-13,0.28
15583,2016-05-16,0.28
15584,2016-05-17,0.28
15585,2016-05-18,0.3
15586,2016-05-19,0.3
15587,2016-05-20,0.32
15588,2016-05-23,0.35
15589,2016-05-24,0.35
15590,2016-05-25,0.33
15591,2016-05-26,0.3
15592,2016-05-27,0.31
15593,2016-05-31,0.34
15594,2016-06-01,0.3
15595,2016-06-02,0.28
15596,2016-06-03,0.29
15597,2016-06-06,0.28
15598,2016-06-07,0.28
15599,2016-06-08,0.24
15600,2016-06-09,0.25
15601,2016-06-10,0.25
15602,2016-06-13,0.27
15603,2016-06-14,0.27
15604,2016-06-15,0.26
15605,2016-06-16,0.27
15606,2016-06-17,0.26
15607,2016-06-20,0.28
15608,2016-06-21,0.27
15609,2016-06-22,0.27
15610,2016-06-23,0.3
15611,2016-06-24,0.26
15612,2016-06-27,0.27
15613,2016-06-28,0.26
15614,2016-06-29,0.26
15615,2016-06-30,0.26
15616,2016-07-01,0.27
15617,2016-07-05,0.28
15618,2016-07-06,0.27
15619,2016-07-07,0.29
15620,2016-07-08,0.27
15621,2016-07-11,0.31
15622,2016-07-12,0.29
15623,2016-07-13,0.31
15624,2016-07-14,0.31
15625,2016-07-15,0.31
15626,2016-07-18,0.32
15627,2016-07-19,0.31
15628,2016-07-20,0.32
15629,2016-07-21,0.31
15630,2016-07-22,0.32
15631,2016-07-25,0.32
15632,2016-07-26,0.31
15633,2016-07-27,0.31
15634,2016-07-28,0.25
15635,2016-07-29,0.27
15636,2016-08-01,0.29
15637,2016-08-02,0.29
15638,2016-08-03,0.28
15639,2016-08-04,0.26
15640,2016-08-05,0.27
15641,2016-08-08,0.31
15642,2016-08-09,0.29
15643,2016-08-10,0.28
15644,2016-08-11,0.28
15645,2016-08-12,0.28
15646,2016-08-15,0.31
15647,2016-08-16,0.27
15648,2016-08-17,0.3
15649,2016-08-18,0.29
15650,2016-08-19,0.29
15651,2016-08-22,0.29
15652,2016-08-23,0.3
15653,2016-08-24,0.31
15654,2016-08-25,0.33
15655,2016-08-26,0.33
15656,2016-08-29,0.33
15657,2016-08-30,0.33
15658,2016-08-31,0.33
15659,2016-09-01,0.33
15660,2016-09-02,0.32
15661,2016-09-06,0.32
15662,2016-09-07,0.34
15663,2016-09-08,0.34
15664,2016-09-09,0.34
15665,2016-09-12,0.37
15666,2016-09-13,0.36
15667,2016-09-14,0.33
15668,2016-09-15,0.29
15669,2016-09-16,0.29
15670,2016-09-19,0.3
15671,2016-09-20,0.3
15672,2016-09-21,0.22
15673,2016-09-22,0.18
15674,2016-09-23,0.18
15675,2016-09-26,0.25
15676,2016-09-27,0.26
15677,2016-09-28,0.27
15678,2016-09-29,0.26
15679,2016-09-30,0.28
15680,2016-10-03,0.32
15681,2016-10-04,0.33
15682,2016-10-05,0.32
15683,2016-10-06,0.32
15684,2016-10-07,0.32
15685,2016-10-11,0.35
15686,2016-10-12,0.36
15687,2016-10-13,0.29
15688,2016-10-14,0.31
15689,2016-10-17,0.34
15690,2016-10-18,0.34
15691,2016-10-19,0.34
15692,2016-10-20,0.34
15693,2016-10-21,0.33
15694,2016-10-24,0.33
15695,2016-10-25,0.34
15696,2016-10-26,0.33
15697,2016-10-27,0.29
15698,2016-10-28,0.29
15699,2016-10-31,0.34
15700,2016-11-01,0.35
15701,2016-11-02,0.36
15702,2016-11-03,0.37
15703,2016-11-04,0.37
15704,2016-11-07,0.41
15705,2016-11-08,0.43
15706,2016-11-09,0.44
15707,2016-11-10,0.47
15708,2016-11-14,0.54
15709,2016-11-15,0.5
15710,2016-11-16,0.46
15711,2016-11-17,0.43
15712,2016-11-18,0.43
15713,2016-11-21,0.46
15714,2016-11-22,0.48
15715,2016-11-23,0.5
15716,2016-11-25,0.48
15717,2016-11-28,0.48
15718,2016-11-29,0.48
15719,2016-11-30,0.48
15720,2016-12-01,0.47
15721,2016-12-02,0.48
15722,2016-12-05,0.49
15723,2016-12-06,0.49
15724,2016-12-07,0.51
15725,2016-12-08,0.5
15726,2016-12-09,0.53
15727,2016-12-12,0.51
15728,2016-12-13,0.54
15729,2016-12-14,0.54
15730,2016-12-15,0.5
15731,2016-12-16,0.5
15732,2016-12-19,0.52
15733,2016-12-20,0.52
15734,2016-12-21,0.51
15735,2016-12-22,0.5
15736,2016-12-23,0.51
15737,2016-12-27,0.51
15738,2016-12-28,0.52
15739,2016-12-29,0.46
15740,2016-12-30,0.5
15741,2017-01-03,0.53
15742,2017-01-04,0.52
15743,2017-01-05,0.51
15744,2017-01-06,0.52
15745,2017-01-09,0.5
15746,2017-01-10,0.51
15747,2017-01-11,0.51
15748,2017-01-12,0.51
15749,2017-01-13,0.52
15750,2017-01-17,0.54
15751,2017-01-18,0.52
15752,2017-01-19,0.51
15753,2017-01-20,0.49
15754,2017-01-23,0.51
15755,2017-01-24,0.5
15756,2017-01-25,0.49
15757,2017-01-26,0.5
15758,2017-01-27,0.51
15759,2017-01-30,0.51
15760,2017-01-31,0.52
15761,2017-02-01,0.5
15762,2017-02-02,0.51
15763,2017-02-03,0.5
15764,2017-02-06,0.53
15765,2017-02-07,0.53
15766,2017-02-08,0.53
15767,2017-02-09,0.53
15768,2017-02-10,0.54
15769,2017-02-13,0.52
15770,2017-02-14,0.54
15771,2017-02-15,0.53
15772,2017-02-16,0.52
15773,2017-02-17,0.52
15774,2017-02-21,0.53
15775,2017-02-22,0.52
15776,2017-02-23,0.51
15777,2017-02-24,0.51
15778,2017-02-27,0.5
15779,2017-02-28,0.53
15780,2017-03-01,0.62
15781,2017-03-02,0.66
15782,2017-03-03,0.7
15783,2017-03-06,0.73
15784,2017-03-07,0.75
15785,2017-03-08,0.72
15786,2017-03-09,0.72
15787,2017-03-10,0.73
15788,2017-03-13,0.78
15789,2017-03-14,0.77
15790,2017-03-15,0.72
15791,2017-03-16,0.72
15792,2017-03-17,0.72
15793,2017-03-20,0.75
15794,2017-03-21,0.76
15795,2017-03-22,0.76
15796,2017-03-23,0.75
15797,2017-03-24,0.77
15798,2017-03-27,0.77
15799,2017-03-28,0.77
15800,2017-03-29,0.77
15801,2017-03-30,0.77
15802,2017-03-31,0.75
15803,2017-04-03,0.78
15804,2017-04-04,0.78
15805,2017-04-05,0.79
15806,2017-04-06,0.78
15807,2017-04-07,0.81
15808,2017-04-10,0.81
15809,2017-04-11,0.81
15810,2017-04-12,0.8
15811,2017-04-13,0.8
15812,2017-04-17,0.82
15813,2017-04-18,0.81
15814,2017-04-19,0.8
15815,2017-04-20,0.78
15816,2017-04-21,0.78
15817,2017-04-24,0.8
15818,2017-04-25,0.81
15819,2017-04-26,0.82
15820,2017-04-27,0.8
15821,2017-04-28,0.79
15822,2017-05-01,0.82
15823,2017-05-02,0.81
15824,2017-05-03,0.84
15825,2017-05-04,0.84
15826,2017-05-05,0.88
15827,2017-05-08,0.9
15828,2017-05-09,0.9
15829,2017-05-10,0.89
15830,2017-05-11,0.87
15831,2017-05-12,0.86
15832,2017-05-15,0.89
15833,2017-05-16,0.89
15834,2017-05-17,0.89
15835,2017-05-18,0.91
15836,2017-05-19,0.9
15837,2017-05-22,0.92
15838,2017-05-23,0.91
15839,2017-05-24,0.92
15840,2017-05-25,0.92
15841,2017-05-26,0.92
15842,2017-05-30,0.92
15843,2017-05-31,0.96
15844,2017-06-01,0.96
15845,2017-06-02,0.96
15846,2017-06-05,0.95
15847,2017-06-06,0.96
15848,2017-06-07,0.98
15849,2017-06-08,0.99
15850,2017-06-09,0.99
15851,2017-06-12,0.97
15852,2017-06-13,0.99
15853,2017-06-14,0.99
15854,2017-06-15,1.0
15855,2017-06-16,1.01
15856,2017-06-19,1.01
15857,2017-06-20,1.0
15858,2017-06-21,0.97
15859,2017-06-22,0.94
15860,2017-06-23,0.95
15861,2017-06-26,0.98
15862,2017-06-27,0.99
15863,2017-06-28,1.0
15864,2017-06-29,1.02
15865,2017-06-30,1.01
15866,2017-07-03,1.04
15867,2017-07-05,1.03
15868,2017-07-06,1.02
15869,2017-07-07,1.03
15870,2017-07-10,1.03
15871,2017-07-11,1.03
15872,2017-07-12,1.03
15873,2017-07-13,1.03
15874,2017-07-14,1.02
15875,2017-07-17,1.05
15876,2017-07-18,1.05
15877,2017-07-19,1.09
15878,2017-07-20,1.13
15879,2017-07-21,1.14
15880,2017-07-24,1.15
15881,2017-07-25,1.16
15882,2017-07-26,1.11
15883,2017-07-27,1.09
15884,2017-07-28,1.06
15885,2017-07-31,1.05
15886,2017-08-01,1.06
15887,2017-08-02,1.06
15888,2017-08-03,1.06
15889,2017-08-04,1.06
15890,2017-08-07,1.01
15891,2017-08-08,1.04
15892,2017-08-09,1.04
15893,2017-08-10,1.03
15894,2017-08-11,1.01
15895,2017-08-14,1.01
15896,2017-08-15,1.02
15897,2017-08-16,1.0
15898,2017-08-17,0.98
15899,2017-08-18,1.0
15900,2017-08-21,0.99
15901,2017-08-22,0.99
15902,2017-08-23,0.98
15903,2017-08-24,1.0
15904,2017-08-25,1.01
15905,2017-08-28,0.97
15906,2017-08-29,1.01
15907,2017-08-30,1.01
15908,2017-08-31,0.99
15909,2017-09-01,1.0
15910,2017-09-05,1.01
15911,2017-09-06,1.05
15912,2017-09-07,1.03
15913,2017-09-08,1.02
15914,2017-09-11,1.04
15915,2017-09-12,1.02
15916,2017-09-13,1.02
15917,2017-09-14,1.03
15918,2017-09-15,1.03
15919,2017-09-18,1.04
15920,2017-09-19,1.03
15921,2017-09-20,1.02
15922,2017-09-21,1.02
15923,2017-09-22,1.01
15924,2017-09-25,1.04
15925,2017-09-26,1.05
15926,2017-09-27,1.05
15927,2017-09-28,1.04
15928,2017-09-29,1.04
15929,2017-10-02,1.0
15930,2017-10-03,1.05
15931,2017-10-04,1.06
15932,2017-10-05,1.05
15933,2017-10-06,1.05
15934,2017-10-10,1.06
15935,2017-10-11,1.08
15936,2017-10-12,1.07
15937,2017-10-13,1.07
15938,2017-10-16,1.09
15939,2017-10-17,1.07
15940,2017-10-18,1.07
15941,2017-10-19,1.08
15942,2017-10-20,1.09
15943,2017-10-23,1.08
15944,2017-10-24,1.1
15945,2017-10-25,1.1
15946,2017-10-26,1.09
15947,2017-10-27,1.08
15948,2017-10-30,1.1
15949,2017-10-31,1.13
15950,2017-11-01,1.16
15951,2017-11-02,1.15
15952,2017-11-03,1.16
15953,2017-11-06,1.17
15954,2017-11-07,1.2
15955,2017-11-08,1.21
15956,2017-11-09,1.22
15957,2017-11-10,1.21
15958,2017-11-13,1.22
15959,2017-11-14,1.24
15960,2017-11-15,1.23
15961,2017-11-16,1.25
15962,2017-11-17,1.26
15963,2017-11-20,1.28
15964,2017-11-21,1.28
15965,2017-11-22,1.27
15966,2017-11-24,1.26
15967,2017-11-27,1.25
15968,2017-11-28,1.28
15969,2017-11-29,1.27
15970,2017-11-30,1.25
15971,2017-12-01,1.25
15972,2017-12-04,1.28
15973,2017-12-05,1.28
15974,2017-12-06,1.28
15975,2017-12-07,1.27
15976,2017-12-08,1.26
15977,2017-12-11,1.31
15978,2017-12-12,1.32
15979,2017-12-13,1.28
15980,2017-12-14,1.3
15981,2017-12-15,1.29
15982,2017-12-18,1.36
15983,2017-12-19,1.35
15984,2017-12-20,1.36
15985,2017-12-21,1.33
15986,2017-12-22,1.31
15987,2017-12-26,1.45
15988,2017-12-27,1.42
15989,2017-12-28,1.37
15990,2017-12-29,1.37
15991,2018-01-02,1.42
15992,2018-01-03,1.39
15993,2018-01-04,1.39
15994,2018-01-05,1.37
15995,2018-01-08,1.43
15996,2018-01-09,1.42
15997,2018-01-10,1.4
15998,2018-01-11,1.41
15999,2018-01-12,1.41
16000,2018-01-16,1.43
16001,2018-01-17,1.42
16002,2018-01-18,1.43
16003,2018-01-19,1.42
16004,2018-01-22,1.43
16005,2018-01-23,1.42
16006,2018-01-24,1.41
16007,2018-01-25,1.4
16008,2018-01-26,1.39
16009,2018-01-29,1.43
16010,2018-01-30,1.42
16011,2018-01-31,1.44
16012,2018-02-01,1.46
16013,2018-02-02,1.46
16014,2018-02-05,1.49
16015,2018-02-06,1.5
16016,2018-02-07,1.53
16017,2018-02-08,1.53
16018,2018-02-09,1.53
16019,2018-02-12,1.61
16020,2018-02-13,1.57
16021,2018-02-14,1.56
16022,2018-02-15,1.56
16023,2018-02-16,1.59
16024,2018-02-20,1.64
16025,2018-02-21,1.62
16026,2018-02-22,1.61
16027,2018-02-23,1.61
16028,2018-02-26,1.65
16029,2018-02-27,1.64
16030,2018-02-28,1.63
16031,2018-03-01,1.6
16032,2018-03-02,1.62
16033,2018-03-05,1.67
16034,2018-03-06,1.65
16035,2018-03-07,1.65
16036,2018-03-08,1.64
16037,2018-03-09,1.64
16038,2018-03-12,1.68
16039,2018-03-13,1.7
16040,2018-03-14,1.73
16041,2018-03-15,1.74
16042,2018-03-16,1.75
16043,2018-03-19,1.77
16044,2018-03-20,1.78
16045,2018-03-21,1.71
16046,2018-03-22,1.69
16047,2018-03-23,1.71
16048,2018-03-26,1.76
16049,2018-03-27,1.74
16050,2018-03-28,1.7
16051,2018-03-29,1.7
16052,2018-04-02,1.74
16053,2018-04-03,1.72
16054,2018-04-04,1.68
16055,2018-04-05,1.69
16056,2018-04-06,1.7
16057,2018-04-09,1.73
16058,2018-04-10,1.71
16059,2018-04-11,1.7
16060,2018-04-12,1.72
16061,2018-04-13,1.73
16062,2018-04-16,1.76
16063,2018-04-17,1.77
16064,2018-04-18,1.78
16065,2018-04-19,1.79
16066,2018-04-20,1.78
16067,2018-04-23,1.84
16068,2018-04-24,1.84
16069,2018-04-25,1.82
16070,2018-04-26,1.79
16071,2018-04-27,1.78
16072,2018-04-30,1.84
16073,2018-05-01,1.82
16074,2018-05-02,1.81
16075,2018-05-03,1.8
16076,2018-05-04,1.8
16077,2018-05-07,1.83
16078,2018-05-08,1.84
16079,2018-05-09,1.85
16080,2018-05-10,1.86
16081,2018-05-11,1.88
16082,2018-05-14,1.9
16083,2018-05-15,1.89
16084,2018-05-16,1.88
16085,2018-05-17,1.88
16086,2018-05-18,1.87
16087,2018-05-21,1.9
16088,2018-05-22,1.9
16089,2018-05-23,1.88
16090,2018-05-24,1.87
16091,2018-05-25,1.86
16092,2018-05-29,1.9
16093,2018-05-30,1.9
16094,2018-05-31,1.89
16095,2018-06-01,1.88
16096,2018-06-04,1.91
16097,2018-06-05,1.91
16098,2018-06-06,1.91
16099,2018-06-07,1.9
16100,2018-06-08,1.89
16101,2018-06-11,1.91
16102,2018-06-12,1.89
16103,2018-06-13,1.9
16104,2018-06-14,1.9
16105,2018-06-15,1.9
16106,2018-06-18,1.91
16107,2018-06-19,1.91
16108,2018-06-20,1.9
16109,2018-06-21,1.9
16110,2018-06-22,1.89
16111,2018-06-25,1.9
16112,2018-06-26,1.9
16113,2018-06-27,1.89
16114,2018-06-28,1.89
16115,2018-06-29,1.89
16116,2018-07-02,1.95
16117,2018-07-03,1.94
16118,2018-07-05,1.92
16119,2018-07-06,1.93
16120,2018-07-09,1.95
16121,2018-07-10,1.95
16122,2018-07-11,1.93
16123,2018-07-12,1.94
16124,2018-07-13,1.94
16125,2018-07-16,1.98
16126,2018-07-17,1.98
16127,2018-07-18,1.96
16128,2018-07-19,1.96
16129,2018-07-20,1.95
16130,2018-07-23,1.96
16131,2018-07-24,1.98
16132,2018-07-25,1.97
16133,2018-07-26,1.95
16134,2018-07-27,1.96
16135,2018-07-30,2.01
16136,2018-07-31,1.99
16137,2018-08-01,1.99
16138,2018-08-02,1.98
16139,2018-08-03,1.97
16140,2018-08-06,2.02
16141,2018-08-07,2.02
16142,2018-08-08,2.02
16143,2018-08-09,2.02
16144,2018-08-10,2.01
16145,2018-08-13,2.03
16146,2018-08-14,2.04
16147,2018-08-15,2.03
16148,2018-08-16,2.03
16149,2018-08-17,2.01
16150,2018-08-20,2.03
16151,2018-08-21,2.04
16152,2018-08-22,2.05
16153,2018-08-23,2.04
16154,2018-08-24,2.05
16155,2018-08-27,2.08
16156,2018-08-28,2.09
16157,2018-08-29,2.09
16158,2018-08-30,2.07
16159,2018-08-31,2.07
16160,2018-09-04,2.09
16161,2018-09-05,2.1
16162,2018-09-06,2.09
16163,2018-09-07,2.1
16164,2018-09-10,2.11
16165,2018-09-11,2.11
16166,2018-09-12,2.12
16167,2018-09-13,2.11
16168,2018-09-14,2.12
16169,2018-09-17,2.13
16170,2018-09-18,2.13
16171,2018-09-19,2.12
16172,2018-09-20,2.13
16173,2018-09-21,2.14
16174,2018-09-24,2.18
16175,2018-09-25,2.17
16176,2018-09-26,2.16
16177,2018-09-27,2.14
16178,2018-09-28,2.15
16179,2018-10-01,2.19
16180,2018-10-02,2.19
16181,2018-10-03,2.19
16182,2018-10-04,2.18
16183,2018-10-05,2.18
16184,2018-10-09,2.21
16185,2018-10-10,2.23
16186,2018-10-11,2.22
16187,2018-10-12,2.23
16188,2018-10-15,2.27
16189,2018-10-16,2.26
16190,2018-10-17,2.27
16191,2018-10-18,2.27
16192,2018-10-19,2.26
16193,2018-10-22,2.3
16194,2018-10-23,2.29
16195,2018-10-24,2.29
16196,2018-10-25,2.29
16197,2018-10-26,2.28
16198,2018-10-29,2.3
16199,2018-10-30,2.29
16200,2018-10-31,2.29
16201,2018-11-01,2.27
16202,2018-11-02,2.28
16203,2018-11-05,2.32
16204,2018-11-06,2.31
16205,2018-11-07,2.32
16206,2018-11-08,2.3
16207,2018-11-09,2.31
16208,2018-11-13,2.34
16209,2018-11-14,2.33
16210,2018-11-15,2.32
16211,2018-11-16,2.31
16212,2018-11-19,2.34
16213,2018-11-20,2.34
16214,2018-11-21,2.36
16215,2018-11-23,2.36
16216,2018-11-26,2.37
16217,2018-11-27,2.36
16218,2018-11-28,2.35
16219,2018-11-29,2.32
16220,2018-11-30,2.32
16221,2018-12-03,2.34
16222,2018-12-04,2.38
16223,2018-12-06,2.36
16224,2018-12-07,2.35
16225,2018-12-10,2.37
16226,2018-12-11,2.37
16227,2018-12-12,2.39
16228,2018-12-13,2.38
16229,2018-12-14,2.37
16230,2018-12-17,2.36
16231,2018-12-18,2.34
16232,2018-12-19,2.35
16233,2018-12-20,2.34
16234,2018-12-21,2.34
16235,2018-12-24,2.41
16236,2018-12-26,2.39
16237,2018-12-27,2.36
16238,2018-12-28,2.35
16239,2018-12-31,2.4
16240,2019-01-02,2.37
16241,2019-01-03,2.36
16242,2019-01-04,2.37
16243,2019-01-07,2.41
16244,2019-01-08,2.41
16245,2019-01-09,2.4
16246,2019-01-10,2.38
16247,2019-01-11,2.38
16248,2019-01-14,2.4
16249,2019-01-15,2.4
16250,2019-01-16,2.38
16251,2019-01-17,2.37
16252,2019-01-18,2.36
16253,2019-01-22,2.38
16254,2019-01-23,2.36
16255,2019-01-24,2.32
16256,2019-01-25,2.34
16257,2019-01-28,2.37
16258,2019-01-29,2.37
16259,2019-01-30,2.37
16260,2019-01-31,2.36
16261,2019-02-01,2.35
16262,2019-02-04,2.37
16263,2019-02-05,2.37
16264,2019-02-06,2.37
16265,2019-02-07,2.37
16266,2019-02-08,2.38
16267,2019-02-11,2.4
16268,2019-02-12,2.38
16269,2019-02-13,2.39
16270,2019-02-14,2.38
16271,2019-02-15,2.38
16272,2019-02-19,2.41
16273,2019-02-20,2.4
16274,2019-02-21,2.4
16275,2019-02-22,2.41
16276,2019-02-25,2.42
16277,2019-02-26,2.4
16278,2019-02-27,2.4
16279,2019-02-28,2.4
16280,2019-03-01,2.39
16281,2019-03-04,2.41
16282,2019-03-05,2.41
16283,2019-03-06,2.41
16284,2019-03-07,2.4
16285,2019-03-08,2.41
16286,2019-03-11,2.41
16287,2019-03-12,2.41
16288,2019-03-13,2.4
16289,2019-03-14,2.4
16290,2019-03-15,2.4
16291,2019-03-18,2.39
16292,2019-03-19,2.41
16293,2019-03-20,2.42
16294,2019-03-21,2.43
16295,2019-03-22,2.41
16296,2019-03-25,2.41
16297,2019-03-26,2.41
16298,2019-03-27,2.39
16299,2019-03-28,2.38
16300,2019-03-29,2.35
16301,2019-04-01,2.38
16302,2019-04-02,2.37
16303,2019-04-03,2.39
16304,2019-04-04,2.39
16305,2019-04-05,2.39
16306,2019-04-08,2.38
16307,2019-04-09,2.37
16308,2019-04-10,2.38
16309,2019-04-11,2.38
16310,2019-04-12,2.39
16311,2019-04-15,2.38
16312,2019-04-16,2.38
16313,2019-04-17,2.39
16314,2019-04-18,2.37
16315,2019-04-22,2.39
16316,2019-04-23,2.4
16317,2019-04-24,2.39
16318,2019-04-25,2.38
16319,2019-04-26,2.37
16320,2019-04-29,2.39
16321,2019-04-30,2.38
16322,2019-05-01,2.38
16323,2019-05-02,2.41
16324,2019-05-03,2.38
16325,2019-05-06,2.39
16326,2019-05-07,2.38
16327,2019-05-08,2.38
16328,2019-05-09,2.38
16329,2019-05-10,2.38
16330,2019-05-13,2.36
16331,2019-05-14,2.36
16332,2019-05-15,2.37
16333,2019-05-16,2.35
16334,2019-05-17,2.34
16335,2019-05-20,2.34
16336,2019-05-21,2.34
16337,2019-05-22,2.33
16338,2019-05-23,2.32
16339,2019-05-24,2.3
16340,2019-05-28,2.32
16341,2019-05-29,2.32
16342,2019-05-30,2.33
16343,2019-05-31,2.3
16344,2019-06-03,2.3
16345,2019-06-04,2.3
16346,2019-06-05,2.3
16347,2019-06-06,2.28
16348,2019-06-07,2.23
16349,2019-06-10,2.24
16350,2019-06-11,2.22
16351,2019-06-12,2.19
16352,2019-06-13,2.14
16353,2019-06-14,2.15
16354,2019-06-17,2.18
16355,2019-06-18,2.17
16356,2019-06-19,2.13
16357,2019-06-20,2.09
16358,2019-06-21,2.07
16359,2019-06-24,2.08
16360,2019-06-25,2.07
16361,2019-06-26,2.1
16362,2019-06-27,2.09
16363,2019-06-28,2.08
16364,2019-07-01,2.16
16365,2019-07-02,2.15
16366,2019-07-03,2.16
16367,2019-07-05,2.18
16368,2019-07-08,2.21
16369,2019-07-09,2.21
16370,2019-07-10,2.15
16371,2019-07-11,2.12
16372,2019-07-12,2.1
16373,2019-07-15,2.11
16374,2019-07-16,2.1
16375,2019-07-17,2.09
16376,2019-07-18,2.01
16377,2019-07-19,2.02
16378,2019-07-22,2.04
16379,2019-07-23,2.02
16380,2019-07-24,2.05
16381,2019-07-25,2.06
16382,2019-07-26,2.08
16383,2019-07-29,2.07
16384,2019-07-30,2.04
16385,2019-07-31,2.04
16386,2019-08-01,2.03
16387,2019-08-02,2.02
16388,2019-08-05,2.0
16389,2019-08-06,2.01
16390,2019-08-07,1.98
16391,2019-08-08,1.98
16392,2019-08-09,1.96
16393,2019-08-12,1.96
16394,2019-08-13,1.96
16395,2019-08-14,1.92
16396,2019-08-15,1.87
16397,2019-08-16,1.83
16398,2019-08-19,1.9
16399,2019-08-20,1.9
16400,2019-08-21,1.93
16401,2019-08-22,1.96
16402,2019-08-23,1.93
16403,2019-08-26,1.96
16404,2019-08-27,1.94
16405,2019-08-28,1.95
16406,2019-08-29,1.95
16407,2019-08-30,1.95
16408,2019-09-03,1.94
16409,2019-09-04,1.93
16410,2019-09-05,1.93
16411,2019-09-06,1.92
16412,2019-09-09,1.92
16413,2019-09-10,1.91
16414,2019-09-11,1.92
16415,2019-09-12,1.91
16416,2019-09-13,1.92
16417,2019-09-16,1.95
16418,2019-09-17,1.95
16419,2019-09-18,1.91
16420,2019-09-19,1.89
16421,2019-09-20,1.87
16422,2019-09-23,1.9
16423,2019-09-24,1.88
16424,2019-09-25,1.85
16425,2019-09-26,1.79
16426,2019-09-27,1.76
16427,2019-09-30,1.84
16428,2019-10-01,1.78
16429,2019-10-02,1.75
16430,2019-10-03,1.67
16431,2019-10-04,1.68
16432,2019-10-07,1.71
16433,2019-10-08,1.68
16434,2019-10-09,1.66
16435,2019-10-10,1.65
16436,2019-10-11,1.65
16437,2019-10-15,1.64
16438,2019-10-16,1.63
16439,2019-10-17,1.63
16440,2019-10-18,1.63
16441,2019-10-21,1.64
16442,2019-10-22,1.62
16443,2019-10-23,1.62
16444,2019-10-24,1.64
16445,2019-10-25,1.63
16446,2019-10-28,1.62
16447,2019-10-29,1.6
16448,2019-10-30,1.59
16449,2019-10-31,1.51
16450,2019-11-01,1.49
16451,2019-11-04,1.5
16452,2019-11-05,1.53
16453,2019-11-06,1.53
16454,2019-11-07,1.53
16455,2019-11-08,1.52
16456,2019-11-12,1.56
16457,2019-11-13,1.54
16458,2019-11-14,1.54
16459,2019-11-15,1.54
16460,2019-11-18,1.54
16461,2019-11-19,1.54
16462,2019-11-20,1.54
16463,2019-11-21,1.55
16464,2019-11-22,1.55
16465,2019-11-25,1.58
16466,2019-11-26,1.57
16467,2019-11-27,1.59
16468,2019-11-29,1.56
16469,2019-12-02,1.57
16470,2019-12-03,1.54
16471,2019-12-04,1.52
16472,2019-12-05,1.51
16473,2019-12-06,1.5
16474,2019-12-09,1.51
16475,2019-12-10,1.53
16476,2019-12-11,1.54
16477,2019-12-12,1.53
16478,2019-12-13,1.54
16479,2019-12-16,1.54
16480,2019-12-17,1.53
16481,2019-12-18,1.53
16482,2019-12-19,1.54
16483,2019-12-20,1.55
16484,2019-12-23,1.56
16485,2019-12-24,1.55
16486,2019-12-26,1.55
16487,2019-12-27,1.54
16488,2019-12-30,1.54
16489,2019-12-31,1.52
16490,2020-01-02,1.51
16491,2020-01-03,1.49
16492,2020-01-06,1.53
16493,2020-01-07,1.51
16494,2020-01-08,1.51
16495,2020-01-09,1.51
16496,2020-01-10,1.51
16497,2020-01-13,1.54
16498,2020-01-14,1.54
16499,2020-01-15,1.54
16500,2020-01-16,1.52
16501,2020-01-17,1.53
16502,2020-01-21,1.53
16503,2020-01-22,1.52
16504,2020-01-23,1.52
16505,2020-01-24,1.51
16506,2020-01-27,1.52
16507,2020-01-28,1.54
16508,2020-01-29,1.53
16509,2020-01-30,1.54
16510,2020-01-31,1.52
16511,2020-02-03,1.54
16512,2020-02-04,1.54
16513,2020-02-05,1.54
16514,2020-02-06,1.54
16515,2020-02-07,1.53
16516,2020-02-10,1.55
16517,2020-02-11,1.54
16518,2020-02-12,1.55
16519,2020-02-13,1.56
16520,2020-02-14,1.55
16521,2020-02-18,1.55
16522,2020-02-19,1.55
16523,2020-02-20,1.55
16524,2020-02-21,1.53
16525,2020-02-24,1.5
16526,2020-02-25,1.5
16527,2020-02-26,1.5
16528,2020-02-27,1.42
16529,2020-02-28,1.25
16530,2020-03-02,1.1
16531,2020-03-03,0.93
16532,2020-03-04,0.71
16533,2020-03-05,0.61
16534,2020-03-06,0.45
16535,2020-03-09,0.32
16536,2020-03-10,0.43
16537,2020-03-11,0.41
16538,2020-03-12,0.33
16539,2020-03-13,0.27
16540,2020-03-16,0.24
16541,2020-03-17,0.19
16542,2020-03-18,0.02
16543,2020-03-19,0.04
16544,2020-03-20,0.05
16545,2020-03-23,0.02
16546,2020-03-24,0.01
16547,2020-03-25,-0.04
16548,2020-03-26,-0.05
16549,2020-03-27,0.03
16550,2020-03-30,0.12
16551,2020-03-31,0.11
16552,2020-04-01,0.09
16553,2020-04-02,0.09
16554,2020-04-03,0.1
16555,2020-04-06,0.15
16556,2020-04-07,0.14
16557,2020-04-08,0.22
16558,2020-04-09,0.25
16559,2020-04-13,0.26
16560,2020-04-14,0.2
16561,2020-04-15,0.14
16562,2020-04-16,0.14
16563,2020-04-17,0.12
16564,2020-04-20,0.12
16565,2020-04-21,0.11
16566,2020-04-22,0.12
16567,2020-04-23,0.11
16568,2020-04-24,0.12
16569,2020-04-27,0.12
16570,2020-04-28,0.11
16571,2020-04-29,0.1
16572,2020-04-30,0.09
16573,2020-05-01,0.12
16574,2020-05-04,0.13
16575,2020-05-05,0.13
16576,2020-05-06,0.12
16577,2020-05-07,0.11
16578,2020-05-08,0.12
16579,2020-05-11,0.12
16580,2020-05-12,0.13
16581,2020-05-13,0.13
16582,2020-05-14,0.12
16583,2020-05-15,0.12
16584,2020-05-18,0.13
16585,2020-05-19,0.13
16586,2020-05-20,0.12
16587,2020-05-21,0.12
16588,2020-05-22,0.12
16589,2020-05-26,0.14
16590,2020-05-27,0.15
16591,2020-05-28,0.15
16592,2020-05-29,0.14
16593,2020-06-01,0.14
16594,2020-06-02,0.15
16595,2020-06-03,0.16
16596,2020-06-04,0.15
16597,2020-06-05,0.15
16598,2020-06-08,0.17
16599,2020-06-09,0.19
16600,2020-06-10,0.17
16601,2020-06-11,0.17
16602,2020-06-12,0.16
16603,2020-06-15,0.18
16604,2020-06-16,0.17
16605,2020-06-17,0.17
16606,2020-06-18,0.16
16607,2020-06-19,0.15
16608,2020-06-22,0.16
16609,2020-06-23,0.16
16610,2020-06-24,0.15
16611,2020-06-25,0.16
16612,2020-06-26,0.14
16613,2020-06-29,0.14
16614,2020-06-30,0.16
16615,2020-07-01,0.14
16616,2020-07-02,0.14
16617,2020-07-06,0.15
16618,2020-07-07,0.15
16619,2020-07-08,0.15
16620,2020-07-09,0.13
16621,2020-07-10,0.13
16622,2020-07-13,0.14
16623,2020-07-14,0.15
16624,2020-07-15,0.16
16625,2020-07-16,0.11
16626,2020-07-17,0.11
16627,2020-07-20,0.13
16628,2020-07-21,0.13
16629,2020-07-22,0.13
16630,2020-07-23,0.12
16631,2020-07-24,0.11
16632,2020-07-27,0.11
16633,2020-07-28,0.11
16634,2020-07-29,0.11
16635,2020-07-30,0.09
16636,2020-07-31,0.09
16637,2020-08-03,0.1
16638,2020-08-04,0.09
16639,2020-08-05,0.1
16640,2020-08-06,0.1
16641,2020-08-07,0.1
16642,2020-08-10,0.11
16643,2020-08-11,0.11
16644,2020-08-12,0.11
16645,2020-08-13,0.1
16646,2020-08-14,0.1
16647,2020-08-17,0.1
16648,2020-08-18,0.09
16649,2020-08-19,0.11
16650,2020-08-20,0.11
16651,2020-08-21,0.1
16652,2020-08-24,0.12
16653,2020-08-25,0.11
16654,2020-08-26,0.11
16655,2020-08-27,0.11
16656,2020-08-28,0.1
16657,2020-08-31,0.11
16658,2020-09-01,0.12
16659,2020-09-02,0.12
16660,2020-09-03,0.11
16661,2020-09-04,0.11
16662,2020-09-08,0.13
16663,2020-09-09,0.12
16664,2020-09-10,0.12
16665,2020-09-11,0.11
16666,2020-09-14,0.11
16667,2020-09-15,0.11
16668,2020-09-16,0.12
16669,2020-09-17,0.09
16670,2020-09-18,0.1
16671,2020-09-21,0.1
16672,2020-09-22,0.1
16673,2020-09-23,0.11
16674,2020-09-24,0.1
16675,2020-09-25,0.1
16676,2020-09-28,0.11
16677,2020-09-29,0.09
16678,2020-09-30,0.1
16679,2020-10-01,0.09
16680,2020-10-02,0.09
16681,2020-10-05,0.1
16682,2020-10-06,0.1
16683,2020-10-07,0.1
16684,2020-10-08,0.09
16685,2020-10-09,0.1
16686,2020-10-13,0.11
16687,2020-10-14,0.12
16688,2020-10-15,0.11
16689,2020-10-16,0.11
16690,2020-10-19,0.11
16691,2020-10-20,0.1
16692,2020-10-21,0.1
16693,2020-10-22,0.09
16694,2020-10-23,0.1
16695,2020-10-26,0.11
16696,2020-10-27,0.1
16697,2020-10-28,0.1
16698,2020-10-29,0.09
16699,2020-10-30,0.09
16700,2020-11-02,0.09
16701,2020-11-03,0.1
16702,2020-11-04,0.1
16703,2020-11-05,0.1
16704,2020-11-06,0.1
16705,2020-11-09,0.11
16706,2020-11-10,0.1
16707,2020-11-12,0.1
16708,2020-11-13,0.09
16709,2020-11-16,0.09
16710,2020-11-17,0.09
16711,2020-11-18,0.09
16712,2020-11-19,0.07
16713,2020-11-20,0.07
16714,2020-11-23,0.08
16715,2020-11-24,0.09
16716,2020-11-25,0.09
16717,2020-11-27,0.09
16718,2020-11-30,0.08
16719,2020-12-01,0.09
16720,2020-12-02,0.09
16721,2020-12-03,0.08
16722,2020-12-04,0.09
16723,2020-12-07,0.08
16724,2020-12-08,0.09
16725,2020-12-09,0.08
16726,2020-12-10,0.08
16727,2020-12-11,0.08
16728,2020-12-14,0.09
16729,2020-12-15,0.08
16730,2020-12-16,0.09
16731,2020-12-17,0.08
16732,2020-12-18,0.08
16733,2020-12-21,0.09
16734,2020-12-22,0.09
16735,2020-12-23,0.09
16736,2020-12-24,0.09
16737,2020-12-28,0.11
16738,2020-12-29,0.1
16739,2020-12-30,0.08
16740,2020-12-31,0.09
16741,2021-01-04,0.09
16742,2021-01-05,0.09
16743,2021-01-06,0.09
16744,2021-01-07,0.09
16745,2021-01-08,0.08
16746,2021-01-11,0.08
16747,2021-01-12,0.09
16748,2021-01-13,0.09
16749,2021-01-14,0.09
16750,2021-01-15,0.09
16751,2021-01-19,0.09
16752,2021-01-20,0.08
16753,2021-01-21,0.09
16754,2021-01-22,0.08
16755,2021-01-25,0.09
16756,2021-01-26,0.07
16757,2021-01-27,0.08
16758,2021-01-28,0.07
16759,2021-01-29,0.06
16760,2021-02-01,0.07
16761,2021-02-02,0.07
16762,2021-02-03,0.04
16763,2021-02-04,0.04
16764,2021-02-05,0.03
16765,2021-02-08,0.05
16766,2021-02-09,0.04
16767,2021-02-10,0.05
16768,2021-02-11,0.05
16769,2021-02-12,0.04
16770,2021-02-16,0.04
16771,2021-02-17,0.04
16772,2021-02-18,0.03
16773,2021-02-19,0.04
16774,2021-02-22,0.03
16775,2021-02-23,0.04
16776,2021-02-24,0.03
16777,2021-02-25,0.04
16778,2021-02-26,0.04
16779,2021-03-01,0.05
16780,2021-03-02,0.04
16781,2021-03-03,0.05
16782,2021-03-04,0.04
16783,2021-03-05,0.04
16784,2021-03-08,0.05
16785,2021-03-09,0.05
16786,2021-03-10,0.04
16787,2021-03-11,0.04
16788,2021-03-12,0.04
16789,2021-03-15,0.04
16790,2021-03-16,0.02
16791,2021-03-17,0.02
16792,2021-03-18,0.01
16793,2021-03-19,0.01
16794,2021-03-22,0.03
16795,2021-03-23,0.01
16796,2021-03-24,0.02
16797,2021-03-25,0.02
16798,2021-03-26,0.02
16799,2021-03-29,0.03
16800,2021-03-30,0.02
16801,2021-03-31,0.03
16802,2021-04-01,0.02
16803,2021-04-02,0.02
16804,2021-04-05,0.03
16805,2021-04-06,0.02
16806,2021-04-07,0.02
16807,2021-04-08,0.01
16808,2021-04-09,0.02
16809,2021-04-12,0.02
16810,2021-04-13,0.03
16811,2021-04-14,0.02
16812,2021-04-15,0.02
16813,2021-04-16,0.02
16814,2021-04-19,0.02
16815,2021-04-20,0.03
16816,2021-04-21,0.03
16817,2021-04-22,0.03
16818,2021-04-23,0.03
16819,2021-04-26,0.03
16820,2021-04-27,0.01
16821,2021-04-28,0.01
16822,2021-04-29,0.01
16823,2021-04-30,0.01
16824,2021-05-03,0.04
16825,2021-05-04,0.02
16826,2021-05-05,0.02
16827,2021-05-06,0.02
16828,2021-05-07,0.02
16829,2021-05-10,0.02
16830,2021-05-11,0.01
16831,2021-05-12,0.02
16832,2021-05-13,0.02
16833,2021-05-14,0.01
16834,2021-05-17,0.02
16835,2021-05-18,0.02
16836,2021-05-19,0.01
16837,2021-05-20,0.01
16838,2021-05-21,0.01
16839,2021-05-24,0.02
16840,2021-05-25,0.02
16841,2021-05-26,0.02
16842,2021-05-27,0.02
16843,2021-05-28,0.01
16844,2021-06-01,0.02
16845,2021-06-02,0.02
16846,2021-06-03,0.02
16847,2021-06-04,0.02
16848,2021-06-07,0.02
16849,2021-06-08,0.02
16850,2021-06-09,0.03
16851,2021-06-10,0.03
16852,2021-06-11,0.03
16853,2021-06-14,0.03
16854,2021-06-15,0.03
16855,2021-06-16,0.04
16856,2021-06-17,0.04
16857,2021-06-18,0.05
16858,2021-06-21,0.05
16859,2021-06-22,0.04
16860,2021-06-23,0.05
16861,2021-06-24,0.05
16862,2021-06-25,0.06
16863,2021-06-28,0.05
16864,2021-06-29,0.04
16865,2021-06-30,0.05
16866,2021-07-01,0.05
16867,2021-07-02,0.05
16868,2021-07-06,0.05
16869,2021-07-07,0.05
16870,2021-07-08,0.06
16871,2021-07-09,0.06
16872,2021-07-12,0.05
16873,2021-07-13,0.05
16874,2021-07-14,0.06
16875,2021-07-15,0.05
16876,2021-07-16,0.05
16877,2021-07-19,0.05
16878,2021-07-20,0.05
16879,2021-07-21,0.05
16880,2021-07-22,0.05
16881,2021-07-23,0.05
16882,2021-07-26,0.05
16883,2021-07-27,0.05
16884,2021-07-28,0.05
16885,2021-07-29,0.06
16886,2021-07-30,0.06
16887,2021-08-02,0.05
16888,2021-08-03,0.05
16889,2021-08-04,0.05
16890,2021-08-05,0.05
16891,2021-08-06,0.06
16892,2021-08-09,0.06
16893,2021-08-10,0.05
16894,2021-08-11,0.05
16895,2021-08-12,0.06
16896,2021-08-13,0.06
16897,2021-08-16,0.06
16898,2021-08-17,0.07
16899,2021-08-18,0.07
16900,2021-08-19,0.06
16901,2021-08-20,0.05
16902,2021-08-23,0.05
16903,2021-08-24,0.05
16904,2021-08-25,0.06
16905,2021-08-26,0.05
16906,2021-08-27,0.05
16907,2021-08-30,0.05
16908,2021-08-31,0.04
16909,2021-09-01,0.05
16910,2021-09-02,0.05
16911,2021-09-03,0.05
16912,2021-09-07,0.05
16913,2021-09-08,0.05
16914,2021-09-09,0.04
16915,2021-09-10,0.05
16916,2021-09-13,0.06
16917,2021-09-14,0.04
16918,2021-09-15,0.04
16919,2021-09-16,0.04
16920,2021-09-17,0.04
16921,2021-09-20,0.04
16922,2021-09-21,0.03
16923,2021-09-22,0.03
16924,2021-09-23,0.03
16925,2021-09-24,0.03
16926,2021-09-27,0.04
16927,2021-09-28,0.04
16928,2021-09-29,0.04
16929,2021-09-30,0.04
16930,2021-10-01,0.04
16931,2021-10-04,0.04
16932,2021-10-05,0.04
16933,2021-10-06,0.04
16934,2021-10-07,0.05
16935,2021-10-08,0.05
16936,2021-10-12,0.06
16937,2021-10-13,0.05
16938,2021-10-14,0.05
16939,2021-10-15,0.05
16940,2021-10-18,0.06
16941,2021-10-19,0.05
16942,2021-10-20,0.05
16943,2021-10-21,0.06
16944,2021-10-22,0.06
16945,2021-10-25,0.06
16946,2021-10-26,0.06
16947,2021-10-27,0.06
16948,2021-10-28,0.06
16949,2021-10-29,0.05
16950,2021-11-01,0.05
16951,2021-11-02,0.05
16952,2021-11-03,0.05
16953,2021-11-04,0.04
16954,2021-11-05,0.05
16955,2021-11-08,0.06
16956,2021-11-09,0.04
16957,2021-11-10,0.05
16958,2021-11-12,0.05
16959,2021-11-15,0.05
16960,2021-11-16,0.05
16961,2021-11-17,0.05
16962,2021-11-18,0.05
16963,2021-11-19,0.05
16964,2021-11-22,0.05
16965,2021-11-23,0.06
16966,2021-11-24,0.06
16967,2021-11-26,0.06
16968,2021-11-29,0.06
16969,2021-11-30,0.05
16970,2021-12-01,0.06
16971,2021-12-02,0.05
16972,2021-12-03,0.06
16973,2021-12-06,0.06
16974,2021-12-07,0.06
16975,2021-12-08,0.07
16976,2021-12-09,0.06
16977,2021-12-10,0.06
16978,2021-12-13,0.05
16979,2021-12-14,0.05
16980,2021-12-15,0.06
16981,2021-12-16,0.05
16982,2021-12-17,0.05
16983,2021-12-20,0.07
16984,2021-12-21,0.07
16985,2021-12-22,0.08
16986,2021-12-23,0.08
16987,2021-12-27,0.06
16988,2021-12-28,0.06
16989,2021-12-29,0.05
16990,2021-12-30,0.05
16991,2021-12-31,0.06
16992,2022-01-03,0.09
16993,2022-01-04,0.08
16994,2022-01-05,0.09
16995,2022-01-06,0.1
16996,2022-01-07,0.1
16997,2022-01-10,0.13
16998,2022-01-11,0.12
16999,2022-01-12,0.12
17000,2022-01-13,0.12
17001,2022-01-14,0.13
17002,2022-01-18,0.17
17003,2022-01-19,0.17
17004,2022-01-20,0.18
17005,2022-01-21,0.17
17006,2022-01-24,0.2
17007,2022-01-25,0.2
17008,2022-01-26,0.19
17009,2022-01-27,0.2
17010,2022-01-28,0.19
17011,2022-01-31,0.24
17012,2022-02-01,0.2
17013,2022-02-02,0.2
17014,2022-02-03,0.21
17015,2022-02-04,0.23
17016,2022-02-07,0.28
17017,2022-02-08,0.27
17018,2022-02-09,0.27
17019,2022-02-10,0.41
17020,2022-02-11,0.37
17021,2022-02-14,0.45
17022,2022-02-15,0.41
17023,2022-02-16,0.39
17024,2022-02-17,0.37
17025,2022-02-18,0.35
17026,2022-02-22,0.39
17027,2022-02-23,0.36
17028,2022-02-24,0.33
17029,2022-02-25,0.33
17030,2022-02-28,0.37
17031,2022-03-01,0.32
17032,2022-03-02,0.33
17033,2022-03-03,0.37
17034,2022-03-04,0.33
17035,2022-03-07,0.38
17036,2022-03-08,0.36
17037,2022-03-09,0.38
17038,2022-03-10,0.38
17039,2022-03-11,0.39
17040,2022-03-14,0.45
17041,2022-03-15,0.46
17042,2022-03-16,0.43
17043,2022-03-17,0.4
17044,2022-03-18,0.41
17045,2022-03-21,0.55
17046,2022-03-22,0.51
17047,2022-03-23,0.5
17048,2022-03-24,0.5
17049,2022-03-25,0.53
17050,2022-03-28,0.6
17051,2022-03-29,0.56
17052,2022-03-30,0.55
17053,2022-03-31,0.51
17054,2022-04-01,0.52
17055,2022-04-04,0.67
17056,2022-04-05,0.65
17057,2022-04-06,0.67
17058,2022-04-07,0.68
17059,2022-04-08,0.69
17060,2022-04-11,0.78
17061,2022-04-12,0.74
17062,2022-04-13,0.75
17063,2022-04-14,0.78
17064,2022-04-18,0.82
17065,2022-04-19,0.82
17066,2022-04-20,0.82
17067,2022-04-21,0.82
17068,2022-04-22,0.82
17069,2022-04-25,0.93
17070,2022-04-26,0.84
17071,2022-04-27,0.82
17072,2022-04-28,0.81
17073,2022-04-29,0.83
17074,2022-05-02,0.9
17075,2022-05-03,0.9
17076,2022-05-04,0.88
17077,2022-05-05,0.84
17078,2022-05-06,0.84
17079,2022-05-09,0.92
17080,2022-05-10,0.89
17081,2022-05-11,0.9
17082,2022-05-12,0.95
17083,2022-05-13,1.01
17084,2022-05-16,1.07
17085,2022-05-17,1.06
17086,2022-05-18,1.02
17087,2022-05-19,1.04
17088,2022-05-20,1.01
17089,2022-05-23,1.07
17090,2022-05-24,1.05
17091,2022-05-25,1.05
17092,2022-05-26,1.06
17093,2022-05-27,1.06
17094,2022-05-31,1.13
17095,2022-06-01,1.12
17096,2022-06-02,1.13
17097,2022-06-03,1.17
17098,2022-06-06,1.23
17099,2022-06-07,1.24
17100,2022-06-08,1.25
17101,2022-06-09,1.26
17102,2022-06-10,1.34
17103,2022-06-13,1.69
17104,2022-06-14,1.78
17105,2022-06-15,1.69
17106,2022-06-16,1.54
17107,2022-06-17,1.58
17108,2022-06-21,1.66
17109,2022-06-22,1.57
17110,2022-06-23,1.59
17111,2022-06-24,1.66
17112,2022-06-27,1.75
17113,2022-06-28,1.75
17114,2022-06-29,1.73
17115,2022-06-30,1.66
17116,2022-07-01,1.66
17117,2022-07-05,1.86
17118,2022-07-06,1.85
17119,2022-07-07,1.89
17120,2022-07-08,1.91
17121,2022-07-11,2.13
17122,2022-07-12,2.16
17123,2022-07-13,2.33
17124,2022-07-14,2.33
17125,2022-07-15,2.29
17126,2022-07-18,2.44
17127,2022-07-19,2.46
17128,2022-07-20,2.44
17129,2022-07-21,2.4
17130,2022-07-22,2.41
17131,2022-07-25,2.55
17132,2022-07-26,2.48
17133,2022-07-27,2.37
17134,2022-07-28,2.35
17135,2022-07-29,2.34
17136,2022-08-01,2.48
17137,2022-08-02,2.48
17138,2022-08-03,2.44
17139,2022-08-04,2.41
17140,2022-08-05,2.48
17141,2022-08-08,2.57
17142,2022-08-09,2.58
17143,2022-08-10,2.56
17144,2022-08-11,2.52
17145,2022-08-12,2.53
17146,2022-08-15,2.63
17147,2022-08-16,2.61
17148,2022-08-17,2.59
17149,2022-08-18,2.61
17150,2022-08-19,2.64
17151,2022-08-22,2.74
17152,2022-08-23,2.71
17153,2022-08-24,2.73
17154,2022-08-25,2.78
17155,2022-08-26,2.78
17156,2022-08-29,2.89
17157,2022-08-30,2.88
17158,2022-08-31,2.87
17159,2022-09-01,2.88
17160,2022-09-02,2.85
17161,2022-09-06,2.96
17162,2022-09-07,2.98
17163,2022-09-08,2.97
17164,2022-09-09,2.98
17165,2022-09-12,3.09
17166,2022-09-13,3.19
17167,2022-09-14,3.14
17168,2022-09-15,3.12
17169,2022-09-16,3.1
17170,2022-09-19,3.29
17171,2022-09-20,3.26
17172,2022-09-21,3.21
17173,2022-09-22,3.19
17174,2022-09-23,3.12
17175,2022-09-26,3.3
17176,2022-09-27,3.26
17177,2022-09-28,3.29
17178,2022-09-29,3.26
17179,2022-09-30,3.22
17180,2022-10-03,3.34
17181,2022-10-04,3.32
17182,2022-10-05,3.33
17183,2022-10-06,3.32
17184,2022-10-07,3.31
17185,2022-10-11,3.53
17186,2022-10-12,3.56
17187,2022-10-13,3.64
17188,2022-10-14,3.65
17189,2022-10-17,3.82
17190,2022-10-18,3.89
17191,2022-10-19,3.91
17192,2022-10-20,3.91
17193,2022-10-21,3.9
17194,2022-10-24,4.0
17195,2022-10-25,3.97
17196,2022-10-26,3.94
17197,2022-10-27,3.95
17198,2022-10-28,3.99
17199,2022-10-31,4.06
17200,2022-11-01,4.06
17201,2022-11-02,4.04
17202,2022-11-03,4.06
17203,2022-11-04,4.02
17204,2022-11-07,4.12
17205,2022-11-08,4.1
17206,2022-11-09,4.11
17207,2022-11-10,4.09
17208,2022-11-14,4.16
17209,2022-11-15,4.14
17210,2022-11-16,4.14
17211,2022-11-17,4.13
17212,2022-11-18,4.15
17213,2022-11-21,4.23
17214,2022-11-22,4.21
17215,2022-11-23,4.21
17216,2022-11-25,4.22
17217,2022-11-28,4.3
17218,2022-11-29,4.27
17219,2022-11-30,4.27
17220,2022-12-01,4.22
17221,2022-12-02,4.22
17222,2022-12-05,4.27
17223,2022-12-06,4.27
17224,2022-12-07,4.2
17225,2022-12-08,4.17
17226,2022-12-09,4.19
17227,2022-12-12,4.29
17228,2022-12-13,4.26
17229,2022-12-14,4.23
17230,2022-12-15,4.22
17231,2022-12-16,4.2
17232,2022-12-19,4.28
17233,2022-12-20,4.25
17234,2022-12-21,4.22
17235,2022-12-22,4.24
17236,2022-12-23,4.23
17237,2022-12-27,4.35
17238,2022-12-28,4.35
17239,2022-12-29,4.34
17240,2022-12-30,4.3
17241,2023-01-03,4.4
17242,2023-01-04,4.41
17243,2023-01-05,4.51
17244,2023-01-06,4.51
17245,2023-01-09,4.55
17246,2023-01-10,4.57
17247,2023-01-11,4.57
17248,2023-01-12,4.5
17249,2023-01-13,4.51
17250,2023-01-17,4.56
17251,2023-01-18,4.54
17252,2023-01-19,4.55
17253,2023-01-20,4.57
17254,2023-01-23,4.58
17255,2023-01-24,4.57
17256,2023-01-25,4.56
17257,2023-01-26,4.55
17258,2023-01-27,4.57
17259,2023-01-30,4.59
17260,2023-01-31,4.58
17261,2023-02-01,4.54
17262,2023-02-02,4.53
17263,2023-02-03,4.57
17264,2023-02-06,4.59
17265,2023-02-07,4.59
17266,2023-02-08,4.59
17267,2023-02-09,4.64
17268,2023-02-10,4.66
17269,2023-02-13,4.68
17270,2023-02-14,4.67
17271,2023-02-15,4.66
17272,2023-02-16,4.7
17273,2023-02-17,4.7
17274,2023-02-21,4.72
17275,2023-02-22,4.71
17276,2023-02-23,4.71
17277,2023-02-24,4.72
17278,2023-02-27,4.74
17279,2023-02-28,4.72
17280,2023-03-01,4.73
17281,2023-03-02,4.74
17282,2023-03-03,4.74
17283,2023-03-06,4.76
17284,2023-03-07,4.87
17285,2023-03-08,4.89
17286,2023-03-09,4.87
17287,2023-03-10,4.83
17288,2023-03-13,4.7
17289,2023-03-14,4.71
17290,2023-03-15,4.59
17291,2023-03-16,4.57
17292,2023-03-17,4.36
17293,2023-03-20,4.65
17294,2023-03-21,4.62
17295,2023-03-22,4.63
17296,2023-03-23,4.57
17297,2023-03-24,4.57
17298,2023-03-27,4.75
17299,2023-03-28,4.64
17300,2023-03-29,4.64
17301,2023-03-30,4.8
17302,2023-03-31,4.68
17303,2023-04-03,4.77
17304,2023-04-04,4.74
17305,2023-04-05,4.72
17306,2023-04-06,4.77
17307,2023-04-07,4.81
17308,2023-04-10,4.94
17309,2023-04-11,4.89
17310,2023-04-12,4.87
17311,2023-04-13,4.95
17312,2023-04-14,4.98
17313,2023-04-17,5.06
17314,2023-04-18,5.04
17315,2023-04-19,5.01
17316,2023-04-20,4.97
17317,2023-04-21,4.98
17318,2023-04-24,5.04
17319,2023-04-25,4.97
17320,2023-04-26,5.0
17321,2023-04-27,5.03
17322,2023-04-28,4.95
17323,2023-05-01,5.1
17324,2023-05-02,5.08
17325,2023-05-03,5.09
17326,2023-05-04,5.1
17327,2023-05-05,5.1
17328,2023-05-08,5.15
17329,2023-05-09,5.13
17330,2023-05-10,5.08
17331,2023-05-11,5.04
17332,2023-05-12,5.08
17333,2023-05-15,5.06
17334,2023-05-16,5.07
17335,2023-05-17,5.1
17336,2023-05-18,5.14
17337,2023-05-19,5.12
17338,2023-05-22,5.24
17339,2023-05-23,5.18
17340,2023-05-24,5.21
17341,2023-05-25,5.21
17342,2023-05-26,5.16
17343,2023-05-30,5.28
17344,2023-05-31,5.26
17345,2023-06-01,5.24
17346,2023-06-02,5.23
17347,2023-06-05,5.2
17348,2023-06-06,5.18
17349,2023-06-07,5.16
17350,2023-06-08,5.12
17351,2023-06-09,5.11
17352,2023-06-12,5.14
17353,2023-06-13,5.11
17354,2023-06-14,5.1
17355,2023-06-15,5.07
17356,2023-06-16,5.09
17357,2023-06-20,5.14
17358,2023-06-21,5.15
17359,2023-06-22,5.15
17360,2023-06-23,5.15
17361,2023-06-26,5.24
17362,2023-06-27,5.19
17363,2023-06-28,5.18
17364,2023-06-29,5.2
17365,2023-06-30,5.17
17366,2023-07-03,5.21
17367,2023-07-05,5.21
17368,2023-07-06,5.23
17369,2023-07-07,5.22
17370,2023-07-10,5.25
17371,2023-07-11,5.25
17372,2023-07-12,5.24
17373,2023-07-13,5.24
17374,2023-07-14,5.25
17375,2023-07-17,5.26
17376,2023-07-18,5.25
17377,2023-07-19,5.26
17378,2023-07-20,5.26
17379,2023-07-21,5.27
17380,2023-07-24,5.28
17381,2023-07-25,5.28
17382,2023-07-26,5.28
17383,2023-07-27,5.28
17384,2023-07-28,5.28
17385,2023-07-31,5.28
17386,2023-08-01,5.27
17387,2023-08-02,5.27
17388,2023-08-03,5.27
17389,2023-08-04,5.28
17390,2023-08-07,5.29
17391,2023-08-08,5.3
17392,2023-08-09,5.28
17393,2023-08-10,5.28
17394,2023-08-11,5.28
17395,2023-08-14,5.29
17396,2023-08-15,5.29
17397,2023-08-16,5.29
17398,2023-08-17,5.29
17399,2023-08-18,5.28
17400,2023-08-21,5.3
17401,2023-08-22,5.3
17402,2023-08-23,5.3
17403,2023-08-24,5.31
17404,2023-08-25,5.34
17405,2023-08-28,5.34
17406,2023-08-29,5.33
17407,2023-08-30,5.32
17408,2023-08-31,5.32
17409,2023-09-01,5.3
17410,2023-09-05,5.32
17411,2023-09-06,5.31
17412,2023-09-07,5.3
17413,2023-09-08,5.31
17414,2023-09-11,5.32
17415,2023-09-12,5.32
17416,2023-09-13,5.31
17417,2023-09-14,5.31
17418,2023-09-15,5.32
17419,2023-09-18,5.31
17420,2023-09-19,5.31
17421,2023-09-20,5.33
17422,2023-09-21,5.33
17423,2023-09-22,5.32
17424,2023-09-25,5.35
17425,2023-09-26,5.34
17426,2023-09-27,5.34
17427,2023-09-28,5.32
17428,2023-09-29,5.32
17429,2023-10-02,5.35
17430,2023-10-03,5.35
17431,2023-10-04,5.34
17432,2023-10-05,5.34
17433,2023-10-06,5.36
17434,2023-10-10,5.34
17435,2023-10-11,5.34
17436,2023-10-12,5.35
17437,2023-10-13,5.35
17438,2023-10-16,5.34
17439,2023-10-17,5.35
17440,2023-10-18,5.34
17441,2023-10-19,5.33
17442,2023-10-20,5.31
17443,2023-10-23,5.32
17444,2023-10-24,5.31
17445,2023-10-25,5.32
17446,2023-10-26,5.32
17447,2023-10-27,5.32
17448,2023-10-30,5.33
17449,2023-10-31,5.33
17450,2023-11-01,5.31
17451,2023-11-02,5.28
17452,2023-11-03,5.27
17453,2023-11-06,5.29
17454,2023-11-07,5.28
17455,2023-11-08,5.28
17456,2023-11-09,5.27
17457,2023-11-10,5.26
17458,2023-11-13,5.28
17459,2023-11-14,5.26
17460,2023-11-15,5.26
17461,2023-11-16,5.25
17462,2023-11-17,5.25
17463,2023-11-20,5.27
17464,2023-11-21,5.26
17465,2023-11-22,5.27
17466,2023-11-24,5.28
17467,2023-11-27,5.28
17468,2023-11-28,5.27
17469,2023-11-29,5.25
17470,2023-11-30,5.25
17471,2023-12-01,5.23
17472,2023-12-04,5.26
17473,2023-12-05,5.25
17474,2023-12-06,5.25
17475,2023-12-07,5.24
17476,2023-12-08,5.24
17477,2023-12-11,5.26
17478,2023-12-12,5.26
17479,2023-12-13,5.24
17480,2023-12-14,5.23
17481,2023-12-15,5.24
17482,2023-12-18,5.26
17483,2023-12-19,5.23
17484,2023-12-20,5.24
17485,2023-12-21,5.22
17486,2023-12-22,5.24
17487,2023-12-26,5.25
17488,2023-12-27,5.24
17489,2023-12-28,5.25
17490,2023-12-29,5.2
17491,2024-01-02,5.22
17492,2024-01-03,5.24
17493,2024-01-04,5.24
17494,2024-01-05,5.24
17495,2024-01-08,5.25
17496,2024-01-09,5.24
17497,2024-01-10,5.23
17498,2024-01-11,5.23
17499,2024-01-12,5.22
17500,2024-01-16,5.22
17501,2024-01-17,5.24
17502,2024-01-18,5.22
17503,2024-01-19,5.22
17504,2024-01-22,5.22
17505,2024-01-23,5.21
17506,2024-01-24,5.21
17507,2024-01-25,5.21
17508,2024-01-26,5.21
17509,2024-01-29,5.22
17510,2024-01-30,5.21
17511,2024-01-31,5.22
17512,2024-02-01,5.22
17513,2024-02-02,5.23
17514,2024-02-05,5.22
17515,2024-02-06,5.23
17516,2024-02-07,5.23
17517,2024-02-08,5.23
17518,2024-02-09,5.24
17519,2024-02-12,5.23
17520,2024-02-13,5.25
17521,2024-02-14,5.23
17522,2024-02-15,5.23
17523,2024-02-16,5.24
17524,2024-02-20,5.24
17525,2024-02-21,5.24
17526,2024-02-22,5.25
17527,2024-02-23,5.26
17528,2024-02-26,5.26
17529,2024-02-27,5.25
17530,2024-02-28,5.24
17531,2024-02-29,5.25
17532,2024-03-01,5.23
17533,2024-03-04,5.24
17534,2024-03-05,5.23
17535,2024-03-06,5.24
17536,2024-03-07,5.24
17537,2024-03-08,5.24
17538,2024-03-11,5.24
17539,2024-03-12,5.25
17540,2024-03-13,5.25
17541,2024-03-14,5.25
17542,2024-03-15,5.25
17543,2024-03-18,5.25
17544,2024-03-19,5.24
17545,2024-03-20,5.24
17546,2024-03-21,5.25
17547,2024-03-22,5.24
17548,2024-03-25,5.23
17549,2024-03-26,5.22
17550,2024-03-27,5.22
17551,2024-03-28,5.23
17552,2024-04-01,5.23
17553,2024-04-02,5.22
17554,2024-04-03,5.22
17555,2024-04-04,5.21
17556,2024-04-05,5.23
17557,2024-04-08,5.23
17558,2024-04-09,5.23
17559,2024-04-10,5.25
17560,2024-04-11,5.25
17561,2024-04-12,5.25
17562,2024-04-15,5.25
17563,2024-04-16,5.25
17564,2024-04-17,5.25
17565,2024-04-18,5.25
17566,2024-04-19,5.25
17567,2024-04-22,5.22
17568,2024-04-23,5.25
17569,2024-04-24,5.26
17570,2024-04-25,5.26
17571,2024-04-26,5.25
17572,2024-04-29,5.25
17573,2024-04-30,5.25
17574,2024-05-01,5.26
17575,2024-05-02,5.25
17576,2024-05-03,5.25
17577,2024-05-06,5.25
17578,2024-05-07,5.25
17579,2024-05-08,5.25
17580,2024-05-09,5.25
17581,2024-05-10,5.26
17582,2024-05-13,5.25
17583,2024-05-14,5.24
17584,2024-05-15,5.25
17585,2024-05-16,5.25
17586,2024-05-17,5.25
17587,2024-05-20,5.25
17588,2024-05-21,5.25
17589,2024-05-22,5.25
17590,2024-05-23,5.26
17591,2024-05-24,5.26
17592,2024-05-28,5.26
17593,2024-05-29,5.26
17594,2024-05-30,5.26
17595,2024-05-31,5.25
17596,2024-06-03,5.26
17597,2024-06-04,5.25
17598,2024-06-05,5.25
17599,2024-06-06,5.25
17600,2024-06-07,5.26
17601,2024-06-10,5.25
17602,2024-06-11,5.25
17603,2024-06-12,5.25
17604,2024-06-13,5.25
17605,2024-06-14,5.25
17606,2024-06-17,5.25
17607,2024-06-18,5.24
17608,2024-06-20,5.24
17609,2024-06-21,5.23
17610,2024-06-24,5.24
17611,2024-06-25,5.23
17612,2024-06-26,5.24
17613,2024-06-27,5.23
17614,2024-06-28,5.22
17615,2024-07-01,5.24
17616,2024-07-02,5.24
17617,2024-07-03,5.24
17618,2024-07-05,5.23
17619,2024-07-08,5.23
17620,2024-07-09,5.23
17621,2024-07-10,5.23
17622,2024-07-11,5.21
17623,2024-07-12,5.21
17624,2024-07-15,5.2
17625,2024-07-16,5.2
17626,2024-07-17,5.2
17627,2024-07-18,5.21
17628,2024-07-19,5.2
17629,2024-07-22,5.19
17630,2024-07-23,5.18
17631,2024-07-24,5.18
17632,2024-07-25,5.17
17633,2024-07-26,5.16
17634,2024-07-29,5.15
17635,2024-07-30,5.14
17636,2024-07-31,5.15
17637,2024-08-01,5.12
17638,2024-08-02,5.05
17639,2024-08-05,5.09
17640,2024-08-06,5.09
17641,2024-08-07,5.09
17642,2024-08-08,5.09
17643,2024-08-09,5.09
17644,2024-08-12,5.07
17645,2024-08-13,5.06
17646,2024-08-14,5.07
17647,2024-08-15,5.09
17648,2024-08-16,5.08
17649,2024-08-19,5.06
17650,2024-08-20,5.04
17651,2024-08-21,5.02
17652,2024-08-22,5.04
17653,2024-08-23,5.01
17654,2024-08-26,4.98
17655,2024-08-27,4.98
17656,2024-08-28,4.96
17657,2024-08-29,4.98
17658,2024-08-30,4.98
17659,2024-09-03,4.97
17660,2024-09-04,4.96
17661,2024-09-05,4.94
17662,2024-09-06,4.93
17663,2024-09-09,4.89
17664,2024-09-10,4.85
17665,2024-09-11,4.89
17666,2024-09-12,4.85
17667,2024-09-13,4.78
17668,2024-09-16,4.75
17669,2024-09-17,4.75
17670,2024-09-18,4.65
17671,2024-09-19,4.61
17672,2024-09-20,4.56
17673,2024-09-23,4.53
17674,2024-09-24,4.5
17675,2024-09-25,4.51
17676,2024-09-26,4.5
17677,2024-09-27,4.5
17678,2024-09-30,4.52
17679,2024-10-01,4.5
17680,2024-10-02,4.48
17681,2024-10-03,4.48
17682,2024-10-04,4.53
17683,2024-10-07,4.55
17684,2024-10-08,4.53
17685,2024-10-09,4.54
17686,2024-10-10,4.54
17687,2024-10-11,4.53
17688,2024-10-15,4.52
17689,2024-10-16,4.51
17690,2024-10-17,4.54
17691,2024-10-18,4.53
17692,2024-10-21,4.51
17693,2024-10-22,4.51
17694,2024-10-23,4.52
17695,2024-10-24,4.5
17696,2024-10-25,4.52
17697,2024-10-28,4.49
17698,2024-10-29,4.49
17699,2024-10-30,4.47
17700,2024-10-31,4.44
17701,2024-11-01,4.41
17702,2024-11-04,4.44
17703,2024-11-05,4.43
17704,2024-11-06,4.44
17705,2024-11-07,4.43
17706,2024-11-08,4.43
17707,2024-11-12,4.43
17708,2024-11-13,4.4
17709,2024-11-14,4.41
17710,2024-11-15,4.41
17711,2024-11-18,4.42
17712,2024-11-19,4.41
17713,2024-11-20,4.42
17714,2024-11-21,4.43
17715,2024-11-22,4.43
17716,2024-11-25,4.42
17717,2024-11-26,4.4
17718,2024-11-27,4.4
17719,2024-11-29,4.39
17720,2024-12-02,4.38
17721,2024-12-03,4.36
17722,2024-12-04,4.35
17723,2024-12-05,4.34
17724,2024-12-06,4.31
17725,2024-12-09,4.3
17726,2024-12-10,4.29
17727,2024-12-11,4.26
17728,2024-12-12,4.23
17729,2024-12-13,4.23
17730,2024-12-16,4.25
17731,2024-12-17,4.26
17732,2024-12-18,4.25
17733,2024-12-19,4.23
17734,2024-12-20,4.23
17735,2024-12-23,4.24
17736,2024-12-24,4.28
17737,2024-12-26,4.24
17738,2024-12-27,4.19
17739,2024-12-30,4.23
17740,2024-12-31,4.23
17741,2025-01-02,4.22
17742,2025-01-03,4.2
17743,2025-01-06,4.21
17744,2025-01-07,4.21
17745,2025-01-08,4.21
17746,2025-01-09,4.21
17747,2025-01-10,4.22
17748,2025-01-13,4.23
17749,2025-01-14,4.22
17750,2025-01-15,4.21
17751,2025-01-16,4.21
17752,2025-01-17,4.2
17753,2025-01-21,4.22
17754,2025-01-22,4.22
17755,2025-01-23,4.22
17756,2025-01-24,4.21
17757,2025-01-27,4.2
17758,2025-01-28,4.2
17759,2025-01-29,4.2
17760,2025-01-30,4.19
17761,2025-01-31,4.2
17762,2025-02-03,4.22
17763,2025-02-04,4.22
17764,2025-02-05,4.22
17765,2025-02-06,4.22
17766,2025-02-07,4.24
17767,2025-02-10,4.23
17768,2025-02-11,4.23
17769,2025-02-12,4.23
17770,2025-02-13,4.22
17771,2025-02-14,4.22
17772,2025-02-18,4.23
17773,2025-02-19,4.22
17774,2025-02-20,4.21
17775,2025-02-21,4.21
17776,2025-02-24,4.19
17777,2025-02-25,4.19
17778,2025-02-26,4.2
17779,2025-02-27,4.2
17780,2025-02-28,4.2
17781,2025-03-03,4.21
17782,2025-03-04,4.2
17783,2025-03-05,4.21
17784,2025-03-06,4.2
17785,2025-03-07,4.2
17786,2025-03-10,4.19
17787,2025-03-11,4.2
17788,2025-03-12,4.21
17789,2025-03-13,4.2
17790,2025-03-14,4.2
17791,2025-03-17,4.2
17792,2025-03-18,4.2
17793,2025-03-19,4.2
17794,2025-03-20,4.19
17795,2025-03-21,4.19
17796,2025-03-24,4.19
17797,2025-03-25,4.19
17798,2025-03-26,4.2
17799,2025-03-27,4.2
17800,2025-03-28,4.2
17801,2025-03-31,4.21
17802,2025-04-01,4.2
17803,2025-04-02,4.21
17804,2025-04-03,4.2
17805,2025-04-04,4.17
17806,2025-04-07,4.17
17807,2025-04-08,4.19
17808,2025-04-09,4.24
17809,2025-04-10,4.22
17810,2025-04-11,4.23
17811,2025-04-14,4.22
17812,2025-04-15,4.22
17813,2025-04-16,4.21
17814,2025-04-17,4.23
17815,2025-04-21,4.22
17816,2025-04-22,4.22
17817,2025-04-23,4.22
17818,2025-04-24,4.21
17819,2025-04-25,4.21
17820,2025-04-28,4.2
17821,2025-04-29,4.2
17822,2025-04-30,4.2
17823,2025-05-01,4.2
17824,2025-05-02,4.22
17825,2025-05-05,4.22
17826,2025-05-06,4.22
17827,2025-05-07,4.22
17828,2025-05-08,4.23
17829,2025-05-09,4.22
17830,2025-05-12,4.31
17831,2025-05-13,4.29
17832,2025-05-14,4.29
17833,2025-05-15,4.27
17834,2025-05-16,4.25
17835,2025-05-19,4.28
17836,2025-05-20,4.26
17837,2025-05-21,4.24
17838,2025-05-22,4.25
17839,2025-05-23,4.24
17840,2025-05-27,4.24
17841,2025-05-28,4.24
17842,2025-05-29,4.25
17843,2025-05-30,4.25
17844,2025-06-02,4.25
17845,2025-06-03,4.24
17846,2025-06-04,4.25
17847,2025-06-05,4.25
17848,2025-06-06,4.25
17849,2025-06-09,4.25
17850,2025-06-10,4.26
17851,2025-06-11,4.26
17852,2025-06-12,4.27
17853,2025-06-13,4.26
17854,2025-06-16,4.24
17855,2025-06-17,4.23
17856,2025-06-18,4.23
17857,2025-06-20,4.21
17858,2025-06-23,4.19
17859,2025-06-24,4.19
17860,2025-06-25,4.19
17861,2025-06-26,4.21
17862,2025-06-27,4.2
17863,2025-06-30,4.24
17864,2025-07-01,4.24
17865,2025-07-02,4.24
17866,2025-07-03,4.26
17867,2025-07-07,4.26
17868,2025-07-08,4.26
17869,2025-07-09,4.26
17870,2025-07-10,4.25
17871,2025-07-11,4.25
17872,2025-07-14,4.26
17873,2025-07-15,4.25
17874,2025-07-16,4.24
17875,2025-07-17,4.24
17876,2025-07-18,4.24
17877,2025-07-21,4.24
17878,2025-07-22,4.24
17879,2025-07-23,4.25
17880,2025-07-24,4.25
17881,2025-07-25,4.25
17882,2025-07-28,4.24
17883,2025-07-29,4.24
17884,2025-07-30,4.25
17885,2025-07-31,4.24
17886,2025-08-01,4.19
17887,2025-08-04,4.16
17888,2025-08-05,4.16
17889,2025-08-06,4.14
17890,2025-08-07,4.14
17891,2025-08-08,4.14
17892,2025-08-11,4.15
17893,2025-08-12,4.14
17894,2025-08-13,4.11
17895,2025-08-14,4.12
17896,2025-08-15,4.12
17897,2025-08-18,4.14
17898,2025-08-19,4.12
17899,2025-08-20,4.12
17900,2025-08-21,4.14
17901,2025-08-22,4.1
17902,2025-08-25,4.1
17903,2025-08-26,4.1
17904,2025-08-27,4.08
17905,2025-08-28,4.08
17906,2025-08-29,4.05
17907,2025-09-02,4.05
17908,2025-09-03,4.03
17909,2025-09-04,4.01
17910,2025-09-05,3.92
17911,2025-09-08,3.95
17912,2025-09-09,3.95
17913,2025-09-10,3.94
17914,2025-09-11,3.94
17915,2025-09-12,3.94
17916,2025-09-15,3.91
17917,2025-09-16,3.9
17918,2025-09-17,3.88
17919,2025-09-18,3.89
17920,2025-09-19,3.89
17921,2025-09-22,3.86
17922,2025-09-23,3.86
17923,2025-09-24,3.87
17924,2025-09-25,3.89
17925,2025-09-26,3.87
17926,2025-09-29,3.86
17927,2025-09-30,3.86
17928,2025-10-01,3.85
17929,2025-10-02,3.86
17930,2025-10-03,3.87
17931,2025-10-06,3.86
17932,2025-10-07,3.85
17933,2025-10-08,3.85
17934,2025-10-09,3.87
17935,2025-10-10,3.86
17936,2025-10-14,3.85
17937,2025-10-15,3.87
17938,2025-10-16,3.86
17939,2025-10-17,3.84
17940,2025-10-20,3.81
17941,2025-10-21,3.8
17942,2025-10-22,3.8
17943,2025-10-23,3.8
17944,2025-10-24,3.77
17945,2025-10-27,3.73
17946,2025-10-28,3.73
17947,2025-10-29,3.77
17948,2025-10-30,3.76
17949,2025-10-31,3.73
17950,2025-11-03,3.82
17951,2025-11-04,3.8
17952,2025-11-05,3.8
17953,2025-11-06,3.77
17954,2025-11-07,3.77
17955,2025-11-10,3.79
17956,2025-11-12,3.79
17957,2025-11-13,3.8
17958,2025-11-14,3.8
17959,2025-11-17,3.8
17960,2025-11-18,3.78
17961,2025-11-19,3.79
17962,2025-11-20,3.78
17963,2025-11-21,3.75
17964,2025-11-24,3.75
17965,2025-11-25,3.74
17966,2025-11-26,3.76
17967,2025-11-28,3.73
17968,2025-12-01,3.71
17969,2025-12-02,3.68
17970,2025-12-03,3.64
17971,2025-12-04,3.63
17972,2025-12-05,3.62
17973,2025-12-08,3.64
17974,2025-12-09,3.64
17975,2025-12-10,3.6
17976,2025-12-11,3.58
17977,2025-12-12,3.54
17978,2025-12-15,3.56
17979,2025-12-16,3.56
17980,2025-12-17,3.55
17981,2025-12-18,3.53
17982,2025-12-19,3.54
17983,2025-12-22,3.56
17984,2025-12-23,3.56
17985,2025-12-24,3.6
17986,2025-12-26,3.56
17987,2025-12-29,3.57
17988,2025-12-30,3.55
17989,2025-12-31,3.57
17990,2026-01-02,3.54
17991,2026-01-05,3.54
17992,2026-01-06,3.53
17993,2026-01-07,3.52
17994,2026-01-08,3.52
17995,2026-01-09,3.52
17996,2026-01-12,3.56
17997,2026-01-13,3.57
17998,2026-01-14,3.57
17999,2026-01-15,3.57
18000,2026-01-16,3.57
18001,2026-01-20,3.59
18002,2026-01-21,3.59
18003,2026-01-22,3.6
18004,2026-01-23,3.59
18005,2026-01-26,3.59
18006,2026-01-27,3.58
18007,2026-01-28,3.59
18008,2026-01-29,3.59
18009,2026-01-30,3.58
18010,2026-02-02,3.6
18011,2026-02-03,3.6
18012,2026-02-04,3.6
18013,2026-02-05,3.59
18014,2026-02-06,3.6
18015,2026-02-09,3.6
18016,2026-02-10,3.6
18017,2026-02-11,3.61
18018,2026-02-12,3.61
18019,2026-02-13,3.6
18020,2026-02-17,3.61
18021,2026-02-18,3.61
18022,2026-02-19,3.61
18023,2026-02-20,3.6
18024,2026-02-23,3.6
18025,2026-02-24,3.6
18026,2026-02-25,3.6
18027,2026-02-26,3.6
18028,2026-02-27,3.59
18029,2026-03-02,3.61
18030,2026-03-03,3.6
18031,2026-03-04,3.6
18032,2026-03-05,3.59
18033,2026-03-06,3.58
18034,2026-03-09,3.61
18035,2026-03-10,3.6
18036,2026-03-11,3.61
18037,2026-03-12,3.61
18038,2026-03-13,3.61
18039,2026-03-16,3.61
18040,2026-03-17,3.61
18041,2026-03-18,3.62
18042,2026-03-19,3.62
18043,2026-03-20,3.63
18044,2026-03-23,3.63
18045,2026-03-24,3.63
18046,2026-03-25,3.63
18047,2026-03-26,3.63
18048,2026-03-27,3.62
18049,2026-03-30,3.62
18050,2026-03-31,3.61
18051,2026-04-01,3.61
18052,2026-04-02,3.61
18053,2026-04-03,3.62
18054,2026-04-06,3.64
18055,2026-04-07,3.62
18056,2026-04-08,3.61
18057,2026-04-09,3.6
