,Date,DTB3,RF_w
0,1954-01-08,1.31,0.00025192307692307694
1,1954-01-15,1.2,0.00023076923076923076
2,1954-01-22,1.0,0.0001923076923076923
3,1954-01-29,1.02,0.00019615384615384617
4,1954-02-05,0.9,0.0001730769230769231
5,1954-02-12,0.94,0.00018076923076923074
6,1954-02-19,0.96,0.0001846153846153846
7,1954-02-26,1.0,0.0001923076923076923
8,1954-03-05,1.02,0.00019615384615384617
9,1954-03-12,1.04,0.00019999999999999998
10,1954-03-19,1.0,0.0001923076923076923
11,1954-03-26,1.05,0.00020192307692307694
12,1954-04-02,1.0,0.0001923076923076923
13,1954-04-09,1.03,0.00019807692307692308
14,1954-04-16,1.03,0.00019807692307692308
15,1954-04-23,0.94,0.00018076923076923074
16,1954-04-30,0.81,0.00015576923076923078
17,1954-05-07,0.79,0.00015192307692307695
18,1954-05-14,0.8,0.00015384615384615385
19,1954-05-21,0.76,0.00014615384615384615
20,1954-05-28,0.72,0.00013846153846153845
21,1954-06-04,0.66,0.00012692307692307693
22,1954-06-11,0.62,0.00011923076923076923
23,1954-06-18,0.63,0.00012115384615384615
24,1954-06-25,0.64,0.00012307692307692307
25,1954-07-02,0.66,0.00012692307692307693
26,1954-07-09,0.67,0.00012884615384615384
27,1954-07-16,0.73,0.00014038461538461538
28,1954-07-23,0.77,0.00014807692307692308
29,1954-07-30,0.79,0.00015192307692307695
30,1954-08-06,0.83,0.00015961538461538462
31,1954-08-13,0.93,0.00017884615384615386
32,1954-08-20,0.94,0.00018076923076923074
33,1954-08-27,1.0,0.0001923076923076923
34,1954-09-03,1.02,0.00019615384615384617
35,1954-09-10,1.02,0.00019615384615384617
36,1954-09-17,1.0,0.0001923076923076923
37,1954-09-24,0.99,0.00019038461538461538
38,1954-10-01,0.97,0.00018653846153846154
39,1954-10-08,0.94,0.00018076923076923074
40,1954-10-15,1.0,0.0001923076923076923
41,1954-10-22,1.0,0.0001923076923076923
42,1954-10-29,1.0,0.0001923076923076923
43,1954-11-05,0.97,0.00018653846153846154
44,1954-11-12,0.9,0.0001730769230769231
45,1954-11-19,0.87,0.0001673076923076923
46,1954-11-26,0.97,0.00018653846153846154
47,1954-12-03,1.03,0.00019807692307692308
48,1954-12-10,1.14,0.0002192307692307692
49,1954-12-17,1.25,0.0002403846153846154
50,1954-12-24,1.2,0.00023076923076923076
51,1954-12-31,1.02,0.00019615384615384617
52,1955-01-07,1.11,0.00021346153846153848
53,1955-01-14,1.36,0.00026153846153846154
54,1955-01-21,1.29,0.0002480769230769231
55,1955-01-28,1.14,0.0002192307692307692
56,1955-02-04,1.08,0.0002076923076923077
57,1955-02-11,1.06,0.00020384615384615385
58,1955-02-18,1.23,0.00023653846153846153
59,1955-02-25,1.37,0.0002634615384615385
60,1955-03-04,1.17,0.00022499999999999997
61,1955-03-11,1.24,0.00023846153846153847
62,1955-03-18,1.3,0.00025
63,1955-03-25,1.29,0.0002480769230769231
64,1955-04-01,1.4,0.0002692307692307692
65,1955-04-08,1.55,0.0002980769230769231
66,1955-04-15,1.62,0.00031153846153846157
67,1955-04-22,1.65,0.0003173076923076923
68,1955-04-29,1.59,0.00030576923076923077
69,1955-05-06,1.51,0.0002903846153846154
70,1955-05-13,1.43,0.000275
71,1955-05-20,1.42,0.0002730769230769231
72,1955-05-27,1.41,0.00027115384615384615
73,1955-06-03,1.32,0.00025384615384615387
74,1955-06-10,1.47,0.0002826923076923077
75,1955-06-17,1.45,0.0002788461538461538
76,1955-06-24,1.33,0.0002557692307692308
77,1955-07-01,1.46,0.00028076923076923076
78,1955-07-08,1.51,0.0002903846153846154
79,1955-07-15,1.57,0.00030192307692307696
80,1955-07-22,1.66,0.00031923076923076924
81,1955-07-29,1.75,0.0003365384615384616
82,1955-08-05,1.89,0.00036346153846153847
83,1955-08-12,1.84,0.00035384615384615386
84,1955-08-19,1.8,0.0003461538461538462
85,1955-08-26,1.95,0.000375
86,1955-09-02,2.09,0.0004019230769230769
87,1955-09-09,2.11,0.0004057692307692307
88,1955-09-16,2.02,0.0003884615384615384
89,1955-09-23,2.04,0.00039230769230769234
90,1955-09-30,2.15,0.00041346153846153844
91,1955-10-07,2.22,0.00042692307692307696
92,1955-10-14,2.3,0.0004423076923076923
93,1955-10-21,2.21,0.000425
94,1955-10-28,2.19,0.00042115384615384617
95,1955-11-04,1.96,0.0003769230769230769
96,1955-11-11,2.12,0.0004076923076923077
97,1955-11-18,2.35,0.0004519230769230769
98,1955-11-25,2.42,0.0004653846153846154
99,1955-12-02,2.36,0.00045384615384615385
100,1955-12-09,2.52,0.0004846153846153846
101,1955-12-16,2.55,0.0004903846153846154
102,1955-12-23,2.67,0.0005134615384615384
103,1955-12-30,2.5,0.0004807692307692308
104,1956-01-06,2.52,0.0004846153846153846
105,1956-01-13,2.5,0.0004807692307692308
106,1956-01-20,2.3,0.0004423076923076923
107,1956-01-27,2.3,0.0004423076923076923
108,1956-02-03,2.26,0.0004346153846153846
109,1956-02-10,2.33,0.0004480769230769231
110,1956-02-17,2.37,0.00045576923076923084
111,1956-02-24,2.41,0.00046346153846153846
112,1956-03-02,2.06,0.00039615384615384615
113,1956-03-09,2.28,0.0004384615384615384
114,1956-03-16,2.38,0.00045769230769230766
115,1956-03-23,2.17,0.0004173076923076923
116,1956-03-30,2.3,0.0004423076923076923
117,1956-04-06,2.38,0.00045769230769230766
118,1956-04-13,2.68,0.0005153846153846154
119,1956-04-20,2.75,0.0005288461538461538
120,1956-04-27,2.68,0.0005153846153846154
121,1956-05-04,2.54,0.0004884615384615384
122,1956-05-11,2.61,0.0005019230769230769
123,1956-05-18,2.65,0.0005096153846153846
124,1956-05-25,2.61,0.0005019230769230769
125,1956-06-01,2.55,0.0004903846153846154
126,1956-06-08,2.54,0.0004884615384615384
127,1956-06-15,2.49,0.00047884615384615386
128,1956-06-22,2.43,0.0004673076923076923
129,1956-06-29,2.42,0.0004653846153846154
130,1956-07-06,2.33,0.0004480769230769231
131,1956-07-13,2.3,0.0004423076923076923
132,1956-07-20,2.26,0.0004346153846153846
133,1956-07-27,2.31,0.0004442307692307692
134,1956-08-03,2.24,0.00043076923076923083
135,1956-08-10,2.48,0.00047692307692307693
136,1956-08-17,2.7,0.0005192307692307693
137,1956-08-24,2.8,0.0005384615384615384
138,1956-08-31,2.66,0.0005115384615384616
139,1956-09-07,2.7,0.0005192307692307693
140,1956-09-14,2.82,0.0005423076923076923
141,1956-09-21,2.92,0.0005615384615384615
142,1956-09-28,2.91,0.0005596153846153846
143,1956-10-05,2.92,0.0005615384615384615
144,1956-10-12,2.93,0.0005634615384615385
145,1956-10-19,2.93,0.0005634615384615385
146,1956-10-26,2.86,0.00055
147,1956-11-02,2.86,0.00055
148,1956-11-09,2.94,0.0005653846153846154
149,1956-11-16,3.0,0.0005769230769230769
150,1956-11-23,3.1,0.0005961538461538462
151,1956-11-30,3.04,0.0005846153846153846
152,1956-12-07,3.19,0.0006134615384615384
153,1956-12-14,3.25,0.000625
154,1956-12-21,3.19,0.0006134615384615384
155,1956-12-28,3.22,0.0006192307692307693
156,1957-01-04,3.07,0.0005903846153846153
157,1957-01-11,3.06,0.0005884615384615385
158,1957-01-18,3.02,0.0005807692307692308
159,1957-01-25,3.17,0.0006096153846153846
160,1957-02-01,3.08,0.0005923076923076923
161,1957-02-08,3.0,0.0005769230769230769
162,1957-02-15,3.04,0.0005846153846153846
163,1957-02-22,3.2,0.0006153846153846154
164,1957-03-01,3.24,0.0006230769230769231
165,1957-03-08,3.2,0.0006153846153846154
166,1957-03-15,3.1,0.0005961538461538462
167,1957-03-22,2.97,0.0005711538461538461
168,1957-03-29,2.96,0.0005692307692307692
169,1957-04-05,3.08,0.0005923076923076923
170,1957-04-12,3.16,0.0006076923076923078
171,1957-04-19,3.08,0.0005923076923076923
172,1957-04-26,3.02,0.0005807692307692308
173,1957-05-03,2.95,0.0005673076923076924
174,1957-05-10,2.92,0.0005615384615384615
175,1957-05-17,3.07,0.0005903846153846153
176,1957-05-24,3.21,0.0006173076923076923
177,1957-05-31,3.31,0.0006365384615384615
178,1957-06-07,3.24,0.0006230769230769231
179,1957-06-14,3.32,0.0006384615384615385
180,1957-06-21,3.32,0.0006384615384615385
181,1957-06-28,3.22,0.0006192307692307693
182,1957-07-05,3.21,0.0006173076923076923
183,1957-07-12,3.11,0.0005980769230769231
184,1957-07-19,3.0,0.0005769230769230769
185,1957-07-26,3.26,0.0006269230769230769
186,1957-08-02,3.3,0.0006346153846153846
187,1957-08-09,3.36,0.0006461538461538461
188,1957-08-16,3.34,0.0006423076923076922
189,1957-08-23,3.37,0.0006480769230769231
190,1957-08-30,3.5,0.0006730769230769232
191,1957-09-06,3.54,0.0006807692307692308
192,1957-09-13,3.57,0.0006865384615384614
193,1957-09-20,3.54,0.0006807692307692308
194,1957-09-27,3.45,0.0006634615384615386
195,1957-10-04,3.5,0.0006730769230769232
196,1957-10-11,3.57,0.0006865384615384614
197,1957-10-18,3.6,0.0006923076923076924
198,1957-10-25,3.6,0.0006923076923076924
199,1957-11-01,3.59,0.0006903846153846154
200,1957-11-08,3.46,0.0006653846153846153
201,1957-11-15,3.16,0.0006076923076923078
202,1957-11-22,3.13,0.0006019230769230769
203,1957-11-29,3.14,0.0006038461538461539
204,1957-12-06,3.06,0.0005884615384615385
205,1957-12-13,3.06,0.0005884615384615385
206,1957-12-20,3.15,0.0006057692307692308
207,1957-12-27,3.04,0.0005846153846153846
208,1958-01-03,2.8,0.0005384615384615384
209,1958-01-10,2.65,0.0005096153846153846
210,1958-01-17,2.56,0.0004923076923076923
211,1958-01-24,2.26,0.0004346153846153846
212,1958-01-31,1.55,0.0002980769230769231
213,1958-02-07,1.67,0.0003211538461538461
214,1958-02-14,1.72,0.0003307692307692308
215,1958-02-21,1.42,0.0002730769230769231
216,1958-02-28,1.27,0.0002442307692307692
217,1958-03-07,1.43,0.000275
218,1958-03-14,1.34,0.0002576923076923077
219,1958-03-21,1.31,0.00025192307692307694
220,1958-03-28,1.06,0.00020384615384615385
221,1958-04-04,1.02,0.00019615384615384617
222,1958-04-11,1.15,0.00022115384615384616
223,1958-04-18,1.04,0.00019999999999999998
224,1958-04-25,1.25,0.0002403846153846154
225,1958-05-02,1.2,0.00023076923076923076
226,1958-05-09,1.06,0.00020384615384615385
227,1958-05-16,0.94,0.00018076923076923074
228,1958-05-23,0.64,0.00012307692307692307
229,1958-05-30,0.58,0.00011153846153846153
230,1958-06-06,0.74,0.0001423076923076923
231,1958-06-13,0.86,0.0001653846153846154
232,1958-06-20,0.95,0.0001826923076923077
233,1958-06-27,0.77,0.00014807692307692308
234,1958-07-04,0.8,0.00015384615384615385
235,1958-07-11,0.98,0.00018846153846153844
236,1958-07-18,0.91,0.000175
237,1958-07-25,0.82,0.00015769230769230766
238,1958-08-01,0.97,0.00018653846153846154
239,1958-08-08,1.32,0.00025384615384615387
240,1958-08-15,1.75,0.0003365384615384616
241,1958-08-22,1.99,0.00038269230769230774
242,1958-08-29,2.33,0.0004480769230769231
243,1958-09-05,2.26,0.0004346153846153846
244,1958-09-12,2.44,0.0004692307692307692
245,1958-09-19,2.33,0.0004480769230769231
246,1958-09-26,2.62,0.0005038461538461539
247,1958-10-03,2.48,0.00047692307692307693
248,1958-10-10,2.7,0.0005192307692307693
249,1958-10-17,2.65,0.0005096153846153846
250,1958-10-24,2.66,0.0005115384615384616
251,1958-10-31,2.55,0.0004903846153846154
252,1958-11-07,2.46,0.00047307692307692307
253,1958-11-14,2.78,0.0005346153846153846
254,1958-11-21,2.66,0.0005115384615384616
255,1958-11-28,2.78,0.0005346153846153846
256,1958-12-05,2.78,0.0005346153846153846
257,1958-12-12,2.84,0.0005461538461538462
258,1958-12-19,2.76,0.0005307692307692307
259,1958-12-26,2.71,0.0005211538461538461
260,1959-01-02,2.67,0.0005134615384615384
261,1959-01-09,2.71,0.0005211538461538461
262,1959-01-16,2.91,0.0005596153846153846
263,1959-01-23,2.96,0.0005692307692307692
264,1959-01-30,2.64,0.0005076923076923077
265,1959-02-06,2.6,0.0005
266,1959-02-13,2.7,0.0005192307692307693
267,1959-02-20,2.58,0.0004961538461538461
268,1959-02-27,2.76,0.0005307692307692307
269,1959-03-06,2.98,0.0005730769230769231
270,1959-03-13,2.8,0.0005384615384615384
271,1959-03-20,2.77,0.0005326923076923077
272,1959-03-27,2.77,0.0005326923076923077
273,1959-04-03,2.88,0.0005538461538461538
274,1959-04-10,3.02,0.0005807692307692308
275,1959-04-17,3.12,0.0006000000000000001
276,1959-04-24,2.9,0.0005576923076923077
277,1959-05-01,2.87,0.0005519230769230769
278,1959-05-08,2.77,0.0005326923076923077
279,1959-05-15,2.8,0.0005384615384615384
280,1959-05-22,2.85,0.000548076923076923
281,1959-05-29,3.08,0.0005923076923076923
282,1959-06-05,3.18,0.0006115384615384615
283,1959-06-12,3.28,0.0006307692307692306
284,1959-06-19,3.25,0.000625
285,1959-06-26,3.12,0.0006000000000000001
286,1959-07-03,3.19,0.0006134615384615384
287,1959-07-10,3.31,0.0006365384615384615
288,1959-07-17,3.34,0.0006423076923076922
289,1959-07-24,3.0,0.0005769230769230769
290,1959-07-31,3.0,0.0005769230769230769
291,1959-08-07,3.01,0.0005788461538461539
292,1959-08-14,3.26,0.0006269230769230769
293,1959-08-21,3.66,0.0007038461538461539
294,1959-08-28,3.7,0.0007115384615384616
295,1959-09-04,3.93,0.0007557692307692308
296,1959-09-11,4.02,0.000773076923076923
297,1959-09-18,3.98,0.0007653846153846155
298,1959-09-25,4.03,0.0007750000000000001
299,1959-10-02,3.94,0.0007576923076923076
300,1959-10-09,4.17,0.0008019230769230769
301,1959-10-16,4.18,0.0008038461538461538
302,1959-10-23,3.92,0.0007538461538461538
303,1959-10-30,4.0,0.0007692307692307692
304,1959-11-06,3.93,0.0007557692307692308
305,1959-11-13,4.05,0.0007788461538461538
306,1959-11-20,4.13,0.0007942307692307692
307,1959-11-27,4.32,0.0008307692307692308
308,1959-12-04,4.53,0.0008711538461538462
309,1959-12-11,4.48,0.0008615384615384617
310,1959-12-18,4.55,0.000875
311,1959-12-25,4.46,0.0008576923076923077
312,1960-01-01,4.4,0.0008461538461538462
313,1960-01-08,4.59,0.0008826923076923076
314,1960-01-15,4.49,0.0008634615384615385
315,1960-01-22,4.12,0.0007923076923076923
316,1960-01-29,3.99,0.0007673076923076924
317,1960-02-05,3.8,0.0007307692307692308
318,1960-02-12,3.85,0.0007403846153846154
319,1960-02-19,4.08,0.0007846153846153847
320,1960-02-26,4.19,0.0008057692307692309
321,1960-03-04,3.64,0.0007
322,1960-03-11,3.59,0.0006903846153846154
323,1960-03-18,3.3,0.0006346153846153846
324,1960-03-25,2.68,0.0005153846153846154
325,1960-04-01,2.84,0.0005461538461538462
326,1960-04-08,3.3,0.0006346153846153846
327,1960-04-15,3.52,0.0006769230769230769
328,1960-04-22,3.37,0.0006480769230769231
329,1960-04-29,3.04,0.0005846153846153846
330,1960-05-06,3.04,0.0005846153846153846
331,1960-05-13,3.44,0.0006615384615384616
332,1960-05-20,3.25,0.000625
333,1960-05-27,3.09,0.0005942307692307692
334,1960-06-03,2.65,0.0005096153846153846
335,1960-06-10,2.38,0.00045769230769230766
336,1960-06-17,2.37,0.00045576923076923084
337,1960-06-24,2.35,0.0004519230769230769
338,1960-07-01,2.05,0.00039423076923076917
339,1960-07-08,2.39,0.00045961538461538465
340,1960-07-15,2.31,0.0004442307692307692
341,1960-07-22,2.35,0.0004519230769230769
342,1960-07-29,2.19,0.00042115384615384617
343,1960-08-05,2.13,0.0004096153846153846
344,1960-08-12,2.15,0.00041346153846153844
345,1960-08-19,2.4,0.00046153846153846153
346,1960-08-26,2.46,0.00047307692307692307
347,1960-09-02,2.49,0.00047884615384615386
348,1960-09-09,2.59,0.000498076923076923
349,1960-09-16,2.48,0.00047692307692307693
350,1960-09-23,2.4,0.00046153846153846153
351,1960-09-30,2.3,0.0004423076923076923
352,1960-10-07,2.53,0.00048653846153846154
353,1960-10-14,2.44,0.0004692307692307692
354,1960-10-21,2.15,0.00041346153846153844
355,1960-10-28,2.07,0.0003980769230769231
356,1960-11-04,2.22,0.00042692307692307696
357,1960-11-11,2.45,0.0004711538461538462
358,1960-11-18,2.37,0.00045576923076923084
359,1960-11-25,2.39,0.00045961538461538465
360,1960-12-02,2.3,0.0004423076923076923
361,1960-12-09,2.26,0.0004346153846153846
362,1960-12-16,2.24,0.00043076923076923083
363,1960-12-23,2.18,0.00041923076923076923
364,1960-12-30,2.2,0.0004230769230769231
365,1961-01-06,2.28,0.0004384615384615384
366,1961-01-13,2.27,0.00043653846153846157
367,1961-01-20,2.22,0.00042692307692307696
368,1961-01-27,2.18,0.00041923076923076923
369,1961-02-03,2.28,0.0004384615384615384
370,1961-02-10,2.39,0.00045961538461538465
371,1961-02-17,2.4,0.00046153846153846153
372,1961-02-24,2.52,0.0004846153846153846
373,1961-03-03,2.51,0.0004826923076923076
374,1961-03-10,2.42,0.0004653846153846154
375,1961-03-17,2.3,0.0004423076923076923
376,1961-03-24,2.32,0.0004461538461538461
377,1961-03-31,2.42,0.0004653846153846154
378,1961-04-07,2.3,0.0004423076923076923
379,1961-04-14,2.3,0.0004423076923076923
380,1961-04-21,2.23,0.00042884615384615384
381,1961-04-28,2.27,0.00043653846153846157
382,1961-05-05,2.18,0.00041923076923076923
383,1961-05-12,2.22,0.00042692307692307696
384,1961-05-19,2.29,0.0004403846153846154
385,1961-05-26,2.39,0.00045961538461538465
386,1961-06-02,2.47,0.00047500000000000005
387,1961-06-09,2.35,0.0004519230769230769
388,1961-06-16,2.33,0.0004480769230769231
389,1961-06-23,2.28,0.0004384615384615384
390,1961-06-30,2.27,0.00043653846153846157
391,1961-07-07,2.3,0.0004423076923076923
392,1961-07-14,2.2,0.0004230769230769231
393,1961-07-21,2.16,0.0004153846153846154
394,1961-07-28,2.24,0.00043076923076923083
395,1961-08-04,2.29,0.0004403846153846154
396,1961-08-11,2.44,0.0004692307692307692
397,1961-08-18,2.47,0.00047500000000000005
398,1961-08-25,2.34,0.00044999999999999993
399,1961-09-01,2.35,0.0004519230769230769
400,1961-09-08,2.31,0.0004442307692307692
401,1961-09-15,2.27,0.00043653846153846157
402,1961-09-22,2.25,0.00043269230769230765
403,1961-09-29,2.23,0.00042884615384615384
404,1961-10-06,2.31,0.0004442307692307692
405,1961-10-13,2.37,0.00045576923076923084
406,1961-10-20,2.3,0.0004423076923076923
407,1961-10-27,2.29,0.0004403846153846154
408,1961-11-03,2.28,0.0004384615384615384
409,1961-11-10,2.47,0.00047500000000000005
410,1961-11-17,2.53,0.00048653846153846154
411,1961-11-24,2.55,0.0004903846153846154
412,1961-12-01,2.53,0.00048653846153846154
413,1961-12-08,2.57,0.0004942307692307692
414,1961-12-15,2.63,0.0005057692307692308
415,1961-12-22,2.6,0.0005
416,1961-12-29,2.67,0.0005134615384615384
417,1962-01-05,2.74,0.000526923076923077
418,1962-01-12,2.76,0.0005307692307692307
419,1962-01-19,2.71,0.0005211538461538461
420,1962-01-26,2.67,0.0005134615384615384
421,1962-02-02,2.67,0.0005134615384615384
422,1962-02-09,2.72,0.0005230769230769231
423,1962-02-16,2.83,0.0005442307692307693
424,1962-02-23,2.69,0.0005173076923076923
425,1962-03-02,2.69,0.0005173076923076923
426,1962-03-09,2.76,0.0005307692307692307
427,1962-03-16,2.72,0.0005230769230769231
428,1962-03-23,2.7,0.0005192307692307693
429,1962-03-30,2.75,0.0005288461538461538
430,1962-04-06,2.7,0.0005192307692307693
431,1962-04-13,2.74,0.000526923076923077
432,1962-04-20,2.73,0.0005250000000000001
433,1962-04-27,2.74,0.000526923076923077
434,1962-05-04,2.73,0.0005250000000000001
435,1962-05-11,2.63,0.0005057692307692308
436,1962-05-18,2.68,0.0005153846153846154
437,1962-05-25,2.69,0.0005173076923076923
438,1962-06-01,2.69,0.0005173076923076923
439,1962-06-08,2.65,0.0005096153846153846
440,1962-06-15,2.71,0.0005211538461538461
441,1962-06-22,2.74,0.000526923076923077
442,1962-06-29,2.9,0.0005576923076923077
443,1962-07-06,2.93,0.0005634615384615385
444,1962-07-13,2.96,0.0005692307692307692
445,1962-07-20,2.91,0.0005596153846153846
446,1962-07-27,2.88,0.0005538461538461538
447,1962-08-03,2.82,0.0005423076923076923
448,1962-08-10,2.83,0.0005442307692307693
449,1962-08-17,2.84,0.0005461538461538462
450,1962-08-24,2.82,0.0005423076923076923
451,1962-08-31,2.81,0.0005403846153846154
452,1962-09-07,2.79,0.0005365384615384616
453,1962-09-14,2.78,0.0005346153846153846
454,1962-09-21,2.76,0.0005307692307692307
455,1962-09-28,2.74,0.000526923076923077
456,1962-10-05,2.76,0.0005307692307692307
457,1962-10-12,2.77,0.0005326923076923077
458,1962-10-19,2.72,0.0005230769230769231
459,1962-10-26,2.73,0.0005250000000000001
460,1962-11-02,2.83,0.0005442307692307693
461,1962-11-09,2.8,0.0005384615384615384
462,1962-11-16,2.83,0.0005442307692307693
463,1962-11-23,2.84,0.0005461538461538462
464,1962-11-30,2.86,0.00055
465,1962-12-07,2.83,0.0005442307692307693
466,1962-12-14,2.85,0.000548076923076923
467,1962-12-21,2.88,0.0005538461538461538
468,1962-12-28,2.93,0.0005634615384615385
469,1963-01-04,2.9,0.0005576923076923077
470,1963-01-11,2.89,0.0005557692307692308
471,1963-01-18,2.92,0.0005615384615384615
472,1963-01-25,2.93,0.0005634615384615385
473,1963-02-01,2.94,0.0005653846153846154
474,1963-02-08,2.95,0.0005673076923076924
475,1963-02-15,2.92,0.0005615384615384615
476,1963-02-22,2.87,0.0005519230769230769
477,1963-03-01,2.9,0.0005576923076923077
478,1963-03-08,2.86,0.00055
479,1963-03-15,2.88,0.0005538461538461538
480,1963-03-22,2.9,0.0005576923076923077
481,1963-03-29,2.91,0.0005596153846153846
482,1963-04-05,2.91,0.0005596153846153846
483,1963-04-12,2.92,0.0005615384615384615
484,1963-04-19,2.88,0.0005538461538461538
485,1963-04-26,2.89,0.0005557692307692308
486,1963-05-03,2.9,0.0005576923076923077
487,1963-05-10,2.91,0.0005596153846153846
488,1963-05-17,2.91,0.0005596153846153846
489,1963-05-24,2.96,0.0005692307692307692
490,1963-05-31,3.0,0.0005769230769230769
491,1963-06-07,2.98,0.0005730769230769231
492,1963-06-14,2.99,0.0005750000000000001
493,1963-06-21,2.98,0.0005730769230769231
494,1963-06-28,2.99,0.0005750000000000001
495,1963-07-05,3.07,0.0005903846153846153
496,1963-07-12,3.18,0.0006115384615384615
497,1963-07-19,3.18,0.0006115384615384615
498,1963-07-26,3.2,0.0006153846153846154
499,1963-08-02,3.21,0.0006173076923076923
500,1963-08-09,3.3,0.0006346153846153846
501,1963-08-16,3.34,0.0006423076923076922
502,1963-08-23,3.38,0.00065
503,1963-08-30,3.39,0.000651923076923077
504,1963-09-06,3.34,0.0006423076923076922
505,1963-09-13,3.38,0.00065
506,1963-09-20,3.4,0.0006538461538461539
507,1963-09-27,3.36,0.0006461538461538461
508,1963-10-04,3.45,0.0006634615384615386
509,1963-10-11,3.44,0.0006615384615384616
510,1963-10-18,3.48,0.0006692307692307692
511,1963-10-25,3.44,0.0006615384615384616
512,1963-11-01,3.49,0.0006711538461538462
513,1963-11-08,3.55,0.0006826923076923077
514,1963-11-15,3.53,0.0006788461538461538
515,1963-11-22,3.49,0.0006711538461538462
516,1963-11-29,3.5,0.0006730769230769232
517,1963-12-06,3.5,0.0006730769230769232
518,1963-12-13,3.52,0.0006769230769230769
519,1963-12-20,3.52,0.0006769230769230769
520,1963-12-27,3.52,0.0006769230769230769
521,1964-01-03,3.53,0.0006788461538461538
522,1964-01-10,3.53,0.0006788461538461538
523,1964-01-17,3.54,0.0006807692307692308
524,1964-01-24,3.51,0.000675
525,1964-01-31,3.5,0.0006730769230769232
526,1964-02-07,3.52,0.0006769230769230769
527,1964-02-14,3.52,0.0006769230769230769
528,1964-02-21,3.54,0.0006807692307692308
529,1964-02-28,3.6,0.0006923076923076924
530,1964-03-06,3.54,0.0006807692307692308
531,1964-03-13,3.54,0.0006807692307692308
532,1964-03-20,3.55,0.0006826923076923077
533,1964-03-27,3.54,0.0006807692307692308
534,1964-04-03,3.52,0.0006769230769230769
535,1964-04-10,3.46,0.0006653846153846153
536,1964-04-17,3.46,0.0006653846153846153
537,1964-04-24,3.45,0.0006634615384615386
538,1964-05-01,3.46,0.0006653846153846153
539,1964-05-08,3.49,0.0006711538461538462
540,1964-05-15,3.47,0.0006673076923076923
541,1964-05-22,3.47,0.0006673076923076923
542,1964-05-29,3.47,0.0006673076923076923
543,1964-06-05,3.47,0.0006673076923076923
544,1964-06-12,3.48,0.0006692307692307692
545,1964-06-19,3.48,0.0006692307692307692
546,1964-06-26,3.47,0.0006673076923076923
547,1964-07-03,3.48,0.0006692307692307692
548,1964-07-10,3.43,0.0006596153846153847
549,1964-07-17,3.44,0.0006615384615384616
550,1964-07-24,3.45,0.0006634615384615386
551,1964-07-31,3.47,0.0006673076923076923
552,1964-08-07,3.49,0.0006711538461538462
553,1964-08-14,3.51,0.000675
554,1964-08-21,3.5,0.0006730769230769232
555,1964-08-28,3.49,0.0006711538461538462
556,1964-09-04,3.51,0.000675
557,1964-09-11,3.52,0.0006769230769230769
558,1964-09-18,3.54,0.0006807692307692308
559,1964-09-25,3.54,0.0006807692307692308
560,1964-10-02,3.56,0.0006846153846153846
561,1964-10-09,3.58,0.0006884615384615384
562,1964-10-16,3.59,0.0006903846153846154
563,1964-10-23,3.57,0.0006865384615384614
564,1964-10-30,3.55,0.0006826923076923077
565,1964-11-06,3.57,0.0006865384615384614
566,1964-11-13,3.59,0.0006903846153846154
567,1964-11-20,3.62,0.0006961538461538462
568,1964-11-27,3.81,0.0007326923076923077
569,1964-12-04,3.78,0.0007269230769230769
570,1964-12-11,3.82,0.0007346153846153846
571,1964-12-18,3.86,0.0007423076923076922
572,1964-12-25,3.86,0.0007423076923076922
573,1965-01-01,3.82,0.0007346153846153846
574,1965-01-08,3.78,0.0007269230769230769
575,1965-01-15,3.77,0.000725
576,1965-01-22,3.83,0.0007365384615384615
577,1965-01-29,3.87,0.0007442307692307692
578,1965-02-05,3.91,0.000751923076923077
579,1965-02-12,3.92,0.0007538461538461538
580,1965-02-19,3.96,0.0007615384615384615
581,1965-02-26,3.99,0.0007673076923076924
582,1965-03-05,3.95,0.0007596153846153846
583,1965-03-12,3.93,0.0007557692307692308
584,1965-03-19,3.92,0.0007538461538461538
585,1965-03-26,3.9,0.00075
586,1965-04-02,3.94,0.0007576923076923076
587,1965-04-09,3.93,0.0007557692307692308
588,1965-04-16,3.94,0.0007576923076923076
589,1965-04-23,3.92,0.0007538461538461538
590,1965-04-30,3.91,0.000751923076923077
591,1965-05-07,3.89,0.0007480769230769231
592,1965-05-14,3.9,0.00075
593,1965-05-21,3.9,0.00075
594,1965-05-28,3.87,0.0007442307692307692
595,1965-06-04,3.81,0.0007326923076923077
596,1965-06-11,3.81,0.0007326923076923077
597,1965-06-18,3.8,0.0007307692307692308
598,1965-06-25,3.77,0.000725
599,1965-07-02,3.83,0.0007365384615384615
600,1965-07-09,3.87,0.0007442307692307692
601,1965-07-16,3.84,0.0007384615384615384
602,1965-07-23,3.81,0.0007326923076923077
603,1965-07-30,3.81,0.0007326923076923077
604,1965-08-06,3.84,0.0007384615384615384
605,1965-08-13,3.8,0.0007307692307692308
606,1965-08-20,3.83,0.0007365384615384615
607,1965-08-27,3.86,0.0007423076923076922
608,1965-09-03,3.87,0.0007442307692307692
609,1965-09-10,3.88,0.0007461538461538462
610,1965-09-17,3.88,0.0007461538461538462
611,1965-09-24,3.98,0.0007653846153846155
612,1965-10-01,4.0,0.0007692307692307692
613,1965-10-08,4.0,0.0007692307692307692
614,1965-10-15,4.02,0.000773076923076923
615,1965-10-22,4.04,0.0007769230769230769
616,1965-10-29,4.06,0.0007807692307692307
617,1965-11-05,4.04,0.0007769230769230769
618,1965-11-12,4.07,0.0007826923076923077
619,1965-11-19,4.1,0.0007884615384615383
620,1965-11-26,4.11,0.0007903846153846154
621,1965-12-03,4.12,0.0007923076923076923
622,1965-12-10,4.33,0.0008326923076923076
623,1965-12-17,4.46,0.0008576923076923077
624,1965-12-24,4.47,0.0008596153846153846
625,1965-12-31,4.49,0.0008634615384615385
626,1966-01-07,4.54,0.0008730769230769231
627,1966-01-14,4.63,0.0008903846153846154
628,1966-01-21,4.59,0.0008826923076923076
629,1966-01-28,4.57,0.0008788461538461539
630,1966-02-04,4.62,0.0008884615384615384
631,1966-02-11,4.65,0.0008942307692307693
632,1966-02-18,4.66,0.0008961538461538462
633,1966-02-25,4.63,0.0008903846153846154
634,1966-03-04,4.57,0.0008788461538461539
635,1966-03-11,4.69,0.000901923076923077
636,1966-03-18,4.59,0.0008826923076923076
637,1966-03-25,4.53,0.0008711538461538462
638,1966-04-01,4.5,0.0008653846153846153
639,1966-04-08,4.58,0.0008807692307692308
640,1966-04-15,4.66,0.0008961538461538462
641,1966-04-22,4.63,0.0008903846153846154
642,1966-04-29,4.65,0.0008942307692307693
643,1966-05-06,4.66,0.0008961538461538462
644,1966-05-13,4.61,0.0008865384615384616
645,1966-05-20,4.64,0.0008923076923076922
646,1966-05-27,4.62,0.0008884615384615384
647,1966-06-03,4.54,0.0008730769230769231
648,1966-06-10,4.57,0.0008788461538461539
649,1966-06-17,4.46,0.0008576923076923077
650,1966-06-24,4.38,0.0008423076923076923
651,1966-07-01,4.64,0.0008923076923076922
652,1966-07-08,4.68,0.0008999999999999999
653,1966-07-15,4.93,0.000948076923076923
654,1966-07-22,4.84,0.0009307692307692308
655,1966-07-29,4.77,0.0009173076923076922
656,1966-08-05,4.79,0.0009211538461538461
657,1966-08-12,4.94,0.0009500000000000001
658,1966-08-19,5.06,0.0009730769230769231
659,1966-08-26,5.03,0.0009673076923076924
660,1966-09-02,5.09,0.000978846153846154
661,1966-09-09,5.22,0.0010038461538461538
662,1966-09-16,5.46,0.0010500000000000002
663,1966-09-23,5.51,0.0010596153846153845
664,1966-09-30,5.34,0.0010269230769230767
665,1966-10-07,5.36,0.0010307692307692307
666,1966-10-14,5.44,0.0010461538461538462
667,1966-10-21,5.27,0.0010134615384615384
668,1966-10-28,5.23,0.0010057692307692309
669,1966-11-04,5.36,0.0010307692307692307
670,1966-11-11,5.45,0.001048076923076923
671,1966-11-18,5.29,0.0010173076923076924
672,1966-11-25,5.27,0.0010134615384615384
673,1966-12-02,5.16,0.0009923076923076923
674,1966-12-09,5.11,0.000982692307692308
675,1966-12-16,4.85,0.0009326923076923076
676,1966-12-23,4.78,0.0009192307692307693
677,1966-12-30,4.81,0.0009249999999999999
678,1967-01-06,4.78,0.0009192307692307693
679,1967-01-13,4.79,0.0009211538461538461
680,1967-01-20,4.71,0.0009057692307692308
681,1967-01-27,4.59,0.0008826923076923076
682,1967-02-03,4.46,0.0008576923076923077
683,1967-02-10,4.56,0.0008769230769230768
684,1967-02-17,4.62,0.0008884615384615384
685,1967-02-24,4.59,0.0008826923076923076
686,1967-03-03,4.37,0.0008403846153846155
687,1967-03-10,4.36,0.0008384615384615385
688,1967-03-17,4.24,0.0008153846153846154
689,1967-03-24,4.15,0.0007980769230769232
690,1967-03-31,4.01,0.0007711538461538461
691,1967-04-07,3.87,0.0007442307692307692
692,1967-04-14,3.89,0.0007480769230769231
693,1967-04-21,3.75,0.0007211538461538461
694,1967-04-28,3.73,0.0007173076923076923
695,1967-05-05,3.69,0.0007096153846153847
696,1967-05-12,3.65,0.0007019230769230769
697,1967-05-19,3.54,0.0006807692307692308
698,1967-05-26,3.48,0.0006692307692307692
699,1967-06-02,3.39,0.000651923076923077
700,1967-06-09,3.45,0.0006634615384615386
701,1967-06-16,3.61,0.0006942307692307693
702,1967-06-23,3.33,0.0006403846153846155
703,1967-06-30,4.0,0.0007692307692307692
704,1967-07-07,4.21,0.0008096153846153845
705,1967-07-14,4.18,0.0008038461538461538
706,1967-07-21,4.22,0.0008115384615384614
707,1967-07-28,4.15,0.0007980769230769232
708,1967-08-04,4.19,0.0008057692307692309
709,1967-08-11,4.17,0.0008019230769230769
710,1967-08-18,4.25,0.0008173076923076924
711,1967-08-25,4.4,0.0008461538461538462
712,1967-09-01,4.34,0.0008346153846153846
713,1967-09-08,4.31,0.0008288461538461539
714,1967-09-15,4.4,0.0008461538461538462
715,1967-09-22,4.6,0.0008846153846153846
716,1967-09-29,4.39,0.0008442307692307691
717,1967-10-06,4.5,0.0008653846153846153
718,1967-10-13,4.61,0.0008865384615384616
719,1967-10-20,4.58,0.0008807692307692308
720,1967-10-27,4.53,0.0008711538461538462
721,1967-11-03,4.61,0.0008865384615384616
722,1967-11-10,4.61,0.0008865384615384616
723,1967-11-17,4.67,0.0008980769230769231
724,1967-11-24,4.91,0.0009442307692307694
725,1967-12-01,5.01,0.0009634615384615385
726,1967-12-08,4.89,0.0009403846153846154
727,1967-12-15,5.07,0.0009750000000000001
728,1967-12-22,4.96,0.0009538461538461539
729,1967-12-29,5.04,0.0009692307692307692
730,1968-01-05,4.96,0.0009538461538461539
731,1968-01-12,5.08,0.0009769230769230768
732,1968-01-19,5.07,0.0009750000000000001
733,1968-01-26,4.88,0.0009384615384615384
734,1968-02-02,4.86,0.0009346153846153846
735,1968-02-09,5.01,0.0009634615384615385
736,1968-02-16,4.92,0.0009461538461538461
737,1968-02-23,5.01,0.0009634615384615385
738,1968-03-01,5.01,0.0009634615384615385
739,1968-03-08,5.09,0.000978846153846154
740,1968-03-15,5.37,0.0010326923076923076
741,1968-03-22,5.19,0.0009980769230769231
742,1968-03-29,5.17,0.0009942307692307692
743,1968-04-05,5.24,0.0010076923076923077
744,1968-04-12,5.44,0.0010461538461538462
745,1968-04-19,5.53,0.0010634615384615385
746,1968-04-26,5.51,0.0010596153846153845
747,1968-05-03,5.54,0.0010653846153846154
748,1968-05-10,5.55,0.0010673076923076923
749,1968-05-17,5.8,0.0011153846153846153
750,1968-05-24,5.72,0.0011
751,1968-05-31,5.68,0.0010923076923076923
752,1968-06-07,5.66,0.0010884615384615386
753,1968-06-14,5.63,0.0010826923076923075
754,1968-06-21,5.2,0.001
755,1968-06-28,5.3,0.0010192307692307692
756,1968-07-05,5.36,0.0010307692307692307
757,1968-07-12,5.38,0.0010346153846153847
758,1968-07-19,5.29,0.0010173076923076924
759,1968-07-26,5.2,0.001
760,1968-08-02,4.9,0.0009423076923076924
761,1968-08-09,4.99,0.0009596153846153846
762,1968-08-16,5.11,0.000982692307692308
763,1968-08-23,5.15,0.0009903846153846154
764,1968-08-30,5.18,0.000996153846153846
765,1968-09-06,5.23,0.0010057692307692309
766,1968-09-13,5.24,0.0010076923076923077
767,1968-09-20,5.17,0.0009942307692307692
768,1968-09-27,5.12,0.0009846153846153846
769,1968-10-04,5.23,0.0010057692307692309
770,1968-10-11,5.26,0.0010115384615384615
771,1968-10-18,5.33,0.001025
772,1968-10-25,5.42,0.0010423076923076922
773,1968-11-01,5.46,0.0010500000000000002
774,1968-11-08,5.46,0.0010500000000000002
775,1968-11-15,5.42,0.0010423076923076922
776,1968-11-22,5.42,0.0010423076923076922
777,1968-11-29,5.52,0.0010615384615384614
778,1968-12-06,5.66,0.0010884615384615386
779,1968-12-13,5.88,0.0011307692307692308
780,1968-12-20,6.19,0.0011903846153846155
781,1968-12-27,6.12,0.001176923076923077
782,1969-01-03,6.13,0.0011788461538461538
783,1969-01-10,6.11,0.001175
784,1969-01-17,6.07,0.0011673076923076923
785,1969-01-24,6.17,0.0011865384615384615
786,1969-01-31,6.19,0.0011903846153846155
787,1969-02-07,6.15,0.0011826923076923078
788,1969-02-14,6.05,0.0011634615384615383
789,1969-02-21,6.02,0.0011576923076923077
790,1969-02-28,6.19,0.0011903846153846155
791,1969-03-07,6.06,0.0011653846153846152
792,1969-03-14,6.02,0.0011576923076923077
793,1969-03-21,5.96,0.0011461538461538462
794,1969-03-28,5.99,0.0011519230769230769
795,1969-04-04,6.09,0.001171153846153846
796,1969-04-11,6.17,0.0011865384615384615
797,1969-04-18,6.19,0.0011903846153846155
798,1969-04-25,6.08,0.0011692307692307692
799,1969-05-02,5.96,0.0011461538461538462
800,1969-05-09,5.96,0.0011461538461538462
801,1969-05-16,6.1,0.001173076923076923
802,1969-05-23,6.01,0.0011557692307692308
803,1969-05-30,6.08,0.0011692307692307692
804,1969-06-06,6.34,0.0012192307692307691
805,1969-06-13,6.76,0.0013
806,1969-06-20,6.52,0.0012538461538461538
807,1969-06-27,6.15,0.0011826923076923078
808,1969-07-04,6.81,0.0013096153846153845
809,1969-07-11,6.89,0.001325
810,1969-07-18,7.05,0.0013557692307692307
811,1969-07-25,7.13,0.0013711538461538462
812,1969-08-01,7.0,0.0013461538461538463
813,1969-08-08,7.02,0.00135
814,1969-08-15,6.85,0.001317307692307692
815,1969-08-22,6.96,0.0013384615384615384
816,1969-08-29,6.95,0.0013365384615384617
817,1969-09-05,7.06,0.0013576923076923076
818,1969-09-12,7.1,0.0013653846153846153
819,1969-09-19,7.16,0.0013769230769230768
820,1969-09-26,7.06,0.0013576923076923076
821,1969-10-03,7.0,0.0013461538461538463
822,1969-10-10,6.98,0.0013423076923076923
823,1969-10-17,6.97,0.0013403846153846152
824,1969-10-24,7.0,0.0013461538461538463
825,1969-10-31,6.99,0.0013442307692307692
826,1969-11-07,7.13,0.0013711538461538462
827,1969-11-14,7.09,0.0013634615384615387
828,1969-11-21,7.38,0.0014192307692307694
829,1969-11-28,7.51,0.0014442307692307693
830,1969-12-05,7.67,0.0014750000000000002
831,1969-12-12,7.81,0.001501923076923077
832,1969-12-19,7.79,0.001498076923076923
833,1969-12-26,7.86,0.0015115384615384615
834,1970-01-02,7.92,0.001523076923076923
835,1970-01-09,7.89,0.0015173076923076924
836,1970-01-16,7.8,0.0015
837,1970-01-23,7.86,0.0015115384615384615
838,1970-01-30,7.86,0.0015115384615384615
839,1970-02-06,7.42,0.001426923076923077
840,1970-02-13,6.95,0.0013365384615384617
841,1970-02-20,6.8,0.0013076923076923079
842,1970-02-27,6.85,0.001317307692307692
843,1970-03-06,6.85,0.001317307692307692
844,1970-03-13,6.77,0.0013019230769230768
845,1970-03-20,6.52,0.0012538461538461538
846,1970-03-27,6.26,0.0012038461538461539
847,1970-04-03,6.36,0.001223076923076923
848,1970-04-10,6.36,0.001223076923076923
849,1970-04-17,6.4,0.0012307692307692308
850,1970-04-24,6.6,0.0012692307692307692
851,1970-05-01,6.84,0.0013153846153846154
852,1970-05-08,6.56,0.0012615384615384613
853,1970-05-15,6.76,0.0013
854,1970-05-22,6.86,0.0013192307692307694
855,1970-05-29,6.93,0.0013326923076923077
856,1970-06-05,6.8,0.0013076923076923079
857,1970-06-12,6.79,0.0013057692307692308
858,1970-06-19,6.7,0.0012884615384615385
859,1970-06-26,6.38,0.0012269230769230768
860,1970-07-03,6.48,0.0012461538461538463
861,1970-07-10,6.52,0.0012538461538461538
862,1970-07-17,6.4,0.0012307692307692308
863,1970-07-24,6.32,0.0012153846153846156
864,1970-07-31,6.38,0.0012269230769230768
865,1970-08-07,6.47,0.0012442307692307692
866,1970-08-14,6.54,0.0012576923076923078
867,1970-08-21,6.29,0.0012096153846153845
868,1970-08-28,6.28,0.0012076923076923078
869,1970-09-04,6.32,0.0012153846153846156
870,1970-09-11,6.39,0.0012288461538461537
871,1970-09-18,6.08,0.0011692307692307692
872,1970-09-25,5.82,0.0011192307692307693
873,1970-10-02,5.86,0.001126923076923077
874,1970-10-09,6.05,0.0011634615384615383
875,1970-10-16,5.93,0.0011403846153846154
876,1970-10-23,5.76,0.0011076923076923076
877,1970-10-30,5.84,0.001123076923076923
878,1970-11-06,5.5,0.0010576923076923077
879,1970-11-13,5.44,0.0010461538461538462
880,1970-11-20,5.02,0.0009653846153846152
881,1970-11-27,5.16,0.0009923076923076923
882,1970-12-04,4.91,0.0009442307692307694
883,1970-12-11,4.86,0.0009346153846153846
884,1970-12-18,4.75,0.0009134615384615384
885,1970-12-25,4.83,0.0009288461538461539
886,1971-01-01,4.85,0.0009326923076923076
887,1971-01-08,4.75,0.0009134615384615384
888,1971-01-15,4.32,0.0008307692307692308
889,1971-01-22,4.18,0.0008038461538461538
890,1971-01-29,4.15,0.0007980769230769232
891,1971-02-05,3.96,0.0007615384615384615
892,1971-02-12,3.64,0.0007
893,1971-02-19,3.49,0.0006711538461538462
894,1971-02-26,3.4,0.0006538461538461539
895,1971-03-05,3.33,0.0006403846153846155
896,1971-03-12,3.24,0.0006230769230769231
897,1971-03-19,3.35,0.0006442307692307692
898,1971-03-26,3.43,0.0006596153846153847
899,1971-04-02,3.67,0.0007057692307692307
900,1971-04-09,3.9,0.00075
901,1971-04-16,3.82,0.0007346153846153846
902,1971-04-23,3.8,0.0007307692307692308
903,1971-04-30,3.93,0.0007557692307692308
904,1971-05-07,3.78,0.0007269230769230769
905,1971-05-14,4.12,0.0007923076923076923
906,1971-05-21,4.38,0.0008423076923076923
907,1971-05-28,4.34,0.0008346153846153846
908,1971-06-04,4.32,0.0008307692307692308
909,1971-06-11,4.71,0.0009057692307692308
910,1971-06-18,4.93,0.000948076923076923
911,1971-06-25,4.88,0.0009384615384615384
912,1971-07-02,5.36,0.0010307692307692307
913,1971-07-09,5.36,0.0010307692307692307
914,1971-07-16,5.5,0.0010576923076923077
915,1971-07-23,5.47,0.0010519230769230768
916,1971-07-30,5.31,0.0010211538461538461
917,1971-08-06,5.28,0.0010153846153846155
918,1971-08-13,5.15,0.0009903846153846154
919,1971-08-20,4.65,0.0008942307692307693
920,1971-08-27,4.63,0.0008903846153846154
921,1971-09-03,4.54,0.0008730769230769231
922,1971-09-10,4.68,0.0008999999999999999
923,1971-09-17,4.72,0.0009076923076923077
924,1971-09-24,4.73,0.0009096153846153847
925,1971-10-01,4.55,0.000875
926,1971-10-08,4.53,0.0008711538461538462
927,1971-10-15,4.44,0.0008538461538461539
928,1971-10-22,4.46,0.0008576923076923077
929,1971-10-29,4.31,0.0008288461538461539
930,1971-11-05,4.15,0.0007980769230769232
931,1971-11-12,4.17,0.0008019230769230769
932,1971-11-19,4.17,0.0008019230769230769
933,1971-11-26,4.4,0.0008461538461538462
934,1971-12-03,4.15,0.0007980769230769232
935,1971-12-10,4.09,0.0007865384615384616
936,1971-12-17,4.0,0.0007692307692307692
937,1971-12-24,3.83,0.0007365384615384615
938,1971-12-31,3.68,0.0007076923076923077
939,1972-01-07,3.33,0.0006403846153846155
940,1972-01-14,3.19,0.0006134615384615384
941,1972-01-21,3.43,0.0006596153846153847
942,1972-01-28,3.36,0.0006461538461538461
943,1972-02-04,3.24,0.0006230769230769231
944,1972-02-11,2.99,0.0005750000000000001
945,1972-02-18,3.1,0.0005961538461538462
946,1972-02-25,3.36,0.0006461538461538461
947,1972-03-03,3.49,0.0006711538461538462
948,1972-03-10,3.64,0.0007
949,1972-03-17,3.88,0.0007461538461538462
950,1972-03-24,3.8,0.0007307692307692308
951,1972-03-31,3.83,0.0007365384615384615
952,1972-04-07,3.8,0.0007307692307692308
953,1972-04-14,3.84,0.0007384615384615384
954,1972-04-21,3.47,0.0006673076923076923
955,1972-04-28,3.63,0.000698076923076923
956,1972-05-05,3.42,0.0006576923076923077
957,1972-05-12,3.6,0.0006923076923076924
958,1972-05-19,3.8,0.0007307692307692308
959,1972-05-26,3.75,0.0007211538461538461
960,1972-06-02,3.86,0.0007423076923076922
961,1972-06-09,3.86,0.0007423076923076922
962,1972-06-16,3.95,0.0007596153846153846
963,1972-06-23,4.0,0.0007692307692307692
964,1972-06-30,4.06,0.0007807692307692307
965,1972-07-07,4.02,0.000773076923076923
966,1972-07-14,3.95,0.0007596153846153846
967,1972-07-21,3.94,0.0007576923076923076
968,1972-07-28,3.85,0.0007403846153846154
969,1972-08-04,3.82,0.0007346153846153846
970,1972-08-11,3.84,0.0007384615384615384
971,1972-08-18,3.92,0.0007538461538461538
972,1972-08-25,4.23,0.0008134615384615385
973,1972-09-01,4.54,0.0008730769230769231
974,1972-09-08,4.73,0.0009096153846153847
975,1972-09-15,4.68,0.0008999999999999999
976,1972-09-22,4.7,0.0009038461538461538
977,1972-09-29,4.55,0.000875
978,1972-10-06,4.71,0.0009057692307692308
979,1972-10-13,4.84,0.0009307692307692308
980,1972-10-20,4.74,0.0009115384615384617
981,1972-10-27,4.72,0.0009076923076923077
982,1972-11-03,4.71,0.0009057692307692308
983,1972-11-10,4.72,0.0009076923076923077
984,1972-11-17,4.76,0.0009153846153846153
985,1972-11-24,4.85,0.0009326923076923076
986,1972-12-01,4.9,0.0009423076923076924
987,1972-12-08,5.06,0.0009730769230769231
988,1972-12-15,5.07,0.0009750000000000001
989,1972-12-22,5.12,0.0009846153846153846
990,1972-12-29,5.14,0.0009884615384615383
991,1973-01-05,5.13,0.0009865384615384614
992,1973-01-12,5.24,0.0010076923076923077
993,1973-01-19,5.56,0.0010692307692307691
994,1973-01-26,5.74,0.0011038461538461538
995,1973-02-02,5.73,0.001101923076923077
996,1973-02-09,5.44,0.0010461538461538462
997,1973-02-16,5.4,0.0010384615384615387
998,1973-02-23,5.55,0.0010673076923076923
999,1973-03-02,5.75,0.001105769230769231
1000,1973-03-09,5.84,0.001123076923076923
1001,1973-03-16,6.21,0.0011942307692307693
1002,1973-03-23,6.31,0.0012134615384615383
1003,1973-03-30,6.4,0.0012307692307692308
1004,1973-04-06,6.25,0.001201923076923077
1005,1973-04-13,6.21,0.0011942307692307693
1006,1973-04-20,6.13,0.0011788461538461538
1007,1973-04-27,6.21,0.0011942307692307693
1008,1973-05-04,6.19,0.0011903846153846155
1009,1973-05-11,6.23,0.001198076923076923
1010,1973-05-18,6.3,0.0012115384615384616
1011,1973-05-25,6.64,0.001276923076923077
1012,1973-06-01,6.97,0.0013403846153846152
1013,1973-06-08,7.0,0.0013461538461538463
1014,1973-06-15,7.18,0.0013807692307692308
1015,1973-06-22,7.24,0.0013923076923076925
1016,1973-06-29,7.52,0.001446153846153846
1017,1973-07-06,7.92,0.001523076923076923
1018,1973-07-13,7.78,0.0014961538461538463
1019,1973-07-20,8.17,0.001571153846153846
1020,1973-07-27,8.25,0.0015865384615384617
1021,1973-08-03,8.27,0.0015903846153846153
1022,1973-08-10,8.84,0.0017
1023,1973-08-17,8.72,0.001676923076923077
1024,1973-08-24,8.46,0.001626923076923077
1025,1973-08-31,8.66,0.0016653846153846152
1026,1973-09-07,8.8,0.0016923076923076924
1027,1973-09-14,8.75,0.0016826923076923076
1028,1973-09-21,7.69,0.001478846153846154
1029,1973-09-28,6.98,0.0013423076923076923
1030,1973-10-05,7.36,0.0014153846153846154
1031,1973-10-12,7.14,0.0013730769230769228
1032,1973-10-19,7.03,0.001351923076923077
1033,1973-10-26,7.18,0.0013807692307692308
1034,1973-11-02,7.66,0.001473076923076923
1035,1973-11-09,8.14,0.0015653846153846154
1036,1973-11-16,7.61,0.0014634615384615385
1037,1973-11-23,7.82,0.001503846153846154
1038,1973-11-30,7.3,0.0014038461538461537
1039,1973-12-07,7.65,0.0014711538461538462
1040,1973-12-14,7.53,0.0014480769230769232
1041,1973-12-21,7.33,0.0014096153846153846
1042,1973-12-28,7.47,0.0014365384615384615
1043,1974-01-04,7.49,0.0014403846153846155
1044,1974-01-11,7.87,0.0015134615384615386
1045,1974-01-18,7.86,0.0015115384615384615
1046,1974-01-25,7.98,0.0015346153846153847
1047,1974-02-01,7.31,0.0014057692307692308
1048,1974-02-08,7.04,0.0013538461538461538
1049,1974-02-15,7.06,0.0013576923076923076
1050,1974-02-22,7.1,0.0013653846153846153
1051,1974-03-01,7.54,0.00145
1052,1974-03-08,7.84,0.0015076923076923075
1053,1974-03-15,7.84,0.0015076923076923075
1054,1974-03-22,8.07,0.001551923076923077
1055,1974-03-29,8.28,0.0015923076923076923
1056,1974-04-05,8.65,0.0016634615384615386
1057,1974-04-12,8.24,0.0015846153846153846
1058,1974-04-19,7.81,0.001501923076923077
1059,1974-04-26,8.48,0.0016307692307692308
1060,1974-05-03,8.82,0.0016961538461538461
1061,1974-05-10,8.15,0.0015673076923076923
1062,1974-05-17,7.93,0.0015249999999999999
1063,1974-05-24,7.68,0.0014769230769230768
1064,1974-05-31,8.08,0.0015538461538461537
1065,1974-06-07,8.15,0.0015673076923076923
1066,1974-06-14,8.31,0.0015980769230769232
1067,1974-06-21,7.3,0.0014038461538461537
1068,1974-06-28,7.34,0.0014115384615384615
1069,1974-07-05,7.74,0.0014884615384615383
1070,1974-07-12,7.36,0.0014153846153846154
1071,1974-07-19,7.82,0.001503846153846154
1072,1974-07-26,7.4,0.0014230769230769232
1073,1974-08-02,8.33,0.001601923076923077
1074,1974-08-09,8.93,0.001717307692307692
1075,1974-08-16,8.74,0.001680769230769231
1076,1974-08-23,9.74,0.001873076923076923
1077,1974-08-30,8.93,0.001717307692307692
1078,1974-09-06,9.26,0.0017807692307692307
1079,1974-09-13,8.96,0.0017230769230769233
1080,1974-09-20,7.07,0.0013596153846153847
1081,1974-09-27,6.17,0.0011865384615384615
1082,1974-10-04,6.52,0.0012538461538461538
1083,1974-10-11,7.63,0.0014673076923076922
1084,1974-10-18,7.63,0.0014673076923076922
1085,1974-10-25,7.82,0.001503846153846154
1086,1974-11-01,7.78,0.0014961538461538463
1087,1974-11-08,7.58,0.0014576923076923078
1088,1974-11-15,7.32,0.0014076923076923077
1089,1974-11-22,7.4,0.0014230769230769232
1090,1974-11-29,7.47,0.0014365384615384615
1091,1974-12-06,7.42,0.001426923076923077
1092,1974-12-13,7.31,0.0014057692307692308
1093,1974-12-20,6.97,0.0013403846153846152
1094,1974-12-27,6.96,0.0013384615384615384
1095,1975-01-03,6.76,0.0013
1096,1975-01-10,6.64,0.001276923076923077
1097,1975-01-17,6.29,0.0012096153846153845
1098,1975-01-24,5.49,0.0010557692307692308
1099,1975-01-31,5.68,0.0010923076923076923
1100,1975-02-07,5.74,0.0011038461538461538
1101,1975-02-14,5.45,0.001048076923076923
1102,1975-02-21,5.16,0.0009923076923076923
1103,1975-02-28,5.4,0.0010384615384615387
1104,1975-03-07,5.58,0.0010730769230769231
1105,1975-03-14,5.38,0.0010346153846153847
1106,1975-03-21,5.4,0.0010384615384615387
1107,1975-03-28,5.49,0.0010557692307692308
1108,1975-04-04,5.68,0.0010923076923076923
1109,1975-04-11,5.56,0.0010692307692307691
1110,1975-04-18,5.44,0.0010461538461538462
1111,1975-04-25,5.63,0.0010826923076923075
1112,1975-05-02,5.31,0.0010211538461538461
1113,1975-05-09,5.38,0.0010346153846153847
1114,1975-05-16,5.06,0.0009730769230769231
1115,1975-05-23,5.21,0.001001923076923077
1116,1975-05-30,5.2,0.001
1117,1975-06-06,5.21,0.001001923076923077
1118,1975-06-13,4.94,0.0009500000000000001
1119,1975-06-20,5.7,0.001096153846153846
1120,1975-06-27,5.78,0.0011115384615384616
1121,1975-07-04,6.0,0.0011538461538461537
1122,1975-07-11,6.02,0.0011576923076923077
1123,1975-07-18,6.05,0.0011634615384615383
1124,1975-07-25,6.27,0.0012057692307692305
1125,1975-08-01,6.35,0.0012211538461538462
1126,1975-08-08,6.41,0.0012326923076923077
1127,1975-08-15,6.42,0.0012346153846153846
1128,1975-08-22,6.46,0.0012423076923076923
1129,1975-08-29,6.36,0.001223076923076923
1130,1975-09-05,6.39,0.0012288461538461537
1131,1975-09-12,6.45,0.0012403846153846154
1132,1975-09-19,6.36,0.001223076923076923
1133,1975-09-26,6.43,0.0012365384615384614
1134,1975-10-03,6.29,0.0012096153846153845
1135,1975-10-10,6.09,0.001171153846153846
1136,1975-10-17,5.89,0.0011326923076923076
1137,1975-10-24,5.66,0.0010884615384615386
1138,1975-10-31,5.51,0.0010596153846153845
1139,1975-11-07,5.38,0.0010346153846153847
1140,1975-11-14,5.45,0.001048076923076923
1141,1975-11-21,5.6,0.0010769230769230769
1142,1975-11-28,5.54,0.0010653846153846154
1143,1975-12-05,5.58,0.0010730769230769231
1144,1975-12-12,5.56,0.0010692307692307691
1145,1975-12-19,5.28,0.0010153846153846155
1146,1975-12-26,5.17,0.0009942307692307692
1147,1976-01-02,5.2,0.001
1148,1976-01-09,4.87,0.0009365384615384615
1149,1976-01-16,4.87,0.0009365384615384615
1150,1976-01-23,4.68,0.0008999999999999999
1151,1976-01-30,4.73,0.0009096153846153847
1152,1976-02-06,4.9,0.0009423076923076924
1153,1976-02-13,4.85,0.0009326923076923076
1154,1976-02-20,4.81,0.0009249999999999999
1155,1976-02-27,5.0,0.0009615384615384616
1156,1976-03-05,5.13,0.0009865384615384614
1157,1976-03-12,4.9,0.0009423076923076924
1158,1976-03-19,4.96,0.0009538461538461539
1159,1976-03-26,4.88,0.0009384615384615384
1160,1976-04-02,4.96,0.0009538461538461539
1161,1976-04-09,4.89,0.0009403846153846154
1162,1976-04-16,4.78,0.0009192307692307693
1163,1976-04-23,4.92,0.0009461538461538461
1164,1976-04-30,4.91,0.0009442307692307694
1165,1976-05-07,5.0,0.0009615384615384616
1166,1976-05-14,5.16,0.0009923076923076923
1167,1976-05-21,5.44,0.0010461538461538462
1168,1976-05-28,5.49,0.0010557692307692308
1169,1976-06-04,5.46,0.0010500000000000002
1170,1976-06-11,5.42,0.0010423076923076922
1171,1976-06-18,5.35,0.0010288461538461538
1172,1976-06-25,5.31,0.0010211538461538461
1173,1976-07-02,5.35,0.0010288461538461538
1174,1976-07-09,5.25,0.0010096153846153846
1175,1976-07-16,5.2,0.001
1176,1976-07-23,5.21,0.001001923076923077
1177,1976-07-30,5.17,0.0009942307692307692
1178,1976-08-06,5.18,0.000996153846153846
1179,1976-08-13,5.16,0.0009923076923076923
1180,1976-08-20,5.17,0.0009942307692307692
1181,1976-08-27,5.13,0.0009865384615384614
1182,1976-09-03,5.09,0.000978846153846154
1183,1976-09-10,5.11,0.000982692307692308
1184,1976-09-17,5.06,0.0009730769230769231
1185,1976-09-24,5.11,0.000982692307692308
1186,1976-10-01,5.04,0.0009692307692307692
1187,1976-10-08,4.92,0.0009461538461538461
1188,1976-10-15,4.79,0.0009211538461538461
1189,1976-10-22,4.89,0.0009403846153846154
1190,1976-10-29,4.89,0.0009403846153846154
1191,1976-11-05,4.84,0.0009307692307692308
1192,1976-11-12,4.92,0.0009461538461538461
1193,1976-11-19,4.67,0.0008980769230769231
1194,1976-11-26,4.51,0.0008673076923076923
1195,1976-12-03,4.38,0.0008423076923076923
1196,1976-12-10,4.37,0.0008403846153846155
1197,1976-12-17,4.25,0.0008173076923076924
1198,1976-12-24,4.28,0.0008230769230769231
1199,1976-12-31,4.34,0.0008346153846153846
1200,1977-01-07,4.62,0.0008884615384615384
1201,1977-01-14,4.61,0.0008865384615384616
1202,1977-01-21,4.65,0.0008942307692307693
1203,1977-01-28,4.73,0.0009096153846153847
1204,1977-02-04,4.62,0.0008884615384615384
1205,1977-02-11,4.61,0.0008865384615384616
1206,1977-02-18,4.66,0.0008961538461538462
1207,1977-02-25,4.71,0.0009057692307692308
1208,1977-03-04,4.63,0.0008903846153846154
1209,1977-03-11,4.59,0.0008826923076923076
1210,1977-03-18,4.59,0.0008826923076923076
1211,1977-03-25,4.62,0.0008884615384615384
1212,1977-04-01,4.54,0.0008730769230769231
1213,1977-04-08,4.58,0.0008807692307692308
1214,1977-04-15,4.52,0.0008692307692307692
1215,1977-04-22,4.53,0.0008711538461538462
1216,1977-04-29,4.69,0.000901923076923077
1217,1977-05-06,4.8,0.0009230769230769231
1218,1977-05-13,4.99,0.0009596153846153846
1219,1977-05-20,5.17,0.0009942307692307692
1220,1977-05-27,4.99,0.0009596153846153846
1221,1977-06-03,5.02,0.0009653846153846152
1222,1977-06-10,5.06,0.0009730769230769231
1223,1977-06-17,4.99,0.0009596153846153846
1224,1977-06-24,4.98,0.0009576923076923077
1225,1977-07-01,5.02,0.0009653846153846152
1226,1977-07-08,5.13,0.0009865384615384614
1227,1977-07-15,5.18,0.000996153846153846
1228,1977-07-22,5.17,0.0009942307692307692
1229,1977-07-29,5.4,0.0010384615384615387
1230,1977-08-05,5.34,0.0010269230769230767
1231,1977-08-12,5.51,0.0010596153846153845
1232,1977-08-19,5.48,0.001053846153846154
1233,1977-08-26,5.54,0.0010653846153846154
1234,1977-09-02,5.53,0.0010634615384615385
1235,1977-09-09,5.8,0.0011153846153846153
1236,1977-09-16,5.86,0.001126923076923077
1237,1977-09-23,5.95,0.0011442307692307693
1238,1977-09-30,5.89,0.0011326923076923076
1239,1977-10-07,6.12,0.001176923076923077
1240,1977-10-14,6.29,0.0012096153846153845
1241,1977-10-21,6.08,0.0011692307692307692
1242,1977-10-28,6.01,0.0011557692307692308
1243,1977-11-04,6.17,0.0011865384615384615
1244,1977-11-11,6.13,0.0011788461538461538
1245,1977-11-18,6.04,0.0011615384615384617
1246,1977-11-25,6.04,0.0011615384615384617
1247,1977-12-02,6.02,0.0011576923076923077
1248,1977-12-09,6.07,0.0011673076923076923
1249,1977-12-16,5.99,0.0011519230769230769
1250,1977-12-23,6.1,0.001173076923076923
1251,1977-12-30,6.13,0.0011788461538461538
1252,1978-01-06,6.25,0.001201923076923077
1253,1978-01-13,6.48,0.0012461538461538463
1254,1978-01-20,6.48,0.0012461538461538463
1255,1978-01-27,6.42,0.0012346153846153846
1256,1978-02-03,6.42,0.0012346153846153846
1257,1978-02-10,6.44,0.0012384615384615385
1258,1978-02-17,6.45,0.0012403846153846154
1259,1978-02-24,6.4,0.0012307692307692308
1260,1978-03-03,6.34,0.0012192307692307691
1261,1978-03-10,6.28,0.0012076923076923078
1262,1978-03-17,6.24,0.0012000000000000001
1263,1978-03-24,6.24,0.0012000000000000001
1264,1978-03-31,6.47,0.0012442307692307692
1265,1978-04-07,6.34,0.0012192307692307691
1266,1978-04-14,6.14,0.0011807692307692307
1267,1978-04-21,6.25,0.001201923076923077
1268,1978-04-28,6.35,0.0012211538461538462
1269,1978-05-05,6.43,0.0012365384615384614
1270,1978-05-12,6.33,0.0012173076923076922
1271,1978-05-19,6.39,0.0012288461538461537
1272,1978-05-26,6.63,0.0012749999999999999
1273,1978-06-02,6.59,0.0012673076923076924
1274,1978-06-09,6.65,0.0012788461538461538
1275,1978-06-16,6.72,0.0012923076923076922
1276,1978-06-23,6.86,0.0013192307692307694
1277,1978-06-30,7.01,0.001348076923076923
1278,1978-07-07,7.13,0.0013711538461538462
1279,1978-07-14,7.07,0.0013596153846153847
1280,1978-07-21,7.02,0.00135
1281,1978-07-28,6.74,0.0012961538461538462
1282,1978-08-04,6.78,0.001303846153846154
1283,1978-08-11,6.86,0.0013192307692307694
1284,1978-08-18,7.3,0.0014038461538461537
1285,1978-08-25,7.24,0.0013923076923076925
1286,1978-09-01,7.7,0.0014807692307692308
1287,1978-09-08,7.67,0.0014750000000000002
1288,1978-09-15,7.88,0.0015153846153846153
1289,1978-09-22,8.15,0.0015673076923076923
1290,1978-09-29,7.98,0.0015346153846153847
1291,1978-10-06,8.19,0.001575
1292,1978-10-13,7.82,0.001503846153846154
1293,1978-10-20,7.75,0.0014903846153846154
1294,1978-10-27,7.93,0.0015249999999999999
1295,1978-11-03,8.8,0.0016923076923076924
1296,1978-11-10,8.51,0.0016365384615384614
1297,1978-11-17,7.98,0.0015346153846153847
1298,1978-11-24,8.86,0.0017038461538461539
1299,1978-12-01,8.85,0.0017019230769230768
1300,1978-12-08,8.95,0.001721153846153846
1301,1978-12-15,9.08,0.0017461538461538463
1302,1978-12-22,9.37,0.0018019230769230768
1303,1978-12-29,9.26,0.0017807692307692307
1304,1979-01-05,9.34,0.0017961538461538462
1305,1979-01-12,9.35,0.001798076923076923
1306,1979-01-19,9.4,0.0018076923076923077
1307,1979-01-26,9.34,0.0017961538461538462
1308,1979-02-02,9.25,0.0017788461538461539
1309,1979-02-09,9.31,0.0017903846153846153
1310,1979-02-16,9.29,0.0017865384615384614
1311,1979-02-23,9.44,0.0018153846153846154
1312,1979-03-02,9.41,0.0018096153846153848
1313,1979-03-09,9.52,0.0018307692307692307
1314,1979-03-16,9.52,0.0018307692307692307
1315,1979-03-23,9.55,0.0018365384615384615
1316,1979-03-30,9.44,0.0018153846153846154
1317,1979-04-06,9.6,0.0018461538461538461
1318,1979-04-13,9.69,0.0018634615384615384
1319,1979-04-20,9.31,0.0017903846153846153
1320,1979-04-27,9.66,0.0018576923076923078
1321,1979-05-04,9.68,0.0018615384615384616
1322,1979-05-11,9.56,0.0018384615384615386
1323,1979-05-18,9.72,0.0018692307692307693
1324,1979-05-25,9.54,0.0018346153846153844
1325,1979-06-01,9.52,0.0018307692307692307
1326,1979-06-08,9.18,0.0017653846153846153
1327,1979-06-15,9.15,0.0017596153846153846
1328,1979-06-22,8.99,0.001728846153846154
1329,1979-06-29,8.95,0.001721153846153846
1330,1979-07-06,9.2,0.0017692307692307693
1331,1979-07-13,9.3,0.0017884615384615387
1332,1979-07-20,9.42,0.0018115384615384617
1333,1979-07-27,9.23,0.001775
1334,1979-08-03,9.38,0.001803846153846154
1335,1979-08-10,9.46,0.0018192307692307694
1336,1979-08-17,9.58,0.0018423076923076921
1337,1979-08-24,9.64,0.0018538461538461538
1338,1979-08-31,9.81,0.0018865384615384616
1339,1979-09-07,10.42,0.002003846153846154
1340,1979-09-14,10.29,0.0019788461538461535
1341,1979-09-21,10.1,0.0019423076923076922
1342,1979-09-28,10.12,0.0019461538461538462
1343,1979-10-05,10.7,0.0020576923076923077
1344,1979-10-12,11.35,0.0021826923076923074
1345,1979-10-19,12.37,0.0023788461538461537
1346,1979-10-26,11.91,0.002290384615384615
1347,1979-11-02,12.05,0.0023173076923076923
1348,1979-11-09,12.0,0.0023076923076923075
1349,1979-11-16,11.91,0.002290384615384615
1350,1979-11-23,11.34,0.002180769230769231
1351,1979-11-30,11.49,0.0022096153846153845
1352,1979-12-07,11.93,0.0022942307692307693
1353,1979-12-14,12.3,0.0023653846153846156
1354,1979-12-21,12.08,0.0023230769230769234
1355,1979-12-28,11.92,0.0022923076923076924
1356,1980-01-04,12.1,0.0023269230769230767
1357,1980-01-11,11.76,0.0022615384615384615
1358,1980-01-18,12.07,0.002321153846153846
1359,1980-01-25,12.29,0.0023634615384615382
1360,1980-02-01,12.17,0.0023403846153846153
1361,1980-02-08,12.07,0.002321153846153846
1362,1980-02-15,12.8,0.0024615384615384616
1363,1980-02-22,13.38,0.002573076923076923
1364,1980-02-29,14.01,0.002694230769230769
1365,1980-03-07,15.63,0.0030057692307692307
1366,1980-03-14,15.25,0.0029326923076923076
1367,1980-03-21,15.15,0.0029134615384615384
1368,1980-03-28,14.75,0.0028365384615384615
1369,1980-04-04,14.97,0.0028788461538461537
1370,1980-04-11,13.99,0.0026903846153846153
1371,1980-04-18,13.2,0.0025384615384615385
1372,1980-04-25,11.81,0.0022711538461538464
1373,1980-05-02,9.85,0.0018942307692307691
1374,1980-05-09,8.81,0.0016942307692307695
1375,1980-05-16,9.04,0.0017384615384615383
1376,1980-05-23,7.54,0.00145
1377,1980-05-30,7.75,0.0014903846153846154
1378,1980-06-06,7.29,0.001401923076923077
1379,1980-06-13,6.18,0.0011884615384615384
1380,1980-06-20,6.74,0.0012961538461538462
1381,1980-06-27,7.7,0.0014807692307692308
1382,1980-07-04,7.81,0.001501923076923077
1383,1980-07-11,8.17,0.001571153846153846
1384,1980-07-18,7.96,0.001530769230769231
1385,1980-07-25,8.05,0.001548076923076923
1386,1980-08-01,8.7,0.001673076923076923
1387,1980-08-08,8.62,0.0016576923076923077
1388,1980-08-15,8.54,0.001642307692307692
1389,1980-08-22,9.54,0.0018346153846153844
1390,1980-08-29,9.96,0.0019153846153846155
1391,1980-09-05,9.77,0.0018788461538461537
1392,1980-09-12,10.22,0.001965384615384616
1393,1980-09-19,10.03,0.0019288461538461538
1394,1980-09-26,10.82,0.0020807692307692307
1395,1980-10-03,11.33,0.0021788461538461536
1396,1980-10-10,11.25,0.0021634615384615386
1397,1980-10-17,11.2,0.0021538461538461538
1398,1980-10-24,11.74,0.0022576923076923078
1399,1980-10-31,12.71,0.0024442307692307697
1400,1980-11-07,13.04,0.0025076923076923076
1401,1980-11-14,13.39,0.0025750000000000005
1402,1980-11-21,14.32,0.0027538461538461536
1403,1980-11-28,14.48,0.002784615384615385
1404,1980-12-05,15.84,0.003046153846153846
1405,1980-12-12,16.55,0.003182692307692308
1406,1980-12-19,14.93,0.0028711538461538458
1407,1980-12-26,14.45,0.0027788461538461534
1408,1981-01-02,14.65,0.0028173076923076923
1409,1981-01-09,15.2,0.002923076923076923
1410,1981-01-16,15.15,0.0029134615384615384
1411,1981-01-23,15.7,0.0030192307692307693
1412,1981-01-30,14.59,0.0028057692307692306
1413,1981-02-06,15.32,0.002946153846153846
1414,1981-02-13,15.51,0.0029826923076923073
1415,1981-02-20,14.09,0.0027096153846153845
1416,1981-02-27,14.22,0.0027346153846153844
1417,1981-03-06,14.29,0.002748076923076923
1418,1981-03-13,13.21,0.0025403846153846154
1419,1981-03-20,12.36,0.002376923076923077
1420,1981-03-27,13.08,0.0025153846153846155
1421,1981-04-03,12.97,0.0024942307692307694
1422,1981-04-10,13.59,0.0026134615384615385
1423,1981-04-17,13.79,0.002651923076923077
1424,1981-04-24,14.05,0.002701923076923077
1425,1981-05-01,14.67,0.002821153846153846
1426,1981-05-08,16.48,0.0031692307692307692
1427,1981-05-15,16.55,0.003182692307692308
1428,1981-05-22,16.68,0.0032076923076923077
1429,1981-05-29,15.1,0.0029038461538461536
1430,1981-06-05,15.83,0.003044230769230769
1431,1981-06-12,14.53,0.002794230769230769
1432,1981-06-19,14.87,0.0028596153846153845
1433,1981-06-26,14.13,0.0027173076923076925
1434,1981-07-03,14.48,0.002784615384615385
1435,1981-07-10,14.75,0.0028365384615384615
1436,1981-07-17,14.43,0.0027749999999999997
1437,1981-07-24,15.08,0.0029
1438,1981-07-31,14.87,0.0028596153846153845
1439,1981-08-07,15.44,0.0029692307692307687
1440,1981-08-14,15.5,0.002980769230769231
1441,1981-08-21,15.4,0.0029615384615384616
1442,1981-08-28,15.38,0.002957692307692308
1443,1981-09-04,15.56,0.0029923076923076926
1444,1981-09-11,14.52,0.002792307692307692
1445,1981-09-18,14.34,0.002757692307692308
1446,1981-09-25,14.3,0.0027500000000000003
1447,1981-10-02,14.65,0.0028173076923076923
1448,1981-10-09,13.33,0.0025634615384615383
1449,1981-10-16,13.52,0.0026
1450,1981-10-23,13.24,0.002546153846153846
1451,1981-10-30,12.75,0.002451923076923077
1452,1981-11-06,11.68,0.002246153846153846
1453,1981-11-13,10.78,0.002073076923076923
1454,1981-11-20,10.11,0.001944230769230769
1455,1981-11-27,10.17,0.0019557692307692305
1456,1981-12-04,9.94,0.0019115384615384613
1457,1981-12-11,10.82,0.0020807692307692307
1458,1981-12-18,10.87,0.002090384615384615
1459,1981-12-25,11.1,0.0021346153846153845
1460,1982-01-01,11.08,0.002130769230769231
1461,1982-01-08,11.52,0.002215384615384615
1462,1982-01-15,12.21,0.002348076923076923
1463,1982-01-22,13.02,0.0025038461538461534
1464,1982-01-29,12.52,0.0024076923076923077
1465,1982-02-05,13.63,0.0026211538461538464
1466,1982-02-12,14.19,0.0027288461538461537
1467,1982-02-19,13.49,0.0025942307692307692
1468,1982-02-26,12.44,0.0023923076923076923
1469,1982-03-05,12.19,0.002344230769230769
1470,1982-03-12,12.81,0.0024634615384615385
1471,1982-03-19,13.04,0.0025076923076923076
1472,1982-03-26,13.0,0.0025
1473,1982-04-02,13.26,0.0025499999999999997
1474,1982-04-09,13.03,0.0025057692307692307
1475,1982-04-16,12.64,0.002430769230769231
1476,1982-04-23,12.39,0.002382692307692308
1477,1982-04-30,12.34,0.002373076923076923
1478,1982-05-07,12.25,0.0023557692307692307
1479,1982-05-14,12.36,0.002376923076923077
1480,1982-05-21,11.51,0.0022134615384615383
1481,1982-05-28,11.5,0.002211538461538462
1482,1982-06-04,12.22,0.00235
1483,1982-06-11,11.99,0.002305769230769231
1484,1982-06-18,12.73,0.002448076923076923
1485,1982-06-25,13.19,0.002536538461538461
1486,1982-07-02,12.59,0.0024211538461538463
1487,1982-07-09,11.77,0.0022634615384615384
1488,1982-07-16,11.21,0.002155769230769231
1489,1982-07-23,10.33,0.0019865384615384615
1490,1982-07-30,10.17,0.0019557692307692305
1491,1982-08-06,10.31,0.0019826923076923077
1492,1982-08-13,9.25,0.0017788461538461539
1493,1982-08-20,7.08,0.0013615384615384616
1494,1982-08-27,7.84,0.0015076923076923075
1495,1982-09-03,8.17,0.001571153846153846
1496,1982-09-10,8.37,0.0016096153846153845
1497,1982-09-17,7.96,0.001530769230769231
1498,1982-09-24,7.6,0.0014615384615384616
1499,1982-10-01,7.35,0.0014134615384615383
1500,1982-10-08,7.75,0.0014903846153846154
1501,1982-10-15,7.56,0.0014538461538461539
1502,1982-10-22,7.64,0.0014692307692307691
1503,1982-10-29,7.9,0.0015192307692307692
1504,1982-11-05,7.78,0.0014961538461538463
1505,1982-11-12,8.28,0.0015923076923076923
1506,1982-11-19,8.1,0.0015576923076923077
1507,1982-11-26,7.93,0.0015249999999999999
1508,1982-12-03,7.84,0.0015076923076923075
1509,1982-12-10,8.04,0.001546153846153846
1510,1982-12-17,7.87,0.0015134615384615386
1511,1982-12-24,7.92,0.001523076923076923
1512,1982-12-31,7.92,0.001523076923076923
1513,1983-01-07,7.76,0.0014923076923076923
1514,1983-01-14,7.55,0.0014519230769230768
1515,1983-01-21,8.03,0.001544230769230769
1516,1983-01-28,8.0,0.0015384615384615385
1517,1983-02-04,8.25,0.0015865384615384617
1518,1983-02-11,8.14,0.0015653846153846154
1519,1983-02-18,7.99,0.0015365384615384616
1520,1983-02-25,7.82,0.001503846153846154
1521,1983-03-04,8.01,0.0015403846153846156
1522,1983-03-11,8.27,0.0015903846153846153
1523,1983-03-18,8.44,0.0016230769230769228
1524,1983-03-25,8.65,0.0016634615384615386
1525,1983-04-01,8.64,0.0016615384615384617
1526,1983-04-08,8.33,0.001601923076923077
1527,1983-04-15,8.14,0.0015653846153846154
1528,1983-04-22,8.15,0.0015673076923076923
1529,1983-04-29,8.08,0.0015538461538461537
1530,1983-05-06,7.98,0.0015346153846153847
1531,1983-05-13,8.02,0.0015423076923076922
1532,1983-05-20,8.18,0.0015730769230769231
1533,1983-05-27,8.48,0.0016307692307692308
1534,1983-06-03,8.55,0.0016442307692307694
1535,1983-06-10,8.78,0.0016884615384615382
1536,1983-06-17,8.69,0.001671153846153846
1537,1983-06-24,9.04,0.0017384615384615383
1538,1983-07-01,8.73,0.0016788461538461538
1539,1983-07-08,9.12,0.0017538461538461536
1540,1983-07-15,9.14,0.0017576923076923078
1541,1983-07-22,9.09,0.001748076923076923
1542,1983-07-29,9.22,0.0017730769230769232
1543,1983-08-05,9.45,0.001817307692307692
1544,1983-08-12,9.49,0.001825
1545,1983-08-19,9.31,0.0017903846153846153
1546,1983-08-26,9.16,0.0017615384615384615
1547,1983-09-02,9.27,0.0017826923076923076
1548,1983-09-09,9.13,0.0017557692307692309
1549,1983-09-16,9.07,0.0017442307692307692
1550,1983-09-23,8.88,0.0017076923076923079
1551,1983-09-30,8.71,0.0016750000000000003
1552,1983-10-07,8.6,0.0016538461538461537
1553,1983-10-14,8.77,0.0016865384615384615
1554,1983-10-21,8.54,0.001642307692307692
1555,1983-10-28,8.63,0.0016596153846153846
1556,1983-11-04,8.81,0.0016942307692307695
1557,1983-11-11,8.76,0.0016846153846153847
1558,1983-11-18,8.85,0.0017019230769230768
1559,1983-11-25,8.78,0.0016884615384615382
1560,1983-12-02,8.93,0.001717307692307692
1561,1983-12-09,9.0,0.0017307692307692306
1562,1983-12-16,9.11,0.001751923076923077
1563,1983-12-23,8.96,0.0017230769230769233
1564,1983-12-30,8.97,0.001725
1565,1984-01-06,8.87,0.0017057692307692305
1566,1984-01-13,8.74,0.001680769230769231
1567,1984-01-20,8.97,0.001725
1568,1984-01-27,8.91,0.0017134615384615385
1569,1984-02-03,8.96,0.0017230769230769233
1570,1984-02-10,9.06,0.0017423076923076923
1571,1984-02-17,9.17,0.0017634615384615386
1572,1984-02-24,9.18,0.0017653846153846153
1573,1984-03-02,9.16,0.0017615384615384615
1574,1984-03-09,9.35,0.001798076923076923
1575,1984-03-16,9.5,0.001826923076923077
1576,1984-03-23,9.77,0.0018788461538461537
1577,1984-03-30,9.72,0.0018692307692307693
1578,1984-04-06,9.68,0.0018615384615384616
1579,1984-04-13,9.74,0.001873076923076923
1580,1984-04-20,9.73,0.0018711538461538462
1581,1984-04-27,9.71,0.0018673076923076924
1582,1984-05-04,9.87,0.001898076923076923
1583,1984-05-11,10.01,0.0019249999999999998
1584,1984-05-18,9.81,0.0018865384615384616
1585,1984-05-25,9.58,0.0018423076923076921
1586,1984-06-01,9.8,0.0018846153846153848
1587,1984-06-08,9.87,0.001898076923076923
1588,1984-06-15,9.88,0.0019000000000000002
1589,1984-06-22,9.84,0.0018923076923076923
1590,1984-06-29,9.92,0.0019076923076923077
1591,1984-07-06,10.0,0.0019230769230769232
1592,1984-07-13,9.96,0.0019153846153846155
1593,1984-07-20,10.15,0.001951923076923077
1594,1984-07-27,10.28,0.0019769230769230766
1595,1984-08-03,10.46,0.0020115384615384617
1596,1984-08-10,10.43,0.0020057692307692307
1597,1984-08-17,10.33,0.0019865384615384615
1598,1984-08-24,10.48,0.0020153846153846155
1599,1984-08-31,10.63,0.0020442307692307695
1600,1984-09-07,10.55,0.002028846153846154
1601,1984-09-14,10.37,0.001994230769230769
1602,1984-09-21,10.25,0.001971153846153846
1603,1984-09-28,10.22,0.001965384615384616
1604,1984-10-05,10.14,0.0019500000000000001
1605,1984-10-12,9.9,0.001903846153846154
1606,1984-10-19,9.56,0.0018384615384615386
1607,1984-10-26,9.34,0.0017961538461538462
1608,1984-11-02,9.0,0.0017307692307692306
1609,1984-11-09,8.64,0.0016615384615384617
1610,1984-11-16,8.59,0.001651923076923077
1611,1984-11-23,8.44,0.0016230769230769228
1612,1984-11-30,8.44,0.0016230769230769228
1613,1984-12-07,8.35,0.0016057692307692305
1614,1984-12-14,8.11,0.0015596153846153846
1615,1984-12-21,7.77,0.001494230769230769
1616,1984-12-28,7.74,0.0014884615384615383
1617,1985-01-04,7.82,0.001503846153846154
1618,1985-01-11,7.76,0.0014923076923076923
1619,1985-01-18,7.74,0.0014884615384615383
1620,1985-01-25,7.64,0.0014692307692307691
1621,1985-02-01,8.19,0.001575
1622,1985-02-08,8.23,0.0015826923076923077
1623,1985-02-15,8.19,0.001575
1624,1985-02-22,8.39,0.0016134615384615384
1625,1985-03-01,8.66,0.0016653846153846152
1626,1985-03-08,8.58,0.00165
1627,1985-03-15,8.41,0.0016173076923076924
1628,1985-03-22,8.51,0.0016365384615384614
1629,1985-03-29,8.18,0.0015730769230769231
1630,1985-04-05,8.13,0.0015634615384615387
1631,1985-04-12,8.05,0.001548076923076923
1632,1985-04-19,7.79,0.001498076923076923
1633,1985-04-26,7.81,0.001501923076923077
1634,1985-05-03,7.72,0.0014846153846153844
1635,1985-05-10,7.73,0.0014865384615384617
1636,1985-05-17,7.4,0.0014230769230769232
1637,1985-05-24,7.18,0.0013807692307692308
1638,1985-05-31,7.14,0.0013730769230769228
1639,1985-06-07,7.15,0.0013750000000000001
1640,1985-06-14,6.7,0.0012884615384615385
1641,1985-06-21,7.04,0.0013538461538461538
1642,1985-06-28,6.83,0.0013134615384615385
1643,1985-07-05,6.77,0.0013019230769230768
1644,1985-07-12,7.09,0.0013634615384615387
1645,1985-07-19,7.16,0.0013769230769230768
1646,1985-07-26,7.19,0.0013826923076923079
1647,1985-08-02,7.31,0.0014057692307692308
1648,1985-08-09,7.16,0.0013769230769230768
1649,1985-08-16,7.11,0.0013673076923076922
1650,1985-08-23,7.04,0.0013538461538461538
1651,1985-08-30,7.14,0.0013730769230769228
1652,1985-09-06,7.26,0.001396153846153846
1653,1985-09-13,7.21,0.0013865384615384614
1654,1985-09-20,7.01,0.001348076923076923
1655,1985-09-27,6.94,0.0013346153846153846
1656,1985-10-04,6.99,0.0013442307692307692
1657,1985-10-11,7.19,0.0013826923076923079
1658,1985-10-18,7.2,0.0013846153846153847
1659,1985-10-25,7.24,0.0013923076923076925
1660,1985-11-01,7.2,0.0013846153846153847
1661,1985-11-08,7.23,0.0013903846153846154
1662,1985-11-15,7.35,0.0014134615384615383
1663,1985-11-22,7.23,0.0013903846153846154
1664,1985-11-29,7.16,0.0013769230769230768
1665,1985-12-06,7.25,0.0013942307692307691
1666,1985-12-13,6.98,0.0013423076923076923
1667,1985-12-20,7.05,0.0013557692307692307
1668,1985-12-27,6.96,0.0013384615384615384
1669,1986-01-03,7.07,0.0013596153846153847
1670,1986-01-10,7.21,0.0013865384615384614
1671,1986-01-17,7.11,0.0013673076923076922
1672,1986-01-24,6.97,0.0013403846153846152
1673,1986-01-31,6.97,0.0013403846153846152
1674,1986-02-07,7.21,0.0013865384615384614
1675,1986-02-14,7.02,0.00135
1676,1986-02-21,6.98,0.0013423076923076923
1677,1986-02-28,7.02,0.00135
1678,1986-03-07,6.61,0.0012711538461538463
1679,1986-03-14,6.54,0.0012576923076923078
1680,1986-03-21,6.41,0.0012326923076923077
1681,1986-03-28,6.34,0.0012192307692307691
1682,1986-04-04,6.23,0.001198076923076923
1683,1986-04-11,5.96,0.0011461538461538462
1684,1986-04-18,5.87,0.0011288461538461539
1685,1986-04-25,6.14,0.0011807692307692307
1686,1986-05-02,6.15,0.0011826923076923078
1687,1986-05-09,6.05,0.0011634615384615383
1688,1986-05-16,6.21,0.0011942307692307693
1689,1986-05-23,6.18,0.0011884615384615384
1690,1986-05-30,6.3,0.0012115384615384616
1691,1986-06-06,6.32,0.0012153846153846156
1692,1986-06-13,6.17,0.0011865384615384615
1693,1986-06-20,6.1,0.001173076923076923
1694,1986-06-27,6.02,0.0011576923076923077
1695,1986-07-04,5.91,0.0011365384615384616
1696,1986-07-11,5.75,0.001105769230769231
1697,1986-07-18,5.71,0.001098076923076923
1698,1986-07-25,5.81,0.0011173076923076922
1699,1986-08-01,5.77,0.0011096153846153845
1700,1986-08-08,5.7,0.001096153846153846
1701,1986-08-15,5.56,0.0010692307692307691
1702,1986-08-22,5.36,0.0010307692307692307
1703,1986-08-29,5.17,0.0009942307692307692
1704,1986-09-05,5.23,0.0010057692307692309
1705,1986-09-12,5.17,0.0009942307692307692
1706,1986-09-19,5.25,0.0010096153846153846
1707,1986-09-26,5.24,0.0010076923076923077
1708,1986-10-03,5.09,0.000978846153846154
1709,1986-10-10,5.06,0.0009730769230769231
1710,1986-10-17,5.27,0.0010134615384615384
1711,1986-10-24,5.27,0.0010134615384615384
1712,1986-10-31,5.2,0.001
1713,1986-11-07,5.32,0.0010230769230769232
1714,1986-11-14,5.4,0.0010384615384615387
1715,1986-11-21,5.36,0.0010307692307692307
1716,1986-11-28,5.39,0.0010365384615384616
1717,1986-12-05,5.44,0.0010461538461538462
1718,1986-12-12,5.49,0.0010557692307692308
1719,1986-12-19,5.51,0.0010596153846153845
1720,1986-12-26,5.57,0.0010711538461538462
1721,1987-01-02,5.55,0.0010673076923076923
1722,1987-01-09,5.38,0.0010346153846153847
1723,1987-01-16,5.33,0.001025
1724,1987-01-23,5.4,0.0010384615384615387
1725,1987-01-30,5.6,0.0010769230769230769
1726,1987-02-06,5.66,0.0010884615384615386
1727,1987-02-13,5.65,0.0010865384615384615
1728,1987-02-20,5.43,0.001044230769230769
1729,1987-02-27,5.45,0.001048076923076923
1730,1987-03-06,5.64,0.0010846153846153846
1731,1987-03-13,5.62,0.0010807692307692309
1732,1987-03-20,5.52,0.0010615384615384614
1733,1987-03-27,5.63,0.0010826923076923075
1734,1987-04-03,5.5,0.0010576923076923077
1735,1987-04-10,5.85,0.001125
1736,1987-04-17,5.56,0.0010692307692307691
1737,1987-04-24,5.76,0.0011076923076923076
1738,1987-05-01,5.6,0.0010769230769230769
1739,1987-05-08,5.53,0.0010634615384615385
1740,1987-05-15,5.95,0.0011442307692307693
1741,1987-05-22,5.55,0.0010673076923076923
1742,1987-05-29,5.68,0.0010923076923076923
1743,1987-06-05,5.68,0.0010923076923076923
1744,1987-06-12,5.55,0.0010673076923076923
1745,1987-06-19,5.66,0.0010884615384615386
1746,1987-06-26,5.78,0.0011115384615384616
1747,1987-07-03,5.66,0.0010884615384615386
1748,1987-07-10,5.59,0.001075
1749,1987-07-17,5.56,0.0010692307692307691
1750,1987-07-24,5.75,0.001105769230769231
1751,1987-07-31,6.07,0.0011673076923076923
1752,1987-08-07,5.85,0.001125
1753,1987-08-14,5.96,0.0011461538461538462
1754,1987-08-21,6.1,0.001173076923076923
1755,1987-08-28,6.31,0.0012134615384615383
1756,1987-09-04,6.38,0.0012269230769230768
1757,1987-09-11,6.35,0.0012211538461538462
1758,1987-09-18,6.42,0.0012346153846153846
1759,1987-09-25,6.5,0.00125
1760,1987-10-02,6.66,0.001280769230769231
1761,1987-10-09,6.75,0.001298076923076923
1762,1987-10-16,6.93,0.0013326923076923077
1763,1987-10-23,5.29,0.0010173076923076924
1764,1987-10-30,5.27,0.0010134615384615384
1765,1987-11-06,5.73,0.001101923076923077
1766,1987-11-13,5.91,0.0011365384615384616
1767,1987-11-20,5.72,0.0011
1768,1987-11-27,5.63,0.0010826923076923075
1769,1987-12-04,5.43,0.001044230769230769
1770,1987-12-11,5.86,0.001126923076923077
1771,1987-12-18,5.87,0.0011288461538461539
1772,1987-12-25,5.74,0.0011038461538461538
1773,1988-01-01,5.68,0.0010923076923076923
1774,1988-01-08,5.87,0.0011288461538461539
1775,1988-01-15,5.88,0.0011307692307692308
1776,1988-01-22,5.81,0.0011173076923076922
1777,1988-01-29,5.64,0.0010846153846153846
1778,1988-02-05,5.64,0.0010846153846153846
1779,1988-02-12,5.75,0.001105769230769231
1780,1988-02-19,5.68,0.0010923076923076923
1781,1988-02-26,5.59,0.001075
1782,1988-03-04,5.71,0.001098076923076923
1783,1988-03-11,5.73,0.001101923076923077
1784,1988-03-18,5.66,0.0010884615384615386
1785,1988-03-25,5.7,0.001096153846153846
1786,1988-04-01,5.71,0.001098076923076923
1787,1988-04-08,6.02,0.0011576923076923077
1788,1988-04-15,5.88,0.0011307692307692308
1789,1988-04-22,5.83,0.0011211538461538462
1790,1988-04-29,5.98,0.0011500000000000002
1791,1988-05-06,6.29,0.0012096153846153845
1792,1988-05-13,6.18,0.0011884615384615384
1793,1988-05-20,6.24,0.0012000000000000001
1794,1988-05-27,6.44,0.0012384615384615385
1795,1988-06-03,6.46,0.0012423076923076923
1796,1988-06-10,6.45,0.0012403846153846154
1797,1988-06-17,6.37,0.0012250000000000002
1798,1988-06-24,6.51,0.0012519230769230767
1799,1988-07-01,6.55,0.0012596153846153846
1800,1988-07-08,6.66,0.001280769230769231
1801,1988-07-15,6.72,0.0012923076923076922
1802,1988-07-22,6.74,0.0012961538461538462
1803,1988-07-29,6.95,0.0013365384615384617
1804,1988-08-05,6.92,0.0013307692307692306
1805,1988-08-12,7.01,0.001348076923076923
1806,1988-08-19,7.06,0.0013576923076923076
1807,1988-08-26,7.33,0.0014096153846153846
1808,1988-09-02,7.22,0.0013884615384615385
1809,1988-09-09,7.28,0.0014
1810,1988-09-16,7.15,0.0013750000000000001
1811,1988-09-23,7.23,0.0013903846153846154
1812,1988-09-30,7.25,0.0013942307692307691
1813,1988-10-07,7.27,0.001398076923076923
1814,1988-10-14,7.32,0.0014076923076923077
1815,1988-10-21,7.44,0.001430769230769231
1816,1988-10-28,7.37,0.0014173076923076923
1817,1988-11-04,7.45,0.0014326923076923076
1818,1988-11-11,7.64,0.0014692307692307691
1819,1988-11-18,7.94,0.001526923076923077
1820,1988-11-25,8.03,0.001544230769230769
1821,1988-12-02,8.07,0.001551923076923077
1822,1988-12-09,7.88,0.0015153846153846153
1823,1988-12-16,8.16,0.0015692307692307694
1824,1988-12-23,8.05,0.001548076923076923
1825,1988-12-30,8.1,0.0015576923076923077
1826,1989-01-06,8.29,0.001594230769230769
1827,1989-01-13,8.21,0.001578846153846154
1828,1989-01-20,8.24,0.0015846153846153846
1829,1989-01-27,8.33,0.001601923076923077
1830,1989-02-03,8.48,0.0016307692307692308
1831,1989-02-10,8.55,0.0016442307692307694
1832,1989-02-17,8.48,0.0016307692307692308
1833,1989-02-24,8.65,0.0016634615384615386
1834,1989-03-03,8.63,0.0016596153846153846
1835,1989-03-10,8.74,0.001680769230769231
1836,1989-03-17,8.85,0.0017019230769230768
1837,1989-03-24,9.04,0.0017384615384615383
1838,1989-03-31,8.9,0.0017115384615384618
1839,1989-04-07,8.8,0.0016923076923076924
1840,1989-04-14,8.61,0.0016557692307692306
1841,1989-04-21,8.64,0.0016615384615384617
1842,1989-04-28,8.41,0.0016173076923076924
1843,1989-05-05,8.43,0.0016211538461538462
1844,1989-05-12,8.21,0.001578846153846154
1845,1989-05-19,8.35,0.0016057692307692305
1846,1989-05-26,8.52,0.0016384615384615385
1847,1989-06-02,8.36,0.0016076923076923076
1848,1989-06-09,8.22,0.0015807692307692309
1849,1989-06-16,8.14,0.0015653846153846154
1850,1989-06-23,8.05,0.001548076923076923
1851,1989-06-30,7.99,0.0015365384615384616
1852,1989-07-07,7.73,0.0014865384615384617
1853,1989-07-14,7.84,0.0015076923076923075
1854,1989-07-21,8.12,0.0015615384615384614
1855,1989-07-28,7.86,0.0015115384615384615
1856,1989-08-04,7.87,0.0015134615384615386
1857,1989-08-11,7.96,0.001530769230769231
1858,1989-08-18,7.86,0.0015115384615384615
1859,1989-08-25,7.96,0.001530769230769231
1860,1989-09-01,7.86,0.0015115384615384615
1861,1989-09-08,7.78,0.0014961538461538463
1862,1989-09-15,7.53,0.0014480769230769232
1863,1989-09-22,7.76,0.0014923076923076923
1864,1989-09-29,7.91,0.0015211538461538461
1865,1989-10-06,7.58,0.0014576923076923078
1866,1989-10-13,7.61,0.0014634615384615385
1867,1989-10-20,7.55,0.0014519230769230768
1868,1989-10-27,7.76,0.0014923076923076923
1869,1989-11-03,7.84,0.0015076923076923075
1870,1989-11-10,7.71,0.0014826923076923077
1871,1989-11-17,7.68,0.0014769230769230768
1872,1989-11-24,7.51,0.0014442307692307693
1873,1989-12-01,7.53,0.0014480769230769232
1874,1989-12-08,7.61,0.0014634615384615385
1875,1989-12-15,7.62,0.0014653846153846154
1876,1989-12-22,7.59,0.0014596153846153845
1877,1989-12-29,7.55,0.0014519230769230768
1878,1990-01-05,7.54,0.00145
1879,1990-01-12,7.5,0.0014423076923076922
1880,1990-01-19,7.74,0.0014884615384615383
1881,1990-01-26,7.68,0.0014769230769230768
1882,1990-02-02,7.81,0.001501923076923077
1883,1990-02-09,7.76,0.0014923076923076923
1884,1990-02-16,7.69,0.001478846153846154
1885,1990-02-23,7.68,0.0014769230769230768
1886,1990-03-02,7.76,0.0014923076923076923
1887,1990-03-09,7.99,0.0015365384615384616
1888,1990-03-16,7.92,0.001523076923076923
1889,1990-03-23,7.88,0.0015153846153846153
1890,1990-03-30,7.8,0.0015
1891,1990-04-06,7.76,0.0014923076923076923
1892,1990-04-13,7.76,0.0014923076923076923
1893,1990-04-20,7.69,0.001478846153846154
1894,1990-04-27,7.79,0.001498076923076923
1895,1990-05-04,7.76,0.0014923076923076923
1896,1990-05-11,7.62,0.0014653846153846154
1897,1990-05-18,7.75,0.0014903846153846154
1898,1990-05-25,7.75,0.0014903846153846154
1899,1990-06-01,7.68,0.0014769230769230768
1900,1990-06-08,7.7,0.0014807692307692308
1901,1990-06-15,7.69,0.001478846153846154
1902,1990-06-22,7.78,0.0014961538461538463
1903,1990-06-29,7.74,0.0014884615384615383
1904,1990-07-06,7.75,0.0014903846153846154
1905,1990-07-13,7.6,0.0014615384615384616
1906,1990-07-20,7.54,0.00145
1907,1990-07-27,7.52,0.001446153846153846
1908,1990-08-03,7.29,0.001401923076923077
1909,1990-08-10,7.4,0.0014230769230769232
1910,1990-08-17,7.47,0.0014365384615384615
1911,1990-08-24,7.49,0.0014403846153846155
1912,1990-08-31,7.39,0.001421153846153846
1913,1990-09-07,7.39,0.001421153846153846
1914,1990-09-14,7.35,0.0014134615384615383
1915,1990-09-21,7.36,0.0014153846153846154
1916,1990-09-28,7.14,0.0013730769230769228
1917,1990-10-05,7.04,0.0013538461538461538
1918,1990-10-12,7.14,0.0013730769230769228
1919,1990-10-19,7.25,0.0013942307692307691
1920,1990-10-26,7.13,0.0013711538461538462
1921,1990-11-02,7.08,0.0013615384615384616
1922,1990-11-09,7.05,0.0013557692307692307
1923,1990-11-16,7.08,0.0013615384615384616
1924,1990-11-23,7.03,0.001351923076923077
1925,1990-11-30,7.02,0.00135
1926,1990-12-07,6.89,0.001325
1927,1990-12-14,6.85,0.001317307692307692
1928,1990-12-21,6.59,0.0012673076923076924
1929,1990-12-28,6.45,0.0012403846153846154
1930,1991-01-04,6.53,0.0012557692307692307
1931,1991-01-11,6.16,0.0011846153846153847
1932,1991-01-18,6.07,0.0011673076923076923
1933,1991-01-25,6.17,0.0011865384615384615
1934,1991-02-01,6.0,0.0011538461538461537
1935,1991-02-08,5.92,0.0011384615384615385
1936,1991-02-15,5.91,0.0011365384615384616
1937,1991-02-22,5.95,0.0011442307692307693
1938,1991-03-01,6.09,0.001171153846153846
1939,1991-03-08,5.97,0.001148076923076923
1940,1991-03-15,5.8,0.0011153846153846153
1941,1991-03-22,5.87,0.0011288461538461539
1942,1991-03-29,5.74,0.0011038461538461538
1943,1991-04-05,5.71,0.001098076923076923
1944,1991-04-12,5.51,0.0010596153846153845
1945,1991-04-19,5.75,0.001105769230769231
1946,1991-04-26,5.62,0.0010807692307692309
1947,1991-05-03,5.47,0.0010519230769230768
1948,1991-05-10,5.48,0.001053846153846154
1949,1991-05-17,5.4,0.0010384615384615387
1950,1991-05-24,5.4,0.0010384615384615387
1951,1991-05-31,5.53,0.0010634615384615385
1952,1991-06-07,5.56,0.0010692307692307691
1953,1991-06-14,5.59,0.001075
1954,1991-06-21,5.57,0.0010711538461538462
1955,1991-06-28,5.54,0.0010653846153846154
1956,1991-07-05,5.58,0.0010730769230769231
1957,1991-07-12,5.55,0.0010673076923076923
1958,1991-07-19,5.58,0.0010730769230769231
1959,1991-07-26,5.58,0.0010730769230769231
1960,1991-08-02,5.46,0.0010500000000000002
1961,1991-08-09,5.32,0.0010230769230769232
1962,1991-08-16,5.26,0.0010115384615384615
1963,1991-08-23,5.39,0.0010365384615384616
1964,1991-08-30,5.33,0.001025
1965,1991-09-06,5.29,0.0010173076923076924
1966,1991-09-13,5.16,0.0009923076923076923
1967,1991-09-20,5.19,0.0009980769230769231
1968,1991-09-27,5.13,0.0009865384615384614
1969,1991-10-04,5.02,0.0009653846153846152
1970,1991-10-11,4.99,0.0009596153846153846
1971,1991-10-18,5.03,0.0009673076923076924
1972,1991-10-25,4.96,0.0009538461538461539
1973,1991-11-01,4.75,0.0009134615384615384
1974,1991-11-08,4.62,0.0008884615384615384
1975,1991-11-15,4.59,0.0008826923076923076
1976,1991-11-22,4.42,0.00085
1977,1991-11-29,4.35,0.0008365384615384615
1978,1991-12-06,4.24,0.0008153846153846154
1979,1991-12-13,4.15,0.0007980769230769232
1980,1991-12-20,3.74,0.0007192307692307693
1981,1991-12-27,3.86,0.0007423076923076922
1982,1992-01-03,3.85,0.0007403846153846154
1983,1992-01-10,3.82,0.0007346153846153846
1984,1992-01-17,3.79,0.0007288461538461539
1985,1992-01-24,3.81,0.0007326923076923077
1986,1992-01-31,3.84,0.0007384615384615384
1987,1992-02-07,3.74,0.0007192307692307693
1988,1992-02-14,3.79,0.0007288461538461539
1989,1992-02-21,3.93,0.0007557692307692308
1990,1992-02-28,3.93,0.0007557692307692308
1991,1992-03-06,4.04,0.0007769230769230769
1992,1992-03-13,4.06,0.0007807692307692307
1993,1992-03-20,4.06,0.0007807692307692307
1994,1992-03-27,4.01,0.0007711538461538461
1995,1992-04-03,3.96,0.0007615384615384615
1996,1992-04-10,3.65,0.0007019230769230769
1997,1992-04-17,3.65,0.0007019230769230769
1998,1992-04-24,3.67,0.0007057692307692307
1999,1992-05-01,3.63,0.000698076923076923
2000,1992-05-08,3.63,0.000698076923076923
2001,1992-05-15,3.58,0.0006884615384615384
2002,1992-05-22,3.68,0.0007076923076923077
2003,1992-05-29,3.7,0.0007115384615384616
2004,1992-06-05,3.68,0.0007076923076923077
2005,1992-06-12,3.66,0.0007038461538461539
2006,1992-06-19,3.65,0.0007019230769230769
2007,1992-06-26,3.62,0.0006961538461538462
2008,1992-07-03,3.24,0.0006230769230769231
2009,1992-07-10,3.22,0.0006192307692307693
2010,1992-07-17,3.16,0.0006076923076923078
2011,1992-07-24,3.16,0.0006076923076923078
2012,1992-07-31,3.18,0.0006115384615384615
2013,1992-08-07,3.14,0.0006038461538461539
2014,1992-08-14,3.06,0.0005884615384615385
2015,1992-08-21,3.07,0.0005903846153846153
2016,1992-08-28,3.16,0.0006076923076923078
2017,1992-09-04,2.92,0.0005615384615384615
2018,1992-09-11,2.92,0.0005615384615384615
2019,1992-09-18,2.88,0.0005538461538461538
2020,1992-09-25,2.8,0.0005384615384615384
2021,1992-10-02,2.63,0.0005057692307692308
2022,1992-10-09,2.83,0.0005442307692307693
2023,1992-10-16,2.9,0.0005576923076923077
2024,1992-10-23,2.93,0.0005634615384615385
2025,1992-10-30,2.96,0.0005692307692307692
2026,1992-11-06,3.06,0.0005884615384615385
2027,1992-11-13,3.08,0.0005923076923076923
2028,1992-11-20,3.2,0.0006153846153846154
2029,1992-11-27,3.25,0.000625
2030,1992-12-04,3.25,0.000625
2031,1992-12-11,3.25,0.000625
2032,1992-12-18,3.16,0.0006076923076923078
2033,1992-12-25,3.16,0.0006076923076923078
2034,1993-01-01,3.08,0.0005923076923076923
2035,1993-01-08,3.06,0.0005884615384615385
2036,1993-01-15,2.94,0.0005653846153846154
2037,1993-01-22,2.97,0.0005711538461538461
2038,1993-01-29,2.9,0.0005576923076923077
2039,1993-02-05,2.9,0.0005576923076923077
2040,1993-02-12,2.93,0.0005634615384615385
2041,1993-02-19,2.93,0.0005634615384615385
2042,1993-02-26,2.95,0.0005673076923076924
2043,1993-03-05,3.0,0.0005769230769230769
2044,1993-03-12,2.97,0.0005711538461538461
2045,1993-03-19,2.96,0.0005692307692307692
2046,1993-03-26,2.93,0.0005634615384615385
2047,1993-04-02,2.91,0.0005596153846153846
2048,1993-04-09,2.9,0.0005576923076923077
2049,1993-04-16,2.84,0.0005461538461538462
2050,1993-04-23,2.84,0.0005461538461538462
2051,1993-04-30,2.91,0.0005596153846153846
2052,1993-05-07,2.87,0.0005519230769230769
2053,1993-05-14,2.96,0.0005692307692307692
2054,1993-05-21,3.0,0.0005769230769230769
2055,1993-05-28,3.06,0.0005884615384615385
2056,1993-06-04,3.11,0.0005980769230769231
2057,1993-06-11,3.05,0.0005865384615384615
2058,1993-06-18,3.06,0.0005884615384615385
2059,1993-06-25,3.08,0.0005923076923076923
2060,1993-07-02,2.95,0.0005673076923076924
2061,1993-07-09,3.02,0.0005807692307692308
2062,1993-07-16,3.01,0.0005788461538461539
2063,1993-07-23,3.09,0.0005942307692307692
2064,1993-07-30,3.03,0.0005826923076923076
2065,1993-08-06,3.04,0.0005846153846153846
2066,1993-08-13,3.02,0.0005807692307692308
2067,1993-08-20,2.99,0.0005750000000000001
2068,1993-08-27,3.02,0.0005807692307692308
2069,1993-09-03,2.94,0.0005653846153846154
2070,1993-09-10,2.96,0.0005692307692307692
2071,1993-09-17,2.95,0.0005673076923076924
2072,1993-09-24,2.93,0.0005634615384615385
2073,1993-10-01,2.92,0.0005615384615384615
2074,1993-10-08,2.98,0.0005730769230769231
2075,1993-10-15,3.01,0.0005788461538461539
2076,1993-10-22,3.04,0.0005846153846153846
2077,1993-10-29,3.03,0.0005826923076923076
2078,1993-11-05,3.06,0.0005884615384615385
2079,1993-11-12,3.11,0.0005980769230769231
2080,1993-11-19,3.13,0.0006019230769230769
2081,1993-11-26,3.11,0.0005980769230769231
2082,1993-12-03,3.11,0.0005980769230769231
2083,1993-12-10,3.05,0.0005865384615384615
2084,1993-12-17,3.03,0.0005826923076923076
2085,1993-12-24,3.06,0.0005884615384615385
2086,1993-12-31,3.01,0.0005788461538461539
2087,1994-01-07,3.01,0.0005788461538461539
2088,1994-01-14,2.97,0.0005711538461538461
2089,1994-01-21,2.95,0.0005673076923076924
2090,1994-01-28,2.93,0.0005634615384615385
2091,1994-02-04,3.23,0.0006211538461538461
2092,1994-02-11,3.26,0.0006269230769230769
2093,1994-02-18,3.29,0.0006326923076923076
2094,1994-02-25,3.37,0.0006480769230769231
2095,1994-03-04,3.53,0.0006788461538461538
2096,1994-03-11,3.49,0.0006711538461538462
2097,1994-03-18,3.48,0.0006692307692307692
2098,1994-03-25,3.48,0.0006692307692307692
2099,1994-04-01,3.48,0.0006692307692307692
2100,1994-04-08,3.56,0.0006846153846153846
2101,1994-04-15,3.59,0.0006903846153846154
2102,1994-04-22,3.75,0.0007211538461538461
2103,1994-04-29,3.87,0.0007442307692307692
2104,1994-05-06,4.18,0.0008038461538461538
2105,1994-05-13,4.12,0.0007923076923076923
2106,1994-05-20,4.15,0.0007980769230769232
2107,1994-05-27,4.18,0.0008038461538461538
2108,1994-06-03,4.12,0.0007923076923076923
2109,1994-06-10,4.11,0.0007903846153846154
2110,1994-06-17,4.12,0.0007923076923076923
2111,1994-06-24,4.17,0.0008019230769230769
2112,1994-07-01,4.2,0.0008076923076923078
2113,1994-07-08,4.37,0.0008403846153846155
2114,1994-07-15,4.26,0.0008192307692307693
2115,1994-07-22,4.38,0.0008423076923076923
2116,1994-07-29,4.27,0.000821153846153846
2117,1994-08-05,4.46,0.0008576923076923077
2118,1994-08-12,4.38,0.0008423076923076923
2119,1994-08-19,4.56,0.0008769230769230768
2120,1994-08-26,4.56,0.0008769230769230768
2121,1994-09-02,4.55,0.000875
2122,1994-09-09,4.58,0.0008807692307692308
2123,1994-09-16,4.61,0.0008865384615384616
2124,1994-09-23,4.78,0.0009192307692307693
2125,1994-09-30,4.67,0.0008980769230769231
2126,1994-10-07,4.88,0.0009384615384615384
2127,1994-10-14,4.86,0.0009346153846153846
2128,1994-10-21,5.0,0.0009615384615384616
2129,1994-10-28,5.01,0.0009634615384615385
2130,1994-11-04,5.18,0.000996153846153846
2131,1994-11-11,5.23,0.0010057692307692309
2132,1994-11-18,5.34,0.0010269230769230767
2133,1994-11-25,5.29,0.0010173076923076924
2134,1994-12-02,5.63,0.0010826923076923075
2135,1994-12-09,5.66,0.0010884615384615386
2136,1994-12-16,5.56,0.0010692307692307691
2137,1994-12-23,5.53,0.0010634615384615385
2138,1994-12-30,5.53,0.0010634615384615385
2139,1995-01-06,5.74,0.0011038461538461538
2140,1995-01-13,5.57,0.0010711538461538462
2141,1995-01-20,5.75,0.001105769230769231
2142,1995-01-27,5.76,0.0011076923076923076
2143,1995-02-03,5.8,0.0011153846153846153
2144,1995-02-10,5.81,0.0011173076923076922
2145,1995-02-17,5.7,0.001096153846153846
2146,1995-02-24,5.72,0.0011
2147,1995-03-03,5.72,0.0011
2148,1995-03-10,5.77,0.0011096153846153845
2149,1995-03-17,5.74,0.0011038461538461538
2150,1995-03-24,5.67,0.0010903846153846155
2151,1995-03-31,5.7,0.001096153846153846
2152,1995-04-07,5.68,0.0010923076923076923
2153,1995-04-14,5.58,0.0010730769230769231
2154,1995-04-21,5.62,0.0010807692307692309
2155,1995-04-28,5.69,0.0010942307692307694
2156,1995-05-05,5.57,0.0010711538461538462
2157,1995-05-12,5.69,0.0010942307692307694
2158,1995-05-19,5.69,0.0010942307692307694
2159,1995-05-26,5.66,0.0010884615384615386
2160,1995-06-02,5.42,0.0010423076923076922
2161,1995-06-09,5.6,0.0010769230769230769
2162,1995-06-16,5.49,0.0010557692307692308
2163,1995-06-23,5.38,0.0010346153846153847
2164,1995-06-30,5.44,0.0010461538461538462
2165,1995-07-07,5.38,0.0010346153846153847
2166,1995-07-14,5.43,0.001044230769230769
2167,1995-07-21,5.44,0.0010461538461538462
2168,1995-07-28,5.42,0.0010423076923076922
2169,1995-08-04,5.41,0.0010403846153846153
2170,1995-08-11,5.42,0.0010423076923076922
2171,1995-08-18,5.44,0.0010461538461538462
2172,1995-08-25,5.34,0.0010269230769230767
2173,1995-09-01,5.29,0.0010173076923076924
2174,1995-09-08,5.36,0.0010307692307692307
2175,1995-09-15,5.3,0.0010192307692307692
2176,1995-09-22,5.19,0.0009980769230769231
2177,1995-09-29,5.24,0.0010076923076923077
2178,1995-10-06,5.31,0.0010211538461538461
2179,1995-10-13,5.29,0.0010173076923076924
2180,1995-10-20,5.27,0.0010134615384615384
2181,1995-10-27,5.25,0.0010096153846153846
2182,1995-11-03,5.31,0.0010211538461538461
2183,1995-11-10,5.42,0.0010423076923076922
2184,1995-11-17,5.35,0.0010288461538461538
2185,1995-11-24,5.32,0.0010230769230769232
2186,1995-12-01,5.29,0.0010173076923076924
2187,1995-12-08,5.34,0.0010269230769230767
2188,1995-12-15,5.2,0.001
2189,1995-12-22,4.9,0.0009423076923076924
2190,1995-12-29,4.96,0.0009538461538461539
2191,1996-01-05,5.03,0.0009673076923076924
2192,1996-01-12,5.05,0.0009711538461538461
2193,1996-01-19,4.96,0.0009538461538461539
2194,1996-01-26,4.97,0.0009557692307692306
2195,1996-02-02,4.85,0.0009326923076923076
2196,1996-02-09,4.79,0.0009211538461538461
2197,1996-02-16,4.76,0.0009153846153846153
2198,1996-02-23,4.83,0.0009288461538461539
2199,1996-03-01,4.86,0.0009346153846153846
2200,1996-03-08,4.88,0.0009384615384615384
2201,1996-03-15,5.01,0.0009634615384615385
2202,1996-03-22,4.97,0.0009557692307692306
2203,1996-03-29,5.0,0.0009615384615384616
2204,1996-04-05,5.02,0.0009653846153846152
2205,1996-04-12,4.94,0.0009500000000000001
2206,1996-04-19,4.88,0.0009384615384615384
2207,1996-04-26,4.98,0.0009576923076923077
2208,1996-05-03,5.0,0.0009615384615384616
2209,1996-05-10,4.99,0.0009596153846153846
2210,1996-05-17,5.01,0.0009634615384615385
2211,1996-05-24,5.04,0.0009692307692307692
2212,1996-05-31,5.04,0.0009692307692307692
2213,1996-06-07,5.12,0.0009846153846153846
2214,1996-06-14,5.07,0.0009750000000000001
2215,1996-06-21,5.12,0.0009846153846153846
2216,1996-06-28,5.04,0.0009692307692307692
2217,1996-07-05,5.16,0.0009923076923076923
2218,1996-07-12,5.14,0.0009884615384615383
2219,1996-07-19,5.14,0.0009884615384615383
2220,1996-07-26,5.15,0.0009903846153846154
2221,1996-08-02,5.07,0.0009750000000000001
2222,1996-08-09,5.01,0.0009634615384615385
2223,1996-08-16,5.04,0.0009692307692307692
2224,1996-08-23,5.01,0.0009634615384615385
2225,1996-08-30,5.15,0.0009903846153846154
2226,1996-09-06,5.19,0.0009980769230769231
2227,1996-09-13,5.07,0.0009750000000000001
2228,1996-09-20,5.15,0.0009903846153846154
2229,1996-09-27,4.91,0.0009442307692307694
2230,1996-10-04,4.88,0.0009384615384615384
2231,1996-10-11,5.0,0.0009615384615384616
2232,1996-10-18,4.98,0.0009576923076923077
2233,1996-10-25,5.0,0.0009615384615384616
2234,1996-11-01,5.03,0.0009673076923076924
2235,1996-11-08,5.04,0.0009692307692307692
2236,1996-11-15,5.02,0.0009653846153846152
2237,1996-11-22,5.04,0.0009692307692307692
2238,1996-11-29,5.0,0.0009615384615384616
2239,1996-12-06,4.9,0.0009423076923076924
2240,1996-12-13,4.8,0.0009230769230769231
2241,1996-12-20,4.89,0.0009403846153846154
2242,1996-12-27,4.98,0.0009576923076923077
2243,1997-01-03,5.04,0.0009692307692307692
2244,1997-01-10,5.04,0.0009692307692307692
2245,1997-01-17,5.01,0.0009634615384615385
2246,1997-01-24,5.03,0.0009673076923076924
2247,1997-01-31,5.02,0.0009653846153846152
2248,1997-02-07,5.01,0.0009634615384615385
2249,1997-02-14,4.97,0.0009557692307692306
2250,1997-02-21,4.96,0.0009538461538461539
2251,1997-02-28,5.09,0.000978846153846154
2252,1997-03-07,5.08,0.0009769230769230768
2253,1997-03-14,5.1,0.0009807692307692308
2254,1997-03-21,5.26,0.0010115384615384615
2255,1997-03-28,5.23,0.0010057692307692309
2256,1997-04-04,5.15,0.0009903846153846154
2257,1997-04-11,5.17,0.0009942307692307692
2258,1997-04-18,5.15,0.0009903846153846154
2259,1997-04-25,5.17,0.0009942307692307692
2260,1997-05-02,5.1,0.0009807692307692308
2261,1997-05-09,5.05,0.0009711538461538461
2262,1997-05-16,5.06,0.0009730769230769231
2263,1997-05-23,5.04,0.0009692307692307692
2264,1997-05-30,4.82,0.0009269230769230769
2265,1997-06-06,4.93,0.000948076923076923
2266,1997-06-13,4.86,0.0009346153846153846
2267,1997-06-20,4.94,0.0009500000000000001
2268,1997-06-27,5.02,0.0009653846153846152
2269,1997-07-04,5.01,0.0009634615384615385
2270,1997-07-11,5.0,0.0009615384615384616
2271,1997-07-18,5.1,0.0009807692307692308
2272,1997-07-25,5.1,0.0009807692307692308
2273,1997-08-01,5.14,0.0009884615384615383
2274,1997-08-08,5.15,0.0009903846153846154
2275,1997-08-15,5.15,0.0009903846153846154
2276,1997-08-22,5.11,0.000982692307692308
2277,1997-08-29,5.1,0.0009807692307692308
2278,1997-09-05,5.03,0.0009673076923076924
2279,1997-09-12,4.97,0.0009557692307692306
2280,1997-09-19,4.93,0.000948076923076923
2281,1997-09-26,4.86,0.0009346153846153846
2282,1997-10-03,4.9,0.0009423076923076924
2283,1997-10-10,5.0,0.0009615384615384616
2284,1997-10-17,4.92,0.0009461538461538461
2285,1997-10-24,5.01,0.0009634615384615385
2286,1997-10-31,5.07,0.0009750000000000001
2287,1997-11-07,5.17,0.0009942307692307692
2288,1997-11-14,5.13,0.0009865384615384614
2289,1997-11-21,5.11,0.000982692307692308
2290,1997-11-28,5.08,0.0009769230769230768
2291,1997-12-05,5.16,0.0009923076923076923
2292,1997-12-12,5.05,0.0009711538461538461
2293,1997-12-19,5.19,0.0009980769230769231
2294,1997-12-26,5.21,0.001001923076923077
2295,1998-01-02,5.18,0.000996153846153846
2296,1998-01-09,4.92,0.0009461538461538461
2297,1998-01-16,5.02,0.0009653846153846152
2298,1998-01-23,5.04,0.0009692307692307692
2299,1998-01-30,5.06,0.0009730769230769231
2300,1998-02-06,5.04,0.0009692307692307692
2301,1998-02-13,5.09,0.000978846153846154
2302,1998-02-20,5.08,0.0009769230769230768
2303,1998-02-27,5.18,0.000996153846153846
2304,1998-03-06,5.02,0.0009653846153846152
2305,1998-03-13,4.96,0.0009538461538461539
2306,1998-03-20,5.05,0.0009711538461538461
2307,1998-03-27,5.08,0.0009769230769230768
2308,1998-04-03,4.95,0.000951923076923077
2309,1998-04-10,4.94,0.0009500000000000001
2310,1998-04-17,4.92,0.0009461538461538461
2311,1998-04-24,4.95,0.000951923076923077
2312,1998-05-01,4.89,0.0009403846153846154
2313,1998-05-08,5.0,0.0009615384615384616
2314,1998-05-15,5.04,0.0009692307692307692
2315,1998-05-22,5.08,0.0009769230769230768
2316,1998-05-29,4.89,0.0009403846153846154
2317,1998-06-05,4.98,0.0009576923076923077
2318,1998-06-12,4.99,0.0009596153846153846
2319,1998-06-19,5.03,0.0009673076923076924
2320,1998-06-26,4.87,0.0009365384615384615
2321,1998-07-03,4.94,0.0009500000000000001
2322,1998-07-10,4.93,0.000948076923076923
2323,1998-07-17,5.01,0.0009634615384615385
2324,1998-07-24,4.95,0.000951923076923077
2325,1998-07-31,4.97,0.0009557692307692306
2326,1998-08-07,4.86,0.0009346153846153846
2327,1998-08-14,4.9,0.0009423076923076924
2328,1998-08-21,4.88,0.0009384615384615384
2329,1998-08-28,4.78,0.0009192307692307693
2330,1998-09-04,4.74,0.0009115384615384617
2331,1998-09-11,4.75,0.0009134615384615384
2332,1998-09-18,4.51,0.0008673076923076923
2333,1998-09-25,4.41,0.0008480769230769231
2334,1998-10-02,4.12,0.0007923076923076923
2335,1998-10-09,3.79,0.0007288461538461539
2336,1998-10-16,3.56,0.0006846153846153846
2337,1998-10-23,3.87,0.0007442307692307692
2338,1998-10-30,4.23,0.0008134615384615385
2339,1998-11-06,4.52,0.0008692307692307692
2340,1998-11-13,4.36,0.0008384615384615385
2341,1998-11-20,4.35,0.0008365384615384615
2342,1998-11-27,4.44,0.0008538461538461539
2343,1998-12-04,4.37,0.0008403846153846155
2344,1998-12-11,4.39,0.0008442307692307691
2345,1998-12-18,4.38,0.0008423076923076923
2346,1998-12-25,4.46,0.0008576923076923077
2347,1999-01-01,4.37,0.0008403846153846155
2348,1999-01-08,4.37,0.0008403846153846155
2349,1999-01-15,4.33,0.0008326923076923076
2350,1999-01-22,4.26,0.0008192307692307693
2351,1999-01-29,4.37,0.0008403846153846155
2352,1999-02-05,4.39,0.0008442307692307691
2353,1999-02-12,4.43,0.0008519230769230769
2354,1999-02-19,4.45,0.0008557692307692309
2355,1999-02-26,4.55,0.000875
2356,1999-03-05,4.5,0.0008653846153846153
2357,1999-03-12,4.47,0.0008596153846153846
2358,1999-03-19,4.39,0.0008442307692307691
2359,1999-03-26,4.39,0.0008442307692307691
2360,1999-04-02,4.31,0.0008288461538461539
2361,1999-04-09,4.3,0.0008269230769230769
2362,1999-04-16,4.22,0.0008115384615384614
2363,1999-04-23,4.31,0.0008288461538461539
2364,1999-04-30,4.43,0.0008519230769230769
2365,1999-05-07,4.49,0.0008634615384615385
2366,1999-05-14,4.51,0.0008673076923076923
2367,1999-05-21,4.48,0.0008615384615384617
2368,1999-05-28,4.53,0.0008711538461538462
2369,1999-06-04,4.44,0.0008538461538461539
2370,1999-06-11,4.6,0.0008846153846153846
2371,1999-06-18,4.55,0.000875
2372,1999-06-25,4.66,0.0008961538461538462
2373,1999-07-02,4.55,0.000875
2374,1999-07-09,4.56,0.0008769230769230768
2375,1999-07-16,4.55,0.000875
2376,1999-07-23,4.52,0.0008692307692307692
2377,1999-07-30,4.62,0.0008884615384615384
2378,1999-08-06,4.66,0.0008961538461538462
2379,1999-08-13,4.6,0.0008846153846153846
2380,1999-08-20,4.7,0.0009038461538461538
2381,1999-08-27,4.84,0.0009307692307692308
2382,1999-09-03,4.78,0.0009192307692307693
2383,1999-09-10,4.62,0.0008884615384615384
2384,1999-09-17,4.54,0.0008730769230769231
2385,1999-09-24,4.65,0.0008942307692307693
2386,1999-10-01,4.74,0.0009115384615384617
2387,1999-10-08,4.68,0.0008999999999999999
2388,1999-10-15,4.9,0.0009423076923076924
2389,1999-10-22,4.92,0.0009461538461538461
2390,1999-10-29,4.97,0.0009557692307692306
2391,1999-11-05,4.99,0.0009596153846153846
2392,1999-11-12,5.08,0.0009769230769230768
2393,1999-11-19,5.08,0.0009769230769230768
2394,1999-11-26,5.14,0.0009884615384615383
2395,1999-12-03,5.1,0.0009807692307692308
2396,1999-12-10,5.14,0.0009884615384615383
2397,1999-12-17,5.28,0.0010153846153846155
2398,1999-12-24,5.31,0.0010211538461538461
2399,1999-12-31,5.17,0.0009942307692307692
2400,2000-01-07,5.22,0.0010038461538461538
2401,2000-01-14,5.25,0.0010096153846153846
2402,2000-01-21,5.31,0.0010211538461538461
2403,2000-01-28,5.48,0.001053846153846154
2404,2000-02-04,5.5,0.0010576923076923077
2405,2000-02-11,5.49,0.0010557692307692308
2406,2000-02-18,5.58,0.0010730769230769231
2407,2000-02-25,5.62,0.0010807692307692309
2408,2000-03-03,5.63,0.0010826923076923075
2409,2000-03-10,5.7,0.001096153846153846
2410,2000-03-17,5.72,0.0011
2411,2000-03-24,5.74,0.0011038461538461538
2412,2000-03-31,5.72,0.0011
2413,2000-04-07,5.73,0.001101923076923077
2414,2000-04-14,5.65,0.0010865384615384615
2415,2000-04-21,5.63,0.0010826923076923075
2416,2000-04-28,5.66,0.0010884615384615386
2417,2000-05-05,5.79,0.0011134615384615384
2418,2000-05-12,5.96,0.0011461538461538462
2419,2000-05-19,5.71,0.001098076923076923
2420,2000-05-26,5.65,0.0010865384615384615
2421,2000-06-02,5.7,0.001096153846153846
2422,2000-06-09,5.75,0.001105769230769231
2423,2000-06-16,5.66,0.0010884615384615386
2424,2000-06-23,5.69,0.0010942307692307694
2425,2000-06-30,5.71,0.001098076923076923
2426,2000-07-07,5.87,0.0011288461538461539
2427,2000-07-14,5.99,0.0011519230769230769
2428,2000-07-21,5.95,0.0011442307692307693
2429,2000-07-28,6.02,0.0011576923076923077
2430,2000-08-04,6.05,0.0011634615384615383
2431,2000-08-11,6.11,0.001175
2432,2000-08-18,6.09,0.001171153846153846
2433,2000-08-25,6.13,0.0011788461538461538
2434,2000-09-01,6.09,0.001171153846153846
2435,2000-09-08,5.97,0.001148076923076923
2436,2000-09-15,5.97,0.001148076923076923
2437,2000-09-22,5.99,0.0011519230769230769
2438,2000-09-29,6.05,0.0011634615384615383
2439,2000-10-06,6.06,0.0011653846153846152
2440,2000-10-13,6.02,0.0011576923076923077
2441,2000-10-20,6.13,0.0011788461538461538
2442,2000-10-27,6.17,0.0011865384615384615
2443,2000-11-03,6.2,0.0011923076923076924
2444,2000-11-10,6.19,0.0011903846153846155
2445,2000-11-17,6.17,0.0011865384615384615
2446,2000-11-24,6.18,0.0011884615384615384
2447,2000-12-01,6.05,0.0011634615384615383
2448,2000-12-08,5.92,0.0011384615384615385
2449,2000-12-15,5.85,0.001125
2450,2000-12-22,5.13,0.0009865384615384614
2451,2000-12-29,5.73,0.001101923076923077
2452,2001-01-05,4.99,0.0009596153846153846
2453,2001-01-12,5.19,0.0009980769230769231
2454,2001-01-19,5.1,0.0009807692307692308
2455,2001-01-26,5.04,0.0009692307692307692
2456,2001-02-02,4.93,0.000948076923076923
2457,2001-02-09,4.93,0.000948076923076923
2458,2001-02-16,4.89,0.0009403846153846154
2459,2001-02-23,4.77,0.0009173076923076922
2460,2001-03-02,4.72,0.0009076923076923077
2461,2001-03-09,4.61,0.0008865384615384616
2462,2001-03-16,4.43,0.0008519230769230769
2463,2001-03-23,4.19,0.0008057692307692309
2464,2001-03-30,4.2,0.0008076923076923078
2465,2001-04-06,3.85,0.0007403846153846154
2466,2001-04-13,3.92,0.0007538461538461538
2467,2001-04-20,3.68,0.0007076923076923077
2468,2001-04-27,3.76,0.000723076923076923
2469,2001-05-04,3.65,0.0007019230769230769
2470,2001-05-11,3.69,0.0007096153846153847
2471,2001-05-18,3.53,0.0006788461538461538
2472,2001-05-25,3.58,0.0006884615384615384
2473,2001-06-01,3.59,0.0006903846153846154
2474,2001-06-08,3.56,0.0006846153846153846
2475,2001-06-15,3.44,0.0006615384615384616
2476,2001-06-22,3.37,0.0006480769230769231
2477,2001-06-29,3.57,0.0006865384615384614
2478,2001-07-06,3.55,0.0006826923076923077
2479,2001-07-13,3.54,0.0006807692307692308
2480,2001-07-20,3.45,0.0006634615384615386
2481,2001-07-27,3.47,0.0006673076923076923
2482,2001-08-03,3.44,0.0006615384615384616
2483,2001-08-10,3.36,0.0006461538461538461
2484,2001-08-17,3.29,0.0006326923076923076
2485,2001-08-24,3.35,0.0006442307692307692
2486,2001-08-31,3.3,0.0006346153846153846
2487,2001-09-07,3.2,0.0006153846153846154
2488,2001-09-14,2.59,0.000498076923076923
2489,2001-09-21,2.21,0.000425
2490,2001-09-28,2.35,0.0004519230769230769
2491,2001-10-05,2.15,0.00041346153846153844
2492,2001-10-12,2.21,0.000425
2493,2001-10-19,2.15,0.00041346153846153844
2494,2001-10-26,2.1,0.0004038461538461539
2495,2001-11-02,1.97,0.0003788461538461538
2496,2001-11-09,1.8,0.0003461538461538462
2497,2001-11-16,1.91,0.0003673076923076923
2498,2001-11-23,1.91,0.0003673076923076923
2499,2001-11-30,1.75,0.0003365384615384616
2500,2001-12-07,1.66,0.00031923076923076924
2501,2001-12-14,1.7,0.00032692307692307697
2502,2001-12-21,1.68,0.00032307692307692305
2503,2001-12-28,1.69,0.000325
2504,2002-01-04,1.69,0.000325
2505,2002-01-11,1.55,0.0002980769230769231
2506,2002-01-18,1.59,0.00030576923076923077
2507,2002-01-25,1.69,0.000325
2508,2002-02-01,1.73,0.00033269230769230766
2509,2002-02-08,1.7,0.00032692307692307697
2510,2002-02-15,1.71,0.00032884615384615385
2511,2002-02-22,1.73,0.00033269230769230766
2512,2002-03-01,1.74,0.0003346153846153846
2513,2002-03-08,1.77,0.0003403846153846154
2514,2002-03-15,1.82,0.00035
2515,2002-03-22,1.8,0.0003461538461538462
2516,2002-03-29,1.76,0.00033846153846153846
2517,2002-04-05,1.73,0.00033269230769230766
2518,2002-04-12,1.68,0.00032307692307692305
2519,2002-04-19,1.7,0.00032692307692307697
2520,2002-04-26,1.72,0.0003307692307692308
2521,2002-05-03,1.73,0.00033269230769230766
2522,2002-05-10,1.74,0.0003346153846153846
2523,2002-05-17,1.73,0.00033269230769230766
2524,2002-05-24,1.71,0.00032884615384615385
2525,2002-05-31,1.71,0.00032884615384615385
2526,2002-06-07,1.71,0.00032884615384615385
2527,2002-06-14,1.68,0.00032307692307692305
2528,2002-06-21,1.69,0.000325
2529,2002-06-28,1.67,0.0003211538461538461
2530,2002-07-05,1.69,0.000325
2531,2002-07-12,1.68,0.00032307692307692305
2532,2002-07-19,1.68,0.00032307692307692305
2533,2002-07-26,1.66,0.00031923076923076924
2534,2002-08-02,1.6,0.0003076923076923077
2535,2002-08-09,1.59,0.00030576923076923077
2536,2002-08-16,1.59,0.00030576923076923077
2537,2002-08-23,1.62,0.00031153846153846157
2538,2002-08-30,1.66,0.00031923076923076924
2539,2002-09-06,1.63,0.00031346153846153845
2540,2002-09-13,1.66,0.00031923076923076924
2541,2002-09-20,1.62,0.00031153846153846157
2542,2002-09-27,1.6,0.0003076923076923077
2543,2002-10-04,1.58,0.0003038461538461539
2544,2002-10-11,1.55,0.0002980769230769231
2545,2002-10-18,1.64,0.0003153846153846153
2546,2002-10-25,1.61,0.00030961538461538464
2547,2002-11-01,1.41,0.00027115384615384615
2548,2002-11-08,1.2,0.00023076923076923076
2549,2002-11-15,1.2,0.00023076923076923076
2550,2002-11-22,1.21,0.0002326923076923077
2551,2002-11-29,1.2,0.00023076923076923076
2552,2002-12-06,1.19,0.00022884615384615383
2553,2002-12-13,1.19,0.00022884615384615383
2554,2002-12-20,1.19,0.00022884615384615383
2555,2002-12-27,1.14,0.0002192307692307692
2556,2003-01-03,1.2,0.00023076923076923076
2557,2003-01-10,1.18,0.00022692307692307693
2558,2003-01-17,1.16,0.00022307692307692306
2559,2003-01-24,1.14,0.0002192307692307692
2560,2003-01-31,1.16,0.00022307692307692306
2561,2003-02-07,1.15,0.00022115384615384616
2562,2003-02-14,1.16,0.00022307692307692306
2563,2003-02-21,1.17,0.00022499999999999997
2564,2003-02-28,1.18,0.00022692307692307693
2565,2003-03-07,1.1,0.00021153846153846155
2566,2003-03-14,1.11,0.00021346153846153848
2567,2003-03-21,1.16,0.00022307692307692306
2568,2003-03-28,1.12,0.00021538461538461541
2569,2003-04-04,1.09,0.00020961538461538462
2570,2003-04-11,1.15,0.00022115384615384616
2571,2003-04-18,1.16,0.00022307692307692306
2572,2003-04-25,1.12,0.00021538461538461541
2573,2003-05-02,1.1,0.00021153846153846155
2574,2003-05-09,1.09,0.00020961538461538462
2575,2003-05-16,1.03,0.00019807692307692308
2576,2003-05-23,1.06,0.00020384615384615385
2577,2003-05-30,1.09,0.00020961538461538462
2578,2003-06-06,1.03,0.00019807692307692308
2579,2003-06-13,0.84,0.00016153846153846153
2580,2003-06-20,0.81,0.00015576923076923078
2581,2003-06-27,0.85,0.00016346153846153849
2582,2003-07-04,0.85,0.00016346153846153849
2583,2003-07-11,0.87,0.0001673076923076923
2584,2003-07-18,0.89,0.00017115384615384616
2585,2003-07-25,0.91,0.000175
2586,2003-08-01,0.93,0.00017884615384615386
2587,2003-08-08,0.94,0.00018076923076923074
2588,2003-08-15,0.93,0.00017884615384615386
2589,2003-08-22,0.96,0.0001846153846153846
2590,2003-08-29,0.96,0.0001846153846153846
2591,2003-09-05,0.94,0.00018076923076923074
2592,2003-09-12,0.94,0.00018076923076923074
2593,2003-09-19,0.93,0.00017884615384615386
2594,2003-09-26,0.92,0.00017692307692307693
2595,2003-10-03,0.92,0.00017692307692307693
2596,2003-10-10,0.9,0.0001730769230769231
2597,2003-10-17,0.91,0.000175
2598,2003-10-24,0.93,0.00017884615384615386
2599,2003-10-31,0.94,0.00018076923076923074
2600,2003-11-07,0.94,0.00018076923076923074
2601,2003-11-14,0.93,0.00017884615384615386
2602,2003-11-21,0.92,0.00017692307692307693
2603,2003-11-28,0.91,0.000175
2604,2003-12-05,0.9,0.0001730769230769231
2605,2003-12-12,0.89,0.00017115384615384616
2606,2003-12-19,0.86,0.0001653846153846154
2607,2003-12-26,0.85,0.00016346153846153849
2608,2004-01-02,0.91,0.000175
2609,2004-01-09,0.85,0.00016346153846153849
2610,2004-01-16,0.87,0.0001673076923076923
2611,2004-01-23,0.88,0.00016923076923076923
2612,2004-01-30,0.9,0.0001730769230769231
2613,2004-02-06,0.91,0.000175
2614,2004-02-13,0.9,0.0001730769230769231
2615,2004-02-20,0.92,0.00017692307692307693
2616,2004-02-27,0.94,0.00018076923076923074
2617,2004-03-05,0.93,0.00017884615384615386
2618,2004-03-12,0.94,0.00018076923076923074
2619,2004-03-19,0.92,0.00017692307692307693
2620,2004-03-26,0.93,0.00017884615384615386
2621,2004-04-02,0.93,0.00017884615384615386
2622,2004-04-09,0.92,0.00017692307692307693
2623,2004-04-16,0.92,0.00017692307692307693
2624,2004-04-23,0.96,0.0001846153846153846
2625,2004-04-30,0.96,0.0001846153846153846
2626,2004-05-07,1.05,0.00020192307692307694
2627,2004-05-14,0.97,0.00018653846153846154
2628,2004-05-21,1.01,0.0001942307692307692
2629,2004-05-28,1.06,0.00020384615384615385
2630,2004-06-04,1.18,0.00022692307692307693
2631,2004-06-11,1.27,0.0002442307692307692
2632,2004-06-18,1.26,0.0002423076923076923
2633,2004-06-25,1.28,0.00024615384615384614
2634,2004-07-02,1.27,0.0002442307692307692
2635,2004-07-09,1.25,0.0002403846153846154
2636,2004-07-16,1.32,0.00025384615384615387
2637,2004-07-23,1.35,0.00025961538461538467
2638,2004-07-30,1.42,0.0002730769230769231
2639,2004-08-06,1.41,0.00027115384615384615
2640,2004-08-13,1.41,0.00027115384615384615
2641,2004-08-20,1.46,0.00028076923076923076
2642,2004-08-27,1.53,0.00029423076923076923
2643,2004-09-03,1.62,0.00031153846153846157
2644,2004-09-10,1.63,0.00031346153846153845
2645,2004-09-17,1.68,0.00032307692307692305
2646,2004-09-24,1.7,0.00032692307692307697
2647,2004-10-01,1.67,0.0003211538461538461
2648,2004-10-08,1.67,0.0003211538461538461
2649,2004-10-15,1.72,0.0003307692307692308
2650,2004-10-22,1.81,0.0003480769230769231
2651,2004-10-29,1.87,0.00035961538461538466
2652,2004-11-05,1.99,0.00038269230769230774
2653,2004-11-12,2.04,0.00039230769230769234
2654,2004-11-19,2.1,0.0004038461538461539
2655,2004-11-26,2.16,0.0004153846153846154
2656,2004-12-03,2.17,0.0004173076923076923
2657,2004-12-10,2.21,0.000425
2658,2004-12-17,2.16,0.0004153846153846154
2659,2004-12-24,2.15,0.00041346153846153844
2660,2004-12-31,2.18,0.00041923076923076923
2661,2005-01-07,2.28,0.0004384615384615384
2662,2005-01-14,2.32,0.0004461538461538461
2663,2005-01-21,2.31,0.0004442307692307692
2664,2005-01-28,2.41,0.00046346153846153846
2665,2005-02-04,2.43,0.0004673076923076923
2666,2005-02-11,2.5,0.0004807692307692308
2667,2005-02-18,2.56,0.0004923076923076923
2668,2005-02-25,2.69,0.0005173076923076923
2669,2005-03-04,2.7,0.0005192307692307693
2670,2005-03-11,2.7,0.0005192307692307693
2671,2005-03-18,2.75,0.0005288461538461538
2672,2005-03-25,2.78,0.0005346153846153846
2673,2005-04-01,2.74,0.000526923076923077
2674,2005-04-08,2.73,0.0005250000000000001
2675,2005-04-15,2.73,0.0005250000000000001
2676,2005-04-22,2.87,0.0005519230769230769
2677,2005-04-29,2.84,0.0005461538461538462
2678,2005-05-06,2.8,0.0005384615384615384
2679,2005-05-13,2.76,0.0005307692307692307
2680,2005-05-20,2.83,0.0005442307692307693
2681,2005-05-27,2.9,0.0005576923076923077
2682,2005-06-03,2.94,0.0005653846153846154
2683,2005-06-10,2.94,0.0005653846153846154
2684,2005-06-17,2.92,0.0005615384615384615
2685,2005-06-24,3.02,0.0005807692307692308
2686,2005-07-01,3.1,0.0005961538461538462
2687,2005-07-08,3.1,0.0005961538461538462
2688,2005-07-15,3.18,0.0006115384615384615
2689,2005-07-22,3.3,0.0006346153846153846
2690,2005-07-29,3.34,0.0006423076923076922
2691,2005-08-05,3.44,0.0006615384615384616
2692,2005-08-12,3.44,0.0006615384615384616
2693,2005-08-19,3.44,0.0006615384615384616
2694,2005-08-26,3.47,0.0006673076923076923
2695,2005-09-02,3.38,0.00065
2696,2005-09-09,3.41,0.0006557692307692307
2697,2005-09-16,3.42,0.0006576923076923077
2698,2005-09-23,3.4,0.0006538461538461539
2699,2005-09-30,3.47,0.0006673076923076923
2700,2005-10-07,3.54,0.0006807692307692308
2701,2005-10-14,3.69,0.0007096153846153847
2702,2005-10-21,3.77,0.000725
2703,2005-10-28,3.83,0.0007365384615384615
2704,2005-11-04,3.88,0.0007461538461538462
2705,2005-11-11,3.88,0.0007461538461538462
2706,2005-11-18,3.91,0.000751923076923077
2707,2005-11-25,3.86,0.0007423076923076922
2708,2005-12-02,3.9,0.00075
2709,2005-12-09,3.85,0.0007403846153846154
2710,2005-12-16,3.84,0.0007384615384615384
2711,2005-12-23,3.9,0.00075
2712,2005-12-30,3.99,0.0007673076923076924
2713,2006-01-06,4.12,0.0007923076923076923
2714,2006-01-13,4.23,0.0008134615384615385
2715,2006-01-20,4.25,0.0008173076923076924
2716,2006-01-27,4.34,0.0008346153846153846
2717,2006-02-03,4.37,0.0008403846153846155
2718,2006-02-10,4.42,0.00085
2719,2006-02-17,4.43,0.0008519230769230769
2720,2006-02-24,4.49,0.0008634615384615385
2721,2006-03-03,4.5,0.0008653846153846153
2722,2006-03-10,4.5,0.0008653846153846153
2723,2006-03-17,4.52,0.0008692307692307692
2724,2006-03-24,4.54,0.0008730769230769231
2725,2006-03-31,4.52,0.0008692307692307692
2726,2006-04-07,4.57,0.0008788461538461539
2727,2006-04-14,4.58,0.0008807692307692308
2728,2006-04-21,4.63,0.0008903846153846154
2729,2006-04-28,4.65,0.0008942307692307693
2730,2006-05-05,4.7,0.0009038461538461538
2731,2006-05-12,4.72,0.0009076923076923077
2732,2006-05-19,4.7,0.0009038461538461538
2733,2006-05-26,4.72,0.0009076923076923077
2734,2006-06-02,4.69,0.000901923076923077
2735,2006-06-09,4.75,0.0009134615384615384
2736,2006-06-16,4.75,0.0009134615384615384
2737,2006-06-23,4.84,0.0009307692307692308
2738,2006-06-30,4.87,0.0009365384615384615
2739,2006-07-07,4.89,0.0009403846153846154
2740,2006-07-14,4.93,0.000948076923076923
2741,2006-07-21,4.96,0.0009538461538461539
2742,2006-07-28,4.94,0.0009500000000000001
2743,2006-08-04,4.96,0.0009538461538461539
2744,2006-08-11,4.94,0.0009500000000000001
2745,2006-08-18,4.97,0.0009557692307692306
2746,2006-08-25,4.98,0.0009576923076923077
2747,2006-09-01,4.89,0.0009403846153846154
2748,2006-09-08,4.8,0.0009230769230769231
2749,2006-09-15,4.83,0.0009288461538461539
2750,2006-09-22,4.8,0.0009230769230769231
2751,2006-09-29,4.77,0.0009173076923076922
2752,2006-10-06,4.82,0.0009269230769230769
2753,2006-10-13,4.92,0.0009461538461538461
2754,2006-10-20,4.96,0.0009538461538461539
2755,2006-10-27,4.98,0.0009576923076923077
2756,2006-11-03,4.96,0.0009538461538461539
2757,2006-11-10,4.97,0.0009557692307692306
2758,2006-11-17,4.96,0.0009538461538461539
2759,2006-11-24,4.91,0.0009442307692307694
2760,2006-12-01,4.9,0.0009423076923076924
2761,2006-12-08,4.84,0.0009307692307692308
2762,2006-12-15,4.79,0.0009211538461538461
2763,2006-12-22,4.86,0.0009346153846153846
2764,2006-12-29,4.89,0.0009403846153846154
2765,2007-01-05,4.92,0.0009461538461538461
2766,2007-01-12,4.96,0.0009538461538461539
2767,2007-01-19,5.01,0.0009634615384615385
2768,2007-01-26,5.0,0.0009615384615384616
2769,2007-02-02,5.01,0.0009634615384615385
2770,2007-02-09,5.02,0.0009653846153846152
2771,2007-02-16,5.04,0.0009692307692307692
2772,2007-02-23,5.05,0.0009711538461538461
2773,2007-03-02,4.98,0.0009576923076923077
2774,2007-03-09,4.96,0.0009538461538461539
2775,2007-03-16,4.9,0.0009423076923076924
2776,2007-03-23,4.94,0.0009500000000000001
2777,2007-03-30,4.9,0.0009423076923076924
2778,2007-04-06,4.91,0.0009442307692307694
2779,2007-04-13,4.88,0.0009384615384615384
2780,2007-04-20,4.85,0.0009326923076923076
2781,2007-04-27,4.81,0.0009249999999999999
2782,2007-05-04,4.76,0.0009153846153846153
2783,2007-05-11,4.73,0.0009096153846153847
2784,2007-05-18,4.7,0.0009038461538461538
2785,2007-05-25,4.75,0.0009134615384615384
2786,2007-06-01,4.66,0.0008961538461538462
2787,2007-06-08,4.64,0.0008923076923076922
2788,2007-06-15,4.43,0.0008519230769230769
2789,2007-06-22,4.59,0.0008826923076923076
2790,2007-06-29,4.68,0.0008999999999999999
2791,2007-07-06,4.81,0.0009249999999999999
2792,2007-07-13,4.83,0.0009288461538461539
2793,2007-07-20,4.83,0.0009288461538461539
2794,2007-07-27,4.72,0.0009076923076923077
2795,2007-08-03,4.72,0.0009076923076923077
2796,2007-08-10,4.44,0.0008538461538461539
2797,2007-08-17,3.65,0.0007019230769230769
2798,2007-08-24,4.13,0.0007942307692307692
2799,2007-08-31,3.91,0.000751923076923077
2800,2007-09-07,3.96,0.0007615384615384615
2801,2007-09-14,3.9,0.00075
2802,2007-09-21,3.64,0.0007
2803,2007-09-28,3.72,0.0007153846153846155
2804,2007-10-05,3.89,0.0007480769230769231
2805,2007-10-12,4.09,0.0007865384615384616
2806,2007-10-19,3.75,0.0007211538461538461
2807,2007-10-26,3.86,0.0007423076923076922
2808,2007-11-02,3.52,0.0006769230769230769
2809,2007-11-09,3.19,0.0006134615384615384
2810,2007-11-16,3.32,0.0006384615384615385
2811,2007-11-23,3.15,0.0006057692307692308
2812,2007-11-30,3.08,0.0005923076923076923
2813,2007-12-07,3.04,0.0005846153846153846
2814,2007-12-14,2.81,0.0005403846153846154
2815,2007-12-21,2.92,0.0005615384615384615
2816,2007-12-28,3.1,0.0005961538461538462
2817,2008-01-04,3.12,0.0006000000000000001
2818,2008-01-11,3.02,0.0005807692307692308
2819,2008-01-18,2.79,0.0005365384615384616
2820,2008-01-25,2.25,0.00043269230769230765
2821,2008-02-01,2.06,0.00039615384615384615
2822,2008-02-08,2.18,0.00041923076923076923
2823,2008-02-15,2.16,0.0004153846153846154
2824,2008-02-22,2.15,0.00041346153846153844
2825,2008-02-29,1.81,0.0003480769230769231
2826,2008-03-07,1.42,0.0002730769230769231
2827,2008-03-14,1.16,0.00022307692307692306
2828,2008-03-21,0.62,0.00011923076923076923
2829,2008-03-28,1.31,0.00025192307692307694
2830,2008-04-04,1.33,0.0002557692307692308
2831,2008-04-11,1.17,0.00022499999999999997
2832,2008-04-18,1.32,0.00025384615384615387
2833,2008-04-25,1.31,0.00025192307692307694
2834,2008-05-02,1.47,0.0002826923076923077
2835,2008-05-09,1.66,0.00031923076923076924
2836,2008-05-16,1.81,0.0003480769230769231
2837,2008-05-23,1.82,0.00035
2838,2008-05-30,1.85,0.0003557692307692308
2839,2008-06-06,1.81,0.0003480769230769231
2840,2008-06-13,1.95,0.000375
2841,2008-06-20,1.83,0.00035192307692307693
2842,2008-06-27,1.64,0.0003153846153846153
2843,2008-07-04,1.81,0.0003480769230769231
2844,2008-07-11,1.58,0.0003038461538461539
2845,2008-07-18,1.45,0.0002788461538461538
2846,2008-07-25,1.71,0.00032884615384615385
2847,2008-08-01,1.63,0.00031346153846153845
2848,2008-08-08,1.67,0.0003211538461538461
2849,2008-08-15,1.81,0.0003480769230769231
2850,2008-08-22,1.67,0.0003211538461538461
2851,2008-08-29,1.69,0.000325
2852,2008-09-05,1.65,0.0003173076923076923
2853,2008-09-12,1.46,0.00028076923076923076
2854,2008-09-19,0.97,0.00018653846153846154
2855,2008-09-26,0.86,0.0001653846153846154
2856,2008-10-03,0.5,9.615384615384615e-05
2857,2008-10-10,0.24,4.615384615384615e-05
2858,2008-10-17,0.8,0.00015384615384615385
2859,2008-10-24,0.86,0.0001653846153846154
2860,2008-10-31,0.44,8.461538461538461e-05
2861,2008-11-07,0.3,5.769230769230769e-05
2862,2008-11-14,0.14,2.6923076923076927e-05
2863,2008-11-21,0.02,3.846153846153846e-06
2864,2008-11-28,0.01,1.923076923076923e-06
2865,2008-12-05,0.02,3.846153846153846e-06
2866,2008-12-12,0.02,3.846153846153846e-06
2867,2008-12-19,0.02,3.846153846153846e-06
2868,2008-12-26,0.03,5.769230769230769e-06
2869,2009-01-02,0.08,1.5384615384615384e-05
2870,2009-01-09,0.07,1.3461538461538463e-05
2871,2009-01-16,0.12,2.3076923076923076e-05
2872,2009-01-23,0.11,2.1153846153846154e-05
2873,2009-01-30,0.24,4.615384615384615e-05
2874,2009-02-06,0.28,5.3846153846153853e-05
2875,2009-02-13,0.29,5.5769230769230765e-05
2876,2009-02-20,0.27,5.192307692307693e-05
2877,2009-02-27,0.26,4.9999999999999996e-05
2878,2009-03-06,0.2,3.846153846153846e-05
2879,2009-03-13,0.19,3.653846153846154e-05
2880,2009-03-20,0.21,4.038461538461538e-05
2881,2009-03-27,0.13,2.4999999999999998e-05
2882,2009-04-03,0.21,4.038461538461538e-05
2883,2009-04-10,0.18,3.461538461538461e-05
2884,2009-04-17,0.14,2.6923076923076927e-05
2885,2009-04-24,0.1,1.923076923076923e-05
2886,2009-05-01,0.15,2.8846153846153845e-05
2887,2009-05-08,0.18,3.461538461538461e-05
2888,2009-05-15,0.17,3.269230769230769e-05
2889,2009-05-22,0.18,3.461538461538461e-05
2890,2009-05-29,0.14,2.6923076923076927e-05
2891,2009-06-05,0.19,3.653846153846154e-05
2892,2009-06-12,0.18,3.461538461538461e-05
2893,2009-06-19,0.18,3.461538461538461e-05
2894,2009-06-26,0.19,3.653846153846154e-05
2895,2009-07-03,0.17,3.269230769230769e-05
2896,2009-07-10,0.18,3.461538461538461e-05
2897,2009-07-17,0.17,3.269230769230769e-05
2898,2009-07-24,0.18,3.461538461538461e-05
2899,2009-07-31,0.18,3.461538461538461e-05
2900,2009-08-07,0.18,3.461538461538461e-05
2901,2009-08-14,0.18,3.461538461538461e-05
2902,2009-08-21,0.17,3.269230769230769e-05
2903,2009-08-28,0.15,2.8846153846153845e-05
2904,2009-09-04,0.14,2.6923076923076927e-05
2905,2009-09-11,0.14,2.6923076923076927e-05
2906,2009-09-18,0.08,1.5384615384615384e-05
2907,2009-09-25,0.1,1.923076923076923e-05
2908,2009-10-02,0.1,1.923076923076923e-05
2909,2009-10-09,0.07,1.3461538461538463e-05
2910,2009-10-16,0.07,1.3461538461538463e-05
2911,2009-10-23,0.07,1.3461538461538463e-05
2912,2009-10-30,0.05,9.615384615384616e-06
2913,2009-11-06,0.06,1.1538461538461538e-05
2914,2009-11-13,0.06,1.1538461538461538e-05
2915,2009-11-20,0.02,3.846153846153846e-06
2916,2009-11-27,0.03,5.769230769230769e-06
2917,2009-12-04,0.06,1.1538461538461538e-05
2918,2009-12-11,0.03,5.769230769230769e-06
2919,2009-12-18,0.05,9.615384615384616e-06
2920,2009-12-25,0.05,9.615384615384616e-06
2921,2010-01-01,0.06,1.1538461538461538e-05
2922,2010-01-08,0.05,9.615384615384616e-06
2923,2010-01-15,0.06,1.1538461538461538e-05
2924,2010-01-22,0.06,1.1538461538461538e-05
2925,2010-01-29,0.08,1.5384615384615384e-05
2926,2010-02-05,0.1,1.923076923076923e-05
2927,2010-02-12,0.1,1.923076923076923e-05
2928,2010-02-19,0.11,2.1153846153846154e-05
2929,2010-02-26,0.13,2.4999999999999998e-05
2930,2010-03-05,0.15,2.8846153846153845e-05
2931,2010-03-12,0.15,2.8846153846153845e-05
2932,2010-03-19,0.16,3.076923076923077e-05
2933,2010-03-26,0.14,2.6923076923076927e-05
2934,2010-04-02,0.16,3.076923076923077e-05
2935,2010-04-09,0.16,3.076923076923077e-05
2936,2010-04-16,0.16,3.076923076923077e-05
2937,2010-04-23,0.16,3.076923076923077e-05
2938,2010-04-30,0.16,3.076923076923077e-05
2939,2010-05-07,0.13,2.4999999999999998e-05
2940,2010-05-14,0.16,3.076923076923077e-05
2941,2010-05-21,0.17,3.269230769230769e-05
2942,2010-05-28,0.16,3.076923076923077e-05
2943,2010-06-04,0.14,2.6923076923076927e-05
2944,2010-06-11,0.08,1.5384615384615384e-05
2945,2010-06-18,0.11,2.1153846153846154e-05
2946,2010-06-25,0.13,2.4999999999999998e-05
2947,2010-07-02,0.17,3.269230769230769e-05
2948,2010-07-09,0.16,3.076923076923077e-05
2949,2010-07-16,0.15,2.8846153846153845e-05
2950,2010-07-23,0.16,3.076923076923077e-05
2951,2010-07-30,0.15,2.8846153846153845e-05
2952,2010-08-06,0.15,2.8846153846153845e-05
2953,2010-08-13,0.15,2.8846153846153845e-05
2954,2010-08-20,0.15,2.8846153846153845e-05
2955,2010-08-27,0.15,2.8846153846153845e-05
2956,2010-09-03,0.14,2.6923076923076927e-05
2957,2010-09-10,0.14,2.6923076923076927e-05
2958,2010-09-17,0.16,3.076923076923077e-05
2959,2010-09-24,0.15,2.8846153846153845e-05
2960,2010-10-01,0.16,3.076923076923077e-05
2961,2010-10-08,0.12,2.3076923076923076e-05
2962,2010-10-15,0.14,2.6923076923076927e-05
2963,2010-10-22,0.13,2.4999999999999998e-05
2964,2010-10-29,0.12,2.3076923076923076e-05
2965,2010-11-05,0.13,2.4999999999999998e-05
2966,2010-11-12,0.13,2.4999999999999998e-05
2967,2010-11-19,0.14,2.6923076923076927e-05
2968,2010-11-26,0.16,3.076923076923077e-05
2969,2010-12-03,0.14,2.6923076923076927e-05
2970,2010-12-10,0.13,2.4999999999999998e-05
2971,2010-12-17,0.11,2.1153846153846154e-05
2972,2010-12-24,0.14,2.6923076923076927e-05
2973,2010-12-31,0.12,2.3076923076923076e-05
2974,2011-01-07,0.14,2.6923076923076927e-05
2975,2011-01-14,0.15,2.8846153846153845e-05
2976,2011-01-21,0.16,3.076923076923077e-05
2977,2011-01-28,0.15,2.8846153846153845e-05
2978,2011-02-04,0.15,2.8846153846153845e-05
2979,2011-02-11,0.12,2.3076923076923076e-05
2980,2011-02-18,0.1,1.923076923076923e-05
2981,2011-02-25,0.13,2.4999999999999998e-05
2982,2011-03-04,0.12,2.3076923076923076e-05
2983,2011-03-11,0.08,1.5384615384615384e-05
2984,2011-03-18,0.07,1.3461538461538463e-05
2985,2011-03-25,0.09,1.7307692307692306e-05
2986,2011-04-01,0.07,1.3461538461538463e-05
2987,2011-04-08,0.04,7.692307692307692e-06
2988,2011-04-15,0.07,1.3461538461538463e-05
2989,2011-04-22,0.06,1.1538461538461538e-05
2990,2011-04-29,0.04,7.692307692307692e-06
2991,2011-05-06,0.02,3.846153846153846e-06
2992,2011-05-13,0.03,5.769230769230769e-06
2993,2011-05-20,0.05,9.615384615384616e-06
2994,2011-05-27,0.05,9.615384615384616e-06
2995,2011-06-03,0.04,7.692307692307692e-06
2996,2011-06-10,0.05,9.615384615384616e-06
2997,2011-06-17,0.04,7.692307692307692e-06
2998,2011-06-24,0.02,3.846153846153846e-06
2999,2011-07-01,0.02,3.846153846153846e-06
3000,2011-07-08,0.03,5.769230769230769e-06
3001,2011-07-15,0.02,3.846153846153846e-06
3002,2011-07-22,0.05,9.615384615384616e-06
3003,2011-07-29,0.1,1.923076923076923e-05
3004,2011-08-05,0.01,1.923076923076923e-06
3005,2011-08-12,0.02,3.846153846153846e-06
3006,2011-08-19,0.02,3.846153846153846e-06
3007,2011-08-26,0.01,1.923076923076923e-06
3008,2011-09-02,0.02,3.846153846153846e-06
3009,2011-09-09,0.01,1.923076923076923e-06
3010,2011-09-16,0.01,1.923076923076923e-06
3011,2011-09-23,0.01,1.923076923076923e-06
3012,2011-09-30,0.02,3.846153846153846e-06
3013,2011-10-07,0.01,1.923076923076923e-06
3014,2011-10-14,0.02,3.846153846153846e-06
3015,2011-10-21,0.02,3.846153846153846e-06
3016,2011-10-28,0.01,1.923076923076923e-06
3017,2011-11-04,0.01,1.923076923076923e-06
3018,2011-11-11,0.01,1.923076923076923e-06
3019,2011-11-18,0.01,1.923076923076923e-06
3020,2011-11-25,0.02,3.846153846153846e-06
3021,2011-12-02,0.02,3.846153846153846e-06
3022,2011-12-09,0.01,1.923076923076923e-06
3023,2011-12-16,0.0,0.0
3024,2011-12-23,0.01,1.923076923076923e-06
3025,2011-12-30,0.02,3.846153846153846e-06
3026,2012-01-06,0.02,3.846153846153846e-06
3027,2012-01-13,0.03,5.769230769230769e-06
3028,2012-01-20,0.05,9.615384615384616e-06
3029,2012-01-27,0.06,1.1538461538461538e-05
3030,2012-02-03,0.08,1.5384615384615384e-05
3031,2012-02-10,0.09,1.7307692307692306e-05
3032,2012-02-17,0.09,1.7307692307692306e-05
3033,2012-02-24,0.1,1.923076923076923e-05
3034,2012-03-02,0.07,1.3461538461538463e-05
3035,2012-03-09,0.09,1.7307692307692306e-05
3036,2012-03-16,0.09,1.7307692307692306e-05
3037,2012-03-23,0.08,1.5384615384615384e-05
3038,2012-03-30,0.07,1.3461538461538463e-05
3039,2012-04-06,0.07,1.3461538461538463e-05
3040,2012-04-13,0.09,1.7307692307692306e-05
3041,2012-04-20,0.08,1.5384615384615384e-05
3042,2012-04-27,0.09,1.7307692307692306e-05
3043,2012-05-04,0.07,1.3461538461538463e-05
3044,2012-05-11,0.1,1.923076923076923e-05
3045,2012-05-18,0.08,1.5384615384615384e-05
3046,2012-05-25,0.09,1.7307692307692306e-05
3047,2012-06-01,0.07,1.3461538461538463e-05
3048,2012-06-08,0.09,1.7307692307692306e-05
3049,2012-06-15,0.09,1.7307692307692306e-05
3050,2012-06-22,0.09,1.7307692307692306e-05
3051,2012-06-29,0.09,1.7307692307692306e-05
3052,2012-07-06,0.08,1.5384615384615384e-05
3053,2012-07-13,0.1,1.923076923076923e-05
3054,2012-07-20,0.09,1.7307692307692306e-05
3055,2012-07-27,0.11,2.1153846153846154e-05
3056,2012-08-03,0.09,1.7307692307692306e-05
3057,2012-08-10,0.1,1.923076923076923e-05
3058,2012-08-17,0.09,1.7307692307692306e-05
3059,2012-08-24,0.1,1.923076923076923e-05
3060,2012-08-31,0.09,1.7307692307692306e-05
3061,2012-09-07,0.11,2.1153846153846154e-05
3062,2012-09-14,0.11,2.1153846153846154e-05
3063,2012-09-21,0.11,2.1153846153846154e-05
3064,2012-09-28,0.1,1.923076923076923e-05
3065,2012-10-05,0.11,2.1153846153846154e-05
3066,2012-10-12,0.11,2.1153846153846154e-05
3067,2012-10-19,0.1,1.923076923076923e-05
3068,2012-10-26,0.12,2.3076923076923076e-05
3069,2012-11-02,0.09,1.7307692307692306e-05
3070,2012-11-09,0.09,1.7307692307692306e-05
3071,2012-11-16,0.06,1.1538461538461538e-05
3072,2012-11-23,0.1,1.923076923076923e-05
3073,2012-11-30,0.08,1.5384615384615384e-05
3074,2012-12-07,0.09,1.7307692307692306e-05
3075,2012-12-14,0.04,7.692307692307692e-06
3076,2012-12-21,0.06,1.1538461538461538e-05
3077,2012-12-28,0.01,1.923076923076923e-06
3078,2013-01-04,0.07,1.3461538461538463e-05
3079,2013-01-11,0.07,1.3461538461538463e-05
3080,2013-01-18,0.08,1.5384615384615384e-05
3081,2013-01-25,0.08,1.5384615384615384e-05
3082,2013-02-01,0.06,1.1538461538461538e-05
3083,2013-02-08,0.07,1.3461538461538463e-05
3084,2013-02-15,0.1,1.923076923076923e-05
3085,2013-02-22,0.13,2.4999999999999998e-05
3086,2013-03-01,0.11,2.1153846153846154e-05
3087,2013-03-08,0.1,1.923076923076923e-05
3088,2013-03-15,0.09,1.7307692307692306e-05
3089,2013-03-22,0.07,1.3461538461538463e-05
3090,2013-03-29,0.07,1.3461538461538463e-05
3091,2013-04-05,0.07,1.3461538461538463e-05
3092,2013-04-12,0.06,1.1538461538461538e-05
3093,2013-04-19,0.05,9.615384615384616e-06
3094,2013-04-26,0.05,9.615384615384616e-06
3095,2013-05-03,0.05,9.615384615384616e-06
3096,2013-05-10,0.04,7.692307692307692e-06
3097,2013-05-17,0.04,7.692307692307692e-06
3098,2013-05-24,0.04,7.692307692307692e-06
3099,2013-05-31,0.04,7.692307692307692e-06
3100,2013-06-07,0.04,7.692307692307692e-06
3101,2013-06-14,0.05,9.615384615384616e-06
3102,2013-06-21,0.05,9.615384615384616e-06
3103,2013-06-28,0.04,7.692307692307692e-06
3104,2013-07-05,0.04,7.692307692307692e-06
3105,2013-07-12,0.04,7.692307692307692e-06
3106,2013-07-19,0.03,5.769230769230769e-06
3107,2013-07-26,0.03,5.769230769230769e-06
3108,2013-08-02,0.04,7.692307692307692e-06
3109,2013-08-09,0.05,9.615384615384616e-06
3110,2013-08-16,0.05,9.615384615384616e-06
3111,2013-08-23,0.03,5.769230769230769e-06
3112,2013-08-30,0.03,5.769230769230769e-06
3113,2013-09-06,0.02,3.846153846153846e-06
3114,2013-09-13,0.01,1.923076923076923e-06
3115,2013-09-20,0.01,1.923076923076923e-06
3116,2013-09-27,0.02,3.846153846153846e-06
3117,2013-10-04,0.03,5.769230769230769e-06
3118,2013-10-11,0.08,1.5384615384615384e-05
3119,2013-10-18,0.04,7.692307692307692e-06
3120,2013-10-25,0.04,7.692307692307692e-06
3121,2013-11-01,0.04,7.692307692307692e-06
3122,2013-11-08,0.06,1.1538461538461538e-05
3123,2013-11-15,0.08,1.5384615384615384e-05
3124,2013-11-22,0.07,1.3461538461538463e-05
3125,2013-11-29,0.06,1.1538461538461538e-05
3126,2013-12-06,0.06,1.1538461538461538e-05
3127,2013-12-13,0.07,1.3461538461538463e-05
3128,2013-12-20,0.07,1.3461538461538463e-05
3129,2013-12-27,0.07,1.3461538461538463e-05
3130,2014-01-03,0.07,1.3461538461538463e-05
3131,2014-01-10,0.05,9.615384615384616e-06
3132,2014-01-17,0.05,9.615384615384616e-06
3133,2014-01-24,0.04,7.692307692307692e-06
3134,2014-01-31,0.02,3.846153846153846e-06
3135,2014-02-07,0.08,1.5384615384615384e-05
3136,2014-02-14,0.02,3.846153846153846e-06
3137,2014-02-21,0.05,9.615384615384616e-06
3138,2014-02-28,0.05,9.615384615384616e-06
3139,2014-03-07,0.06,1.1538461538461538e-05
3140,2014-03-14,0.05,9.615384615384616e-06
3141,2014-03-21,0.06,1.1538461538461538e-05
3142,2014-03-28,0.04,7.692307692307692e-06
3143,2014-04-04,0.03,5.769230769230769e-06
3144,2014-04-11,0.04,7.692307692307692e-06
3145,2014-04-18,0.03,5.769230769230769e-06
3146,2014-04-25,0.03,5.769230769230769e-06
3147,2014-05-02,0.02,3.846153846153846e-06
3148,2014-05-09,0.03,5.769230769230769e-06
3149,2014-05-16,0.03,5.769230769230769e-06
3150,2014-05-23,0.04,7.692307692307692e-06
3151,2014-05-30,0.04,7.692307692307692e-06
3152,2014-06-06,0.04,7.692307692307692e-06
3153,2014-06-13,0.04,7.692307692307692e-06
3154,2014-06-20,0.02,3.846153846153846e-06
3155,2014-06-27,0.03,5.769230769230769e-06
3156,2014-07-04,0.01,1.923076923076923e-06
3157,2014-07-11,0.02,3.846153846153846e-06
3158,2014-07-18,0.02,3.846153846153846e-06
3159,2014-07-25,0.03,5.769230769230769e-06
3160,2014-08-01,0.03,5.769230769230769e-06
3161,2014-08-08,0.03,5.769230769230769e-06
3162,2014-08-15,0.03,5.769230769230769e-06
3163,2014-08-22,0.03,5.769230769230769e-06
3164,2014-08-29,0.03,5.769230769230769e-06
3165,2014-09-05,0.03,5.769230769230769e-06
3166,2014-09-12,0.02,3.846153846153846e-06
3167,2014-09-19,0.02,3.846153846153846e-06
3168,2014-09-26,0.01,1.923076923076923e-06
3169,2014-10-03,0.01,1.923076923076923e-06
3170,2014-10-10,0.01,1.923076923076923e-06
3171,2014-10-17,0.02,3.846153846153846e-06
3172,2014-10-24,0.01,1.923076923076923e-06
3173,2014-10-31,0.01,1.923076923076923e-06
3174,2014-11-07,0.03,5.769230769230769e-06
3175,2014-11-14,0.02,3.846153846153846e-06
3176,2014-11-21,0.01,1.923076923076923e-06
3177,2014-11-28,0.02,3.846153846153846e-06
3178,2014-12-05,0.02,3.846153846153846e-06
3179,2014-12-12,0.02,3.846153846153846e-06
3180,2014-12-19,0.04,7.692307692307692e-06
3181,2014-12-26,0.01,1.923076923076923e-06
3182,2015-01-02,0.02,3.846153846153846e-06
3183,2015-01-09,0.02,3.846153846153846e-06
3184,2015-01-16,0.03,5.769230769230769e-06
3185,2015-01-23,0.02,3.846153846153846e-06
3186,2015-01-30,0.02,3.846153846153846e-06
3187,2015-02-06,0.02,3.846153846153846e-06
3188,2015-02-13,0.01,1.923076923076923e-06
3189,2015-02-20,0.02,3.846153846153846e-06
3190,2015-02-27,0.02,3.846153846153846e-06
3191,2015-03-06,0.01,1.923076923076923e-06
3192,2015-03-13,0.03,5.769230769230769e-06
3193,2015-03-20,0.01,1.923076923076923e-06
3194,2015-03-27,0.04,7.692307692307692e-06
3195,2015-04-03,0.02,3.846153846153846e-06
3196,2015-04-10,0.02,3.846153846153846e-06
3197,2015-04-17,0.01,1.923076923076923e-06
3198,2015-04-24,0.03,5.769230769230769e-06
3199,2015-05-01,0.01,1.923076923076923e-06
3200,2015-05-08,0.01,1.923076923076923e-06
3201,2015-05-15,0.02,3.846153846153846e-06
3202,2015-05-22,0.02,3.846153846153846e-06
3203,2015-05-29,0.01,1.923076923076923e-06
3204,2015-06-05,0.03,5.769230769230769e-06
3205,2015-06-12,0.02,3.846153846153846e-06
3206,2015-06-19,0.01,1.923076923076923e-06
3207,2015-06-26,0.01,1.923076923076923e-06
3208,2015-07-03,0.01,1.923076923076923e-06
3209,2015-07-10,0.01,1.923076923076923e-06
3210,2015-07-17,0.03,5.769230769230769e-06
3211,2015-07-24,0.04,7.692307692307692e-06
3212,2015-07-31,0.08,1.5384615384615384e-05
3213,2015-08-07,0.06,1.1538461538461538e-05
3214,2015-08-14,0.09,1.7307692307692306e-05
3215,2015-08-21,0.03,5.769230769230769e-06
3216,2015-08-28,0.06,1.1538461538461538e-05
3217,2015-09-04,0.02,3.846153846153846e-06
3218,2015-09-11,0.04,7.692307692307692e-06
3219,2015-09-18,-0.01,-1.923076923076923e-06
3220,2015-09-25,-0.01,-1.923076923076923e-06
3221,2015-10-02,0.0,0.0
3222,2015-10-09,0.01,1.923076923076923e-06
3223,2015-10-16,0.01,1.923076923076923e-06
3224,2015-10-23,0.01,1.923076923076923e-06
3225,2015-10-30,0.08,1.5384615384615384e-05
3226,2015-11-06,0.08,1.5384615384615384e-05
3227,2015-11-13,0.13,2.4999999999999998e-05
3228,2015-11-20,0.11,2.1153846153846154e-05
3229,2015-11-27,0.17,3.269230769230769e-05
3230,2015-12-04,0.22,4.230769230769231e-05
3231,2015-12-11,0.22,4.230769230769231e-05
3232,2015-12-18,0.19,3.653846153846154e-05
3233,2015-12-25,0.2,3.846153846153846e-05
3234,2016-01-01,0.16,3.076923076923077e-05
3235,2016-01-08,0.2,3.846153846153846e-05
3236,2016-01-15,0.23,4.423076923076923e-05
3237,2016-01-22,0.3,5.769230769230769e-05
3238,2016-01-29,0.32,6.153846153846154e-05
3239,2016-02-05,0.29,5.5769230769230765e-05
3240,2016-02-12,0.29,5.5769230769230765e-05
3241,2016-02-19,0.3,5.769230769230769e-05
3242,2016-02-26,0.32,6.153846153846154e-05
3243,2016-03-04,0.28,5.3846153846153853e-05
3244,2016-03-11,0.32,6.153846153846154e-05
3245,2016-03-18,0.29,5.5769230769230765e-05
3246,2016-03-25,0.29,5.5769230769230765e-05
3247,2016-04-01,0.23,4.423076923076923e-05
3248,2016-04-08,0.23,4.423076923076923e-05
3249,2016-04-15,0.22,4.230769230769231e-05
3250,2016-04-22,0.23,4.423076923076923e-05
3251,2016-04-29,0.22,4.230769230769231e-05
3252,2016-05-06,0.19,3.653846153846154e-05
3253,2016-05-13,0.28,5.3846153846153853e-05
3254,2016-05-20,0.32,6.153846153846154e-05
3255,2016-05-27,0.31,5.9615384615384616e-05
3256,2016-06-03,0.29,5.5769230769230765e-05
3257,2016-06-10,0.25,4.807692307692308e-05
3258,2016-06-17,0.26,4.9999999999999996e-05
3259,2016-06-24,0.26,4.9999999999999996e-05
3260,2016-07-01,0.27,5.192307692307693e-05
3261,2016-07-08,0.27,5.192307692307693e-05
3262,2016-07-15,0.31,5.9615384615384616e-05
3263,2016-07-22,0.32,6.153846153846154e-05
3264,2016-07-29,0.27,5.192307692307693e-05
3265,2016-08-05,0.27,5.192307692307693e-05
3266,2016-08-12,0.28,5.3846153846153853e-05
3267,2016-08-19,0.29,5.5769230769230765e-05
3268,2016-08-26,0.33,6.346153846153847e-05
3269,2016-09-02,0.32,6.153846153846154e-05
3270,2016-09-09,0.34,6.538461538461539e-05
3271,2016-09-16,0.29,5.5769230769230765e-05
3272,2016-09-23,0.18,3.461538461538461e-05
3273,2016-09-30,0.28,5.3846153846153853e-05
3274,2016-10-07,0.32,6.153846153846154e-05
3275,2016-10-14,0.31,5.9615384615384616e-05
3276,2016-10-21,0.33,6.346153846153847e-05
3277,2016-10-28,0.29,5.5769230769230765e-05
3278,2016-11-04,0.37,7.115384615384616e-05
3279,2016-11-11,0.47,9.038461538461537e-05
3280,2016-11-18,0.43,8.26923076923077e-05
3281,2016-11-25,0.48,9.23076923076923e-05
3282,2016-12-02,0.48,9.23076923076923e-05
3283,2016-12-09,0.53,0.00010192307692307692
3284,2016-12-16,0.5,9.615384615384615e-05
3285,2016-12-23,0.51,9.807692307692309e-05
3286,2016-12-30,0.5,9.615384615384615e-05
3287,2017-01-06,0.52,9.999999999999999e-05
3288,2017-01-13,0.52,9.999999999999999e-05
3289,2017-01-20,0.49,9.423076923076922e-05
3290,2017-01-27,0.51,9.807692307692309e-05
3291,2017-02-03,0.5,9.615384615384615e-05
3292,2017-02-10,0.54,0.00010384615384615386
3293,2017-02-17,0.52,9.999999999999999e-05
3294,2017-02-24,0.51,9.807692307692309e-05
3295,2017-03-03,0.7,0.0001346153846153846
3296,2017-03-10,0.73,0.00014038461538461538
3297,2017-03-17,0.72,0.00013846153846153845
3298,2017-03-24,0.77,0.00014807692307692308
3299,2017-03-31,0.75,0.00014423076923076922
3300,2017-04-07,0.81,0.00015576923076923078
3301,2017-04-14,0.8,0.00015384615384615385
3302,2017-04-21,0.78,0.00015000000000000001
3303,2017-04-28,0.79,0.00015192307692307695
3304,2017-05-05,0.88,0.00016923076923076923
3305,2017-05-12,0.86,0.0001653846153846154
3306,2017-05-19,0.9,0.0001730769230769231
3307,2017-05-26,0.92,0.00017692307692307693
3308,2017-06-02,0.96,0.0001846153846153846
3309,2017-06-09,0.99,0.00019038461538461538
3310,2017-06-16,1.01,0.0001942307692307692
3311,2017-06-23,0.95,0.0001826923076923077
3312,2017-06-30,1.01,0.0001942307692307692
3313,2017-07-07,1.03,0.00019807692307692308
3314,2017-07-14,1.02,0.00019615384615384617
3315,2017-07-21,1.14,0.0002192307692307692
3316,2017-07-28,1.06,0.00020384615384615385
3317,2017-08-04,1.06,0.00020384615384615385
3318,2017-08-11,1.01,0.0001942307692307692
3319,2017-08-18,1.0,0.0001923076923076923
3320,2017-08-25,1.01,0.0001942307692307692
3321,2017-09-01,1.0,0.0001923076923076923
3322,2017-09-08,1.02,0.00019615384615384617
3323,2017-09-15,1.03,0.00019807692307692308
3324,2017-09-22,1.01,0.0001942307692307692
3325,2017-09-29,1.04,0.00019999999999999998
3326,2017-10-06,1.05,0.00020192307692307694
3327,2017-10-13,1.07,0.00020576923076923078
3328,2017-10-20,1.09,0.00020961538461538462
3329,2017-10-27,1.08,0.0002076923076923077
3330,2017-11-03,1.16,0.00022307692307692306
3331,2017-11-10,1.21,0.0002326923076923077
3332,2017-11-17,1.26,0.0002423076923076923
3333,2017-11-24,1.26,0.0002423076923076923
3334,2017-12-01,1.25,0.0002403846153846154
3335,2017-12-08,1.26,0.0002423076923076923
3336,2017-12-15,1.29,0.0002480769230769231
3337,2017-12-22,1.31,0.00025192307692307694
3338,2017-12-29,1.37,0.0002634615384615385
3339,2018-01-05,1.37,0.0002634615384615385
3340,2018-01-12,1.41,0.00027115384615384615
3341,2018-01-19,1.42,0.0002730769230769231
3342,2018-01-26,1.39,0.0002673076923076923
3343,2018-02-02,1.46,0.00028076923076923076
3344,2018-02-09,1.53,0.00029423076923076923
3345,2018-02-16,1.59,0.00030576923076923077
3346,2018-02-23,1.61,0.00030961538461538464
3347,2018-03-02,1.62,0.00031153846153846157
3348,2018-03-09,1.64,0.0003153846153846153
3349,2018-03-16,1.75,0.0003365384615384616
3350,2018-03-23,1.71,0.00032884615384615385
3351,2018-03-30,1.7,0.00032692307692307697
3352,2018-04-06,1.7,0.00032692307692307697
3353,2018-04-13,1.73,0.00033269230769230766
3354,2018-04-20,1.78,0.0003423076923076923
3355,2018-04-27,1.78,0.0003423076923076923
3356,2018-05-04,1.8,0.0003461538461538462
3357,2018-05-11,1.88,0.0003615384615384615
3358,2018-05-18,1.87,0.00035961538461538466
3359,2018-05-25,1.86,0.0003576923076923077
3360,2018-06-01,1.88,0.0003615384615384615
3361,2018-06-08,1.89,0.00036346153846153847
3362,2018-06-15,1.9,0.0003653846153846154
3363,2018-06-22,1.89,0.00036346153846153847
3364,2018-06-29,1.89,0.00036346153846153847
3365,2018-07-06,1.93,0.0003711538461538461
3366,2018-07-13,1.94,0.0003730769230769231
3367,2018-07-20,1.95,0.000375
3368,2018-07-27,1.96,0.0003769230769230769
3369,2018-08-03,1.97,0.0003788461538461538
3370,2018-08-10,2.01,0.0003865384615384615
3371,2018-08-17,2.01,0.0003865384615384615
3372,2018-08-24,2.05,0.00039423076923076917
3373,2018-08-31,2.07,0.0003980769230769231
3374,2018-09-07,2.1,0.0004038461538461539
3375,2018-09-14,2.12,0.0004076923076923077
3376,2018-09-21,2.14,0.00041153846153846156
3377,2018-09-28,2.15,0.00041346153846153844
3378,2018-10-05,2.18,0.00041923076923076923
3379,2018-10-12,2.23,0.00042884615384615384
3380,2018-10-19,2.26,0.0004346153846153846
3381,2018-10-26,2.28,0.0004384615384615384
3382,2018-11-02,2.28,0.0004384615384615384
3383,2018-11-09,2.31,0.0004442307692307692
3384,2018-11-16,2.31,0.0004442307692307692
3385,2018-11-23,2.36,0.00045384615384615385
3386,2018-11-30,2.32,0.0004461538461538461
3387,2018-12-07,2.35,0.0004519230769230769
3388,2018-12-14,2.37,0.00045576923076923084
3389,2018-12-21,2.34,0.00044999999999999993
3390,2018-12-28,2.35,0.0004519230769230769
3391,2019-01-04,2.37,0.00045576923076923084
3392,2019-01-11,2.38,0.00045769230769230766
3393,2019-01-18,2.36,0.00045384615384615385
3394,2019-01-25,2.34,0.00044999999999999993
3395,2019-02-01,2.35,0.0004519230769230769
3396,2019-02-08,2.38,0.00045769230769230766
3397,2019-02-15,2.38,0.00045769230769230766
3398,2019-02-22,2.41,0.00046346153846153846
3399,2019-03-01,2.39,0.00045961538461538465
3400,2019-03-08,2.41,0.00046346153846153846
3401,2019-03-15,2.4,0.00046153846153846153
3402,2019-03-22,2.41,0.00046346153846153846
3403,2019-03-29,2.35,0.0004519230769230769
3404,2019-04-05,2.39,0.00045961538461538465
3405,2019-04-12,2.39,0.00045961538461538465
3406,2019-04-19,2.37,0.00045576923076923084
3407,2019-04-26,2.37,0.00045576923076923084
3408,2019-05-03,2.38,0.00045769230769230766
3409,2019-05-10,2.38,0.00045769230769230766
3410,2019-05-17,2.34,0.00044999999999999993
3411,2019-05-24,2.3,0.0004423076923076923
3412,2019-05-31,2.3,0.0004423076923076923
3413,2019-06-07,2.23,0.00042884615384615384
3414,2019-06-14,2.15,0.00041346153846153844
3415,2019-06-21,2.07,0.0003980769230769231
3416,2019-06-28,2.08,0.00039999999999999996
3417,2019-07-05,2.18,0.00041923076923076923
3418,2019-07-12,2.1,0.0004038461538461539
3419,2019-07-19,2.02,0.0003884615384615384
3420,2019-07-26,2.08,0.00039999999999999996
3421,2019-08-02,2.02,0.0003884615384615384
3422,2019-08-09,1.96,0.0003769230769230769
3423,2019-08-16,1.83,0.00035192307692307693
3424,2019-08-23,1.93,0.0003711538461538461
3425,2019-08-30,1.95,0.000375
3426,2019-09-06,1.92,0.0003692307692307692
3427,2019-09-13,1.92,0.0003692307692307692
3428,2019-09-20,1.87,0.00035961538461538466
3429,2019-09-27,1.76,0.00033846153846153846
3430,2019-10-04,1.68,0.00032307692307692305
3431,2019-10-11,1.65,0.0003173076923076923
3432,2019-10-18,1.63,0.00031346153846153845
3433,2019-10-25,1.63,0.00031346153846153845
3434,2019-11-01,1.49,0.00028653846153846156
3435,2019-11-08,1.52,0.0002923076923076923
3436,2019-11-15,1.54,0.00029615384615384616
3437,2019-11-22,1.55,0.0002980769230769231
3438,2019-11-29,1.56,0.00030000000000000003
3439,2019-12-06,1.5,0.00028846153846153843
3440,2019-12-13,1.54,0.00029615384615384616
3441,2019-12-20,1.55,0.0002980769230769231
3442,2019-12-27,1.54,0.00029615384615384616
3443,2020-01-03,1.49,0.00028653846153846156
3444,2020-01-10,1.51,0.0002903846153846154
3445,2020-01-17,1.53,0.00029423076923076923
3446,2020-01-24,1.51,0.0002903846153846154
3447,2020-01-31,1.52,0.0002923076923076923
3448,2020-02-07,1.53,0.00029423076923076923
3449,2020-02-14,1.55,0.0002980769230769231
3450,2020-02-21,1.53,0.00029423076923076923
3451,2020-02-28,1.25,0.0002403846153846154
3452,2020-03-06,0.45,8.653846153846155e-05
3453,2020-03-13,0.27,5.192307692307693e-05
3454,2020-03-20,0.05,9.615384615384616e-06
3455,2020-03-27,0.03,5.769230769230769e-06
3456,2020-04-03,0.1,1.923076923076923e-05
3457,2020-04-10,0.25,4.807692307692308e-05
3458,2020-04-17,0.12,2.3076923076923076e-05
3459,2020-04-24,0.12,2.3076923076923076e-05
3460,2020-05-01,0.12,2.3076923076923076e-05
3461,2020-05-08,0.12,2.3076923076923076e-05
3462,2020-05-15,0.12,2.3076923076923076e-05
3463,2020-05-22,0.12,2.3076923076923076e-05
3464,2020-05-29,0.14,2.6923076923076927e-05
3465,2020-06-05,0.15,2.8846153846153845e-05
3466,2020-06-12,0.16,3.076923076923077e-05
3467,2020-06-19,0.15,2.8846153846153845e-05
3468,2020-06-26,0.14,2.6923076923076927e-05
3469,2020-07-03,0.14,2.6923076923076927e-05
3470,2020-07-10,0.13,2.4999999999999998e-05
3471,2020-07-17,0.11,2.1153846153846154e-05
3472,2020-07-24,0.11,2.1153846153846154e-05
3473,2020-07-31,0.09,1.7307692307692306e-05
3474,2020-08-07,0.1,1.923076923076923e-05
3475,2020-08-14,0.1,1.923076923076923e-05
3476,2020-08-21,0.1,1.923076923076923e-05
3477,2020-08-28,0.1,1.923076923076923e-05
3478,2020-09-04,0.11,2.1153846153846154e-05
3479,2020-09-11,0.11,2.1153846153846154e-05
3480,2020-09-18,0.1,1.923076923076923e-05
3481,2020-09-25,0.1,1.923076923076923e-05
3482,2020-10-02,0.09,1.7307692307692306e-05
3483,2020-10-09,0.1,1.923076923076923e-05
3484,2020-10-16,0.11,2.1153846153846154e-05
3485,2020-10-23,0.1,1.923076923076923e-05
3486,2020-10-30,0.09,1.7307692307692306e-05
3487,2020-11-06,0.1,1.923076923076923e-05
3488,2020-11-13,0.09,1.7307692307692306e-05
3489,2020-11-20,0.07,1.3461538461538463e-05
3490,2020-11-27,0.09,1.7307692307692306e-05
3491,2020-12-04,0.09,1.7307692307692306e-05
3492,2020-12-11,0.08,1.5384615384615384e-05
3493,2020-12-18,0.08,1.5384615384615384e-05
3494,2020-12-25,0.09,1.7307692307692306e-05
3495,2021-01-01,0.09,1.7307692307692306e-05
3496,2021-01-08,0.08,1.5384615384615384e-05
3497,2021-01-15,0.09,1.7307692307692306e-05
3498,2021-01-22,0.08,1.5384615384615384e-05
3499,2021-01-29,0.06,1.1538461538461538e-05
3500,2021-02-05,0.03,5.769230769230769e-06
3501,2021-02-12,0.04,7.692307692307692e-06
3502,2021-02-19,0.04,7.692307692307692e-06
3503,2021-02-26,0.04,7.692307692307692e-06
3504,2021-03-05,0.04,7.692307692307692e-06
3505,2021-03-12,0.04,7.692307692307692e-06
3506,2021-03-19,0.01,1.923076923076923e-06
3507,2021-03-26,0.02,3.846153846153846e-06
3508,2021-04-02,0.02,3.846153846153846e-06
3509,2021-04-09,0.02,3.846153846153846e-06
3510,2021-04-16,0.02,3.846153846153846e-06
3511,2021-04-23,0.03,5.769230769230769e-06
3512,2021-04-30,0.01,1.923076923076923e-06
3513,2021-05-07,0.02,3.846153846153846e-06
3514,2021-05-14,0.01,1.923076923076923e-06
3515,2021-05-21,0.01,1.923076923076923e-06
3516,2021-05-28,0.01,1.923076923076923e-06
3517,2021-06-04,0.02,3.846153846153846e-06
3518,2021-06-11,0.03,5.769230769230769e-06
3519,2021-06-18,0.05,9.615384615384616e-06
3520,2021-06-25,0.06,1.1538461538461538e-05
3521,2021-07-02,0.05,9.615384615384616e-06
3522,2021-07-09,0.06,1.1538461538461538e-05
3523,2021-07-16,0.05,9.615384615384616e-06
3524,2021-07-23,0.05,9.615384615384616e-06
3525,2021-07-30,0.06,1.1538461538461538e-05
3526,2021-08-06,0.06,1.1538461538461538e-05
3527,2021-08-13,0.06,1.1538461538461538e-05
3528,2021-08-20,0.05,9.615384615384616e-06
3529,2021-08-27,0.05,9.615384615384616e-06
3530,2021-09-03,0.05,9.615384615384616e-06
3531,2021-09-10,0.05,9.615384615384616e-06
3532,2021-09-17,0.04,7.692307692307692e-06
3533,2021-09-24,0.03,5.769230769230769e-06
3534,2021-10-01,0.04,7.692307692307692e-06
3535,2021-10-08,0.05,9.615384615384616e-06
3536,2021-10-15,0.05,9.615384615384616e-06
3537,2021-10-22,0.06,1.1538461538461538e-05
3538,2021-10-29,0.05,9.615384615384616e-06
3539,2021-11-05,0.05,9.615384615384616e-06
3540,2021-11-12,0.05,9.615384615384616e-06
3541,2021-11-19,0.05,9.615384615384616e-06
3542,2021-11-26,0.06,1.1538461538461538e-05
3543,2021-12-03,0.06,1.1538461538461538e-05
3544,2021-12-10,0.06,1.1538461538461538e-05
3545,2021-12-17,0.05,9.615384615384616e-06
3546,2021-12-24,0.08,1.5384615384615384e-05
3547,2021-12-31,0.06,1.1538461538461538e-05
3548,2022-01-07,0.1,1.923076923076923e-05
3549,2022-01-14,0.13,2.4999999999999998e-05
3550,2022-01-21,0.17,3.269230769230769e-05
3551,2022-01-28,0.19,3.653846153846154e-05
3552,2022-02-04,0.23,4.423076923076923e-05
3553,2022-02-11,0.37,7.115384615384616e-05
3554,2022-02-18,0.35,6.73076923076923e-05
3555,2022-02-25,0.33,6.346153846153847e-05
3556,2022-03-04,0.33,6.346153846153847e-05
3557,2022-03-11,0.39,7.500000000000001e-05
3558,2022-03-18,0.41,7.884615384615383e-05
3559,2022-03-25,0.53,0.00010192307692307692
3560,2022-04-01,0.52,9.999999999999999e-05
3561,2022-04-08,0.69,0.00013269230769230768
3562,2022-04-15,0.78,0.00015000000000000001
3563,2022-04-22,0.82,0.00015769230769230766
3564,2022-04-29,0.83,0.00015961538461538462
3565,2022-05-06,0.84,0.00016153846153846153
3566,2022-05-13,1.01,0.0001942307692307692
3567,2022-05-20,1.01,0.0001942307692307692
3568,2022-05-27,1.06,0.00020384615384615385
3569,2022-06-03,1.17,0.00022499999999999997
3570,2022-06-10,1.34,0.0002576923076923077
3571,2022-06-17,1.58,0.0003038461538461539
3572,2022-06-24,1.66,0.00031923076923076924
3573,2022-07-01,1.66,0.00031923076923076924
3574,2022-07-08,1.91,0.0003673076923076923
3575,2022-07-15,2.29,0.0004403846153846154
3576,2022-07-22,2.41,0.00046346153846153846
3577,2022-07-29,2.34,0.00044999999999999993
3578,2022-08-05,2.48,0.00047692307692307693
3579,2022-08-12,2.53,0.00048653846153846154
3580,2022-08-19,2.64,0.0005076923076923077
3581,2022-08-26,2.78,0.0005346153846153846
3582,2022-09-02,2.85,0.000548076923076923
3583,2022-09-09,2.98,0.0005730769230769231
3584,2022-09-16,3.1,0.0005961538461538462
3585,2022-09-23,3.12,0.0006000000000000001
3586,2022-09-30,3.22,0.0006192307692307693
3587,2022-10-07,3.31,0.0006365384615384615
3588,2022-10-14,3.65,0.0007019230769230769
3589,2022-10-21,3.9,0.00075
3590,2022-10-28,3.99,0.0007673076923076924
3591,2022-11-04,4.02,0.000773076923076923
3592,2022-11-11,4.09,0.0007865384615384616
3593,2022-11-18,4.15,0.0007980769230769232
3594,2022-11-25,4.22,0.0008115384615384614
3595,2022-12-02,4.22,0.0008115384615384614
3596,2022-12-09,4.19,0.0008057692307692309
3597,2022-12-16,4.2,0.0008076923076923078
3598,2022-12-23,4.23,0.0008134615384615385
3599,2022-12-30,4.3,0.0008269230769230769
3600,2023-01-06,4.51,0.0008673076923076923
3601,2023-01-13,4.51,0.0008673076923076923
3602,2023-01-20,4.57,0.0008788461538461539
3603,2023-01-27,4.57,0.0008788461538461539
3604,2023-02-03,4.57,0.0008788461538461539
3605,2023-02-10,4.66,0.0008961538461538462
3606,2023-02-17,4.7,0.0009038461538461538
3607,2023-02-24,4.72,0.0009076923076923077
3608,2023-03-03,4.74,0.0009115384615384617
3609,2023-03-10,4.83,0.0009288461538461539
3610,2023-03-17,4.36,0.0008384615384615385
3611,2023-03-24,4.57,0.0008788461538461539
3612,2023-03-31,4.68,0.0008999999999999999
3613,2023-04-07,4.81,0.0009249999999999999
3614,2023-04-14,4.98,0.0009576923076923077
3615,2023-04-21,4.98,0.0009576923076923077
3616,2023-04-28,4.95,0.000951923076923077
3617,2023-05-05,5.1,0.0009807692307692308
3618,2023-05-12,5.08,0.0009769230769230768
3619,2023-05-19,5.12,0.0009846153846153846
3620,2023-05-26,5.16,0.0009923076923076923
3621,2023-06-02,5.23,0.0010057692307692309
3622,2023-06-09,5.11,0.000982692307692308
3623,2023-06-16,5.09,0.000978846153846154
3624,2023-06-23,5.15,0.0009903846153846154
3625,2023-06-30,5.17,0.0009942307692307692
3626,2023-07-07,5.22,0.0010038461538461538
3627,2023-07-14,5.25,0.0010096153846153846
3628,2023-07-21,5.27,0.0010134615384615384
3629,2023-07-28,5.28,0.0010153846153846155
3630,2023-08-04,5.28,0.0010153846153846155
3631,2023-08-11,5.28,0.0010153846153846155
3632,2023-08-18,5.28,0.0010153846153846155
3633,2023-08-25,5.34,0.0010269230769230767
3634,2023-09-01,5.3,0.0010192307692307692
3635,2023-09-08,5.31,0.0010211538461538461
3636,2023-09-15,5.32,0.0010230769230769232
3637,2023-09-22,5.32,0.0010230769230769232
3638,2023-09-29,5.32,0.0010230769230769232
3639,2023-10-06,5.36,0.0010307692307692307
3640,2023-10-13,5.35,0.0010288461538461538
3641,2023-10-20,5.31,0.0010211538461538461
3642,2023-10-27,5.32,0.0010230769230769232
3643,2023-11-03,5.27,0.0010134615384615384
3644,2023-11-10,5.26,0.0010115384615384615
3645,2023-11-17,5.25,0.0010096153846153846
3646,2023-11-24,5.28,0.0010153846153846155
3647,2023-12-01,5.23,0.0010057692307692309
3648,2023-12-08,5.24,0.0010076923076923077
3649,2023-12-15,5.24,0.0010076923076923077
3650,2023-12-22,5.24,0.0010076923076923077
3651,2023-12-29,5.2,0.001
3652,2024-01-05,5.24,0.0010076923076923077
3653,2024-01-12,5.22,0.0010038461538461538
3654,2024-01-19,5.22,0.0010038461538461538
3655,2024-01-26,5.21,0.001001923076923077
3656,2024-02-02,5.23,0.0010057692307692309
3657,2024-02-09,5.24,0.0010076923076923077
3658,2024-02-16,5.24,0.0010076923076923077
3659,2024-02-23,5.26,0.0010115384615384615
3660,2024-03-01,5.23,0.0010057692307692309
3661,2024-03-08,5.24,0.0010076923076923077
3662,2024-03-15,5.25,0.0010096153846153846
3663,2024-03-22,5.24,0.0010076923076923077
3664,2024-03-29,5.23,0.0010057692307692309
3665,2024-04-05,5.23,0.0010057692307692309
3666,2024-04-12,5.25,0.0010096153846153846
3667,2024-04-19,5.25,0.0010096153846153846
3668,2024-04-26,5.25,0.0010096153846153846
3669,2024-05-03,5.25,0.0010096153846153846
3670,2024-05-10,5.26,0.0010115384615384615
3671,2024-05-17,5.25,0.0010096153846153846
3672,2024-05-24,5.26,0.0010115384615384615
3673,2024-05-31,5.25,0.0010096153846153846
3674,2024-06-07,5.26,0.0010115384615384615
3675,2024-06-14,5.25,0.0010096153846153846
3676,2024-06-21,5.23,0.0010057692307692309
3677,2024-06-28,5.22,0.0010038461538461538
3678,2024-07-05,5.23,0.0010057692307692309
3679,2024-07-12,5.21,0.001001923076923077
3680,2024-07-19,5.2,0.001
3681,2024-07-26,5.16,0.0009923076923076923
3682,2024-08-02,5.05,0.0009711538461538461
3683,2024-08-09,5.09,0.000978846153846154
3684,2024-08-16,5.08,0.0009769230769230768
3685,2024-08-23,5.01,0.0009634615384615385
3686,2024-08-30,4.98,0.0009576923076923077
3687,2024-09-06,4.93,0.000948076923076923
3688,2024-09-13,4.78,0.0009192307692307693
3689,2024-09-20,4.56,0.0008769230769230768
3690,2024-09-27,4.5,0.0008653846153846153
3691,2024-10-04,4.53,0.0008711538461538462
3692,2024-10-11,4.53,0.0008711538461538462
3693,2024-10-18,4.53,0.0008711538461538462
3694,2024-10-25,4.52,0.0008692307692307692
3695,2024-11-01,4.41,0.0008480769230769231
3696,2024-11-08,4.43,0.0008519230769230769
3697,2024-11-15,4.41,0.0008480769230769231
3698,2024-11-22,4.43,0.0008519230769230769
3699,2024-11-29,4.39,0.0008442307692307691
3700,2024-12-06,4.31,0.0008288461538461539
3701,2024-12-13,4.23,0.0008134615384615385
3702,2024-12-20,4.23,0.0008134615384615385
3703,2024-12-27,4.19,0.0008057692307692309
3704,2025-01-03,4.2,0.0008076923076923078
3705,2025-01-10,4.22,0.0008115384615384614
3706,2025-01-17,4.2,0.0008076923076923078
3707,2025-01-24,4.21,0.0008096153846153845
3708,2025-01-31,4.2,0.0008076923076923078
3709,2025-02-07,4.24,0.0008153846153846154
3710,2025-02-14,4.22,0.0008115384615384614
3711,2025-02-21,4.21,0.0008096153846153845
3712,2025-02-28,4.2,0.0008076923076923078
3713,2025-03-07,4.2,0.0008076923076923078
3714,2025-03-14,4.2,0.0008076923076923078
3715,2025-03-21,4.19,0.0008057692307692309
3716,2025-03-28,4.2,0.0008076923076923078
3717,2025-04-04,4.17,0.0008019230769230769
3718,2025-04-11,4.23,0.0008134615384615385
3719,2025-04-18,4.23,0.0008134615384615385
3720,2025-04-25,4.21,0.0008096153846153845
3721,2025-05-02,4.22,0.0008115384615384614
3722,2025-05-09,4.22,0.0008115384615384614
3723,2025-05-16,4.25,0.0008173076923076924
3724,2025-05-23,4.24,0.0008153846153846154
3725,2025-05-30,4.25,0.0008173076923076924
3726,2025-06-06,4.25,0.0008173076923076924
3727,2025-06-13,4.26,0.0008192307692307693
3728,2025-06-20,4.21,0.0008096153846153845
3729,2025-06-27,4.2,0.0008076923076923078
3730,2025-07-04,4.26,0.0008192307692307693
3731,2025-07-11,4.25,0.0008173076923076924
3732,2025-07-18,4.24,0.0008153846153846154
3733,2025-07-25,4.25,0.0008173076923076924
3734,2025-08-01,4.19,0.0008057692307692309
3735,2025-08-08,4.14,0.0007961538461538462
3736,2025-08-15,4.12,0.0007923076923076923
3737,2025-08-22,4.1,0.0007884615384615383
3738,2025-08-29,4.05,0.0007788461538461538
3739,2025-09-05,3.92,0.0007538461538461538
3740,2025-09-12,3.94,0.0007576923076923076
3741,2025-09-19,3.89,0.0007480769230769231
3742,2025-09-26,3.87,0.0007442307692307692
3743,2025-10-03,3.87,0.0007442307692307692
3744,2025-10-10,3.86,0.0007423076923076922
3745,2025-10-17,3.84,0.0007384615384615384
3746,2025-10-24,3.77,0.000725
3747,2025-10-31,3.73,0.0007173076923076923
3748,2025-11-07,3.77,0.000725
3749,2025-11-14,3.8,0.0007307692307692308
3750,2025-11-21,3.75,0.0007211538461538461
3751,2025-11-28,3.73,0.0007173076923076923
3752,2025-12-05,3.62,0.0006961538461538462
3753,2025-12-12,3.54,0.0006807692307692308
3754,2025-12-19,3.54,0.0006807692307692308
3755,2025-12-26,3.56,0.0006846153846153846
3756,2026-01-02,3.54,0.0006807692307692308
3757,2026-01-09,3.52,0.0006769230769230769
3758,2026-01-16,3.57,0.0006865384615384614
3759,2026-01-23,3.59,0.0006903846153846154
3760,2026-01-30,3.58,0.0006884615384615384
3761,2026-02-06,3.6,0.0006923076923076924
3762,2026-02-13,3.6,0.0006923076923076924
3763,2026-02-20,3.6,0.0006923076923076924
3764,2026-02-27,3.59,0.0006903846153846154
3765,2026-03-06,3.58,0.0006884615384615384
3766,2026-03-13,3.61,0.0006942307692307693
3767,2026-03-20,3.63,0.000698076923076923
3768,2026-03-27,3.62,0.0006961538461538462
3769,2026-04-03,3.62,0.0006961538461538462
3770,2026-04-10,3.6,0.0006923076923076924
