,Date,T10Y2Y,d_T10Y2Y
0,1976-06-04,0.77,
1,1976-06-11,0.83,0.05999999999999994
2,1976-06-18,0.82,-0.010000000000000009
3,1976-06-25,0.81,-0.009999999999999898
4,1976-07-02,0.85,0.039999999999999925
5,1976-07-09,1.01,0.16000000000000003
6,1976-07-16,0.98,-0.030000000000000027
7,1976-07-23,0.94,-0.040000000000000036
8,1976-07-30,1.12,0.18000000000000016
9,1976-08-06,1.13,0.009999999999999787
10,1976-08-13,1.18,0.050000000000000044
11,1976-08-20,1.08,-0.09999999999999987
12,1976-08-27,1.12,0.040000000000000036
13,1976-09-03,1.13,0.009999999999999787
14,1976-09-10,1.18,0.050000000000000044
15,1976-09-17,1.23,0.050000000000000044
16,1976-09-24,1.14,-0.09000000000000008
17,1976-10-01,1.25,0.1100000000000001
18,1976-10-08,1.51,0.26
19,1976-10-15,1.56,0.050000000000000044
20,1976-10-22,1.41,-0.15000000000000013
21,1976-10-29,1.39,-0.020000000000000018
22,1976-11-05,1.4,0.010000000000000009
23,1976-11-12,1.42,0.020000000000000018
24,1976-11-19,1.57,0.15000000000000013
25,1976-11-26,1.58,0.010000000000000009
26,1976-12-03,1.55,-0.030000000000000027
27,1976-12-10,1.51,-0.040000000000000036
28,1976-12-17,1.48,-0.030000000000000027
29,1976-12-24,1.48,0.0
30,1976-12-31,1.47,-0.010000000000000009
31,1977-01-07,1.39,-0.08000000000000007
32,1977-01-14,1.32,-0.06999999999999984
33,1977-01-21,1.26,-0.06000000000000005
34,1977-01-28,1.18,-0.08000000000000007
35,1977-02-04,1.25,0.07000000000000006
36,1977-02-11,1.34,0.09000000000000008
37,1977-02-18,1.35,0.010000000000000009
38,1977-02-25,1.34,-0.010000000000000009
39,1977-03-04,1.38,0.039999999999999813
40,1977-03-11,1.35,-0.029999999999999805
41,1977-03-18,1.36,0.010000000000000009
42,1977-03-25,1.38,0.019999999999999796
43,1977-04-01,1.41,0.030000000000000027
44,1977-04-08,1.41,0.0
45,1977-04-15,1.47,0.06000000000000005
46,1977-04-22,1.37,-0.09999999999999987
47,1977-04-29,1.31,-0.06000000000000005
48,1977-05-06,1.26,-0.050000000000000044
49,1977-05-13,1.2,-0.06000000000000005
50,1977-05-20,1.06,-0.1399999999999999
51,1977-05-27,1.18,0.11999999999999988
52,1977-06-03,1.17,-0.010000000000000009
53,1977-06-10,1.15,-0.020000000000000018
54,1977-06-17,1.14,-0.010000000000000009
55,1977-06-24,1.1,-0.039999999999999813
56,1977-07-01,1.22,0.11999999999999988
57,1977-07-08,1.12,-0.09999999999999987
58,1977-07-15,1.05,-0.07000000000000006
59,1977-07-22,0.96,-0.09000000000000008
60,1977-07-29,0.92,-0.039999999999999925
61,1977-08-05,0.89,-0.030000000000000027
62,1977-08-12,0.8,-0.08999999999999997
63,1977-08-19,0.73,-0.07000000000000006
64,1977-08-26,0.65,-0.07999999999999996
65,1977-09-02,0.71,0.05999999999999994
66,1977-09-09,0.6,-0.10999999999999999
67,1977-09-16,0.64,0.040000000000000036
68,1977-09-23,0.53,-0.10999999999999999
69,1977-09-30,0.59,0.05999999999999994
70,1977-10-07,0.52,-0.06999999999999995
71,1977-10-14,0.37,-0.15000000000000002
72,1977-10-21,0.33,-0.03999999999999998
73,1977-10-28,0.42,0.08999999999999997
74,1977-11-04,0.44,0.020000000000000018
75,1977-11-11,0.44,0.0
76,1977-11-18,0.43,-0.010000000000000009
77,1977-11-25,0.42,-0.010000000000000009
78,1977-12-02,0.44,0.020000000000000018
79,1977-12-09,0.48,0.03999999999999998
80,1977-12-16,0.54,0.06000000000000005
81,1977-12-23,0.51,-0.030000000000000027
82,1977-12-30,0.56,0.050000000000000044
83,1978-01-06,0.57,0.009999999999999898
84,1978-01-13,0.41,-0.15999999999999998
85,1978-01-20,0.42,0.010000000000000009
86,1978-01-27,0.49,0.07
87,1978-02-03,0.49,0.0
88,1978-02-10,0.49,0.0
89,1978-02-17,0.46,-0.02999999999999997
90,1978-02-24,0.43,-0.030000000000000027
91,1978-03-03,0.45,0.020000000000000018
92,1978-03-10,0.46,0.010000000000000009
93,1978-03-17,0.45,-0.010000000000000009
94,1978-03-24,0.45,0.0
95,1978-03-31,0.45,0.0
96,1978-04-07,0.42,-0.030000000000000027
97,1978-04-14,0.51,0.09000000000000002
98,1978-04-21,0.35,-0.16000000000000003
99,1978-04-28,0.27,-0.07999999999999996
100,1978-05-05,0.38,0.10999999999999999
101,1978-05-12,0.36,-0.020000000000000018
102,1978-05-19,0.31,-0.04999999999999999
103,1978-05-26,0.32,0.010000000000000009
104,1978-06-02,0.3,-0.020000000000000018
105,1978-06-09,0.32,0.020000000000000018
106,1978-06-16,0.24,-0.08000000000000002
107,1978-06-23,0.11,-0.13
108,1978-06-30,0.14,0.030000000000000013
109,1978-07-07,0.18,0.03999999999999998
110,1978-07-14,0.17,-0.009999999999999981
111,1978-07-21,0.08,-0.09000000000000001
112,1978-07-28,0.1,0.020000000000000004
113,1978-08-04,0.12,0.01999999999999999
114,1978-08-11,0.19,0.07
115,1978-08-18,-0.04,-0.23
116,1978-08-25,-0.07,-0.030000000000000006
117,1978-09-01,-0.12,-0.04999999999999999
118,1978-09-08,-0.12,0.0
119,1978-09-15,-0.14,-0.020000000000000018
120,1978-09-22,-0.17,-0.03
121,1978-09-29,-0.14,0.03
122,1978-10-06,-0.11,0.030000000000000013
123,1978-10-13,-0.17,-0.06000000000000001
124,1978-10-20,-0.19,-0.01999999999999999
125,1978-10-27,-0.34,-0.15000000000000002
126,1978-11-03,-0.63,-0.29
127,1978-11-10,-0.6,0.030000000000000027
128,1978-11-17,-0.47,0.13
129,1978-11-24,-0.74,-0.27
130,1978-12-01,-0.7,0.040000000000000036
131,1978-12-08,-0.61,0.08999999999999997
132,1978-12-15,-0.58,0.030000000000000027
133,1978-12-22,-0.85,-0.27
134,1978-12-29,-0.83,0.020000000000000018
135,1979-01-05,-0.77,0.05999999999999994
136,1979-01-12,-0.78,-0.010000000000000009
137,1979-01-19,-0.76,0.020000000000000018
138,1979-01-26,-0.74,0.020000000000000018
139,1979-02-02,-0.59,0.15000000000000002
140,1979-02-09,-0.59,0.0
141,1979-02-16,-0.57,0.020000000000000018
142,1979-02-23,-0.71,-0.14
143,1979-03-02,-0.71,0.0
144,1979-03-09,-0.68,0.029999999999999916
145,1979-03-16,-0.72,-0.039999999999999925
146,1979-03-23,-0.65,0.06999999999999995
147,1979-03-30,-0.61,0.040000000000000036
148,1979-04-06,-0.65,-0.040000000000000036
149,1979-04-13,-0.65,0.0
150,1979-04-20,-0.54,0.10999999999999999
151,1979-04-27,-0.61,-0.06999999999999995
152,1979-05-04,-0.54,0.06999999999999995
153,1979-05-11,-0.56,-0.020000000000000018
154,1979-05-18,-0.48,0.08000000000000007
155,1979-05-25,-0.49,-0.010000000000000009
156,1979-06-01,-0.51,-0.020000000000000018
157,1979-06-08,-0.35,0.16000000000000003
158,1979-06-15,-0.28,0.06999999999999995
159,1979-06-22,-0.29,-0.009999999999999953
160,1979-06-29,-0.16,0.12999999999999998
161,1979-07-06,-0.18,-0.01999999999999999
162,1979-07-13,-0.07,0.10999999999999999
163,1979-07-20,-0.26,-0.19
164,1979-07-27,-0.36,-0.09999999999999998
165,1979-08-03,-0.35,0.010000000000000009
166,1979-08-10,-0.33,0.019999999999999962
167,1979-08-17,-0.43,-0.09999999999999998
168,1979-08-24,-0.58,-0.14999999999999997
169,1979-08-31,-0.6,-0.020000000000000018
170,1979-09-07,-0.76,-0.16000000000000003
171,1979-09-14,-0.73,0.030000000000000027
172,1979-09-21,-0.74,-0.010000000000000009
173,1979-09-28,-0.66,0.07999999999999996
174,1979-10-05,-0.79,-0.13
175,1979-10-12,-1.02,-0.22999999999999998
176,1979-10-19,-1.47,-0.44999999999999996
177,1979-10-26,-1.38,0.09000000000000008
178,1979-11-02,-1.35,0.029999999999999805
179,1979-11-09,-1.1,0.25
180,1979-11-16,-1.2,-0.09999999999999987
181,1979-11-23,-1.18,0.020000000000000018
182,1979-11-30,-0.95,0.22999999999999998
183,1979-12-07,-0.91,0.039999999999999925
184,1979-12-14,-1.02,-0.10999999999999999
185,1979-12-21,-1.03,-0.010000000000000009
186,1979-12-28,-0.89,0.14
187,1980-01-04,-0.81,0.07999999999999996
188,1980-01-11,-0.65,0.16000000000000003
189,1980-01-18,-0.7,-0.04999999999999993
190,1980-01-25,-0.72,-0.020000000000000018
191,1980-02-01,-0.75,-0.030000000000000027
192,1980-02-08,-0.51,0.24
193,1980-02-15,-0.93,-0.42000000000000004
194,1980-02-22,-1.46,-0.5299999999999999
195,1980-02-29,-2.01,-0.5499999999999998
196,1980-03-07,-2.34,-0.33000000000000007
197,1980-03-14,-2.28,0.06000000000000005
198,1980-03-21,-2.27,0.009999999999999787
199,1980-03-28,-2.17,0.10000000000000009
200,1980-04-04,-1.99,0.17999999999999994
201,1980-04-11,-1.43,0.56
202,1980-04-18,-0.71,0.72
203,1980-04-25,-0.44,0.26999999999999996
204,1980-05-02,0.2,0.64
205,1980-05-09,0.45,0.25
206,1980-05-16,0.61,0.15999999999999998
207,1980-05-23,1.12,0.5100000000000001
208,1980-05-30,1.0,-0.1200000000000001
209,1980-06-06,1.09,0.09000000000000008
210,1980-06-13,1.12,0.030000000000000027
211,1980-06-20,1.06,-0.06000000000000005
212,1980-06-27,1.1,0.040000000000000036
213,1980-07-04,1.24,0.1399999999999999
214,1980-07-11,1.31,0.07000000000000006
215,1980-07-18,1.27,-0.040000000000000036
216,1980-07-25,1.2,-0.07000000000000006
217,1980-08-01,0.98,-0.21999999999999997
218,1980-08-08,1.06,0.08000000000000007
219,1980-08-15,0.74,-0.32000000000000006
220,1980-08-22,0.04,-0.7
221,1980-08-29,0.19,0.15
222,1980-09-05,0.32,0.13
223,1980-09-12,-0.03,-0.35
224,1980-09-19,-0.26,-0.23
225,1980-09-26,-0.41,-0.14999999999999997
226,1980-10-03,-0.11,0.3
227,1980-10-10,-0.2,-0.09000000000000001
228,1980-10-17,-0.29,-0.08999999999999997
229,1980-10-24,-0.51,-0.22000000000000003
230,1980-10-31,-0.62,-0.10999999999999999
231,1980-11-07,-0.7,-0.07999999999999996
232,1980-11-14,-0.46,0.23999999999999994
233,1980-11-21,-1.03,-0.5700000000000001
234,1980-11-28,-1.41,-0.3799999999999999
235,1980-12-05,-1.49,-0.08000000000000007
236,1980-12-12,-1.53,-0.040000000000000036
237,1980-12-19,-1.41,0.1200000000000001
238,1980-12-26,-0.7,0.71
239,1981-01-02,-0.68,0.019999999999999907
240,1981-01-09,-0.96,-0.2799999999999999
241,1981-01-16,-0.55,0.4099999999999999
242,1981-01-23,-0.9,-0.35
243,1981-01-30,-0.58,0.32000000000000006
244,1981-02-06,-0.8,-0.22000000000000008
245,1981-02-13,-0.8,0.0
246,1981-02-20,-0.65,0.15000000000000002
247,1981-02-27,-0.65,0.0
248,1981-03-06,-0.71,-0.05999999999999994
249,1981-03-13,-0.59,0.12
250,1981-03-20,-0.11,0.48
251,1981-03-27,-0.31,-0.2
252,1981-04-03,-0.17,0.13999999999999999
253,1981-04-10,-0.31,-0.13999999999999999
254,1981-04-17,-0.44,-0.13
255,1981-04-24,-0.78,-0.34
256,1981-05-01,-0.67,0.10999999999999999
257,1981-05-08,-1.46,-0.7899999999999999
258,1981-05-15,-1.48,-0.020000000000000018
259,1981-05-22,-1.66,-0.17999999999999994
260,1981-05-29,-0.9,0.7599999999999999
261,1981-06-05,-1.17,-0.2699999999999999
262,1981-06-12,-1.09,0.07999999999999985
263,1981-06-19,-1.19,-0.09999999999999987
264,1981-06-26,-0.9,0.2899999999999999
265,1981-07-03,-0.92,-0.020000000000000018
266,1981-07-10,-0.94,-0.019999999999999907
267,1981-07-17,-0.98,-0.040000000000000036
268,1981-07-24,-1.23,-0.25
269,1981-07-31,-1.17,0.06000000000000005
270,1981-08-07,-1.22,-0.050000000000000044
271,1981-08-14,-1.45,-0.22999999999999998
272,1981-08-21,-1.34,0.10999999999999988
273,1981-08-28,-1.32,0.020000000000000018
274,1981-09-04,-1.38,-0.05999999999999983
275,1981-09-11,-1.42,-0.040000000000000036
276,1981-09-18,-1.11,0.30999999999999983
277,1981-09-25,-0.85,0.2600000000000001
278,1981-10-02,-0.93,-0.08000000000000007
279,1981-10-09,-0.47,0.4600000000000001
280,1981-10-16,-0.52,-0.050000000000000044
281,1981-10-23,-0.11,0.41000000000000003
282,1981-10-30,0.04,0.15
283,1981-11-06,0.08,0.04
284,1981-11-13,0.35,0.26999999999999996
285,1981-11-20,0.93,0.5800000000000001
286,1981-11-27,0.81,-0.12
287,1981-12-04,0.92,0.10999999999999999
288,1981-12-11,0.49,-0.43000000000000005
289,1981-12-18,0.32,-0.16999999999999998
290,1981-12-25,0.06,-0.26
291,1982-01-01,0.35,0.29
292,1982-01-08,0.37,0.020000000000000018
293,1982-01-15,0.01,-0.36
294,1982-01-22,-0.37,-0.38
295,1982-01-29,-0.1,0.27
296,1982-02-05,-0.24,-0.13999999999999999
297,1982-02-12,-0.36,-0.12
298,1982-02-19,-0.7,-0.33999999999999997
299,1982-02-26,-0.41,0.29
300,1982-03-05,-0.2,0.20999999999999996
301,1982-03-12,-0.38,-0.18
302,1982-03-19,-0.46,-0.08000000000000002
303,1982-03-26,-0.34,0.12
304,1982-04-02,-0.34,0.0
305,1982-04-09,-0.3,0.040000000000000036
306,1982-04-16,-0.53,-0.23000000000000004
307,1982-04-23,-0.33,0.2
308,1982-04-30,-0.12,0.21000000000000002
309,1982-05-07,-0.19,-0.07
310,1982-05-14,-0.38,-0.19
311,1982-05-21,-0.05,0.33
312,1982-05-28,0.09,0.14
313,1982-06-04,-0.05,-0.14
314,1982-06-11,-0.15,-0.09999999999999999
315,1982-06-18,-0.34,-0.19000000000000003
316,1982-06-25,-0.22,0.12000000000000002
317,1982-07-02,-0.21,0.010000000000000009
318,1982-07-09,-0.02,0.19
319,1982-07-16,-0.01,0.01
320,1982-07-23,0.52,0.53
321,1982-07-30,0.51,-0.010000000000000009
322,1982-08-06,0.61,0.09999999999999998
323,1982-08-13,0.45,-0.15999999999999998
324,1982-08-20,1.04,0.5900000000000001
325,1982-08-27,0.84,-0.20000000000000007
326,1982-09-03,0.78,-0.05999999999999994
327,1982-09-10,0.67,-0.10999999999999999
328,1982-09-17,0.55,-0.12
329,1982-09-24,0.44,-0.11000000000000004
330,1982-10-01,0.38,-0.06
331,1982-10-08,0.68,0.30000000000000004
332,1982-10-15,0.75,0.06999999999999995
333,1982-10-22,0.94,0.18999999999999995
334,1982-10-29,0.86,-0.07999999999999996
335,1982-11-05,0.75,-0.10999999999999999
336,1982-11-12,0.71,-0.040000000000000036
337,1982-11-19,0.63,-0.07999999999999996
338,1982-11-26,0.75,0.12
339,1982-12-03,0.75,0.0
340,1982-12-10,0.79,0.040000000000000036
341,1982-12-17,0.98,0.18999999999999995
342,1982-12-24,0.95,-0.030000000000000027
343,1982-12-31,0.88,-0.06999999999999995
344,1983-01-07,1.1,0.22000000000000008
345,1983-01-14,1.19,0.08999999999999986
346,1983-01-21,1.15,-0.040000000000000036
347,1983-01-28,1.24,0.09000000000000008
348,1983-02-04,1.17,-0.07000000000000006
349,1983-02-11,1.1,-0.06999999999999984
350,1983-02-18,1.04,-0.06000000000000005
351,1983-02-25,0.98,-0.06000000000000005
352,1983-03-04,1.02,0.040000000000000036
353,1983-03-11,0.93,-0.08999999999999997
354,1983-03-18,0.8,-0.13
355,1983-03-25,0.73,-0.07000000000000006
356,1983-04-01,0.75,0.020000000000000018
357,1983-04-08,0.84,0.08999999999999997
358,1983-04-15,0.8,-0.039999999999999925
359,1983-04-22,0.84,0.039999999999999925
360,1983-04-29,0.92,0.08000000000000007
361,1983-05-06,0.96,0.039999999999999925
362,1983-05-13,0.95,-0.010000000000000009
363,1983-05-20,0.9,-0.04999999999999993
364,1983-05-27,0.72,-0.18000000000000005
365,1983-06-03,0.78,0.06000000000000005
366,1983-06-10,0.69,-0.09000000000000008
367,1983-06-17,0.61,-0.07999999999999996
368,1983-06-24,0.59,-0.020000000000000018
369,1983-07-01,0.76,0.17000000000000004
370,1983-07-08,0.64,-0.12
371,1983-07-15,0.69,0.04999999999999993
372,1983-07-22,0.66,-0.029999999999999916
373,1983-07-29,0.73,0.06999999999999995
374,1983-08-05,0.83,0.09999999999999998
375,1983-08-12,0.69,-0.14
376,1983-08-19,0.82,0.13
377,1983-08-26,0.77,-0.04999999999999993
378,1983-09-02,0.83,0.05999999999999994
379,1983-09-09,0.8,-0.029999999999999916
380,1983-09-16,0.85,0.04999999999999993
381,1983-09-23,0.88,0.030000000000000027
382,1983-09-30,0.91,0.030000000000000027
383,1983-10-07,0.88,-0.030000000000000027
384,1983-10-14,0.93,0.050000000000000044
385,1983-10-21,0.95,0.019999999999999907
386,1983-10-28,1.07,0.1200000000000001
387,1983-11-04,1.09,0.020000000000000018
388,1983-11-11,1.08,-0.010000000000000009
389,1983-11-18,1.04,-0.040000000000000036
390,1983-11-25,0.92,-0.12
391,1983-12-02,0.98,0.05999999999999994
392,1983-12-09,1.05,0.07000000000000006
393,1983-12-16,1.01,-0.040000000000000036
394,1983-12-23,0.93,-0.07999999999999996
395,1983-12-30,0.97,0.039999999999999925
396,1984-01-06,1.05,0.08000000000000007
397,1984-01-13,1.09,0.040000000000000036
398,1984-01-20,1.04,-0.050000000000000044
399,1984-01-27,1.01,-0.030000000000000027
400,1984-02-03,1.07,0.06000000000000005
401,1984-02-10,1.1,0.030000000000000027
402,1984-02-17,1.05,-0.050000000000000044
403,1984-02-24,1.05,0.0
404,1984-03-02,1.07,0.020000000000000018
405,1984-03-09,1.09,0.020000000000000018
406,1984-03-16,1.07,-0.020000000000000018
407,1984-03-23,0.89,-0.18000000000000005
408,1984-03-30,0.93,0.040000000000000036
409,1984-04-06,0.96,0.029999999999999916
410,1984-04-13,0.91,-0.04999999999999993
411,1984-04-20,1.0,0.08999999999999997
412,1984-04-27,0.9,-0.09999999999999998
413,1984-05-04,0.92,0.020000000000000018
414,1984-05-11,0.91,-0.010000000000000009
415,1984-05-18,0.98,0.06999999999999995
416,1984-05-25,0.98,0.0
417,1984-06-01,0.91,-0.06999999999999995
418,1984-06-08,0.72,-0.19000000000000006
419,1984-06-15,0.58,-0.14
420,1984-06-22,0.59,0.010000000000000009
421,1984-06-29,0.67,0.08000000000000007
422,1984-07-06,0.62,-0.050000000000000044
423,1984-07-13,0.45,-0.16999999999999998
424,1984-07-20,0.51,0.06
425,1984-07-27,0.36,-0.15000000000000002
426,1984-08-03,0.31,-0.04999999999999999
427,1984-08-10,0.33,0.020000000000000018
428,1984-08-17,0.3,-0.030000000000000027
429,1984-08-24,0.25,-0.04999999999999999
430,1984-08-31,0.25,0.0
431,1984-09-07,0.25,0.0
432,1984-09-14,0.27,0.020000000000000018
433,1984-09-21,0.39,0.12
434,1984-09-28,0.4,0.010000000000000009
435,1984-10-05,0.46,0.06
436,1984-10-12,0.56,0.10000000000000003
437,1984-10-19,0.54,-0.020000000000000018
438,1984-10-26,0.66,0.12
439,1984-11-02,0.7,0.039999999999999925
440,1984-11-09,0.9,0.20000000000000007
441,1984-11-16,0.98,0.07999999999999996
442,1984-11-23,0.95,-0.030000000000000027
443,1984-11-30,1.08,0.13000000000000012
444,1984-12-07,1.19,0.10999999999999988
445,1984-12-14,1.36,0.17000000000000015
446,1984-12-21,1.4,0.039999999999999813
447,1984-12-28,1.44,0.040000000000000036
448,1985-01-04,1.59,0.15000000000000013
449,1985-01-11,1.51,-0.08000000000000007
450,1985-01-18,1.48,-0.030000000000000027
451,1985-01-25,1.35,-0.1299999999999999
452,1985-02-01,1.25,-0.10000000000000009
453,1985-02-08,1.34,0.09000000000000008
454,1985-02-15,1.36,0.020000000000000018
455,1985-02-22,1.42,0.05999999999999983
456,1985-03-01,1.13,-0.29000000000000004
457,1985-03-08,1.15,0.020000000000000018
458,1985-03-15,1.11,-0.039999999999999813
459,1985-03-22,1.13,0.019999999999999796
460,1985-03-29,1.22,0.09000000000000008
461,1985-04-05,1.22,0.0
462,1985-04-12,1.3,0.08000000000000007
463,1985-04-19,1.35,0.050000000000000044
464,1985-04-26,1.47,0.11999999999999988
465,1985-05-03,1.5,0.030000000000000027
466,1985-05-10,1.42,-0.08000000000000007
467,1985-05-17,1.47,0.050000000000000044
468,1985-05-24,1.44,-0.030000000000000027
469,1985-05-31,1.36,-0.07999999999999985
470,1985-06-07,1.37,0.010000000000000009
471,1985-06-14,1.53,0.15999999999999992
472,1985-06-21,1.54,0.010000000000000009
473,1985-06-28,1.58,0.040000000000000036
474,1985-07-05,1.57,-0.010000000000000009
475,1985-07-12,1.45,-0.1200000000000001
476,1985-07-19,1.52,0.07000000000000006
477,1985-07-26,1.61,0.09000000000000008
478,1985-08-02,1.51,-0.10000000000000009
479,1985-08-09,1.42,-0.09000000000000008
480,1985-08-16,1.36,-0.05999999999999983
481,1985-08-23,1.27,-0.09000000000000008
482,1985-08-30,1.32,0.050000000000000044
483,1985-09-06,1.35,0.030000000000000027
484,1985-09-13,1.37,0.020000000000000018
485,1985-09-20,1.35,-0.020000000000000018
486,1985-09-27,1.5,0.1499999999999999
487,1985-10-04,1.52,0.020000000000000018
488,1985-10-11,1.38,-0.14000000000000012
489,1985-10-18,1.36,-0.019999999999999796
490,1985-10-25,1.33,-0.030000000000000027
491,1985-11-01,1.28,-0.050000000000000044
492,1985-11-08,1.27,-0.010000000000000009
493,1985-11-15,1.26,-0.010000000000000009
494,1985-11-22,1.14,-0.1200000000000001
495,1985-11-29,1.13,-0.010000000000000009
496,1985-12-06,1.18,0.050000000000000044
497,1985-12-13,1.24,0.06000000000000005
498,1985-12-20,1.03,-0.20999999999999996
499,1985-12-27,1.0,-0.030000000000000027
500,1986-01-03,1.02,0.020000000000000018
501,1986-01-10,1.03,0.010000000000000009
502,1986-01-17,1.05,0.020000000000000018
503,1986-01-24,1.1,0.050000000000000044
504,1986-01-31,1.09,-0.010000000000000009
505,1986-02-07,0.96,-0.13000000000000012
506,1986-02-14,0.69,-0.27
507,1986-02-21,0.55,-0.1399999999999999
508,1986-02-28,0.42,-0.13000000000000006
509,1986-03-07,0.67,0.25000000000000006
510,1986-03-14,0.54,-0.13
511,1986-03-21,0.61,0.06999999999999995
512,1986-03-28,0.45,-0.15999999999999998
513,1986-04-04,0.6,0.14999999999999997
514,1986-04-11,0.64,0.040000000000000036
515,1986-04-18,0.65,0.010000000000000009
516,1986-04-25,0.67,0.020000000000000018
517,1986-05-02,0.63,-0.040000000000000036
518,1986-05-09,0.63,0.0
519,1986-05-16,0.67,0.040000000000000036
520,1986-05-23,0.65,-0.020000000000000018
521,1986-05-30,0.69,0.039999999999999925
522,1986-06-06,0.68,-0.009999999999999898
523,1986-06-13,0.58,-0.10000000000000009
524,1986-06-20,0.54,-0.039999999999999925
525,1986-06-27,0.54,0.0
526,1986-07-04,0.6,0.05999999999999994
527,1986-07-11,0.7,0.09999999999999998
528,1986-07-18,0.6,-0.09999999999999998
529,1986-07-25,0.66,0.06000000000000005
530,1986-08-01,0.78,0.12
531,1986-08-08,0.76,-0.020000000000000018
532,1986-08-15,0.78,0.020000000000000018
533,1986-08-22,0.93,0.15000000000000002
534,1986-08-29,1.01,0.07999999999999996
535,1986-09-05,1.07,0.06000000000000005
536,1986-09-12,1.2,0.1299999999999999
537,1986-09-19,1.15,-0.050000000000000044
538,1986-09-26,1.08,-0.06999999999999984
539,1986-10-03,1.15,0.06999999999999984
540,1986-10-10,1.2,0.050000000000000044
541,1986-10-17,1.19,-0.010000000000000009
542,1986-10-24,1.12,-0.06999999999999984
543,1986-10-31,1.08,-0.040000000000000036
544,1986-11-07,1.05,-0.030000000000000027
545,1986-11-14,0.96,-0.09000000000000008
546,1986-11-21,0.96,0.0
547,1986-11-28,0.94,-0.020000000000000018
548,1986-12-05,0.88,-0.05999999999999994
549,1986-12-12,0.89,0.010000000000000009
550,1986-12-19,0.81,-0.07999999999999996
551,1986-12-26,0.78,-0.030000000000000027
552,1987-01-02,0.88,0.09999999999999998
553,1987-01-09,0.82,-0.06000000000000005
554,1987-01-16,0.81,-0.009999999999999898
555,1987-01-23,0.86,0.04999999999999993
556,1987-01-30,0.85,-0.010000000000000009
557,1987-02-06,0.81,-0.039999999999999925
558,1987-02-13,0.85,0.039999999999999925
559,1987-02-20,0.91,0.06000000000000005
560,1987-02-27,0.84,-0.07000000000000006
561,1987-03-06,0.81,-0.029999999999999916
562,1987-03-13,0.8,-0.010000000000000009
563,1987-03-20,0.82,0.019999999999999907
564,1987-03-27,0.84,0.020000000000000018
565,1987-04-03,0.97,0.13
566,1987-04-10,1.01,0.040000000000000036
567,1987-04-17,1.13,0.11999999999999988
568,1987-04-24,0.99,-0.1399999999999999
569,1987-05-01,0.92,-0.06999999999999995
570,1987-05-08,0.86,-0.06000000000000005
571,1987-05-15,0.85,-0.010000000000000009
572,1987-05-22,0.81,-0.039999999999999925
573,1987-05-29,0.8,-0.010000000000000009
574,1987-06-05,0.84,0.039999999999999925
575,1987-06-12,0.81,-0.029999999999999916
576,1987-06-19,0.85,0.039999999999999925
577,1987-06-26,0.81,-0.039999999999999925
578,1987-07-03,0.92,0.10999999999999999
579,1987-07-10,1.0,0.07999999999999996
580,1987-07-17,1.02,0.020000000000000018
581,1987-07-24,1.05,0.030000000000000027
582,1987-07-31,1.03,-0.020000000000000018
583,1987-08-07,1.01,-0.020000000000000018
584,1987-08-14,0.96,-0.050000000000000044
585,1987-08-21,0.98,0.020000000000000018
586,1987-08-28,1.01,0.030000000000000027
587,1987-09-04,1.04,0.030000000000000027
588,1987-09-11,1.02,-0.020000000000000018
589,1987-09-18,1.08,0.06000000000000005
590,1987-09-25,1.05,-0.030000000000000027
591,1987-10-02,0.99,-0.06000000000000005
592,1987-10-09,0.93,-0.05999999999999994
593,1987-10-16,1.01,0.07999999999999996
594,1987-10-23,1.22,0.20999999999999996
595,1987-10-30,1.3,0.08000000000000007
596,1987-11-06,1.14,-0.16000000000000014
597,1987-11-13,1.09,-0.04999999999999982
598,1987-11-20,1.13,0.039999999999999813
599,1987-11-27,1.24,0.1100000000000001
600,1987-12-04,1.22,-0.020000000000000018
601,1987-12-11,1.26,0.040000000000000036
602,1987-12-18,1.07,-0.18999999999999995
603,1987-12-25,0.99,-0.08000000000000007
604,1988-01-01,1.06,0.07000000000000006
605,1988-01-08,1.05,-0.010000000000000009
606,1988-01-15,0.99,-0.06000000000000005
607,1988-01-22,0.98,-0.010000000000000009
608,1988-01-29,1.04,0.06000000000000005
609,1988-02-05,1.02,-0.020000000000000018
610,1988-02-12,1.06,0.040000000000000036
611,1988-02-19,1.05,-0.010000000000000009
612,1988-02-26,1.02,-0.030000000000000027
613,1988-03-04,1.08,0.06000000000000005
614,1988-03-11,1.09,0.010000000000000009
615,1988-03-18,1.18,0.08999999999999986
616,1988-03-25,1.06,-0.11999999999999988
617,1988-04-01,1.16,0.09999999999999987
618,1988-04-08,1.05,-0.10999999999999988
619,1988-04-15,1.14,0.08999999999999986
620,1988-04-22,1.14,0.0
621,1988-04-29,1.14,0.0
622,1988-05-06,1.14,0.0
623,1988-05-13,1.1,-0.039999999999999813
624,1988-05-20,1.14,0.039999999999999813
625,1988-05-27,1.01,-0.1299999999999999
626,1988-06-03,0.91,-0.09999999999999998
627,1988-06-10,0.93,0.020000000000000018
628,1988-06-17,0.92,-0.010000000000000009
629,1988-06-24,0.82,-0.10000000000000009
630,1988-07-01,0.79,-0.029999999999999916
631,1988-07-08,0.79,0.0
632,1988-07-15,0.77,-0.020000000000000018
633,1988-07-22,0.76,-0.010000000000000009
634,1988-07-29,0.73,-0.030000000000000027
635,1988-08-05,0.65,-0.07999999999999996
636,1988-08-12,0.68,0.030000000000000027
637,1988-08-19,0.61,-0.07000000000000006
638,1988-08-26,0.6,-0.010000000000000009
639,1988-09-02,0.55,-0.04999999999999993
640,1988-09-09,0.51,-0.040000000000000036
641,1988-09-16,0.53,0.020000000000000018
642,1988-09-23,0.5,-0.030000000000000027
643,1988-09-30,0.44,-0.06
644,1988-10-07,0.44,0.0
645,1988-10-14,0.48,0.03999999999999998
646,1988-10-21,0.43,-0.04999999999999999
647,1988-10-28,0.42,-0.010000000000000009
648,1988-11-04,0.46,0.040000000000000036
649,1988-11-11,0.3,-0.16000000000000003
650,1988-11-18,0.28,-0.019999999999999962
651,1988-11-25,0.19,-0.09000000000000002
652,1988-12-02,0.06,-0.13
653,1988-12-09,0.04,-0.019999999999999997
654,1988-12-16,-0.01,-0.05
655,1988-12-23,0.01,0.02
656,1988-12-30,0.0,-0.01
657,1989-01-06,-0.07,-0.07
658,1989-01-13,-0.08,-0.009999999999999995
659,1989-01-20,-0.1,-0.020000000000000004
660,1989-01-27,-0.12,-0.01999999999999999
661,1989-02-03,-0.22,-0.1
662,1989-02-10,-0.18,0.04000000000000001
663,1989-02-17,-0.17,0.009999999999999981
664,1989-02-24,-0.28,-0.11000000000000001
665,1989-03-03,-0.19,0.09000000000000002
666,1989-03-10,-0.32,-0.13
667,1989-03-17,-0.35,-0.02999999999999997
668,1989-03-24,-0.38,-0.030000000000000027
669,1989-03-31,-0.43,-0.04999999999999999
670,1989-04-07,-0.3,0.13
671,1989-04-14,-0.25,0.04999999999999999
672,1989-04-21,-0.29,-0.03999999999999998
673,1989-04-28,-0.2,0.08999999999999997
674,1989-05-05,-0.05,0.15000000000000002
675,1989-05-12,-0.01,0.04
676,1989-05-19,-0.23,-0.22
677,1989-05-26,-0.23,0.0
678,1989-06-02,-0.09,0.14
679,1989-06-09,-0.13,-0.04000000000000001
680,1989-06-16,-0.18,-0.04999999999999999
681,1989-06-23,-0.14,0.03999999999999998
682,1989-06-30,0.02,0.16
683,1989-07-07,0.19,0.17
684,1989-07-14,0.21,0.01999999999999999
685,1989-07-21,0.16,-0.04999999999999999
686,1989-07-28,0.31,0.15
687,1989-08-04,0.08,-0.22999999999999998
688,1989-08-11,-0.03,-0.11
689,1989-08-18,-0.11,-0.08
690,1989-08-25,-0.13,-0.020000000000000004
691,1989-09-01,-0.18,-0.04999999999999999
692,1989-09-08,-0.13,0.04999999999999999
693,1989-09-15,0.03,0.16
694,1989-09-22,-0.12,-0.15
695,1989-09-29,-0.15,-0.03
696,1989-10-06,-0.07,0.07999999999999999
697,1989-10-13,0.18,0.25
698,1989-10-20,0.06,-0.12
699,1989-10-27,0.07,0.010000000000000009
700,1989-11-03,-0.05,-0.12000000000000001
701,1989-11-10,0.09,0.14
702,1989-11-17,0.11,0.020000000000000004
703,1989-11-24,0.16,0.05
704,1989-12-01,0.11,-0.05
705,1989-12-08,0.04,-0.07
706,1989-12-15,0.05,0.010000000000000002
707,1989-12-22,0.08,0.03
708,1989-12-29,0.06,-0.020000000000000004
709,1990-01-05,0.09,0.03
710,1990-01-12,0.17,0.08000000000000002
711,1990-01-19,0.06,-0.11000000000000001
712,1990-01-26,0.21,0.15
713,1990-02-02,0.13,-0.07999999999999999
714,1990-02-09,0.06,-0.07
715,1990-02-16,0.06,0.0
716,1990-02-23,0.1,0.04000000000000001
717,1990-03-02,0.06,-0.04000000000000001
718,1990-03-09,-0.08,-0.14
719,1990-03-16,-0.05,0.03
720,1990-03-23,-0.09,-0.039999999999999994
721,1990-03-30,0.01,0.09999999999999999
722,1990-04-06,0.04,0.03
723,1990-04-13,0.07,0.030000000000000006
724,1990-04-20,0.13,0.06
725,1990-04-27,0.08,-0.05
726,1990-05-04,0.14,0.06000000000000001
727,1990-05-11,0.09,-0.05000000000000002
728,1990-05-18,0.12,0.03
729,1990-05-25,0.16,0.04000000000000001
730,1990-06-01,0.11,-0.05
731,1990-06-08,0.13,0.020000000000000004
732,1990-06-15,0.13,0.0
733,1990-06-22,0.11,-0.020000000000000004
734,1990-06-29,0.19,0.08
735,1990-07-06,0.19,0.0
736,1990-07-13,0.32,0.13
737,1990-07-20,0.4,0.08000000000000002
738,1990-07-27,0.42,0.019999999999999962
739,1990-08-03,0.64,0.22000000000000003
740,1990-08-10,0.73,0.08999999999999997
741,1990-08-17,0.69,-0.040000000000000036
742,1990-08-24,0.73,0.040000000000000036
743,1990-08-31,0.79,0.06000000000000005
744,1990-09-07,0.77,-0.020000000000000018
745,1990-09-14,0.84,0.06999999999999995
746,1990-09-21,0.87,0.030000000000000027
747,1990-09-28,0.8,-0.06999999999999995
748,1990-10-05,0.84,0.039999999999999925
749,1990-10-12,0.9,0.06000000000000005
750,1990-10-19,0.77,-0.13
751,1990-10-26,0.83,0.05999999999999994
752,1990-11-02,0.89,0.06000000000000005
753,1990-11-09,0.88,-0.010000000000000009
754,1990-11-16,0.72,-0.16000000000000003
755,1990-11-23,0.75,0.030000000000000027
756,1990-11-30,0.73,-0.020000000000000018
757,1990-12-07,0.7,-0.030000000000000027
758,1990-12-14,0.7,0.0
759,1990-12-21,0.81,0.1100000000000001
760,1990-12-28,0.89,0.07999999999999996
761,1991-01-04,0.85,-0.040000000000000036
762,1991-01-11,1.06,0.21000000000000008
763,1991-01-18,0.89,-0.17000000000000004
764,1991-01-25,0.96,0.06999999999999995
765,1991-02-01,1.08,0.1200000000000001
766,1991-02-08,0.97,-0.1100000000000001
767,1991-02-15,0.96,-0.010000000000000009
768,1991-02-22,0.93,-0.029999999999999916
769,1991-03-01,0.94,0.009999999999999898
770,1991-03-08,1.05,0.1100000000000001
771,1991-03-15,1.09,0.040000000000000036
772,1991-03-22,1.0,-0.09000000000000008
773,1991-03-29,1.03,0.030000000000000027
774,1991-04-05,1.07,0.040000000000000036
775,1991-04-12,1.1,0.030000000000000027
776,1991-04-19,1.07,-0.030000000000000027
777,1991-04-26,1.17,0.09999999999999987
778,1991-05-03,1.24,0.07000000000000006
779,1991-05-10,1.25,0.010000000000000009
780,1991-05-17,1.22,-0.030000000000000027
781,1991-05-24,1.41,0.18999999999999995
782,1991-05-31,1.38,-0.030000000000000027
783,1991-06-07,1.31,-0.06999999999999984
784,1991-06-14,1.27,-0.040000000000000036
785,1991-06-21,1.38,0.10999999999999988
786,1991-06-28,1.34,-0.039999999999999813
787,1991-07-05,1.3,-0.040000000000000036
788,1991-07-12,1.38,0.07999999999999985
789,1991-07-19,1.39,0.010000000000000009
790,1991-07-26,1.35,-0.039999999999999813
791,1991-08-02,1.37,0.020000000000000018
792,1991-08-09,1.49,0.11999999999999988
793,1991-08-16,1.53,0.040000000000000036
794,1991-08-23,1.42,-0.1100000000000001
795,1991-08-30,1.46,0.040000000000000036
796,1991-09-06,1.5,0.040000000000000036
797,1991-09-13,1.48,-0.020000000000000018
798,1991-09-20,1.39,-0.09000000000000008
799,1991-09-27,1.47,0.08000000000000007
800,1991-10-04,1.48,0.010000000000000009
801,1991-10-11,1.58,0.10000000000000009
802,1991-10-18,1.58,0.0
803,1991-10-25,1.75,0.16999999999999993
804,1991-11-01,1.83,0.08000000000000007
805,1991-11-08,1.78,-0.050000000000000044
806,1991-11-15,1.79,0.010000000000000009
807,1991-11-22,1.95,0.15999999999999992
808,1991-11-29,2.0,0.050000000000000044
809,1991-12-06,2.07,0.06999999999999984
810,1991-12-13,2.13,0.06000000000000005
811,1991-12-20,2.17,0.040000000000000036
812,1991-12-27,1.97,-0.19999999999999996
813,1992-01-03,2.05,0.07999999999999985
814,1992-01-10,2.0,-0.04999999999999982
815,1992-01-17,2.07,0.06999999999999984
816,1992-01-24,2.12,0.050000000000000266
817,1992-01-31,2.2,0.08000000000000007
818,1992-02-07,2.23,0.029999999999999805
819,1992-02-14,2.14,-0.08999999999999986
820,1992-02-21,1.99,-0.15000000000000013
821,1992-02-28,2.0,0.010000000000000009
822,1992-03-06,1.88,-0.1200000000000001
823,1992-03-13,1.85,-0.029999999999999805
824,1992-03-20,1.78,-0.07000000000000006
825,1992-03-27,1.86,0.08000000000000007
826,1992-04-03,2.05,0.18999999999999972
827,1992-04-10,2.21,0.16000000000000014
828,1992-04-17,2.11,-0.10000000000000009
829,1992-04-24,2.22,0.11000000000000032
830,1992-05-01,2.23,0.009999999999999787
831,1992-05-08,2.12,-0.10999999999999988
832,1992-05-15,2.17,0.04999999999999982
833,1992-05-22,2.11,-0.06000000000000005
834,1992-05-29,2.14,0.03000000000000025
835,1992-06-05,2.18,0.040000000000000036
836,1992-06-12,2.23,0.04999999999999982
837,1992-06-19,2.24,0.010000000000000231
838,1992-06-26,2.27,0.029999999999999805
839,1992-07-03,2.38,0.10999999999999988
840,1992-07-10,2.55,0.16999999999999993
841,1992-07-17,2.63,0.08000000000000007
842,1992-07-24,2.48,-0.1499999999999999
843,1992-07-31,2.3,-0.18000000000000016
844,1992-08-07,2.39,0.0900000000000003
845,1992-08-14,2.39,0.0
846,1992-08-21,2.4,0.009999999999999787
847,1992-08-28,2.47,0.07000000000000028
848,1992-09-04,2.51,0.03999999999999959
849,1992-09-11,2.5,-0.009999999999999787
850,1992-09-18,2.55,0.04999999999999982
851,1992-09-25,2.63,0.08000000000000007
852,1992-10-02,2.55,-0.08000000000000007
853,1992-10-09,2.52,-0.029999999999999805
854,1992-10-16,2.56,0.040000000000000036
855,1992-10-23,2.46,-0.10000000000000009
856,1992-10-30,2.4,-0.06000000000000005
857,1992-11-06,2.49,0.0900000000000003
858,1992-11-13,2.28,-0.2100000000000004
859,1992-11-20,2.18,-0.09999999999999964
860,1992-11-27,2.16,-0.020000000000000018
861,1992-12-04,2.14,-0.020000000000000018
862,1992-12-11,2.02,-0.1200000000000001
863,1992-12-18,2.1,0.08000000000000007
864,1992-12-25,2.09,-0.010000000000000231
865,1993-01-01,2.14,0.050000000000000266
866,1993-01-08,2.25,0.10999999999999988
867,1993-01-15,2.29,0.040000000000000036
868,1993-01-22,2.27,-0.020000000000000018
869,1993-01-29,2.19,-0.08000000000000007
870,1993-02-05,2.25,0.06000000000000005
871,1993-02-12,2.15,-0.10000000000000009
872,1993-02-19,2.16,0.010000000000000231
873,1993-02-26,2.11,-0.050000000000000266
874,1993-03-05,1.99,-0.11999999999999988
875,1993-03-12,2.0,0.010000000000000009
876,1993-03-19,2.0,0.0
877,1993-03-26,2.07,0.06999999999999984
878,1993-04-02,2.17,0.10000000000000009
879,1993-04-09,2.12,-0.04999999999999982
880,1993-04-16,2.09,-0.03000000000000025
881,1993-04-23,2.14,0.050000000000000266
882,1993-04-30,2.22,0.08000000000000007
883,1993-05-07,2.13,-0.0900000000000003
884,1993-05-14,2.06,-0.06999999999999984
885,1993-05-21,2.02,-0.040000000000000036
886,1993-05-28,1.92,-0.10000000000000009
887,1993-06-04,1.8,-0.11999999999999988
888,1993-06-11,1.82,0.020000000000000018
889,1993-06-18,1.81,-0.010000000000000009
890,1993-06-25,1.74,-0.07000000000000006
891,1993-07-02,1.83,0.09000000000000008
892,1993-07-09,1.78,-0.050000000000000044
893,1993-07-16,1.72,-0.06000000000000005
894,1993-07-23,1.7,-0.020000000000000018
895,1993-07-30,1.7,0.0
896,1993-08-06,1.77,0.07000000000000006
897,1993-08-13,1.72,-0.050000000000000044
898,1993-08-20,1.68,-0.040000000000000036
899,1993-08-27,1.61,-0.06999999999999984
900,1993-09-03,1.6,-0.010000000000000009
901,1993-09-10,1.49,-0.1100000000000001
902,1993-09-17,1.49,0.0
903,1993-09-24,1.52,0.030000000000000027
904,1993-10-01,1.5,-0.020000000000000018
905,1993-10-08,1.48,-0.020000000000000018
906,1993-10-15,1.38,-0.10000000000000009
907,1993-10-22,1.51,0.13000000000000012
908,1993-10-29,1.44,-0.07000000000000006
909,1993-11-05,1.55,0.1100000000000001
910,1993-11-12,1.55,0.0
911,1993-11-19,1.62,0.07000000000000006
912,1993-11-26,1.62,0.0
913,1993-12-03,1.56,-0.06000000000000005
914,1993-12-10,1.52,-0.040000000000000036
915,1993-12-17,1.61,0.09000000000000008
916,1993-12-24,1.54,-0.07000000000000006
917,1993-12-31,1.58,0.040000000000000036
918,1994-01-07,1.61,0.030000000000000027
919,1994-01-14,1.61,0.0
920,1994-01-21,1.64,0.029999999999999805
921,1994-01-28,1.6,-0.039999999999999813
922,1994-02-04,1.52,-0.08000000000000007
923,1994-02-11,1.44,-0.08000000000000007
924,1994-02-18,1.52,0.08000000000000007
925,1994-02-25,1.49,-0.030000000000000027
926,1994-03-04,1.5,0.010000000000000009
927,1994-03-11,1.51,0.010000000000000009
928,1994-03-18,1.46,-0.050000000000000044
929,1994-03-25,1.51,0.050000000000000044
930,1994-04-01,1.56,0.050000000000000044
931,1994-04-08,1.51,-0.050000000000000044
932,1994-04-15,1.46,-0.050000000000000044
933,1994-04-22,1.31,-0.1499999999999999
934,1994-04-29,1.33,0.020000000000000018
935,1994-05-06,1.23,-0.10000000000000009
936,1994-05-13,1.24,0.010000000000000009
937,1994-05-20,1.22,-0.020000000000000018
938,1994-05-27,1.15,-0.07000000000000006
939,1994-06-03,1.14,-0.010000000000000009
940,1994-06-10,1.18,0.040000000000000036
941,1994-06-17,1.26,0.08000000000000007
942,1994-06-24,1.16,-0.10000000000000009
943,1994-07-01,1.15,-0.010000000000000009
944,1994-07-08,1.17,0.020000000000000018
945,1994-07-15,1.21,0.040000000000000036
946,1994-07-22,1.14,-0.07000000000000006
947,1994-07-29,1.13,-0.010000000000000009
948,1994-08-05,1.1,-0.029999999999999805
949,1994-08-12,1.05,-0.050000000000000044
950,1994-08-19,1.04,-0.010000000000000009
951,1994-08-26,1.03,-0.010000000000000009
952,1994-09-02,1.04,0.010000000000000009
953,1994-09-09,1.09,0.050000000000000044
954,1994-09-16,1.1,0.010000000000000009
955,1994-09-23,1.05,-0.050000000000000044
956,1994-09-30,1.0,-0.050000000000000044
957,1994-10-07,1.05,0.050000000000000044
958,1994-10-14,1.04,-0.010000000000000009
959,1994-10-21,1.01,-0.030000000000000027
960,1994-10-28,1.0,-0.010000000000000009
961,1994-11-04,0.99,-0.010000000000000009
962,1994-11-11,0.92,-0.06999999999999995
963,1994-11-18,0.78,-0.14
964,1994-11-25,0.61,-0.17000000000000004
965,1994-12-02,0.37,-0.24
966,1994-12-09,0.26,-0.10999999999999999
967,1994-12-16,0.22,-0.04000000000000001
968,1994-12-23,0.11,-0.11
969,1994-12-30,0.15,0.039999999999999994
970,1995-01-06,0.23,0.08000000000000002
971,1995-01-13,0.3,0.06999999999999998
972,1995-01-20,0.32,0.020000000000000018
973,1995-01-27,0.37,0.04999999999999999
974,1995-02-03,0.35,-0.020000000000000018
975,1995-02-10,0.29,-0.06
976,1995-02-17,0.36,0.07
977,1995-02-24,0.44,0.08000000000000002
978,1995-03-03,0.47,0.02999999999999997
979,1995-03-10,0.4,-0.06999999999999995
980,1995-03-17,0.43,0.02999999999999997
981,1995-03-24,0.45,0.020000000000000018
982,1995-03-31,0.4,-0.04999999999999999
983,1995-04-07,0.46,0.06
984,1995-04-14,0.52,0.06
985,1995-04-21,0.57,0.04999999999999993
986,1995-04-28,0.47,-0.09999999999999998
987,1995-05-05,0.53,0.06000000000000005
988,1995-05-12,0.47,-0.06000000000000005
989,1995-05-19,0.42,-0.04999999999999999
990,1995-05-26,0.43,0.010000000000000009
991,1995-06-02,0.56,0.13000000000000006
992,1995-06-09,0.39,-0.17000000000000004
993,1995-06-16,0.44,0.04999999999999999
994,1995-06-23,0.42,-0.020000000000000018
995,1995-06-30,0.42,0.0
996,1995-07-07,0.5,0.08000000000000002
997,1995-07-14,0.45,-0.04999999999999999
998,1995-07-21,0.58,0.12999999999999995
999,1995-07-28,0.57,-0.010000000000000009
1000,1995-08-04,0.59,0.020000000000000018
1001,1995-08-11,0.54,-0.04999999999999993
1002,1995-08-18,0.44,-0.10000000000000003
1003,1995-08-25,0.48,0.03999999999999998
1004,1995-09-01,0.44,-0.03999999999999998
1005,1995-09-08,0.39,-0.04999999999999999
1006,1995-09-15,0.4,0.010000000000000009
1007,1995-09-22,0.4,0.0
1008,1995-09-29,0.34,-0.06
1009,1995-10-06,0.33,-0.010000000000000009
1010,1995-10-13,0.3,-0.030000000000000027
1011,1995-10-20,0.32,0.020000000000000018
1012,1995-10-27,0.41,0.08999999999999997
1013,1995-11-03,0.45,0.040000000000000036
1014,1995-11-10,0.48,0.02999999999999997
1015,1995-11-17,0.46,-0.019999999999999962
1016,1995-11-24,0.42,-0.040000000000000036
1017,1995-12-01,0.39,-0.02999999999999997
1018,1995-12-08,0.34,-0.04999999999999999
1019,1995-12-15,0.39,0.04999999999999999
1020,1995-12-22,0.43,0.03999999999999998
1021,1995-12-29,0.4,-0.02999999999999997
1022,1996-01-05,0.49,0.08999999999999997
1023,1996-01-12,0.58,0.08999999999999997
1024,1996-01-19,0.51,-0.06999999999999995
1025,1996-01-26,0.57,0.05999999999999994
1026,1996-02-02,0.76,0.19000000000000006
1027,1996-02-09,0.81,0.050000000000000044
1028,1996-02-16,0.86,0.04999999999999993
1029,1996-02-23,0.84,-0.020000000000000018
1030,1996-03-01,0.73,-0.10999999999999999
1031,1996-03-08,0.68,-0.04999999999999993
1032,1996-03-15,0.59,-0.09000000000000008
1033,1996-03-22,0.58,-0.010000000000000009
1034,1996-03-29,0.55,-0.029999999999999916
1035,1996-04-05,0.48,-0.07000000000000006
1036,1996-04-12,0.56,0.08000000000000007
1037,1996-04-19,0.58,0.019999999999999907
1038,1996-04-26,0.62,0.040000000000000036
1039,1996-05-03,0.7,0.07999999999999996
1040,1996-05-10,0.71,0.010000000000000009
1041,1996-05-17,0.61,-0.09999999999999998
1042,1996-05-24,0.62,0.010000000000000009
1043,1996-05-31,0.58,-0.040000000000000036
1044,1996-06-07,0.53,-0.04999999999999993
1045,1996-06-14,0.66,0.13
1046,1996-06-21,0.61,-0.050000000000000044
1047,1996-06-28,0.62,0.010000000000000009
1048,1996-07-05,0.62,0.0
1049,1996-07-12,0.59,-0.030000000000000027
1050,1996-07-19,0.6,0.010000000000000009
1051,1996-07-26,0.6,0.0
1052,1996-08-02,0.6,0.0
1053,1996-08-09,0.57,-0.030000000000000027
1054,1996-08-16,0.61,0.040000000000000036
1055,1996-08-23,0.63,0.020000000000000018
1056,1996-08-30,0.62,-0.010000000000000009
1057,1996-09-06,0.61,-0.010000000000000009
1058,1996-09-13,0.64,0.030000000000000027
1059,1996-09-20,0.59,-0.050000000000000044
1060,1996-09-27,0.61,0.020000000000000018
1061,1996-10-04,0.63,0.020000000000000018
1062,1996-10-11,0.63,0.0
1063,1996-10-18,0.61,-0.020000000000000018
1064,1996-10-25,0.64,0.030000000000000027
1065,1996-11-01,0.59,-0.050000000000000044
1066,1996-11-08,0.53,-0.05999999999999994
1067,1996-11-15,0.51,-0.020000000000000018
1068,1996-11-22,0.46,-0.04999999999999999
1069,1996-11-29,0.47,0.009999999999999953
1070,1996-12-06,0.53,0.06000000000000005
1071,1996-12-13,0.56,0.030000000000000027
1072,1996-12-20,0.52,-0.040000000000000036
1073,1996-12-27,0.49,-0.030000000000000027
1074,1997-01-03,0.57,0.07999999999999996
1075,1997-01-10,0.57,0.0
1076,1997-01-17,0.56,-0.009999999999999898
1077,1997-01-24,0.57,0.009999999999999898
1078,1997-01-31,0.59,0.020000000000000018
1079,1997-02-07,0.57,-0.020000000000000018
1080,1997-02-14,0.49,-0.07999999999999996
1081,1997-02-21,0.51,0.020000000000000018
1082,1997-02-28,0.47,-0.040000000000000036
1083,1997-03-07,0.47,0.0
1084,1997-03-14,0.53,0.06000000000000005
1085,1997-03-21,0.45,-0.08000000000000002
1086,1997-03-28,0.45,0.0
1087,1997-04-04,0.48,0.02999999999999997
1088,1997-04-11,0.45,-0.02999999999999997
1089,1997-04-18,0.42,-0.030000000000000027
1090,1997-04-25,0.4,-0.019999999999999962
1091,1997-05-02,0.42,0.019999999999999962
1092,1997-05-09,0.43,0.010000000000000009
1093,1997-05-16,0.42,-0.010000000000000009
1094,1997-05-23,0.49,0.07
1095,1997-05-30,0.45,-0.03999999999999998
1096,1997-06-06,0.39,-0.06
1097,1997-06-13,0.4,0.010000000000000009
1098,1997-06-20,0.35,-0.050000000000000044
1099,1997-06-27,0.43,0.08000000000000002
1100,1997-07-04,0.38,-0.04999999999999999
1101,1997-07-11,0.34,-0.03999999999999998
1102,1997-07-18,0.33,-0.010000000000000009
1103,1997-07-25,0.31,-0.020000000000000018
1104,1997-08-01,0.31,0.0
1105,1997-08-08,0.36,0.04999999999999999
1106,1997-08-15,0.4,0.040000000000000036
1107,1997-08-22,0.4,0.0
1108,1997-08-29,0.37,-0.030000000000000027
1109,1997-09-05,0.39,0.020000000000000018
1110,1997-09-12,0.36,-0.030000000000000027
1111,1997-09-19,0.28,-0.07999999999999996
1112,1997-09-26,0.28,0.0
1113,1997-10-03,0.29,0.009999999999999953
1114,1997-10-10,0.29,0.0
1115,1997-10-17,0.26,-0.02999999999999997
1116,1997-10-24,0.22,-0.04000000000000001
1117,1997-10-31,0.21,-0.010000000000000009
1118,1997-11-07,0.19,-0.01999999999999999
1119,1997-11-14,0.16,-0.03
1120,1997-11-21,0.14,-0.01999999999999999
1121,1997-11-28,0.1,-0.04000000000000001
1122,1997-12-05,0.12,0.01999999999999999
1123,1997-12-12,0.11,-0.009999999999999995
1124,1997-12-19,0.06,-0.05
1125,1997-12-26,0.06,0.0
1126,1998-01-02,0.08,0.020000000000000004
1127,1998-01-09,0.23,0.15000000000000002
1128,1998-01-16,0.19,-0.04000000000000001
1129,1998-01-23,0.28,0.09000000000000002
1130,1998-01-30,0.21,-0.07000000000000003
1131,1998-02-06,0.24,0.03
1132,1998-02-13,0.13,-0.10999999999999999
1133,1998-02-20,0.13,0.0
1134,1998-02-27,0.07,-0.06
1135,1998-03-06,0.15,0.07999999999999999
1136,1998-03-13,0.08,-0.06999999999999999
1137,1998-03-20,0.05,-0.03
1138,1998-03-27,0.05,0.0
1139,1998-04-03,0.05,0.0
1140,1998-04-10,0.09,0.039999999999999994
1141,1998-04-17,0.05,-0.039999999999999994
1142,1998-04-24,0.06,0.009999999999999995
1143,1998-05-01,0.08,0.020000000000000004
1144,1998-05-08,0.1,0.020000000000000004
1145,1998-05-15,0.05,-0.05
1146,1998-05-22,0.01,-0.04
1147,1998-05-29,0.03,0.019999999999999997
1148,1998-06-05,0.0,-0.03
1149,1998-06-12,0.0,0.0
1150,1998-06-19,-0.05,-0.05
1151,1998-06-26,-0.05,0.0
1152,1998-07-03,-0.02,0.030000000000000002
1153,1998-07-10,0.01,0.03
1154,1998-07-17,0.05,0.04
1155,1998-07-24,-0.03,-0.08
1156,1998-07-31,0.01,0.04
1157,1998-08-07,0.06,0.049999999999999996
1158,1998-08-14,0.06,0.0
1159,1998-08-21,0.07,0.010000000000000009
1160,1998-08-28,0.16,0.09
1161,1998-09-04,0.11,-0.05
1162,1998-09-11,0.17,0.06000000000000001
1163,1998-09-18,0.09,-0.08000000000000002
1164,1998-09-25,0.17,0.08000000000000002
1165,1998-10-02,0.14,-0.03
1166,1998-10-09,0.58,0.43999999999999995
1167,1998-10-16,0.58,0.0
1168,1998-10-23,0.5,-0.07999999999999996
1169,1998-10-30,0.52,0.020000000000000018
1170,1998-11-06,0.34,-0.18
1171,1998-11-13,0.28,-0.06
1172,1998-11-20,0.16,-0.12000000000000002
1173,1998-11-27,0.19,0.03
1174,1998-12-04,0.16,-0.03
1175,1998-12-11,0.15,-0.010000000000000009
1176,1998-12-18,0.13,-0.01999999999999999
1177,1998-12-25,0.08,-0.05
1178,1999-01-01,0.11,0.03
1179,1999-01-08,0.15,0.039999999999999994
1180,1999-01-15,0.1,-0.04999999999999999
1181,1999-01-22,0.05,-0.05
1182,1999-01-29,0.08,0.03
1183,1999-02-05,0.14,0.06000000000000001
1184,1999-02-12,0.15,0.009999999999999981
1185,1999-02-19,0.12,-0.03
1186,1999-02-26,0.16,0.04000000000000001
1187,1999-03-05,0.2,0.04000000000000001
1188,1999-03-12,0.16,-0.04000000000000001
1189,1999-03-19,0.13,-0.03
1190,1999-03-26,0.22,0.09
1191,1999-04-02,0.24,0.01999999999999999
1192,1999-04-09,0.17,-0.06999999999999998
1193,1999-04-16,0.21,0.03999999999999998
1194,1999-04-23,0.22,0.010000000000000009
1195,1999-04-30,0.28,0.060000000000000026
1196,1999-05-07,0.35,0.06999999999999995
1197,1999-05-14,0.32,-0.02999999999999997
1198,1999-05-21,0.22,-0.1
1199,1999-05-28,0.22,0.0
1200,1999-06-04,0.26,0.04000000000000001
1201,1999-06-11,0.32,0.06
1202,1999-06-18,0.28,-0.03999999999999998
1203,1999-06-25,0.29,0.009999999999999953
1204,1999-07-02,0.24,-0.04999999999999999
1205,1999-07-09,0.23,-0.009999999999999981
1206,1999-07-16,0.18,-0.05000000000000002
1207,1999-07-23,0.26,0.08000000000000002
1208,1999-07-30,0.29,0.02999999999999997
1209,1999-08-06,0.33,0.040000000000000036
1210,1999-08-13,0.27,-0.06
1211,1999-08-20,0.23,-0.04000000000000001
1212,1999-08-27,0.2,-0.03
1213,1999-09-03,0.25,0.04999999999999999
1214,1999-09-10,0.25,0.0
1215,1999-09-17,0.24,-0.010000000000000009
1216,1999-09-24,0.2,-0.03999999999999998
1217,1999-10-01,0.27,0.07
1218,1999-10-08,0.24,-0.030000000000000027
1219,1999-10-15,0.27,0.030000000000000027
1220,1999-10-22,0.25,-0.020000000000000018
1221,1999-10-29,0.23,-0.01999999999999999
1222,1999-11-05,0.2,-0.03
1223,1999-11-12,0.15,-0.05000000000000002
1224,1999-11-19,0.15,0.0
1225,1999-11-26,0.13,-0.01999999999999999
1226,1999-12-03,0.18,0.04999999999999999
1227,1999-12-10,0.15,-0.03
1228,1999-12-17,0.15,0.0
1229,1999-12-24,0.17,0.020000000000000018
1230,1999-12-31,0.21,0.03999999999999998
1231,2000-01-07,0.21,0.0
1232,2000-01-14,0.25,0.04000000000000001
1233,2000-01-21,0.31,0.06
1234,2000-01-28,0.08,-0.22999999999999998
1235,2000-02-04,-0.1,-0.18
1236,2000-02-11,-0.02,0.08
1237,2000-02-18,-0.17,-0.15000000000000002
1238,2000-02-25,-0.09,0.08000000000000002
1239,2000-03-03,-0.11,-0.020000000000000004
1240,2000-03-10,-0.16,-0.05
1241,2000-03-17,-0.3,-0.13999999999999999
1242,2000-03-24,-0.44,-0.14
1243,2000-03-31,-0.47,-0.02999999999999997
1244,2000-04-07,-0.52,-0.050000000000000044
1245,2000-04-14,-0.42,0.10000000000000003
1246,2000-04-21,-0.39,0.02999999999999997
1247,2000-04-28,-0.45,-0.06
1248,2000-05-05,-0.33,0.12
1249,2000-05-12,-0.4,-0.07
1250,2000-05-19,-0.35,0.050000000000000044
1251,2000-05-26,-0.36,-0.010000000000000009
1252,2000-06-02,-0.37,-0.010000000000000009
1253,2000-06-09,-0.43,-0.06
1254,2000-06-16,-0.39,0.03999999999999998
1255,2000-06-23,-0.36,0.030000000000000027
1256,2000-06-30,-0.35,0.010000000000000009
1257,2000-07-07,-0.28,0.06999999999999995
1258,2000-07-14,-0.31,-0.02999999999999997
1259,2000-07-21,-0.31,0.0
1260,2000-07-28,-0.26,0.04999999999999999
1261,2000-08-04,-0.24,0.020000000000000018
1262,2000-08-11,-0.46,-0.22000000000000003
1263,2000-08-18,-0.49,-0.02999999999999997
1264,2000-08-25,-0.46,0.02999999999999997
1265,2000-09-01,-0.41,0.050000000000000044
1266,2000-09-08,-0.38,0.02999999999999997
1267,2000-09-15,-0.23,0.15
1268,2000-09-22,-0.24,-0.009999999999999981
1269,2000-09-29,-0.18,0.06
1270,2000-10-06,-0.16,0.01999999999999999
1271,2000-10-13,-0.11,0.05
1272,2000-10-20,-0.2,-0.09000000000000001
1273,2000-10-27,-0.22,-0.01999999999999999
1274,2000-11-03,-0.11,0.11
1275,2000-11-10,-0.1,0.009999999999999995
1276,2000-11-17,-0.17,-0.07
1277,2000-11-24,-0.23,-0.06
1278,2000-12-01,-0.1,0.13
1279,2000-12-08,-0.15,-0.04999999999999999
1280,2000-12-15,-0.18,-0.03
1281,2000-12-22,-0.08,0.09999999999999999
1282,2000-12-29,0.01,0.09
1283,2001-01-05,0.37,0.36
1284,2001-01-12,0.35,-0.020000000000000018
1285,2001-01-19,0.44,0.09000000000000002
1286,2001-01-26,0.51,0.07
1287,2001-02-02,0.52,0.010000000000000009
1288,2001-02-09,0.36,-0.16000000000000003
1289,2001-02-16,0.36,0.0
1290,2001-02-23,0.57,0.20999999999999996
1291,2001-03-02,0.47,-0.09999999999999998
1292,2001-03-09,0.48,0.010000000000000009
1293,2001-03-16,0.52,0.040000000000000036
1294,2001-03-23,0.56,0.040000000000000036
1295,2001-03-30,0.75,0.18999999999999995
1296,2001-04-06,0.82,0.06999999999999995
1297,2001-04-13,0.81,-0.009999999999999898
1298,2001-04-20,1.03,0.21999999999999997
1299,2001-04-27,1.06,0.030000000000000027
1300,2001-05-04,1.07,0.010000000000000009
1301,2001-05-11,1.15,0.07999999999999985
1302,2001-05-18,1.04,-0.10999999999999988
1303,2001-05-25,1.21,0.16999999999999993
1304,2001-06-01,1.17,-0.040000000000000036
1305,2001-06-08,1.21,0.040000000000000036
1306,2001-06-15,1.26,0.050000000000000044
1307,2001-06-22,1.21,-0.050000000000000044
1308,2001-06-29,1.17,-0.040000000000000036
1309,2001-07-06,1.25,0.08000000000000007
1310,2001-07-13,1.15,-0.10000000000000009
1311,2001-07-20,1.17,0.020000000000000018
1312,2001-07-27,1.26,0.09000000000000008
1313,2001-08-03,1.29,0.030000000000000027
1314,2001-08-10,1.26,-0.030000000000000027
1315,2001-08-17,1.17,-0.09000000000000008
1316,2001-08-24,1.17,0.0
1317,2001-08-31,1.21,0.040000000000000036
1318,2001-09-07,1.27,0.06000000000000005
1319,2001-09-14,1.7,0.42999999999999994
1320,2001-09-21,1.79,0.09000000000000008
1321,2001-09-28,1.74,-0.050000000000000044
1322,2001-10-05,1.81,0.07000000000000006
1323,2001-10-12,1.87,0.06000000000000005
1324,2001-10-19,1.86,-0.010000000000000009
1325,2001-10-26,1.9,0.039999999999999813
1326,2001-11-02,1.89,-0.010000000000000009
1327,2001-11-09,1.89,0.0
1328,2001-11-16,1.82,-0.06999999999999984
1329,2001-11-23,1.84,0.020000000000000018
1330,2001-11-30,1.94,0.09999999999999987
1331,2001-12-07,2.01,0.06999999999999984
1332,2001-12-14,2.04,0.03000000000000025
1333,2001-12-21,1.95,-0.09000000000000008
1334,2001-12-28,1.99,0.040000000000000036
1335,2002-01-04,1.99,0.0
1336,2002-01-11,2.16,0.17000000000000015
1337,2002-01-18,2.03,-0.13000000000000034
1338,2002-01-25,1.93,-0.09999999999999987
1339,2002-02-01,1.94,0.010000000000000009
1340,2002-02-08,1.95,0.010000000000000009
1341,2002-02-15,1.89,-0.06000000000000005
1342,2002-02-22,1.87,-0.019999999999999796
1343,2002-03-01,1.8,-0.07000000000000006
1344,2002-03-08,1.73,-0.07000000000000006
1345,2002-03-15,1.72,-0.010000000000000009
1346,2002-03-22,1.63,-0.09000000000000008
1347,2002-03-29,1.7,0.07000000000000006
1348,2002-04-05,1.73,0.030000000000000027
1349,2002-04-12,1.77,0.040000000000000036
1350,2002-04-19,1.85,0.08000000000000007
1351,2002-04-26,1.86,0.010000000000000009
1352,2002-05-03,1.91,0.04999999999999982
1353,2002-05-10,1.96,0.050000000000000044
1354,2002-05-17,1.86,-0.09999999999999987
1355,2002-05-24,1.88,0.019999999999999796
1356,2002-05-31,1.86,-0.019999999999999796
1357,2002-06-07,1.94,0.07999999999999985
1358,2002-06-14,1.91,-0.030000000000000027
1359,2002-06-21,1.91,0.0
1360,2002-06-28,1.96,0.050000000000000044
1361,2002-07-05,2.0,0.040000000000000036
1362,2002-07-12,2.07,0.06999999999999984
1363,2002-07-19,2.13,0.06000000000000005
1364,2002-07-26,2.23,0.10000000000000009
1365,2002-08-02,2.34,0.10999999999999988
1366,2002-08-09,2.17,-0.16999999999999993
1367,2002-08-16,2.04,-0.1299999999999999
1368,2002-08-23,2.06,0.020000000000000018
1369,2002-08-30,2.0,-0.06000000000000005
1370,2002-09-06,1.97,-0.030000000000000027
1371,2002-09-13,1.85,-0.11999999999999988
1372,2002-09-20,1.85,0.0
1373,2002-09-27,1.87,0.020000000000000018
1374,2002-10-04,1.91,0.039999999999999813
1375,2002-10-11,1.98,0.07000000000000006
1376,2002-10-18,2.05,0.06999999999999984
1377,2002-10-25,2.14,0.0900000000000003
1378,2002-11-01,2.25,0.10999999999999988
1379,2002-11-08,1.98,-0.27
1380,2002-11-15,2.14,0.16000000000000014
1381,2002-11-22,2.08,-0.06000000000000005
1382,2002-11-29,2.14,0.06000000000000005
1383,2002-12-06,2.2,0.06000000000000005
1384,2002-12-13,2.2,0.0
1385,2002-12-20,2.21,0.009999999999999787
1386,2002-12-27,2.23,0.020000000000000018
1387,2003-01-03,2.26,0.029999999999999805
1388,2003-01-10,2.37,0.11000000000000032
1389,2003-01-17,2.35,-0.020000000000000018
1390,2003-01-24,2.28,-0.07000000000000028
1391,2003-01-31,2.28,0.0
1392,2003-02-07,2.33,0.050000000000000266
1393,2003-02-14,2.33,0.0
1394,2003-02-21,2.27,-0.06000000000000005
1395,2003-02-28,2.18,-0.08999999999999986
1396,2003-03-07,2.24,0.06000000000000005
1397,2003-03-14,2.16,-0.08000000000000007
1398,2003-03-21,2.31,0.1499999999999999
1399,2003-03-28,2.36,0.04999999999999982
1400,2003-04-04,2.41,0.050000000000000266
1401,2003-04-11,2.35,-0.06000000000000005
1402,2003-04-18,2.27,-0.08000000000000007
1403,2003-04-25,2.34,0.06999999999999984
1404,2003-05-02,2.38,0.040000000000000036
1405,2003-05-09,2.24,-0.13999999999999968
1406,2003-05-16,2.08,-0.16000000000000014
1407,2003-05-23,1.96,-0.1200000000000001
1408,2003-05-30,2.04,0.08000000000000007
1409,2003-06-06,2.1,0.06000000000000005
1410,2003-06-13,2.03,-0.07000000000000028
1411,2003-06-20,2.18,0.15000000000000036
1412,2003-06-27,2.2,0.020000000000000018
1413,2003-07-04,2.35,0.1499999999999999
1414,2003-07-11,2.37,0.020000000000000018
1415,2003-07-18,2.49,0.1200000000000001
1416,2003-07-25,2.7,0.20999999999999996
1417,2003-08-01,2.59,-0.11000000000000032
1418,2003-08-08,2.55,-0.040000000000000036
1419,2003-08-15,2.7,0.15000000000000036
1420,2003-08-22,2.51,-0.1900000000000004
1421,2003-08-29,2.5,-0.009999999999999787
1422,2003-09-05,2.63,0.1299999999999999
1423,2003-09-12,2.61,-0.020000000000000018
1424,2003-09-19,2.47,-0.13999999999999968
1425,2003-09-26,2.44,-0.03000000000000025
1426,2003-10-03,2.56,0.1200000000000001
1427,2003-10-10,2.64,0.08000000000000007
1428,2003-10-17,2.51,-0.13000000000000034
1429,2003-10-24,2.48,-0.029999999999999805
1430,2003-10-31,2.48,0.0
1431,2003-11-07,2.44,-0.040000000000000036
1432,2003-11-14,2.38,-0.06000000000000005
1433,2003-11-21,2.31,-0.06999999999999984
1434,2003-11-28,2.28,-0.03000000000000025
1435,2003-12-05,2.35,0.07000000000000028
1436,2003-12-12,2.42,0.06999999999999984
1437,2003-12-19,2.33,-0.08999999999999986
1438,2003-12-26,2.35,0.020000000000000018
1439,2004-01-02,2.44,0.08999999999999986
1440,2004-01-09,2.43,-0.009999999999999787
1441,2004-01-16,2.34,-0.0900000000000003
1442,2004-01-23,2.38,0.040000000000000036
1443,2004-01-30,2.32,-0.06000000000000005
1444,2004-02-06,2.35,0.03000000000000025
1445,2004-02-13,2.35,0.0
1446,2004-02-20,2.35,0.0
1447,2004-02-27,2.33,-0.020000000000000018
1448,2004-03-05,2.28,-0.050000000000000266
1449,2004-03-12,2.24,-0.03999999999999959
1450,2004-03-19,2.24,0.0
1451,2004-03-26,2.26,0.019999999999999574
1452,2004-04-02,2.29,0.03000000000000025
1453,2004-04-09,2.33,0.040000000000000036
1454,2004-04-16,2.34,0.009999999999999787
1455,2004-04-23,2.19,-0.1499999999999999
1456,2004-04-30,2.22,0.03000000000000025
1457,2004-05-07,2.15,-0.07000000000000028
1458,2004-05-14,2.2,0.050000000000000266
1459,2004-05-21,2.16,-0.040000000000000036
1460,2004-05-28,2.12,-0.040000000000000036
1461,2004-06-04,2.08,-0.040000000000000036
1462,2004-06-11,2.0,-0.08000000000000007
1463,2004-06-18,1.91,-0.09000000000000008
1464,2004-06-25,1.92,0.010000000000000009
1465,2004-07-02,1.94,0.020000000000000018
1466,2004-07-09,1.94,0.0
1467,2004-07-16,1.84,-0.09999999999999987
1468,2004-07-23,1.76,-0.08000000000000007
1469,2004-07-30,1.82,0.06000000000000005
1470,2004-08-06,1.84,0.020000000000000018
1471,2004-08-13,1.75,-0.09000000000000008
1472,2004-08-20,1.78,0.030000000000000027
1473,2004-08-27,1.75,-0.030000000000000027
1474,2004-09-03,1.69,-0.06000000000000005
1475,2004-09-10,1.69,0.0
1476,2004-09-17,1.61,-0.07999999999999985
1477,2004-09-24,1.42,-0.19000000000000017
1478,2004-10-01,1.58,0.16000000000000014
1479,2004-10-08,1.54,-0.040000000000000036
1480,2004-10-15,1.54,0.0
1481,2004-10-22,1.45,-0.09000000000000008
1482,2004-10-29,1.49,0.040000000000000036
1483,2004-11-05,1.41,-0.08000000000000007
1484,2004-11-12,1.34,-0.06999999999999984
1485,2004-11-19,1.25,-0.09000000000000008
1486,2004-11-26,1.21,-0.040000000000000036
1487,2004-12-03,1.33,0.1200000000000001
1488,2004-12-10,1.21,-0.1200000000000001
1489,2004-12-17,1.18,-0.030000000000000027
1490,2004-12-24,1.21,0.030000000000000027
1491,2004-12-31,1.16,-0.050000000000000044
1492,2005-01-07,1.09,-0.06999999999999984
1493,2005-01-14,0.99,-0.10000000000000009
1494,2005-01-21,1.0,0.010000000000000009
1495,2005-01-28,0.91,-0.08999999999999997
1496,2005-02-04,0.8,-0.10999999999999999
1497,2005-02-11,0.76,-0.040000000000000036
1498,2005-02-18,0.82,0.05999999999999994
1499,2005-02-25,0.73,-0.08999999999999997
1500,2005-03-04,0.75,0.020000000000000018
1501,2005-03-11,0.83,0.07999999999999996
1502,2005-03-18,0.79,-0.039999999999999925
1503,2005-03-25,0.72,-0.07000000000000006
1504,2005-04-01,0.71,-0.010000000000000009
1505,2005-04-08,0.73,0.020000000000000018
1506,2005-04-15,0.73,0.0
1507,2005-04-22,0.64,-0.08999999999999997
1508,2005-04-29,0.55,-0.08999999999999997
1509,2005-05-06,0.55,0.0
1510,2005-05-13,0.51,-0.040000000000000036
1511,2005-05-20,0.44,-0.07
1512,2005-05-27,0.44,0.0
1513,2005-06-03,0.41,-0.030000000000000027
1514,2005-06-10,0.34,-0.06999999999999995
1515,2005-06-17,0.37,0.02999999999999997
1516,2005-06-24,0.33,-0.03999999999999998
1517,2005-07-01,0.3,-0.030000000000000027
1518,2005-07-08,0.33,0.030000000000000027
1519,2005-07-15,0.32,-0.010000000000000009
1520,2005-07-22,0.31,-0.010000000000000009
1521,2005-07-29,0.26,-0.04999999999999999
1522,2005-08-05,0.29,0.02999999999999997
1523,2005-08-12,0.19,-0.09999999999999998
1524,2005-08-19,0.18,-0.010000000000000009
1525,2005-08-26,0.14,-0.03999999999999998
1526,2005-09-02,0.28,0.14
1527,2005-09-09,0.26,-0.020000000000000018
1528,2005-09-16,0.29,0.02999999999999997
1529,2005-09-23,0.23,-0.05999999999999997
1530,2005-09-30,0.16,-0.07
1531,2005-10-07,0.17,0.010000000000000009
1532,2005-10-14,0.21,0.03999999999999998
1533,2005-10-21,0.17,-0.03999999999999998
1534,2005-10-28,0.18,0.009999999999999981
1535,2005-11-04,0.19,0.010000000000000009
1536,2005-11-11,0.11,-0.08
1537,2005-11-18,0.1,-0.009999999999999995
1538,2005-11-25,0.1,0.0
1539,2005-12-02,0.09,-0.010000000000000009
1540,2005-12-09,0.11,0.020000000000000004
1541,2005-12-16,0.08,-0.03
1542,2005-12-23,0.01,-0.07
1543,2005-12-30,-0.02,-0.03
1544,2006-01-06,0.02,0.04
1545,2006-01-13,0.02,0.0
1546,2006-01-20,0.0,-0.02
1547,2006-01-27,0.01,0.01
1548,2006-02-03,-0.05,-0.060000000000000005
1549,2006-02-10,-0.1,-0.05
1550,2006-02-17,-0.12,-0.01999999999999999
1551,2006-02-24,-0.16,-0.04000000000000001
1552,2006-03-03,-0.08,0.08
1553,2006-03-10,0.02,0.1
1554,2006-03-17,0.03,0.009999999999999998
1555,2006-03-24,-0.05,-0.08
1556,2006-03-31,0.04,0.09
1557,2006-04-07,0.08,0.04
1558,2006-04-14,0.09,0.009999999999999995
1559,2006-04-21,0.11,0.020000000000000004
1560,2006-04-28,0.2,0.09000000000000001
1561,2006-05-05,0.18,-0.020000000000000018
1562,2006-05-12,0.18,0.0
1563,2006-05-19,0.09,-0.09
1564,2006-05-26,0.1,0.010000000000000009
1565,2006-06-02,0.08,-0.020000000000000004
1566,2006-06-09,-0.03,-0.11
1567,2006-06-16,-0.03,0.0
1568,2006-06-23,-0.04,-0.010000000000000002
1569,2006-06-30,-0.01,0.03
1570,2006-07-07,-0.03,-0.019999999999999997
1571,2006-07-14,-0.01,0.019999999999999997
1572,2006-07-21,-0.03,-0.019999999999999997
1573,2006-07-28,0.02,0.05
1574,2006-08-04,0.0,-0.02
1575,2006-08-11,0.01,0.01
1576,2006-08-18,-0.03,-0.04
1577,2006-08-25,-0.07,-0.04000000000000001
1578,2006-09-01,-0.04,0.030000000000000006
1579,2006-09-08,-0.02,0.02
1580,2006-09-15,-0.07,-0.05
1581,2006-09-22,-0.07,0.0
1582,2006-09-29,-0.07,0.0
1583,2006-10-06,-0.04,0.030000000000000006
1584,2006-10-13,-0.06,-0.019999999999999997
1585,2006-10-20,-0.08,-0.020000000000000004
1586,2006-10-27,-0.08,0.0
1587,2006-11-03,-0.1,-0.020000000000000004
1588,2006-11-10,-0.14,-0.04000000000000001
1589,2006-11-17,-0.15,-0.009999999999999981
1590,2006-11-24,-0.18,-0.03
1591,2006-12-01,-0.09,0.09
1592,2006-12-08,-0.12,-0.03
1593,2006-12-15,-0.13,-0.010000000000000009
1594,2006-12-22,-0.08,0.05
1595,2006-12-29,-0.11,-0.03
1596,2007-01-05,-0.11,0.0
1597,2007-01-12,-0.11,0.0
1598,2007-01-19,-0.15,-0.039999999999999994
1599,2007-01-26,-0.11,0.039999999999999994
1600,2007-02-02,-0.11,0.0
1601,2007-02-09,-0.13,-0.020000000000000004
1602,2007-02-16,-0.14,-0.010000000000000009
1603,2007-02-23,-0.14,0.0
1604,2007-03-02,-0.04,0.1
1605,2007-03-09,-0.07,-0.030000000000000006
1606,2007-03-16,-0.03,0.04000000000000001
1607,2007-03-23,0.02,0.05
1608,2007-03-30,0.07,0.05
1609,2007-04-06,0.01,-0.060000000000000005
1610,2007-04-13,0.0,-0.01
1611,2007-04-20,0.04,0.04
1612,2007-04-27,0.04,0.0
1613,2007-05-04,-0.03,-0.07
1614,2007-05-11,-0.04,-0.010000000000000002
1615,2007-05-18,-0.01,0.03
1616,2007-05-25,0.01,0.02
1617,2007-06-01,-0.02,-0.03
1618,2007-06-08,0.11,0.13
1619,2007-06-15,0.11,0.0
1620,2007-06-22,0.22,0.11
1621,2007-06-29,0.16,-0.06
1622,2007-07-06,0.2,0.04000000000000001
1623,2007-07-13,0.17,-0.03
1624,2007-07-20,0.17,0.0
1625,2007-07-27,0.24,0.06999999999999998
1626,2007-08-03,0.25,0.010000000000000009
1627,2007-08-10,0.34,0.09000000000000002
1628,2007-08-17,0.5,0.15999999999999998
1629,2007-08-24,0.33,-0.16999999999999998
1630,2007-08-31,0.39,0.06
1631,2007-09-07,0.48,0.08999999999999997
1632,2007-09-14,0.42,-0.06
1633,2007-09-21,0.58,0.15999999999999998
1634,2007-09-28,0.62,0.040000000000000036
1635,2007-10-05,0.57,-0.050000000000000044
1636,2007-10-12,0.47,-0.09999999999999998
1637,2007-10-19,0.61,0.14
1638,2007-10-26,0.64,0.030000000000000027
1639,2007-11-02,0.65,0.010000000000000009
1640,2007-11-09,0.81,0.16000000000000003
1641,2007-11-16,0.82,0.009999999999999898
1642,2007-11-23,0.94,0.12
1643,2007-11-30,0.93,-0.009999999999999898
1644,2007-12-07,1.0,0.06999999999999995
1645,2007-12-14,0.93,-0.06999999999999995
1646,2007-12-21,0.99,0.05999999999999994
1647,2007-12-28,0.99,0.0
1648,2008-01-04,1.14,0.1499999999999999
1649,2008-01-11,1.23,0.09000000000000008
1650,2008-01-18,1.3,0.07000000000000006
1651,2008-01-25,1.38,0.07999999999999985
1652,2008-02-01,1.53,0.15000000000000013
1653,2008-02-08,1.71,0.17999999999999994
1654,2008-02-15,1.85,0.14000000000000012
1655,2008-02-22,1.81,-0.040000000000000036
1656,2008-02-29,1.88,0.06999999999999984
1657,2008-03-07,2.03,0.1499999999999999
1658,2008-03-14,1.97,-0.05999999999999983
1659,2008-03-21,1.75,-0.21999999999999997
1660,2008-03-28,1.8,0.050000000000000044
1661,2008-04-04,1.67,-0.13000000000000012
1662,2008-04-11,1.73,0.06000000000000005
1663,2008-04-18,1.58,-0.1499999999999999
1664,2008-04-25,1.47,-0.1100000000000001
1665,2008-05-02,1.42,-0.050000000000000044
1666,2008-05-09,1.52,0.10000000000000009
1667,2008-05-16,1.38,-0.14000000000000012
1668,2008-05-23,1.39,0.010000000000000009
1669,2008-05-30,1.4,0.010000000000000009
1670,2008-06-06,1.54,0.14000000000000012
1671,2008-06-13,1.22,-0.32000000000000006
1672,2008-06-20,1.28,0.06000000000000005
1673,2008-06-27,1.34,0.06000000000000005
1674,2008-07-04,1.45,0.10999999999999988
1675,2008-07-11,1.37,-0.07999999999999985
1676,2008-07-18,1.45,0.07999999999999985
1677,2008-07-25,1.43,-0.020000000000000018
1678,2008-08-01,1.46,0.030000000000000027
1679,2008-08-08,1.43,-0.030000000000000027
1680,2008-08-15,1.44,0.010000000000000009
1681,2008-08-22,1.45,0.010000000000000009
1682,2008-08-29,1.47,0.020000000000000018
1683,2008-09-05,1.43,-0.040000000000000036
1684,2008-09-12,1.51,0.08000000000000007
1685,2008-09-19,1.62,0.1100000000000001
1686,2008-09-26,1.74,0.11999999999999988
1687,2008-10-03,2.03,0.2899999999999998
1688,2008-10-10,2.27,0.2400000000000002
1689,2008-10-17,2.34,0.06999999999999984
1690,2008-10-24,2.19,-0.1499999999999999
1691,2008-10-31,2.45,0.26000000000000023
1692,2008-11-07,2.5,0.04999999999999982
1693,2008-11-14,2.5,0.0
1694,2008-11-21,2.11,-0.3900000000000001
1695,2008-11-28,1.93,-0.17999999999999994
1696,2008-12-05,1.74,-0.18999999999999995
1697,2008-12-12,1.82,0.08000000000000007
1698,2008-12-19,1.39,-0.43000000000000016
1699,2008-12-26,1.27,-0.11999999999999988
1700,2009-01-02,1.58,0.31000000000000005
1701,2009-01-09,1.68,0.09999999999999987
1702,2009-01-16,1.63,-0.050000000000000044
1703,2009-01-23,1.82,0.19000000000000017
1704,2009-01-30,1.93,0.10999999999999988
1705,2009-02-06,2.06,0.13000000000000012
1706,2009-02-13,1.92,-0.14000000000000012
1707,2009-02-20,1.82,-0.09999999999999987
1708,2009-02-27,2.02,0.19999999999999996
1709,2009-03-06,1.92,-0.10000000000000009
1710,2009-03-13,1.91,-0.010000000000000009
1711,2009-03-20,1.76,-0.1499999999999999
1712,2009-03-27,1.88,0.11999999999999988
1713,2009-04-03,1.95,0.07000000000000006
1714,2009-04-10,2.0,0.050000000000000044
1715,2009-04-17,1.99,-0.010000000000000009
1716,2009-04-24,2.04,0.050000000000000044
1717,2009-05-01,2.29,0.25
1718,2009-05-08,2.29,0.0
1719,2009-05-15,2.26,-0.03000000000000025
1720,2009-05-22,2.53,0.27
1721,2009-05-29,2.55,0.020000000000000018
1722,2009-06-05,2.52,-0.029999999999999805
1723,2009-06-12,2.51,-0.010000000000000231
1724,2009-06-19,2.54,0.03000000000000025
1725,2009-06-26,2.42,-0.1200000000000001
1726,2009-07-03,2.53,0.10999999999999988
1727,2009-07-10,2.41,-0.11999999999999966
1728,2009-07-17,2.65,0.23999999999999977
1729,2009-07-24,2.65,0.0
1730,2009-07-31,2.39,-0.2599999999999998
1731,2009-08-07,2.57,0.17999999999999972
1732,2009-08-14,2.48,-0.08999999999999986
1733,2009-08-21,2.43,-0.04999999999999982
1734,2009-08-28,2.45,0.020000000000000018
1735,2009-09-04,2.51,0.05999999999999961
1736,2009-09-11,2.44,-0.06999999999999984
1737,2009-09-18,2.46,0.020000000000000018
1738,2009-09-25,2.36,-0.10000000000000009
1739,2009-10-02,2.36,0.0
1740,2009-10-09,2.42,0.06000000000000005
1741,2009-10-16,2.46,0.040000000000000036
1742,2009-10-23,2.47,0.010000000000000231
1743,2009-10-30,2.51,0.03999999999999959
1744,2009-11-06,2.68,0.17000000000000037
1745,2009-11-13,2.61,-0.07000000000000028
1746,2009-11-20,2.61,0.0
1747,2009-11-27,2.53,-0.08000000000000007
1748,2009-12-04,2.64,0.11000000000000032
1749,2009-12-11,2.72,0.08000000000000007
1750,2009-12-18,2.73,0.009999999999999787
1751,2009-12-25,2.82,0.08999999999999986
1752,2010-01-01,2.71,-0.10999999999999988
1753,2010-01-08,2.87,0.16000000000000014
1754,2010-01-15,2.81,-0.06000000000000005
1755,2010-01-22,2.78,-0.03000000000000025
1756,2010-01-29,2.81,0.03000000000000025
1757,2010-02-05,2.82,0.009999999999999787
1758,2010-02-12,2.85,0.03000000000000025
1759,2010-02-19,2.83,-0.020000000000000018
1760,2010-02-26,2.8,-0.03000000000000025
1761,2010-03-05,2.78,-0.020000000000000018
1762,2010-03-12,2.74,-0.03999999999999959
1763,2010-03-19,2.68,-0.06000000000000005
1764,2010-03-26,2.82,0.13999999999999968
1765,2010-04-02,2.85,0.03000000000000025
1766,2010-04-09,2.82,-0.03000000000000025
1767,2010-04-16,2.81,-0.009999999999999787
1768,2010-04-23,2.74,-0.06999999999999984
1769,2010-04-30,2.72,-0.020000000000000018
1770,2010-05-07,2.62,-0.10000000000000009
1771,2010-05-14,2.65,0.029999999999999805
1772,2010-05-21,2.44,-0.20999999999999996
1773,2010-05-28,2.55,0.10999999999999988
1774,2010-06-04,2.48,-0.06999999999999984
1775,2010-06-11,2.49,0.010000000000000231
1776,2010-06-18,2.5,0.009999999999999787
1777,2010-06-25,2.47,-0.029999999999999805
1778,2010-07-02,2.37,-0.10000000000000009
1779,2010-07-09,2.44,0.06999999999999984
1780,2010-07-16,2.35,-0.08999999999999986
1781,2010-07-23,2.42,0.06999999999999984
1782,2010-07-30,2.39,-0.029999999999999805
1783,2010-08-06,2.36,-0.03000000000000025
1784,2010-08-13,2.14,-0.21999999999999975
1785,2010-08-20,2.13,-0.010000000000000231
1786,2010-08-27,2.1,-0.029999999999999805
1787,2010-09-03,2.2,0.10000000000000009
1788,2010-09-10,2.23,0.029999999999999805
1789,2010-09-17,2.27,0.040000000000000036
1790,2010-09-24,2.17,-0.10000000000000009
1791,2010-10-01,2.12,-0.04999999999999982
1792,2010-10-08,2.06,-0.06000000000000005
1793,2010-10-15,2.22,0.16000000000000014
1794,2010-10-22,2.24,0.020000000000000018
1795,2010-10-29,2.29,0.04999999999999982
1796,2010-11-05,2.2,-0.08999999999999986
1797,2010-11-12,2.25,0.04999999999999982
1798,2010-11-19,2.36,0.10999999999999988
1799,2010-11-26,2.36,0.0
1800,2010-12-03,2.54,0.18000000000000016
1801,2010-12-10,2.68,0.14000000000000012
1802,2010-12-17,2.72,0.040000000000000036
1803,2010-12-24,2.74,0.020000000000000018
1804,2010-12-31,2.69,-0.050000000000000266
1805,2011-01-07,2.74,0.050000000000000266
1806,2011-01-14,2.76,0.019999999999999574
1807,2011-01-21,2.81,0.050000000000000266
1808,2011-01-28,2.82,0.009999999999999787
1809,2011-02-04,2.91,0.0900000000000003
1810,2011-02-11,2.79,-0.1200000000000001
1811,2011-02-18,2.81,0.020000000000000018
1812,2011-02-25,2.7,-0.10999999999999988
1813,2011-03-04,2.81,0.10999999999999988
1814,2011-03-11,2.76,-0.050000000000000266
1815,2011-03-18,2.67,-0.08999999999999986
1816,2011-03-25,2.67,0.0
1817,2011-04-01,2.66,-0.009999999999999787
1818,2011-04-08,2.76,0.09999999999999964
1819,2011-04-15,2.72,-0.03999999999999959
1820,2011-04-22,2.74,0.020000000000000018
1821,2011-04-29,2.71,-0.03000000000000025
1822,2011-05-06,2.62,-0.08999999999999986
1823,2011-05-13,2.61,-0.010000000000000231
1824,2011-05-20,2.6,-0.009999999999999787
1825,2011-05-27,2.59,-0.010000000000000231
1826,2011-06-03,2.57,-0.020000000000000018
1827,2011-06-10,2.58,0.010000000000000231
1828,2011-06-17,2.56,-0.020000000000000018
1829,2011-06-24,2.53,-0.03000000000000025
1830,2011-07-01,2.72,0.1900000000000004
1831,2011-07-08,2.63,-0.0900000000000003
1832,2011-07-15,2.57,-0.06000000000000005
1833,2011-07-22,2.59,0.020000000000000018
1834,2011-07-29,2.46,-0.1299999999999999
1835,2011-08-05,2.3,-0.16000000000000014
1836,2011-08-12,2.04,-0.2599999999999998
1837,2011-08-19,1.87,-0.16999999999999993
1838,2011-08-26,1.99,0.11999999999999988
1839,2011-09-02,1.82,-0.16999999999999993
1840,2011-09-09,1.76,-0.06000000000000005
1841,2011-09-16,1.9,0.1399999999999999
1842,2011-09-23,1.61,-0.2899999999999998
1843,2011-09-30,1.67,0.05999999999999983
1844,2011-10-07,1.8,0.13000000000000012
1845,2011-10-14,1.98,0.17999999999999994
1846,2011-10-21,1.93,-0.050000000000000044
1847,2011-10-28,2.06,0.13000000000000012
1848,2011-11-04,1.84,-0.21999999999999997
1849,2011-11-11,1.8,-0.040000000000000036
1850,2011-11-18,1.72,-0.08000000000000007
1851,2011-11-25,1.69,-0.030000000000000027
1852,2011-12-02,1.8,0.1100000000000001
1853,2011-12-09,1.85,0.050000000000000044
1854,2011-12-16,1.62,-0.22999999999999998
1855,2011-12-23,1.75,0.1299999999999999
1856,2011-12-30,1.64,-0.1100000000000001
1857,2012-01-06,1.73,0.09000000000000008
1858,2012-01-13,1.65,-0.08000000000000007
1859,2012-01-20,1.79,0.14000000000000012
1860,2012-01-27,1.71,-0.08000000000000007
1861,2012-02-03,1.74,0.030000000000000027
1862,2012-02-10,1.69,-0.050000000000000044
1863,2012-02-17,1.72,0.030000000000000027
1864,2012-02-24,1.67,-0.050000000000000044
1865,2012-03-02,1.71,0.040000000000000036
1866,2012-03-09,1.71,0.0
1867,2012-03-16,1.94,0.22999999999999998
1868,2012-03-23,1.88,-0.06000000000000005
1869,2012-03-30,1.9,0.020000000000000018
1870,2012-04-06,1.75,-0.1499999999999999
1871,2012-04-13,1.75,0.0
1872,2012-04-20,1.7,-0.050000000000000044
1873,2012-04-27,1.7,0.0
1874,2012-05-04,1.64,-0.06000000000000005
1875,2012-05-11,1.57,-0.06999999999999984
1876,2012-05-18,1.39,-0.18000000000000016
1877,2012-05-25,1.45,0.06000000000000005
1878,2012-06-01,1.22,-0.22999999999999998
1879,2012-06-08,1.37,0.15000000000000013
1880,2012-06-15,1.31,-0.06000000000000005
1881,2012-06-22,1.38,0.06999999999999984
1882,2012-06-29,1.34,-0.039999999999999813
1883,2012-07-06,1.3,-0.040000000000000036
1884,2012-07-13,1.27,-0.030000000000000027
1885,2012-07-20,1.27,0.0
1886,2012-07-27,1.33,0.06000000000000005
1887,2012-08-03,1.36,0.030000000000000027
1888,2012-08-10,1.38,0.019999999999999796
1889,2012-08-17,1.52,0.14000000000000012
1890,2012-08-24,1.4,-0.1200000000000001
1891,2012-08-31,1.35,-0.04999999999999982
1892,2012-09-07,1.42,0.06999999999999984
1893,2012-09-14,1.61,0.19000000000000017
1894,2012-09-21,1.5,-0.1100000000000001
1895,2012-09-28,1.42,-0.08000000000000007
1896,2012-10-05,1.48,0.06000000000000005
1897,2012-10-12,1.42,-0.06000000000000005
1898,2012-10-19,1.49,0.07000000000000006
1899,2012-10-26,1.48,-0.010000000000000009
1900,2012-11-02,1.47,-0.010000000000000009
1901,2012-11-09,1.34,-0.1299999999999999
1902,2012-11-16,1.34,0.0
1903,2012-11-23,1.41,0.06999999999999984
1904,2012-11-30,1.37,-0.039999999999999813
1905,2012-12-07,1.39,0.019999999999999796
1906,2012-12-14,1.48,0.09000000000000008
1907,2012-12-21,1.51,0.030000000000000027
1908,2012-12-28,1.46,-0.050000000000000044
1909,2013-01-04,1.66,0.19999999999999996
1910,2013-01-11,1.63,-0.030000000000000027
1911,2013-01-18,1.61,-0.019999999999999796
1912,2013-01-25,1.7,0.08999999999999986
1913,2013-02-01,1.77,0.07000000000000006
1914,2013-02-08,1.74,-0.030000000000000027
1915,2013-02-15,1.72,-0.020000000000000018
1916,2013-02-22,1.7,-0.020000000000000018
1917,2013-03-01,1.61,-0.08999999999999986
1918,2013-03-08,1.79,0.17999999999999994
1919,2013-03-15,1.76,-0.030000000000000027
1920,2013-03-22,1.67,-0.09000000000000008
1921,2013-03-29,1.62,-0.04999999999999982
1922,2013-04-05,1.48,-0.14000000000000012
1923,2013-04-12,1.53,0.050000000000000044
1924,2013-04-19,1.49,-0.040000000000000036
1925,2013-04-26,1.48,-0.010000000000000009
1926,2013-05-03,1.56,0.08000000000000007
1927,2013-05-10,1.64,0.07999999999999985
1928,2013-05-17,1.69,0.050000000000000044
1929,2013-05-24,1.75,0.06000000000000005
1930,2013-05-31,1.86,0.1100000000000001
1931,2013-06-07,1.85,-0.010000000000000009
1932,2013-06-14,1.85,0.0
1933,2013-06-21,2.14,0.29000000000000004
1934,2013-06-28,2.16,0.020000000000000018
1935,2013-07-05,2.33,0.16999999999999993
1936,2013-07-12,2.24,-0.08999999999999986
1937,2013-07-19,2.18,-0.06000000000000005
1938,2013-07-26,2.27,0.08999999999999986
1939,2013-08-02,2.33,0.06000000000000005
1940,2013-08-09,2.25,-0.08000000000000007
1941,2013-08-16,2.48,0.22999999999999998
1942,2013-08-23,2.42,-0.06000000000000005
1943,2013-08-30,2.39,-0.029999999999999805
1944,2013-09-06,2.48,0.08999999999999986
1945,2013-09-13,2.45,-0.029999999999999805
1946,2013-09-20,2.41,-0.040000000000000036
1947,2013-09-27,2.3,-0.11000000000000032
1948,2013-10-04,2.33,0.03000000000000025
1949,2013-10-11,2.35,0.020000000000000018
1950,2013-10-18,2.27,-0.08000000000000007
1951,2013-10-25,2.21,-0.06000000000000005
1952,2013-11-01,2.32,0.10999999999999988
1953,2013-11-08,2.45,0.13000000000000034
1954,2013-11-15,2.4,-0.050000000000000266
1955,2013-11-22,2.44,0.040000000000000036
1956,2013-11-29,2.47,0.03000000000000025
1957,2013-12-06,2.58,0.10999999999999988
1958,2013-12-13,2.54,-0.040000000000000036
1959,2013-12-20,2.52,-0.020000000000000018
1960,2013-12-27,2.62,0.10000000000000009
1961,2014-01-03,2.6,-0.020000000000000018
1962,2014-01-10,2.49,-0.10999999999999988
1963,2014-01-17,2.44,-0.050000000000000266
1964,2014-01-24,2.38,-0.06000000000000005
1965,2014-01-31,2.33,-0.04999999999999982
1966,2014-02-07,2.41,0.08000000000000007
1967,2014-02-14,2.43,0.020000000000000018
1968,2014-02-21,2.4,-0.03000000000000025
1969,2014-02-28,2.33,-0.06999999999999984
1970,2014-03-07,2.42,0.08999999999999986
1971,2014-03-14,2.29,-0.1299999999999999
1972,2014-03-21,2.3,0.009999999999999787
1973,2014-03-28,2.28,-0.020000000000000018
1974,2014-04-04,2.31,0.03000000000000025
1975,2014-04-11,2.26,-0.050000000000000266
1976,2014-04-18,2.3,0.040000000000000036
1977,2014-04-25,2.25,-0.04999999999999982
1978,2014-05-02,2.18,-0.06999999999999984
1979,2014-05-09,2.22,0.040000000000000036
1980,2014-05-16,2.14,-0.08000000000000007
1981,2014-05-23,2.17,0.029999999999999805
1982,2014-05-30,2.11,-0.06000000000000005
1983,2014-06-06,2.19,0.08000000000000007
1984,2014-06-13,2.15,-0.040000000000000036
1985,2014-06-20,2.13,-0.020000000000000018
1986,2014-06-27,2.09,-0.040000000000000036
1987,2014-07-04,2.13,0.040000000000000036
1988,2014-07-11,2.05,-0.08000000000000007
1989,2014-07-18,1.99,-0.05999999999999983
1990,2014-07-25,1.95,-0.040000000000000036
1991,2014-08-01,2.05,0.09999999999999987
1992,2014-08-08,1.99,-0.05999999999999983
1993,2014-08-15,1.92,-0.07000000000000006
1994,2014-08-22,1.87,-0.04999999999999982
1995,2014-08-29,1.87,0.0
1996,2014-09-05,1.94,0.06999999999999984
1997,2014-09-12,2.04,0.10000000000000009
1998,2014-09-19,2.0,-0.040000000000000036
1999,2014-09-26,1.95,-0.050000000000000044
2000,2014-10-03,1.88,-0.07000000000000006
2001,2014-10-10,1.86,-0.019999999999999796
2002,2014-10-17,1.83,-0.030000000000000027
2003,2014-10-24,1.88,0.04999999999999982
2004,2014-10-31,1.85,-0.029999999999999805
2005,2014-11-07,1.81,-0.040000000000000036
2006,2014-11-14,1.78,-0.030000000000000027
2007,2014-11-21,1.78,0.0
2008,2014-11-28,1.71,-0.07000000000000006
2009,2014-12-05,1.66,-0.050000000000000044
2010,2014-12-12,1.54,-0.11999999999999988
2011,2014-12-19,1.5,-0.040000000000000036
2012,2014-12-26,1.52,0.020000000000000018
2013,2015-01-02,1.46,-0.06000000000000005
2014,2015-01-09,1.39,-0.07000000000000006
2015,2015-01-16,1.34,-0.04999999999999982
2016,2015-01-23,1.29,-0.050000000000000044
2017,2015-01-30,1.21,-0.08000000000000007
2018,2015-02-06,1.3,0.09000000000000008
2019,2015-02-13,1.36,0.06000000000000005
2020,2015-02-20,1.46,0.09999999999999987
2021,2015-02-27,1.37,-0.08999999999999986
2022,2015-03-06,1.51,0.1399999999999999
2023,2015-03-13,1.45,-0.06000000000000005
2024,2015-03-20,1.33,-0.11999999999999988
2025,2015-03-27,1.37,0.040000000000000036
2026,2015-04-03,1.36,-0.010000000000000009
2027,2015-04-10,1.39,0.029999999999999805
2028,2015-04-17,1.36,-0.029999999999999805
2029,2015-04-24,1.39,0.029999999999999805
2030,2015-05-01,1.52,0.13000000000000012
2031,2015-05-08,1.57,0.050000000000000044
2032,2015-05-15,1.59,0.020000000000000018
2033,2015-05-22,1.57,-0.020000000000000018
2034,2015-05-29,1.51,-0.06000000000000005
2035,2015-06-05,1.68,0.16999999999999993
2036,2015-06-12,1.65,-0.030000000000000027
2037,2015-06-19,1.61,-0.039999999999999813
2038,2015-06-26,1.77,0.15999999999999992
2039,2015-07-03,1.76,-0.010000000000000009
2040,2015-07-10,1.77,0.010000000000000009
2041,2015-07-17,1.66,-0.1100000000000001
2042,2015-07-24,1.57,-0.08999999999999986
2043,2015-07-31,1.53,-0.040000000000000036
2044,2015-08-07,1.45,-0.08000000000000007
2045,2015-08-14,1.47,0.020000000000000018
2046,2015-08-21,1.41,-0.06000000000000005
2047,2015-08-28,1.47,0.06000000000000005
2048,2015-09-04,1.42,-0.050000000000000044
2049,2015-09-11,1.49,0.07000000000000006
2050,2015-09-18,1.44,-0.050000000000000044
2051,2015-09-25,1.47,0.030000000000000027
2052,2015-10-02,1.41,-0.06000000000000005
2053,2015-10-09,1.47,0.06000000000000005
2054,2015-10-16,1.43,-0.040000000000000036
2055,2015-10-23,1.43,0.0
2056,2015-10-30,1.41,-0.020000000000000018
2057,2015-11-06,1.44,0.030000000000000027
2058,2015-11-13,1.42,-0.020000000000000018
2059,2015-11-20,1.33,-0.08999999999999986
2060,2015-11-27,1.3,-0.030000000000000027
2061,2015-12-04,1.32,0.020000000000000018
2062,2015-12-11,1.25,-0.07000000000000006
2063,2015-12-18,1.22,-0.030000000000000027
2064,2015-12-25,1.22,0.0
2065,2016-01-01,1.21,-0.010000000000000009
2066,2016-01-08,1.19,-0.020000000000000018
2067,2016-01-15,1.18,-0.010000000000000009
2068,2016-01-22,1.19,0.010000000000000009
2069,2016-01-29,1.18,-0.010000000000000009
2070,2016-02-05,1.12,-0.05999999999999983
2071,2016-02-12,1.03,-0.09000000000000008
2072,2016-02-19,1.0,-0.030000000000000027
2073,2016-02-26,0.96,-0.040000000000000036
2074,2016-03-04,1.0,0.040000000000000036
2075,2016-03-11,1.01,0.010000000000000009
2076,2016-03-18,1.04,0.030000000000000027
2077,2016-03-25,1.02,-0.020000000000000018
2078,2016-04-01,1.03,0.010000000000000009
2079,2016-04-08,1.02,-0.010000000000000009
2080,2016-04-15,1.02,0.0
2081,2016-04-22,1.05,0.030000000000000027
2082,2016-04-29,1.06,0.010000000000000009
2083,2016-05-06,1.05,-0.010000000000000009
2084,2016-05-13,0.95,-0.10000000000000009
2085,2016-05-20,0.96,0.010000000000000009
2086,2016-05-27,0.95,-0.010000000000000009
2087,2016-06-03,0.93,-0.019999999999999907
2088,2016-06-10,0.91,-0.020000000000000018
2089,2016-06-17,0.92,0.010000000000000009
2090,2016-06-24,0.93,0.010000000000000009
2091,2016-07-01,0.87,-0.06000000000000005
2092,2016-07-08,0.76,-0.10999999999999999
2093,2016-07-15,0.89,0.13
2094,2016-07-22,0.86,-0.030000000000000027
2095,2016-07-29,0.79,-0.06999999999999995
2096,2016-08-05,0.87,0.07999999999999996
2097,2016-08-12,0.8,-0.06999999999999995
2098,2016-08-19,0.82,0.019999999999999907
2099,2016-08-26,0.78,-0.039999999999999925
2100,2016-09-02,0.8,0.020000000000000018
2101,2016-09-09,0.88,0.07999999999999996
2102,2016-09-16,0.93,0.050000000000000044
2103,2016-09-23,0.85,-0.08000000000000007
2104,2016-09-30,0.83,-0.020000000000000018
2105,2016-10-07,0.9,0.07000000000000006
2106,2016-10-14,0.96,0.05999999999999994
2107,2016-10-21,0.9,-0.05999999999999994
2108,2016-10-28,1.0,0.09999999999999998
2109,2016-11-04,0.99,-0.010000000000000009
2110,2016-11-11,1.23,0.24
2111,2016-11-18,1.27,0.040000000000000036
2112,2016-11-25,1.24,-0.030000000000000027
2113,2016-12-02,1.29,0.050000000000000044
2114,2016-12-09,1.32,0.030000000000000027
2115,2016-12-16,1.32,0.0
2116,2016-12-23,1.33,0.010000000000000009
2117,2016-12-30,1.25,-0.08000000000000007
2118,2017-01-06,1.2,-0.050000000000000044
2119,2017-01-13,1.19,-0.010000000000000009
2120,2017-01-20,1.28,0.09000000000000008
2121,2017-01-27,1.27,-0.010000000000000009
2122,2017-02-03,1.28,0.010000000000000009
2123,2017-02-10,1.21,-0.07000000000000006
2124,2017-02-17,1.21,0.0
2125,2017-02-24,1.19,-0.020000000000000018
2126,2017-03-03,1.17,-0.020000000000000018
2127,2017-03-10,1.22,0.050000000000000044
2128,2017-03-17,1.17,-0.050000000000000044
2129,2017-03-24,1.14,-0.030000000000000027
2130,2017-03-31,1.13,-0.010000000000000009
2131,2017-04-07,1.09,-0.039999999999999813
2132,2017-04-14,1.03,-0.06000000000000005
2133,2017-04-21,1.04,0.010000000000000009
2134,2017-04-28,1.01,-0.030000000000000027
2135,2017-05-05,1.04,0.030000000000000027
2136,2017-05-12,1.04,0.0
2137,2017-05-19,0.95,-0.09000000000000008
2138,2017-05-26,0.95,0.0
2139,2017-06-02,0.87,-0.07999999999999996
2140,2017-06-09,0.86,-0.010000000000000009
2141,2017-06-16,0.84,-0.020000000000000018
2142,2017-06-23,0.81,-0.029999999999999916
2143,2017-06-30,0.93,0.12
2144,2017-07-07,0.99,0.05999999999999994
2145,2017-07-14,0.98,-0.010000000000000009
2146,2017-07-21,0.88,-0.09999999999999998
2147,2017-07-28,0.96,0.07999999999999996
2148,2017-08-04,0.91,-0.04999999999999993
2149,2017-08-11,0.89,-0.020000000000000018
2150,2017-08-18,0.86,-0.030000000000000027
2151,2017-08-25,0.82,-0.040000000000000036
2152,2017-09-01,0.81,-0.009999999999999898
2153,2017-09-08,0.79,-0.020000000000000018
2154,2017-09-15,0.81,0.020000000000000018
2155,2017-09-22,0.8,-0.010000000000000009
2156,2017-09-29,0.86,0.05999999999999994
2157,2017-10-06,0.83,-0.030000000000000027
2158,2017-10-13,0.77,-0.05999999999999994
2159,2017-10-20,0.79,0.020000000000000018
2160,2017-10-27,0.83,0.039999999999999925
2161,2017-11-03,0.71,-0.12
2162,2017-11-10,0.73,0.020000000000000018
2163,2017-11-17,0.62,-0.10999999999999999
2164,2017-11-24,0.59,-0.030000000000000027
2165,2017-12-01,0.59,0.0
2166,2017-12-08,0.58,-0.010000000000000009
2167,2017-12-15,0.51,-0.06999999999999995
2168,2017-12-22,0.57,0.05999999999999994
2169,2017-12-29,0.51,-0.05999999999999994
2170,2018-01-05,0.51,0.0
2171,2018-01-12,0.56,0.050000000000000044
2172,2018-01-19,0.58,0.019999999999999907
2173,2018-01-26,0.53,-0.04999999999999993
2174,2018-02-02,0.69,0.15999999999999992
2175,2018-02-09,0.78,0.09000000000000008
2176,2018-02-16,0.66,-0.12
2177,2018-02-23,0.63,-0.030000000000000027
2178,2018-03-02,0.61,-0.020000000000000018
2179,2018-03-09,0.63,0.020000000000000018
2180,2018-03-16,0.54,-0.08999999999999997
2181,2018-03-23,0.54,0.0
2182,2018-03-30,0.47,-0.07000000000000006
2183,2018-04-06,0.5,0.030000000000000027
2184,2018-04-13,0.45,-0.04999999999999999
2185,2018-04-20,0.5,0.04999999999999999
2186,2018-04-27,0.47,-0.030000000000000027
2187,2018-05-04,0.44,-0.02999999999999997
2188,2018-05-11,0.43,-0.010000000000000009
2189,2018-05-18,0.51,0.08000000000000002
2190,2018-05-25,0.45,-0.06
2191,2018-06-01,0.42,-0.030000000000000027
2192,2018-06-08,0.43,0.010000000000000009
2193,2018-06-15,0.38,-0.04999999999999999
2194,2018-06-22,0.34,-0.03999999999999998
2195,2018-06-29,0.33,-0.010000000000000009
2196,2018-07-06,0.29,-0.040000000000000036
2197,2018-07-13,0.24,-0.04999999999999999
2198,2018-07-20,0.29,0.04999999999999999
2199,2018-07-27,0.29,0.0
2200,2018-08-03,0.32,0.030000000000000027
2201,2018-08-10,0.26,-0.06
2202,2018-08-17,0.26,0.0
2203,2018-08-24,0.19,-0.07
2204,2018-08-31,0.24,0.04999999999999999
2205,2018-09-07,0.23,-0.009999999999999981
2206,2018-09-14,0.21,-0.020000000000000018
2207,2018-09-21,0.26,0.05000000000000002
2208,2018-09-28,0.24,-0.020000000000000018
2209,2018-10-05,0.35,0.10999999999999999
2210,2018-10-12,0.3,-0.04999999999999999
2211,2018-10-19,0.28,-0.019999999999999962
2212,2018-10-26,0.27,-0.010000000000000009
2213,2018-11-02,0.31,0.03999999999999998
2214,2018-11-09,0.25,-0.06
2215,2018-11-16,0.27,0.020000000000000018
2216,2018-11-23,0.24,-0.030000000000000027
2217,2018-11-30,0.21,-0.03
2218,2018-12-07,0.13,-0.07999999999999999
2219,2018-12-14,0.16,0.03
2220,2018-12-21,0.16,0.0
2221,2018-12-28,0.2,0.04000000000000001
2222,2019-01-04,0.17,-0.03
2223,2019-01-11,0.16,-0.010000000000000009
2224,2019-01-18,0.17,0.010000000000000009
2225,2019-01-25,0.16,-0.010000000000000009
2226,2019-02-01,0.18,0.01999999999999999
2227,2019-02-08,0.18,0.0
2228,2019-02-15,0.14,-0.03999999999999998
2229,2019-02-22,0.17,0.03
2230,2019-03-01,0.21,0.03999999999999998
2231,2019-03-08,0.17,-0.03999999999999998
2232,2019-03-15,0.16,-0.010000000000000009
2233,2019-03-22,0.13,-0.03
2234,2019-03-29,0.14,0.010000000000000009
2235,2019-04-05,0.15,0.009999999999999981
2236,2019-04-12,0.16,0.010000000000000009
2237,2019-04-19,0.19,0.03
2238,2019-04-26,0.23,0.04000000000000001
2239,2019-05-03,0.21,-0.020000000000000018
2240,2019-05-10,0.21,0.0
2241,2019-05-17,0.19,-0.01999999999999999
2242,2019-05-24,0.16,-0.03
2243,2019-05-31,0.19,0.03
2244,2019-06-07,0.24,0.04999999999999999
2245,2019-06-14,0.25,0.010000000000000009
2246,2019-06-21,0.3,0.04999999999999999
2247,2019-06-28,0.25,-0.04999999999999999
2248,2019-07-05,0.17,-0.07999999999999999
2249,2019-07-12,0.28,0.11000000000000001
2250,2019-07-19,0.25,-0.030000000000000027
2251,2019-07-26,0.22,-0.03
2252,2019-08-02,0.14,-0.07999999999999999
2253,2019-08-09,0.11,-0.030000000000000013
2254,2019-08-16,0.07,-0.039999999999999994
2255,2019-08-23,0.01,-0.060000000000000005
2256,2019-08-30,0.0,-0.01
2257,2019-09-06,0.02,0.02
2258,2019-09-13,0.11,0.09
2259,2019-09-20,0.05,-0.06
2260,2019-09-27,0.06,0.009999999999999995
2261,2019-10-04,0.12,0.06
2262,2019-10-11,0.13,0.010000000000000009
2263,2019-10-18,0.18,0.04999999999999999
2264,2019-10-25,0.17,-0.009999999999999981
2265,2019-11-01,0.17,0.0
2266,2019-11-08,0.26,0.09
2267,2019-11-15,0.23,-0.03
2268,2019-11-22,0.16,-0.07
2269,2019-11-29,0.17,0.010000000000000009
2270,2019-12-06,0.23,0.06
2271,2019-12-13,0.21,-0.020000000000000018
2272,2019-12-20,0.29,0.07999999999999999
2273,2019-12-27,0.29,0.0
2274,2020-01-03,0.27,-0.019999999999999962
2275,2020-01-10,0.27,0.0
2276,2020-01-17,0.26,-0.010000000000000009
2277,2020-01-24,0.21,-0.05000000000000002
2278,2020-01-31,0.18,-0.03
2279,2020-02-07,0.18,0.0
2280,2020-02-14,0.17,-0.009999999999999981
2281,2020-02-21,0.12,-0.05000000000000002
2282,2020-02-28,0.27,0.15000000000000002
2283,2020-03-06,0.25,-0.020000000000000018
2284,2020-03-13,0.45,0.2
2285,2020-03-20,0.55,0.10000000000000003
2286,2020-03-27,0.47,-0.08000000000000007
2287,2020-04-03,0.39,-0.07999999999999996
2288,2020-04-10,0.5,0.10999999999999999
2289,2020-04-17,0.45,-0.04999999999999999
2290,2020-04-24,0.38,-0.07
2291,2020-05-01,0.44,0.06
2292,2020-05-08,0.53,0.09000000000000002
2293,2020-05-15,0.48,-0.050000000000000044
2294,2020-05-22,0.49,0.010000000000000009
2295,2020-05-29,0.49,0.0
2296,2020-06-05,0.69,0.19999999999999996
2297,2020-06-12,0.52,-0.16999999999999993
2298,2020-06-19,0.51,-0.010000000000000009
2299,2020-06-26,0.47,-0.040000000000000036
2300,2020-07-03,0.52,0.050000000000000044
2301,2020-07-10,0.49,-0.030000000000000027
2302,2020-07-17,0.5,0.010000000000000009
2303,2020-07-24,0.45,-0.04999999999999999
2304,2020-07-31,0.44,-0.010000000000000009
2305,2020-08-07,0.44,0.0
2306,2020-08-14,0.57,0.12999999999999995
2307,2020-08-21,0.48,-0.08999999999999997
2308,2020-08-28,0.6,0.12
2309,2020-09-04,0.58,-0.020000000000000018
2310,2020-09-11,0.54,-0.039999999999999925
2311,2020-09-18,0.56,0.020000000000000018
2312,2020-09-25,0.54,-0.020000000000000018
2313,2020-10-02,0.57,0.029999999999999916
2314,2020-10-09,0.63,0.06000000000000005
2315,2020-10-16,0.62,-0.010000000000000009
2316,2020-10-23,0.67,0.050000000000000044
2317,2020-10-30,0.74,0.06999999999999995
2318,2020-11-06,0.67,-0.06999999999999995
2319,2020-11-13,0.72,0.04999999999999993
2320,2020-11-20,0.67,-0.04999999999999993
2321,2020-11-27,0.68,0.010000000000000009
2322,2020-12-04,0.81,0.13
2323,2020-12-11,0.79,-0.020000000000000018
2324,2020-12-18,0.82,0.029999999999999916
2325,2020-12-25,0.81,-0.009999999999999898
2326,2021-01-01,0.8,-0.010000000000000009
2327,2021-01-08,0.99,0.18999999999999995
2328,2021-01-15,0.98,-0.010000000000000009
2329,2021-01-22,0.97,-0.010000000000000009
2330,2021-01-29,1.0,0.030000000000000027
2331,2021-02-05,1.1,0.10000000000000009
2332,2021-02-12,1.09,-0.010000000000000009
2333,2021-02-19,1.23,0.1399999999999999
2334,2021-02-26,1.3,0.07000000000000006
2335,2021-03-05,1.42,0.11999999999999988
2336,2021-03-12,1.5,0.08000000000000007
2337,2021-03-19,1.58,0.08000000000000007
2338,2021-03-26,1.53,-0.050000000000000044
2339,2021-04-02,1.53,0.0
2340,2021-04-09,1.51,-0.020000000000000018
2341,2021-04-16,1.43,-0.08000000000000007
2342,2021-04-23,1.42,-0.010000000000000009
2343,2021-04-30,1.49,0.07000000000000006
2344,2021-05-07,1.46,-0.030000000000000027
2345,2021-05-14,1.47,0.010000000000000009
2346,2021-05-21,1.46,-0.010000000000000009
2347,2021-05-28,1.44,-0.020000000000000018
2348,2021-06-04,1.42,-0.020000000000000018
2349,2021-06-11,1.31,-0.10999999999999988
2350,2021-06-18,1.19,-0.1200000000000001
2351,2021-06-25,1.26,0.07000000000000006
2352,2021-07-02,1.2,-0.06000000000000005
2353,2021-07-09,1.14,-0.06000000000000005
2354,2021-07-16,1.06,-0.07999999999999985
2355,2021-07-23,1.08,0.020000000000000018
2356,2021-07-30,1.05,-0.030000000000000027
2357,2021-08-06,1.1,0.050000000000000044
2358,2021-08-13,1.06,-0.040000000000000036
2359,2021-08-20,1.03,-0.030000000000000027
2360,2021-08-27,1.09,0.06000000000000005
2361,2021-09-03,1.12,0.030000000000000027
2362,2021-09-10,1.12,0.0
2363,2021-09-17,1.14,0.019999999999999796
2364,2021-09-24,1.18,0.040000000000000036
2365,2021-10-01,1.21,0.030000000000000027
2366,2021-10-08,1.29,0.08000000000000007
2367,2021-10-15,1.18,-0.1100000000000001
2368,2021-10-22,1.18,0.0
2369,2021-10-29,1.07,-0.10999999999999988
2370,2021-11-05,1.06,-0.010000000000000009
2371,2021-11-12,1.05,-0.010000000000000009
2372,2021-11-19,1.02,-0.030000000000000027
2373,2021-11-26,0.98,-0.040000000000000036
2374,2021-12-03,0.75,-0.22999999999999998
2375,2021-12-10,0.81,0.06000000000000005
2376,2021-12-17,0.75,-0.06000000000000005
2377,2021-12-24,0.79,0.040000000000000036
2378,2021-12-31,0.79,0.0
2379,2022-01-07,0.89,0.09999999999999998
2380,2022-01-14,0.79,-0.09999999999999998
2381,2022-01-21,0.74,-0.050000000000000044
2382,2022-01-28,0.63,-0.10999999999999999
2383,2022-02-04,0.62,-0.010000000000000009
2384,2022-02-11,0.42,-0.2
2385,2022-02-18,0.45,0.030000000000000027
2386,2022-02-25,0.42,-0.030000000000000027
2387,2022-03-04,0.24,-0.18
2388,2022-03-11,0.25,0.010000000000000009
2389,2022-03-18,0.17,-0.07999999999999999
2390,2022-03-25,0.18,0.009999999999999981
2391,2022-04-01,-0.05,-0.22999999999999998
2392,2022-04-08,0.19,0.24
2393,2022-04-15,0.36,0.16999999999999998
2394,2022-04-22,0.18,-0.18
2395,2022-04-29,0.19,0.010000000000000009
2396,2022-05-06,0.4,0.21000000000000002
2397,2022-05-13,0.32,-0.08000000000000002
2398,2022-05-20,0.18,-0.14
2399,2022-05-27,0.27,0.09000000000000002
2400,2022-06-03,0.3,0.02999999999999997
2401,2022-06-10,0.09,-0.21
2402,2022-06-17,0.08,-0.009999999999999995
2403,2022-06-24,0.09,0.009999999999999995
2404,2022-07-01,0.04,-0.049999999999999996
2405,2022-07-08,-0.03,-0.07
2406,2022-07-15,-0.2,-0.17
2407,2022-07-22,-0.21,-0.009999999999999981
2408,2022-07-29,-0.22,-0.010000000000000009
2409,2022-08-05,-0.41,-0.18999999999999997
2410,2022-08-12,-0.41,0.0
2411,2022-08-19,-0.27,0.13999999999999996
2412,2022-08-26,-0.33,-0.06
2413,2022-09-02,-0.2,0.13
2414,2022-09-09,-0.23,-0.03
2415,2022-09-16,-0.4,-0.17
2416,2022-09-23,-0.51,-0.10999999999999999
2417,2022-09-30,-0.39,0.12
2418,2022-10-07,-0.41,-0.019999999999999962
2419,2022-10-14,-0.48,-0.07
2420,2022-10-21,-0.28,0.19999999999999996
2421,2022-10-28,-0.39,-0.10999999999999999
2422,2022-11-04,-0.49,-0.09999999999999998
2423,2022-11-11,-0.52,-0.030000000000000027
2424,2022-11-18,-0.69,-0.16999999999999993
2425,2022-11-25,-0.74,-0.050000000000000044
2426,2022-12-02,-0.77,-0.030000000000000027
2427,2022-12-09,-0.76,0.010000000000000009
2428,2022-12-16,-0.69,0.07000000000000006
2429,2022-12-23,-0.56,0.1299999999999999
2430,2022-12-30,-0.53,0.030000000000000027
2431,2023-01-06,-0.69,-0.15999999999999992
2432,2023-01-13,-0.73,-0.040000000000000036
2433,2023-01-20,-0.66,0.06999999999999995
2434,2023-01-27,-0.67,-0.010000000000000009
2435,2023-02-03,-0.77,-0.09999999999999998
2436,2023-02-10,-0.76,0.010000000000000009
2437,2023-02-17,-0.78,-0.020000000000000018
2438,2023-02-24,-0.83,-0.04999999999999993
2439,2023-03-03,-0.89,-0.06000000000000005
2440,2023-03-10,-0.9,-0.010000000000000009
2441,2023-03-17,-0.42,0.48000000000000004
2442,2023-03-24,-0.38,0.03999999999999998
2443,2023-03-31,-0.58,-0.19999999999999996
2444,2023-04-07,-0.58,0.0
2445,2023-04-14,-0.56,0.019999999999999907
2446,2023-04-21,-0.6,-0.039999999999999925
2447,2023-04-28,-0.6,0.0
2448,2023-05-05,-0.48,0.12
2449,2023-05-12,-0.52,-0.040000000000000036
2450,2023-05-19,-0.58,-0.05999999999999994
2451,2023-05-26,-0.74,-0.16000000000000003
2452,2023-06-02,-0.81,-0.07000000000000006
2453,2023-06-09,-0.84,-0.029999999999999916
2454,2023-06-16,-0.93,-0.09000000000000008
2455,2023-06-23,-0.97,-0.039999999999999925
2456,2023-06-30,-1.06,-0.09000000000000008
2457,2023-07-07,-0.88,0.18000000000000005
2458,2023-07-14,-0.91,-0.030000000000000027
2459,2023-07-21,-0.98,-0.06999999999999995
2460,2023-07-28,-0.91,0.06999999999999995
2461,2023-08-04,-0.73,0.18000000000000005
2462,2023-08-11,-0.73,0.0
2463,2023-08-18,-0.66,0.06999999999999995
2464,2023-08-25,-0.78,-0.12
2465,2023-09-01,-0.69,0.09000000000000008
2466,2023-09-08,-0.72,-0.030000000000000027
2467,2023-09-15,-0.69,0.030000000000000027
2468,2023-09-22,-0.66,0.029999999999999916
2469,2023-09-29,-0.44,0.22000000000000003
2470,2023-10-06,-0.3,0.14
2471,2023-10-13,-0.41,-0.10999999999999999
2472,2023-10-20,-0.14,0.26999999999999996
2473,2023-10-27,-0.15,-0.009999999999999981
2474,2023-11-03,-0.26,-0.11000000000000001
2475,2023-11-10,-0.43,-0.16999999999999998
2476,2023-11-17,-0.44,-0.010000000000000009
2477,2023-11-24,-0.45,-0.010000000000000009
2478,2023-12-01,-0.34,0.10999999999999999
2479,2023-12-08,-0.48,-0.13999999999999996
2480,2023-12-15,-0.53,-0.050000000000000044
2481,2023-12-22,-0.41,0.12000000000000005
2482,2023-12-29,-0.35,0.06
2483,2024-01-05,-0.35,0.0
2484,2024-01-12,-0.18,0.16999999999999998
2485,2024-01-19,-0.24,-0.06
2486,2024-01-26,-0.19,0.04999999999999999
2487,2024-02-02,-0.33,-0.14
2488,2024-02-09,-0.31,0.020000000000000018
2489,2024-02-16,-0.34,-0.030000000000000027
2490,2024-02-23,-0.41,-0.06999999999999995
2491,2024-03-01,-0.35,0.06
2492,2024-03-08,-0.39,-0.040000000000000036
2493,2024-03-15,-0.41,-0.019999999999999962
2494,2024-03-22,-0.37,0.03999999999999998
2495,2024-03-29,-0.39,-0.020000000000000018
2496,2024-04-05,-0.34,0.04999999999999999
2497,2024-04-12,-0.38,-0.03999999999999998
2498,2024-04-19,-0.35,0.030000000000000027
2499,2024-04-26,-0.29,0.06
2500,2024-05-03,-0.31,-0.020000000000000018
2501,2024-05-10,-0.37,-0.06
2502,2024-05-17,-0.41,-0.03999999999999998
2503,2024-05-24,-0.47,-0.06
2504,2024-05-31,-0.38,0.08999999999999997
2505,2024-06-07,-0.44,-0.06
2506,2024-06-14,-0.47,-0.02999999999999997
2507,2024-06-21,-0.45,0.019999999999999962
2508,2024-06-28,-0.35,0.10000000000000003
2509,2024-07-05,-0.32,0.02999999999999997
2510,2024-07-12,-0.27,0.04999999999999999
2511,2024-07-19,-0.24,0.030000000000000027
2512,2024-07-26,-0.16,0.07999999999999999
2513,2024-08-02,-0.08,0.08
2514,2024-08-09,-0.11,-0.03
2515,2024-08-16,-0.17,-0.06000000000000001
2516,2024-08-23,-0.09,0.08000000000000002
2517,2024-08-30,0.0,0.09
2518,2024-09-06,0.06,0.06
2519,2024-09-13,0.09,0.03
2520,2024-09-20,0.18,0.09
2521,2024-09-27,0.2,0.020000000000000018
2522,2024-10-04,0.05,-0.15000000000000002
2523,2024-10-11,0.13,0.08
2524,2024-10-18,0.13,0.0
2525,2024-10-25,0.14,0.010000000000000009
2526,2024-11-01,0.16,0.01999999999999999
2527,2024-11-08,0.04,-0.12
2528,2024-11-15,0.12,0.07999999999999999
2529,2024-11-22,0.04,-0.07999999999999999
2530,2024-11-29,0.05,0.010000000000000002
2531,2024-12-06,0.05,0.0
2532,2024-12-13,0.15,0.09999999999999999
2533,2024-12-20,0.22,0.07
2534,2024-12-27,0.31,0.09
2535,2025-01-03,0.32,0.010000000000000009
2536,2025-01-10,0.37,0.04999999999999999
2537,2025-01-17,0.34,-0.02999999999999997
2538,2025-01-24,0.36,0.019999999999999962
2539,2025-01-31,0.36,0.0
2540,2025-02-07,0.2,-0.15999999999999998
2541,2025-02-14,0.21,0.009999999999999981
2542,2025-02-21,0.23,0.020000000000000018
2543,2025-02-28,0.25,0.01999999999999999
2544,2025-03-07,0.33,0.08000000000000002
2545,2025-03-14,0.29,-0.040000000000000036
2546,2025-03-21,0.31,0.020000000000000018
2547,2025-03-28,0.38,0.07
2548,2025-04-04,0.33,-0.04999999999999999
2549,2025-04-11,0.52,0.19
2550,2025-04-18,0.53,0.010000000000000009
2551,2025-04-25,0.55,0.020000000000000018
2552,2025-05-02,0.5,-0.050000000000000044
2553,2025-05-09,0.49,-0.010000000000000009
2554,2025-05-16,0.45,-0.03999999999999998
2555,2025-05-23,0.51,0.06
2556,2025-05-30,0.52,0.010000000000000009
2557,2025-06-06,0.47,-0.050000000000000044
2558,2025-06-13,0.45,-0.019999999999999962
2559,2025-06-20,0.48,0.02999999999999997
2560,2025-06-27,0.56,0.08000000000000007
2561,2025-07-04,0.47,-0.09000000000000008
2562,2025-07-11,0.53,0.06000000000000005
2563,2025-07-18,0.56,0.030000000000000027
2564,2025-07-25,0.49,-0.07000000000000006
2565,2025-08-01,0.54,0.050000000000000044
2566,2025-08-08,0.51,-0.030000000000000027
2567,2025-08-15,0.58,0.06999999999999995
2568,2025-08-22,0.58,0.0
2569,2025-08-29,0.64,0.06000000000000005
2570,2025-09-05,0.59,-0.050000000000000044
2571,2025-09-12,0.5,-0.08999999999999997
2572,2025-09-19,0.57,0.06999999999999995
2573,2025-09-26,0.57,0.0
2574,2025-10-03,0.55,-0.019999999999999907
2575,2025-10-10,0.53,-0.020000000000000018
2576,2025-10-17,0.56,0.030000000000000027
2577,2025-10-24,0.54,-0.020000000000000018
2578,2025-10-31,0.51,-0.030000000000000027
2579,2025-11-07,0.56,0.050000000000000044
2580,2025-11-14,0.52,-0.040000000000000036
2581,2025-11-21,0.55,0.030000000000000027
2582,2025-11-28,0.55,0.0
2583,2025-12-05,0.58,0.029999999999999916
2584,2025-12-12,0.67,0.09000000000000008
2585,2025-12-19,0.68,0.010000000000000009
2586,2025-12-26,0.68,0.0
2587,2026-01-02,0.72,0.039999999999999925
2588,2026-01-09,0.64,-0.07999999999999996
2589,2026-01-16,0.65,0.010000000000000009
2590,2026-01-23,0.64,-0.010000000000000009
2591,2026-01-30,0.74,0.09999999999999998
2592,2026-02-06,0.72,-0.020000000000000018
2593,2026-02-13,0.64,-0.07999999999999996
2594,2026-02-20,0.6,-0.040000000000000036
2595,2026-02-27,0.59,-0.010000000000000009
2596,2026-03-06,0.59,0.0
2597,2026-03-13,0.55,-0.039999999999999925
2598,2026-03-20,0.51,-0.040000000000000036
2599,2026-03-27,0.56,0.050000000000000044
2600,2026-04-03,0.51,-0.050000000000000044
2601,2026-04-10,0.5,-0.010000000000000009
