,Date,T10Y2Y
0,1976-06-01,0.68
1,1976-06-02,0.71
2,1976-06-03,0.7
3,1976-06-04,0.77
4,1976-06-07,0.79
5,1976-06-08,0.79
6,1976-06-09,0.82
7,1976-06-10,0.86
8,1976-06-11,0.83
9,1976-06-14,0.83
10,1976-06-15,0.83
11,1976-06-16,0.81
12,1976-06-17,0.79
13,1976-06-18,0.82
14,1976-06-21,0.85
15,1976-06-22,0.8
16,1976-06-23,0.8
17,1976-06-24,0.82
18,1976-06-25,0.81
19,1976-06-28,0.84
20,1976-06-29,0.84
21,1976-06-30,0.84
22,1976-07-01,0.86
23,1976-07-02,0.85
24,1976-07-06,0.86
25,1976-07-07,0.85
26,1976-07-08,0.9
27,1976-07-09,1.01
28,1976-07-12,1.04
29,1976-07-13,1.03
30,1976-07-14,1.03
31,1976-07-15,1.05
32,1976-07-16,0.98
33,1976-07-19,0.97
34,1976-07-20,0.96
35,1976-07-21,0.96
36,1976-07-22,0.95
37,1976-07-23,0.94
38,1976-07-26,1.01
39,1976-07-27,1.09
40,1976-07-28,1.06
41,1976-07-29,1.1
42,1976-07-30,1.12
43,1976-08-02,1.1
44,1976-08-03,1.1
45,1976-08-04,1.08
46,1976-08-05,1.08
47,1976-08-06,1.13
48,1976-08-09,1.16
49,1976-08-10,1.16
50,1976-08-11,1.16
51,1976-08-12,1.17
52,1976-08-13,1.18
53,1976-08-16,1.17
54,1976-08-17,1.18
55,1976-08-18,1.17
56,1976-08-19,1.15
57,1976-08-20,1.08
58,1976-08-23,1.11
59,1976-08-24,1.12
60,1976-08-25,1.16
61,1976-08-26,1.14
62,1976-08-27,1.12
63,1976-08-30,1.14
64,1976-08-31,1.16
65,1976-09-01,1.14
66,1976-09-02,1.13
67,1976-09-03,1.13
68,1976-09-07,1.18
69,1976-09-08,1.2
70,1976-09-09,1.17
71,1976-09-10,1.18
72,1976-09-13,1.17
73,1976-09-14,1.15
74,1976-09-15,1.17
75,1976-09-16,1.19
76,1976-09-17,1.23
77,1976-09-20,1.18
78,1976-09-21,1.21
79,1976-09-22,1.17
80,1976-09-23,1.19
81,1976-09-24,1.14
82,1976-09-27,1.19
83,1976-09-28,1.2
84,1976-09-29,1.2
85,1976-09-30,1.22
86,1976-10-01,1.25
87,1976-10-04,1.27
88,1976-10-05,1.28
89,1976-10-06,1.33
90,1976-10-07,1.34
91,1976-10-08,1.51
92,1976-10-12,1.55
93,1976-10-13,1.53
94,1976-10-14,1.53
95,1976-10-15,1.56
96,1976-10-18,1.54
97,1976-10-19,1.5
98,1976-10-20,1.43
99,1976-10-21,1.41
100,1976-10-22,1.41
101,1976-10-25,1.42
102,1976-10-26,1.43
103,1976-10-27,1.44
104,1976-10-28,1.42
105,1976-10-29,1.39
106,1976-11-01,1.35
107,1976-11-03,1.37
108,1976-11-04,1.43
109,1976-11-05,1.4
110,1976-11-08,1.42
111,1976-11-09,1.39
112,1976-11-10,1.42
113,1976-11-12,1.42
114,1976-11-15,1.41
115,1976-11-16,1.47
116,1976-11-17,1.5
117,1976-11-18,1.5
118,1976-11-19,1.57
119,1976-11-22,1.61
120,1976-11-23,1.57
121,1976-11-24,1.58
122,1976-11-26,1.58
123,1976-11-29,1.56
124,1976-11-30,1.59
125,1976-12-01,1.57
126,1976-12-02,1.58
127,1976-12-03,1.55
128,1976-12-06,1.5
129,1976-12-07,1.47
130,1976-12-08,1.48
131,1976-12-09,1.48
132,1976-12-10,1.51
133,1976-12-13,1.47
134,1976-12-14,1.5
135,1976-12-15,1.5
136,1976-12-16,1.48
137,1976-12-17,1.48
138,1976-12-20,1.5
139,1976-12-21,1.48
140,1976-12-22,1.52
141,1976-12-23,1.48
142,1976-12-27,1.47
143,1976-12-28,1.47
144,1976-12-29,1.45
145,1976-12-30,1.42
146,1976-12-31,1.47
147,1977-01-03,1.42
148,1977-01-04,1.4
149,1977-01-05,1.4
150,1977-01-06,1.36
151,1977-01-07,1.39
152,1977-01-10,1.41
153,1977-01-11,1.41
154,1977-01-12,1.42
155,1977-01-13,1.39
156,1977-01-14,1.32
157,1977-01-17,1.3
158,1977-01-18,1.3
159,1977-01-19,1.26
160,1977-01-20,1.25
161,1977-01-21,1.26
162,1977-01-24,1.25
163,1977-01-25,1.24
164,1977-01-26,1.24
165,1977-01-27,1.17
166,1977-01-28,1.18
167,1977-01-31,1.22
168,1977-02-01,1.21
169,1977-02-02,1.19
170,1977-02-03,1.26
171,1977-02-04,1.25
172,1977-02-07,1.3
173,1977-02-08,1.29
174,1977-02-09,1.33
175,1977-02-10,1.3
176,1977-02-11,1.34
177,1977-02-14,1.32
178,1977-02-15,1.32
179,1977-02-16,1.32
180,1977-02-17,1.27
181,1977-02-18,1.35
182,1977-02-22,1.33
183,1977-02-23,1.36
184,1977-02-24,1.3
185,1977-02-25,1.34
186,1977-02-28,1.37
187,1977-03-01,1.33
188,1977-03-02,1.33
189,1977-03-03,1.35
190,1977-03-04,1.38
191,1977-03-07,1.38
192,1977-03-08,1.38
193,1977-03-09,1.38
194,1977-03-10,1.38
195,1977-03-11,1.35
196,1977-03-14,1.39
197,1977-03-15,1.38
198,1977-03-16,1.36
199,1977-03-17,1.33
200,1977-03-18,1.36
201,1977-03-21,1.4
202,1977-03-22,1.39
203,1977-03-23,1.4
204,1977-03-24,1.39
205,1977-03-25,1.38
206,1977-03-28,1.36
207,1977-03-29,1.39
208,1977-03-30,1.39
209,1977-03-31,1.41
210,1977-04-01,1.41
211,1977-04-04,1.41
212,1977-04-05,1.46
213,1977-04-06,1.42
214,1977-04-07,1.41
215,1977-04-11,1.43
216,1977-04-12,1.41
217,1977-04-13,1.4
218,1977-04-14,1.49
219,1977-04-15,1.47
220,1977-04-18,1.45
221,1977-04-19,1.43
222,1977-04-20,1.37
223,1977-04-21,1.39
224,1977-04-22,1.37
225,1977-04-25,1.39
226,1977-04-26,1.38
227,1977-04-27,1.37
228,1977-04-28,1.37
229,1977-04-29,1.31
230,1977-05-02,1.3
231,1977-05-03,1.29
232,1977-05-04,1.34
233,1977-05-05,1.31
234,1977-05-06,1.26
235,1977-05-09,1.25
236,1977-05-10,1.25
237,1977-05-11,1.18
238,1977-05-12,1.18
239,1977-05-13,1.2
240,1977-05-16,1.2
241,1977-05-17,1.2
242,1977-05-18,1.19
243,1977-05-19,1.12
244,1977-05-20,1.06
245,1977-05-23,1.08
246,1977-05-24,1.11
247,1977-05-25,1.16
248,1977-05-26,1.18
249,1977-05-27,1.18
250,1977-05-31,1.2
251,1977-06-01,1.14
252,1977-06-02,1.19
253,1977-06-03,1.17
254,1977-06-06,1.19
255,1977-06-07,1.19
256,1977-06-08,1.21
257,1977-06-09,1.19
258,1977-06-10,1.15
259,1977-06-13,1.14
260,1977-06-14,1.14
261,1977-06-15,1.12
262,1977-06-16,1.12
263,1977-06-17,1.14
264,1977-06-20,1.16
265,1977-06-21,1.14
266,1977-06-22,1.13
267,1977-06-23,1.14
268,1977-06-24,1.1
269,1977-06-27,1.14
270,1977-06-28,1.1
271,1977-06-29,1.14
272,1977-06-30,1.12
273,1977-07-01,1.22
274,1977-07-05,1.23
275,1977-07-06,1.23
276,1977-07-07,1.14
277,1977-07-08,1.12
278,1977-07-11,1.11
279,1977-07-12,1.1
280,1977-07-13,1.09
281,1977-07-15,1.05
282,1977-07-18,1.04
283,1977-07-19,1.02
284,1977-07-20,0.97
285,1977-07-21,0.94
286,1977-07-22,0.96
287,1977-07-25,0.99
288,1977-07-26,1.0
289,1977-07-27,0.99
290,1977-07-28,0.93
291,1977-07-29,0.92
292,1977-08-01,0.94
293,1977-08-02,0.9
294,1977-08-03,0.89
295,1977-08-04,0.91
296,1977-08-05,0.89
297,1977-08-08,0.89
298,1977-08-09,0.87
299,1977-08-10,0.87
300,1977-08-11,0.83
301,1977-08-12,0.8
302,1977-08-15,0.77
303,1977-08-16,0.74
304,1977-08-17,0.72
305,1977-08-18,0.74
306,1977-08-19,0.73
307,1977-08-22,0.73
308,1977-08-23,0.72
309,1977-08-24,0.68
310,1977-08-25,0.7
311,1977-08-26,0.65
312,1977-08-29,0.69
313,1977-08-30,0.71
314,1977-08-31,0.69
315,1977-09-01,0.73
316,1977-09-02,0.71
317,1977-09-06,0.72
318,1977-09-07,0.72
319,1977-09-08,0.74
320,1977-09-09,0.6
321,1977-09-12,0.6
322,1977-09-13,0.62
323,1977-09-14,0.6
324,1977-09-15,0.63
325,1977-09-16,0.64
326,1977-09-19,0.66
327,1977-09-20,0.66
328,1977-09-21,0.65
329,1977-09-22,0.54
330,1977-09-23,0.53
331,1977-09-26,0.53
332,1977-09-27,0.58
333,1977-09-28,0.57
334,1977-09-29,0.6
335,1977-09-30,0.59
336,1977-10-03,0.57
337,1977-10-04,0.56
338,1977-10-05,0.54
339,1977-10-06,0.55
340,1977-10-07,0.52
341,1977-10-11,0.48
342,1977-10-12,0.4
343,1977-10-13,0.35
344,1977-10-14,0.37
345,1977-10-17,0.33
346,1977-10-18,0.32
347,1977-10-19,0.32
348,1977-10-20,0.34
349,1977-10-21,0.33
350,1977-10-24,0.36
351,1977-10-25,0.38
352,1977-10-26,0.4
353,1977-10-27,0.42
354,1977-10-28,0.42
355,1977-10-31,0.39
356,1977-11-01,0.4
357,1977-11-02,0.45
358,1977-11-03,0.46
359,1977-11-04,0.44
360,1977-11-07,0.45
361,1977-11-09,0.44
362,1977-11-10,0.44
363,1977-11-14,0.46
364,1977-11-15,0.45
365,1977-11-16,0.43
366,1977-11-17,0.44
367,1977-11-18,0.43
368,1977-11-21,0.44
369,1977-11-22,0.4
370,1977-11-23,0.41
371,1977-11-25,0.42
372,1977-11-28,0.42
373,1977-11-29,0.44
374,1977-11-30,0.44
375,1977-12-01,0.45
376,1977-12-02,0.44
377,1977-12-05,0.45
378,1977-12-06,0.48
379,1977-12-07,0.47
380,1977-12-08,0.48
381,1977-12-09,0.48
382,1977-12-12,0.48
383,1977-12-13,0.49
384,1977-12-14,0.5
385,1977-12-15,0.53
386,1977-12-16,0.54
387,1977-12-19,0.56
388,1977-12-20,0.6
389,1977-12-21,0.56
390,1977-12-22,0.49
391,1977-12-23,0.51
392,1977-12-27,0.52
393,1977-12-28,0.53
394,1977-12-29,0.56
395,1977-12-30,0.56
396,1978-01-03,0.59
397,1978-01-04,0.58
398,1978-01-05,0.57
399,1978-01-06,0.57
400,1978-01-09,0.43
401,1978-01-10,0.44
402,1978-01-11,0.43
403,1978-01-12,0.42
404,1978-01-13,0.41
405,1978-01-16,0.43
406,1978-01-17,0.44
407,1978-01-18,0.44
408,1978-01-19,0.42
409,1978-01-20,0.42
410,1978-01-23,0.44
411,1978-01-24,0.46
412,1978-01-25,0.47
413,1978-01-26,0.47
414,1978-01-27,0.49
415,1978-01-30,0.49
416,1978-01-31,0.47
417,1978-02-01,0.49
418,1978-02-02,0.48
419,1978-02-03,0.49
420,1978-02-06,0.49
421,1978-02-07,0.47
422,1978-02-08,0.48
423,1978-02-09,0.49
424,1978-02-10,0.49
425,1978-02-14,0.48
426,1978-02-15,0.49
427,1978-02-16,0.46
428,1978-02-17,0.46
429,1978-02-21,0.45
430,1978-02-22,0.45
431,1978-02-23,0.43
432,1978-02-24,0.43
433,1978-02-27,0.43
434,1978-02-28,0.47
435,1978-03-01,0.46
436,1978-03-02,0.45
437,1978-03-03,0.45
438,1978-03-06,0.47
439,1978-03-07,0.47
440,1978-03-08,0.49
441,1978-03-09,0.46
442,1978-03-10,0.46
443,1978-03-13,0.45
444,1978-03-14,0.45
445,1978-03-15,0.46
446,1978-03-16,0.46
447,1978-03-17,0.45
448,1978-03-20,0.44
449,1978-03-21,0.44
450,1978-03-22,0.44
451,1978-03-23,0.45
452,1978-03-27,0.51
453,1978-03-28,0.48
454,1978-03-29,0.47
455,1978-03-30,0.48
456,1978-03-31,0.45
457,1978-04-03,0.44
458,1978-04-04,0.43
459,1978-04-05,0.42
460,1978-04-06,0.43
461,1978-04-07,0.42
462,1978-04-10,0.43
463,1978-04-11,0.45
464,1978-04-12,0.47
465,1978-04-13,0.48
466,1978-04-14,0.51
467,1978-04-17,0.48
468,1978-04-18,0.46
469,1978-04-19,0.36
470,1978-04-20,0.35
471,1978-04-21,0.35
472,1978-04-24,0.36
473,1978-04-25,0.38
474,1978-04-26,0.37
475,1978-04-27,0.35
476,1978-04-28,0.27
477,1978-05-01,0.33
478,1978-05-02,0.34
479,1978-05-03,0.37
480,1978-05-04,0.37
481,1978-05-05,0.38
482,1978-05-08,0.37
483,1978-05-09,0.36
484,1978-05-10,0.36
485,1978-05-11,0.34
486,1978-05-12,0.36
487,1978-05-15,0.37
488,1978-05-16,0.37
489,1978-05-17,0.35
490,1978-05-18,0.33
491,1978-05-19,0.31
492,1978-05-22,0.31
493,1978-05-23,0.3
494,1978-05-24,0.29
495,1978-05-25,0.3
496,1978-05-26,0.32
497,1978-05-31,0.3
498,1978-06-01,0.29
499,1978-06-02,0.3
500,1978-06-05,0.31
501,1978-06-06,0.3
502,1978-06-07,0.3
503,1978-06-08,0.31
504,1978-06-09,0.32
505,1978-06-12,0.29
506,1978-06-13,0.3
507,1978-06-14,0.29
508,1978-06-15,0.29
509,1978-06-16,0.24
510,1978-06-19,0.2
511,1978-06-20,0.2
512,1978-06-21,0.09
513,1978-06-22,0.09
514,1978-06-23,0.11
515,1978-06-26,0.11
516,1978-06-27,0.14
517,1978-06-28,0.13
518,1978-06-29,0.15
519,1978-06-30,0.14
520,1978-07-03,0.15
521,1978-07-05,0.18
522,1978-07-06,0.18
523,1978-07-07,0.18
524,1978-07-10,0.18
525,1978-07-11,0.2
526,1978-07-12,0.19
527,1978-07-13,0.18
528,1978-07-14,0.17
529,1978-07-17,0.17
530,1978-07-18,0.17
531,1978-07-19,0.16
532,1978-07-20,0.16
533,1978-07-21,0.08
534,1978-07-24,0.1
535,1978-07-25,0.12
536,1978-07-26,0.14
537,1978-07-27,0.11
538,1978-07-28,0.1
539,1978-07-31,0.09
540,1978-08-01,0.09
541,1978-08-02,0.04
542,1978-08-03,0.13
543,1978-08-04,0.12
544,1978-08-07,0.18
545,1978-08-08,0.16
546,1978-08-09,0.17
547,1978-08-10,0.21
548,1978-08-11,0.19
549,1978-08-14,0.16
550,1978-08-15,0.17
551,1978-08-16,0.05
552,1978-08-17,0.0
553,1978-08-18,-0.04
554,1978-08-21,-0.06
555,1978-08-22,-0.06
556,1978-08-23,-0.1
557,1978-08-24,-0.06
558,1978-08-25,-0.07
559,1978-08-28,-0.06
560,1978-08-29,-0.07
561,1978-08-30,-0.06
562,1978-08-31,-0.07
563,1978-09-01,-0.12
564,1978-09-05,-0.12
565,1978-09-06,-0.09
566,1978-09-07,-0.1
567,1978-09-08,-0.12
568,1978-09-11,-0.12
569,1978-09-12,-0.16
570,1978-09-13,-0.15
571,1978-09-14,-0.13
572,1978-09-15,-0.14
573,1978-09-18,-0.15
574,1978-09-19,-0.16
575,1978-09-20,-0.14
576,1978-09-21,-0.18
577,1978-09-22,-0.17
578,1978-09-25,-0.19
579,1978-09-26,-0.22
580,1978-09-27,-0.2
581,1978-09-28,-0.18
582,1978-09-29,-0.14
583,1978-10-02,-0.13
584,1978-10-03,-0.12
585,1978-10-04,-0.1
586,1978-10-05,-0.09
587,1978-10-06,-0.11
588,1978-10-10,-0.12
589,1978-10-11,-0.14
590,1978-10-12,-0.18
591,1978-10-13,-0.17
592,1978-10-16,-0.14
593,1978-10-17,-0.17
594,1978-10-18,-0.21
595,1978-10-19,-0.2
596,1978-10-20,-0.19
597,1978-10-23,-0.18
598,1978-10-24,-0.21
599,1978-10-25,-0.31
600,1978-10-26,-0.33
601,1978-10-27,-0.34
602,1978-10-30,-0.47
603,1978-10-31,-0.53
604,1978-11-01,-0.78
605,1978-11-02,-0.69
606,1978-11-03,-0.63
607,1978-11-06,-0.6
608,1978-11-08,-0.63
609,1978-11-09,-0.63
610,1978-11-10,-0.6
611,1978-11-13,-0.57
612,1978-11-14,-0.59
613,1978-11-15,-0.58
614,1978-11-16,-0.49
615,1978-11-17,-0.47
616,1978-11-20,-0.47
617,1978-11-21,-0.46
618,1978-11-22,-0.6
619,1978-11-24,-0.74
620,1978-11-27,-0.74
621,1978-11-28,-0.74
622,1978-11-29,-0.69
623,1978-11-30,-0.69
624,1978-12-01,-0.7
625,1978-12-04,-0.69
626,1978-12-05,-0.65
627,1978-12-06,-0.65
628,1978-12-07,-0.61
629,1978-12-08,-0.61
630,1978-12-11,-0.62
631,1978-12-12,-0.6
632,1978-12-13,-0.56
633,1978-12-14,-0.58
634,1978-12-15,-0.58
635,1978-12-18,-0.73
636,1978-12-19,-0.77
637,1978-12-20,-0.8
638,1978-12-21,-0.82
639,1978-12-22,-0.85
640,1978-12-26,-0.85
641,1978-12-27,-0.86
642,1978-12-28,-0.82
643,1978-12-29,-0.83
644,1979-01-02,-0.82
645,1979-01-03,-0.82
646,1979-01-04,-0.77
647,1979-01-05,-0.77
648,1979-01-08,-0.78
649,1979-01-09,-0.76
650,1979-01-10,-0.78
651,1979-01-11,-0.77
652,1979-01-12,-0.78
653,1979-01-15,-0.76
654,1979-01-16,-0.76
655,1979-01-17,-0.73
656,1979-01-18,-0.74
657,1979-01-19,-0.76
658,1979-01-22,-0.74
659,1979-01-23,-0.75
660,1979-01-24,-0.77
661,1979-01-25,-0.8
662,1979-01-26,-0.74
663,1979-01-29,-0.71
664,1979-01-30,-0.73
665,1979-01-31,-0.69
666,1979-02-01,-0.67
667,1979-02-02,-0.59
668,1979-02-05,-0.58
669,1979-02-06,-0.58
670,1979-02-07,-0.58
671,1979-02-08,-0.61
672,1979-02-09,-0.59
673,1979-02-13,-0.58
674,1979-02-14,-0.55
675,1979-02-15,-0.56
676,1979-02-16,-0.57
677,1979-02-20,-0.57
678,1979-02-21,-0.56
679,1979-02-22,-0.7
680,1979-02-23,-0.71
681,1979-02-26,-0.71
682,1979-02-27,-0.7
683,1979-02-28,-0.72
684,1979-03-01,-0.7
685,1979-03-02,-0.71
686,1979-03-05,-0.72
687,1979-03-06,-0.69
688,1979-03-07,-0.71
689,1979-03-08,-0.66
690,1979-03-09,-0.68
691,1979-03-12,-0.7
692,1979-03-13,-0.69
693,1979-03-14,-0.7
694,1979-03-15,-0.68
695,1979-03-16,-0.72
696,1979-03-19,-0.69
697,1979-03-20,-0.66
698,1979-03-21,-0.66
699,1979-03-22,-0.65
700,1979-03-23,-0.65
701,1979-03-26,-0.64
702,1979-03-27,-0.62
703,1979-03-28,-0.64
704,1979-03-29,-0.61
705,1979-03-30,-0.61
706,1979-04-02,-0.63
707,1979-04-03,-0.63
708,1979-04-04,-0.62
709,1979-04-05,-0.61
710,1979-04-06,-0.65
711,1979-04-09,-0.67
712,1979-04-10,-0.64
713,1979-04-11,-0.65
714,1979-04-12,-0.65
715,1979-04-16,-0.67
716,1979-04-17,-0.61
717,1979-04-18,-0.56
718,1979-04-19,-0.53
719,1979-04-20,-0.54
720,1979-04-23,-0.52
721,1979-04-24,-0.51
722,1979-04-25,-0.54
723,1979-04-26,-0.53
724,1979-04-27,-0.61
725,1979-04-30,-0.56
726,1979-05-01,-0.55
727,1979-05-02,-0.57
728,1979-05-03,-0.55
729,1979-05-04,-0.54
730,1979-05-07,-0.52
731,1979-05-08,-0.53
732,1979-05-09,-0.54
733,1979-05-10,-0.56
734,1979-05-11,-0.56
735,1979-05-14,-0.57
736,1979-05-15,-0.55
737,1979-05-16,-0.53
738,1979-05-17,-0.48
739,1979-05-18,-0.48
740,1979-05-21,-0.51
741,1979-05-22,-0.54
742,1979-05-23,-0.58
743,1979-05-24,-0.52
744,1979-05-25,-0.49
745,1979-05-29,-0.49
746,1979-05-31,-0.5
747,1979-06-01,-0.51
748,1979-06-04,-0.5
749,1979-06-05,-0.48
750,1979-06-06,-0.46
751,1979-06-07,-0.4
752,1979-06-08,-0.35
753,1979-06-11,-0.33
754,1979-06-12,-0.26
755,1979-06-13,-0.25
756,1979-06-14,-0.25
757,1979-06-15,-0.28
758,1979-06-18,-0.31
759,1979-06-19,-0.29
760,1979-06-20,-0.31
761,1979-06-21,-0.32
762,1979-06-22,-0.29
763,1979-06-25,-0.27
764,1979-06-26,-0.15
765,1979-06-27,-0.12
766,1979-06-28,-0.15
767,1979-06-29,-0.16
768,1979-07-02,-0.17
769,1979-07-03,-0.18
770,1979-07-05,-0.18
771,1979-07-06,-0.18
772,1979-07-09,-0.18
773,1979-07-10,-0.12
774,1979-07-11,-0.07
775,1979-07-12,-0.06
776,1979-07-13,-0.07
777,1979-07-16,-0.09
778,1979-07-17,-0.09
779,1979-07-18,-0.07
780,1979-07-19,-0.1
781,1979-07-20,-0.26
782,1979-07-23,-0.25
783,1979-07-24,-0.27
784,1979-07-25,-0.37
785,1979-07-26,-0.28
786,1979-07-27,-0.36
787,1979-07-30,-0.29
788,1979-07-31,-0.3
789,1979-08-01,-0.24
790,1979-08-02,-0.29
791,1979-08-03,-0.35
792,1979-08-06,-0.36
793,1979-08-07,-0.31
794,1979-08-08,-0.32
795,1979-08-09,-0.3
796,1979-08-10,-0.33
797,1979-08-13,-0.34
798,1979-08-14,-0.34
799,1979-08-15,-0.41
800,1979-08-16,-0.39
801,1979-08-17,-0.43
802,1979-08-20,-0.43
803,1979-08-21,-0.47
804,1979-08-22,-0.51
805,1979-08-23,-0.58
806,1979-08-24,-0.58
807,1979-08-27,-0.56
808,1979-08-28,-0.58
809,1979-08-29,-0.59
810,1979-08-30,-0.56
811,1979-08-31,-0.6
812,1979-09-04,-0.68
813,1979-09-05,-0.7
814,1979-09-06,-0.68
815,1979-09-07,-0.76
816,1979-09-10,-0.77
817,1979-09-11,-0.75
818,1979-09-12,-0.74
819,1979-09-13,-0.76
820,1979-09-14,-0.73
821,1979-09-17,-0.76
822,1979-09-18,-0.78
823,1979-09-19,-0.77
824,1979-09-20,-0.74
825,1979-09-21,-0.74
826,1979-09-24,-0.67
827,1979-09-25,-0.69
828,1979-09-26,-0.66
829,1979-09-27,-0.67
830,1979-09-28,-0.66
831,1979-10-01,-0.63
832,1979-10-02,-0.67
833,1979-10-03,-0.64
834,1979-10-04,-0.76
835,1979-10-05,-0.79
836,1979-10-09,-1.19
837,1979-10-10,-1.31
838,1979-10-11,-1.09
839,1979-10-12,-1.02
840,1979-10-15,-1.08
841,1979-10-16,-1.12
842,1979-10-17,-1.2
843,1979-10-18,-1.34
844,1979-10-19,-1.47
845,1979-10-22,-1.47
846,1979-10-23,-1.61
847,1979-10-24,-1.69
848,1979-10-25,-1.61
849,1979-10-26,-1.38
850,1979-10-29,-1.41
851,1979-10-30,-1.37
852,1979-10-31,-1.34
853,1979-11-01,-1.29
854,1979-11-02,-1.35
855,1979-11-05,-1.3
856,1979-11-07,-1.36
857,1979-11-08,-1.33
858,1979-11-09,-1.1
859,1979-11-13,-1.01
860,1979-11-14,-1.07
861,1979-11-15,-1.06
862,1979-11-16,-1.2
863,1979-11-19,-1.28
864,1979-11-20,-1.34
865,1979-11-21,-1.44
866,1979-11-23,-1.18
867,1979-11-26,-1.07
868,1979-11-27,-0.87
869,1979-11-28,-0.86
870,1979-11-29,-0.89
871,1979-11-30,-0.95
872,1979-12-03,-0.98
873,1979-12-04,-0.98
874,1979-12-05,-0.94
875,1979-12-06,-0.95
876,1979-12-07,-0.91
877,1979-12-10,-0.98
878,1979-12-11,-1.14
879,1979-12-12,-1.27
880,1979-12-13,-1.16
881,1979-12-14,-1.02
882,1979-12-17,-1.03
883,1979-12-18,-0.97
884,1979-12-19,-1.05
885,1979-12-20,-1.02
886,1979-12-21,-1.03
887,1979-12-24,-0.99
888,1979-12-26,-0.95
889,1979-12-27,-0.93
890,1979-12-28,-0.89
891,1979-12-31,-0.9
892,1980-01-02,-0.89
893,1980-01-03,-0.85
894,1980-01-04,-0.81
895,1980-01-07,-0.72
896,1980-01-08,-0.69
897,1980-01-09,-0.66
898,1980-01-10,-0.67
899,1980-01-11,-0.65
900,1980-01-14,-0.65
901,1980-01-15,-0.67
902,1980-01-16,-0.65
903,1980-01-17,-0.66
904,1980-01-18,-0.7
905,1980-01-21,-0.62
906,1980-01-22,-0.71
907,1980-01-23,-0.71
908,1980-01-24,-0.67
909,1980-01-25,-0.72
910,1980-01-28,-0.64
911,1980-01-29,-0.67
912,1980-01-30,-0.68
913,1980-01-31,-0.62
914,1980-02-01,-0.75
915,1980-02-04,-0.72
916,1980-02-05,-0.76
917,1980-02-06,-0.5
918,1980-02-07,-0.5
919,1980-02-08,-0.51
920,1980-02-11,-0.59
921,1980-02-13,-0.66
922,1980-02-14,-0.63
923,1980-02-15,-0.93
924,1980-02-19,-1.11
925,1980-02-20,-1.19
926,1980-02-21,-1.29
927,1980-02-22,-1.46
928,1980-02-25,-1.35
929,1980-02-26,-1.26
930,1980-02-27,-1.36
931,1980-02-28,-1.49
932,1980-02-29,-2.01
933,1980-03-03,-2.04
934,1980-03-04,-1.95
935,1980-03-05,-1.96
936,1980-03-06,-2.14
937,1980-03-07,-2.34
938,1980-03-10,-2.08
939,1980-03-11,-2.02
940,1980-03-12,-2.12
941,1980-03-13,-2.19
942,1980-03-14,-2.28
943,1980-03-17,-2.24
944,1980-03-18,-2.02
945,1980-03-19,-1.98
946,1980-03-20,-2.41
947,1980-03-21,-2.27
948,1980-03-24,-2.19
949,1980-03-25,-2.09
950,1980-03-26,-2.23
951,1980-03-27,-2.14
952,1980-03-28,-2.17
953,1980-03-31,-1.99
954,1980-04-01,-1.9
955,1980-04-02,-1.89
956,1980-04-03,-1.99
957,1980-04-07,-1.72
958,1980-04-08,-1.68
959,1980-04-09,-1.48
960,1980-04-10,-1.51
961,1980-04-11,-1.43
962,1980-04-14,-1.34
963,1980-04-15,-1.15
964,1980-04-16,-1.07
965,1980-04-17,-0.84
966,1980-04-18,-0.71
967,1980-04-21,-0.66
968,1980-04-22,-0.61
969,1980-04-23,-0.49
970,1980-04-24,-0.46
971,1980-04-25,-0.44
972,1980-04-28,-0.11
973,1980-04-29,-0.07
974,1980-04-30,-0.05
975,1980-05-01,-0.13
976,1980-05-02,0.2
977,1980-05-05,0.33
978,1980-05-06,0.4
979,1980-05-07,0.55
980,1980-05-08,0.7
981,1980-05-09,0.45
982,1980-05-12,0.78
983,1980-05-13,0.75
984,1980-05-14,0.87
985,1980-05-15,0.83
986,1980-05-16,0.61
987,1980-05-19,0.75
988,1980-05-20,0.96
989,1980-05-21,0.94
990,1980-05-22,0.97
991,1980-05-23,1.12
992,1980-05-27,1.14
993,1980-05-28,1.06
994,1980-05-29,1.08
995,1980-05-30,1.0
996,1980-06-02,0.97
997,1980-06-03,0.96
998,1980-06-04,1.01
999,1980-06-05,1.05
1000,1980-06-06,1.09
1001,1980-06-09,1.12
1002,1980-06-10,1.04
1003,1980-06-11,1.05
1004,1980-06-12,1.07
1005,1980-06-13,1.12
1006,1980-06-16,1.09
1007,1980-06-17,1.13
1008,1980-06-18,0.98
1009,1980-06-19,0.88
1010,1980-06-20,1.06
1011,1980-06-23,1.04
1012,1980-06-24,1.04
1013,1980-06-25,1.06
1014,1980-06-26,1.07
1015,1980-06-27,1.1
1016,1980-06-30,1.12
1017,1980-07-01,1.12
1018,1980-07-02,1.18
1019,1980-07-03,1.24
1020,1980-07-07,1.26
1021,1980-07-08,1.29
1022,1980-07-09,1.31
1023,1980-07-10,1.31
1024,1980-07-11,1.31
1025,1980-07-14,1.17
1026,1980-07-15,1.19
1027,1980-07-16,1.28
1028,1980-07-17,1.32
1029,1980-07-18,1.27
1030,1980-07-21,1.2
1031,1980-07-22,1.16
1032,1980-07-23,1.17
1033,1980-07-24,1.19
1034,1980-07-25,1.2
1035,1980-07-28,1.22
1036,1980-07-29,1.17
1037,1980-07-30,1.2
1038,1980-07-31,1.04
1039,1980-08-01,0.98
1040,1980-08-04,1.03
1041,1980-08-05,1.03
1042,1980-08-06,1.11
1043,1980-08-07,1.04
1044,1980-08-08,1.06
1045,1980-08-11,0.96
1046,1980-08-12,0.95
1047,1980-08-13,0.86
1048,1980-08-14,0.83
1049,1980-08-15,0.74
1050,1980-08-18,0.36
1051,1980-08-19,0.33
1052,1980-08-20,0.11
1053,1980-08-21,0.03
1054,1980-08-22,0.04
1055,1980-08-25,0.06
1056,1980-08-26,0.08
1057,1980-08-27,0.15
1058,1980-08-28,0.12
1059,1980-08-29,0.19
1060,1980-09-02,0.27
1061,1980-09-03,0.35
1062,1980-09-04,0.39
1063,1980-09-05,0.32
1064,1980-09-08,0.18
1065,1980-09-09,0.06
1066,1980-09-10,0.11
1067,1980-09-11,0.05
1068,1980-09-12,-0.03
1069,1980-09-15,-0.17
1070,1980-09-16,-0.16
1071,1980-09-17,-0.22
1072,1980-09-18,-0.31
1073,1980-09-19,-0.26
1074,1980-09-22,-0.31
1075,1980-09-23,-0.24
1076,1980-09-24,-0.23
1077,1980-09-25,-0.2
1078,1980-09-26,-0.41
1079,1980-09-29,-0.31
1080,1980-09-30,-0.27
1081,1980-10-01,-0.24
1082,1980-10-02,-0.23
1083,1980-10-03,-0.11
1084,1980-10-06,-0.06
1085,1980-10-07,-0.01
1086,1980-10-08,-0.18
1087,1980-10-09,-0.21
1088,1980-10-10,-0.2
1089,1980-10-14,-0.3
1090,1980-10-15,-0.29
1091,1980-10-16,-0.22
1092,1980-10-17,-0.29
1093,1980-10-20,-0.36
1094,1980-10-21,-0.41
1095,1980-10-22,-0.43
1096,1980-10-23,-0.49
1097,1980-10-24,-0.51
1098,1980-10-27,-0.6
1099,1980-10-28,-0.59
1100,1980-10-29,-0.5
1101,1980-10-30,-0.56
1102,1980-10-31,-0.62
1103,1980-11-03,-0.77
1104,1980-11-05,-0.77
1105,1980-11-06,-0.53
1106,1980-11-07,-0.7
1107,1980-11-10,-0.51
1108,1980-11-12,-0.39
1109,1980-11-13,-0.4
1110,1980-11-14,-0.46
1111,1980-11-17,-0.76
1112,1980-11-18,-0.85
1113,1980-11-19,-0.86
1114,1980-11-20,-0.94
1115,1980-11-21,-1.03
1116,1980-11-24,-1.12
1117,1980-11-25,-1.25
1118,1980-11-26,-1.35
1119,1980-11-28,-1.41
1120,1980-12-01,-1.33
1121,1980-12-02,-1.3
1122,1980-12-03,-1.12
1123,1980-12-04,-1.24
1124,1980-12-05,-1.49
1125,1980-12-08,-1.54
1126,1980-12-09,-1.44
1127,1980-12-10,-1.44
1128,1980-12-11,-1.4
1129,1980-12-12,-1.53
1130,1980-12-15,-1.58
1131,1980-12-16,-1.61
1132,1980-12-17,-1.7
1133,1980-12-18,-1.67
1134,1980-12-19,-1.41
1135,1980-12-22,-1.1
1136,1980-12-23,-0.69
1137,1980-12-24,-0.95
1138,1980-12-26,-0.7
1139,1980-12-29,-0.67
1140,1980-12-30,-0.58
1141,1980-12-31,-0.63
1142,1981-01-02,-0.68
1143,1981-01-05,-0.13
1144,1981-01-06,-0.31
1145,1981-01-07,-0.54
1146,1981-01-08,-0.74
1147,1981-01-09,-0.96
1148,1981-01-12,-0.72
1149,1981-01-13,-0.77
1150,1981-01-14,-0.42
1151,1981-01-15,-0.63
1152,1981-01-16,-0.55
1153,1981-01-19,-0.98
1154,1981-01-20,-0.98
1155,1981-01-21,-1.02
1156,1981-01-22,-0.96
1157,1981-01-23,-0.9
1158,1981-01-26,-0.7
1159,1981-01-27,-0.67
1160,1981-01-28,-0.71
1161,1981-01-29,-0.62
1162,1981-01-30,-0.58
1163,1981-02-02,-0.65
1164,1981-02-03,-0.72
1165,1981-02-04,-0.77
1166,1981-02-05,-0.68
1167,1981-02-06,-0.8
1168,1981-02-09,-0.76
1169,1981-02-10,-0.83
1170,1981-02-11,-0.92
1171,1981-02-13,-0.8
1172,1981-02-17,-0.64
1173,1981-02-18,-0.68
1174,1981-02-19,-0.63
1175,1981-02-20,-0.65
1176,1981-02-23,-0.73
1177,1981-02-24,-0.79
1178,1981-02-25,-0.71
1179,1981-02-26,-0.63
1180,1981-02-27,-0.65
1181,1981-03-02,-0.78
1182,1981-03-03,-0.7
1183,1981-03-04,-0.76
1184,1981-03-05,-0.74
1185,1981-03-06,-0.71
1186,1981-03-09,-0.75
1187,1981-03-10,-0.66
1188,1981-03-11,-0.67
1189,1981-03-12,-0.67
1190,1981-03-13,-0.59
1191,1981-03-16,-0.45
1192,1981-03-17,-0.52
1193,1981-03-18,-0.17
1194,1981-03-19,-0.17
1195,1981-03-20,-0.11
1196,1981-03-23,-0.23
1197,1981-03-24,-0.25
1198,1981-03-25,-0.3
1199,1981-03-26,-0.28
1200,1981-03-27,-0.31
1201,1981-03-30,-0.1
1202,1981-03-31,-0.04
1203,1981-04-01,-0.05
1204,1981-04-02,-0.15
1205,1981-04-03,-0.17
1206,1981-04-06,-0.39
1207,1981-04-07,-0.29
1208,1981-04-08,-0.28
1209,1981-04-09,-0.42
1210,1981-04-10,-0.31
1211,1981-04-13,-0.37
1212,1981-04-14,-0.34
1213,1981-04-15,-0.45
1214,1981-04-16,-0.44
1215,1981-04-20,-0.64
1216,1981-04-21,-0.61
1217,1981-04-22,-0.63
1218,1981-04-23,-0.71
1219,1981-04-24,-0.78
1220,1981-04-27,-0.81
1221,1981-04-28,-0.72
1222,1981-04-29,-0.62
1223,1981-04-30,-0.73
1224,1981-05-01,-0.67
1225,1981-05-04,-0.9
1226,1981-05-05,-1.25
1227,1981-05-06,-1.27
1228,1981-05-07,-1.36
1229,1981-05-08,-1.46
1230,1981-05-11,-1.4
1231,1981-05-12,-1.47
1232,1981-05-13,-1.45
1233,1981-05-14,-1.56
1234,1981-05-15,-1.48
1235,1981-05-18,-1.39
1236,1981-05-19,-1.52
1237,1981-05-20,-1.63
1238,1981-05-21,-1.7
1239,1981-05-22,-1.66
1240,1981-05-26,-1.42
1241,1981-05-27,-1.43
1242,1981-05-28,-1.23
1243,1981-05-29,-0.9
1244,1981-06-01,-1.01
1245,1981-06-02,-1.08
1246,1981-06-03,-1.1
1247,1981-06-04,-1.25
1248,1981-06-05,-1.17
1249,1981-06-08,-0.95
1250,1981-06-09,-1.04
1251,1981-06-10,-1.0
1252,1981-06-11,-1.08
1253,1981-06-12,-1.09
1254,1981-06-15,-0.94
1255,1981-06-16,-1.03
1256,1981-06-17,-1.14
1257,1981-06-18,-1.09
1258,1981-06-19,-1.19
1259,1981-06-22,-1.05
1260,1981-06-23,-1.03
1261,1981-06-24,-1.05
1262,1981-06-25,-0.95
1263,1981-06-26,-0.9
1264,1981-06-29,-0.8
1265,1981-06-30,-0.8
1266,1981-07-01,-0.9
1267,1981-07-02,-0.92
1268,1981-07-06,-0.87
1269,1981-07-07,-0.88
1270,1981-07-08,-0.91
1271,1981-07-09,-1.02
1272,1981-07-10,-0.94
1273,1981-07-13,-0.84
1274,1981-07-14,-0.92
1275,1981-07-15,-0.96
1276,1981-07-16,-1.0
1277,1981-07-17,-0.98
1278,1981-07-20,-1.37
1279,1981-07-21,-1.39
1280,1981-07-22,-1.32
1281,1981-07-23,-1.28
1282,1981-07-24,-1.23
1283,1981-07-27,-1.14
1284,1981-07-28,-1.25
1285,1981-07-29,-1.15
1286,1981-07-30,-1.17
1287,1981-07-31,-1.17
1288,1981-08-03,-1.21
1289,1981-08-04,-1.21
1290,1981-08-05,-1.16
1291,1981-08-06,-1.17
1292,1981-08-07,-1.22
1293,1981-08-10,-1.18
1294,1981-08-11,-1.27
1295,1981-08-12,-1.41
1296,1981-08-13,-1.48
1297,1981-08-14,-1.45
1298,1981-08-17,-1.51
1299,1981-08-18,-1.51
1300,1981-08-19,-1.55
1301,1981-08-20,-1.36
1302,1981-08-21,-1.34
1303,1981-08-24,-1.54
1304,1981-08-25,-1.32
1305,1981-08-26,-1.38
1306,1981-08-27,-1.39
1307,1981-08-28,-1.32
1308,1981-08-31,-1.32
1309,1981-09-01,-1.37
1310,1981-09-02,-1.38
1311,1981-09-03,-1.42
1312,1981-09-04,-1.38
1313,1981-09-08,-1.36
1314,1981-09-09,-1.42
1315,1981-09-10,-1.42
1316,1981-09-11,-1.42
1317,1981-09-14,-1.23
1318,1981-09-15,-1.05
1319,1981-09-16,-0.98
1320,1981-09-17,-1.06
1321,1981-09-18,-1.11
1322,1981-09-21,-1.01
1323,1981-09-22,-1.01
1324,1981-09-23,-0.88
1325,1981-09-24,-0.86
1326,1981-09-25,-0.85
1327,1981-09-28,-0.92
1328,1981-09-29,-0.83
1329,1981-09-30,-0.85
1330,1981-10-01,-0.82
1331,1981-10-02,-0.93
1332,1981-10-05,-0.68
1333,1981-10-06,-0.71
1334,1981-10-07,-0.69
1335,1981-10-08,-0.79
1336,1981-10-09,-0.47
1337,1981-10-13,-0.42
1338,1981-10-14,-0.48
1339,1981-10-15,-0.43
1340,1981-10-16,-0.52
1341,1981-10-19,-0.53
1342,1981-10-20,-0.39
1343,1981-10-21,-0.21
1344,1981-10-22,-0.18
1345,1981-10-23,-0.11
1346,1981-10-26,0.04
1347,1981-10-27,-0.02
1348,1981-10-28,0.02
1349,1981-10-29,-0.01
1350,1981-10-30,0.04
1351,1981-11-02,0.13
1352,1981-11-04,0.07
1353,1981-11-05,-0.01
1354,1981-11-06,0.08
1355,1981-11-09,0.22
1356,1981-11-10,0.18
1357,1981-11-12,0.42
1358,1981-11-13,0.35
1359,1981-11-16,0.38
1360,1981-11-17,0.47
1361,1981-11-18,0.81
1362,1981-11-19,0.82
1363,1981-11-20,0.93
1364,1981-11-23,0.94
1365,1981-11-24,0.98
1366,1981-11-25,0.85
1367,1981-11-27,0.81
1368,1981-11-30,0.77
1369,1981-12-01,0.66
1370,1981-12-02,0.6
1371,1981-12-03,0.57
1372,1981-12-04,0.92
1373,1981-12-07,0.92
1374,1981-12-08,0.85
1375,1981-12-09,0.77
1376,1981-12-10,0.64
1377,1981-12-11,0.49
1378,1981-12-14,0.23
1379,1981-12-15,0.45
1380,1981-12-16,0.49
1381,1981-12-17,0.34
1382,1981-12-18,0.32
1383,1981-12-21,0.22
1384,1981-12-22,0.25
1385,1981-12-23,0.02
1386,1981-12-24,0.06
1387,1981-12-28,-0.01
1388,1981-12-29,0.14
1389,1981-12-30,0.27
1390,1981-12-31,0.35
1391,1982-01-04,0.32
1392,1982-01-05,0.35
1393,1982-01-06,0.4
1394,1982-01-07,0.3
1395,1982-01-08,0.37
1396,1982-01-11,0.26
1397,1982-01-12,0.13
1398,1982-01-13,0.05
1399,1982-01-14,-0.01
1400,1982-01-15,0.01
1401,1982-01-18,-0.08
1402,1982-01-19,0.01
1403,1982-01-20,-0.21
1404,1982-01-21,-0.34
1405,1982-01-22,-0.37
1406,1982-01-25,-0.31
1407,1982-01-26,-0.16
1408,1982-01-27,-0.06
1409,1982-01-28,-0.04
1410,1982-01-29,-0.1
1411,1982-02-01,-0.46
1412,1982-02-02,-0.38
1413,1982-02-03,-0.24
1414,1982-02-04,-0.2
1415,1982-02-05,-0.24
1416,1982-02-08,-0.21
1417,1982-02-09,-0.2
1418,1982-02-10,-0.27
1419,1982-02-11,-0.36
1420,1982-02-16,-0.51
1421,1982-02-17,-0.68
1422,1982-02-18,-0.71
1423,1982-02-19,-0.7
1424,1982-02-22,-0.48
1425,1982-02-23,-0.4
1426,1982-02-24,-0.37
1427,1982-02-25,-0.34
1428,1982-02-26,-0.41
1429,1982-03-01,-0.4
1430,1982-03-02,-0.4
1431,1982-03-03,-0.4
1432,1982-03-04,-0.29
1433,1982-03-05,-0.2
1434,1982-03-08,-0.04
1435,1982-03-09,-0.24
1436,1982-03-10,-0.24
1437,1982-03-11,-0.3
1438,1982-03-12,-0.38
1439,1982-03-15,-0.47
1440,1982-03-16,-0.44
1441,1982-03-17,-0.27
1442,1982-03-18,-0.37
1443,1982-03-19,-0.46
1444,1982-03-22,-0.35
1445,1982-03-23,-0.35
1446,1982-03-24,-0.23
1447,1982-03-25,-0.34
1448,1982-03-26,-0.34
1449,1982-03-29,-0.37
1450,1982-03-30,-0.44
1451,1982-03-31,-0.34
1452,1982-04-01,-0.32
1453,1982-04-02,-0.34
1454,1982-04-05,-0.21
1455,1982-04-06,-0.24
1456,1982-04-07,-0.36
1457,1982-04-08,-0.3
1458,1982-04-12,-0.39
1459,1982-04-13,-0.34
1460,1982-04-14,-0.4
1461,1982-04-15,-0.48
1462,1982-04-16,-0.53
1463,1982-04-19,-0.52
1464,1982-04-20,-0.42
1465,1982-04-21,-0.35
1466,1982-04-22,-0.35
1467,1982-04-23,-0.33
1468,1982-04-26,-0.32
1469,1982-04-27,-0.25
1470,1982-04-28,-0.22
1471,1982-04-29,-0.15
1472,1982-04-30,-0.12
1473,1982-05-03,-0.18
1474,1982-05-04,-0.3
1475,1982-05-05,-0.24
1476,1982-05-06,-0.24
1477,1982-05-07,-0.19
1478,1982-05-10,-0.22
1479,1982-05-11,-0.27
1480,1982-05-12,-0.21
1481,1982-05-13,-0.33
1482,1982-05-14,-0.38
1483,1982-05-17,-0.28
1484,1982-05-18,-0.25
1485,1982-05-19,-0.14
1486,1982-05-20,0.05
1487,1982-05-21,-0.05
1488,1982-05-24,-0.04
1489,1982-05-25,-0.06
1490,1982-05-26,0.06
1491,1982-05-27,0.09
1492,1982-05-28,0.09
1493,1982-06-01,0.01
1494,1982-06-02,-0.09
1495,1982-06-03,0.0
1496,1982-06-04,-0.05
1497,1982-06-07,-0.03
1498,1982-06-08,-0.06
1499,1982-06-09,-0.12
1500,1982-06-10,-0.1
1501,1982-06-11,-0.15
1502,1982-06-14,-0.16
1503,1982-06-15,-0.2
1504,1982-06-16,-0.19
1505,1982-06-17,-0.31
1506,1982-06-18,-0.34
1507,1982-06-21,-0.29
1508,1982-06-22,-0.24
1509,1982-06-23,-0.23
1510,1982-06-24,-0.24
1511,1982-06-25,-0.22
1512,1982-06-28,-0.2
1513,1982-06-29,-0.22
1514,1982-06-30,-0.22
1515,1982-07-01,-0.2
1516,1982-07-02,-0.21
1517,1982-07-06,-0.24
1518,1982-07-07,-0.19
1519,1982-07-08,-0.07
1520,1982-07-09,-0.02
1521,1982-07-12,0.01
1522,1982-07-13,-0.11
1523,1982-07-14,-0.13
1524,1982-07-15,-0.11
1525,1982-07-16,-0.01
1526,1982-07-19,0.16
1527,1982-07-20,0.26
1528,1982-07-21,0.47
1529,1982-07-22,0.47
1530,1982-07-23,0.52
1531,1982-07-26,0.58
1532,1982-07-27,0.51
1533,1982-07-28,0.52
1534,1982-07-29,0.41
1535,1982-07-30,0.51
1536,1982-08-02,0.59
1537,1982-08-03,0.61
1538,1982-08-04,0.75
1539,1982-08-05,0.62
1540,1982-08-06,0.61
1541,1982-08-09,0.62
1542,1982-08-10,0.54
1543,1982-08-11,0.56
1544,1982-08-12,0.62
1545,1982-08-13,0.45
1546,1982-08-16,0.73
1547,1982-08-17,0.82
1548,1982-08-18,0.81
1549,1982-08-19,0.86
1550,1982-08-20,1.04
1551,1982-08-23,0.9
1552,1982-08-24,0.85
1553,1982-08-25,0.77
1554,1982-08-26,0.88
1555,1982-08-27,0.84
1556,1982-08-30,0.8
1557,1982-08-31,0.82
1558,1982-09-01,0.76
1559,1982-09-02,0.65
1560,1982-09-03,0.78
1561,1982-09-07,0.73
1562,1982-09-08,0.64
1563,1982-09-09,0.66
1564,1982-09-10,0.67
1565,1982-09-13,0.7
1566,1982-09-14,0.68
1567,1982-09-15,0.44
1568,1982-09-16,0.46
1569,1982-09-17,0.55
1570,1982-09-20,0.49
1571,1982-09-21,0.5
1572,1982-09-22,0.43
1573,1982-09-23,0.44
1574,1982-09-24,0.44
1575,1982-09-27,0.3
1576,1982-09-28,0.43
1577,1982-09-29,0.42
1578,1982-09-30,0.5
1579,1982-10-01,0.38
1580,1982-10-04,0.21
1581,1982-10-05,0.27
1582,1982-10-06,0.29
1583,1982-10-07,0.45
1584,1982-10-08,0.68
1585,1982-10-12,0.84
1586,1982-10-13,0.71
1587,1982-10-14,0.77
1588,1982-10-15,0.75
1589,1982-10-18,0.78
1590,1982-10-19,0.74
1591,1982-10-20,0.97
1592,1982-10-21,0.9
1593,1982-10-22,0.94
1594,1982-10-25,1.02
1595,1982-10-26,0.98
1596,1982-10-27,0.96
1597,1982-10-28,0.88
1598,1982-10-29,0.86
1599,1982-11-01,0.88
1600,1982-11-03,0.81
1601,1982-11-04,0.78
1602,1982-11-05,0.75
1603,1982-11-08,0.74
1604,1982-11-09,0.77
1605,1982-11-10,0.71
1606,1982-11-12,0.71
1607,1982-11-15,0.74
1608,1982-11-16,0.77
1609,1982-11-17,0.69
1610,1982-11-18,0.65
1611,1982-11-19,0.63
1612,1982-11-22,0.7
1613,1982-11-23,0.8
1614,1982-11-24,0.79
1615,1982-11-26,0.75
1616,1982-11-29,0.84
1617,1982-11-30,0.83
1618,1982-12-01,0.78
1619,1982-12-02,0.79
1620,1982-12-03,0.75
1621,1982-12-06,0.73
1622,1982-12-07,0.76
1623,1982-12-08,0.77
1624,1982-12-09,0.75
1625,1982-12-10,0.79
1626,1982-12-13,0.77
1627,1982-12-14,0.92
1628,1982-12-15,1.01
1629,1982-12-16,1.0
1630,1982-12-17,0.98
1631,1982-12-20,1.03
1632,1982-12-21,1.0
1633,1982-12-22,0.98
1634,1982-12-23,0.95
1635,1982-12-27,0.9
1636,1982-12-28,0.92
1637,1982-12-29,0.93
1638,1982-12-30,0.92
1639,1982-12-31,0.88
1640,1983-01-03,1.03
1641,1983-01-04,0.94
1642,1983-01-05,0.96
1643,1983-01-06,1.0
1644,1983-01-07,1.1
1645,1983-01-10,1.14
1646,1983-01-11,1.15
1647,1983-01-12,1.1
1648,1983-01-13,1.16
1649,1983-01-14,1.19
1650,1983-01-17,1.11
1651,1983-01-18,1.16
1652,1983-01-19,1.21
1653,1983-01-20,1.17
1654,1983-01-21,1.15
1655,1983-01-24,1.16
1656,1983-01-25,1.18
1657,1983-01-26,1.17
1658,1983-01-27,1.18
1659,1983-01-28,1.24
1660,1983-01-31,1.22
1661,1983-02-01,1.18
1662,1983-02-02,1.17
1663,1983-02-03,1.22
1664,1983-02-04,1.17
1665,1983-02-07,1.16
1666,1983-02-08,1.16
1667,1983-02-09,1.11
1668,1983-02-10,1.09
1669,1983-02-11,1.1
1670,1983-02-14,1.02
1671,1983-02-15,1.07
1672,1983-02-16,1.12
1673,1983-02-17,1.06
1674,1983-02-18,1.04
1675,1983-02-22,1.05
1676,1983-02-23,1.0
1677,1983-02-24,1.02
1678,1983-02-25,0.98
1679,1983-02-28,0.96
1680,1983-03-01,0.96
1681,1983-03-02,0.96
1682,1983-03-03,0.99
1683,1983-03-04,1.02
1684,1983-03-07,0.97
1685,1983-03-08,0.9
1686,1983-03-09,0.86
1687,1983-03-10,0.88
1688,1983-03-11,0.93
1689,1983-03-14,0.9
1690,1983-03-15,0.89
1691,1983-03-16,0.88
1692,1983-03-17,0.85
1693,1983-03-18,0.8
1694,1983-03-21,0.81
1695,1983-03-22,0.78
1696,1983-03-23,0.77
1697,1983-03-24,0.76
1698,1983-03-25,0.73
1699,1983-03-28,0.74
1700,1983-03-29,0.72
1701,1983-03-30,0.71
1702,1983-03-31,0.75
1703,1983-04-04,0.73
1704,1983-04-05,0.77
1705,1983-04-06,0.8
1706,1983-04-07,0.84
1707,1983-04-08,0.84
1708,1983-04-11,0.88
1709,1983-04-12,0.84
1710,1983-04-13,0.82
1711,1983-04-14,0.8
1712,1983-04-15,0.8
1713,1983-04-18,0.8
1714,1983-04-19,0.81
1715,1983-04-20,0.81
1716,1983-04-21,0.82
1717,1983-04-22,0.84
1718,1983-04-25,0.88
1719,1983-04-26,0.88
1720,1983-04-27,0.87
1721,1983-04-28,0.89
1722,1983-04-29,0.92
1723,1983-05-02,0.97
1724,1983-05-03,0.99
1725,1983-05-04,0.93
1726,1983-05-05,0.91
1727,1983-05-06,0.96
1728,1983-05-09,0.92
1729,1983-05-10,0.92
1730,1983-05-11,0.96
1731,1983-05-12,0.94
1732,1983-05-13,0.95
1733,1983-05-16,0.9
1734,1983-05-17,0.93
1735,1983-05-18,0.94
1736,1983-05-19,0.88
1737,1983-05-20,0.9
1738,1983-05-23,0.83
1739,1983-05-24,0.81
1740,1983-05-25,0.82
1741,1983-05-26,0.74
1742,1983-05-27,0.72
1743,1983-05-31,0.79
1744,1983-06-01,0.8
1745,1983-06-02,0.82
1746,1983-06-03,0.78
1747,1983-06-06,0.7
1748,1983-06-07,0.67
1749,1983-06-08,0.72
1750,1983-06-09,0.76
1751,1983-06-10,0.69
1752,1983-06-13,0.64
1753,1983-06-14,0.68
1754,1983-06-15,0.66
1755,1983-06-16,0.59
1756,1983-06-17,0.61
1757,1983-06-20,0.54
1758,1983-06-21,0.52
1759,1983-06-22,0.52
1760,1983-06-23,0.57
1761,1983-06-24,0.59
1762,1983-06-27,0.67
1763,1983-06-28,0.69
1764,1983-06-29,0.72
1765,1983-06-30,0.73
1766,1983-07-01,0.76
1767,1983-07-05,0.69
1768,1983-07-06,0.67
1769,1983-07-07,0.7
1770,1983-07-08,0.64
1771,1983-07-11,0.72
1772,1983-07-12,0.68
1773,1983-07-13,0.69
1774,1983-07-14,0.66
1775,1983-07-15,0.69
1776,1983-07-18,0.65
1777,1983-07-19,0.67
1778,1983-07-20,0.64
1779,1983-07-21,0.66
1780,1983-07-22,0.66
1781,1983-07-25,0.67
1782,1983-07-26,0.72
1783,1983-07-27,0.74
1784,1983-07-28,0.8
1785,1983-07-29,0.73
1786,1983-08-01,0.71
1787,1983-08-02,0.68
1788,1983-08-03,0.79
1789,1983-08-04,0.85
1790,1983-08-05,0.83
1791,1983-08-08,0.83
1792,1983-08-09,0.8
1793,1983-08-10,0.76
1794,1983-08-11,0.72
1795,1983-08-12,0.69
1796,1983-08-15,0.68
1797,1983-08-16,0.74
1798,1983-08-17,0.79
1799,1983-08-18,0.85
1800,1983-08-19,0.82
1801,1983-08-22,0.79
1802,1983-08-23,0.78
1803,1983-08-24,0.78
1804,1983-08-25,0.79
1805,1983-08-26,0.77
1806,1983-08-29,0.77
1807,1983-08-30,0.82
1808,1983-08-31,0.8
1809,1983-09-01,0.81
1810,1983-09-02,0.83
1811,1983-09-06,0.82
1812,1983-09-07,0.82
1813,1983-09-08,0.82
1814,1983-09-09,0.8
1815,1983-09-12,0.85
1816,1983-09-13,0.86
1817,1983-09-14,0.88
1818,1983-09-15,0.87
1819,1983-09-16,0.85
1820,1983-09-19,0.94
1821,1983-09-20,0.87
1822,1983-09-21,0.91
1823,1983-09-22,0.86
1824,1983-09-23,0.88
1825,1983-09-26,0.92
1826,1983-09-27,0.88
1827,1983-09-28,0.9
1828,1983-09-29,0.86
1829,1983-09-30,0.91
1830,1983-10-03,0.92
1831,1983-10-04,0.9
1832,1983-10-05,0.9
1833,1983-10-06,0.89
1834,1983-10-07,0.88
1835,1983-10-11,0.89
1836,1983-10-12,0.94
1837,1983-10-13,0.94
1838,1983-10-14,0.93
1839,1983-10-17,0.98
1840,1983-10-18,1.01
1841,1983-10-19,0.94
1842,1983-10-20,0.93
1843,1983-10-21,0.95
1844,1983-10-24,0.98
1845,1983-10-25,1.07
1846,1983-10-26,1.09
1847,1983-10-27,1.06
1848,1983-10-28,1.07
1849,1983-10-31,1.13
1850,1983-11-01,1.05
1851,1983-11-02,1.08
1852,1983-11-03,1.12
1853,1983-11-04,1.09
1854,1983-11-07,1.06
1855,1983-11-09,1.1
1856,1983-11-10,1.08
1857,1983-11-14,1.08
1858,1983-11-15,1.04
1859,1983-11-16,1.04
1860,1983-11-17,1.04
1861,1983-11-18,1.04
1862,1983-11-21,1.0
1863,1983-11-22,0.97
1864,1983-11-23,0.95
1865,1983-11-25,0.92
1866,1983-11-28,0.94
1867,1983-11-29,0.93
1868,1983-11-30,0.96
1869,1983-12-01,0.97
1870,1983-12-02,0.98
1871,1983-12-05,0.98
1872,1983-12-06,1.02
1873,1983-12-07,1.04
1874,1983-12-08,1.06
1875,1983-12-09,1.05
1876,1983-12-12,1.05
1877,1983-12-13,1.02
1878,1983-12-14,1.05
1879,1983-12-15,1.03
1880,1983-12-16,1.01
1881,1983-12-19,1.0
1882,1983-12-20,0.99
1883,1983-12-21,0.95
1884,1983-12-22,0.94
1885,1983-12-23,0.93
1886,1983-12-27,0.9
1887,1983-12-28,0.96
1888,1983-12-29,0.95
1889,1983-12-30,0.97
1890,1984-01-03,0.99
1891,1984-01-04,1.01
1892,1984-01-05,1.02
1893,1984-01-06,1.05
1894,1984-01-09,1.02
1895,1984-01-10,1.05
1896,1984-01-11,1.04
1897,1984-01-12,1.05
1898,1984-01-13,1.09
1899,1984-01-16,1.02
1900,1984-01-17,1.02
1901,1984-01-18,1.03
1902,1984-01-19,1.03
1903,1984-01-20,1.04
1904,1984-01-23,1.02
1905,1984-01-24,1.0
1906,1984-01-25,0.99
1907,1984-01-26,1.01
1908,1984-01-27,1.01
1909,1984-01-30,1.09
1910,1984-01-31,1.09
1911,1984-02-01,1.08
1912,1984-02-02,1.06
1913,1984-02-03,1.07
1914,1984-02-06,1.03
1915,1984-02-07,1.05
1916,1984-02-08,1.07
1917,1984-02-09,1.07
1918,1984-02-10,1.1
1919,1984-02-14,1.07
1920,1984-02-15,1.08
1921,1984-02-16,1.08
1922,1984-02-17,1.05
1923,1984-02-21,1.06
1924,1984-02-22,1.01
1925,1984-02-23,1.02
1926,1984-02-24,1.05
1927,1984-02-27,1.03
1928,1984-02-28,1.05
1929,1984-02-29,1.05
1930,1984-03-01,1.02
1931,1984-03-02,1.07
1932,1984-03-05,1.06
1933,1984-03-06,1.08
1934,1984-03-07,1.14
1935,1984-03-08,1.09
1936,1984-03-09,1.09
1937,1984-03-12,1.06
1938,1984-03-13,1.05
1939,1984-03-14,1.05
1940,1984-03-15,1.03
1941,1984-03-16,1.07
1942,1984-03-19,1.06
1943,1984-03-20,0.99
1944,1984-03-21,0.88
1945,1984-03-22,0.9
1946,1984-03-23,0.89
1947,1984-03-26,0.9
1948,1984-03-27,0.88
1949,1984-03-28,0.94
1950,1984-03-29,0.92
1951,1984-03-30,0.93
1952,1984-04-02,0.95
1953,1984-04-03,0.92
1954,1984-04-04,0.91
1955,1984-04-05,0.95
1956,1984-04-06,0.96
1957,1984-04-09,0.92
1958,1984-04-10,0.98
1959,1984-04-11,0.97
1960,1984-04-12,0.91
1961,1984-04-13,0.91
1962,1984-04-16,0.91
1963,1984-04-17,0.98
1964,1984-04-18,1.01
1965,1984-04-19,1.0
1966,1984-04-23,1.02
1967,1984-04-24,1.02
1968,1984-04-25,0.9
1969,1984-04-26,0.9
1970,1984-04-27,0.9
1971,1984-04-30,0.93
1972,1984-05-01,0.94
1973,1984-05-02,0.94
1974,1984-05-03,0.93
1975,1984-05-04,0.92
1976,1984-05-07,0.89
1977,1984-05-08,0.86
1978,1984-05-09,0.89
1979,1984-05-10,0.93
1980,1984-05-11,0.91
1981,1984-05-14,1.01
1982,1984-05-15,0.97
1983,1984-05-16,0.99
1984,1984-05-17,1.03
1985,1984-05-18,0.98
1986,1984-05-21,0.95
1987,1984-05-22,0.94
1988,1984-05-23,0.87
1989,1984-05-24,0.95
1990,1984-05-25,0.98
1991,1984-05-29,0.91
1992,1984-05-30,0.95
1993,1984-05-31,0.91
1994,1984-06-01,0.91
1995,1984-06-04,0.79
1996,1984-06-05,0.77
1997,1984-06-06,0.79
1998,1984-06-07,0.73
1999,1984-06-08,0.72
2000,1984-06-11,0.58
2001,1984-06-12,0.62
2002,1984-06-13,0.61
2003,1984-06-14,0.64
2004,1984-06-15,0.58
2005,1984-06-18,0.52
2006,1984-06-19,0.59
2007,1984-06-20,0.57
2008,1984-06-21,0.58
2009,1984-06-22,0.59
2010,1984-06-25,0.63
2011,1984-06-26,0.62
2012,1984-06-27,0.64
2013,1984-06-28,0.63
2014,1984-06-29,0.67
2015,1984-07-02,0.7
2016,1984-07-03,0.68
2017,1984-07-05,0.7
2018,1984-07-06,0.62
2019,1984-07-09,0.52
2020,1984-07-10,0.53
2021,1984-07-11,0.49
2022,1984-07-12,0.46
2023,1984-07-13,0.45
2024,1984-07-16,0.43
2025,1984-07-17,0.44
2026,1984-07-18,0.43
2027,1984-07-19,0.43
2028,1984-07-20,0.51
2029,1984-07-23,0.48
2030,1984-07-24,0.46
2031,1984-07-25,0.42
2032,1984-07-26,0.34
2033,1984-07-27,0.36
2034,1984-07-30,0.39
2035,1984-07-31,0.34
2036,1984-08-01,0.33
2037,1984-08-02,0.26
2038,1984-08-03,0.31
2039,1984-08-06,0.31
2040,1984-08-07,0.28
2041,1984-08-08,0.29
2042,1984-08-09,0.28
2043,1984-08-10,0.33
2044,1984-08-13,0.29
2045,1984-08-14,0.33
2046,1984-08-15,0.35
2047,1984-08-16,0.3
2048,1984-08-17,0.3
2049,1984-08-20,0.27
2050,1984-08-21,0.21
2051,1984-08-22,0.2
2052,1984-08-23,0.25
2053,1984-08-24,0.25
2054,1984-08-27,0.27
2055,1984-08-28,0.27
2056,1984-08-29,0.27
2057,1984-08-30,0.28
2058,1984-08-31,0.25
2059,1984-09-04,0.29
2060,1984-09-05,0.29
2061,1984-09-06,0.27
2062,1984-09-07,0.25
2063,1984-09-10,0.35
2064,1984-09-11,0.28
2065,1984-09-12,0.25
2066,1984-09-13,0.23
2067,1984-09-14,0.27
2068,1984-09-17,0.24
2069,1984-09-18,0.25
2070,1984-09-19,0.31
2071,1984-09-20,0.34
2072,1984-09-21,0.39
2073,1984-09-24,0.42
2074,1984-09-25,0.44
2075,1984-09-26,0.41
2076,1984-09-27,0.36
2077,1984-09-28,0.4
2078,1984-10-01,0.45
2079,1984-10-02,0.47
2080,1984-10-03,0.48
2081,1984-10-04,0.5
2082,1984-10-05,0.46
2083,1984-10-09,0.49
2084,1984-10-10,0.47
2085,1984-10-11,0.53
2086,1984-10-12,0.56
2087,1984-10-15,0.56
2088,1984-10-16,0.55
2089,1984-10-17,0.58
2090,1984-10-18,0.56
2091,1984-10-19,0.54
2092,1984-10-22,0.55
2093,1984-10-23,0.61
2094,1984-10-24,0.64
2095,1984-10-25,0.7
2096,1984-10-26,0.66
2097,1984-10-29,0.65
2098,1984-10-30,0.62
2099,1984-10-31,0.7
2100,1984-11-01,0.73
2101,1984-11-02,0.7
2102,1984-11-05,0.81
2103,1984-11-07,0.92
2104,1984-11-08,0.86
2105,1984-11-09,0.9
2106,1984-11-13,0.89
2107,1984-11-14,0.9
2108,1984-11-15,0.95
2109,1984-11-16,0.98
2110,1984-11-19,0.94
2111,1984-11-20,0.94
2112,1984-11-21,1.0
2113,1984-11-23,0.95
2114,1984-11-26,0.95
2115,1984-11-27,0.97
2116,1984-11-28,1.03
2117,1984-11-29,1.05
2118,1984-11-30,1.08
2119,1984-12-03,1.06
2120,1984-12-04,1.08
2121,1984-12-05,1.12
2122,1984-12-06,1.12
2123,1984-12-07,1.19
2124,1984-12-10,1.19
2125,1984-12-11,1.17
2126,1984-12-12,1.19
2127,1984-12-13,1.3
2128,1984-12-14,1.36
2129,1984-12-17,1.42
2130,1984-12-18,1.44
2131,1984-12-19,1.45
2132,1984-12-20,1.43
2133,1984-12-21,1.4
2134,1984-12-24,1.48
2135,1984-12-26,1.5
2136,1984-12-27,1.49
2137,1984-12-28,1.44
2138,1984-12-31,1.53
2139,1985-01-02,1.67
2140,1985-01-03,1.56
2141,1985-01-04,1.59
2142,1985-01-07,1.49
2143,1985-01-08,1.46
2144,1985-01-09,1.52
2145,1985-01-10,1.48
2146,1985-01-11,1.51
2147,1985-01-14,1.53
2148,1985-01-15,1.49
2149,1985-01-16,1.52
2150,1985-01-17,1.5
2151,1985-01-18,1.48
2152,1985-01-22,1.44
2153,1985-01-23,1.38
2154,1985-01-24,1.32
2155,1985-01-25,1.35
2156,1985-01-28,1.32
2157,1985-01-29,1.32
2158,1985-01-30,1.32
2159,1985-01-31,1.27
2160,1985-02-01,1.25
2161,1985-02-04,1.32
2162,1985-02-05,1.31
2163,1985-02-06,1.37
2164,1985-02-07,1.35
2165,1985-02-08,1.34
2166,1985-02-11,1.36
2167,1985-02-13,1.36
2168,1985-02-14,1.31
2169,1985-02-15,1.36
2170,1985-02-19,1.36
2171,1985-02-20,1.39
2172,1985-02-21,1.35
2173,1985-02-22,1.42
2174,1985-02-25,1.39
2175,1985-02-26,1.36
2176,1985-02-27,1.33
2177,1985-02-28,1.25
2178,1985-03-01,1.13
2179,1985-03-04,1.15
2180,1985-03-05,1.15
2181,1985-03-06,1.17
2182,1985-03-07,1.11
2183,1985-03-08,1.15
2184,1985-03-11,1.16
2185,1985-03-12,1.16
2186,1985-03-13,1.11
2187,1985-03-14,1.06
2188,1985-03-15,1.11
2189,1985-03-18,1.13
2190,1985-03-19,1.14
2191,1985-03-20,1.06
2192,1985-03-21,1.13
2193,1985-03-22,1.13
2194,1985-03-25,1.15
2195,1985-03-26,1.14
2196,1985-03-27,1.21
2197,1985-03-28,1.22
2198,1985-03-29,1.22
2199,1985-04-01,1.21
2200,1985-04-02,1.22
2201,1985-04-03,1.24
2202,1985-04-04,1.22
2203,1985-04-08,1.28
2204,1985-04-09,1.28
2205,1985-04-10,1.27
2206,1985-04-11,1.3
2207,1985-04-12,1.3
2208,1985-04-15,1.28
2209,1985-04-16,1.39
2210,1985-04-17,1.36
2211,1985-04-18,1.4
2212,1985-04-19,1.35
2213,1985-04-22,1.41
2214,1985-04-23,1.37
2215,1985-04-24,1.44
2216,1985-04-25,1.47
2217,1985-04-26,1.47
2218,1985-04-29,1.5
2219,1985-04-30,1.5
2220,1985-05-01,1.45
2221,1985-05-02,1.43
2222,1985-05-03,1.5
2223,1985-05-06,1.49
2224,1985-05-07,1.51
2225,1985-05-08,1.53
2226,1985-05-09,1.53
2227,1985-05-10,1.42
2228,1985-05-13,1.4
2229,1985-05-14,1.4
2230,1985-05-15,1.49
2231,1985-05-16,1.5
2232,1985-05-17,1.47
2233,1985-05-20,1.46
2234,1985-05-21,1.49
2235,1985-05-22,1.51
2236,1985-05-23,1.43
2237,1985-05-24,1.44
2238,1985-05-28,1.38
2239,1985-05-29,1.41
2240,1985-05-30,1.36
2241,1985-05-31,1.36
2242,1985-06-03,1.33
2243,1985-06-04,1.37
2244,1985-06-05,1.41
2245,1985-06-06,1.38
2246,1985-06-07,1.37
2247,1985-06-10,1.29
2248,1985-06-11,1.3
2249,1985-06-12,1.4
2250,1985-06-13,1.45
2251,1985-06-14,1.53
2252,1985-06-17,1.49
2253,1985-06-18,1.53
2254,1985-06-19,1.54
2255,1985-06-20,1.55
2256,1985-06-21,1.54
2257,1985-06-24,1.58
2258,1985-06-25,1.54
2259,1985-06-26,1.6
2260,1985-06-27,1.58
2261,1985-06-28,1.58
2262,1985-07-01,1.53
2263,1985-07-02,1.54
2264,1985-07-03,1.57
2265,1985-07-05,1.57
2266,1985-07-08,1.53
2267,1985-07-09,1.53
2268,1985-07-10,1.52
2269,1985-07-11,1.49
2270,1985-07-12,1.45
2271,1985-07-15,1.46
2272,1985-07-16,1.48
2273,1985-07-17,1.49
2274,1985-07-18,1.54
2275,1985-07-19,1.52
2276,1985-07-22,1.51
2277,1985-07-23,1.5
2278,1985-07-24,1.52
2279,1985-07-25,1.56
2280,1985-07-26,1.61
2281,1985-07-29,1.64
2282,1985-07-30,1.62
2283,1985-07-31,1.56
2284,1985-08-01,1.47
2285,1985-08-02,1.51
2286,1985-08-05,1.51
2287,1985-08-06,1.52
2288,1985-08-07,1.47
2289,1985-08-08,1.44
2290,1985-08-09,1.42
2291,1985-08-12,1.43
2292,1985-08-13,1.5
2293,1985-08-14,1.42
2294,1985-08-15,1.4
2295,1985-08-16,1.36
2296,1985-08-19,1.34
2297,1985-08-20,1.34
2298,1985-08-21,1.3
2299,1985-08-22,1.29
2300,1985-08-23,1.27
2301,1985-08-26,1.3
2302,1985-08-27,1.31
2303,1985-08-28,1.31
2304,1985-08-29,1.31
2305,1985-08-30,1.32
2306,1985-09-03,1.29
2307,1985-09-04,1.31
2308,1985-09-05,1.35
2309,1985-09-06,1.35
2310,1985-09-09,1.36
2311,1985-09-10,1.38
2312,1985-09-11,1.38
2313,1985-09-12,1.37
2314,1985-09-13,1.37
2315,1985-09-16,1.38
2316,1985-09-17,1.36
2317,1985-09-18,1.36
2318,1985-09-19,1.3
2319,1985-09-20,1.35
2320,1985-09-23,1.5
2321,1985-09-24,1.51
2322,1985-09-25,1.56
2323,1985-09-26,1.5
2324,1985-09-30,1.43
2325,1985-10-01,1.46
2326,1985-10-02,1.46
2327,1985-10-03,1.48
2328,1985-10-04,1.52
2329,1985-10-07,1.45
2330,1985-10-08,1.4
2331,1985-10-09,1.4
2332,1985-10-10,1.39
2333,1985-10-11,1.38
2334,1985-10-15,1.36
2335,1985-10-16,1.36
2336,1985-10-17,1.36
2337,1985-10-18,1.36
2338,1985-10-21,1.35
2339,1985-10-22,1.32
2340,1985-10-23,1.3
2341,1985-10-24,1.25
2342,1985-10-25,1.33
2343,1985-10-28,1.37
2344,1985-10-29,1.29
2345,1985-10-30,1.29
2346,1985-10-31,1.31
2347,1985-11-01,1.28
2348,1985-11-04,1.27
2349,1985-11-05,1.24
2350,1985-11-06,1.26
2351,1985-11-07,1.24
2352,1985-11-08,1.27
2353,1985-11-12,1.21
2354,1985-11-13,1.2
2355,1985-11-14,1.21
2356,1985-11-15,1.26
2357,1985-11-18,1.21
2358,1985-11-19,1.21
2359,1985-11-20,1.18
2360,1985-11-21,1.07
2361,1985-11-22,1.14
2362,1985-11-25,1.16
2363,1985-11-26,1.15
2364,1985-11-27,1.12
2365,1985-11-29,1.13
2366,1985-12-02,1.15
2367,1985-12-03,1.16
2368,1985-12-04,1.14
2369,1985-12-05,1.15
2370,1985-12-06,1.18
2371,1985-12-09,1.14
2372,1985-12-10,1.13
2373,1985-12-11,1.2
2374,1985-12-12,1.2
2375,1985-12-13,1.24
2376,1985-12-16,1.16
2377,1985-12-17,1.1
2378,1985-12-18,1.07
2379,1985-12-19,1.1
2380,1985-12-20,1.03
2381,1985-12-23,1.07
2382,1985-12-24,1.05
2383,1985-12-26,1.05
2384,1985-12-27,1.0
2385,1985-12-30,1.02
2386,1985-12-31,1.02
2387,1986-01-02,1.02
2388,1986-01-03,1.02
2389,1986-01-06,1.03
2390,1986-01-07,0.97
2391,1986-01-08,1.04
2392,1986-01-09,1.0
2393,1986-01-10,1.03
2394,1986-01-13,1.11
2395,1986-01-14,1.1
2396,1986-01-15,1.07
2397,1986-01-16,1.09
2398,1986-01-17,1.05
2399,1986-01-21,1.02
2400,1986-01-22,1.09
2401,1986-01-23,1.06
2402,1986-01-24,1.1
2403,1986-01-27,1.06
2404,1986-01-28,1.03
2405,1986-01-29,1.04
2406,1986-01-30,1.06
2407,1986-01-31,1.09
2408,1986-02-03,1.05
2409,1986-02-04,1.02
2410,1986-02-05,0.98
2411,1986-02-06,1.01
2412,1986-02-07,0.96
2413,1986-02-10,0.92
2414,1986-02-11,0.89
2415,1986-02-12,0.83
2416,1986-02-13,0.79
2417,1986-02-14,0.69
2418,1986-02-18,0.68
2419,1986-02-19,0.64
2420,1986-02-20,0.62
2421,1986-02-21,0.55
2422,1986-02-24,0.53
2423,1986-02-25,0.51
2424,1986-02-26,0.48
2425,1986-02-27,0.43
2426,1986-02-28,0.42
2427,1986-03-03,0.44
2428,1986-03-04,0.55
2429,1986-03-05,0.58
2430,1986-03-06,0.66
2431,1986-03-07,0.67
2432,1986-03-10,0.6
2433,1986-03-11,0.55
2434,1986-03-12,0.51
2435,1986-03-13,0.54
2436,1986-03-14,0.54
2437,1986-03-17,0.55
2438,1986-03-18,0.6
2439,1986-03-19,0.65
2440,1986-03-20,0.61
2441,1986-03-21,0.61
2442,1986-03-24,0.59
2443,1986-03-25,0.58
2444,1986-03-26,0.53
2445,1986-03-27,0.45
2446,1986-03-31,0.47
2447,1986-04-01,0.48
2448,1986-04-02,0.43
2449,1986-04-03,0.47
2450,1986-04-04,0.6
2451,1986-04-07,0.61
2452,1986-04-08,0.61
2453,1986-04-09,0.69
2454,1986-04-10,0.65
2455,1986-04-11,0.64
2456,1986-04-14,0.66
2457,1986-04-15,0.69
2458,1986-04-16,0.59
2459,1986-04-17,0.59
2460,1986-04-18,0.65
2461,1986-04-21,0.58
2462,1986-04-22,0.67
2463,1986-04-23,0.69
2464,1986-04-24,0.62
2465,1986-04-25,0.67
2466,1986-04-28,0.62
2467,1986-04-29,0.53
2468,1986-04-30,0.55
2469,1986-05-01,0.6
2470,1986-05-02,0.63
2471,1986-05-05,0.63
2472,1986-05-06,0.64
2473,1986-05-07,0.6
2474,1986-05-08,0.62
2475,1986-05-09,0.63
2476,1986-05-12,0.69
2477,1986-05-13,0.63
2478,1986-05-14,0.66
2479,1986-05-15,0.63
2480,1986-05-16,0.67
2481,1986-05-19,0.7
2482,1986-05-20,0.65
2483,1986-05-21,0.7
2484,1986-05-22,0.68
2485,1986-05-23,0.65
2486,1986-05-27,0.59
2487,1986-05-28,0.56
2488,1986-05-29,0.64
2489,1986-05-30,0.69
2490,1986-06-02,0.82
2491,1986-06-03,0.7
2492,1986-06-04,0.76
2493,1986-06-05,0.77
2494,1986-06-06,0.68
2495,1986-06-09,0.74
2496,1986-06-10,0.69
2497,1986-06-11,0.62
2498,1986-06-12,0.67
2499,1986-06-13,0.58
2500,1986-06-16,0.53
2501,1986-06-17,0.55
2502,1986-06-18,0.56
2503,1986-06-19,0.59
2504,1986-06-20,0.54
2505,1986-06-23,0.52
2506,1986-06-24,0.49
2507,1986-06-25,0.51
2508,1986-06-26,0.51
2509,1986-06-27,0.54
2510,1986-06-30,0.54
2511,1986-07-01,0.57
2512,1986-07-02,0.56
2513,1986-07-03,0.6
2514,1986-07-07,0.61
2515,1986-07-08,0.6
2516,1986-07-09,0.58
2517,1986-07-10,0.58
2518,1986-07-11,0.7
2519,1986-07-14,0.67
2520,1986-07-15,0.6
2521,1986-07-16,0.61
2522,1986-07-17,0.57
2523,1986-07-18,0.6
2524,1986-07-21,0.58
2525,1986-07-22,0.6
2526,1986-07-23,0.66
2527,1986-07-24,0.68
2528,1986-07-25,0.66
2529,1986-07-28,0.77
2530,1986-07-29,0.7
2531,1986-07-30,0.74
2532,1986-07-31,0.77
2533,1986-08-01,0.78
2534,1986-08-04,0.77
2535,1986-08-05,0.81
2536,1986-08-06,0.86
2537,1986-08-07,0.84
2538,1986-08-08,0.76
2539,1986-08-11,0.74
2540,1986-08-12,0.77
2541,1986-08-13,0.78
2542,1986-08-14,0.77
2543,1986-08-15,0.78
2544,1986-08-18,0.77
2545,1986-08-19,0.73
2546,1986-08-20,0.83
2547,1986-08-21,0.88
2548,1986-08-22,0.93
2549,1986-08-25,0.96
2550,1986-08-26,0.95
2551,1986-08-27,0.94
2552,1986-08-28,0.97
2553,1986-08-29,1.01
2554,1986-09-02,1.04
2555,1986-09-03,1.06
2556,1986-09-04,1.04
2557,1986-09-05,1.07
2558,1986-09-08,1.08
2559,1986-09-09,1.05
2560,1986-09-10,1.08
2561,1986-09-11,1.14
2562,1986-09-12,1.2
2563,1986-09-15,1.14
2564,1986-09-16,1.15
2565,1986-09-17,1.09
2566,1986-09-18,1.15
2567,1986-09-19,1.15
2568,1986-09-22,1.13
2569,1986-09-23,1.12
2570,1986-09-24,1.11
2571,1986-09-25,1.1
2572,1986-09-26,1.08
2573,1986-09-29,1.08
2574,1986-09-30,1.07
2575,1986-10-01,1.05
2576,1986-10-02,1.07
2577,1986-10-03,1.15
2578,1986-10-06,1.14
2579,1986-10-07,1.15
2580,1986-10-08,1.2
2581,1986-10-09,1.18
2582,1986-10-10,1.2
2583,1986-10-14,1.23
2584,1986-10-15,1.24
2585,1986-10-16,1.24
2586,1986-10-17,1.19
2587,1986-10-20,1.19
2588,1986-10-21,1.17
2589,1986-10-22,1.15
2590,1986-10-23,1.12
2591,1986-10-24,1.12
2592,1986-10-27,1.1
2593,1986-10-28,1.11
2594,1986-10-29,1.09
2595,1986-10-30,1.07
2596,1986-10-31,1.08
2597,1986-11-03,1.08
2598,1986-11-04,1.08
2599,1986-11-05,0.98
2600,1986-11-06,1.03
2601,1986-11-07,1.05
2602,1986-11-10,0.96
2603,1986-11-12,0.97
2604,1986-11-13,0.98
2605,1986-11-14,0.96
2606,1986-11-17,0.9
2607,1986-11-18,0.95
2608,1986-11-19,0.98
2609,1986-11-20,0.93
2610,1986-11-21,0.96
2611,1986-11-24,0.92
2612,1986-11-25,0.92
2613,1986-11-26,0.94
2614,1986-11-28,0.94
2615,1986-12-01,0.93
2616,1986-12-02,0.86
2617,1986-12-03,0.89
2618,1986-12-04,0.86
2619,1986-12-05,0.88
2620,1986-12-08,0.86
2621,1986-12-09,0.86
2622,1986-12-10,0.86
2623,1986-12-11,0.88
2624,1986-12-12,0.89
2625,1986-12-15,0.86
2626,1986-12-16,0.83
2627,1986-12-17,0.81
2628,1986-12-18,0.8
2629,1986-12-19,0.81
2630,1986-12-22,0.8
2631,1986-12-23,0.78
2632,1986-12-24,0.77
2633,1986-12-26,0.78
2634,1986-12-29,0.8
2635,1986-12-30,0.81
2636,1986-12-31,0.88
2637,1987-01-02,0.88
2638,1987-01-05,0.84
2639,1987-01-06,0.83
2640,1987-01-07,0.83
2641,1987-01-08,0.84
2642,1987-01-09,0.82
2643,1987-01-12,0.85
2644,1987-01-13,0.88
2645,1987-01-14,0.87
2646,1987-01-15,0.86
2647,1987-01-16,0.81
2648,1987-01-20,0.84
2649,1987-01-21,0.84
2650,1987-01-22,0.86
2651,1987-01-23,0.86
2652,1987-01-26,0.91
2653,1987-01-27,0.92
2654,1987-01-28,0.89
2655,1987-01-29,0.89
2656,1987-01-30,0.85
2657,1987-02-02,0.87
2658,1987-02-03,0.87
2659,1987-02-04,0.85
2660,1987-02-05,0.87
2661,1987-02-06,0.81
2662,1987-02-09,0.8
2663,1987-02-10,0.84
2664,1987-02-11,0.79
2665,1987-02-12,0.84
2666,1987-02-13,0.85
2667,1987-02-17,0.85
2668,1987-02-18,0.87
2669,1987-02-19,0.9
2670,1987-02-20,0.91
2671,1987-02-23,0.88
2672,1987-02-24,0.86
2673,1987-02-25,0.84
2674,1987-02-26,0.86
2675,1987-02-27,0.84
2676,1987-03-02,0.83
2677,1987-03-03,0.84
2678,1987-03-04,0.82
2679,1987-03-05,0.81
2680,1987-03-06,0.81
2681,1987-03-09,0.8
2682,1987-03-10,0.79
2683,1987-03-11,0.79
2684,1987-03-12,0.79
2685,1987-03-13,0.8
2686,1987-03-16,0.81
2687,1987-03-17,0.78
2688,1987-03-18,0.81
2689,1987-03-19,0.83
2690,1987-03-20,0.82
2691,1987-03-23,0.83
2692,1987-03-24,0.83
2693,1987-03-25,0.8
2694,1987-03-26,0.82
2695,1987-03-27,0.84
2696,1987-03-30,0.91
2697,1987-03-31,0.97
2698,1987-04-01,0.94
2699,1987-04-02,0.96
2700,1987-04-03,0.97
2701,1987-04-06,0.97
2702,1987-04-07,1.03
2703,1987-04-08,1.02
2704,1987-04-09,1.04
2705,1987-04-10,1.01
2706,1987-04-13,0.99
2707,1987-04-14,1.09
2708,1987-04-15,1.08
2709,1987-04-16,1.13
2710,1987-04-20,1.14
2711,1987-04-21,1.1
2712,1987-04-22,1.01
2713,1987-04-23,1.03
2714,1987-04-24,0.99
2715,1987-04-27,0.87
2716,1987-04-28,0.85
2717,1987-04-29,0.92
2718,1987-04-30,0.83
2719,1987-05-01,0.92
2720,1987-05-04,0.91
2721,1987-05-05,0.85
2722,1987-05-06,0.92
2723,1987-05-07,0.9
2724,1987-05-08,0.86
2725,1987-05-11,0.91
2726,1987-05-12,0.87
2727,1987-05-13,0.87
2728,1987-05-14,0.91
2729,1987-05-15,0.85
2730,1987-05-18,0.8
2731,1987-05-19,0.9
2732,1987-05-20,0.87
2733,1987-05-21,0.81
2734,1987-05-22,0.81
2735,1987-05-26,0.76
2736,1987-05-27,0.76
2737,1987-05-28,0.75
2738,1987-05-29,0.8
2739,1987-06-01,0.78
2740,1987-06-02,0.87
2741,1987-06-03,0.86
2742,1987-06-04,0.82
2743,1987-06-05,0.84
2744,1987-06-08,0.85
2745,1987-06-09,0.85
2746,1987-06-10,0.88
2747,1987-06-11,0.86
2748,1987-06-12,0.81
2749,1987-06-15,0.81
2750,1987-06-16,0.81
2751,1987-06-17,0.81
2752,1987-06-18,0.83
2753,1987-06-19,0.85
2754,1987-06-22,0.81
2755,1987-06-23,0.78
2756,1987-06-24,0.77
2757,1987-06-25,0.78
2758,1987-06-26,0.81
2759,1987-06-29,0.86
2760,1987-06-30,0.9
2761,1987-07-01,0.92
2762,1987-07-02,0.92
2763,1987-07-06,0.91
2764,1987-07-07,0.92
2765,1987-07-08,0.97
2766,1987-07-09,0.99
2767,1987-07-10,1.0
2768,1987-07-13,1.02
2769,1987-07-14,1.01
2770,1987-07-15,1.06
2771,1987-07-16,1.07
2772,1987-07-17,1.02
2773,1987-07-20,1.03
2774,1987-07-21,1.04
2775,1987-07-22,1.07
2776,1987-07-23,1.1
2777,1987-07-24,1.05
2778,1987-07-27,1.01
2779,1987-07-28,1.01
2780,1987-07-29,0.97
2781,1987-07-30,0.98
2782,1987-07-31,1.03
2783,1987-08-03,1.09
2784,1987-08-04,1.09
2785,1987-08-05,1.06
2786,1987-08-06,1.08
2787,1987-08-07,1.01
2788,1987-08-10,1.03
2789,1987-08-11,1.04
2790,1987-08-12,1.05
2791,1987-08-13,0.99
2792,1987-08-14,0.96
2793,1987-08-17,0.94
2794,1987-08-18,1.02
2795,1987-08-19,1.01
2796,1987-08-20,0.97
2797,1987-08-21,0.98
2798,1987-08-24,0.97
2799,1987-08-25,0.94
2800,1987-08-26,0.92
2801,1987-08-27,0.97
2802,1987-08-28,1.01
2803,1987-08-31,1.03
2804,1987-09-01,1.07
2805,1987-09-02,1.13
2806,1987-09-03,1.1
2807,1987-09-04,1.04
2808,1987-09-08,1.04
2809,1987-09-09,1.05
2810,1987-09-10,1.06
2811,1987-09-11,1.02
2812,1987-09-14,1.08
2813,1987-09-15,1.14
2814,1987-09-16,1.17
2815,1987-09-17,1.14
2816,1987-09-18,1.08
2817,1987-09-21,1.12
2818,1987-09-22,1.06
2819,1987-09-23,1.09
2820,1987-09-24,1.09
2821,1987-09-25,1.05
2822,1987-09-28,1.04
2823,1987-09-29,1.04
2824,1987-09-30,1.03
2825,1987-10-01,1.04
2826,1987-10-02,0.99
2827,1987-10-05,1.03
2828,1987-10-06,0.99
2829,1987-10-07,0.98
2830,1987-10-08,0.83
2831,1987-10-09,0.93
2832,1987-10-13,0.96
2833,1987-10-14,0.99
2834,1987-10-15,0.95
2835,1987-10-16,1.01
2836,1987-10-19,1.22
2837,1987-10-20,1.31
2838,1987-10-21,1.4
2839,1987-10-22,1.21
2840,1987-10-23,1.22
2841,1987-10-26,1.23
2842,1987-10-27,1.26
2843,1987-10-28,1.36
2844,1987-10-29,1.36
2845,1987-10-30,1.3
2846,1987-11-02,1.26
2847,1987-11-03,1.24
2848,1987-11-04,1.25
2849,1987-11-05,1.22
2850,1987-11-06,1.14
2851,1987-11-09,1.14
2852,1987-11-10,1.18
2853,1987-11-12,1.13
2854,1987-11-13,1.09
2855,1987-11-16,1.04
2856,1987-11-17,1.13
2857,1987-11-18,1.11
2858,1987-11-19,1.14
2859,1987-11-20,1.13
2860,1987-11-23,1.13
2861,1987-11-24,1.16
2862,1987-11-25,1.2
2863,1987-11-27,1.24
2864,1987-11-30,1.26
2865,1987-12-01,1.24
2866,1987-12-02,1.22
2867,1987-12-03,1.22
2868,1987-12-04,1.22
2869,1987-12-07,1.21
2870,1987-12-08,1.21
2871,1987-12-09,1.17
2872,1987-12-10,1.23
2873,1987-12-11,1.26
2874,1987-12-14,1.22
2875,1987-12-15,1.17
2876,1987-12-16,1.11
2877,1987-12-17,1.14
2878,1987-12-18,1.07
2879,1987-12-21,1.04
2880,1987-12-22,1.04
2881,1987-12-23,1.0
2882,1987-12-24,0.99
2883,1987-12-28,1.02
2884,1987-12-29,0.99
2885,1987-12-30,1.03
2886,1987-12-31,1.06
2887,1988-01-04,1.06
2888,1988-01-05,1.0
2889,1988-01-06,1.03
2890,1988-01-07,1.04
2891,1988-01-08,1.05
2892,1988-01-11,1.14
2893,1988-01-12,1.13
2894,1988-01-13,1.11
2895,1988-01-14,1.1
2896,1988-01-15,0.99
2897,1988-01-19,0.99
2898,1988-01-20,1.02
2899,1988-01-21,1.01
2900,1988-01-22,0.98
2901,1988-01-25,0.96
2902,1988-01-26,0.98
2903,1988-01-27,1.01
2904,1988-01-28,1.04
2905,1988-01-29,1.04
2906,1988-02-01,1.04
2907,1988-02-02,0.97
2908,1988-02-03,0.97
2909,1988-02-04,1.0
2910,1988-02-05,1.02
2911,1988-02-08,1.03
2912,1988-02-09,1.04
2913,1988-02-10,1.04
2914,1988-02-11,1.04
2915,1988-02-12,1.06
2916,1988-02-16,1.05
2917,1988-02-17,1.08
2918,1988-02-18,1.05
2919,1988-02-19,1.05
2920,1988-02-22,1.04
2921,1988-02-23,1.01
2922,1988-02-24,1.03
2923,1988-02-25,1.06
2924,1988-02-26,1.02
2925,1988-02-29,1.03
2926,1988-03-01,1.04
2927,1988-03-02,1.06
2928,1988-03-03,1.04
2929,1988-03-04,1.08
2930,1988-03-07,1.08
2931,1988-03-08,1.08
2932,1988-03-09,1.1
2933,1988-03-10,1.1
2934,1988-03-11,1.09
2935,1988-03-14,1.09
2936,1988-03-15,1.11
2937,1988-03-16,1.12
2938,1988-03-17,1.13
2939,1988-03-18,1.18
2940,1988-03-21,1.15
2941,1988-03-22,1.13
2942,1988-03-23,1.08
2943,1988-03-24,1.05
2944,1988-03-25,1.06
2945,1988-03-28,1.16
2946,1988-03-29,1.14
2947,1988-03-30,1.14
2948,1988-03-31,1.16
2949,1988-04-04,1.1
2950,1988-04-05,1.07
2951,1988-04-06,1.04
2952,1988-04-07,1.06
2953,1988-04-08,1.05
2954,1988-04-11,1.09
2955,1988-04-12,1.08
2956,1988-04-13,1.11
2957,1988-04-14,1.11
2958,1988-04-15,1.14
2959,1988-04-18,1.21
2960,1988-04-19,1.24
2961,1988-04-20,1.18
2962,1988-04-21,1.18
2963,1988-04-22,1.14
2964,1988-04-25,1.14
2965,1988-04-26,1.16
2966,1988-04-27,1.17
2967,1988-04-28,1.17
2968,1988-04-29,1.14
2969,1988-05-02,1.16
2970,1988-05-03,1.12
2971,1988-05-04,1.13
2972,1988-05-05,1.13
2973,1988-05-06,1.14
2974,1988-05-09,1.08
2975,1988-05-10,1.07
2976,1988-05-11,1.1
2977,1988-05-12,1.09
2978,1988-05-13,1.1
2979,1988-05-16,1.08
2980,1988-05-17,1.13
2981,1988-05-18,1.15
2982,1988-05-19,1.14
2983,1988-05-20,1.14
2984,1988-05-23,1.11
2985,1988-05-24,1.08
2986,1988-05-25,1.03
2987,1988-05-26,0.98
2988,1988-05-27,1.01
2989,1988-05-31,0.99
2990,1988-06-01,0.94
2991,1988-06-02,0.94
2992,1988-06-03,0.91
2993,1988-06-06,0.93
2994,1988-06-07,0.98
2995,1988-06-08,0.96
2996,1988-06-09,0.99
2997,1988-06-10,0.93
2998,1988-06-13,0.93
2999,1988-06-14,0.89
3000,1988-06-15,0.87
3001,1988-06-16,0.93
3002,1988-06-17,0.92
3003,1988-06-20,0.88
3004,1988-06-21,0.88
3005,1988-06-22,0.86
3006,1988-06-23,0.83
3007,1988-06-24,0.82
3008,1988-06-27,0.84
3009,1988-06-28,0.82
3010,1988-06-29,0.85
3011,1988-06-30,0.8
3012,1988-07-01,0.79
3013,1988-07-05,0.78
3014,1988-07-06,0.84
3015,1988-07-07,0.82
3016,1988-07-08,0.79
3017,1988-07-11,0.77
3018,1988-07-12,0.81
3019,1988-07-13,0.85
3020,1988-07-14,0.79
3021,1988-07-15,0.77
3022,1988-07-18,0.8
3023,1988-07-19,0.78
3024,1988-07-20,0.8
3025,1988-07-21,0.77
3026,1988-07-22,0.76
3027,1988-07-25,0.73
3028,1988-07-26,0.74
3029,1988-07-27,0.7
3030,1988-07-28,0.72
3031,1988-07-29,0.73
3032,1988-08-01,0.71
3033,1988-08-02,0.68
3034,1988-08-03,0.7
3035,1988-08-04,0.68
3036,1988-08-05,0.65
3037,1988-08-08,0.64
3038,1988-08-09,0.61
3039,1988-08-10,0.66
3040,1988-08-11,0.67
3041,1988-08-12,0.68
3042,1988-08-15,0.67
3043,1988-08-16,0.63
3044,1988-08-17,0.64
3045,1988-08-18,0.61
3046,1988-08-19,0.61
3047,1988-08-22,0.61
3048,1988-08-23,0.61
3049,1988-08-24,0.61
3050,1988-08-25,0.63
3051,1988-08-26,0.6
3052,1988-08-29,0.55
3053,1988-08-30,0.54
3054,1988-08-31,0.54
3055,1988-09-01,0.57
3056,1988-09-02,0.55
3057,1988-09-06,0.52
3058,1988-09-07,0.54
3059,1988-09-08,0.54
3060,1988-09-09,0.51
3061,1988-09-12,0.53
3062,1988-09-13,0.54
3063,1988-09-14,0.52
3064,1988-09-15,0.52
3065,1988-09-16,0.53
3066,1988-09-19,0.53
3067,1988-09-20,0.52
3068,1988-09-21,0.53
3069,1988-09-22,0.51
3070,1988-09-23,0.5
3071,1988-09-26,0.48
3072,1988-09-27,0.49
3073,1988-09-28,0.47
3074,1988-09-29,0.45
3075,1988-09-30,0.44
3076,1988-10-03,0.43
3077,1988-10-04,0.44
3078,1988-10-05,0.44
3079,1988-10-06,0.44
3080,1988-10-07,0.44
3081,1988-10-11,0.46
3082,1988-10-12,0.49
3083,1988-10-13,0.48
3084,1988-10-14,0.48
3085,1988-10-17,0.46
3086,1988-10-18,0.45
3087,1988-10-19,0.44
3088,1988-10-20,0.41
3089,1988-10-21,0.43
3090,1988-10-24,0.41
3091,1988-10-25,0.41
3092,1988-10-26,0.45
3093,1988-10-27,0.45
3094,1988-10-28,0.42
3095,1988-10-31,0.4
3096,1988-11-01,0.43
3097,1988-11-02,0.44
3098,1988-11-03,0.42
3099,1988-11-04,0.46
3100,1988-11-07,0.41
3101,1988-11-08,0.38
3102,1988-11-09,0.34
3103,1988-11-10,0.3
3104,1988-11-14,0.29
3105,1988-11-15,0.23
3106,1988-11-16,0.25
3107,1988-11-17,0.31
3108,1988-11-18,0.28
3109,1988-11-21,0.23
3110,1988-11-22,0.21
3111,1988-11-23,0.21
3112,1988-11-25,0.19
3113,1988-11-28,0.16
3114,1988-11-29,0.17
3115,1988-11-30,0.22
3116,1988-12-01,0.15
3117,1988-12-02,0.06
3118,1988-12-05,0.04
3119,1988-12-06,0.07
3120,1988-12-07,0.07
3121,1988-12-08,0.02
3122,1988-12-09,0.04
3123,1988-12-12,0.03
3124,1988-12-13,-0.01
3125,1988-12-14,-0.01
3126,1988-12-15,-0.01
3127,1988-12-16,-0.01
3128,1988-12-19,-0.03
3129,1988-12-20,-0.03
3130,1988-12-21,-0.02
3131,1988-12-22,0.03
3132,1988-12-23,0.01
3133,1988-12-27,-0.02
3134,1988-12-28,-0.02
3135,1988-12-29,0.0
3136,1988-12-30,0.0
3137,1989-01-03,0.02
3138,1989-01-04,-0.03
3139,1989-01-05,-0.05
3140,1989-01-06,-0.07
3141,1989-01-09,-0.06
3142,1989-01-10,-0.01
3143,1989-01-11,-0.05
3144,1989-01-12,-0.06
3145,1989-01-13,-0.08
3146,1989-01-17,-0.1
3147,1989-01-18,-0.14
3148,1989-01-19,-0.09
3149,1989-01-20,-0.1
3150,1989-01-23,-0.13
3151,1989-01-24,-0.14
3152,1989-01-25,-0.11
3153,1989-01-26,-0.15
3154,1989-01-27,-0.12
3155,1989-01-30,-0.1
3156,1989-01-31,-0.11
3157,1989-02-01,-0.13
3158,1989-02-02,-0.14
3159,1989-02-03,-0.22
3160,1989-02-06,-0.24
3161,1989-02-07,-0.23
3162,1989-02-08,-0.26
3163,1989-02-09,-0.15
3164,1989-02-10,-0.18
3165,1989-02-13,-0.19
3166,1989-02-14,-0.2
3167,1989-02-15,-0.19
3168,1989-02-16,-0.16
3169,1989-02-17,-0.17
3170,1989-02-21,-0.19
3171,1989-02-22,-0.19
3172,1989-02-23,-0.24
3173,1989-02-24,-0.28
3174,1989-02-27,-0.26
3175,1989-02-28,-0.23
3176,1989-03-01,-0.19
3177,1989-03-02,-0.21
3178,1989-03-03,-0.19
3179,1989-03-06,-0.2
3180,1989-03-07,-0.22
3181,1989-03-08,-0.25
3182,1989-03-09,-0.24
3183,1989-03-10,-0.32
3184,1989-03-13,-0.29
3185,1989-03-14,-0.32
3186,1989-03-15,-0.31
3187,1989-03-16,-0.31
3188,1989-03-17,-0.35
3189,1989-03-20,-0.37
3190,1989-03-21,-0.39
3191,1989-03-22,-0.36
3192,1989-03-23,-0.38
3193,1989-03-27,-0.41
3194,1989-03-28,-0.45
3195,1989-03-29,-0.44
3196,1989-03-30,-0.45
3197,1989-03-31,-0.43
3198,1989-04-03,-0.35
3199,1989-04-04,-0.3
3200,1989-04-05,-0.28
3201,1989-04-06,-0.34
3202,1989-04-07,-0.3
3203,1989-04-10,-0.3
3204,1989-04-11,-0.3
3205,1989-04-12,-0.3
3206,1989-04-13,-0.32
3207,1989-04-14,-0.25
3208,1989-04-17,-0.28
3209,1989-04-18,-0.22
3210,1989-04-19,-0.22
3211,1989-04-20,-0.26
3212,1989-04-21,-0.29
3213,1989-04-24,-0.31
3214,1989-04-25,-0.29
3215,1989-04-26,-0.23
3216,1989-04-27,-0.18
3217,1989-04-28,-0.2
3218,1989-05-01,-0.22
3219,1989-05-02,-0.19
3220,1989-05-03,-0.15
3221,1989-05-04,-0.15
3222,1989-05-05,-0.05
3223,1989-05-08,-0.05
3224,1989-05-09,-0.08
3225,1989-05-10,-0.11
3226,1989-05-11,-0.04
3227,1989-05-12,-0.01
3228,1989-05-15,-0.09
3229,1989-05-16,-0.13
3230,1989-05-17,-0.16
3231,1989-05-18,-0.22
3232,1989-05-19,-0.23
3233,1989-05-22,-0.26
3234,1989-05-23,-0.23
3235,1989-05-24,-0.19
3236,1989-05-25,-0.25
3237,1989-05-26,-0.23
3238,1989-05-30,-0.23
3239,1989-05-31,-0.22
3240,1989-06-01,-0.21
3241,1989-06-02,-0.09
3242,1989-06-05,-0.08
3243,1989-06-06,-0.09
3244,1989-06-07,-0.11
3245,1989-06-08,-0.06
3246,1989-06-09,-0.13
3247,1989-06-12,-0.13
3248,1989-06-13,-0.16
3249,1989-06-14,-0.16
3250,1989-06-15,-0.15
3251,1989-06-16,-0.18
3252,1989-06-19,-0.18
3253,1989-06-20,-0.19
3254,1989-06-21,-0.16
3255,1989-06-22,-0.17
3256,1989-06-23,-0.14
3257,1989-06-26,-0.17
3258,1989-06-27,-0.16
3259,1989-06-28,-0.1
3260,1989-06-29,-0.04
3261,1989-06-30,0.02
3262,1989-07-03,0.07
3263,1989-07-05,0.12
3264,1989-07-06,0.14
3265,1989-07-07,0.19
3266,1989-07-10,0.18
3267,1989-07-11,0.19
3268,1989-07-12,0.26
3269,1989-07-13,0.26
3270,1989-07-14,0.21
3271,1989-07-17,0.2
3272,1989-07-18,0.18
3273,1989-07-19,0.19
3274,1989-07-20,0.2
3275,1989-07-21,0.16
3276,1989-07-24,0.12
3277,1989-07-25,0.17
3278,1989-07-26,0.27
3279,1989-07-27,0.27
3280,1989-07-28,0.31
3281,1989-07-31,0.29
3282,1989-08-01,0.28
3283,1989-08-02,0.23
3284,1989-08-03,0.2
3285,1989-08-04,0.08
3286,1989-08-07,0.02
3287,1989-08-08,0.04
3288,1989-08-09,0.06
3289,1989-08-10,0.03
3290,1989-08-11,-0.03
3291,1989-08-14,-0.07
3292,1989-08-15,-0.08
3293,1989-08-16,-0.05
3294,1989-08-17,-0.08
3295,1989-08-18,-0.11
3296,1989-08-21,-0.12
3297,1989-08-22,-0.14
3298,1989-08-23,-0.12
3299,1989-08-24,-0.12
3300,1989-08-25,-0.13
3301,1989-08-28,-0.14
3302,1989-08-29,-0.17
3303,1989-08-30,-0.16
3304,1989-08-31,-0.16
3305,1989-09-01,-0.18
3306,1989-09-05,-0.18
3307,1989-09-06,-0.18
3308,1989-09-07,-0.18
3309,1989-09-08,-0.13
3310,1989-09-11,-0.07
3311,1989-09-12,-0.05
3312,1989-09-13,-0.02
3313,1989-09-14,0.04
3314,1989-09-15,0.03
3315,1989-09-18,-0.03
3316,1989-09-19,-0.05
3317,1989-09-20,-0.12
3318,1989-09-21,-0.12
3319,1989-09-22,-0.12
3320,1989-09-25,-0.11
3321,1989-09-26,-0.06
3322,1989-09-27,-0.09
3323,1989-09-28,-0.11
3324,1989-09-29,-0.15
3325,1989-10-02,-0.2
3326,1989-10-03,-0.16
3327,1989-10-04,-0.15
3328,1989-10-05,-0.16
3329,1989-10-06,-0.07
3330,1989-10-10,-0.03
3331,1989-10-11,-0.01
3332,1989-10-12,0.03
3333,1989-10-13,0.18
3334,1989-10-16,0.13
3335,1989-10-17,0.17
3336,1989-10-18,0.18
3337,1989-10-19,0.09
3338,1989-10-20,0.06
3339,1989-10-23,0.04
3340,1989-10-24,0.09
3341,1989-10-25,0.1
3342,1989-10-26,0.1
3343,1989-10-27,0.07
3344,1989-10-30,0.07
3345,1989-10-31,0.07
3346,1989-11-01,0.04
3347,1989-11-02,0.06
3348,1989-11-03,-0.05
3349,1989-11-06,-0.04
3350,1989-11-07,0.03
3351,1989-11-08,0.09
3352,1989-11-09,0.1
3353,1989-11-10,0.09
3354,1989-11-13,0.07
3355,1989-11-14,0.12
3356,1989-11-15,0.13
3357,1989-11-16,0.11
3358,1989-11-17,0.11
3359,1989-11-20,0.09
3360,1989-11-21,0.08
3361,1989-11-22,0.15
3362,1989-11-24,0.16
3363,1989-11-27,0.06
3364,1989-11-28,0.08
3365,1989-11-29,0.08
3366,1989-11-30,0.09
3367,1989-12-01,0.11
3368,1989-12-04,0.1
3369,1989-12-05,0.1
3370,1989-12-06,0.05
3371,1989-12-07,0.03
3372,1989-12-08,0.04
3373,1989-12-11,0.05
3374,1989-12-12,0.04
3375,1989-12-13,0.0
3376,1989-12-14,0.04
3377,1989-12-15,0.05
3378,1989-12-18,0.02
3379,1989-12-19,0.06
3380,1989-12-20,0.13
3381,1989-12-21,0.09
3382,1989-12-22,0.08
3383,1989-12-26,0.05
3384,1989-12-27,0.04
3385,1989-12-28,0.04
3386,1989-12-29,0.06
3387,1990-01-02,0.07
3388,1990-01-03,0.05
3389,1990-01-04,0.06
3390,1990-01-05,0.09
3391,1990-01-08,0.12
3392,1990-01-09,0.11
3393,1990-01-10,0.12
3394,1990-01-11,0.13
3395,1990-01-12,0.17
3396,1990-01-16,0.1
3397,1990-01-17,0.1
3398,1990-01-18,0.07
3399,1990-01-19,0.06
3400,1990-01-22,0.09
3401,1990-01-23,0.08
3402,1990-01-24,0.18
3403,1990-01-25,0.18
3404,1990-01-26,0.21
3405,1990-01-29,0.2
3406,1990-01-30,0.21
3407,1990-01-31,0.15
3408,1990-02-01,0.14
3409,1990-02-02,0.13
3410,1990-02-05,0.16
3411,1990-02-06,0.15
3412,1990-02-07,0.1
3413,1990-02-08,0.12
3414,1990-02-09,0.06
3415,1990-02-12,0.08
3416,1990-02-13,0.14
3417,1990-02-14,0.09
3418,1990-02-15,0.08
3419,1990-02-16,0.06
3420,1990-02-20,0.1
3421,1990-02-21,0.12
3422,1990-02-22,0.09
3423,1990-02-23,0.1
3424,1990-02-26,0.08
3425,1990-02-27,0.07
3426,1990-02-28,0.08
3427,1990-03-01,0.06
3428,1990-03-02,0.06
3429,1990-03-05,0.1
3430,1990-03-06,0.05
3431,1990-03-07,0.04
3432,1990-03-08,-0.02
3433,1990-03-09,-0.08
3434,1990-03-12,-0.08
3435,1990-03-13,-0.04
3436,1990-03-14,-0.04
3437,1990-03-15,-0.05
3438,1990-03-16,-0.05
3439,1990-03-19,-0.09
3440,1990-03-20,-0.14
3441,1990-03-21,-0.14
3442,1990-03-22,-0.09
3443,1990-03-23,-0.09
3444,1990-03-26,-0.1
3445,1990-03-27,-0.07
3446,1990-03-28,-0.06
3447,1990-03-29,-0.02
3448,1990-03-30,0.01
3449,1990-04-02,0.03
3450,1990-04-03,0.02
3451,1990-04-04,0.01
3452,1990-04-05,0.03
3453,1990-04-06,0.04
3454,1990-04-09,0.05
3455,1990-04-10,0.06
3456,1990-04-11,0.07
3457,1990-04-12,0.07
3458,1990-04-16,0.07
3459,1990-04-17,0.07
3460,1990-04-18,0.07
3461,1990-04-19,0.06
3462,1990-04-20,0.13
3463,1990-04-23,0.11
3464,1990-04-24,0.08
3465,1990-04-25,0.06
3466,1990-04-26,0.04
3467,1990-04-27,0.08
3468,1990-04-30,0.08
3469,1990-05-01,0.06
3470,1990-05-02,0.04
3471,1990-05-03,0.06
3472,1990-05-04,0.14
3473,1990-05-07,0.13
3474,1990-05-08,0.16
3475,1990-05-09,0.13
3476,1990-05-10,0.13
3477,1990-05-11,0.09
3478,1990-05-14,0.1
3479,1990-05-15,0.11
3480,1990-05-16,0.14
3481,1990-05-17,0.13
3482,1990-05-18,0.12
3483,1990-05-21,0.13
3484,1990-05-22,0.11
3485,1990-05-23,0.1
3486,1990-05-24,0.13
3487,1990-05-25,0.16
3488,1990-05-29,0.14
3489,1990-05-30,0.14
3490,1990-05-31,0.1
3491,1990-06-01,0.11
3492,1990-06-04,0.13
3493,1990-06-05,0.13
3494,1990-06-06,0.12
3495,1990-06-07,0.12
3496,1990-06-08,0.13
3497,1990-06-11,0.12
3498,1990-06-12,0.12
3499,1990-06-13,0.13
3500,1990-06-14,0.14
3501,1990-06-15,0.13
3502,1990-06-18,0.11
3503,1990-06-19,0.1
3504,1990-06-20,0.12
3505,1990-06-21,0.11
3506,1990-06-22,0.11
3507,1990-06-25,0.13
3508,1990-06-26,0.15
3509,1990-06-27,0.15
3510,1990-06-28,0.16
3511,1990-06-29,0.19
3512,1990-07-02,0.18
3513,1990-07-03,0.2
3514,1990-07-05,0.2
3515,1990-07-06,0.19
3516,1990-07-09,0.18
3517,1990-07-10,0.17
3518,1990-07-11,0.17
3519,1990-07-12,0.3
3520,1990-07-13,0.32
3521,1990-07-16,0.29
3522,1990-07-17,0.31
3523,1990-07-18,0.37
3524,1990-07-19,0.38
3525,1990-07-20,0.4
3526,1990-07-23,0.43
3527,1990-07-24,0.41
3528,1990-07-25,0.41
3529,1990-07-26,0.41
3530,1990-07-27,0.42
3531,1990-07-30,0.41
3532,1990-07-31,0.45
3533,1990-08-01,0.44
3534,1990-08-02,0.51
3535,1990-08-03,0.64
3536,1990-08-06,0.81
3537,1990-08-07,0.74
3538,1990-08-08,0.75
3539,1990-08-09,0.67
3540,1990-08-10,0.73
3541,1990-08-13,0.77
3542,1990-08-14,0.72
3543,1990-08-15,0.7
3544,1990-08-16,0.67
3545,1990-08-17,0.69
3546,1990-08-20,0.68
3547,1990-08-21,0.65
3548,1990-08-22,0.65
3549,1990-08-23,0.74
3550,1990-08-24,0.73
3551,1990-08-27,0.69
3552,1990-08-28,0.71
3553,1990-08-29,0.68
3554,1990-08-30,0.74
3555,1990-08-31,0.79
3556,1990-09-04,0.81
3557,1990-09-05,0.82
3558,1990-09-06,0.78
3559,1990-09-07,0.77
3560,1990-09-10,0.76
3561,1990-09-11,0.73
3562,1990-09-12,0.77
3563,1990-09-13,0.81
3564,1990-09-14,0.84
3565,1990-09-17,0.85
3566,1990-09-18,0.87
3567,1990-09-19,0.8
3568,1990-09-20,0.81
3569,1990-09-21,0.87
3570,1990-09-24,0.83
3571,1990-09-25,0.84
3572,1990-09-26,0.84
3573,1990-09-27,0.86
3574,1990-09-28,0.8
3575,1990-10-01,0.77
3576,1990-10-02,0.77
3577,1990-10-03,0.83
3578,1990-10-04,0.8
3579,1990-10-05,0.84
3580,1990-10-09,0.89
3581,1990-10-10,0.9
3582,1990-10-11,0.93
3583,1990-10-12,0.9
3584,1990-10-15,0.88
3585,1990-10-16,0.87
3586,1990-10-17,0.84
3587,1990-10-18,0.8
3588,1990-10-19,0.77
3589,1990-10-22,0.78
3590,1990-10-23,0.81
3591,1990-10-24,0.82
3592,1990-10-25,0.82
3593,1990-10-26,0.83
3594,1990-10-29,0.88
3595,1990-10-30,0.91
3596,1990-10-31,0.88
3597,1990-11-01,0.89
3598,1990-11-02,0.89
3599,1990-11-05,0.87
3600,1990-11-06,0.87
3601,1990-11-07,0.9
3602,1990-11-08,0.91
3603,1990-11-09,0.88
3604,1990-11-13,0.77
3605,1990-11-14,0.78
3606,1990-11-15,0.77
3607,1990-11-16,0.72
3608,1990-11-19,0.73
3609,1990-11-20,0.69
3610,1990-11-21,0.74
3611,1990-11-23,0.75
3612,1990-11-26,0.72
3613,1990-11-27,0.78
3614,1990-11-28,0.74
3615,1990-11-29,0.74
3616,1990-11-30,0.73
3617,1990-12-03,0.71
3618,1990-12-04,0.74
3619,1990-12-05,0.7
3620,1990-12-06,0.7
3621,1990-12-07,0.7
3622,1990-12-10,0.7
3623,1990-12-11,0.68
3624,1990-12-12,0.69
3625,1990-12-13,0.67
3626,1990-12-14,0.7
3627,1990-12-17,0.71
3628,1990-12-18,0.71
3629,1990-12-19,0.79
3630,1990-12-20,0.8
3631,1990-12-21,0.81
3632,1990-12-24,0.85
3633,1990-12-26,0.88
3634,1990-12-27,0.86
3635,1990-12-28,0.89
3636,1990-12-31,0.93
3637,1991-01-02,0.89
3638,1991-01-03,0.85
3639,1991-01-04,0.85
3640,1991-01-07,0.93
3641,1991-01-08,1.01
3642,1991-01-09,1.15
3643,1991-01-10,1.02
3644,1991-01-11,1.06
3645,1991-01-14,1.05
3646,1991-01-15,1.06
3647,1991-01-16,1.03
3648,1991-01-17,0.86
3649,1991-01-18,0.89
3650,1991-01-22,0.94
3651,1991-01-23,0.96
3652,1991-01-24,0.96
3653,1991-01-25,0.96
3654,1991-01-28,0.94
3655,1991-01-29,0.95
3656,1991-01-30,0.98
3657,1991-01-31,0.98
3658,1991-02-01,1.08
3659,1991-02-04,1.06
3660,1991-02-05,1.05
3661,1991-02-06,0.97
3662,1991-02-07,1.02
3663,1991-02-08,0.97
3664,1991-02-11,1.0
3665,1991-02-12,1.0
3666,1991-02-13,1.0
3667,1991-02-14,1.03
3668,1991-02-15,0.96
3669,1991-02-19,0.93
3670,1991-02-20,0.97
3671,1991-02-21,0.98
3672,1991-02-22,0.93
3673,1991-02-25,0.92
3674,1991-02-26,0.96
3675,1991-02-27,0.96
3676,1991-02-28,0.98
3677,1991-03-01,0.94
3678,1991-03-04,0.96
3679,1991-03-05,0.95
3680,1991-03-06,0.96
3681,1991-03-07,0.95
3682,1991-03-08,1.05
3683,1991-03-11,1.01
3684,1991-03-12,1.02
3685,1991-03-13,1.02
3686,1991-03-14,1.07
3687,1991-03-15,1.09
3688,1991-03-18,1.06
3689,1991-03-19,1.03
3690,1991-03-20,1.0
3691,1991-03-21,1.03
3692,1991-03-22,1.0
3693,1991-03-25,0.99
3694,1991-03-26,0.97
3695,1991-03-27,1.01
3696,1991-03-28,1.03
3697,1991-04-01,1.06
3698,1991-04-02,1.06
3699,1991-04-03,1.06
3700,1991-04-04,1.06
3701,1991-04-05,1.07
3702,1991-04-08,1.07
3703,1991-04-09,1.09
3704,1991-04-10,1.08
3705,1991-04-11,1.14
3706,1991-04-12,1.1
3707,1991-04-15,1.05
3708,1991-04-16,1.05
3709,1991-04-17,1.05
3710,1991-04-18,1.03
3711,1991-04-19,1.07
3712,1991-04-22,1.08
3713,1991-04-23,1.07
3714,1991-04-24,1.11
3715,1991-04-25,1.14
3716,1991-04-26,1.17
3717,1991-04-29,1.17
3718,1991-04-30,1.22
3719,1991-05-01,1.21
3720,1991-05-02,1.21
3721,1991-05-03,1.24
3722,1991-05-06,1.23
3723,1991-05-07,1.24
3724,1991-05-08,1.2
3725,1991-05-09,1.18
3726,1991-05-10,1.25
3727,1991-05-13,1.23
3728,1991-05-14,1.28
3729,1991-05-15,1.29
3730,1991-05-16,1.28
3731,1991-05-17,1.22
3732,1991-05-20,1.24
3733,1991-05-21,1.22
3734,1991-05-22,1.29
3735,1991-05-23,1.36
3736,1991-05-24,1.41
3737,1991-05-28,1.41
3738,1991-05-29,1.46
3739,1991-05-30,1.42
3740,1991-05-31,1.38
3741,1991-06-03,1.35
3742,1991-06-04,1.35
3743,1991-06-05,1.36
3744,1991-06-06,1.37
3745,1991-06-07,1.31
3746,1991-06-10,1.28
3747,1991-06-11,1.3
3748,1991-06-12,1.28
3749,1991-06-13,1.26
3750,1991-06-14,1.27
3751,1991-06-17,1.28
3752,1991-06-18,1.32
3753,1991-06-19,1.38
3754,1991-06-20,1.43
3755,1991-06-21,1.38
3756,1991-06-24,1.37
3757,1991-06-25,1.29
3758,1991-06-26,1.32
3759,1991-06-27,1.32
3760,1991-06-28,1.34
3761,1991-07-01,1.29
3762,1991-07-02,1.27
3763,1991-07-03,1.29
3764,1991-07-05,1.3
3765,1991-07-08,1.34
3766,1991-07-09,1.36
3767,1991-07-10,1.38
3768,1991-07-11,1.38
3769,1991-07-12,1.38
3770,1991-07-15,1.38
3771,1991-07-16,1.37
3772,1991-07-17,1.36
3773,1991-07-18,1.4
3774,1991-07-19,1.39
3775,1991-07-22,1.37
3776,1991-07-23,1.37
3777,1991-07-24,1.36
3778,1991-07-25,1.33
3779,1991-07-26,1.35
3780,1991-07-29,1.38
3781,1991-07-30,1.37
3782,1991-07-31,1.39
3783,1991-08-01,1.36
3784,1991-08-02,1.37
3785,1991-08-05,1.35
3786,1991-08-06,1.4
3787,1991-08-07,1.39
3788,1991-08-08,1.46
3789,1991-08-09,1.49
3790,1991-08-12,1.46
3791,1991-08-13,1.43
3792,1991-08-14,1.45
3793,1991-08-15,1.51
3794,1991-08-16,1.53
3795,1991-08-19,1.59
3796,1991-08-20,1.64
3797,1991-08-21,1.53
3798,1991-08-22,1.51
3799,1991-08-23,1.42
3800,1991-08-26,1.43
3801,1991-08-27,1.48
3802,1991-08-28,1.52
3803,1991-08-29,1.49
3804,1991-08-30,1.46
3805,1991-09-03,1.48
3806,1991-09-04,1.5
3807,1991-09-05,1.52
3808,1991-09-06,1.5
3809,1991-09-09,1.5
3810,1991-09-10,1.52
3811,1991-09-11,1.51
3812,1991-09-12,1.47
3813,1991-09-13,1.48
3814,1991-09-16,1.46
3815,1991-09-17,1.44
3816,1991-09-18,1.44
3817,1991-09-19,1.41
3818,1991-09-20,1.39
3819,1991-09-23,1.38
3820,1991-09-24,1.45
3821,1991-09-25,1.46
3822,1991-09-26,1.51
3823,1991-09-27,1.47
3824,1991-09-30,1.48
3825,1991-10-01,1.46
3826,1991-10-02,1.48
3827,1991-10-03,1.49
3828,1991-10-04,1.48
3829,1991-10-07,1.47
3830,1991-10-08,1.54
3831,1991-10-09,1.58
3832,1991-10-10,1.6
3833,1991-10-11,1.58
3834,1991-10-15,1.61
3835,1991-10-16,1.59
3836,1991-10-17,1.62
3837,1991-10-18,1.58
3838,1991-10-21,1.63
3839,1991-10-22,1.65
3840,1991-10-23,1.68
3841,1991-10-24,1.72
3842,1991-10-25,1.75
3843,1991-10-28,1.77
3844,1991-10-29,1.73
3845,1991-10-30,1.75
3846,1991-10-31,1.77
3847,1991-11-01,1.83
3848,1991-11-04,1.87
3849,1991-11-05,1.86
3850,1991-11-06,1.88
3851,1991-11-07,1.81
3852,1991-11-08,1.78
3853,1991-11-12,1.72
3854,1991-11-13,1.76
3855,1991-11-14,1.75
3856,1991-11-15,1.79
3857,1991-11-18,1.78
3858,1991-11-19,1.87
3859,1991-11-20,1.86
3860,1991-11-21,1.89
3861,1991-11-22,1.95
3862,1991-11-25,1.95
3863,1991-11-26,1.97
3864,1991-11-27,1.99
3865,1991-11-29,2.0
3866,1991-12-02,1.99
3867,1991-12-03,1.99
3868,1991-12-04,1.95
3869,1991-12-05,1.99
3870,1991-12-06,2.07
3871,1991-12-09,2.13
3872,1991-12-10,2.14
3873,1991-12-11,2.18
3874,1991-12-12,2.13
3875,1991-12-13,2.13
3876,1991-12-16,2.15
3877,1991-12-17,2.16
3878,1991-12-18,2.08
3879,1991-12-19,2.06
3880,1991-12-20,2.17
3881,1991-12-23,2.09
3882,1991-12-24,2.04
3883,1991-12-26,2.0
3884,1991-12-27,1.97
3885,1991-12-30,1.96
3886,1991-12-31,1.94
3887,1992-01-02,2.01
3888,1992-01-03,2.05
3889,1992-01-06,2.06
3890,1992-01-07,2.09
3891,1992-01-08,2.11
3892,1992-01-09,2.02
3893,1992-01-10,2.0
3894,1992-01-13,1.99
3895,1992-01-14,2.03
3896,1992-01-15,1.98
3897,1992-01-16,2.06
3898,1992-01-17,2.07
3899,1992-01-21,2.06
3900,1992-01-22,2.14
3901,1992-01-23,2.18
3902,1992-01-24,2.12
3903,1992-01-27,2.09
3904,1992-01-28,2.06
3905,1992-01-29,2.1
3906,1992-01-30,2.14
3907,1992-01-31,2.2
3908,1992-02-03,2.21
3909,1992-02-04,2.17
3910,1992-02-05,2.14
3911,1992-02-06,2.15
3912,1992-02-07,2.23
3913,1992-02-10,2.27
3914,1992-02-11,2.22
3915,1992-02-12,2.22
3916,1992-02-13,2.18
3917,1992-02-14,2.14
3918,1992-02-18,2.23
3919,1992-02-19,2.14
3920,1992-02-20,2.11
3921,1992-02-21,1.99
3922,1992-02-24,2.01
3923,1992-02-25,2.01
3924,1992-02-26,1.96
3925,1992-02-27,2.01
3926,1992-02-28,2.0
3927,1992-03-02,1.93
3928,1992-03-03,1.95
3929,1992-03-04,1.93
3930,1992-03-05,1.89
3931,1992-03-06,1.88
3932,1992-03-09,1.88
3933,1992-03-10,1.87
3934,1992-03-11,1.93
3935,1992-03-12,1.88
3936,1992-03-13,1.85
3937,1992-03-16,1.82
3938,1992-03-17,1.79
3939,1992-03-18,1.78
3940,1992-03-19,1.78
3941,1992-03-20,1.78
3942,1992-03-23,1.75
3943,1992-03-24,1.75
3944,1992-03-25,1.81
3945,1992-03-26,1.88
3946,1992-03-27,1.86
3947,1992-03-30,1.93
3948,1992-03-31,1.94
3949,1992-04-01,1.93
3950,1992-04-02,1.92
3951,1992-04-03,2.05
3952,1992-04-06,2.05
3953,1992-04-07,2.07
3954,1992-04-08,2.11
3955,1992-04-09,2.26
3956,1992-04-10,2.21
3957,1992-04-13,2.22
3958,1992-04-14,2.2
3959,1992-04-15,2.15
3960,1992-04-16,2.11
3961,1992-04-20,2.14
3962,1992-04-21,2.17
3963,1992-04-22,2.16
3964,1992-04-23,2.18
3965,1992-04-24,2.22
3966,1992-04-27,2.18
3967,1992-04-28,2.17
3968,1992-04-29,2.21
3969,1992-04-30,2.15
3970,1992-05-01,2.23
3971,1992-05-04,2.26
3972,1992-05-05,2.26
3973,1992-05-06,2.21
3974,1992-05-07,2.15
3975,1992-05-08,2.12
3976,1992-05-11,2.16
3977,1992-05-12,2.17
3978,1992-05-13,2.2
3979,1992-05-14,2.21
3980,1992-05-15,2.17
3981,1992-05-18,2.16
3982,1992-05-19,2.2
3983,1992-05-20,2.12
3984,1992-05-21,2.05
3985,1992-05-22,2.11
3986,1992-05-26,2.11
3987,1992-05-27,2.16
3988,1992-05-28,2.14
3989,1992-05-29,2.14
3990,1992-06-01,2.1
3991,1992-06-02,2.12
3992,1992-06-03,2.14
3993,1992-06-04,2.12
3994,1992-06-05,2.18
3995,1992-06-08,2.2
3996,1992-06-09,2.22
3997,1992-06-10,2.22
3998,1992-06-11,2.24
3999,1992-06-12,2.23
4000,1992-06-15,2.23
4001,1992-06-16,2.22
4002,1992-06-17,2.23
4003,1992-06-18,2.25
4004,1992-06-19,2.24
4005,1992-06-22,2.25
4006,1992-06-23,2.15
4007,1992-06-24,2.24
4008,1992-06-25,2.25
4009,1992-06-26,2.27
4010,1992-06-29,2.29
4011,1992-06-30,2.31
4012,1992-07-01,2.28
4013,1992-07-02,2.38
4014,1992-07-06,2.44
4015,1992-07-07,2.47
4016,1992-07-08,2.51
4017,1992-07-09,2.51
4018,1992-07-10,2.55
4019,1992-07-13,2.57
4020,1992-07-14,2.65
4021,1992-07-15,2.65
4022,1992-07-16,2.62
4023,1992-07-17,2.63
4024,1992-07-20,2.6
4025,1992-07-21,2.55
4026,1992-07-22,2.56
4027,1992-07-23,2.52
4028,1992-07-24,2.48
4029,1992-07-27,2.42
4030,1992-07-28,2.36
4031,1992-07-29,2.35
4032,1992-07-30,2.36
4033,1992-07-31,2.3
4034,1992-08-03,2.32
4035,1992-08-04,2.35
4036,1992-08-05,2.35
4037,1992-08-06,2.36
4038,1992-08-07,2.39
4039,1992-08-10,2.4
4040,1992-08-11,2.35
4041,1992-08-12,2.29
4042,1992-08-13,2.36
4043,1992-08-14,2.39
4044,1992-08-17,2.43
4045,1992-08-18,2.44
4046,1992-08-19,2.41
4047,1992-08-20,2.42
4048,1992-08-21,2.4
4049,1992-08-24,2.41
4050,1992-08-25,2.41
4051,1992-08-26,2.42
4052,1992-08-27,2.41
4053,1992-08-28,2.47
4054,1992-08-31,2.47
4055,1992-09-01,2.44
4056,1992-09-02,2.44
4057,1992-09-03,2.45
4058,1992-09-04,2.51
4059,1992-09-08,2.46
4060,1992-09-09,2.46
4061,1992-09-10,2.48
4062,1992-09-11,2.5
4063,1992-09-14,2.52
4064,1992-09-15,2.51
4065,1992-09-16,2.54
4066,1992-09-17,2.54
4067,1992-09-18,2.55
4068,1992-09-21,2.51
4069,1992-09-22,2.52
4070,1992-09-23,2.57
4071,1992-09-24,2.57
4072,1992-09-25,2.63
4073,1992-09-28,2.6
4074,1992-09-29,2.57
4075,1992-09-30,2.57
4076,1992-10-01,2.56
4077,1992-10-02,2.55
4078,1992-10-05,2.56
4079,1992-10-06,2.56
4080,1992-10-07,2.58
4081,1992-10-08,2.58
4082,1992-10-09,2.52
4083,1992-10-13,2.52
4084,1992-10-14,2.49
4085,1992-10-15,2.51
4086,1992-10-16,2.56
4087,1992-10-19,2.54
4088,1992-10-20,2.52
4089,1992-10-21,2.51
4090,1992-10-22,2.5
4091,1992-10-23,2.46
4092,1992-10-26,2.44
4093,1992-10-27,2.46
4094,1992-10-28,2.43
4095,1992-10-29,2.38
4096,1992-10-30,2.4
4097,1992-11-02,2.41
4098,1992-11-03,2.43
4099,1992-11-04,2.45
4100,1992-11-05,2.48
4101,1992-11-06,2.49
4102,1992-11-09,2.43
4103,1992-11-10,2.41
4104,1992-11-12,2.35
4105,1992-11-13,2.28
4106,1992-11-16,2.22
4107,1992-11-17,2.19
4108,1992-11-18,2.2
4109,1992-11-19,2.22
4110,1992-11-20,2.18
4111,1992-11-23,2.17
4112,1992-11-24,2.21
4113,1992-11-25,2.14
4114,1992-11-27,2.16
4115,1992-11-30,2.16
4116,1992-12-01,2.13
4117,1992-12-02,2.12
4118,1992-12-03,2.13
4119,1992-12-04,2.14
4120,1992-12-07,2.16
4121,1992-12-08,2.14
4122,1992-12-09,2.15
4123,1992-12-10,2.1
4124,1992-12-11,2.02
4125,1992-12-14,2.03
4126,1992-12-15,2.06
4127,1992-12-16,2.1
4128,1992-12-17,2.08
4129,1992-12-18,2.1
4130,1992-12-21,2.07
4131,1992-12-22,2.01
4132,1992-12-23,2.05
4133,1992-12-24,2.09
4134,1992-12-28,2.08
4135,1992-12-29,2.08
4136,1992-12-30,2.14
4137,1992-12-31,2.14
4138,1993-01-04,2.12
4139,1993-01-05,2.13
4140,1993-01-06,2.11
4141,1993-01-07,2.12
4142,1993-01-08,2.25
4143,1993-01-11,2.23
4144,1993-01-12,2.24
4145,1993-01-13,2.25
4146,1993-01-14,2.25
4147,1993-01-15,2.29
4148,1993-01-19,2.2
4149,1993-01-20,2.2
4150,1993-01-21,2.24
4151,1993-01-22,2.27
4152,1993-01-25,2.22
4153,1993-01-26,2.2
4154,1993-01-27,2.24
4155,1993-01-28,2.24
4156,1993-01-29,2.19
4157,1993-02-01,2.19
4158,1993-02-02,2.21
4159,1993-02-03,2.18
4160,1993-02-04,2.2
4161,1993-02-05,2.25
4162,1993-02-08,2.21
4163,1993-02-09,2.21
4164,1993-02-10,2.13
4165,1993-02-11,2.17
4166,1993-02-12,2.15
4167,1993-02-16,2.2
4168,1993-02-17,2.22
4169,1993-02-18,2.22
4170,1993-02-19,2.16
4171,1993-02-22,2.1
4172,1993-02-23,2.02
4173,1993-02-24,2.04
4174,1993-02-25,2.08
4175,1993-02-26,2.11
4176,1993-03-01,2.06
4177,1993-03-02,2.07
4178,1993-03-03,2.07
4179,1993-03-04,2.08
4180,1993-03-05,1.99
4181,1993-03-08,1.88
4182,1993-03-09,1.89
4183,1993-03-10,1.92
4184,1993-03-11,1.95
4185,1993-03-12,2.0
4186,1993-03-15,2.07
4187,1993-03-16,2.04
4188,1993-03-17,2.04
4189,1993-03-18,2.02
4190,1993-03-19,2.0
4191,1993-03-22,2.04
4192,1993-03-23,2.03
4193,1993-03-24,2.02
4194,1993-03-25,2.06
4195,1993-03-26,2.07
4196,1993-03-29,2.11
4197,1993-03-30,2.11
4198,1993-03-31,2.07
4199,1993-04-01,2.12
4200,1993-04-02,2.17
4201,1993-04-05,2.17
4202,1993-04-06,2.15
4203,1993-04-07,2.14
4204,1993-04-08,2.12
4205,1993-04-12,2.1
4206,1993-04-13,2.11
4207,1993-04-14,2.12
4208,1993-04-15,2.09
4209,1993-04-16,2.09
4210,1993-04-19,2.09
4211,1993-04-20,2.09
4212,1993-04-21,2.09
4213,1993-04-22,2.1
4214,1993-04-23,2.14
4215,1993-04-26,2.15
4216,1993-04-27,2.14
4217,1993-04-28,2.17
4218,1993-04-29,2.2
4219,1993-04-30,2.22
4220,1993-05-03,2.21
4221,1993-05-04,2.17
4222,1993-05-05,2.13
4223,1993-05-06,2.09
4224,1993-05-07,2.13
4225,1993-05-10,2.1
4226,1993-05-11,2.1
4227,1993-05-12,2.14
4228,1993-05-13,2.11
4229,1993-05-14,2.06
4230,1993-05-17,2.02
4231,1993-05-18,2.07
4232,1993-05-19,2.08
4233,1993-05-20,2.06
4234,1993-05-21,2.02
4235,1993-05-24,1.97
4236,1993-05-25,1.98
4237,1993-05-26,1.92
4238,1993-05-27,1.89
4239,1993-05-28,1.92
4240,1993-06-01,1.91
4241,1993-06-02,1.88
4242,1993-06-03,1.88
4243,1993-06-04,1.8
4244,1993-06-07,1.78
4245,1993-06-08,1.76
4246,1993-06-09,1.78
4247,1993-06-10,1.78
4248,1993-06-11,1.82
4249,1993-06-14,1.84
4250,1993-06-15,1.85
4251,1993-06-16,1.87
4252,1993-06-17,1.85
4253,1993-06-18,1.81
4254,1993-06-21,1.76
4255,1993-06-22,1.76
4256,1993-06-23,1.71
4257,1993-06-24,1.73
4258,1993-06-25,1.74
4259,1993-06-28,1.74
4260,1993-06-29,1.76
4261,1993-06-30,1.77
4262,1993-07-01,1.81
4263,1993-07-02,1.83
4264,1993-07-06,1.8
4265,1993-07-07,1.8
4266,1993-07-08,1.78
4267,1993-07-09,1.78
4268,1993-07-12,1.76
4269,1993-07-13,1.74
4270,1993-07-14,1.75
4271,1993-07-15,1.73
4272,1993-07-16,1.72
4273,1993-07-19,1.72
4274,1993-07-20,1.66
4275,1993-07-21,1.68
4276,1993-07-22,1.68
4277,1993-07-23,1.7
4278,1993-07-26,1.71
4279,1993-07-27,1.67
4280,1993-07-28,1.69
4281,1993-07-29,1.69
4282,1993-07-30,1.7
4283,1993-08-02,1.66
4284,1993-08-03,1.66
4285,1993-08-04,1.71
4286,1993-08-05,1.74
4287,1993-08-06,1.77
4288,1993-08-09,1.76
4289,1993-08-10,1.72
4290,1993-08-11,1.65
4291,1993-08-12,1.71
4292,1993-08-13,1.72
4293,1993-08-16,1.7
4294,1993-08-17,1.68
4295,1993-08-18,1.71
4296,1993-08-19,1.71
4297,1993-08-20,1.68
4298,1993-08-23,1.63
4299,1993-08-24,1.65
4300,1993-08-25,1.66
4301,1993-08-26,1.6
4302,1993-08-27,1.61
4303,1993-08-30,1.58
4304,1993-08-31,1.57
4305,1993-09-01,1.58
4306,1993-09-02,1.58
4307,1993-09-03,1.6
4308,1993-09-07,1.53
4309,1993-09-08,1.45
4310,1993-09-09,1.47
4311,1993-09-10,1.49
4312,1993-09-13,1.44
4313,1993-09-14,1.46
4314,1993-09-15,1.5
4315,1993-09-16,1.49
4316,1993-09-17,1.49
4317,1993-09-20,1.5
4318,1993-09-21,1.57
4319,1993-09-22,1.55
4320,1993-09-23,1.55
4321,1993-09-24,1.52
4322,1993-09-27,1.49
4323,1993-09-28,1.49
4324,1993-09-29,1.51
4325,1993-09-30,1.51
4326,1993-10-01,1.5
4327,1993-10-04,1.49
4328,1993-10-05,1.49
4329,1993-10-06,1.5
4330,1993-10-07,1.5
4331,1993-10-08,1.48
4332,1993-10-12,1.45
4333,1993-10-13,1.43
4334,1993-10-14,1.41
4335,1993-10-15,1.38
4336,1993-10-18,1.43
4337,1993-10-19,1.41
4338,1993-10-20,1.4
4339,1993-10-21,1.46
4340,1993-10-22,1.51
4341,1993-10-25,1.52
4342,1993-10-26,1.5
4343,1993-10-27,1.45
4344,1993-10-28,1.44
4345,1993-10-29,1.44
4346,1993-11-01,1.45
4347,1993-11-02,1.47
4348,1993-11-03,1.54
4349,1993-11-04,1.54
4350,1993-11-05,1.55
4351,1993-11-08,1.57
4352,1993-11-09,1.52
4353,1993-11-10,1.55
4354,1993-11-12,1.55
4355,1993-11-15,1.58
4356,1993-11-16,1.56
4357,1993-11-17,1.56
4358,1993-11-18,1.57
4359,1993-11-19,1.62
4360,1993-11-22,1.63
4361,1993-11-23,1.63
4362,1993-11-24,1.66
4363,1993-11-26,1.62
4364,1993-11-29,1.59
4365,1993-11-30,1.61
4366,1993-12-01,1.62
4367,1993-12-02,1.59
4368,1993-12-03,1.56
4369,1993-12-06,1.53
4370,1993-12-07,1.54
4371,1993-12-08,1.53
4372,1993-12-09,1.5
4373,1993-12-10,1.52
4374,1993-12-13,1.55
4375,1993-12-14,1.57
4376,1993-12-15,1.61
4377,1993-12-16,1.61
4378,1993-12-17,1.61
4379,1993-12-20,1.61
4380,1993-12-21,1.59
4381,1993-12-22,1.55
4382,1993-12-23,1.54
4383,1993-12-27,1.52
4384,1993-12-28,1.52
4385,1993-12-29,1.54
4386,1993-12-30,1.57
4387,1993-12-31,1.58
4388,1994-01-03,1.62
4389,1994-01-04,1.59
4390,1994-01-05,1.59
4391,1994-01-06,1.6
4392,1994-01-07,1.61
4393,1994-01-10,1.59
4394,1994-01-11,1.59
4395,1994-01-12,1.55
4396,1994-01-13,1.58
4397,1994-01-14,1.61
4398,1994-01-18,1.6
4399,1994-01-19,1.64
4400,1994-01-20,1.64
4401,1994-01-21,1.64
4402,1994-01-24,1.65
4403,1994-01-25,1.67
4404,1994-01-26,1.64
4405,1994-01-27,1.62
4406,1994-01-28,1.6
4407,1994-01-31,1.58
4408,1994-02-01,1.57
4409,1994-02-02,1.57
4410,1994-02-03,1.53
4411,1994-02-04,1.52
4412,1994-02-07,1.55
4413,1994-02-08,1.57
4414,1994-02-09,1.49
4415,1994-02-10,1.46
4416,1994-02-11,1.44
4417,1994-02-14,1.46
4418,1994-02-15,1.44
4419,1994-02-16,1.45
4420,1994-02-17,1.5
4421,1994-02-18,1.52
4422,1994-02-22,1.48
4423,1994-02-23,1.46
4424,1994-02-24,1.5
4425,1994-02-25,1.49
4426,1994-02-28,1.48
4427,1994-03-01,1.47
4428,1994-03-02,1.51
4429,1994-03-03,1.52
4430,1994-03-04,1.5
4431,1994-03-07,1.45
4432,1994-03-08,1.46
4433,1994-03-09,1.42
4434,1994-03-10,1.52
4435,1994-03-11,1.51
4436,1994-03-14,1.51
4437,1994-03-15,1.48
4438,1994-03-16,1.44
4439,1994-03-17,1.46
4440,1994-03-18,1.46
4441,1994-03-21,1.46
4442,1994-03-22,1.41
4443,1994-03-23,1.44
4444,1994-03-24,1.5
4445,1994-03-25,1.51
4446,1994-03-28,1.51
4447,1994-03-29,1.52
4448,1994-03-30,1.59
4449,1994-03-31,1.56
4450,1994-04-04,1.59
4451,1994-04-05,1.52
4452,1994-04-06,1.53
4453,1994-04-07,1.49
4454,1994-04-08,1.51
4455,1994-04-11,1.49
4456,1994-04-12,1.47
4457,1994-04-13,1.5
4458,1994-04-14,1.48
4459,1994-04-15,1.46
4460,1994-04-18,1.44
4461,1994-04-19,1.4
4462,1994-04-20,1.38
4463,1994-04-21,1.32
4464,1994-04-22,1.31
4465,1994-04-25,1.25
4466,1994-04-26,1.27
4467,1994-04-28,1.29
4468,1994-04-29,1.33
4469,1994-05-02,1.28
4470,1994-05-03,1.27
4471,1994-05-04,1.25
4472,1994-05-05,1.23
4473,1994-05-06,1.23
4474,1994-05-09,1.23
4475,1994-05-10,1.2
4476,1994-05-11,1.2
4477,1994-05-12,1.23
4478,1994-05-13,1.24
4479,1994-05-16,1.21
4480,1994-05-17,1.15
4481,1994-05-18,1.2
4482,1994-05-19,1.23
4483,1994-05-20,1.22
4484,1994-05-23,1.25
4485,1994-05-24,1.23
4486,1994-05-25,1.19
4487,1994-05-26,1.17
4488,1994-05-27,1.15
4489,1994-05-31,1.16
4490,1994-06-01,1.14
4491,1994-06-02,1.14
4492,1994-06-03,1.14
4493,1994-06-06,1.13
4494,1994-06-07,1.15
4495,1994-06-08,1.18
4496,1994-06-09,1.18
4497,1994-06-10,1.18
4498,1994-06-13,1.16
4499,1994-06-14,1.19
4500,1994-06-15,1.22
4501,1994-06-16,1.24
4502,1994-06-17,1.26
4503,1994-06-20,1.24
4504,1994-06-21,1.18
4505,1994-06-22,1.16
4506,1994-06-23,1.16
4507,1994-06-24,1.16
4508,1994-06-27,1.13
4509,1994-06-28,1.13
4510,1994-06-29,1.12
4511,1994-06-30,1.15
4512,1994-07-01,1.15
4513,1994-07-05,1.17
4514,1994-07-06,1.21
4515,1994-07-07,1.19
4516,1994-07-08,1.17
4517,1994-07-11,1.18
4518,1994-07-12,1.19
4519,1994-07-13,1.19
4520,1994-07-14,1.2
4521,1994-07-15,1.21
4522,1994-07-18,1.21
4523,1994-07-19,1.21
4524,1994-07-20,1.19
4525,1994-07-21,1.16
4526,1994-07-22,1.14
4527,1994-07-25,1.14
4528,1994-07-26,1.12
4529,1994-07-27,1.12
4530,1994-07-28,1.08
4531,1994-07-29,1.13
4532,1994-08-01,1.1
4533,1994-08-02,1.13
4534,1994-08-03,1.13
4535,1994-08-04,1.14
4536,1994-08-05,1.1
4537,1994-08-08,1.06
4538,1994-08-09,1.07
4539,1994-08-10,1.09
4540,1994-08-11,1.1
4541,1994-08-12,1.05
4542,1994-08-15,1.04
4543,1994-08-16,0.98
4544,1994-08-17,1.01
4545,1994-08-18,1.05
4546,1994-08-19,1.04
4547,1994-08-22,1.04
4548,1994-08-23,1.02
4549,1994-08-24,1.04
4550,1994-08-25,1.05
4551,1994-08-26,1.03
4552,1994-08-29,1.04
4553,1994-08-30,1.02
4554,1994-08-31,1.02
4555,1994-09-01,1.04
4556,1994-09-02,1.04
4557,1994-09-06,1.05
4558,1994-09-07,1.07
4559,1994-09-08,1.08
4560,1994-09-09,1.09
4561,1994-09-12,1.09
4562,1994-09-13,1.09
4563,1994-09-14,1.08
4564,1994-09-15,1.07
4565,1994-09-16,1.1
4566,1994-09-19,1.1
4567,1994-09-20,1.09
4568,1994-09-21,1.04
4569,1994-09-22,1.06
4570,1994-09-23,1.05
4571,1994-09-26,1.03
4572,1994-09-27,1.09
4573,1994-09-28,1.06
4574,1994-09-29,1.04
4575,1994-09-30,1.0
4576,1994-10-03,0.97
4577,1994-10-04,1.02
4578,1994-10-05,1.04
4579,1994-10-06,1.07
4580,1994-10-07,1.05
4581,1994-10-11,1.02
4582,1994-10-12,1.02
4583,1994-10-13,1.01
4584,1994-10-14,1.04
4585,1994-10-17,1.01
4586,1994-10-18,1.03
4587,1994-10-19,1.02
4588,1994-10-20,1.03
4589,1994-10-21,1.01
4590,1994-10-24,1.02
4591,1994-10-25,1.01
4592,1994-10-26,0.98
4593,1994-10-27,0.99
4594,1994-10-28,1.0
4595,1994-10-31,0.97
4596,1994-11-01,0.98
4597,1994-11-02,1.0
4598,1994-11-03,0.98
4599,1994-11-04,0.99
4600,1994-11-07,0.99
4601,1994-11-08,0.99
4602,1994-11-09,0.93
4603,1994-11-10,0.92
4604,1994-11-14,0.88
4605,1994-11-15,0.82
4606,1994-11-16,0.82
4607,1994-11-17,0.82
4608,1994-11-18,0.78
4609,1994-11-21,0.73
4610,1994-11-22,0.71
4611,1994-11-23,0.63
4612,1994-11-25,0.61
4613,1994-11-28,0.53
4614,1994-11-29,0.51
4615,1994-11-30,0.51
4616,1994-12-01,0.5
4617,1994-12-02,0.37
4618,1994-12-05,0.25
4619,1994-12-06,0.29
4620,1994-12-07,0.33
4621,1994-12-08,0.28
4622,1994-12-09,0.26
4623,1994-12-12,0.23
4624,1994-12-13,0.12
4625,1994-12-14,0.21
4626,1994-12-15,0.25
4627,1994-12-16,0.22
4628,1994-12-19,0.22
4629,1994-12-20,0.25
4630,1994-12-21,0.22
4631,1994-12-22,0.14
4632,1994-12-23,0.11
4633,1994-12-27,0.09
4634,1994-12-28,0.09
4635,1994-12-29,0.13
4636,1994-12-30,0.15
4637,1995-01-03,0.15
4638,1995-01-04,0.2
4639,1995-01-05,0.22
4640,1995-01-06,0.23
4641,1995-01-09,0.21
4642,1995-01-10,0.21
4643,1995-01-11,0.21
4644,1995-01-12,0.24
4645,1995-01-13,0.3
4646,1995-01-17,0.26
4647,1995-01-18,0.23
4648,1995-01-19,0.25
4649,1995-01-20,0.32
4650,1995-01-23,0.33
4651,1995-01-24,0.29
4652,1995-01-25,0.3
4653,1995-01-26,0.37
4654,1995-01-27,0.37
4655,1995-01-30,0.42
4656,1995-01-31,0.34
4657,1995-02-01,0.33
4658,1995-02-02,0.28
4659,1995-02-03,0.35
4660,1995-02-06,0.35
4661,1995-02-07,0.33
4662,1995-02-08,0.35
4663,1995-02-09,0.35
4664,1995-02-10,0.29
4665,1995-02-13,0.29
4666,1995-02-14,0.3
4667,1995-02-15,0.33
4668,1995-02-16,0.38
4669,1995-02-17,0.36
4670,1995-02-21,0.35
4671,1995-02-22,0.42
4672,1995-02-23,0.42
4673,1995-02-24,0.44
4674,1995-02-27,0.45
4675,1995-02-28,0.43
4676,1995-03-01,0.42
4677,1995-03-02,0.42
4678,1995-03-03,0.47
4679,1995-03-06,0.45
4680,1995-03-07,0.44
4681,1995-03-08,0.43
4682,1995-03-09,0.47
4683,1995-03-10,0.4
4684,1995-03-13,0.43
4685,1995-03-14,0.4
4686,1995-03-15,0.38
4687,1995-03-16,0.37
4688,1995-03-17,0.43
4689,1995-03-20,0.43
4690,1995-03-21,0.45
4691,1995-03-22,0.46
4692,1995-03-23,0.46
4693,1995-03-24,0.45
4694,1995-03-27,0.43
4695,1995-03-28,0.43
4696,1995-03-29,0.43
4697,1995-03-30,0.42
4698,1995-03-31,0.4
4699,1995-04-03,0.39
4700,1995-04-04,0.41
4701,1995-04-05,0.42
4702,1995-04-06,0.43
4703,1995-04-07,0.46
4704,1995-04-10,0.46
4705,1995-04-11,0.44
4706,1995-04-12,0.45
4707,1995-04-13,0.52
4708,1995-04-17,0.56
4709,1995-04-18,0.6
4710,1995-04-19,0.55
4711,1995-04-20,0.59
4712,1995-04-21,0.57
4713,1995-04-24,0.55
4714,1995-04-25,0.53
4715,1995-04-26,0.51
4716,1995-04-27,0.49
4717,1995-04-28,0.47
4718,1995-05-01,0.47
4719,1995-05-02,0.49
4720,1995-05-03,0.49
4721,1995-05-04,0.5
4722,1995-05-05,0.53
4723,1995-05-08,0.52
4724,1995-05-09,0.53
4725,1995-05-10,0.55
4726,1995-05-11,0.48
4727,1995-05-12,0.47
4728,1995-05-15,0.46
4729,1995-05-16,0.46
4730,1995-05-17,0.42
4731,1995-05-18,0.43
4732,1995-05-19,0.42
4733,1995-05-22,0.44
4734,1995-05-23,0.42
4735,1995-05-24,0.43
4736,1995-05-25,0.4
4737,1995-05-26,0.43
4738,1995-05-30,0.41
4739,1995-05-31,0.41
4740,1995-06-01,0.49
4741,1995-06-02,0.56
4742,1995-06-05,0.54
4743,1995-06-06,0.51
4744,1995-06-07,0.46
4745,1995-06-08,0.4
4746,1995-06-09,0.39
4747,1995-06-12,0.41
4748,1995-06-13,0.51
4749,1995-06-14,0.48
4750,1995-06-15,0.45
4751,1995-06-16,0.44
4752,1995-06-19,0.48
4753,1995-06-20,0.44
4754,1995-06-21,0.45
4755,1995-06-22,0.43
4756,1995-06-23,0.42
4757,1995-06-26,0.4
4758,1995-06-27,0.45
4759,1995-06-28,0.43
4760,1995-06-29,0.39
4761,1995-06-30,0.42
4762,1995-07-03,0.42
4763,1995-07-05,0.41
4764,1995-07-06,0.49
4765,1995-07-07,0.5
4766,1995-07-10,0.48
4767,1995-07-11,0.5
4768,1995-07-12,0.51
4769,1995-07-13,0.48
4770,1995-07-14,0.45
4771,1995-07-17,0.45
4772,1995-07-18,0.48
4773,1995-07-19,0.54
4774,1995-07-20,0.52
4775,1995-07-21,0.58
4776,1995-07-24,0.49
4777,1995-07-25,0.49
4778,1995-07-26,0.51
4779,1995-07-27,0.52
4780,1995-07-28,0.57
4781,1995-07-31,0.57
4782,1995-08-01,0.56
4783,1995-08-02,0.58
4784,1995-08-03,0.59
4785,1995-08-04,0.59
4786,1995-08-07,0.58
4787,1995-08-08,0.57
4788,1995-08-09,0.54
4789,1995-08-10,0.56
4790,1995-08-11,0.54
4791,1995-08-14,0.54
4792,1995-08-15,0.46
4793,1995-08-16,0.47
4794,1995-08-17,0.45
4795,1995-08-18,0.44
4796,1995-08-21,0.46
4797,1995-08-22,0.47
4798,1995-08-23,0.49
4799,1995-08-24,0.5
4800,1995-08-25,0.48
4801,1995-08-28,0.49
4802,1995-08-29,0.43
4803,1995-08-30,0.45
4804,1995-08-31,0.43
4805,1995-09-01,0.44
4806,1995-09-05,0.41
4807,1995-09-06,0.41
4808,1995-09-07,0.41
4809,1995-09-08,0.39
4810,1995-09-11,0.41
4811,1995-09-12,0.39
4812,1995-09-13,0.38
4813,1995-09-14,0.4
4814,1995-09-15,0.4
4815,1995-09-18,0.4
4816,1995-09-19,0.39
4817,1995-09-20,0.37
4818,1995-09-21,0.38
4819,1995-09-22,0.4
4820,1995-09-25,0.37
4821,1995-09-26,0.4
4822,1995-09-27,0.38
4823,1995-09-28,0.36
4824,1995-09-29,0.34
4825,1995-10-02,0.33
4826,1995-10-03,0.33
4827,1995-10-04,0.37
4828,1995-10-05,0.34
4829,1995-10-06,0.33
4830,1995-10-10,0.33
4831,1995-10-11,0.34
4832,1995-10-12,0.35
4833,1995-10-13,0.3
4834,1995-10-16,0.3
4835,1995-10-17,0.32
4836,1995-10-18,0.32
4837,1995-10-19,0.31
4838,1995-10-20,0.32
4839,1995-10-23,0.31
4840,1995-10-24,0.34
4841,1995-10-25,0.36
4842,1995-10-26,0.45
4843,1995-10-27,0.41
4844,1995-10-30,0.42
4845,1995-10-31,0.42
4846,1995-11-01,0.46
4847,1995-11-02,0.46
4848,1995-11-03,0.45
4849,1995-11-06,0.45
4850,1995-11-07,0.45
4851,1995-11-08,0.45
4852,1995-11-09,0.48
4853,1995-11-10,0.48
4854,1995-11-13,0.49
4855,1995-11-14,0.5
4856,1995-11-15,0.47
4857,1995-11-16,0.47
4858,1995-11-17,0.46
4859,1995-11-20,0.47
4860,1995-11-21,0.43
4861,1995-11-22,0.42
4862,1995-11-24,0.42
4863,1995-11-27,0.42
4864,1995-11-28,0.43
4865,1995-11-29,0.42
4866,1995-11-30,0.4
4867,1995-12-01,0.39
4868,1995-12-04,0.36
4869,1995-12-05,0.36
4870,1995-12-06,0.35
4871,1995-12-07,0.33
4872,1995-12-08,0.34
4873,1995-12-11,0.33
4874,1995-12-12,0.33
4875,1995-12-13,0.35
4876,1995-12-14,0.36
4877,1995-12-15,0.39
4878,1995-12-18,0.42
4879,1995-12-19,0.45
4880,1995-12-20,0.43
4881,1995-12-21,0.44
4882,1995-12-22,0.43
4883,1995-12-26,0.42
4884,1995-12-27,0.43
4885,1995-12-28,0.43
4886,1995-12-29,0.4
4887,1996-01-02,0.42
4888,1996-01-03,0.41
4889,1996-01-04,0.48
4890,1996-01-05,0.49
4891,1996-01-08,0.48
4892,1996-01-09,0.52
4893,1996-01-10,0.58
4894,1996-01-11,0.56
4895,1996-01-12,0.58
4896,1996-01-16,0.58
4897,1996-01-17,0.53
4898,1996-01-18,0.52
4899,1996-01-19,0.51
4900,1996-01-22,0.53
4901,1996-01-23,0.57
4902,1996-01-24,0.55
4903,1996-01-25,0.59
4904,1996-01-26,0.57
4905,1996-01-29,0.59
4906,1996-01-30,0.61
4907,1996-01-31,0.67
4908,1996-02-01,0.7
4909,1996-02-02,0.76
4910,1996-02-05,0.75
4911,1996-02-06,0.75
4912,1996-02-07,0.74
4913,1996-02-08,0.76
4914,1996-02-09,0.81
4915,1996-02-12,0.78
4916,1996-02-13,0.78
4917,1996-02-14,0.8
4918,1996-02-15,0.83
4919,1996-02-16,0.86
4920,1996-02-20,0.83
4921,1996-02-21,0.82
4922,1996-02-22,0.81
4923,1996-02-23,0.84
4924,1996-02-26,0.83
4925,1996-02-27,0.78
4926,1996-02-28,0.68
4927,1996-02-29,0.69
4928,1996-03-01,0.73
4929,1996-03-04,0.71
4930,1996-03-05,0.68
4931,1996-03-06,0.69
4932,1996-03-07,0.67
4933,1996-03-08,0.68
4934,1996-03-11,0.62
4935,1996-03-12,0.58
4936,1996-03-13,0.62
4937,1996-03-14,0.66
4938,1996-03-15,0.59
4939,1996-03-18,0.54
4940,1996-03-19,0.56
4941,1996-03-20,0.58
4942,1996-03-21,0.56
4943,1996-03-22,0.58
4944,1996-03-25,0.57
4945,1996-03-26,0.53
4946,1996-03-27,0.53
4947,1996-03-28,0.53
4948,1996-03-29,0.55
4949,1996-04-01,0.52
4950,1996-04-02,0.51
4951,1996-04-03,0.5
4952,1996-04-04,0.5
4953,1996-04-05,0.48
4954,1996-04-08,0.52
4955,1996-04-09,0.5
4956,1996-04-10,0.53
4957,1996-04-11,0.56
4958,1996-04-12,0.56
4959,1996-04-15,0.54
4960,1996-04-16,0.57
4961,1996-04-17,0.56
4962,1996-04-18,0.56
4963,1996-04-19,0.58
4964,1996-04-22,0.56
4965,1996-04-23,0.59
4966,1996-04-24,0.62
4967,1996-04-25,0.57
4968,1996-04-26,0.62
4969,1996-04-29,0.61
4970,1996-04-30,0.63
4971,1996-05-01,0.65
4972,1996-05-02,0.69
4973,1996-05-03,0.7
4974,1996-05-06,0.71
4975,1996-05-07,0.67
4976,1996-05-08,0.63
4977,1996-05-09,0.7
4978,1996-05-10,0.71
4979,1996-05-13,0.66
4980,1996-05-14,0.65
4981,1996-05-15,0.64
4982,1996-05-16,0.62
4983,1996-05-17,0.61
4984,1996-05-20,0.6
4985,1996-05-21,0.62
4986,1996-05-22,0.6
4987,1996-05-23,0.63
4988,1996-05-24,0.62
4989,1996-05-28,0.62
4990,1996-05-29,0.61
4991,1996-05-30,0.6
4992,1996-05-31,0.58
4993,1996-06-03,0.61
4994,1996-06-04,0.62
4995,1996-06-05,0.58
4996,1996-06-06,0.6
4997,1996-06-07,0.53
4998,1996-06-10,0.57
4999,1996-06-11,0.62
5000,1996-06-12,0.64
5001,1996-06-13,0.65
5002,1996-06-14,0.66
5003,1996-06-17,0.63
5004,1996-06-18,0.65
5005,1996-06-19,0.65
5006,1996-06-20,0.6
5007,1996-06-21,0.61
5008,1996-06-24,0.62
5009,1996-06-25,0.61
5010,1996-06-26,0.61
5011,1996-06-27,0.62
5012,1996-06-28,0.62
5013,1996-07-01,0.59
5014,1996-07-02,0.58
5015,1996-07-03,0.58
5016,1996-07-05,0.62
5017,1996-07-08,0.62
5018,1996-07-09,0.59
5019,1996-07-10,0.61
5020,1996-07-11,0.62
5021,1996-07-12,0.59
5022,1996-07-15,0.57
5023,1996-07-16,0.61
5024,1996-07-17,0.6
5025,1996-07-18,0.56
5026,1996-07-19,0.6
5027,1996-07-22,0.61
5028,1996-07-23,0.57
5029,1996-07-24,0.61
5030,1996-07-25,0.59
5031,1996-07-26,0.6
5032,1996-07-29,0.61
5033,1996-07-30,0.59
5034,1996-07-31,0.58
5035,1996-08-01,0.57
5036,1996-08-02,0.6
5037,1996-08-05,0.6
5038,1996-08-06,0.61
5039,1996-08-07,0.58
5040,1996-08-08,0.59
5041,1996-08-09,0.57
5042,1996-08-12,0.57
5043,1996-08-13,0.6
5044,1996-08-14,0.61
5045,1996-08-15,0.62
5046,1996-08-16,0.61
5047,1996-08-19,0.62
5048,1996-08-20,0.62
5049,1996-08-21,0.62
5050,1996-08-22,0.62
5051,1996-08-23,0.63
5052,1996-08-26,0.62
5053,1996-08-27,0.61
5054,1996-08-28,0.62
5055,1996-08-29,0.63
5056,1996-08-30,0.62
5057,1996-09-03,0.57
5058,1996-09-04,0.56
5059,1996-09-05,0.6
5060,1996-09-06,0.61
5061,1996-09-09,0.58
5062,1996-09-10,0.6
5063,1996-09-11,0.6
5064,1996-09-12,0.61
5065,1996-09-13,0.64
5066,1996-09-16,0.59
5067,1996-09-17,0.59
5068,1996-09-18,0.57
5069,1996-09-19,0.58
5070,1996-09-20,0.59
5071,1996-09-23,0.59
5072,1996-09-24,0.61
5073,1996-09-25,0.63
5074,1996-09-26,0.61
5075,1996-09-27,0.61
5076,1996-09-30,0.62
5077,1996-10-01,0.62
5078,1996-10-02,0.63
5079,1996-10-03,0.61
5080,1996-10-04,0.63
5081,1996-10-07,0.64
5082,1996-10-08,0.63
5083,1996-10-09,0.59
5084,1996-10-10,0.6
5085,1996-10-11,0.63
5086,1996-10-15,0.63
5087,1996-10-16,0.63
5088,1996-10-17,0.62
5089,1996-10-18,0.61
5090,1996-10-21,0.61
5091,1996-10-22,0.61
5092,1996-10-23,0.62
5093,1996-10-24,0.63
5094,1996-10-25,0.64
5095,1996-10-28,0.64
5096,1996-10-29,0.63
5097,1996-10-30,0.61
5098,1996-10-31,0.6
5099,1996-11-01,0.59
5100,1996-11-04,0.58
5101,1996-11-05,0.54
5102,1996-11-06,0.54
5103,1996-11-07,0.51
5104,1996-11-08,0.53
5105,1996-11-12,0.46
5106,1996-11-13,0.49
5107,1996-11-14,0.49
5108,1996-11-15,0.51
5109,1996-11-18,0.5
5110,1996-11-19,0.49
5111,1996-11-20,0.49
5112,1996-11-21,0.48
5113,1996-11-22,0.46
5114,1996-11-25,0.46
5115,1996-11-26,0.47
5116,1996-11-27,0.48
5117,1996-11-29,0.47
5118,1996-12-02,0.47
5119,1996-12-03,0.45
5120,1996-12-04,0.47
5121,1996-12-05,0.51
5122,1996-12-06,0.53
5123,1996-12-09,0.51
5124,1996-12-10,0.52
5125,1996-12-11,0.56
5126,1996-12-12,0.56
5127,1996-12-13,0.56
5128,1996-12-16,0.57
5129,1996-12-17,0.55
5130,1996-12-18,0.57
5131,1996-12-19,0.53
5132,1996-12-20,0.52
5133,1996-12-23,0.49
5134,1996-12-24,0.51
5135,1996-12-26,0.5
5136,1996-12-27,0.49
5137,1996-12-30,0.51
5138,1996-12-31,0.55
5139,1997-01-02,0.57
5140,1997-01-03,0.57
5141,1997-01-06,0.57
5142,1997-01-07,0.59
5143,1997-01-08,0.59
5144,1997-01-09,0.58
5145,1997-01-10,0.57
5146,1997-01-13,0.56
5147,1997-01-14,0.55
5148,1997-01-15,0.55
5149,1997-01-16,0.57
5150,1997-01-17,0.56
5151,1997-01-21,0.53
5152,1997-01-22,0.56
5153,1997-01-23,0.54
5154,1997-01-24,0.57
5155,1997-01-27,0.58
5156,1997-01-28,0.6
5157,1997-01-29,0.59
5158,1997-01-30,0.6
5159,1997-01-31,0.59
5160,1997-02-03,0.58
5161,1997-02-04,0.57
5162,1997-02-05,0.56
5163,1997-02-06,0.58
5164,1997-02-07,0.57
5165,1997-02-10,0.56
5166,1997-02-11,0.55
5167,1997-02-12,0.49
5168,1997-02-13,0.49
5169,1997-02-14,0.49
5170,1997-02-18,0.48
5171,1997-02-19,0.48
5172,1997-02-20,0.53
5173,1997-02-21,0.51
5174,1997-02-24,0.5
5175,1997-02-25,0.5
5176,1997-02-26,0.5
5177,1997-02-27,0.49
5178,1997-02-28,0.47
5179,1997-03-03,0.47
5180,1997-03-04,0.49
5181,1997-03-05,0.47
5182,1997-03-06,0.47
5183,1997-03-07,0.47
5184,1997-03-10,0.46
5185,1997-03-11,0.48
5186,1997-03-12,0.48
5187,1997-03-13,0.51
5188,1997-03-14,0.53
5189,1997-03-17,0.5
5190,1997-03-18,0.5
5191,1997-03-19,0.5
5192,1997-03-20,0.48
5193,1997-03-21,0.45
5194,1997-03-24,0.43
5195,1997-03-25,0.42
5196,1997-03-26,0.42
5197,1997-03-27,0.45
5198,1997-03-31,0.47
5199,1997-04-01,0.48
5200,1997-04-02,0.46
5201,1997-04-03,0.46
5202,1997-04-04,0.48
5203,1997-04-07,0.46
5204,1997-04-08,0.47
5205,1997-04-09,0.47
5206,1997-04-10,0.45
5207,1997-04-11,0.45
5208,1997-04-14,0.44
5209,1997-04-15,0.43
5210,1997-04-16,0.41
5211,1997-04-17,0.42
5212,1997-04-18,0.42
5213,1997-04-21,0.41
5214,1997-04-22,0.41
5215,1997-04-23,0.42
5216,1997-04-24,0.41
5217,1997-04-25,0.4
5218,1997-04-28,0.41
5219,1997-04-29,0.43
5220,1997-04-30,0.43
5221,1997-05-01,0.42
5222,1997-05-02,0.42
5223,1997-05-05,0.39
5224,1997-05-06,0.38
5225,1997-05-07,0.4
5226,1997-05-08,0.39
5227,1997-05-09,0.43
5228,1997-05-12,0.42
5229,1997-05-13,0.41
5230,1997-05-14,0.42
5231,1997-05-15,0.42
5232,1997-05-16,0.42
5233,1997-05-19,0.43
5234,1997-05-20,0.45
5235,1997-05-21,0.49
5236,1997-05-22,0.49
5237,1997-05-23,0.49
5238,1997-05-27,0.49
5239,1997-05-28,0.46
5240,1997-05-29,0.45
5241,1997-05-30,0.45
5242,1997-06-02,0.43
5243,1997-06-03,0.43
5244,1997-06-04,0.42
5245,1997-06-05,0.42
5246,1997-06-06,0.39
5247,1997-06-09,0.4
5248,1997-06-10,0.4
5249,1997-06-11,0.37
5250,1997-06-12,0.41
5251,1997-06-13,0.4
5252,1997-06-16,0.38
5253,1997-06-17,0.38
5254,1997-06-18,0.38
5255,1997-06-19,0.36
5256,1997-06-20,0.35
5257,1997-06-23,0.36
5258,1997-06-24,0.39
5259,1997-06-25,0.4
5260,1997-06-26,0.45
5261,1997-06-27,0.43
5262,1997-06-30,0.43
5263,1997-07-01,0.43
5264,1997-07-02,0.4
5265,1997-07-03,0.38
5266,1997-07-07,0.35
5267,1997-07-08,0.35
5268,1997-07-09,0.35
5269,1997-07-10,0.35
5270,1997-07-11,0.34
5271,1997-07-14,0.32
5272,1997-07-15,0.34
5273,1997-07-16,0.33
5274,1997-07-17,0.32
5275,1997-07-18,0.33
5276,1997-07-21,0.33
5277,1997-07-22,0.25
5278,1997-07-23,0.29
5279,1997-07-24,0.29
5280,1997-07-25,0.31
5281,1997-07-28,0.3
5282,1997-07-29,0.32
5283,1997-07-30,0.29
5284,1997-07-31,0.28
5285,1997-08-01,0.31
5286,1997-08-04,0.32
5287,1997-08-05,0.3
5288,1997-08-06,0.3
5289,1997-08-07,0.31
5290,1997-08-08,0.36
5291,1997-08-11,0.37
5292,1997-08-12,0.39
5293,1997-08-13,0.41
5294,1997-08-14,0.35
5295,1997-08-15,0.4
5296,1997-08-18,0.39
5297,1997-08-19,0.36
5298,1997-08-20,0.36
5299,1997-08-21,0.35
5300,1997-08-22,0.4
5301,1997-08-25,0.38
5302,1997-08-26,0.39
5303,1997-08-27,0.37
5304,1997-08-28,0.36
5305,1997-08-29,0.37
5306,1997-09-02,0.37
5307,1997-09-03,0.37
5308,1997-09-04,0.35
5309,1997-09-05,0.39
5310,1997-09-08,0.35
5311,1997-09-09,0.36
5312,1997-09-10,0.37
5313,1997-09-11,0.39
5314,1997-09-12,0.36
5315,1997-09-15,0.35
5316,1997-09-16,0.3
5317,1997-09-17,0.31
5318,1997-09-18,0.3
5319,1997-09-19,0.28
5320,1997-09-22,0.27
5321,1997-09-23,0.3
5322,1997-09-24,0.26
5323,1997-09-25,0.28
5324,1997-09-26,0.28
5325,1997-09-29,0.3
5326,1997-09-30,0.32
5327,1997-10-01,0.29
5328,1997-10-02,0.28
5329,1997-10-03,0.29
5330,1997-10-06,0.28
5331,1997-10-07,0.27
5332,1997-10-08,0.29
5333,1997-10-09,0.29
5334,1997-10-10,0.29
5335,1997-10-14,0.26
5336,1997-10-15,0.26
5337,1997-10-16,0.25
5338,1997-10-17,0.26
5339,1997-10-20,0.25
5340,1997-10-21,0.22
5341,1997-10-22,0.21
5342,1997-10-23,0.25
5343,1997-10-24,0.22
5344,1997-10-27,0.29
5345,1997-10-28,0.24
5346,1997-10-29,0.24
5347,1997-10-30,0.23
5348,1997-10-31,0.21
5349,1997-11-03,0.22
5350,1997-11-04,0.22
5351,1997-11-05,0.22
5352,1997-11-06,0.2
5353,1997-11-07,0.19
5354,1997-11-10,0.18
5355,1997-11-12,0.19
5356,1997-11-13,0.17
5357,1997-11-14,0.16
5358,1997-11-17,0.15
5359,1997-11-18,0.14
5360,1997-11-19,0.12
5361,1997-11-20,0.11
5362,1997-11-21,0.14
5363,1997-11-24,0.15
5364,1997-11-25,0.14
5365,1997-11-26,0.12
5366,1997-11-28,0.1
5367,1997-12-01,0.08
5368,1997-12-02,0.08
5369,1997-12-03,0.09
5370,1997-12-04,0.13
5371,1997-12-05,0.12
5372,1997-12-08,0.11
5373,1997-12-09,0.14
5374,1997-12-10,0.15
5375,1997-12-11,0.14
5376,1997-12-12,0.11
5377,1997-12-15,0.1
5378,1997-12-16,0.09
5379,1997-12-17,0.11
5380,1997-12-18,0.08
5381,1997-12-19,0.06
5382,1997-12-22,0.03
5383,1997-12-23,0.04
5384,1997-12-24,0.09
5385,1997-12-26,0.06
5386,1997-12-29,0.07
5387,1997-12-30,0.09
5388,1997-12-31,0.09
5389,1998-01-02,0.08
5390,1998-01-05,0.05
5391,1998-01-06,0.1
5392,1998-01-07,0.13
5393,1998-01-08,0.18
5394,1998-01-09,0.23
5395,1998-01-12,0.19
5396,1998-01-13,0.16
5397,1998-01-14,0.16
5398,1998-01-15,0.19
5399,1998-01-16,0.19
5400,1998-01-20,0.2
5401,1998-01-21,0.21
5402,1998-01-22,0.26
5403,1998-01-23,0.28
5404,1998-01-26,0.24
5405,1998-01-27,0.24
5406,1998-01-28,0.23
5407,1998-01-29,0.22
5408,1998-01-30,0.21
5409,1998-02-02,0.21
5410,1998-02-03,0.22
5411,1998-02-04,0.25
5412,1998-02-05,0.26
5413,1998-02-06,0.24
5414,1998-02-09,0.24
5415,1998-02-10,0.23
5416,1998-02-11,0.14
5417,1998-02-12,0.13
5418,1998-02-13,0.13
5419,1998-02-17,0.1
5420,1998-02-18,0.12
5421,1998-02-19,0.12
5422,1998-02-20,0.13
5423,1998-02-23,0.12
5424,1998-02-24,0.12
5425,1998-02-25,0.08
5426,1998-02-26,0.07
5427,1998-02-27,0.07
5428,1998-03-02,0.12
5429,1998-03-03,0.13
5430,1998-03-04,0.13
5431,1998-03-05,0.16
5432,1998-03-06,0.15
5433,1998-03-09,0.1
5434,1998-03-10,0.12
5435,1998-03-11,0.1
5436,1998-03-12,0.06
5437,1998-03-13,0.08
5438,1998-03-16,0.07
5439,1998-03-17,0.06
5440,1998-03-18,0.06
5441,1998-03-19,0.06
5442,1998-03-20,0.05
5443,1998-03-23,0.05
5444,1998-03-24,0.08
5445,1998-03-25,0.06
5446,1998-03-26,0.06
5447,1998-03-27,0.05
5448,1998-03-30,0.07
5449,1998-03-31,0.07
5450,1998-04-01,0.07
5451,1998-04-02,0.04
5452,1998-04-03,0.05
5453,1998-04-06,0.06
5454,1998-04-07,0.08
5455,1998-04-08,0.09
5456,1998-04-09,0.09
5457,1998-04-13,0.07
5458,1998-04-14,0.06
5459,1998-04-15,0.05
5460,1998-04-16,0.06
5461,1998-04-17,0.05
5462,1998-04-20,0.08
5463,1998-04-21,0.08
5464,1998-04-22,0.08
5465,1998-04-23,0.08
5466,1998-04-24,0.06
5467,1998-04-27,0.09
5468,1998-04-28,0.11
5469,1998-04-29,0.1
5470,1998-04-30,0.09
5471,1998-05-01,0.08
5472,1998-05-04,0.08
5473,1998-05-05,0.09
5474,1998-05-06,0.11
5475,1998-05-07,0.11
5476,1998-05-08,0.1
5477,1998-05-11,0.13
5478,1998-05-12,0.11
5479,1998-05-13,0.05
5480,1998-05-14,0.04
5481,1998-05-15,0.05
5482,1998-05-18,0.05
5483,1998-05-19,0.06
5484,1998-05-20,0.04
5485,1998-05-21,0.02
5486,1998-05-22,0.01
5487,1998-05-26,-0.02
5488,1998-05-27,0.03
5489,1998-05-28,0.01
5490,1998-05-29,0.03
5491,1998-06-01,0.01
5492,1998-06-02,0.03
5493,1998-06-03,0.02
5494,1998-06-04,0.01
5495,1998-06-05,0.0
5496,1998-06-08,0.0
5497,1998-06-09,-0.01
5498,1998-06-10,-0.04
5499,1998-06-11,-0.01
5500,1998-06-12,0.0
5501,1998-06-15,-0.05
5502,1998-06-16,-0.05
5503,1998-06-17,-0.01
5504,1998-06-18,-0.03
5505,1998-06-19,-0.05
5506,1998-06-22,-0.06
5507,1998-06-23,-0.04
5508,1998-06-24,-0.03
5509,1998-06-25,-0.07
5510,1998-06-26,-0.05
5511,1998-06-29,-0.04
5512,1998-06-30,-0.05
5513,1998-07-01,-0.02
5514,1998-07-02,-0.02
5515,1998-07-06,-0.04
5516,1998-07-07,-0.02
5517,1998-07-08,-0.01
5518,1998-07-09,-0.02
5519,1998-07-10,0.01
5520,1998-07-13,0.02
5521,1998-07-14,0.03
5522,1998-07-15,0.02
5523,1998-07-16,0.04
5524,1998-07-17,0.05
5525,1998-07-20,0.02
5526,1998-07-21,-0.01
5527,1998-07-22,-0.02
5528,1998-07-23,-0.01
5529,1998-07-24,-0.03
5530,1998-07-27,-0.01
5531,1998-07-28,0.04
5532,1998-07-29,0.03
5533,1998-07-30,0.01
5534,1998-07-31,0.01
5535,1998-08-03,0.0
5536,1998-08-04,0.0
5537,1998-08-05,0.04
5538,1998-08-06,0.05
5539,1998-08-07,0.06
5540,1998-08-10,0.07
5541,1998-08-11,0.06
5542,1998-08-12,0.08
5543,1998-08-13,0.07
5544,1998-08-14,0.06
5545,1998-08-17,0.06
5546,1998-08-18,0.05
5547,1998-08-19,0.08
5548,1998-08-20,0.06
5549,1998-08-21,0.07
5550,1998-08-24,0.08
5551,1998-08-25,0.07
5552,1998-08-26,0.14
5553,1998-08-27,0.14
5554,1998-08-28,0.16
5555,1998-08-31,0.14
5556,1998-09-01,0.19
5557,1998-09-02,0.14
5558,1998-09-03,0.12
5559,1998-09-04,0.11
5560,1998-09-08,0.13
5561,1998-09-09,0.16
5562,1998-09-10,0.19
5563,1998-09-11,0.17
5564,1998-09-14,0.15
5565,1998-09-15,0.17
5566,1998-09-16,0.13
5567,1998-09-17,0.1
5568,1998-09-18,0.09
5569,1998-09-21,0.06
5570,1998-09-22,0.07
5571,1998-09-23,0.17
5572,1998-09-24,0.21
5573,1998-09-25,0.17
5574,1998-09-28,0.16
5575,1998-09-29,0.12
5576,1998-09-30,0.14
5577,1998-10-01,0.16
5578,1998-10-02,0.14
5579,1998-10-05,0.12
5580,1998-10-06,0.14
5581,1998-10-07,0.22
5582,1998-10-08,0.46
5583,1998-10-09,0.58
5584,1998-10-13,0.6
5585,1998-10-14,0.5
5586,1998-10-15,0.45
5587,1998-10-16,0.58
5588,1998-10-19,0.57
5589,1998-10-20,0.59
5590,1998-10-21,0.47
5591,1998-10-22,0.46
5592,1998-10-23,0.5
5593,1998-10-26,0.5
5594,1998-10-27,0.51
5595,1998-10-28,0.59
5596,1998-10-29,0.54
5597,1998-10-30,0.52
5598,1998-11-02,0.51
5599,1998-11-03,0.53
5600,1998-11-04,0.4
5601,1998-11-05,0.35
5602,1998-11-06,0.34
5603,1998-11-09,0.31
5604,1998-11-10,0.31
5605,1998-11-12,0.3
5606,1998-11-13,0.28
5607,1998-11-16,0.29
5608,1998-11-17,0.29
5609,1998-11-18,0.22
5610,1998-11-19,0.19
5611,1998-11-20,0.16
5612,1998-11-23,0.21
5613,1998-11-24,0.21
5614,1998-11-25,0.17
5615,1998-11-27,0.19
5616,1998-11-30,0.2
5617,1998-12-01,0.23
5618,1998-12-02,0.23
5619,1998-12-03,0.22
5620,1998-12-04,0.16
5621,1998-12-07,0.15
5622,1998-12-08,0.14
5623,1998-12-09,0.14
5624,1998-12-10,0.14
5625,1998-12-11,0.15
5626,1998-12-14,0.16
5627,1998-12-15,0.15
5628,1998-12-16,0.18
5629,1998-12-17,0.16
5630,1998-12-18,0.13
5631,1998-12-21,0.08
5632,1998-12-22,0.11
5633,1998-12-23,0.08
5634,1998-12-24,0.08
5635,1998-12-28,0.05
5636,1998-12-29,0.11
5637,1998-12-30,0.09
5638,1998-12-31,0.11
5639,1999-01-04,0.11
5640,1999-01-05,0.1
5641,1999-01-06,0.11
5642,1999-01-07,0.14
5643,1999-01-08,0.15
5644,1999-01-11,0.16
5645,1999-01-12,0.14
5646,1999-01-13,0.13
5647,1999-01-14,0.16
5648,1999-01-15,0.1
5649,1999-01-19,0.09
5650,1999-01-20,0.1
5651,1999-01-21,0.07
5652,1999-01-22,0.05
5653,1999-01-25,0.08
5654,1999-01-26,0.06
5655,1999-01-27,0.11
5656,1999-01-28,0.09
5657,1999-01-29,0.08
5658,1999-02-01,0.1
5659,1999-02-02,0.09
5660,1999-02-03,0.11
5661,1999-02-04,0.12
5662,1999-02-05,0.14
5663,1999-02-08,0.14
5664,1999-02-09,0.12
5665,1999-02-10,0.13
5666,1999-02-11,0.13
5667,1999-02-12,0.15
5668,1999-02-16,0.1
5669,1999-02-17,0.09
5670,1999-02-18,0.11
5671,1999-02-19,0.12
5672,1999-02-22,0.12
5673,1999-02-23,0.1
5674,1999-02-24,0.13
5675,1999-02-25,0.17
5676,1999-02-26,0.16
5677,1999-03-01,0.2
5678,1999-03-02,0.17
5679,1999-03-03,0.2
5680,1999-03-04,0.21
5681,1999-03-05,0.2
5682,1999-03-08,0.17
5683,1999-03-09,0.16
5684,1999-03-10,0.16
5685,1999-03-11,0.16
5686,1999-03-12,0.16
5687,1999-03-15,0.16
5688,1999-03-16,0.14
5689,1999-03-17,0.13
5690,1999-03-18,0.12
5691,1999-03-19,0.13
5692,1999-03-22,0.13
5693,1999-03-23,0.17
5694,1999-03-24,0.19
5695,1999-03-25,0.19
5696,1999-03-26,0.22
5697,1999-03-29,0.26
5698,1999-03-30,0.24
5699,1999-03-31,0.26
5700,1999-04-01,0.26
5701,1999-04-02,0.24
5702,1999-04-05,0.24
5703,1999-04-06,0.2
5704,1999-04-07,0.21
5705,1999-04-08,0.17
5706,1999-04-09,0.17
5707,1999-04-12,0.13
5708,1999-04-13,0.18
5709,1999-04-14,0.18
5710,1999-04-15,0.21
5711,1999-04-16,0.21
5712,1999-04-19,0.19
5713,1999-04-20,0.21
5714,1999-04-21,0.18
5715,1999-04-22,0.2
5716,1999-04-23,0.22
5717,1999-04-26,0.19
5718,1999-04-27,0.18
5719,1999-04-28,0.25
5720,1999-04-29,0.27
5721,1999-04-30,0.28
5722,1999-05-03,0.3
5723,1999-05-04,0.3
5724,1999-05-05,0.31
5725,1999-05-06,0.33
5726,1999-05-07,0.35
5727,1999-05-10,0.39
5728,1999-05-11,0.4
5729,1999-05-12,0.32
5730,1999-05-13,0.29
5731,1999-05-14,0.32
5732,1999-05-17,0.35
5733,1999-05-18,0.3
5734,1999-05-19,0.23
5735,1999-05-20,0.25
5736,1999-05-21,0.22
5737,1999-05-24,0.22
5738,1999-05-25,0.19
5739,1999-05-26,0.22
5740,1999-05-27,0.19
5741,1999-05-28,0.22
5742,1999-06-01,0.24
5743,1999-06-02,0.25
5744,1999-06-03,0.26
5745,1999-06-04,0.26
5746,1999-06-07,0.25
5747,1999-06-08,0.26
5748,1999-06-09,0.26
5749,1999-06-10,0.26
5750,1999-06-11,0.32
5751,1999-06-14,0.32
5752,1999-06-15,0.32
5753,1999-06-16,0.33
5754,1999-06-17,0.3
5755,1999-06-18,0.28
5756,1999-06-21,0.28
5757,1999-06-22,0.29
5758,1999-06-23,0.3
5759,1999-06-24,0.3
5760,1999-06-25,0.29
5761,1999-06-28,0.28
5762,1999-06-29,0.25
5763,1999-06-30,0.28
5764,1999-07-01,0.27
5765,1999-07-02,0.24
5766,1999-07-06,0.24
5767,1999-07-07,0.28
5768,1999-07-08,0.26
5769,1999-07-09,0.23
5770,1999-07-12,0.21
5771,1999-07-13,0.21
5772,1999-07-14,0.19
5773,1999-07-15,0.19
5774,1999-07-16,0.18
5775,1999-07-19,0.2
5776,1999-07-20,0.22
5777,1999-07-21,0.21
5778,1999-07-22,0.26
5779,1999-07-23,0.26
5780,1999-07-26,0.25
5781,1999-07-27,0.26
5782,1999-07-28,0.27
5783,1999-07-29,0.26
5784,1999-07-30,0.29
5785,1999-08-02,0.27
5786,1999-08-03,0.3
5787,1999-08-04,0.32
5788,1999-08-05,0.33
5789,1999-08-06,0.33
5790,1999-08-09,0.34
5791,1999-08-10,0.37
5792,1999-08-11,0.29
5793,1999-08-12,0.3
5794,1999-08-13,0.27
5795,1999-08-16,0.23
5796,1999-08-17,0.21
5797,1999-08-18,0.22
5798,1999-08-19,0.24
5799,1999-08-20,0.23
5800,1999-08-23,0.23
5801,1999-08-24,0.2
5802,1999-08-25,0.2
5803,1999-08-26,0.19
5804,1999-08-27,0.2
5805,1999-08-30,0.22
5806,1999-08-31,0.25
5807,1999-09-01,0.25
5808,1999-09-02,0.29
5809,1999-09-03,0.25
5810,1999-09-07,0.26
5811,1999-09-08,0.26
5812,1999-09-09,0.26
5813,1999-09-10,0.25
5814,1999-09-13,0.26
5815,1999-09-14,0.25
5816,1999-09-15,0.27
5817,1999-09-16,0.27
5818,1999-09-17,0.24
5819,1999-09-20,0.24
5820,1999-09-21,0.27
5821,1999-09-22,0.25
5822,1999-09-23,0.24
5823,1999-09-24,0.2
5824,1999-09-27,0.21
5825,1999-09-28,0.24
5826,1999-09-29,0.29
5827,1999-09-30,0.27
5828,1999-10-01,0.27
5829,1999-10-04,0.25
5830,1999-10-05,0.24
5831,1999-10-06,0.23
5832,1999-10-07,0.23
5833,1999-10-08,0.24
5834,1999-10-12,0.25
5835,1999-10-13,0.25
5836,1999-10-14,0.27
5837,1999-10-15,0.27
5838,1999-10-18,0.27
5839,1999-10-19,0.26
5840,1999-10-20,0.25
5841,1999-10-21,0.27
5842,1999-10-22,0.25
5843,1999-10-25,0.24
5844,1999-10-26,0.22
5845,1999-10-27,0.25
5846,1999-10-28,0.25
5847,1999-10-29,0.23
5848,1999-11-01,0.23
5849,1999-11-02,0.23
5850,1999-11-03,0.22
5851,1999-11-04,0.21
5852,1999-11-05,0.2
5853,1999-11-08,0.21
5854,1999-11-09,0.2
5855,1999-11-10,0.19
5856,1999-11-12,0.15
5857,1999-11-15,0.15
5858,1999-11-16,0.12
5859,1999-11-17,0.14
5860,1999-11-18,0.16
5861,1999-11-19,0.15
5862,1999-11-22,0.14
5863,1999-11-23,0.15
5864,1999-11-24,0.12
5865,1999-11-26,0.13
5866,1999-11-29,0.17
5867,1999-11-30,0.17
5868,1999-12-01,0.17
5869,1999-12-02,0.18
5870,1999-12-03,0.18
5871,1999-12-06,0.18
5872,1999-12-07,0.16
5873,1999-12-08,0.17
5874,1999-12-09,0.18
5875,1999-12-10,0.15
5876,1999-12-13,0.15
5877,1999-12-14,0.15
5878,1999-12-15,0.15
5879,1999-12-16,0.16
5880,1999-12-17,0.15
5881,1999-12-20,0.15
5882,1999-12-21,0.17
5883,1999-12-22,0.15
5884,1999-12-23,0.17
5885,1999-12-27,0.19
5886,1999-12-28,0.2
5887,1999-12-29,0.19
5888,1999-12-30,0.2
5889,1999-12-31,0.21
5890,2000-01-03,0.2
5891,2000-01-04,0.19
5892,2000-01-05,0.24
5893,2000-01-06,0.22
5894,2000-01-07,0.21
5895,2000-01-10,0.19
5896,2000-01-11,0.22
5897,2000-01-12,0.23
5898,2000-01-13,0.23
5899,2000-01-14,0.25
5900,2000-01-18,0.28
5901,2000-01-19,0.27
5902,2000-01-20,0.3
5903,2000-01-21,0.31
5904,2000-01-24,0.26
5905,2000-01-25,0.26
5906,2000-01-26,0.24
5907,2000-01-27,0.17
5908,2000-01-28,0.08
5909,2000-01-31,0.07
5910,2000-02-01,0.02
5911,2000-02-02,-0.03
5912,2000-02-03,-0.07
5913,2000-02-04,-0.1
5914,2000-02-07,-0.04
5915,2000-02-08,-0.1
5916,2000-02-09,-0.13
5917,2000-02-10,0.0
5918,2000-02-11,-0.02
5919,2000-02-14,-0.06
5920,2000-02-15,-0.1
5921,2000-02-16,-0.07
5922,2000-02-17,-0.11
5923,2000-02-18,-0.17
5924,2000-02-22,-0.21
5925,2000-02-23,-0.17
5926,2000-02-24,-0.16
5927,2000-02-25,-0.09
5928,2000-02-28,-0.1
5929,2000-02-29,-0.11
5930,2000-03-01,-0.13
5931,2000-03-02,-0.12
5932,2000-03-03,-0.11
5933,2000-03-06,-0.13
5934,2000-03-07,-0.09
5935,2000-03-08,-0.12
5936,2000-03-09,-0.13
5937,2000-03-10,-0.16
5938,2000-03-13,-0.16
5939,2000-03-14,-0.17
5940,2000-03-15,-0.21
5941,2000-03-16,-0.24
5942,2000-03-17,-0.3
5943,2000-03-20,-0.34
5944,2000-03-21,-0.37
5945,2000-03-22,-0.37
5946,2000-03-23,-0.44
5947,2000-03-24,-0.44
5948,2000-03-27,-0.45
5949,2000-03-28,-0.43
5950,2000-03-29,-0.41
5951,2000-03-30,-0.46
5952,2000-03-31,-0.47
5953,2000-04-03,-0.45
5954,2000-04-04,-0.45
5955,2000-04-05,-0.45
5956,2000-04-06,-0.45
5957,2000-04-07,-0.52
5958,2000-04-10,-0.51
5959,2000-04-11,-0.47
5960,2000-04-12,-0.43
5961,2000-04-13,-0.46
5962,2000-04-14,-0.42
5963,2000-04-17,-0.32
5964,2000-04-18,-0.28
5965,2000-04-19,-0.34
5966,2000-04-20,-0.39
5967,2000-04-24,-0.36
5968,2000-04-25,-0.34
5969,2000-04-26,-0.36
5970,2000-04-27,-0.4
5971,2000-04-28,-0.45
5972,2000-05-01,-0.44
5973,2000-05-02,-0.4
5974,2000-05-03,-0.33
5975,2000-05-04,-0.31
5976,2000-05-05,-0.33
5977,2000-05-08,-0.3
5978,2000-05-09,-0.33
5979,2000-05-10,-0.37
5980,2000-05-11,-0.39
5981,2000-05-12,-0.4
5982,2000-05-15,-0.41
5983,2000-05-16,-0.46
5984,2000-05-17,-0.42
5985,2000-05-18,-0.37
5986,2000-05-19,-0.35
5987,2000-05-22,-0.37
5988,2000-05-23,-0.38
5989,2000-05-24,-0.32
5990,2000-05-25,-0.32
5991,2000-05-26,-0.36
5992,2000-05-30,-0.36
5993,2000-05-31,-0.4
5994,2000-06-01,-0.41
5995,2000-06-02,-0.37
5996,2000-06-05,-0.37
5997,2000-06-06,-0.37
5998,2000-06-07,-0.39
5999,2000-06-08,-0.43
6000,2000-06-09,-0.43
6001,2000-06-12,-0.43
6002,2000-06-13,-0.38
6003,2000-06-14,-0.38
6004,2000-06-15,-0.39
6005,2000-06-16,-0.39
6006,2000-06-19,-0.4
6007,2000-06-20,-0.4
6008,2000-06-21,-0.39
6009,2000-06-22,-0.38
6010,2000-06-23,-0.36
6011,2000-06-26,-0.39
6012,2000-06-27,-0.4
6013,2000-06-28,-0.32
6014,2000-06-29,-0.33
6015,2000-06-30,-0.35
6016,2000-07-03,-0.31
6017,2000-07-05,-0.3
6018,2000-07-06,-0.29
6019,2000-07-07,-0.28
6020,2000-07-10,-0.27
6021,2000-07-11,-0.26
6022,2000-07-12,-0.25
6023,2000-07-13,-0.3
6024,2000-07-14,-0.31
6025,2000-07-17,-0.29
6026,2000-07-18,-0.28
6027,2000-07-19,-0.3
6028,2000-07-20,-0.31
6029,2000-07-21,-0.31
6030,2000-07-24,-0.31
6031,2000-07-25,-0.31
6032,2000-07-26,-0.25
6033,2000-07-27,-0.25
6034,2000-07-28,-0.26
6035,2000-07-31,-0.26
6036,2000-08-01,-0.27
6037,2000-08-02,-0.25
6038,2000-08-03,-0.27
6039,2000-08-04,-0.24
6040,2000-08-07,-0.23
6041,2000-08-08,-0.23
6042,2000-08-09,-0.37
6043,2000-08-10,-0.4
6044,2000-08-11,-0.46
6045,2000-08-14,-0.47
6046,2000-08-15,-0.47
6047,2000-08-16,-0.47
6048,2000-08-17,-0.49
6049,2000-08-18,-0.49
6050,2000-08-21,-0.49
6051,2000-08-22,-0.49
6052,2000-08-23,-0.47
6053,2000-08-24,-0.46
6054,2000-08-25,-0.46
6055,2000-08-28,-0.45
6056,2000-08-29,-0.45
6057,2000-08-30,-0.43
6058,2000-08-31,-0.45
6059,2000-09-01,-0.41
6060,2000-09-05,-0.4
6061,2000-09-06,-0.39
6062,2000-09-07,-0.38
6063,2000-09-08,-0.38
6064,2000-09-11,-0.35
6065,2000-09-12,-0.34
6066,2000-09-13,-0.35
6067,2000-09-14,-0.32
6068,2000-09-15,-0.23
6069,2000-09-18,-0.16
6070,2000-09-19,-0.19
6071,2000-09-20,-0.2
6072,2000-09-21,-0.23
6073,2000-09-22,-0.24
6074,2000-09-25,-0.27
6075,2000-09-26,-0.26
6076,2000-09-27,-0.17
6077,2000-09-28,-0.2
6078,2000-09-29,-0.18
6079,2000-10-02,-0.15
6080,2000-10-03,-0.13
6081,2000-10-04,-0.13
6082,2000-10-05,-0.15
6083,2000-10-06,-0.16
6084,2000-10-10,-0.18
6085,2000-10-11,-0.16
6086,2000-10-12,-0.13
6087,2000-10-13,-0.11
6088,2000-10-16,-0.15
6089,2000-10-17,-0.15
6090,2000-10-18,-0.16
6091,2000-10-19,-0.2
6092,2000-10-20,-0.2
6093,2000-10-23,-0.23
6094,2000-10-24,-0.23
6095,2000-10-25,-0.2
6096,2000-10-26,-0.21
6097,2000-10-27,-0.22
6098,2000-10-30,-0.23
6099,2000-10-31,-0.17
6100,2000-11-01,-0.14
6101,2000-11-02,-0.13
6102,2000-11-03,-0.11
6103,2000-11-06,-0.12
6104,2000-11-07,-0.12
6105,2000-11-08,-0.12
6106,2000-11-09,-0.12
6107,2000-11-10,-0.1
6108,2000-11-13,-0.13
6109,2000-11-14,-0.16
6110,2000-11-15,-0.18
6111,2000-11-16,-0.19
6112,2000-11-17,-0.17
6113,2000-11-20,-0.19
6114,2000-11-21,-0.19
6115,2000-11-22,-0.23
6116,2000-11-24,-0.23
6117,2000-11-27,-0.22
6118,2000-11-28,-0.2
6119,2000-11-29,-0.14
6120,2000-11-30,-0.13
6121,2000-12-01,-0.1
6122,2000-12-04,-0.06
6123,2000-12-05,-0.06
6124,2000-12-06,-0.1
6125,2000-12-07,-0.13
6126,2000-12-08,-0.15
6127,2000-12-11,-0.15
6128,2000-12-12,-0.18
6129,2000-12-13,-0.16
6130,2000-12-14,-0.2
6131,2000-12-15,-0.18
6132,2000-12-18,-0.16
6133,2000-12-19,-0.16
6134,2000-12-20,-0.16
6135,2000-12-21,-0.11
6136,2000-12-22,-0.08
6137,2000-12-26,-0.06
6138,2000-12-27,0.01
6139,2000-12-28,-0.05
6140,2000-12-29,0.01
6141,2001-01-02,0.05
6142,2001-01-03,0.22
6143,2001-01-04,0.26
6144,2001-01-05,0.37
6145,2001-01-08,0.4
6146,2001-01-09,0.34
6147,2001-01-10,0.34
6148,2001-01-11,0.37
6149,2001-01-12,0.35
6150,2001-01-16,0.35
6151,2001-01-17,0.35
6152,2001-01-18,0.4
6153,2001-01-19,0.44
6154,2001-01-22,0.5
6155,2001-01-23,0.48
6156,2001-01-24,0.52
6157,2001-01-25,0.51
6158,2001-01-26,0.51
6159,2001-01-29,0.55
6160,2001-01-30,0.54
6161,2001-01-31,0.57
6162,2001-02-01,0.55
6163,2001-02-02,0.52
6164,2001-02-05,0.5
6165,2001-02-06,0.5
6166,2001-02-07,0.4
6167,2001-02-08,0.37
6168,2001-02-09,0.36
6169,2001-02-12,0.38
6170,2001-02-13,0.32
6171,2001-02-14,0.29
6172,2001-02-15,0.3
6173,2001-02-16,0.36
6174,2001-02-20,0.38
6175,2001-02-21,0.46
6176,2001-02-22,0.52
6177,2001-02-23,0.57
6178,2001-02-26,0.59
6179,2001-02-27,0.52
6180,2001-02-28,0.51
6181,2001-03-01,0.46
6182,2001-03-02,0.47
6183,2001-03-05,0.49
6184,2001-03-06,0.5
6185,2001-03-07,0.49
6186,2001-03-08,0.46
6187,2001-03-09,0.48
6188,2001-03-12,0.46
6189,2001-03-13,0.49
6190,2001-03-14,0.52
6191,2001-03-15,0.59
6192,2001-03-16,0.52
6193,2001-03-19,0.5
6194,2001-03-20,0.54
6195,2001-03-21,0.56
6196,2001-03-22,0.56
6197,2001-03-23,0.56
6198,2001-03-26,0.58
6199,2001-03-27,0.59
6200,2001-03-28,0.67
6201,2001-03-29,0.71
6202,2001-03-30,0.75
6203,2001-04-02,0.76
6204,2001-04-03,0.79
6205,2001-04-04,0.82
6206,2001-04-05,0.79
6207,2001-04-06,0.82
6208,2001-04-09,0.83
6209,2001-04-10,0.85
6210,2001-04-11,0.83
6211,2001-04-12,0.81
6212,2001-04-16,0.79
6213,2001-04-17,0.8
6214,2001-04-18,0.88
6215,2001-04-19,0.98
6216,2001-04-20,1.03
6217,2001-04-23,1.05
6218,2001-04-24,1.06
6219,2001-04-25,1.08
6220,2001-04-26,1.06
6221,2001-04-27,1.06
6222,2001-04-30,1.05
6223,2001-05-01,1.07
6224,2001-05-02,1.04
6225,2001-05-03,1.0
6226,2001-05-04,1.07
6227,2001-05-07,1.09
6228,2001-05-08,1.14
6229,2001-05-09,1.13
6230,2001-05-10,1.14
6231,2001-05-11,1.15
6232,2001-05-14,1.17
6233,2001-05-15,1.22
6234,2001-05-16,1.23
6235,2001-05-17,1.13
6236,2001-05-18,1.04
6237,2001-05-21,1.04
6238,2001-05-22,1.08
6239,2001-05-23,1.12
6240,2001-05-24,1.2
6241,2001-05-25,1.21
6242,2001-05-29,1.21
6243,2001-05-30,1.2
6244,2001-05-31,1.21
6245,2001-06-01,1.17
6246,2001-06-04,1.16
6247,2001-06-05,1.17
6248,2001-06-06,1.15
6249,2001-06-07,1.19
6250,2001-06-08,1.21
6251,2001-06-11,1.21
6252,2001-06-12,1.18
6253,2001-06-13,1.2
6254,2001-06-14,1.22
6255,2001-06-15,1.26
6256,2001-06-18,1.29
6257,2001-06-19,1.27
6258,2001-06-20,1.26
6259,2001-06-21,1.23
6260,2001-06-22,1.21
6261,2001-06-25,1.2
6262,2001-06-26,1.21
6263,2001-06-27,1.2
6264,2001-06-28,1.13
6265,2001-06-29,1.17
6266,2001-07-02,1.16
6267,2001-07-03,1.17
6268,2001-07-05,1.2
6269,2001-07-06,1.25
6270,2001-07-09,1.22
6271,2001-07-10,1.24
6272,2001-07-11,1.24
6273,2001-07-12,1.2
6274,2001-07-13,1.15
6275,2001-07-16,1.14
6276,2001-07-17,1.13
6277,2001-07-18,1.16
6278,2001-07-19,1.15
6279,2001-07-20,1.17
6280,2001-07-23,1.15
6281,2001-07-24,1.16
6282,2001-07-25,1.22
6283,2001-07-26,1.25
6284,2001-07-27,1.26
6285,2001-07-30,1.25
6286,2001-07-31,1.28
6287,2001-08-01,1.28
6288,2001-08-02,1.28
6289,2001-08-03,1.29
6290,2001-08-06,1.31
6291,2001-08-07,1.3
6292,2001-08-08,1.22
6293,2001-08-09,1.27
6294,2001-08-10,1.26
6295,2001-08-13,1.27
6296,2001-08-14,1.23
6297,2001-08-15,1.2
6298,2001-08-16,1.2
6299,2001-08-17,1.17
6300,2001-08-20,1.17
6301,2001-08-21,1.18
6302,2001-08-22,1.15
6303,2001-08-23,1.17
6304,2001-08-24,1.17
6305,2001-08-27,1.16
6306,2001-08-28,1.14
6307,2001-08-29,1.11
6308,2001-08-30,1.18
6309,2001-08-31,1.21
6310,2001-09-04,1.16
6311,2001-09-05,1.18
6312,2001-09-06,1.21
6313,2001-09-07,1.27
6314,2001-09-10,1.31
6315,2001-09-13,1.65
6316,2001-09-14,1.7
6317,2001-09-17,1.67
6318,2001-09-18,1.76
6319,2001-09-19,1.88
6320,2001-09-20,1.84
6321,2001-09-21,1.79
6322,2001-09-24,1.79
6323,2001-09-25,1.84
6324,2001-09-26,1.83
6325,2001-09-27,1.8
6326,2001-09-28,1.74
6327,2001-10-01,1.73
6328,2001-10-02,1.76
6329,2001-10-03,1.73
6330,2001-10-04,1.78
6331,2001-10-05,1.81
6332,2001-10-09,1.88
6333,2001-10-10,1.83
6334,2001-10-11,1.81
6335,2001-10-12,1.87
6336,2001-10-15,1.84
6337,2001-10-16,1.82
6338,2001-10-17,1.79
6339,2001-10-18,1.81
6340,2001-10-19,1.86
6341,2001-10-22,1.84
6342,2001-10-23,1.85
6343,2001-10-24,1.89
6344,2001-10-25,1.93
6345,2001-10-26,1.9
6346,2001-10-29,1.95
6347,2001-10-30,1.96
6348,2001-10-31,1.86
6349,2001-11-01,1.75
6350,2001-11-02,1.89
6351,2001-11-05,1.85
6352,2001-11-06,1.93
6353,2001-11-07,1.9
6354,2001-11-08,1.9
6355,2001-11-09,1.89
6356,2001-11-13,1.87
6357,2001-11-14,1.84
6358,2001-11-15,1.81
6359,2001-11-16,1.82
6360,2001-11-19,1.88
6361,2001-11-20,1.92
6362,2001-11-21,1.87
6363,2001-11-23,1.84
6364,2001-11-26,1.83
6365,2001-11-27,1.87
6366,2001-11-28,1.86
6367,2001-11-29,1.92
6368,2001-11-30,1.94
6369,2001-12-03,1.93
6370,2001-12-04,1.89
6371,2001-12-05,1.85
6372,2001-12-06,1.85
6373,2001-12-07,2.01
6374,2001-12-10,2.07
6375,2001-12-11,2.1
6376,2001-12-12,2.05
6377,2001-12-13,2.04
6378,2001-12-14,2.04
6379,2001-12-17,2.05
6380,2001-12-18,2.03
6381,2001-12-19,1.97
6382,2001-12-20,1.93
6383,2001-12-21,1.95
6384,2001-12-24,1.96
6385,2001-12-26,1.96
6386,2001-12-27,1.94
6387,2001-12-28,1.99
6388,2001-12-31,2.0
6389,2002-01-02,1.98
6390,2002-01-03,1.97
6391,2002-01-04,1.99
6392,2002-01-07,2.01
6393,2002-01-08,2.03
6394,2002-01-09,2.07
6395,2002-01-10,2.06
6396,2002-01-11,2.16
6397,2002-01-14,2.12
6398,2002-01-15,2.09
6399,2002-01-16,2.04
6400,2002-01-17,2.02
6401,2002-01-18,2.03
6402,2002-01-22,1.99
6403,2002-01-23,1.98
6404,2002-01-24,1.92
6405,2002-01-25,1.93
6406,2002-01-28,1.93
6407,2002-01-29,1.97
6408,2002-01-30,1.96
6409,2002-01-31,1.91
6410,2002-02-01,1.94
6411,2002-02-04,1.95
6412,2002-02-05,1.93
6413,2002-02-06,1.94
6414,2002-02-07,1.94
6415,2002-02-08,1.95
6416,2002-02-11,1.96
6417,2002-02-12,1.93
6418,2002-02-13,1.92
6419,2002-02-14,1.88
6420,2002-02-15,1.89
6421,2002-02-19,1.9
6422,2002-02-20,1.88
6423,2002-02-21,1.88
6424,2002-02-22,1.87
6425,2002-02-25,1.85
6426,2002-02-26,1.85
6427,2002-02-27,1.75
6428,2002-02-28,1.82
6429,2002-03-01,1.8
6430,2002-03-04,1.78
6431,2002-03-05,1.77
6432,2002-03-06,1.8
6433,2002-03-07,1.86
6434,2002-03-08,1.73
6435,2002-03-11,1.74
6436,2002-03-12,1.76
6437,2002-03-13,1.79
6438,2002-03-14,1.77
6439,2002-03-15,1.72
6440,2002-03-18,1.65
6441,2002-03-19,1.69
6442,2002-03-20,1.69
6443,2002-03-21,1.66
6444,2002-03-22,1.63
6445,2002-03-25,1.63
6446,2002-03-26,1.67
6447,2002-03-27,1.69
6448,2002-03-28,1.7
6449,2002-04-01,1.7
6450,2002-04-02,1.73
6451,2002-04-03,1.75
6452,2002-04-04,1.71
6453,2002-04-05,1.73
6454,2002-04-08,1.74
6455,2002-04-09,1.74
6456,2002-04-10,1.76
6457,2002-04-11,1.75
6458,2002-04-12,1.77
6459,2002-04-15,1.77
6460,2002-04-16,1.77
6461,2002-04-17,1.83
6462,2002-04-18,1.85
6463,2002-04-19,1.85
6464,2002-04-22,1.82
6465,2002-04-23,1.79
6466,2002-04-24,1.83
6467,2002-04-25,1.85
6468,2002-04-26,1.86
6469,2002-04-29,1.87
6470,2002-04-30,1.87
6471,2002-05-01,1.87
6472,2002-05-02,1.88
6473,2002-05-03,1.91
6474,2002-05-06,1.91
6475,2002-05-07,1.95
6476,2002-05-08,1.92
6477,2002-05-09,1.93
6478,2002-05-10,1.96
6479,2002-05-13,1.95
6480,2002-05-14,1.92
6481,2002-05-15,1.91
6482,2002-05-16,1.92
6483,2002-05-17,1.86
6484,2002-05-20,1.88
6485,2002-05-21,1.9
6486,2002-05-22,1.9
6487,2002-05-23,1.88
6488,2002-05-24,1.88
6489,2002-05-28,1.86
6490,2002-05-29,1.87
6491,2002-05-30,1.89
6492,2002-05-31,1.86
6493,2002-06-03,1.87
6494,2002-06-04,1.91
6495,2002-06-05,1.92
6496,2002-06-06,1.91
6497,2002-06-07,1.94
6498,2002-06-10,1.92
6499,2002-06-11,1.93
6500,2002-06-12,1.93
6501,2002-06-13,1.94
6502,2002-06-14,1.91
6503,2002-06-17,1.93
6504,2002-06-18,1.95
6505,2002-06-19,1.95
6506,2002-06-20,1.92
6507,2002-06-21,1.91
6508,2002-06-24,1.94
6509,2002-06-25,1.96
6510,2002-06-26,1.98
6511,2002-06-27,1.99
6512,2002-06-28,1.96
6513,2002-07-01,1.97
6514,2002-07-02,1.99
6515,2002-07-03,2.0
6516,2002-07-05,2.0
6517,2002-07-08,2.0
6518,2002-07-09,2.04
6519,2002-07-10,2.05
6520,2002-07-11,2.05
6521,2002-07-12,2.07
6522,2002-07-15,2.11
6523,2002-07-16,2.09
6524,2002-07-17,2.08
6525,2002-07-18,2.11
6526,2002-07-19,2.13
6527,2002-07-22,2.11
6528,2002-07-23,2.13
6529,2002-07-24,2.11
6530,2002-07-25,2.15
6531,2002-07-26,2.23
6532,2002-07-29,2.21
6533,2002-07-30,2.21
6534,2002-07-31,2.28
6535,2002-08-01,2.32
6536,2002-08-02,2.34
6537,2002-08-05,2.36
6538,2002-08-06,2.31
6539,2002-08-07,2.37
6540,2002-08-08,2.3
6541,2002-08-09,2.17
6542,2002-08-12,2.12
6543,2002-08-13,2.12
6544,2002-08-14,1.94
6545,2002-08-15,1.95
6546,2002-08-16,2.04
6547,2002-08-19,2.04
6548,2002-08-20,2.05
6549,2002-08-21,2.08
6550,2002-08-22,2.08
6551,2002-08-23,2.06
6552,2002-08-26,2.03
6553,2002-08-27,2.03
6554,2002-08-28,1.99
6555,2002-08-29,2.02
6556,2002-08-30,2.0
6557,2002-09-03,1.97
6558,2002-09-04,1.94
6559,2002-09-05,1.96
6560,2002-09-06,1.97
6561,2002-09-09,1.92
6562,2002-09-10,1.88
6563,2002-09-11,1.89
6564,2002-09-12,1.86
6565,2002-09-13,1.85
6566,2002-09-16,1.83
6567,2002-09-17,1.81
6568,2002-09-18,1.82
6569,2002-09-19,1.86
6570,2002-09-20,1.85
6571,2002-09-23,1.77
6572,2002-09-24,1.76
6573,2002-09-25,1.77
6574,2002-09-26,1.82
6575,2002-09-27,1.87
6576,2002-09-30,1.91
6577,2002-10-01,1.92
6578,2002-10-02,1.96
6579,2002-10-03,1.95
6580,2002-10-04,1.91
6581,2002-10-07,1.87
6582,2002-10-08,1.85
6583,2002-10-09,1.89
6584,2002-10-10,1.93
6585,2002-10-11,1.98
6586,2002-10-15,1.99
6587,2002-10-16,2.04
6588,2002-10-17,2.06
6589,2002-10-18,2.05
6590,2002-10-21,2.01
6591,2002-10-22,2.06
6592,2002-10-23,2.06
6593,2002-10-24,2.07
6594,2002-10-25,2.14
6595,2002-10-28,2.22
6596,2002-10-29,2.18
6597,2002-10-30,2.25
6598,2002-10-31,2.25
6599,2002-11-01,2.25
6600,2002-11-04,2.28
6601,2002-11-05,2.28
6602,2002-11-06,2.22
6603,2002-11-07,2.02
6604,2002-11-08,1.98
6605,2002-11-12,2.05
6606,2002-11-13,2.08
6607,2002-11-14,2.14
6608,2002-11-15,2.14
6609,2002-11-18,2.11
6610,2002-11-19,2.08
6611,2002-11-20,2.1
6612,2002-11-21,2.09
6613,2002-11-22,2.08
6614,2002-11-25,2.1
6615,2002-11-26,2.11
6616,2002-11-27,2.13
6617,2002-11-29,2.14
6618,2002-12-02,2.15
6619,2002-12-03,2.16
6620,2002-12-04,2.16
6621,2002-12-05,2.16
6622,2002-12-06,2.2
6623,2002-12-09,2.18
6624,2002-12-10,2.16
6625,2002-12-11,2.16
6626,2002-12-12,2.16
6627,2002-12-13,2.2
6628,2002-12-16,2.21
6629,2002-12-17,2.24
6630,2002-12-18,2.25
6631,2002-12-19,2.22
6632,2002-12-20,2.21
6633,2002-12-23,2.19
6634,2002-12-24,2.22
6635,2002-12-26,2.23
6636,2002-12-27,2.23
6637,2002-12-30,2.21
6638,2002-12-31,2.22
6639,2003-01-02,2.27
6640,2003-01-03,2.26
6641,2003-01-06,2.25
6642,2003-01-07,2.27
6643,2003-01-08,2.29
6644,2003-01-09,2.32
6645,2003-01-10,2.37
6646,2003-01-13,2.34
6647,2003-01-14,2.34
6648,2003-01-15,2.35
6649,2003-01-16,2.35
6650,2003-01-17,2.35
6651,2003-01-21,2.34
6652,2003-01-22,2.29
6653,2003-01-23,2.29
6654,2003-01-24,2.28
6655,2003-01-27,2.28
6656,2003-01-28,2.3
6657,2003-01-29,2.29
6658,2003-01-30,2.3
6659,2003-01-31,2.28
6660,2003-02-03,2.29
6661,2003-02-04,2.28
6662,2003-02-05,2.29
6663,2003-02-06,2.29
6664,2003-02-07,2.33
6665,2003-02-10,2.31
6666,2003-02-11,2.33
6667,2003-02-12,2.31
6668,2003-02-13,2.32
6669,2003-02-14,2.33
6670,2003-02-18,2.28
6671,2003-02-19,2.27
6672,2003-02-20,2.26
6673,2003-02-21,2.27
6674,2003-02-24,2.26
6675,2003-02-25,2.23
6676,2003-02-26,2.21
6677,2003-02-27,2.18
6678,2003-02-28,2.18
6679,2003-03-03,2.16
6680,2003-03-04,2.16
6681,2003-03-05,2.17
6682,2003-03-06,2.2
6683,2003-03-07,2.24
6684,2003-03-10,2.24
6685,2003-03-11,2.22
6686,2003-03-12,2.15
6687,2003-03-13,2.15
6688,2003-03-14,2.16
6689,2003-03-17,2.19
6690,2003-03-18,2.19
6691,2003-03-19,2.26
6692,2003-03-20,2.26
6693,2003-03-21,2.31
6694,2003-03-24,2.27
6695,2003-03-25,2.28
6696,2003-03-26,2.28
6697,2003-03-27,2.33
6698,2003-03-28,2.36
6699,2003-03-31,2.32
6700,2003-04-01,2.34
6701,2003-04-02,2.34
6702,2003-04-03,2.38
6703,2003-04-04,2.41
6704,2003-04-07,2.38
6705,2003-04-08,2.36
6706,2003-04-09,2.38
6707,2003-04-10,2.35
6708,2003-04-11,2.35
6709,2003-04-14,2.3
6710,2003-04-15,2.29
6711,2003-04-16,2.29
6712,2003-04-17,2.27
6713,2003-04-21,2.29
6714,2003-04-22,2.31
6715,2003-04-23,2.32
6716,2003-04-24,2.31
6717,2003-04-25,2.34
6718,2003-04-28,2.33
6719,2003-04-29,2.34
6720,2003-04-30,2.38
6721,2003-05-01,2.38
6722,2003-05-02,2.38
6723,2003-05-05,2.37
6724,2003-05-06,2.39
6725,2003-05-07,2.27
6726,2003-05-08,2.21
6727,2003-05-09,2.24
6728,2003-05-12,2.18
6729,2003-05-13,2.16
6730,2003-05-14,2.12
6731,2003-05-15,2.07
6732,2003-05-16,2.08
6733,2003-05-19,2.11
6734,2003-05-20,2.07
6735,2003-05-21,2.01
6736,2003-05-22,1.98
6737,2003-05-23,1.96
6738,2003-05-27,2.08
6739,2003-05-28,2.09
6740,2003-05-29,2.04
6741,2003-05-30,2.04
6742,2003-06-02,2.1
6743,2003-06-03,2.14
6744,2003-06-04,2.1
6745,2003-06-05,2.09
6746,2003-06-06,2.1
6747,2003-06-09,2.1
6748,2003-06-10,2.07
6749,2003-06-11,2.05
6750,2003-06-12,2.05
6751,2003-06-13,2.03
6752,2003-06-16,2.0
6753,2003-06-17,2.02
6754,2003-06-18,2.1
6755,2003-06-19,2.18
6756,2003-06-20,2.18
6757,2003-06-23,2.15
6758,2003-06-24,2.15
6759,2003-06-25,2.08
6760,2003-06-26,2.14
6761,2003-06-27,2.2
6762,2003-06-30,2.22
6763,2003-07-01,2.26
6764,2003-07-02,2.26
6765,2003-07-03,2.35
6766,2003-07-07,2.38
6767,2003-07-08,2.36
6768,2003-07-09,2.36
6769,2003-07-10,2.37
6770,2003-07-11,2.37
6771,2003-07-14,2.39
6772,2003-07-15,2.49
6773,2003-07-16,2.48
6774,2003-07-17,2.51
6775,2003-07-18,2.49
6776,2003-07-21,2.58
6777,2003-07-22,2.6
6778,2003-07-23,2.58
6779,2003-07-24,2.66
6780,2003-07-25,2.7
6781,2003-07-28,2.7
6782,2003-07-29,2.75
6783,2003-07-30,2.7
6784,2003-07-31,2.69
6785,2003-08-01,2.59
6786,2003-08-04,2.64
6787,2003-08-05,2.59
6788,2003-08-06,2.54
6789,2003-08-07,2.56
6790,2003-08-08,2.55
6791,2003-08-11,2.57
6792,2003-08-12,2.66
6793,2003-08-13,2.72
6794,2003-08-14,2.69
6795,2003-08-15,2.7
6796,2003-08-18,2.62
6797,2003-08-19,2.57
6798,2003-08-20,2.61
6799,2003-08-21,2.55
6800,2003-08-22,2.51
6801,2003-08-25,2.51
6802,2003-08-26,2.54
6803,2003-08-27,2.49
6804,2003-08-28,2.49
6805,2003-08-29,2.5
6806,2003-09-02,2.57
6807,2003-09-03,2.58
6808,2003-09-04,2.61
6809,2003-09-05,2.63
6810,2003-09-08,2.66
6811,2003-09-09,2.66
6812,2003-09-10,2.64
6813,2003-09-11,2.64
6814,2003-09-12,2.61
6815,2003-09-15,2.65
6816,2003-09-16,2.66
6817,2003-09-17,2.57
6818,2003-09-18,2.51
6819,2003-09-19,2.47
6820,2003-09-22,2.56
6821,2003-09-23,2.56
6822,2003-09-24,2.5
6823,2003-09-25,2.47
6824,2003-09-26,2.44
6825,2003-09-29,2.48
6826,2003-09-30,2.46
6827,2003-10-01,2.49
6828,2003-10-02,2.55
6829,2003-10-03,2.56
6830,2003-10-06,2.57
6831,2003-10-07,2.6
6832,2003-10-08,2.62
6833,2003-10-09,2.63
6834,2003-10-10,2.64
6835,2003-10-14,2.64
6836,2003-10-15,2.64
6837,2003-10-16,2.51
6838,2003-10-17,2.51
6839,2003-10-20,2.53
6840,2003-10-21,2.49
6841,2003-10-22,2.49
6842,2003-10-23,2.5
6843,2003-10-24,2.48
6844,2003-10-27,2.47
6845,2003-10-28,2.52
6846,2003-10-29,2.52
6847,2003-10-30,2.5
6848,2003-10-31,2.48
6849,2003-11-03,2.5
6850,2003-11-04,2.47
6851,2003-11-05,2.44
6852,2003-11-06,2.44
6853,2003-11-07,2.44
6854,2003-11-10,2.43
6855,2003-11-12,2.39
6856,2003-11-13,2.38
6857,2003-11-14,2.38
6858,2003-11-17,2.38
6859,2003-11-18,2.34
6860,2003-11-19,2.34
6861,2003-11-20,2.33
6862,2003-11-21,2.31
6863,2003-11-24,2.29
6864,2003-11-25,2.3
6865,2003-11-26,2.28
6866,2003-11-28,2.28
6867,2003-12-01,2.28
6868,2003-12-02,2.31
6869,2003-12-03,2.32
6870,2003-12-04,2.32
6871,2003-12-05,2.35
6872,2003-12-08,2.35
6873,2003-12-09,2.35
6874,2003-12-10,2.36
6875,2003-12-11,2.44
6876,2003-12-12,2.42
6877,2003-12-15,2.4
6878,2003-12-16,2.41
6879,2003-12-17,2.36
6880,2003-12-18,2.31
6881,2003-12-19,2.33
6882,2003-12-22,2.34
6883,2003-12-23,2.32
6884,2003-12-24,2.37
6885,2003-12-26,2.35
6886,2003-12-29,2.38
6887,2003-12-30,2.43
6888,2003-12-31,2.43
6889,2004-01-02,2.44
6890,2004-01-05,2.46
6891,2004-01-06,2.45
6892,2004-01-07,2.43
6893,2004-01-08,2.42
6894,2004-01-09,2.43
6895,2004-01-12,2.43
6896,2004-01-13,2.42
6897,2004-01-14,2.36
6898,2004-01-15,2.32
6899,2004-01-16,2.34
6900,2004-01-20,2.39
6901,2004-01-21,2.36
6902,2004-01-22,2.33
6903,2004-01-23,2.38
6904,2004-01-26,2.41
6905,2004-01-27,2.41
6906,2004-01-28,2.35
6907,2004-01-29,2.34
6908,2004-01-30,2.32
6909,2004-02-02,2.35
6910,2004-02-03,2.35
6911,2004-02-04,2.35
6912,2004-02-05,2.35
6913,2004-02-06,2.35
6914,2004-02-09,2.33
6915,2004-02-10,2.31
6916,2004-02-11,2.32
6917,2004-02-12,2.35
6918,2004-02-13,2.35
6919,2004-02-17,2.35
6920,2004-02-18,2.33
6921,2004-02-19,2.35
6922,2004-02-20,2.35
6923,2004-02-23,2.36
6924,2004-02-24,2.35
6925,2004-02-25,2.35
6926,2004-02-26,2.36
6927,2004-02-27,2.33
6928,2004-03-01,2.33
6929,2004-03-02,2.31
6930,2004-03-03,2.33
6931,2004-03-04,2.31
6932,2004-03-05,2.28
6933,2004-03-08,2.26
6934,2004-03-09,2.22
6935,2004-03-10,2.2
6936,2004-03-11,2.22
6937,2004-03-12,2.24
6938,2004-03-15,2.22
6939,2004-03-16,2.19
6940,2004-03-17,2.18
6941,2004-03-18,2.21
6942,2004-03-19,2.24
6943,2004-03-22,2.22
6944,2004-03-23,2.21
6945,2004-03-24,2.23
6946,2004-03-25,2.24
6947,2004-03-26,2.26
6948,2004-03-29,2.28
6949,2004-03-30,2.28
6950,2004-03-31,2.26
6951,2004-04-01,2.26
6952,2004-04-02,2.29
6953,2004-04-05,2.33
6954,2004-04-06,2.33
6955,2004-04-07,2.32
6956,2004-04-08,2.33
6957,2004-04-12,2.34
6958,2004-04-13,2.34
6959,2004-04-14,2.27
6960,2004-04-15,2.32
6961,2004-04-16,2.34
6962,2004-04-19,2.32
6963,2004-04-20,2.32
6964,2004-04-21,2.23
6965,2004-04-22,2.25
6966,2004-04-23,2.19
6967,2004-04-26,2.18
6968,2004-04-27,2.22
6969,2004-04-28,2.2
6970,2004-04-29,2.21
6971,2004-04-30,2.22
6972,2004-05-03,2.19
6973,2004-05-04,2.24
6974,2004-05-05,2.27
6975,2004-05-06,2.24
6976,2004-05-07,2.15
6977,2004-05-10,2.2
6978,2004-05-11,2.18
6979,2004-05-12,2.21
6980,2004-05-13,2.18
6981,2004-05-14,2.2
6982,2004-05-17,2.19
6983,2004-05-18,2.16
6984,2004-05-19,2.18
6985,2004-05-20,2.17
6986,2004-05-21,2.16
6987,2004-05-24,2.16
6988,2004-05-25,2.15
6989,2004-05-26,2.15
6990,2004-05-27,2.14
6991,2004-05-28,2.12
6992,2004-06-01,2.11
6993,2004-06-02,2.09
6994,2004-06-03,2.08
6995,2004-06-04,2.08
6996,2004-06-07,2.11
6997,2004-06-08,2.05
6998,2004-06-09,2.03
6999,2004-06-10,2.0
7000,2004-06-14,1.92
7001,2004-06-15,1.92
7002,2004-06-16,1.9
7003,2004-06-17,1.9
7004,2004-06-18,1.91
7005,2004-06-21,1.9
7006,2004-06-22,1.92
7007,2004-06-23,1.93
7008,2004-06-24,1.92
7009,2004-06-25,1.92
7010,2004-06-28,1.9
7011,2004-06-29,1.87
7012,2004-06-30,1.92
7013,2004-07-01,1.93
7014,2004-07-02,1.94
7015,2004-07-06,1.93
7016,2004-07-07,1.94
7017,2004-07-08,1.94
7018,2004-07-09,1.94
7019,2004-07-12,1.93
7020,2004-07-13,1.92
7021,2004-07-14,1.88
7022,2004-07-15,1.86
7023,2004-07-16,1.84
7024,2004-07-19,1.82
7025,2004-07-20,1.8
7026,2004-07-21,1.79
7027,2004-07-22,1.79
7028,2004-07-23,1.76
7029,2004-07-26,1.74
7030,2004-07-27,1.8
7031,2004-07-28,1.83
7032,2004-07-29,1.85
7033,2004-07-30,1.82
7034,2004-08-02,1.82
7035,2004-08-03,1.79
7036,2004-08-04,1.79
7037,2004-08-05,1.79
7038,2004-08-06,1.84
7039,2004-08-09,1.83
7040,2004-08-10,1.77
7041,2004-08-11,1.76
7042,2004-08-12,1.75
7043,2004-08-13,1.75
7044,2004-08-16,1.75
7045,2004-08-17,1.77
7046,2004-08-18,1.79
7047,2004-08-19,1.79
7048,2004-08-20,1.78
7049,2004-08-23,1.78
7050,2004-08-24,1.78
7051,2004-08-25,1.75
7052,2004-08-26,1.74
7053,2004-08-27,1.75
7054,2004-08-30,1.72
7055,2004-08-31,1.72
7056,2004-09-01,1.72
7057,2004-09-02,1.74
7058,2004-09-03,1.69
7059,2004-09-07,1.68
7060,2004-09-08,1.68
7061,2004-09-09,1.72
7062,2004-09-10,1.69
7063,2004-09-13,1.66
7064,2004-09-14,1.68
7065,2004-09-15,1.67
7066,2004-09-16,1.64
7067,2004-09-17,1.61
7068,2004-09-20,1.61
7069,2004-09-21,1.56
7070,2004-09-22,1.5
7071,2004-09-23,1.45
7072,2004-09-24,1.42
7073,2004-09-27,1.42
7074,2004-09-28,1.47
7075,2004-09-29,1.49
7076,2004-09-30,1.51
7077,2004-10-01,1.58
7078,2004-10-04,1.54
7079,2004-10-05,1.53
7080,2004-10-06,1.53
7081,2004-10-07,1.54
7082,2004-10-08,1.54
7083,2004-10-12,1.56
7084,2004-10-13,1.56
7085,2004-10-14,1.55
7086,2004-10-15,1.54
7087,2004-10-18,1.52
7088,2004-10-19,1.5
7089,2004-10-20,1.48
7090,2004-10-21,1.44
7091,2004-10-22,1.45
7092,2004-10-25,1.45
7093,2004-10-26,1.47
7094,2004-10-27,1.48
7095,2004-10-28,1.5
7096,2004-10-29,1.49
7097,2004-11-01,1.5
7098,2004-11-02,1.5
7099,2004-11-03,1.49
7100,2004-11-04,1.47
7101,2004-11-05,1.41
7102,2004-11-08,1.42
7103,2004-11-09,1.42
7104,2004-11-10,1.43
7105,2004-11-12,1.34
7106,2004-11-15,1.31
7107,2004-11-16,1.3
7108,2004-11-17,1.29
7109,2004-11-18,1.26
7110,2004-11-19,1.25
7111,2004-11-22,1.23
7112,2004-11-23,1.21
7113,2004-11-24,1.19
7114,2004-11-26,1.21
7115,2004-11-29,1.27
7116,2004-11-30,1.34
7117,2004-12-01,1.37
7118,2004-12-02,1.36
7119,2004-12-03,1.33
7120,2004-12-06,1.31
7121,2004-12-07,1.28
7122,2004-12-08,1.23
7123,2004-12-09,1.26
7124,2004-12-10,1.21
7125,2004-12-13,1.18
7126,2004-12-14,1.15
7127,2004-12-15,1.12
7128,2004-12-16,1.18
7129,2004-12-17,1.18
7130,2004-12-20,1.15
7131,2004-12-21,1.13
7132,2004-12-22,1.17
7133,2004-12-23,1.21
7134,2004-12-27,1.23
7135,2004-12-28,1.23
7136,2004-12-29,1.21
7137,2004-12-30,1.17
7138,2004-12-31,1.16
7139,2005-01-03,1.13
7140,2005-01-04,1.09
7141,2005-01-05,1.07
7142,2005-01-06,1.11
7143,2005-01-07,1.09
7144,2005-01-10,1.06
7145,2005-01-11,1.02
7146,2005-01-12,1.03
7147,2005-01-13,0.99
7148,2005-01-14,0.99
7149,2005-01-18,0.95
7150,2005-01-19,0.94
7151,2005-01-20,0.96
7152,2005-01-21,1.0
7153,2005-01-24,0.94
7154,2005-01-25,0.97
7155,2005-01-26,0.94
7156,2005-01-27,0.94
7157,2005-01-28,0.91
7158,2005-01-31,0.85
7159,2005-02-01,0.86
7160,2005-02-02,0.83
7161,2005-02-03,0.84
7162,2005-02-04,0.8
7163,2005-02-07,0.76
7164,2005-02-08,0.72
7165,2005-02-09,0.76
7166,2005-02-10,0.78
7167,2005-02-11,0.76
7168,2005-02-14,0.7
7169,2005-02-15,0.73
7170,2005-02-16,0.75
7171,2005-02-17,0.81
7172,2005-02-18,0.82
7173,2005-02-22,0.83
7174,2005-02-23,0.81
7175,2005-02-24,0.77
7176,2005-02-25,0.73
7177,2005-02-28,0.77
7178,2005-03-01,0.79
7179,2005-03-02,0.81
7180,2005-03-03,0.8
7181,2005-03-04,0.75
7182,2005-03-07,0.7
7183,2005-03-08,0.76
7184,2005-03-09,0.86
7185,2005-03-10,0.8
7186,2005-03-11,0.83
7187,2005-03-14,0.77
7188,2005-03-15,0.79
7189,2005-03-16,0.8
7190,2005-03-17,0.77
7191,2005-03-18,0.79
7192,2005-03-21,0.81
7193,2005-03-22,0.77
7194,2005-03-23,0.77
7195,2005-03-24,0.72
7196,2005-03-28,0.74
7197,2005-03-29,0.73
7198,2005-03-30,0.7
7199,2005-03-31,0.7
7200,2005-04-01,0.71
7201,2005-04-04,0.73
7202,2005-04-05,0.73
7203,2005-04-06,0.74
7204,2005-04-07,0.77
7205,2005-04-08,0.73
7206,2005-04-11,0.7
7207,2005-04-12,0.67
7208,2005-04-13,0.72
7209,2005-04-14,0.77
7210,2005-04-15,0.73
7211,2005-04-18,0.72
7212,2005-04-19,0.71
7213,2005-04-20,0.7
7214,2005-04-21,0.67
7215,2005-04-22,0.64
7216,2005-04-25,0.62
7217,2005-04-26,0.61
7218,2005-04-27,0.61
7219,2005-04-28,0.6
7220,2005-04-29,0.55
7221,2005-05-02,0.57
7222,2005-05-03,0.53
7223,2005-05-04,0.57
7224,2005-05-05,0.61
7225,2005-05-06,0.55
7226,2005-05-09,0.53
7227,2005-05-10,0.54
7228,2005-05-11,0.53
7229,2005-05-12,0.52
7230,2005-05-13,0.51
7231,2005-05-16,0.52
7232,2005-05-17,0.51
7233,2005-05-18,0.51
7234,2005-05-19,0.47
7235,2005-05-20,0.44
7236,2005-05-23,0.42
7237,2005-05-24,0.43
7238,2005-05-25,0.47
7239,2005-05-26,0.44
7240,2005-05-27,0.44
7241,2005-05-31,0.4
7242,2005-06-01,0.41
7243,2005-06-02,0.37
7244,2005-06-03,0.41
7245,2005-06-06,0.37
7246,2005-06-07,0.35
7247,2005-06-08,0.35
7248,2005-06-09,0.34
7249,2005-06-10,0.34
7250,2005-06-13,0.38
7251,2005-06-14,0.42
7252,2005-06-15,0.4
7253,2005-06-16,0.39
7254,2005-06-17,0.37
7255,2005-06-20,0.39
7256,2005-06-21,0.35
7257,2005-06-22,0.33
7258,2005-06-23,0.33
7259,2005-06-24,0.33
7260,2005-06-27,0.3
7261,2005-06-28,0.32
7262,2005-06-29,0.34
7263,2005-06-30,0.28
7264,2005-07-01,0.3
7265,2005-07-05,0.32
7266,2005-07-06,0.31
7267,2005-07-07,0.34
7268,2005-07-08,0.33
7269,2005-07-11,0.3
7270,2005-07-12,0.33
7271,2005-07-13,0.33
7272,2005-07-14,0.33
7273,2005-07-15,0.32
7274,2005-07-18,0.33
7275,2005-07-19,0.32
7276,2005-07-20,0.27
7277,2005-07-21,0.32
7278,2005-07-22,0.31
7279,2005-07-25,0.3
7280,2005-07-26,0.29
7281,2005-07-27,0.28
7282,2005-07-28,0.24
7283,2005-07-29,0.26
7284,2005-08-01,0.28
7285,2005-08-02,0.28
7286,2005-08-03,0.28
7287,2005-08-04,0.28
7288,2005-08-05,0.29
7289,2005-08-08,0.26
7290,2005-08-09,0.28
7291,2005-08-10,0.27
7292,2005-08-11,0.22
7293,2005-08-12,0.19
7294,2005-08-15,0.19
7295,2005-08-16,0.2
7296,2005-08-17,0.21
7297,2005-08-18,0.2
7298,2005-08-19,0.18
7299,2005-08-22,0.19
7300,2005-08-23,0.19
7301,2005-08-24,0.2
7302,2005-08-25,0.18
7303,2005-08-26,0.14
7304,2005-08-29,0.14
7305,2005-08-30,0.19
7306,2005-08-31,0.18
7307,2005-09-01,0.3
7308,2005-09-02,0.28
7309,2005-09-06,0.29
7310,2005-09-07,0.28
7311,2005-09-08,0.28
7312,2005-09-09,0.26
7313,2005-09-12,0.26
7314,2005-09-13,0.26
7315,2005-09-14,0.27
7316,2005-09-15,0.32
7317,2005-09-16,0.29
7318,2005-09-19,0.32
7319,2005-09-20,0.26
7320,2005-09-21,0.23
7321,2005-09-22,0.24
7322,2005-09-23,0.23
7323,2005-09-26,0.23
7324,2005-09-27,0.22
7325,2005-09-28,0.17
7326,2005-09-29,0.16
7327,2005-09-30,0.16
7328,2005-10-03,0.18
7329,2005-10-04,0.16
7330,2005-10-05,0.15
7331,2005-10-06,0.17
7332,2005-10-07,0.17
7333,2005-10-11,0.17
7334,2005-10-12,0.21
7335,2005-10-13,0.24
7336,2005-10-14,0.21
7337,2005-10-17,0.21
7338,2005-10-18,0.22
7339,2005-10-19,0.22
7340,2005-10-20,0.19
7341,2005-10-21,0.17
7342,2005-10-24,0.2
7343,2005-10-25,0.2
7344,2005-10-26,0.22
7345,2005-10-27,0.21
7346,2005-10-28,0.18
7347,2005-10-31,0.17
7348,2005-11-01,0.16
7349,2005-11-02,0.18
7350,2005-11-03,0.18
7351,2005-11-04,0.19
7352,2005-11-07,0.18
7353,2005-11-08,0.14
7354,2005-11-09,0.15
7355,2005-11-10,0.11
7356,2005-11-14,0.11
7357,2005-11-15,0.09
7358,2005-11-16,0.07
7359,2005-11-17,0.09
7360,2005-11-18,0.1
7361,2005-11-21,0.07
7362,2005-11-22,0.11
7363,2005-11-23,0.11
7364,2005-11-25,0.1
7365,2005-11-28,0.08
7366,2005-11-29,0.08
7367,2005-11-30,0.07
7368,2005-12-01,0.07
7369,2005-12-02,0.09
7370,2005-12-05,0.1
7371,2005-12-06,0.07
7372,2005-12-07,0.1
7373,2005-12-08,0.1
7374,2005-12-09,0.11
7375,2005-12-12,0.11
7376,2005-12-13,0.11
7377,2005-12-14,0.08
7378,2005-12-15,0.1
7379,2005-12-16,0.08
7380,2005-12-19,0.07
7381,2005-12-20,0.05
7382,2005-12-21,0.06
7383,2005-12-22,0.04
7384,2005-12-23,0.01
7385,2005-12-27,-0.01
7386,2005-12-28,0.01
7387,2005-12-29,-0.01
7388,2005-12-30,-0.02
7389,2006-01-03,0.03
7390,2006-01-04,0.05
7391,2006-01-05,0.04
7392,2006-01-06,0.02
7393,2006-01-09,0.02
7394,2006-01-10,0.02
7395,2006-01-11,0.02
7396,2006-01-12,0.03
7397,2006-01-13,0.02
7398,2006-01-17,0.01
7399,2006-01-18,0.01
7400,2006-01-19,0.01
7401,2006-01-20,0.0
7402,2006-01-23,0.01
7403,2006-01-24,0.03
7404,2006-01-25,0.03
7405,2006-01-26,0.04
7406,2006-01-27,0.01
7407,2006-01-30,0.02
7408,2006-01-31,-0.01
7409,2006-02-01,-0.02
7410,2006-02-02,-0.02
7411,2006-02-03,-0.05
7412,2006-02-06,-0.07
7413,2006-02-07,-0.04
7414,2006-02-08,-0.08
7415,2006-02-09,-0.12
7416,2006-02-10,-0.1
7417,2006-02-13,-0.1
7418,2006-02-14,-0.07
7419,2006-02-15,-0.1
7420,2006-02-16,-0.1
7421,2006-02-17,-0.12
7422,2006-02-21,-0.14
7423,2006-02-22,-0.15
7424,2006-02-23,-0.16
7425,2006-02-24,-0.16
7426,2006-02-27,-0.15
7427,2006-02-28,-0.14
7428,2006-03-01,-0.12
7429,2006-03-02,-0.08
7430,2006-03-03,-0.08
7431,2006-03-06,-0.03
7432,2006-03-07,-0.03
7433,2006-03-08,0.01
7434,2006-03-09,0.02
7435,2006-03-10,0.02
7436,2006-03-13,0.03
7437,2006-03-14,0.05
7438,2006-03-15,0.04
7439,2006-03-16,0.03
7440,2006-03-17,0.03
7441,2006-03-20,0.01
7442,2006-03-21,-0.01
7443,2006-03-22,-0.04
7444,2006-03-23,-0.04
7445,2006-03-24,-0.05
7446,2006-03-27,-0.02
7447,2006-03-28,-0.02
7448,2006-03-29,-0.01
7449,2006-03-30,0.02
7450,2006-03-31,0.04
7451,2006-04-03,0.02
7452,2006-04-04,0.03
7453,2006-04-05,0.03
7454,2006-04-06,0.06
7455,2006-04-07,0.08
7456,2006-04-10,0.08
7457,2006-04-11,0.05
7458,2006-04-12,0.07
7459,2006-04-13,0.09
7460,2006-04-17,0.1
7461,2006-04-18,0.15
7462,2006-04-19,0.18
7463,2006-04-20,0.15
7464,2006-04-21,0.11
7465,2006-04-24,0.1
7466,2006-04-25,0.12
7467,2006-04-26,0.13
7468,2006-04-27,0.18
7469,2006-04-28,0.2
7470,2006-05-01,0.2
7471,2006-05-02,0.2
7472,2006-05-03,0.21
7473,2006-05-04,0.19
7474,2006-05-05,0.18
7475,2006-05-08,0.15
7476,2006-05-09,0.16
7477,2006-05-10,0.12
7478,2006-05-11,0.15
7479,2006-05-12,0.18
7480,2006-05-15,0.16
7481,2006-05-16,0.14
7482,2006-05-17,0.19
7483,2006-05-18,0.14
7484,2006-05-19,0.09
7485,2006-05-22,0.1
7486,2006-05-23,0.1
7487,2006-05-24,0.09
7488,2006-05-25,0.09
7489,2006-05-26,0.1
7490,2006-05-30,0.1
7491,2006-05-31,0.08
7492,2006-06-01,0.07
7493,2006-06-02,0.08
7494,2006-06-05,0.03
7495,2006-06-06,0.02
7496,2006-06-07,0.0
7497,2006-06-08,-0.01
7498,2006-06-09,-0.03
7499,2006-06-12,-0.03
7500,2006-06-13,-0.05
7501,2006-06-14,-0.06
7502,2006-06-15,-0.04
7503,2006-06-16,-0.03
7504,2006-06-19,-0.05
7505,2006-06-20,-0.04
7506,2006-06-21,-0.04
7507,2006-06-22,-0.03
7508,2006-06-23,-0.04
7509,2006-06-26,-0.02
7510,2006-06-27,-0.03
7511,2006-06-28,-0.04
7512,2006-06-29,0.01
7513,2006-06-30,-0.01
7514,2006-07-03,-0.02
7515,2006-07-05,-0.01
7516,2006-07-06,-0.03
7517,2006-07-07,-0.03
7518,2006-07-10,-0.04
7519,2006-07-11,-0.07
7520,2006-07-12,-0.07
7521,2006-07-13,-0.04
7522,2006-07-14,-0.01
7523,2006-07-17,-0.05
7524,2006-07-18,-0.06
7525,2006-07-19,-0.06
7526,2006-07-20,-0.03
7527,2006-07-21,-0.03
7528,2006-07-24,-0.05
7529,2006-07-25,-0.04
7530,2006-07-26,-0.02
7531,2006-07-27,0.0
7532,2006-07-28,0.02
7533,2006-07-31,0.02
7534,2006-08-01,0.02
7535,2006-08-02,-0.01
7536,2006-08-03,-0.02
7537,2006-08-04,0.0
7538,2006-08-07,-0.03
7539,2006-08-08,0.02
7540,2006-08-09,0.01
7541,2006-08-10,0.0
7542,2006-08-11,0.01
7543,2006-08-14,-0.01
7544,2006-08-15,-0.01
7545,2006-08-16,0.0
7546,2006-08-17,-0.02
7547,2006-08-18,-0.03
7548,2006-08-21,-0.03
7549,2006-08-22,-0.05
7550,2006-08-23,-0.05
7551,2006-08-24,-0.07
7552,2006-08-25,-0.07
7553,2006-08-28,-0.08
7554,2006-08-29,-0.08
7555,2006-08-30,-0.07
7556,2006-08-31,-0.05
7557,2006-09-01,-0.04
7558,2006-09-05,-0.02
7559,2006-09-06,-0.02
7560,2006-09-07,-0.02
7561,2006-09-08,-0.02
7562,2006-09-11,-0.03
7563,2006-09-12,-0.04
7564,2006-09-13,-0.03
7565,2006-09-14,-0.04
7566,2006-09-15,-0.07
7567,2006-09-18,-0.07
7568,2006-09-19,-0.05
7569,2006-09-20,-0.08
7570,2006-09-21,-0.06
7571,2006-09-22,-0.07
7572,2006-09-25,-0.07
7573,2006-09-26,-0.09
7574,2006-09-27,-0.06
7575,2006-09-28,-0.05
7576,2006-09-29,-0.07
7577,2006-10-02,-0.04
7578,2006-10-03,-0.05
7579,2006-10-04,-0.03
7580,2006-10-05,-0.04
7581,2006-10-06,-0.04
7582,2006-10-10,-0.07
7583,2006-10-11,-0.07
7584,2006-10-12,-0.06
7585,2006-10-13,-0.06
7586,2006-10-16,-0.06
7587,2006-10-17,-0.05
7588,2006-10-18,-0.08
7589,2006-10-19,-0.06
7590,2006-10-20,-0.08
7591,2006-10-23,-0.07
7592,2006-10-24,-0.08
7593,2006-10-25,-0.1
7594,2006-10-26,-0.08
7595,2006-10-27,-0.08
7596,2006-10-30,-0.1
7597,2006-10-31,-0.1
7598,2006-11-01,-0.09
7599,2006-11-02,-0.07
7600,2006-11-03,-0.1
7601,2006-11-06,-0.11
7602,2006-11-07,-0.11
7603,2006-11-08,-0.11
7604,2006-11-09,-0.13
7605,2006-11-10,-0.14
7606,2006-11-13,-0.15
7607,2006-11-14,-0.17
7608,2006-11-15,-0.19
7609,2006-11-16,-0.19
7610,2006-11-17,-0.15
7611,2006-11-20,-0.16
7612,2006-11-21,-0.17
7613,2006-11-22,-0.17
7614,2006-11-24,-0.18
7615,2006-11-27,-0.17
7616,2006-11-28,-0.16
7617,2006-11-29,-0.17
7618,2006-11-30,-0.16
7619,2006-12-01,-0.09
7620,2006-12-04,-0.09
7621,2006-12-05,-0.07
7622,2006-12-06,-0.11
7623,2006-12-07,-0.09
7624,2006-12-08,-0.12
7625,2006-12-11,-0.15
7626,2006-12-12,-0.12
7627,2006-12-13,-0.12
7628,2006-12-14,-0.13
7629,2006-12-15,-0.13
7630,2006-12-18,-0.11
7631,2006-12-19,-0.11
7632,2006-12-20,-0.11
7633,2006-12-21,-0.11
7634,2006-12-22,-0.08
7635,2006-12-26,-0.1
7636,2006-12-27,-0.11
7637,2006-12-28,-0.12
7638,2006-12-29,-0.11
7639,2007-01-02,-0.12
7640,2007-01-03,-0.09
7641,2007-01-04,-0.09
7642,2007-01-05,-0.11
7643,2007-01-08,-0.12
7644,2007-01-09,-0.13
7645,2007-01-10,-0.12
7646,2007-01-11,-0.12
7647,2007-01-12,-0.11
7648,2007-01-16,-0.11
7649,2007-01-17,-0.12
7650,2007-01-18,-0.14
7651,2007-01-19,-0.15
7652,2007-01-22,-0.15
7653,2007-01-23,-0.13
7654,2007-01-24,-0.12
7655,2007-01-25,-0.11
7656,2007-01-26,-0.11
7657,2007-01-29,-0.09
7658,2007-01-30,-0.1
7659,2007-01-31,-0.11
7660,2007-02-01,-0.12
7661,2007-02-02,-0.11
7662,2007-02-05,-0.11
7663,2007-02-06,-0.13
7664,2007-02-07,-0.13
7665,2007-02-08,-0.14
7666,2007-02-09,-0.13
7667,2007-02-12,-0.14
7668,2007-02-13,-0.13
7669,2007-02-14,-0.13
7670,2007-02-15,-0.13
7671,2007-02-16,-0.14
7672,2007-02-20,-0.13
7673,2007-02-21,-0.13
7674,2007-02-22,-0.14
7675,2007-02-23,-0.14
7676,2007-02-26,-0.14
7677,2007-02-27,-0.09
7678,2007-02-28,-0.09
7679,2007-03-01,-0.07
7680,2007-03-02,-0.04
7681,2007-03-05,-0.02
7682,2007-03-06,-0.05
7683,2007-03-07,-0.04
7684,2007-03-08,-0.05
7685,2007-03-09,-0.07
7686,2007-03-12,-0.06
7687,2007-03-13,-0.02
7688,2007-03-14,-0.01
7689,2007-03-15,-0.03
7690,2007-03-16,-0.03
7691,2007-03-19,-0.03
7692,2007-03-20,-0.04
7693,2007-03-21,0.02
7694,2007-03-22,0.02
7695,2007-03-23,0.02
7696,2007-03-26,0.04
7697,2007-03-27,0.04
7698,2007-03-28,0.09
7699,2007-03-29,0.06
7700,2007-03-30,0.07
7701,2007-04-02,0.05
7702,2007-04-03,0.04
7703,2007-04-04,0.05
7704,2007-04-05,0.05
7705,2007-04-06,0.01
7706,2007-04-09,0.02
7707,2007-04-10,0.02
7708,2007-04-11,0.01
7709,2007-04-12,0.01
7710,2007-04-13,0.0
7711,2007-04-16,0.0
7712,2007-04-17,0.01
7713,2007-04-18,0.02
7714,2007-04-19,0.04
7715,2007-04-20,0.04
7716,2007-04-23,0.04
7717,2007-04-24,0.05
7718,2007-04-25,0.03
7719,2007-04-26,0.02
7720,2007-04-27,0.04
7721,2007-04-30,0.03
7722,2007-05-01,0.01
7723,2007-05-02,0.0
7724,2007-05-03,-0.03
7725,2007-05-04,-0.03
7726,2007-05-07,-0.04
7727,2007-05-08,-0.05
7728,2007-05-09,-0.06
7729,2007-05-10,-0.05
7730,2007-05-11,-0.04
7731,2007-05-14,-0.04
7732,2007-05-15,-0.04
7733,2007-05-16,-0.02
7734,2007-05-17,-0.02
7735,2007-05-18,-0.01
7736,2007-05-21,-0.02
7737,2007-05-22,0.0
7738,2007-05-23,0.01
7739,2007-05-24,0.01
7740,2007-05-25,0.01
7741,2007-05-29,0.0
7742,2007-05-30,-0.01
7743,2007-05-31,-0.02
7744,2007-06-01,-0.02
7745,2007-06-04,-0.04
7746,2007-06-05,-0.01
7747,2007-06-06,0.0
7748,2007-06-07,0.08
7749,2007-06-08,0.11
7750,2007-06-11,0.13
7751,2007-06-12,0.18
7752,2007-06-13,0.12
7753,2007-06-14,0.13
7754,2007-06-15,0.11
7755,2007-06-18,0.14
7756,2007-06-19,0.15
7757,2007-06-20,0.17
7758,2007-06-21,0.18
7759,2007-06-22,0.22
7760,2007-06-25,0.22
7761,2007-06-26,0.2
7762,2007-06-27,0.18
7763,2007-06-28,0.16
7764,2007-06-29,0.16
7765,2007-07-02,0.14
7766,2007-07-03,0.16
7767,2007-07-05,0.17
7768,2007-07-06,0.2
7769,2007-07-09,0.19
7770,2007-07-10,0.18
7771,2007-07-11,0.2
7772,2007-07-12,0.19
7773,2007-07-13,0.17
7774,2007-07-16,0.16
7775,2007-07-17,0.17
7776,2007-07-18,0.18
7777,2007-07-19,0.17
7778,2007-07-20,0.17
7779,2007-07-23,0.17
7780,2007-07-24,0.17
7781,2007-07-25,0.18
7782,2007-07-26,0.23
7783,2007-07-27,0.24
7784,2007-07-30,0.23
7785,2007-07-31,0.22
7786,2007-08-01,0.2
7787,2007-08-02,0.18
7788,2007-08-03,0.25
7789,2007-08-06,0.26
7790,2007-08-07,0.21
7791,2007-08-08,0.2
7792,2007-08-09,0.3
7793,2007-08-10,0.34
7794,2007-08-13,0.32
7795,2007-08-14,0.34
7796,2007-08-15,0.42
7797,2007-08-16,0.52
7798,2007-08-17,0.5
7799,2007-08-20,0.53
7800,2007-08-21,0.55
7801,2007-08-22,0.48
7802,2007-08-23,0.42
7803,2007-08-24,0.33
7804,2007-08-27,0.32
7805,2007-08-28,0.4
7806,2007-08-29,0.43
7807,2007-08-30,0.43
7808,2007-08-31,0.39
7809,2007-09-04,0.43
7810,2007-09-05,0.45
7811,2007-09-06,0.43
7812,2007-09-07,0.48
7813,2007-09-10,0.47
7814,2007-09-11,0.42
7815,2007-09-12,0.46
7816,2007-09-13,0.41
7817,2007-09-14,0.42
7818,2007-09-17,0.4
7819,2007-09-18,0.5
7820,2007-09-19,0.53
7821,2007-09-20,0.59
7822,2007-09-21,0.58
7823,2007-09-24,0.58
7824,2007-09-25,0.63
7825,2007-09-26,0.66
7826,2007-09-27,0.63
7827,2007-09-28,0.62
7828,2007-10-01,0.54
7829,2007-10-02,0.56
7830,2007-10-03,0.53
7831,2007-10-04,0.54
7832,2007-10-05,0.57
7833,2007-10-09,0.52
7834,2007-10-10,0.5
7835,2007-10-11,0.53
7836,2007-10-12,0.47
7837,2007-10-15,0.47
7838,2007-10-16,0.54
7839,2007-10-17,0.57
7840,2007-10-18,0.59
7841,2007-10-19,0.61
7842,2007-10-22,0.57
7843,2007-10-23,0.6
7844,2007-10-24,0.62
7845,2007-10-25,0.63
7846,2007-10-26,0.64
7847,2007-10-29,0.6
7848,2007-10-30,0.58
7849,2007-10-31,0.54
7850,2007-11-01,0.59
7851,2007-11-02,0.65
7852,2007-11-05,0.66
7853,2007-11-06,0.68
7854,2007-11-07,0.73
7855,2007-11-08,0.81
7856,2007-11-09,0.81
7857,2007-11-13,0.72
7858,2007-11-14,0.71
7859,2007-11-15,0.82
7860,2007-11-16,0.82
7861,2007-11-19,0.89
7862,2007-11-20,0.92
7863,2007-11-21,1.01
7864,2007-11-23,0.94
7865,2007-11-26,0.91
7866,2007-11-27,0.9
7867,2007-11-28,0.86
7868,2007-11-29,0.88
7869,2007-11-30,0.93
7870,2007-12-03,0.99
7871,2007-12-04,0.99
7872,2007-12-05,1.02
7873,2007-12-06,0.99
7874,2007-12-07,1.0
7875,2007-12-10,0.98
7876,2007-12-11,1.04
7877,2007-12-12,0.98
7878,2007-12-13,0.97
7879,2007-12-14,0.93
7880,2007-12-17,0.96
7881,2007-12-18,0.95
7882,2007-12-19,0.94
7883,2007-12-20,0.95
7884,2007-12-21,0.99
7885,2007-12-24,0.99
7886,2007-12-26,0.99
7887,2007-12-27,0.97
7888,2007-12-28,0.99
7889,2007-12-31,0.99
7890,2008-01-02,1.03
7891,2008-01-03,1.08
7892,2008-01-04,1.14
7893,2008-01-07,1.1
7894,2008-01-08,1.1
7895,2008-01-09,1.13
7896,2008-01-10,1.2
7897,2008-01-11,1.23
7898,2008-01-14,1.23
7899,2008-01-15,1.19
7900,2008-01-16,1.23
7901,2008-01-17,1.22
7902,2008-01-18,1.3
7903,2008-01-22,1.44
7904,2008-01-23,1.42
7905,2008-01-24,1.43
7906,2008-01-25,1.38
7907,2008-01-28,1.41
7908,2008-01-29,1.4
7909,2008-01-30,1.48
7910,2008-01-31,1.5
7911,2008-02-01,1.53
7912,2008-02-04,1.6
7913,2008-02-05,1.68
7914,2008-02-06,1.65
7915,2008-02-07,1.75
7916,2008-02-08,1.71
7917,2008-02-11,1.69
7918,2008-02-12,1.72
7919,2008-02-13,1.79
7920,2008-02-14,1.92
7921,2008-02-15,1.85
7922,2008-02-19,1.83
7923,2008-02-20,1.79
7924,2008-02-21,1.79
7925,2008-02-22,1.81
7926,2008-02-25,1.78
7927,2008-02-26,1.84
7928,2008-02-27,1.84
7929,2008-02-28,1.84
7930,2008-02-29,1.88
7931,2008-03-03,1.93
7932,2008-03-04,1.98
7933,2008-03-05,2.04
7934,2008-03-06,2.09
7935,2008-03-07,2.03
7936,2008-03-10,1.99
7937,2008-03-11,1.86
7938,2008-03-12,1.86
7939,2008-03-13,1.93
7940,2008-03-14,1.97
7941,2008-03-17,1.99
7942,2008-03-18,1.9
7943,2008-03-19,1.84
7944,2008-03-20,1.75
7945,2008-03-24,1.72
7946,2008-03-25,1.72
7947,2008-03-26,1.8
7948,2008-03-27,1.83
7949,2008-03-28,1.8
7950,2008-03-31,1.83
7951,2008-04-01,1.77
7952,2008-04-02,1.72
7953,2008-04-03,1.7
7954,2008-04-04,1.67
7955,2008-04-07,1.62
7956,2008-04-08,1.71
7957,2008-04-09,1.72
7958,2008-04-10,1.71
7959,2008-04-11,1.73
7960,2008-04-14,1.75
7961,2008-04-15,1.76
7962,2008-04-16,1.74
7963,2008-04-17,1.62
7964,2008-04-18,1.58
7965,2008-04-21,1.55
7966,2008-04-22,1.5
7967,2008-04-23,1.55
7968,2008-04-24,1.46
7969,2008-04-25,1.47
7970,2008-04-28,1.5
7971,2008-04-29,1.5
7972,2008-04-30,1.48
7973,2008-05-01,1.41
7974,2008-05-02,1.42
7975,2008-05-05,1.46
7976,2008-05-06,1.55
7977,2008-05-07,1.56
7978,2008-05-08,1.54
7979,2008-05-09,1.52
7980,2008-05-12,1.48
7981,2008-05-13,1.43
7982,2008-05-14,1.39
7983,2008-05-15,1.38
7984,2008-05-16,1.38
7985,2008-05-19,1.41
7986,2008-05-20,1.44
7987,2008-05-21,1.4
7988,2008-05-22,1.36
7989,2008-05-23,1.39
7990,2008-05-27,1.38
7991,2008-05-28,1.41
7992,2008-05-29,1.41
7993,2008-05-30,1.4
7994,2008-06-02,1.47
7995,2008-06-03,1.47
7996,2008-06-04,1.51
7997,2008-06-05,1.54
7998,2008-06-06,1.54
7999,2008-06-09,1.29
8000,2008-06-10,1.2
8001,2008-06-11,1.27
8002,2008-06-12,1.2
8003,2008-06-13,1.22
8004,2008-06-16,1.23
8005,2008-06-17,1.29
8006,2008-06-18,1.27
8007,2008-06-19,1.23
8008,2008-06-20,1.28
8009,2008-06-23,1.21
8010,2008-06-24,1.23
8011,2008-06-25,1.3
8012,2008-06-26,1.39
8013,2008-06-27,1.34
8014,2008-06-30,1.36
8015,2008-07-01,1.38
8016,2008-07-02,1.39
8017,2008-07-03,1.45
8018,2008-07-07,1.48
8019,2008-07-08,1.44
8020,2008-07-09,1.44
8021,2008-07-10,1.39
8022,2008-07-11,1.37
8023,2008-07-14,1.43
8024,2008-07-15,1.48
8025,2008-07-16,1.53
8026,2008-07-17,1.49
8027,2008-07-18,1.45
8028,2008-07-21,1.43
8029,2008-07-22,1.4
8030,2008-07-23,1.35
8031,2008-07-24,1.42
8032,2008-07-25,1.43
8033,2008-07-28,1.47
8034,2008-07-29,1.44
8035,2008-07-30,1.43
8036,2008-07-31,1.47
8037,2008-08-01,1.46
8038,2008-08-04,1.45
8039,2008-08-05,1.5
8040,2008-08-06,1.5
8041,2008-08-07,1.49
8042,2008-08-08,1.43
8043,2008-08-11,1.43
8044,2008-08-12,1.46
8045,2008-08-13,1.44
8046,2008-08-14,1.44
8047,2008-08-15,1.44
8048,2008-08-18,1.47
8049,2008-08-19,1.51
8050,2008-08-20,1.54
8051,2008-08-21,1.51
8052,2008-08-22,1.45
8053,2008-08-25,1.46
8054,2008-08-26,1.44
8055,2008-08-27,1.46
8056,2008-08-28,1.42
8057,2008-08-29,1.47
8058,2008-09-02,1.48
8059,2008-09-03,1.45
8060,2008-09-04,1.44
8061,2008-09-05,1.43
8062,2008-09-08,1.36
8063,2008-09-09,1.39
8064,2008-09-10,1.43
8065,2008-09-11,1.46
8066,2008-09-12,1.51
8067,2008-09-15,1.69
8068,2008-09-16,1.59
8069,2008-09-17,1.77
8070,2008-09-18,1.76
8071,2008-09-19,1.62
8072,2008-09-22,1.7
8073,2008-09-23,1.74
8074,2008-09-24,1.77
8075,2008-09-25,1.72
8076,2008-09-26,1.74
8077,2008-09-29,1.91
8078,2008-09-30,1.85
8079,2008-10-01,1.95
8080,2008-10-02,2.04
8081,2008-10-03,2.03
8082,2008-10-06,2.05
8083,2008-10-07,2.03
8084,2008-10-08,2.07
8085,2008-10-09,2.19
8086,2008-10-10,2.27
8087,2008-10-14,2.26
8088,2008-10-15,2.4
8089,2008-10-16,2.38
8090,2008-10-17,2.34
8091,2008-10-20,2.2
8092,2008-10-21,2.18
8093,2008-10-22,2.12
8094,2008-10-23,2.09
8095,2008-10-24,2.19
8096,2008-10-27,2.2
8097,2008-10-28,2.24
8098,2008-10-29,2.35
8099,2008-10-30,2.41
8100,2008-10-31,2.45
8101,2008-11-03,2.51
8102,2008-11-04,2.42
8103,2008-11-05,2.37
8104,2008-11-06,2.47
8105,2008-11-07,2.5
8106,2008-11-10,2.55
8107,2008-11-12,2.56
8108,2008-11-13,2.6
8109,2008-11-14,2.5
8110,2008-11-17,2.46
8111,2008-11-18,2.38
8112,2008-11-19,2.29
8113,2008-11-20,2.1
8114,2008-11-21,2.11
8115,2008-11-24,2.04
8116,2008-11-25,1.96
8117,2008-11-26,1.9
8118,2008-11-28,1.93
8119,2008-12-01,1.82
8120,2008-12-02,1.78
8121,2008-12-03,1.8
8122,2008-12-04,1.73
8123,2008-12-05,1.74
8124,2008-12-08,1.8
8125,2008-12-09,1.83
8126,2008-12-10,1.83
8127,2008-12-11,1.85
8128,2008-12-12,1.82
8129,2008-12-15,1.78
8130,2008-12-16,1.72
8131,2008-12-17,1.47
8132,2008-12-18,1.4
8133,2008-12-19,1.39
8134,2008-12-22,1.29
8135,2008-12-23,1.28
8136,2008-12-24,1.3
8137,2008-12-26,1.27
8138,2008-12-29,1.35
8139,2008-12-30,1.36
8140,2008-12-31,1.49
8141,2009-01-02,1.58
8142,2009-01-05,1.71
8143,2009-01-06,1.71
8144,2009-01-07,1.7
8145,2009-01-08,1.64
8146,2009-01-09,1.68
8147,2009-01-12,1.6
8148,2009-01-13,1.57
8149,2009-01-14,1.51
8150,2009-01-15,1.5
8151,2009-01-16,1.63
8152,2009-01-20,1.67
8153,2009-01-21,1.78
8154,2009-01-22,1.87
8155,2009-01-23,1.82
8156,2009-01-26,1.85
8157,2009-01-27,1.72
8158,2009-01-28,1.82
8159,2009-01-29,1.92
8160,2009-01-30,1.93
8161,2009-02-02,1.87
8162,2009-02-03,1.93
8163,2009-02-04,1.97
8164,2009-02-05,1.97
8165,2009-02-06,2.06
8166,2009-02-09,2.02
8167,2009-02-10,1.98
8168,2009-02-11,1.85
8169,2009-02-12,1.86
8170,2009-02-13,1.92
8171,2009-02-17,1.77
8172,2009-02-18,1.77
8173,2009-02-19,1.84
8174,2009-02-20,1.82
8175,2009-02-23,1.82
8176,2009-02-24,1.77
8177,2009-02-25,1.86
8178,2009-02-26,1.9
8179,2009-02-27,2.02
8180,2009-03-02,2.02
8181,2009-03-03,2.02
8182,2009-03-04,2.04
8183,2009-03-05,1.93
8184,2009-03-06,1.92
8185,2009-03-09,1.93
8186,2009-03-10,1.98
8187,2009-03-11,1.92
8188,2009-03-12,1.86
8189,2009-03-13,1.91
8190,2009-03-16,1.97
8191,2009-03-17,1.97
8192,2009-03-18,1.69
8193,2009-03-19,1.74
8194,2009-03-20,1.76
8195,2009-03-23,1.75
8196,2009-03-24,1.75
8197,2009-03-25,1.85
8198,2009-03-26,1.86
8199,2009-03-27,1.88
8200,2009-03-30,1.89
8201,2009-03-31,1.9
8202,2009-04-01,1.85
8203,2009-04-02,1.89
8204,2009-04-03,1.95
8205,2009-04-06,2.01
8206,2009-04-07,2.02
8207,2009-04-08,1.93
8208,2009-04-09,2.0
8209,2009-04-13,1.99
8210,2009-04-14,1.94
8211,2009-04-15,1.96
8212,2009-04-16,1.95
8213,2009-04-17,1.99
8214,2009-04-20,1.95
8215,2009-04-21,1.98
8216,2009-04-22,1.98
8217,2009-04-23,1.99
8218,2009-04-24,2.04
8219,2009-04-27,2.05
8220,2009-04-28,2.1
8221,2009-04-29,2.18
8222,2009-04-30,2.25
8223,2009-05-01,2.29
8224,2009-05-04,2.25
8225,2009-05-05,2.22
8226,2009-05-06,2.22
8227,2009-05-07,2.29
8228,2009-05-08,2.29
8229,2009-05-11,2.25
8230,2009-05-12,2.27
8231,2009-05-13,2.22
8232,2009-05-14,2.23
8233,2009-05-15,2.26
8234,2009-05-18,2.29
8235,2009-05-19,2.34
8236,2009-05-20,2.32
8237,2009-05-21,2.46
8238,2009-05-22,2.53
8239,2009-05-26,2.54
8240,2009-05-27,2.75
8241,2009-05-28,2.7
8242,2009-05-29,2.55
8243,2009-06-01,2.74
8244,2009-06-02,2.69
8245,2009-06-03,2.65
8246,2009-06-04,2.76
8247,2009-06-05,2.52
8248,2009-06-08,2.49
8249,2009-06-09,2.53
8250,2009-06-10,2.6
8251,2009-06-11,2.53
8252,2009-06-12,2.51
8253,2009-06-15,2.5
8254,2009-06-16,2.44
8255,2009-06-17,2.49
8256,2009-06-18,2.58
8257,2009-06-19,2.54
8258,2009-06-22,2.55
8259,2009-06-23,2.51
8260,2009-06-24,2.53
8261,2009-06-25,2.43
8262,2009-06-26,2.42
8263,2009-06-29,2.4
8264,2009-06-30,2.42
8265,2009-07-01,2.5
8266,2009-07-02,2.53
8267,2009-07-06,2.56
8268,2009-07-07,2.49
8269,2009-07-08,2.42
8270,2009-07-09,2.5
8271,2009-07-10,2.41
8272,2009-07-13,2.46
8273,2009-07-14,2.53
8274,2009-07-15,2.6
8275,2009-07-16,2.59
8276,2009-07-17,2.65
8277,2009-07-20,2.62
8278,2009-07-21,2.54
8279,2009-07-22,2.6
8280,2009-07-23,2.64
8281,2009-07-24,2.65
8282,2009-07-27,2.67
8283,2009-07-28,2.6
8284,2009-07-29,2.52
8285,2009-07-30,2.48
8286,2009-07-31,2.39
8287,2009-08-03,2.48
8288,2009-08-04,2.5
8289,2009-08-05,2.57
8290,2009-08-06,2.57
8291,2009-08-07,2.57
8292,2009-08-10,2.56
8293,2009-08-11,2.5
8294,2009-08-12,2.54
8295,2009-08-13,2.47
8296,2009-08-14,2.48
8297,2009-08-17,2.44
8298,2009-08-18,2.45
8299,2009-08-19,2.44
8300,2009-08-20,2.39
8301,2009-08-21,2.43
8302,2009-08-24,2.43
8303,2009-08-25,2.4
8304,2009-08-26,2.38
8305,2009-08-27,2.43
8306,2009-08-28,2.45
8307,2009-08-31,2.43
8308,2009-09-01,2.46
8309,2009-09-02,2.4
8310,2009-09-03,2.42
8311,2009-09-04,2.51
8312,2009-09-08,2.54
8313,2009-09-09,2.55
8314,2009-09-10,2.46
8315,2009-09-11,2.44
8316,2009-09-14,2.48
8317,2009-09-15,2.51
8318,2009-09-16,2.47
8319,2009-09-17,2.44
8320,2009-09-18,2.46
8321,2009-09-21,2.47
8322,2009-09-22,2.44
8323,2009-09-23,2.48
8324,2009-09-24,2.47
8325,2009-09-25,2.36
8326,2009-09-28,2.33
8327,2009-09-29,2.31
8328,2009-09-30,2.36
8329,2009-10-01,2.34
8330,2009-10-02,2.36
8331,2009-10-05,2.36
8332,2009-10-06,2.36
8333,2009-10-07,2.34
8334,2009-10-08,2.37
8335,2009-10-09,2.42
8336,2009-10-13,2.43
8337,2009-10-14,2.49
8338,2009-10-15,2.52
8339,2009-10-16,2.46
8340,2009-10-19,2.42
8341,2009-10-20,2.4
8342,2009-10-21,2.42
8343,2009-10-22,2.47
8344,2009-10-23,2.47
8345,2009-10-26,2.53
8346,2009-10-27,2.5
8347,2009-10-28,2.49
8348,2009-10-29,2.55
8349,2009-10-30,2.51
8350,2009-11-02,2.53
8351,2009-11-03,2.58
8352,2009-11-04,2.66
8353,2009-11-05,2.67
8354,2009-11-06,2.68
8355,2009-11-09,2.65
8356,2009-11-10,2.65
8357,2009-11-12,2.63
8358,2009-11-13,2.61
8359,2009-11-16,2.55
8360,2009-11-17,2.55
8361,2009-11-18,2.59
8362,2009-11-19,2.62
8363,2009-11-20,2.61
8364,2009-11-23,2.6
8365,2009-11-24,2.59
8366,2009-11-25,2.55
8367,2009-11-27,2.53
8368,2009-11-30,2.54
8369,2009-12-01,2.61
8370,2009-12-02,2.6
8371,2009-12-03,2.65
8372,2009-12-04,2.64
8373,2009-12-07,2.66
8374,2009-12-08,2.67
8375,2009-12-09,2.69
8376,2009-12-10,2.71
8377,2009-12-11,2.72
8378,2009-12-14,2.69
8379,2009-12-15,2.72
8380,2009-12-16,2.76
8381,2009-12-17,2.73
8382,2009-12-18,2.73
8383,2009-12-21,2.8
8384,2009-12-22,2.81
8385,2009-12-23,2.81
8386,2009-12-24,2.82
8387,2009-12-28,2.76
8388,2009-12-29,2.73
8389,2009-12-30,2.72
8390,2009-12-31,2.71
8391,2010-01-04,2.76
8392,2010-01-05,2.76
8393,2010-01-06,2.84
8394,2010-01-07,2.82
8395,2010-01-08,2.87
8396,2010-01-11,2.9
8397,2010-01-12,2.82
8398,2010-01-13,2.83
8399,2010-01-14,2.82
8400,2010-01-15,2.81
8401,2010-01-19,2.8
8402,2010-01-20,2.76
8403,2010-01-21,2.75
8404,2010-01-22,2.78
8405,2010-01-25,2.8
8406,2010-01-26,2.78
8407,2010-01-27,2.76
8408,2010-01-28,2.81
8409,2010-01-29,2.81
8410,2010-02-01,2.82
8411,2010-02-02,2.81
8412,2010-02-03,2.85
8413,2010-02-04,2.82
8414,2010-02-05,2.82
8415,2010-02-08,2.83
8416,2010-02-09,2.83
8417,2010-02-10,2.81
8418,2010-02-11,2.82
8419,2010-02-12,2.85
8420,2010-02-16,2.84
8421,2010-02-17,2.87
8422,2010-02-18,2.89
8423,2010-02-19,2.83
8424,2010-02-22,2.89
8425,2010-02-23,2.82
8426,2010-02-24,2.83
8427,2010-02-25,2.82
8428,2010-02-26,2.8
8429,2010-03-01,2.81
8430,2010-03-02,2.82
8431,2010-03-03,2.81
8432,2010-03-04,2.75
8433,2010-03-05,2.78
8434,2010-03-08,2.82
8435,2010-03-09,2.82
8436,2010-03-10,2.81
8437,2010-03-11,2.76
8438,2010-03-12,2.74
8439,2010-03-15,2.75
8440,2010-03-16,2.73
8441,2010-03-17,2.7
8442,2010-03-18,2.7
8443,2010-03-19,2.68
8444,2010-03-22,2.66
8445,2010-03-23,2.67
8446,2010-03-24,2.76
8447,2010-03-25,2.81
8448,2010-03-26,2.82
8449,2010-03-29,2.84
8450,2010-03-30,2.82
8451,2010-03-31,2.82
8452,2010-04-01,2.84
8453,2010-04-02,2.85
8454,2010-04-05,2.83
8455,2010-04-06,2.84
8456,2010-04-07,2.83
8457,2010-04-08,2.82
8458,2010-04-09,2.82
8459,2010-04-12,2.8
8460,2010-04-13,2.77
8461,2010-04-14,2.81
8462,2010-04-15,2.82
8463,2010-04-16,2.81
8464,2010-04-19,2.82
8465,2010-04-20,2.77
8466,2010-04-21,2.74
8467,2010-04-22,2.73
8468,2010-04-23,2.74
8469,2010-04-26,2.74
8470,2010-04-27,2.68
8471,2010-04-28,2.77
8472,2010-04-29,2.75
8473,2010-04-30,2.72
8474,2010-05-03,2.72
8475,2010-05-04,2.67
8476,2010-05-05,2.7
8477,2010-05-06,2.66
8478,2010-05-07,2.62
8479,2010-05-10,2.7
8480,2010-05-11,2.71
8481,2010-05-12,2.67
8482,2010-05-13,2.68
8483,2010-05-14,2.65
8484,2010-05-17,2.66
8485,2010-05-18,2.62
8486,2010-05-19,2.56
8487,2010-05-20,2.49
8488,2010-05-21,2.44
8489,2010-05-24,2.46
8490,2010-05-25,2.37
8491,2010-05-26,2.39
8492,2010-05-27,2.47
8493,2010-05-28,2.55
8494,2010-06-01,2.51
8495,2010-06-02,2.53
8496,2010-06-03,2.57
8497,2010-06-04,2.48
8498,2010-06-07,2.43
8499,2010-06-08,2.44
8500,2010-06-09,2.46
8501,2010-06-10,2.54
8502,2010-06-11,2.49
8503,2010-06-14,2.51
8504,2010-06-15,2.53
8505,2010-06-16,2.52
8506,2010-06-17,2.49
8507,2010-06-18,2.5
8508,2010-06-21,2.52
8509,2010-06-22,2.47
8510,2010-06-23,2.47
8511,2010-06-24,2.47
8512,2010-06-25,2.47
8513,2010-06-28,2.43
8514,2010-06-29,2.36
8515,2010-06-30,2.36
8516,2010-07-01,2.33
8517,2010-07-02,2.37
8518,2010-07-06,2.33
8519,2010-07-07,2.37
8520,2010-07-08,2.41
8521,2010-07-09,2.44
8522,2010-07-12,2.43
8523,2010-07-13,2.48
8524,2010-07-14,2.45
8525,2010-07-15,2.39
8526,2010-07-16,2.35
8527,2010-07-19,2.38
8528,2010-07-20,2.37
8529,2010-07-21,2.32
8530,2010-07-22,2.36
8531,2010-07-23,2.42
8532,2010-07-26,2.41
8533,2010-07-27,2.43
8534,2010-07-28,2.42
8535,2010-07-29,2.44
8536,2010-07-30,2.39
8537,2010-08-02,2.43
8538,2010-08-03,2.41
8539,2010-08-04,2.42
8540,2010-08-05,2.41
8541,2010-08-06,2.36
8542,2010-08-09,2.32
8543,2010-08-10,2.27
8544,2010-08-11,2.18
8545,2010-08-12,2.19
8546,2010-08-13,2.14
8547,2010-08-16,2.07
8548,2010-08-17,2.12
8549,2010-08-18,2.13
8550,2010-08-19,2.09
8551,2010-08-20,2.13
8552,2010-08-23,2.11
8553,2010-08-24,2.0
8554,2010-08-25,2.01
8555,2010-08-26,1.99
8556,2010-08-27,2.1
8557,2010-08-30,2.04
8558,2010-08-31,2.0
8559,2010-09-01,2.08
8560,2010-09-02,2.13
8561,2010-09-03,2.2
8562,2010-09-07,2.12
8563,2010-09-08,2.14
8564,2010-09-09,2.2
8565,2010-09-10,2.23
8566,2010-09-13,2.21
8567,2010-09-14,2.18
8568,2010-09-15,2.24
8569,2010-09-16,2.29
8570,2010-09-17,2.27
8571,2010-09-20,2.25
8572,2010-09-21,2.18
8573,2010-09-22,2.12
8574,2010-09-23,2.11
8575,2010-09-24,2.17
8576,2010-09-27,2.1
8577,2010-09-28,2.11
8578,2010-09-29,2.08
8579,2010-09-30,2.11
8580,2010-10-01,2.12
8581,2010-10-04,2.09
8582,2010-10-05,2.09
8583,2010-10-06,2.03
8584,2010-10-07,2.05
8585,2010-10-08,2.06
8586,2010-10-12,2.07
8587,2010-10-13,2.09
8588,2010-10-14,2.14
8589,2010-10-15,2.22
8590,2010-10-18,2.14
8591,2010-10-19,2.13
8592,2010-10-20,2.16
8593,2010-10-21,2.2
8594,2010-10-22,2.24
8595,2010-10-25,2.22
8596,2010-10-26,2.27
8597,2010-10-27,2.35
8598,2010-10-28,2.32
8599,2010-10-29,2.29
8600,2010-11-01,2.32
8601,2010-11-02,2.29
8602,2010-11-03,2.33
8603,2010-11-04,2.2
8604,2010-11-05,2.2
8605,2010-11-08,2.19
8606,2010-11-09,2.26
8607,2010-11-10,2.21
8608,2010-11-12,2.25
8609,2010-11-15,2.39
8610,2010-11-16,2.34
8611,2010-11-17,2.39
8612,2010-11-18,2.38
8613,2010-11-19,2.36
8614,2010-11-22,2.31
8615,2010-11-23,2.32
8616,2010-11-24,2.4
8617,2010-11-26,2.36
8618,2010-11-29,2.32
8619,2010-11-30,2.36
8620,2010-12-01,2.44
8621,2010-12-02,2.46
8622,2010-12-03,2.54
8623,2010-12-06,2.53
8624,2010-12-07,2.61
8625,2010-12-08,2.63
8626,2010-12-09,2.59
8627,2010-12-10,2.68
8628,2010-12-13,2.68
8629,2010-12-14,2.83
8630,2010-12-15,2.85
8631,2010-12-16,2.81
8632,2010-12-17,2.72
8633,2010-12-20,2.74
8634,2010-12-21,2.72
8635,2010-12-22,2.71
8636,2010-12-23,2.74
8637,2010-12-27,2.65
8638,2010-12-28,2.75
8639,2010-12-29,2.71
8640,2010-12-30,2.72
8641,2010-12-31,2.69
8642,2011-01-03,2.75
8643,2011-01-04,2.73
8644,2011-01-05,2.79
8645,2011-01-06,2.76
8646,2011-01-07,2.74
8647,2011-01-10,2.73
8648,2011-01-11,2.77
8649,2011-01-12,2.79
8650,2011-01-13,2.75
8651,2011-01-14,2.76
8652,2011-01-18,2.79
8653,2011-01-19,2.77
8654,2011-01-20,2.82
8655,2011-01-21,2.81
8656,2011-01-24,2.78
8657,2011-01-25,2.73
8658,2011-01-26,2.83
8659,2011-01-27,2.83
8660,2011-01-28,2.82
8661,2011-01-31,2.84
8662,2011-02-01,2.87
8663,2011-02-02,2.85
8664,2011-02-03,2.87
8665,2011-02-04,2.91
8666,2011-02-07,2.9
8667,2011-02-08,2.89
8668,2011-02-09,2.84
8669,2011-02-10,2.85
8670,2011-02-11,2.79
8671,2011-02-14,2.75
8672,2011-02-15,2.77
8673,2011-02-16,2.76
8674,2011-02-17,2.78
8675,2011-02-18,2.81
8676,2011-02-22,2.72
8677,2011-02-23,2.75
8678,2011-02-24,2.73
8679,2011-02-25,2.7
8680,2011-02-28,2.73
8681,2011-03-01,2.75
8682,2011-03-02,2.77
8683,2011-03-03,2.79
8684,2011-03-04,2.81
8685,2011-03-07,2.81
8686,2011-03-08,2.83
8687,2011-03-09,2.78
8688,2011-03-10,2.72
8689,2011-03-11,2.76
8690,2011-03-14,2.75
8691,2011-03-15,2.7
8692,2011-03-16,2.64
8693,2011-03-17,2.65
8694,2011-03-18,2.67
8695,2011-03-21,2.67
8696,2011-03-22,2.66
8697,2011-03-23,2.67
8698,2011-03-24,2.7
8699,2011-03-25,2.67
8700,2011-03-28,2.66
8701,2011-03-29,2.69
8702,2011-03-30,2.67
8703,2011-03-31,2.67
8704,2011-04-01,2.66
8705,2011-04-04,2.68
8706,2011-04-05,2.66
8707,2011-04-06,2.71
8708,2011-04-07,2.77
8709,2011-04-08,2.76
8710,2011-04-11,2.74
8711,2011-04-12,2.75
8712,2011-04-13,2.74
8713,2011-04-14,2.74
8714,2011-04-15,2.72
8715,2011-04-18,2.71
8716,2011-04-19,2.71
8717,2011-04-20,2.74
8718,2011-04-21,2.74
8719,2011-04-25,2.72
8720,2011-04-26,2.69
8721,2011-04-27,2.74
8722,2011-04-28,2.72
8723,2011-04-29,2.71
8724,2011-05-02,2.7
8725,2011-05-03,2.67
8726,2011-05-04,2.65
8727,2011-05-05,2.6
8728,2011-05-06,2.62
8729,2011-05-09,2.6
8730,2011-05-10,2.64
8731,2011-05-11,2.63
8732,2011-05-12,2.65
8733,2011-05-13,2.61
8734,2011-05-16,2.61
8735,2011-05-17,2.57
8736,2011-05-18,2.6
8737,2011-05-19,2.62
8738,2011-05-20,2.6
8739,2011-05-23,2.58
8740,2011-05-24,2.56
8741,2011-05-25,2.59
8742,2011-05-26,2.59
8743,2011-05-27,2.59
8744,2011-05-31,2.6
8745,2011-06-01,2.52
8746,2011-06-02,2.59
8747,2011-06-03,2.57
8748,2011-06-06,2.58
8749,2011-06-07,2.62
8750,2011-06-08,2.59
8751,2011-06-09,2.58
8752,2011-06-10,2.58
8753,2011-06-13,2.6
8754,2011-06-14,2.66
8755,2011-06-15,2.6
8756,2011-06-16,2.55
8757,2011-06-17,2.56
8758,2011-06-20,2.59
8759,2011-06-21,2.59
8760,2011-06-22,2.62
8761,2011-06-23,2.58
8762,2011-06-24,2.53
8763,2011-06-27,2.54
8764,2011-06-28,2.57
8765,2011-06-29,2.67
8766,2011-06-30,2.73
8767,2011-07-01,2.72
8768,2011-07-05,2.72
8769,2011-07-06,2.69
8770,2011-07-07,2.68
8771,2011-07-08,2.63
8772,2011-07-11,2.57
8773,2011-07-12,2.55
8774,2011-07-13,2.55
8775,2011-07-14,2.6
8776,2011-07-15,2.57
8777,2011-07-18,2.57
8778,2011-07-19,2.52
8779,2011-07-20,2.56
8780,2011-07-21,2.63
8781,2011-07-22,2.59
8782,2011-07-25,2.61
8783,2011-07-26,2.58
8784,2011-07-27,2.57
8785,2011-07-28,2.56
8786,2011-07-29,2.46
8787,2011-08-01,2.39
8788,2011-08-02,2.33
8789,2011-08-03,2.31
8790,2011-08-04,2.2
8791,2011-08-05,2.3
8792,2011-08-08,2.13
8793,2011-08-09,2.01
8794,2011-08-10,1.98
8795,2011-08-11,2.15
8796,2011-08-12,2.04
8797,2011-08-15,2.1
8798,2011-08-16,2.03
8799,2011-08-17,1.98
8800,2011-08-18,1.88
8801,2011-08-19,1.87
8802,2011-08-22,1.88
8803,2011-08-23,1.93
8804,2011-08-24,2.06
8805,2011-08-25,2.01
8806,2011-08-26,1.99
8807,2011-08-29,2.08
8808,2011-08-30,1.99
8809,2011-08-31,2.03
8810,2011-09-01,1.96
8811,2011-09-02,1.82
8812,2011-09-06,1.77
8813,2011-09-07,1.84
8814,2011-09-08,1.81
8815,2011-09-09,1.76
8816,2011-09-12,1.73
8817,2011-09-13,1.79
8818,2011-09-14,1.84
8819,2011-09-15,1.88
8820,2011-09-16,1.9
8821,2011-09-19,1.81
8822,2011-09-20,1.77
8823,2011-09-21,1.67
8824,2011-09-22,1.52
8825,2011-09-23,1.61
8826,2011-09-26,1.66
8827,2011-09-27,1.75
8828,2011-09-28,1.76
8829,2011-09-29,1.72
8830,2011-09-30,1.67
8831,2011-10-03,1.56
8832,2011-10-04,1.56
8833,2011-10-05,1.67
8834,2011-10-06,1.72
8835,2011-10-07,1.8
8836,2011-10-11,1.86
8837,2011-10-12,1.95
8838,2011-10-13,1.9
8839,2011-10-14,1.98
8840,2011-10-17,1.9
8841,2011-10-18,1.91
8842,2011-10-19,1.9
8843,2011-10-20,1.92
8844,2011-10-21,1.93
8845,2011-10-24,1.95
8846,2011-10-25,1.88
8847,2011-10-26,1.95
8848,2011-10-27,2.11
8849,2011-10-28,2.06
8850,2011-10-31,1.92
8851,2011-11-01,1.78
8852,2011-11-02,1.8
8853,2011-11-03,1.85
8854,2011-11-04,1.84
8855,2011-11-07,1.79
8856,2011-11-08,1.85
8857,2011-11-09,1.76
8858,2011-11-10,1.8
8859,2011-11-14,1.8
8860,2011-11-15,1.8
8861,2011-11-16,1.75
8862,2011-11-17,1.69
8863,2011-11-18,1.72
8864,2011-11-21,1.7
8865,2011-11-22,1.68
8866,2011-11-23,1.63
8867,2011-11-25,1.69
8868,2011-11-28,1.71
8869,2011-11-29,1.73
8870,2011-11-30,1.83
8871,2011-12-01,1.84
8872,2011-12-02,1.8
8873,2011-12-05,1.77
8874,2011-12-06,1.83
8875,2011-12-07,1.78
8876,2011-12-08,1.77
8877,2011-12-09,1.85
8878,2011-12-12,1.79
8879,2011-12-13,1.72
8880,2011-12-14,1.67
8881,2011-12-15,1.66
8882,2011-12-16,1.62
8883,2011-12-19,1.58
8884,2011-12-20,1.68
8885,2011-12-21,1.7
8886,2011-12-22,1.69
8887,2011-12-23,1.75
8888,2011-12-27,1.72
8889,2011-12-28,1.65
8890,2011-12-29,1.63
8891,2011-12-30,1.64
8892,2012-01-03,1.7
8893,2012-01-04,1.75
8894,2012-01-05,1.75
8895,2012-01-06,1.73
8896,2012-01-09,1.72
8897,2012-01-10,1.76
8898,2012-01-11,1.69
8899,2012-01-12,1.72
8900,2012-01-13,1.65
8901,2012-01-17,1.66
8902,2012-01-18,1.68
8903,2012-01-19,1.75
8904,2012-01-20,1.79
8905,2012-01-23,1.83
8906,2012-01-24,1.84
8907,2012-01-25,1.79
8908,2012-01-26,1.74
8909,2012-01-27,1.71
8910,2012-01-30,1.65
8911,2012-01-31,1.61
8912,2012-02-01,1.64
8913,2012-02-02,1.63
8914,2012-02-03,1.74
8915,2012-02-06,1.69
8916,2012-02-07,1.75
8917,2012-02-08,1.74
8918,2012-02-09,1.77
8919,2012-02-10,1.69
8920,2012-02-13,1.7
8921,2012-02-14,1.63
8922,2012-02-15,1.64
8923,2012-02-16,1.7
8924,2012-02-17,1.72
8925,2012-02-21,1.74
8926,2012-02-22,1.72
8927,2012-02-23,1.68
8928,2012-02-24,1.67
8929,2012-02-27,1.62
8930,2012-02-28,1.64
8931,2012-02-29,1.68
8932,2012-03-01,1.73
8933,2012-03-02,1.71
8934,2012-03-05,1.69
8935,2012-03-06,1.66
8936,2012-03-07,1.68
8937,2012-03-08,1.71
8938,2012-03-09,1.71
8939,2012-03-12,1.71
8940,2012-03-13,1.79
8941,2012-03-14,1.89
8942,2012-03-15,1.92
8943,2012-03-16,1.94
8944,2012-03-19,2.0
8945,2012-03-20,1.97
8946,2012-03-21,1.92
8947,2012-03-22,1.92
8948,2012-03-23,1.88
8949,2012-03-26,1.9
8950,2012-03-27,1.87
8951,2012-03-28,1.87
8952,2012-03-29,1.85
8953,2012-03-30,1.9
8954,2012-04-02,1.89
8955,2012-04-03,1.94
8956,2012-04-04,1.9
8957,2012-04-05,1.84
8958,2012-04-06,1.75
8959,2012-04-09,1.74
8960,2012-04-10,1.73
8961,2012-04-11,1.75
8962,2012-04-12,1.79
8963,2012-04-13,1.75
8964,2012-04-16,1.73
8965,2012-04-17,1.76
8966,2012-04-18,1.73
8967,2012-04-19,1.71
8968,2012-04-20,1.7
8969,2012-04-23,1.69
8970,2012-04-24,1.73
8971,2012-04-25,1.75
8972,2012-04-26,1.72
8973,2012-04-27,1.7
8974,2012-04-30,1.68
8975,2012-05-01,1.71
8976,2012-05-02,1.69
8977,2012-05-03,1.68
8978,2012-05-04,1.64
8979,2012-05-07,1.65
8980,2012-05-08,1.61
8981,2012-05-09,1.6
8982,2012-05-10,1.62
8983,2012-05-11,1.57
8984,2012-05-14,1.49
8985,2012-05-15,1.47
8986,2012-05-16,1.46
8987,2012-05-17,1.38
8988,2012-05-18,1.39
8989,2012-05-21,1.45
8990,2012-05-22,1.49
8991,2012-05-23,1.45
8992,2012-05-24,1.48
8993,2012-05-25,1.45
8994,2012-05-29,1.44
8995,2012-05-30,1.36
8996,2012-05-31,1.32
8997,2012-06-01,1.22
8998,2012-06-04,1.28
8999,2012-06-05,1.32
9000,2012-06-06,1.4
9001,2012-06-07,1.39
9002,2012-06-08,1.37
9003,2012-06-11,1.33
9004,2012-06-12,1.37
9005,2012-06-13,1.31
9006,2012-06-14,1.34
9007,2012-06-15,1.31
9008,2012-06-18,1.3
9009,2012-06-19,1.34
9010,2012-06-20,1.33
9011,2012-06-21,1.31
9012,2012-06-22,1.38
9013,2012-06-25,1.32
9014,2012-06-26,1.35
9015,2012-06-27,1.34
9016,2012-06-28,1.29
9017,2012-06-29,1.34
9018,2012-07-02,1.31
9019,2012-07-03,1.35
9020,2012-07-05,1.34
9021,2012-07-06,1.3
9022,2012-07-09,1.26
9023,2012-07-10,1.26
9024,2012-07-11,1.27
9025,2012-07-12,1.25
9026,2012-07-13,1.27
9027,2012-07-16,1.26
9028,2012-07-17,1.28
9029,2012-07-18,1.3
9030,2012-07-19,1.32
9031,2012-07-20,1.27
9032,2012-07-23,1.25
9033,2012-07-24,1.22
9034,2012-07-25,1.21
9035,2012-07-26,1.22
9036,2012-07-27,1.33
9037,2012-07-30,1.3
9038,2012-07-31,1.28
9039,2012-08-01,1.32
9040,2012-08-02,1.27
9041,2012-08-03,1.36
9042,2012-08-06,1.35
9043,2012-08-07,1.39
9044,2012-08-08,1.39
9045,2012-08-09,1.4
9046,2012-08-10,1.38
9047,2012-08-13,1.38
9048,2012-08-14,1.46
9049,2012-08-15,1.53
9050,2012-08-16,1.54
9051,2012-08-17,1.52
9052,2012-08-20,1.53
9053,2012-08-21,1.49
9054,2012-08-22,1.45
9055,2012-08-23,1.42
9056,2012-08-24,1.4
9057,2012-08-27,1.37
9058,2012-08-28,1.37
9059,2012-08-29,1.39
9060,2012-08-30,1.36
9061,2012-08-31,1.35
9062,2012-09-04,1.36
9063,2012-09-05,1.35
9064,2012-09-06,1.41
9065,2012-09-07,1.42
9066,2012-09-10,1.43
9067,2012-09-11,1.45
9068,2012-09-12,1.52
9069,2012-09-13,1.51
9070,2012-09-14,1.61
9071,2012-09-17,1.6
9072,2012-09-18,1.57
9073,2012-09-19,1.52
9074,2012-09-20,1.53
9075,2012-09-21,1.5
9076,2012-09-24,1.47
9077,2012-09-25,1.43
9078,2012-09-26,1.38
9079,2012-09-27,1.41
9080,2012-09-28,1.42
9081,2012-10-01,1.39
9082,2012-10-02,1.41
9083,2012-10-03,1.41
9084,2012-10-04,1.47
9085,2012-10-05,1.48
9086,2012-10-09,1.49
9087,2012-10-10,1.45
9088,2012-10-11,1.42
9089,2012-10-12,1.42
9090,2012-10-15,1.43
9091,2012-10-16,1.48
9092,2012-10-17,1.53
9093,2012-10-18,1.57
9094,2012-10-19,1.49
9095,2012-10-22,1.51
9096,2012-10-23,1.5
9097,2012-10-24,1.51
9098,2012-10-25,1.55
9099,2012-10-26,1.48
9100,2012-10-29,1.44
9101,2012-10-31,1.42
9102,2012-11-01,1.45
9103,2012-11-02,1.47
9104,2012-11-05,1.44
9105,2012-11-06,1.48
9106,2012-11-07,1.41
9107,2012-11-08,1.35
9108,2012-11-09,1.34
9109,2012-11-13,1.32
9110,2012-11-14,1.34
9111,2012-11-15,1.34
9112,2012-11-16,1.34
9113,2012-11-19,1.36
9114,2012-11-20,1.39
9115,2012-11-21,1.42
9116,2012-11-23,1.41
9117,2012-11-26,1.39
9118,2012-11-27,1.37
9119,2012-11-28,1.36
9120,2012-11-29,1.37
9121,2012-11-30,1.37
9122,2012-12-03,1.38
9123,2012-12-04,1.37
9124,2012-12-05,1.35
9125,2012-12-06,1.34
9126,2012-12-07,1.39
9127,2012-12-10,1.39
9128,2012-12-11,1.42
9129,2012-12-12,1.47
9130,2012-12-13,1.47
9131,2012-12-14,1.48
9132,2012-12-17,1.53
9133,2012-12-18,1.56
9134,2012-12-19,1.54
9135,2012-12-20,1.53
9136,2012-12-21,1.51
9137,2012-12-24,1.53
9138,2012-12-26,1.51
9139,2012-12-27,1.48
9140,2012-12-28,1.46
9141,2012-12-31,1.53
9142,2013-01-02,1.59
9143,2013-01-03,1.65
9144,2013-01-04,1.66
9145,2013-01-07,1.65
9146,2013-01-08,1.64
9147,2013-01-09,1.64
9148,2013-01-10,1.65
9149,2013-01-11,1.63
9150,2013-01-14,1.63
9151,2013-01-15,1.6
9152,2013-01-16,1.58
9153,2013-01-17,1.61
9154,2013-01-18,1.61
9155,2013-01-22,1.6
9156,2013-01-23,1.6
9157,2013-01-24,1.65
9158,2013-01-25,1.7
9159,2013-01-28,1.71
9160,2013-01-29,1.73
9161,2013-01-30,1.76
9162,2013-01-31,1.75
9163,2013-02-01,1.77
9164,2013-02-04,1.75
9165,2013-02-05,1.77
9166,2013-02-06,1.73
9167,2013-02-07,1.74
9168,2013-02-08,1.74
9169,2013-02-11,1.72
9170,2013-02-12,1.73
9171,2013-02-13,1.76
9172,2013-02-14,1.73
9173,2013-02-15,1.72
9174,2013-02-19,1.74
9175,2013-02-20,1.75
9176,2013-02-21,1.73
9177,2013-02-22,1.7
9178,2013-02-25,1.63
9179,2013-02-26,1.63
9180,2013-02-27,1.64
9181,2013-02-28,1.64
9182,2013-03-01,1.61
9183,2013-03-04,1.64
9184,2013-03-05,1.65
9185,2013-03-06,1.7
9186,2013-03-07,1.75
9187,2013-03-08,1.79
9188,2013-03-11,1.8
9189,2013-03-12,1.76
9190,2013-03-13,1.77
9191,2013-03-14,1.77
9192,2013-03-15,1.76
9193,2013-03-18,1.7
9194,2013-03-19,1.68
9195,2013-03-20,1.7
9196,2013-03-21,1.68
9197,2013-03-22,1.67
9198,2013-03-25,1.69
9199,2013-03-26,1.67
9200,2013-03-27,1.62
9201,2013-03-28,1.62
9202,2013-04-01,1.63
9203,2013-04-02,1.63
9204,2013-04-03,1.59
9205,2013-04-04,1.56
9206,2013-04-05,1.48
9207,2013-04-08,1.52
9208,2013-04-09,1.54
9209,2013-04-10,1.6
9210,2013-04-11,1.58
9211,2013-04-12,1.53
9212,2013-04-15,1.5
9213,2013-04-16,1.51
9214,2013-04-17,1.49
9215,2013-04-18,1.48
9216,2013-04-19,1.49
9217,2013-04-22,1.48
9218,2013-04-23,1.51
9219,2013-04-24,1.5
9220,2013-04-25,1.51
9221,2013-04-26,1.48
9222,2013-04-29,1.5
9223,2013-04-30,1.48
9224,2013-05-01,1.46
9225,2013-05-02,1.46
9226,2013-05-03,1.56
9227,2013-05-06,1.58
9228,2013-05-07,1.6
9229,2013-05-08,1.59
9230,2013-05-09,1.59
9231,2013-05-10,1.64
9232,2013-05-13,1.68
9233,2013-05-14,1.7
9234,2013-05-15,1.68
9235,2013-05-16,1.64
9236,2013-05-17,1.69
9237,2013-05-20,1.71
9238,2013-05-21,1.68
9239,2013-05-22,1.77
9240,2013-05-23,1.76
9241,2013-05-24,1.75
9242,2013-05-28,1.86
9243,2013-05-29,1.83
9244,2013-05-30,1.82
9245,2013-05-31,1.86
9246,2013-06-03,1.83
9247,2013-06-04,1.82
9248,2013-06-05,1.8
9249,2013-06-06,1.78
9250,2013-06-07,1.85
9251,2013-06-10,1.9
9252,2013-06-11,1.86
9253,2013-06-12,1.91
9254,2013-06-13,1.87
9255,2013-06-14,1.85
9256,2013-06-17,1.92
9257,2013-06-18,1.93
9258,2013-06-19,2.02
9259,2013-06-20,2.08
9260,2013-06-21,2.14
9261,2013-06-24,2.15
9262,2013-06-25,2.17
9263,2013-06-26,2.16
9264,2013-06-27,2.13
9265,2013-06-28,2.16
9266,2013-07-01,2.16
9267,2013-07-02,2.14
9268,2013-07-03,2.16
9269,2013-07-05,2.33
9270,2013-07-08,2.28
9271,2013-07-09,2.28
9272,2013-07-10,2.32
9273,2013-07-11,2.26
9274,2013-07-12,2.24
9275,2013-07-15,2.23
9276,2013-07-16,2.21
9277,2013-07-17,2.2
9278,2013-07-18,2.24
9279,2013-07-19,2.18
9280,2013-07-22,2.18
9281,2013-07-23,2.2
9282,2013-07-24,2.27
9283,2013-07-25,2.29
9284,2013-07-26,2.27
9285,2013-07-29,2.28
9286,2013-07-30,2.3
9287,2013-07-31,2.29
9288,2013-08-01,2.39
9289,2013-08-02,2.33
9290,2013-08-05,2.35
9291,2013-08-06,2.35
9292,2013-08-07,2.29
9293,2013-08-08,2.28
9294,2013-08-09,2.25
9295,2013-08-12,2.29
9296,2013-08-13,2.37
9297,2013-08-14,2.37
9298,2013-08-15,2.41
9299,2013-08-16,2.48
9300,2013-08-19,2.52
9301,2013-08-20,2.46
9302,2013-08-21,2.49
9303,2013-08-22,2.48
9304,2013-08-23,2.42
9305,2013-08-26,2.38
9306,2013-08-27,2.34
9307,2013-08-28,2.38
9308,2013-08-29,2.36
9309,2013-08-30,2.39
9310,2013-09-03,2.43
9311,2013-09-04,2.44
9312,2013-09-05,2.46
9313,2013-09-06,2.48
9314,2013-09-09,2.45
9315,2013-09-10,2.46
9316,2013-09-11,2.46
9317,2013-09-12,2.47
9318,2013-09-13,2.45
9319,2013-09-16,2.47
9320,2013-09-17,2.47
9321,2013-09-18,2.35
9322,2013-09-19,2.42
9323,2013-09-20,2.41
9324,2013-09-23,2.37
9325,2013-09-24,2.32
9326,2013-09-25,2.27
9327,2013-09-26,2.32
9328,2013-09-27,2.3
9329,2013-09-30,2.31
9330,2013-10-01,2.33
9331,2013-10-02,2.32
9332,2013-10-03,2.29
9333,2013-10-04,2.33
9334,2013-10-07,2.28
9335,2013-10-08,2.26
9336,2013-10-09,2.31
9337,2013-10-10,2.36
9338,2013-10-11,2.35
9339,2013-10-15,2.38
9340,2013-10-16,2.35
9341,2013-10-17,2.28
9342,2013-10-18,2.27
9343,2013-10-21,2.3
9344,2013-10-22,2.23
9345,2013-10-23,2.2
9346,2013-10-24,2.2
9347,2013-10-25,2.21
9348,2013-10-28,2.22
9349,2013-10-29,2.22
9350,2013-10-30,2.22
9351,2013-10-31,2.26
9352,2013-11-01,2.32
9353,2013-11-04,2.31
9354,2013-11-05,2.37
9355,2013-11-06,2.37
9356,2013-11-07,2.34
9357,2013-11-08,2.45
9358,2013-11-12,2.46
9359,2013-11-13,2.43
9360,2013-11-14,2.4
9361,2013-11-15,2.4
9362,2013-11-18,2.36
9363,2013-11-19,2.42
9364,2013-11-20,2.52
9365,2013-11-21,2.5
9366,2013-11-22,2.44
9367,2013-11-25,2.44
9368,2013-11-26,2.42
9369,2013-11-27,2.46
9370,2013-11-29,2.47
9371,2013-12-02,2.51
9372,2013-12-03,2.51
9373,2013-12-04,2.54
9374,2013-12-05,2.58
9375,2013-12-06,2.58
9376,2013-12-09,2.56
9377,2013-12-10,2.51
9378,2013-12-11,2.55
9379,2013-12-12,2.55
9380,2013-12-13,2.54
9381,2013-12-16,2.55
9382,2013-12-17,2.51
9383,2013-12-18,2.57
9384,2013-12-19,2.59
9385,2013-12-20,2.52
9386,2013-12-23,2.56
9387,2013-12-24,2.61
9388,2013-12-26,2.58
9389,2013-12-27,2.62
9390,2013-12-30,2.6
9391,2013-12-31,2.66
9392,2014-01-02,2.61
9393,2014-01-03,2.6
9394,2014-01-06,2.58
9395,2014-01-07,2.56
9396,2014-01-08,2.58
9397,2014-01-09,2.53
9398,2014-01-10,2.49
9399,2014-01-13,2.45
9400,2014-01-14,2.49
9401,2014-01-15,2.49
9402,2014-01-16,2.45
9403,2014-01-17,2.44
9404,2014-01-21,2.45
9405,2014-01-22,2.43
9406,2014-01-23,2.4
9407,2014-01-24,2.38
9408,2014-01-27,2.41
9409,2014-01-28,2.39
9410,2014-01-29,2.33
9411,2014-01-30,2.36
9412,2014-01-31,2.33
9413,2014-02-03,2.31
9414,2014-02-04,2.33
9415,2014-02-05,2.38
9416,2014-02-06,2.4
9417,2014-02-07,2.41
9418,2014-02-10,2.38
9419,2014-02-11,2.4
9420,2014-02-12,2.45
9421,2014-02-13,2.41
9422,2014-02-14,2.43
9423,2014-02-18,2.4
9424,2014-02-19,2.4
9425,2014-02-20,2.42
9426,2014-02-21,2.4
9427,2014-02-24,2.4
9428,2014-02-25,2.36
9429,2014-02-26,2.34
9430,2014-02-27,2.32
9431,2014-02-28,2.33
9432,2014-03-03,2.28
9433,2014-03-04,2.37
9434,2014-03-05,2.37
9435,2014-03-06,2.37
9436,2014-03-07,2.42
9437,2014-03-10,2.42
9438,2014-03-11,2.4
9439,2014-03-12,2.36
9440,2014-03-13,2.32
9441,2014-03-14,2.29
9442,2014-03-17,2.32
9443,2014-03-18,2.32
9444,2014-03-19,2.31
9445,2014-03-20,2.34
9446,2014-03-21,2.3
9447,2014-03-24,2.27
9448,2014-03-25,2.28
9449,2014-03-26,2.26
9450,2014-03-27,2.24
9451,2014-03-28,2.28
9452,2014-03-31,2.29
9453,2014-04-01,2.33
9454,2014-04-02,2.35
9455,2014-04-03,2.34
9456,2014-04-04,2.31
9457,2014-04-07,2.3
9458,2014-04-08,2.29
9459,2014-04-09,2.34
9460,2014-04-10,2.28
9461,2014-04-11,2.26
9462,2014-04-14,2.28
9463,2014-04-15,2.25
9464,2014-04-16,2.26
9465,2014-04-17,2.3
9466,2014-04-21,2.31
9467,2014-04-22,2.28
9468,2014-04-23,2.27
9469,2014-04-24,2.27
9470,2014-04-25,2.25
9471,2014-04-28,2.26
9472,2014-04-29,2.27
9473,2014-04-30,2.25
9474,2014-05-01,2.22
9475,2014-05-02,2.18
9476,2014-05-05,2.2
9477,2014-05-06,2.18
9478,2014-05-07,2.21
9479,2014-05-08,2.21
9480,2014-05-09,2.22
9481,2014-05-12,2.25
9482,2014-05-13,2.22
9483,2014-05-14,2.15
9484,2014-05-15,2.12
9485,2014-05-16,2.14
9486,2014-05-19,2.18
9487,2014-05-20,2.17
9488,2014-05-21,2.17
9489,2014-05-22,2.19
9490,2014-05-23,2.17
9491,2014-05-27,2.13
9492,2014-05-28,2.07
9493,2014-05-29,2.08
9494,2014-05-30,2.11
9495,2014-06-02,2.15
9496,2014-06-03,2.19
9497,2014-06-04,2.2
9498,2014-06-05,2.19
9499,2014-06-06,2.19
9500,2014-06-09,2.19
9501,2014-06-10,2.19
9502,2014-06-11,2.21
9503,2014-06-12,2.16
9504,2014-06-13,2.15
9505,2014-06-16,2.12
9506,2014-06-17,2.15
9507,2014-06-18,2.13
9508,2014-06-19,2.16
9509,2014-06-20,2.13
9510,2014-06-23,2.15
9511,2014-06-24,2.1
9512,2014-06-25,2.09
9513,2014-06-26,2.07
9514,2014-06-27,2.09
9515,2014-06-30,2.06
9516,2014-07-01,2.11
9517,2014-07-02,2.15
9518,2014-07-03,2.13
9519,2014-07-07,2.11
9520,2014-07-08,2.07
9521,2014-07-09,2.06
9522,2014-07-10,2.09
9523,2014-07-11,2.05
9524,2014-07-14,2.07
9525,2014-07-15,2.07
9526,2014-07-16,2.05
9527,2014-07-17,2.0
9528,2014-07-18,1.99
9529,2014-07-21,1.98
9530,2014-07-22,1.99
9531,2014-07-23,1.98
9532,2014-07-24,1.99
9533,2014-07-25,1.95
9534,2014-07-28,1.96
9535,2014-07-29,1.93
9536,2014-07-30,2.01
9537,2014-07-31,2.05
9538,2014-08-01,2.05
9539,2014-08-04,2.04
9540,2014-08-05,2.02
9541,2014-08-06,2.01
9542,2014-08-07,1.99
9543,2014-08-08,1.99
9544,2014-08-11,1.97
9545,2014-08-12,2.01
9546,2014-08-13,2.0
9547,2014-08-14,1.98
9548,2014-08-15,1.92
9549,2014-08-18,1.95
9550,2014-08-19,1.94
9551,2014-08-20,1.94
9552,2014-08-21,1.92
9553,2014-08-22,1.87
9554,2014-08-25,1.86
9555,2014-08-26,1.87
9556,2014-08-27,1.86
9557,2014-08-28,1.84
9558,2014-08-29,1.87
9559,2014-09-02,1.89
9560,2014-09-03,1.89
9561,2014-09-04,1.91
9562,2014-09-05,1.94
9563,2014-09-08,1.94
9564,2014-09-09,1.94
9565,2014-09-10,1.96
9566,2014-09-11,1.96
9567,2014-09-12,2.04
9568,2014-09-15,2.02
9569,2014-09-16,2.05
9570,2014-09-17,2.03
9571,2014-09-18,2.04
9572,2014-09-19,2.0
9573,2014-09-22,1.99
9574,2014-09-23,1.97
9575,2014-09-24,1.98
9576,2014-09-25,1.96
9577,2014-09-26,1.95
9578,2014-09-29,1.92
9579,2014-09-30,1.94
9580,2014-10-01,1.89
9581,2014-10-02,1.91
9582,2014-10-03,1.88
9583,2014-10-06,1.89
9584,2014-10-07,1.84
9585,2014-10-08,1.89
9586,2014-10-09,1.88
9587,2014-10-10,1.86
9588,2014-10-14,1.82
9589,2014-10-15,1.81
9590,2014-10-16,1.82
9591,2014-10-17,1.83
9592,2014-10-20,1.83
9593,2014-10-21,1.85
9594,2014-10-22,1.84
9595,2014-10-23,1.88
9596,2014-10-24,1.88
9597,2014-10-27,1.86
9598,2014-10-28,1.88
9599,2014-10-29,1.86
9600,2014-10-30,1.84
9601,2014-10-31,1.85
9602,2014-11-03,1.84
9603,2014-11-04,1.83
9604,2014-11-05,1.84
9605,2014-11-06,1.85
9606,2014-11-07,1.81
9607,2014-11-10,1.83
9608,2014-11-12,1.82
9609,2014-11-13,1.82
9610,2014-11-14,1.78
9611,2014-11-17,1.8
9612,2014-11-18,1.79
9613,2014-11-19,1.82
9614,2014-11-20,1.81
9615,2014-11-21,1.78
9616,2014-11-24,1.77
9617,2014-11-25,1.76
9618,2014-11-26,1.71
9619,2014-11-28,1.71
9620,2014-12-01,1.73
9621,2014-12-02,1.73
9622,2014-12-03,1.72
9623,2014-12-04,1.7
9624,2014-12-05,1.66
9625,2014-12-08,1.62
9626,2014-12-09,1.58
9627,2014-12-10,1.59
9628,2014-12-11,1.57
9629,2014-12-12,1.54
9630,2014-12-15,1.52
9631,2014-12-16,1.49
9632,2014-12-17,1.52
9633,2014-12-18,1.55
9634,2014-12-19,1.5
9635,2014-12-22,1.46
9636,2014-12-23,1.53
9637,2014-12-24,1.54
9638,2014-12-26,1.52
9639,2014-12-29,1.5
9640,2014-12-30,1.51
9641,2014-12-31,1.5
9642,2015-01-02,1.46
9643,2015-01-05,1.36
9644,2015-01-06,1.32
9645,2015-01-07,1.34
9646,2015-01-08,1.41
9647,2015-01-09,1.39
9648,2015-01-12,1.36
9649,2015-01-13,1.37
9650,2015-01-14,1.35
9651,2015-01-15,1.33
9652,2015-01-16,1.34
9653,2015-01-20,1.29
9654,2015-01-21,1.34
9655,2015-01-22,1.37
9656,2015-01-23,1.29
9657,2015-01-26,1.29
9658,2015-01-27,1.29
9659,2015-01-28,1.23
9660,2015-01-29,1.26
9661,2015-01-30,1.21
9662,2015-02-02,1.19
9663,2015-02-03,1.27
9664,2015-02-04,1.29
9665,2015-02-05,1.31
9666,2015-02-06,1.3
9667,2015-02-09,1.31
9668,2015-02-10,1.34
9669,2015-02-11,1.33
9670,2015-02-12,1.38
9671,2015-02-13,1.36
9672,2015-02-17,1.44
9673,2015-02-18,1.45
9674,2015-02-19,1.44
9675,2015-02-20,1.46
9676,2015-02-23,1.42
9677,2015-02-24,1.39
9678,2015-02-25,1.35
9679,2015-02-26,1.37
9680,2015-02-27,1.37
9681,2015-03-02,1.42
9682,2015-03-03,1.44
9683,2015-03-04,1.46
9684,2015-03-05,1.46
9685,2015-03-06,1.51
9686,2015-03-09,1.5
9687,2015-03-10,1.44
9688,2015-03-11,1.41
9689,2015-03-12,1.43
9690,2015-03-13,1.45
9691,2015-03-16,1.44
9692,2015-03-17,1.36
9693,2015-03-18,1.36
9694,2015-03-19,1.35
9695,2015-03-20,1.33
9696,2015-03-23,1.32
9697,2015-03-24,1.3
9698,2015-03-25,1.34
9699,2015-03-26,1.4
9700,2015-03-27,1.37
9701,2015-03-30,1.38
9702,2015-03-31,1.38
9703,2015-04-01,1.32
9704,2015-04-02,1.37
9705,2015-04-03,1.36
9706,2015-04-06,1.41
9707,2015-04-07,1.37
9708,2015-04-08,1.38
9709,2015-04-09,1.41
9710,2015-04-10,1.39
9711,2015-04-13,1.4
9712,2015-04-14,1.37
9713,2015-04-15,1.4
9714,2015-04-16,1.4
9715,2015-04-17,1.36
9716,2015-04-20,1.35
9717,2015-04-21,1.37
9718,2015-04-22,1.42
9719,2015-04-23,1.41
9720,2015-04-24,1.39
9721,2015-04-27,1.4
9722,2015-04-28,1.44
9723,2015-04-29,1.5
9724,2015-04-30,1.47
9725,2015-05-01,1.52
9726,2015-05-04,1.56
9727,2015-05-05,1.57
9728,2015-05-06,1.6
9729,2015-05-07,1.55
9730,2015-05-08,1.57
9731,2015-05-11,1.66
9732,2015-05-12,1.67
9733,2015-05-13,1.68
9734,2015-05-14,1.67
9735,2015-05-15,1.59
9736,2015-05-18,1.65
9737,2015-05-19,1.64
9738,2015-05-20,1.66
9739,2015-05-21,1.59
9740,2015-05-22,1.57
9741,2015-05-26,1.5
9742,2015-05-27,1.5
9743,2015-05-28,1.51
9744,2015-05-29,1.51
9745,2015-06-01,1.55
9746,2015-06-02,1.63
9747,2015-06-03,1.69
9748,2015-06-04,1.65
9749,2015-06-05,1.68
9750,2015-06-08,1.69
9751,2015-06-09,1.7
9752,2015-06-10,1.75
9753,2015-06-11,1.66
9754,2015-06-12,1.65
9755,2015-06-15,1.64
9756,2015-06-16,1.61
9757,2015-06-17,1.65
9758,2015-06-18,1.69
9759,2015-06-19,1.61
9760,2015-06-22,1.69
9761,2015-06-23,1.72
9762,2015-06-24,1.7
9763,2015-06-25,1.72
9764,2015-06-26,1.77
9765,2015-06-29,1.69
9766,2015-06-30,1.71
9767,2015-07-01,1.74
9768,2015-07-02,1.76
9769,2015-07-06,1.7
9770,2015-07-07,1.69
9771,2015-07-08,1.67
9772,2015-07-09,1.72
9773,2015-07-10,1.77
9774,2015-07-13,1.75
9775,2015-07-14,1.75
9776,2015-07-15,1.72
9777,2015-07-16,1.69
9778,2015-07-17,1.66
9779,2015-07-20,1.67
9780,2015-07-21,1.64
9781,2015-07-22,1.58
9782,2015-07-23,1.57
9783,2015-07-24,1.57
9784,2015-07-27,1.55
9785,2015-07-28,1.57
9786,2015-07-29,1.59
9787,2015-07-30,1.56
9788,2015-07-31,1.53
9789,2015-08-03,1.48
9790,2015-08-04,1.49
9791,2015-08-05,1.55
9792,2015-08-06,1.52
9793,2015-08-07,1.45
9794,2015-08-10,1.51
9795,2015-08-11,1.47
9796,2015-08-12,1.47
9797,2015-08-13,1.47
9798,2015-08-14,1.47
9799,2015-08-17,1.44
9800,2015-08-18,1.46
9801,2015-08-19,1.45
9802,2015-08-20,1.4
9803,2015-08-21,1.41
9804,2015-08-24,1.42
9805,2015-08-25,1.45
9806,2015-08-26,1.51
9807,2015-08-27,1.5
9808,2015-08-28,1.47
9809,2015-08-31,1.47
9810,2015-09-01,1.47
9811,2015-09-02,1.48
9812,2015-09-03,1.47
9813,2015-09-04,1.42
9814,2015-09-08,1.46
9815,2015-09-09,1.46
9816,2015-09-10,1.48
9817,2015-09-11,1.49
9818,2015-09-14,1.45
9819,2015-09-15,1.46
9820,2015-09-16,1.48
9821,2015-09-17,1.51
9822,2015-09-18,1.44
9823,2015-09-21,1.48
9824,2015-09-22,1.45
9825,2015-09-23,1.46
9826,2015-09-24,1.46
9827,2015-09-25,1.47
9828,2015-09-28,1.43
9829,2015-09-29,1.41
9830,2015-09-30,1.42
9831,2015-10-01,1.41
9832,2015-10-02,1.41
9833,2015-10-05,1.46
9834,2015-10-06,1.44
9835,2015-10-07,1.43
9836,2015-10-08,1.47
9837,2015-10-09,1.47
9838,2015-10-13,1.42
9839,2015-10-14,1.42
9840,2015-10-15,1.43
9841,2015-10-16,1.43
9842,2015-10-19,1.43
9843,2015-10-20,1.42
9844,2015-10-21,1.4
9845,2015-10-22,1.43
9846,2015-10-23,1.43
9847,2015-10-26,1.41
9848,2015-10-27,1.4
9849,2015-10-28,1.37
9850,2015-10-29,1.44
9851,2015-10-30,1.41
9852,2015-11-02,1.43
9853,2015-11-03,1.43
9854,2015-11-04,1.41
9855,2015-11-05,1.41
9856,2015-11-06,1.44
9857,2015-11-09,1.47
9858,2015-11-10,1.45
9859,2015-11-12,1.43
9860,2015-11-13,1.42
9861,2015-11-16,1.39
9862,2015-11-17,1.39
9863,2015-11-18,1.37
9864,2015-11-19,1.33
9865,2015-11-20,1.33
9866,2015-11-23,1.31
9867,2015-11-24,1.31
9868,2015-11-25,1.3
9869,2015-11-27,1.3
9870,2015-11-30,1.27
9871,2015-12-01,1.24
9872,2015-12-02,1.24
9873,2015-12-03,1.37
9874,2015-12-04,1.32
9875,2015-12-07,1.29
9876,2015-12-08,1.3
9877,2015-12-09,1.29
9878,2015-12-10,1.29
9879,2015-12-11,1.25
9880,2015-12-14,1.26
9881,2015-12-15,1.3
9882,2015-12-16,1.28
9883,2015-12-17,1.24
9884,2015-12-18,1.22
9885,2015-12-21,1.24
9886,2015-12-22,1.25
9887,2015-12-23,1.26
9888,2015-12-24,1.22
9889,2015-12-28,1.19
9890,2015-12-29,1.23
9891,2015-12-30,1.23
9892,2015-12-31,1.21
9893,2016-01-04,1.22
9894,2016-01-05,1.21
9895,2016-01-06,1.19
9896,2016-01-07,1.2
9897,2016-01-08,1.19
9898,2016-01-11,1.23
9899,2016-01-12,1.19
9900,2016-01-13,1.17
9901,2016-01-14,1.2
9902,2016-01-15,1.18
9903,2016-01-19,1.18
9904,2016-01-20,1.16
9905,2016-01-21,1.18
9906,2016-01-22,1.19
9907,2016-01-25,1.15
9908,2016-01-26,1.16
9909,2016-01-27,1.18
9910,2016-01-28,1.17
9911,2016-01-29,1.18
9912,2016-02-01,1.16
9913,2016-02-02,1.12
9914,2016-02-03,1.16
9915,2016-02-04,1.17
9916,2016-02-05,1.12
9917,2016-02-08,1.09
9918,2016-02-09,1.05
9919,2016-02-10,1.0
9920,2016-02-11,0.99
9921,2016-02-12,1.03
9922,2016-02-16,1.04
9923,2016-02-17,1.07
9924,2016-02-18,1.04
9925,2016-02-19,1.0
9926,2016-02-22,0.99
9927,2016-02-23,0.98
9928,2016-02-24,1.0
9929,2016-02-25,0.99
9930,2016-02-26,0.96
9931,2016-02-29,0.96
9932,2016-03-01,0.98
9933,2016-03-02,0.99
9934,2016-03-03,0.98
9935,2016-03-04,1.0
9936,2016-03-07,1.0
9937,2016-03-08,0.95
9938,2016-03-09,1.0
9939,2016-03-10,1.0
9940,2016-03-11,1.01
9941,2016-03-14,1.0
9942,2016-03-15,0.99
9943,2016-03-16,1.07
9944,2016-03-17,1.04
9945,2016-03-18,1.04
9946,2016-03-21,1.05
9947,2016-03-22,1.03
9948,2016-03-23,1.01
9949,2016-03-24,1.02
9950,2016-03-28,1.0
9951,2016-03-29,1.03
9952,2016-03-30,1.07
9953,2016-03-31,1.05
9954,2016-04-01,1.03
9955,2016-04-04,1.03
9956,2016-04-05,1.01
9957,2016-04-06,1.03
9958,2016-04-07,1.0
9959,2016-04-08,1.02
9960,2016-04-11,1.03
9961,2016-04-12,1.05
9962,2016-04-13,1.02
9963,2016-04-14,1.03
9964,2016-04-15,1.02
9965,2016-04-18,1.03
9966,2016-04-19,1.02
9967,2016-04-20,1.05
9968,2016-04-21,1.06
9969,2016-04-22,1.05
9970,2016-04-25,1.06
9971,2016-04-26,1.08
9972,2016-04-27,1.04
9973,2016-04-28,1.06
9974,2016-04-29,1.06
9975,2016-05-02,1.08
9976,2016-05-03,1.06
9977,2016-05-04,1.04
9978,2016-05-05,1.04
9979,2016-05-06,1.05
9980,2016-05-09,1.05
9981,2016-05-10,1.05
9982,2016-05-11,0.99
9983,2016-05-12,0.99
9984,2016-05-13,0.95
9985,2016-05-16,0.96
9986,2016-05-17,0.94
9987,2016-05-18,0.97
9988,2016-05-19,0.96
9989,2016-05-20,0.96
9990,2016-05-23,0.93
9991,2016-05-24,0.94
9992,2016-05-25,0.95
9993,2016-05-26,0.96
9994,2016-05-27,0.95
9995,2016-05-31,0.97
9996,2016-06-01,0.94
9997,2016-06-02,0.92
9998,2016-06-03,0.93
9999,2016-06-06,0.93
10000,2016-06-07,0.94
10001,2016-06-08,0.93
10002,2016-06-09,0.91
10003,2016-06-10,0.91
10004,2016-06-13,0.89
10005,2016-06-14,0.88
10006,2016-06-15,0.91
10007,2016-06-16,0.87
10008,2016-06-17,0.92
10009,2016-06-20,0.93
10010,2016-06-21,0.95
10011,2016-06-22,0.94
10012,2016-06-23,0.96
10013,2016-06-24,0.93
10014,2016-06-27,0.85
10015,2016-06-28,0.85
10016,2016-06-29,0.88
10017,2016-06-30,0.91
10018,2016-07-01,0.87
10019,2016-07-05,0.81
10020,2016-07-06,0.8
10021,2016-07-07,0.82
10022,2016-07-08,0.76
10023,2016-07-11,0.77
10024,2016-07-12,0.84
10025,2016-07-13,0.8
10026,2016-07-14,0.85
10027,2016-07-15,0.89
10028,2016-07-18,0.91
10029,2016-07-19,0.86
10030,2016-07-20,0.86
10031,2016-07-21,0.87
10032,2016-07-22,0.86
10033,2016-07-25,0.86
10034,2016-07-26,0.82
10035,2016-07-27,0.79
10036,2016-07-28,0.8
10037,2016-07-29,0.79
10038,2016-08-01,0.84
10039,2016-08-02,0.88
10040,2016-08-03,0.88
10041,2016-08-04,0.87
10042,2016-08-05,0.87
10043,2016-08-08,0.85
10044,2016-08-09,0.84
10045,2016-08-10,0.81
10046,2016-08-11,0.81
10047,2016-08-12,0.8
10048,2016-08-15,0.83
10049,2016-08-16,0.81
10050,2016-08-17,0.82
10051,2016-08-18,0.82
10052,2016-08-19,0.82
10053,2016-08-22,0.79
10054,2016-08-23,0.81
10055,2016-08-24,0.8
10056,2016-08-25,0.8
10057,2016-08-26,0.78
10058,2016-08-29,0.76
10059,2016-08-30,0.77
10060,2016-08-31,0.78
10061,2016-09-01,0.79
10062,2016-09-02,0.8
10063,2016-09-06,0.81
10064,2016-09-07,0.8
10065,2016-09-08,0.83
10066,2016-09-09,0.88
10067,2016-09-12,0.89
10068,2016-09-13,0.93
10069,2016-09-14,0.93
10070,2016-09-15,0.97
10071,2016-09-16,0.93
10072,2016-09-19,0.91
10073,2016-09-20,0.9
10074,2016-09-21,0.87
10075,2016-09-22,0.84
10076,2016-09-23,0.85
10077,2016-09-26,0.83
10078,2016-09-27,0.81
10079,2016-09-28,0.82
10080,2016-09-29,0.83
10081,2016-09-30,0.83
10082,2016-10-03,0.83
10083,2016-10-04,0.87
10084,2016-10-05,0.87
10085,2016-10-06,0.89
10086,2016-10-07,0.9
10087,2016-10-11,0.9
10088,2016-10-12,0.92
10089,2016-10-13,0.9
10090,2016-10-14,0.96
10091,2016-10-17,0.96
10092,2016-10-18,0.93
10093,2016-10-19,0.95
10094,2016-10-20,0.92
10095,2016-10-21,0.9
10096,2016-10-24,0.93
10097,2016-10-25,0.91
10098,2016-10-26,0.93
10099,2016-10-27,0.98
10100,2016-10-28,1.0
10101,2016-10-31,0.98
10102,2016-11-01,1.0
10103,2016-11-02,1.0
10104,2016-11-03,1.01
10105,2016-11-04,0.99
10106,2016-11-07,1.01
10107,2016-11-08,1.01
10108,2016-11-09,1.17
10109,2016-11-10,1.23
10110,2016-11-14,1.23
10111,2016-11-15,1.21
10112,2016-11-16,1.22
10113,2016-11-17,1.25
10114,2016-11-18,1.27
10115,2016-11-21,1.25
10116,2016-11-22,1.24
10117,2016-11-23,1.24
10118,2016-11-25,1.24
10119,2016-11-28,1.21
10120,2016-11-29,1.21
10121,2016-11-30,1.26
10122,2016-12-01,1.31
10123,2016-12-02,1.29
10124,2016-12-05,1.26
10125,2016-12-06,1.27
10126,2016-12-07,1.24
10127,2016-12-08,1.28
10128,2016-12-09,1.32
10129,2016-12-12,1.34
10130,2016-12-13,1.31
10131,2016-12-14,1.27
10132,2016-12-15,1.31
10133,2016-12-16,1.32
10134,2016-12-19,1.3
10135,2016-12-20,1.32
10136,2016-12-21,1.34
10137,2016-12-22,1.33
10138,2016-12-23,1.33
10139,2016-12-27,1.29
10140,2016-12-28,1.25
10141,2016-12-29,1.27
10142,2016-12-30,1.25
10143,2017-01-03,1.23
10144,2017-01-04,1.22
10145,2017-01-05,1.2
10146,2017-01-06,1.2
10147,2017-01-09,1.17
10148,2017-01-10,1.19
10149,2017-01-11,1.18
10150,2017-01-12,1.18
10151,2017-01-13,1.19
10152,2017-01-17,1.16
10153,2017-01-18,1.19
10154,2017-01-19,1.22
10155,2017-01-20,1.28
10156,2017-01-23,1.25
10157,2017-01-24,1.26
10158,2017-01-25,1.3
10159,2017-01-26,1.3
10160,2017-01-27,1.27
10161,2017-01-30,1.27
10162,2017-01-31,1.26
10163,2017-02-01,1.26
10164,2017-02-02,1.27
10165,2017-02-03,1.28
10166,2017-02-06,1.26
10167,2017-02-07,1.24
10168,2017-02-08,1.19
10169,2017-02-09,1.2
10170,2017-02-10,1.21
10171,2017-02-13,1.23
10172,2017-02-14,1.22
10173,2017-02-15,1.24
10174,2017-02-16,1.23
10175,2017-02-17,1.21
10176,2017-02-21,1.21
10177,2017-02-22,1.2
10178,2017-02-23,1.2
10179,2017-02-24,1.19
10180,2017-02-27,1.16
10181,2017-02-28,1.14
10182,2017-03-01,1.17
10183,2017-03-02,1.17
10184,2017-03-03,1.17
10185,2017-03-06,1.18
10186,2017-03-07,1.2
10187,2017-03-08,1.21
10188,2017-03-09,1.23
10189,2017-03-10,1.22
10190,2017-03-13,1.22
10191,2017-03-14,1.2
10192,2017-03-15,1.18
10193,2017-03-16,1.18
10194,2017-03-17,1.17
10195,2017-03-20,1.17
10196,2017-03-21,1.16
10197,2017-03-22,1.13
10198,2017-03-23,1.15
10199,2017-03-24,1.14
10200,2017-03-27,1.11
10201,2017-03-28,1.12
10202,2017-03-29,1.13
10203,2017-03-30,1.14
10204,2017-03-31,1.13
10205,2017-04-03,1.11
10206,2017-04-04,1.11
10207,2017-04-05,1.1
10208,2017-04-06,1.1
10209,2017-04-07,1.09
10210,2017-04-10,1.08
10211,2017-04-11,1.08
10212,2017-04-12,1.04
10213,2017-04-13,1.03
10214,2017-04-17,1.05
10215,2017-04-18,1.0
10216,2017-04-19,1.02
10217,2017-04-20,1.03
10218,2017-04-21,1.04
10219,2017-04-24,1.03
10220,2017-04-25,1.06
10221,2017-04-26,1.04
10222,2017-04-27,1.05
10223,2017-04-28,1.01
10224,2017-05-01,1.05
10225,2017-05-02,1.02
10226,2017-05-03,1.03
10227,2017-05-04,1.04
10228,2017-05-05,1.04
10229,2017-05-08,1.06
10230,2017-05-09,1.05
10231,2017-05-10,1.06
10232,2017-05-11,1.04
10233,2017-05-12,1.04
10234,2017-05-15,1.03
10235,2017-05-16,1.04
10236,2017-05-17,0.96
10237,2017-05-18,0.96
10238,2017-05-19,0.95
10239,2017-05-22,0.96
10240,2017-05-23,0.98
10241,2017-05-24,0.97
10242,2017-05-25,0.95
10243,2017-05-26,0.95
10244,2017-05-30,0.93
10245,2017-05-31,0.93
10246,2017-06-01,0.93
10247,2017-06-02,0.87
10248,2017-06-05,0.86
10249,2017-06-06,0.84
10250,2017-06-07,0.86
10251,2017-06-08,0.86
10252,2017-06-09,0.86
10253,2017-06-12,0.86
10254,2017-06-13,0.83
10255,2017-06-14,0.8
10256,2017-06-15,0.81
10257,2017-06-16,0.84
10258,2017-06-19,0.83
10259,2017-06-20,0.8
10260,2017-06-21,0.8
10261,2017-06-22,0.81
10262,2017-06-23,0.81
10263,2017-06-26,0.78
10264,2017-06-27,0.83
10265,2017-06-28,0.88
10266,2017-06-29,0.89
10267,2017-06-30,0.93
10268,2017-07-03,0.94
10269,2017-07-05,0.92
10270,2017-07-06,0.97
10271,2017-07-07,0.99
10272,2017-07-10,0.98
10273,2017-07-11,1.0
10274,2017-07-12,0.98
10275,2017-07-13,0.98
10276,2017-07-14,0.98
10277,2017-07-17,0.95
10278,2017-07-18,0.91
10279,2017-07-19,0.9
10280,2017-07-20,0.9
10281,2017-07-21,0.88
10282,2017-07-24,0.89
10283,2017-07-25,0.93
10284,2017-07-26,0.93
10285,2017-07-27,0.96
10286,2017-07-28,0.96
10287,2017-07-31,0.96
10288,2017-08-01,0.92
10289,2017-08-02,0.91
10290,2017-08-03,0.9
10291,2017-08-04,0.91
10292,2017-08-07,0.9
10293,2017-08-08,0.93
10294,2017-08-09,0.91
10295,2017-08-10,0.87
10296,2017-08-11,0.89
10297,2017-08-14,0.89
10298,2017-08-15,0.92
10299,2017-08-16,0.9
10300,2017-08-17,0.87
10301,2017-08-18,0.86
10302,2017-08-21,0.86
10303,2017-08-22,0.89
10304,2017-08-23,0.85
10305,2017-08-24,0.86
10306,2017-08-25,0.82
10307,2017-08-28,0.83
10308,2017-08-29,0.8
10309,2017-08-30,0.82
10310,2017-08-31,0.79
10311,2017-09-01,0.81
10312,2017-09-05,0.77
10313,2017-09-06,0.8
10314,2017-09-07,0.78
10315,2017-09-08,0.79
10316,2017-09-11,0.82
10317,2017-09-12,0.84
10318,2017-09-13,0.85
10319,2017-09-14,0.83
10320,2017-09-15,0.81
10321,2017-09-18,0.83
10322,2017-09-19,0.84
10323,2017-09-20,0.83
10324,2017-09-21,0.82
10325,2017-09-22,0.8
10326,2017-09-25,0.78
10327,2017-09-26,0.79
10328,2017-09-27,0.84
10329,2017-09-28,0.86
10330,2017-09-29,0.86
10331,2017-10-02,0.85
10332,2017-10-03,0.86
10333,2017-10-04,0.86
10334,2017-10-05,0.86
10335,2017-10-06,0.83
10336,2017-10-10,0.84
10337,2017-10-11,0.84
10338,2017-10-12,0.82
10339,2017-10-13,0.77
10340,2017-10-16,0.76
10341,2017-10-17,0.76
10342,2017-10-18,0.75
10343,2017-10-19,0.75
10344,2017-10-20,0.79
10345,2017-10-23,0.8
10346,2017-10-24,0.82
10347,2017-10-25,0.83
10348,2017-10-26,0.83
10349,2017-10-27,0.83
10350,2017-10-30,0.79
10351,2017-10-31,0.78
10352,2017-11-01,0.76
10353,2017-11-02,0.74
10354,2017-11-03,0.71
10355,2017-11-06,0.71
10356,2017-11-07,0.69
10357,2017-11-08,0.67
10358,2017-11-09,0.7
10359,2017-11-10,0.73
10360,2017-11-13,0.7
10361,2017-11-14,0.7
10362,2017-11-15,0.65
10363,2017-11-16,0.65
10364,2017-11-17,0.62
10365,2017-11-20,0.6
10366,2017-11-21,0.59
10367,2017-11-22,0.58
10368,2017-11-24,0.59
10369,2017-11-27,0.58
10370,2017-11-28,0.59
10371,2017-11-29,0.59
10372,2017-11-30,0.64
10373,2017-12-01,0.59
10374,2017-12-04,0.57
10375,2017-12-05,0.53
10376,2017-12-06,0.55
10377,2017-12-07,0.57
10378,2017-12-08,0.58
10379,2017-12-11,0.57
10380,2017-12-12,0.57
10381,2017-12-13,0.57
10382,2017-12-14,0.53
10383,2017-12-15,0.51
10384,2017-12-18,0.55
10385,2017-12-19,0.59
10386,2017-12-20,0.62
10387,2017-12-21,0.59
10388,2017-12-22,0.57
10389,2017-12-26,0.55
10390,2017-12-27,0.53
10391,2017-12-28,0.52
10392,2017-12-29,0.51
10393,2018-01-02,0.54
10394,2018-01-03,0.5
10395,2018-01-04,0.5
10396,2018-01-05,0.51
10397,2018-01-08,0.53
10398,2018-01-09,0.57
10399,2018-01-10,0.57
10400,2018-01-11,0.56
10401,2018-01-12,0.56
10402,2018-01-16,0.51
10403,2018-01-17,0.52
10404,2018-01-18,0.57
10405,2018-01-19,0.58
10406,2018-01-22,0.58
10407,2018-01-23,0.57
10408,2018-01-24,0.57
10409,2018-01-25,0.55
10410,2018-01-26,0.53
10411,2018-01-29,0.59
10412,2018-01-30,0.6
10413,2018-01-31,0.58
10414,2018-02-01,0.62
10415,2018-02-02,0.69
10416,2018-02-05,0.69
10417,2018-02-06,0.69
10418,2018-02-07,0.69
10419,2018-02-08,0.72
10420,2018-02-09,0.78
10421,2018-02-12,0.77
10422,2018-02-13,0.73
10423,2018-02-14,0.74
10424,2018-02-15,0.71
10425,2018-02-16,0.66
10426,2018-02-20,0.63
10427,2018-02-21,0.68
10428,2018-02-22,0.67
10429,2018-02-23,0.63
10430,2018-02-26,0.64
10431,2018-02-27,0.63
10432,2018-02-28,0.62
10433,2018-03-01,0.59
10434,2018-03-02,0.61
10435,2018-03-05,0.64
10436,2018-03-06,0.63
10437,2018-03-07,0.64
10438,2018-03-08,0.61
10439,2018-03-09,0.63
10440,2018-03-12,0.6
10441,2018-03-13,0.58
10442,2018-03-14,0.55
10443,2018-03-15,0.53
10444,2018-03-16,0.54
10445,2018-03-19,0.54
10446,2018-03-20,0.55
10447,2018-03-21,0.58
10448,2018-03-22,0.54
10449,2018-03-23,0.54
10450,2018-03-26,0.52
10451,2018-03-27,0.52
10452,2018-03-28,0.49
10453,2018-03-29,0.47
10454,2018-04-02,0.48
10455,2018-04-03,0.51
10456,2018-04-04,0.51
10457,2018-04-05,0.53
10458,2018-04-06,0.5
10459,2018-04-09,0.49
10460,2018-04-10,0.48
10461,2018-04-11,0.47
10462,2018-04-12,0.49
10463,2018-04-13,0.45
10464,2018-04-16,0.44
10465,2018-04-17,0.41
10466,2018-04-18,0.45
10467,2018-04-19,0.48
10468,2018-04-20,0.5
10469,2018-04-23,0.49
10470,2018-04-24,0.52
10471,2018-04-25,0.54
10472,2018-04-26,0.51
10473,2018-04-27,0.47
10474,2018-04-30,0.46
10475,2018-05-01,0.47
10476,2018-05-02,0.48
10477,2018-05-03,0.45
10478,2018-05-04,0.44
10479,2018-05-07,0.46
10480,2018-05-08,0.46
10481,2018-05-09,0.46
10482,2018-05-10,0.43
10483,2018-05-11,0.43
10484,2018-05-14,0.45
10485,2018-05-15,0.5
10486,2018-05-16,0.51
10487,2018-05-17,0.54
10488,2018-05-18,0.51
10489,2018-05-21,0.48
10490,2018-05-22,0.47
10491,2018-05-23,0.48
10492,2018-05-24,0.48
10493,2018-05-25,0.45
10494,2018-05-29,0.45
10495,2018-05-30,0.42
10496,2018-05-31,0.43
10497,2018-06-01,0.42
10498,2018-06-04,0.42
10499,2018-06-05,0.43
10500,2018-06-06,0.45
10501,2018-06-07,0.43
10502,2018-06-08,0.43
10503,2018-06-11,0.44
10504,2018-06-12,0.42
10505,2018-06-13,0.39
10506,2018-06-14,0.35
10507,2018-06-15,0.38
10508,2018-06-18,0.36
10509,2018-06-19,0.35
10510,2018-06-20,0.37
10511,2018-06-21,0.34
10512,2018-06-22,0.34
10513,2018-06-25,0.33
10514,2018-06-26,0.35
10515,2018-06-27,0.31
10516,2018-06-28,0.32
10517,2018-06-29,0.33
10518,2018-07-02,0.3
10519,2018-07-03,0.3
10520,2018-07-05,0.29
10521,2018-07-06,0.29
10522,2018-07-09,0.29
10523,2018-07-10,0.28
10524,2018-07-11,0.27
10525,2018-07-12,0.25
10526,2018-07-13,0.24
10527,2018-07-16,0.26
10528,2018-07-17,0.24
10529,2018-07-18,0.28
10530,2018-07-19,0.24
10531,2018-07-20,0.29
10532,2018-07-23,0.32
10533,2018-07-24,0.32
10534,2018-07-25,0.28
10535,2018-07-26,0.29
10536,2018-07-27,0.29
10537,2018-07-30,0.32
10538,2018-07-31,0.29
10539,2018-08-01,0.33
10540,2018-08-02,0.32
10541,2018-08-03,0.32
10542,2018-08-06,0.3
10543,2018-08-07,0.3
10544,2018-08-08,0.28
10545,2018-08-09,0.29
10546,2018-08-10,0.26
10547,2018-08-13,0.27
10548,2018-08-14,0.26
10549,2018-08-15,0.25
10550,2018-08-16,0.24
10551,2018-08-17,0.26
10552,2018-08-20,0.22
10553,2018-08-21,0.24
10554,2018-08-22,0.22
10555,2018-08-23,0.21
10556,2018-08-24,0.19
10557,2018-08-27,0.18
10558,2018-08-28,0.21
10559,2018-08-29,0.22
10560,2018-08-30,0.22
10561,2018-08-31,0.24
10562,2018-09-04,0.24
10563,2018-09-05,0.24
10564,2018-09-06,0.24
10565,2018-09-07,0.23
10566,2018-09-10,0.21
10567,2018-09-11,0.22
10568,2018-09-12,0.23
10569,2018-09-13,0.21
10570,2018-09-14,0.21
10571,2018-09-17,0.21
10572,2018-09-18,0.24
10573,2018-09-19,0.27
10574,2018-09-20,0.26
10575,2018-09-21,0.26
10576,2018-09-24,0.25
10577,2018-09-25,0.27
10578,2018-09-26,0.23
10579,2018-09-27,0.23
10580,2018-09-28,0.24
10581,2018-10-01,0.27
10582,2018-10-02,0.23
10583,2018-10-03,0.3
10584,2018-10-04,0.32
10585,2018-10-05,0.35
10586,2018-10-09,0.33
10587,2018-10-10,0.34
10588,2018-10-11,0.29
10589,2018-10-12,0.3
10590,2018-10-15,0.31
10591,2018-10-16,0.29
10592,2018-10-17,0.3
10593,2018-10-18,0.3
10594,2018-10-19,0.28
10595,2018-10-22,0.28
10596,2018-10-23,0.28
10597,2018-10-24,0.26
10598,2018-10-25,0.28
10599,2018-10-26,0.27
10600,2018-10-29,0.27
10601,2018-10-30,0.28
10602,2018-10-31,0.28
10603,2018-11-01,0.3
10604,2018-11-02,0.31
10605,2018-11-05,0.29
10606,2018-11-06,0.29
10607,2018-11-07,0.26
10608,2018-11-08,0.26
10609,2018-11-09,0.25
10610,2018-11-13,0.25
10611,2018-11-14,0.26
10612,2018-11-15,0.25
10613,2018-11-16,0.27
10614,2018-11-19,0.27
10615,2018-11-20,0.27
10616,2018-11-21,0.25
10617,2018-11-23,0.24
10618,2018-11-26,0.23
10619,2018-11-27,0.23
10620,2018-11-28,0.25
10621,2018-11-29,0.22
10622,2018-11-30,0.21
10623,2018-12-03,0.15
10624,2018-12-04,0.11
10625,2018-12-06,0.12
10626,2018-12-07,0.13
10627,2018-12-10,0.13
10628,2018-12-11,0.11
10629,2018-12-12,0.14
10630,2018-12-13,0.16
10631,2018-12-14,0.16
10632,2018-12-17,0.16
10633,2018-12-18,0.17
10634,2018-12-19,0.14
10635,2018-12-20,0.12
10636,2018-12-21,0.16
10637,2018-12-24,0.19
10638,2018-12-26,0.2
10639,2018-12-27,0.21
10640,2018-12-28,0.2
10641,2018-12-31,0.21
10642,2019-01-02,0.16
10643,2019-01-03,0.17
10644,2019-01-04,0.17
10645,2019-01-07,0.17
10646,2019-01-08,0.15
10647,2019-01-09,0.18
10648,2019-01-10,0.18
10649,2019-01-11,0.16
10650,2019-01-14,0.18
10651,2019-01-15,0.19
10652,2019-01-16,0.18
10653,2019-01-17,0.19
10654,2019-01-18,0.17
10655,2019-01-22,0.16
10656,2019-01-23,0.18
10657,2019-01-24,0.16
10658,2019-01-25,0.16
10659,2019-01-28,0.15
10660,2019-01-29,0.16
10661,2019-01-30,0.18
10662,2019-01-31,0.18
10663,2019-02-01,0.18
10664,2019-02-04,0.2
10665,2019-02-05,0.18
10666,2019-02-06,0.18
10667,2019-02-07,0.17
10668,2019-02-08,0.18
10669,2019-02-11,0.17
10670,2019-02-12,0.18
10671,2019-02-13,0.18
10672,2019-02-14,0.16
10673,2019-02-15,0.14
10674,2019-02-19,0.15
10675,2019-02-20,0.15
10676,2019-02-21,0.16
10677,2019-02-22,0.17
10678,2019-02-25,0.16
10679,2019-02-26,0.16
10680,2019-02-27,0.19
10681,2019-02-28,0.21
10682,2019-03-01,0.21
10683,2019-03-04,0.17
10684,2019-03-05,0.17
10685,2019-03-06,0.17
10686,2019-03-07,0.17
10687,2019-03-08,0.17
10688,2019-03-11,0.17
10689,2019-03-12,0.16
10690,2019-03-13,0.16
10691,2019-03-14,0.17
10692,2019-03-15,0.16
10693,2019-03-18,0.15
10694,2019-03-19,0.15
10695,2019-03-20,0.14
10696,2019-03-21,0.13
10697,2019-03-22,0.13
10698,2019-03-25,0.17
10699,2019-03-26,0.17
10700,2019-03-27,0.17
10701,2019-03-28,0.16
10702,2019-03-29,0.14
10703,2019-04-01,0.16
10704,2019-04-02,0.18
10705,2019-04-03,0.19
10706,2019-04-04,0.18
10707,2019-04-05,0.15
10708,2019-04-08,0.16
10709,2019-04-09,0.16
10710,2019-04-10,0.17
10711,2019-04-11,0.16
10712,2019-04-12,0.16
10713,2019-04-15,0.15
10714,2019-04-16,0.19
10715,2019-04-17,0.19
10716,2019-04-18,0.19
10717,2019-04-22,0.21
10718,2019-04-23,0.21
10719,2019-04-24,0.21
10720,2019-04-25,0.21
10721,2019-04-26,0.23
10722,2019-04-29,0.24
10723,2019-04-30,0.24
10724,2019-05-01,0.21
10725,2019-05-02,0.2
10726,2019-05-03,0.21
10727,2019-05-06,0.2
10728,2019-05-07,0.17
10729,2019-05-08,0.19
10730,2019-05-09,0.19
10731,2019-05-10,0.21
10732,2019-05-13,0.22
10733,2019-05-14,0.22
10734,2019-05-15,0.21
10735,2019-05-16,0.2
10736,2019-05-17,0.19
10737,2019-05-20,0.2
10738,2019-05-21,0.17
10739,2019-05-22,0.16
10740,2019-05-23,0.19
10741,2019-05-24,0.16
10742,2019-05-28,0.14
10743,2019-05-29,0.16
10744,2019-05-30,0.16
10745,2019-05-31,0.19
10746,2019-06-03,0.25
10747,2019-06-04,0.24
10748,2019-06-05,0.29
10749,2019-06-06,0.24
10750,2019-06-07,0.24
10751,2019-06-10,0.25
10752,2019-06-11,0.22
10753,2019-06-12,0.25
10754,2019-06-13,0.27
10755,2019-06-14,0.25
10756,2019-06-17,0.23
10757,2019-06-18,0.2
10758,2019-06-19,0.29
10759,2019-06-20,0.29
10760,2019-06-21,0.3
10761,2019-06-24,0.3
10762,2019-06-25,0.29
10763,2019-06-26,0.28
10764,2019-06-27,0.27
10765,2019-06-28,0.25
10766,2019-07-01,0.25
10767,2019-07-02,0.21
10768,2019-07-03,0.19
10769,2019-07-05,0.17
10770,2019-07-08,0.17
10771,2019-07-09,0.15
10772,2019-07-10,0.25
10773,2019-07-11,0.28
10774,2019-07-12,0.28
10775,2019-07-15,0.26
10776,2019-07-16,0.26
10777,2019-07-17,0.23
10778,2019-07-18,0.27
10779,2019-07-19,0.25
10780,2019-07-22,0.25
10781,2019-07-23,0.25
10782,2019-07-24,0.22
10783,2019-07-25,0.22
10784,2019-07-26,0.22
10785,2019-07-29,0.21
10786,2019-07-30,0.21
10787,2019-07-31,0.13
10788,2019-08-01,0.17
10789,2019-08-02,0.14
10790,2019-08-05,0.16
10791,2019-08-06,0.13
10792,2019-08-07,0.12
10793,2019-08-08,0.1
10794,2019-08-09,0.11
10795,2019-08-12,0.07
10796,2019-08-13,0.02
10797,2019-08-14,0.01
10798,2019-08-15,0.04
10799,2019-08-16,0.07
10800,2019-08-19,0.07
10801,2019-08-20,0.05
10802,2019-08-21,0.03
10803,2019-08-22,0.01
10804,2019-08-23,0.01
10805,2019-08-26,0.0
10806,2019-08-27,-0.04
10807,2019-08-28,-0.03
10808,2019-08-29,-0.03
10809,2019-08-30,0.0
10810,2019-09-03,0.0
10811,2019-09-04,0.04
10812,2019-09-05,0.02
10813,2019-09-06,0.02
10814,2019-09-09,0.05
10815,2019-09-10,0.05
10816,2019-09-11,0.07
10817,2019-09-12,0.07
10818,2019-09-13,0.11
10819,2019-09-16,0.1
10820,2019-09-17,0.09
10821,2019-09-18,0.03
10822,2019-09-19,0.05
10823,2019-09-20,0.05
10824,2019-09-23,0.04
10825,2019-09-24,0.04
10826,2019-09-25,0.05
10827,2019-09-26,0.04
10828,2019-09-27,0.06
10829,2019-09-30,0.05
10830,2019-10-01,0.09
10831,2019-10-02,0.12
10832,2019-10-03,0.15
10833,2019-10-04,0.12
10834,2019-10-07,0.1
10835,2019-10-08,0.12
10836,2019-10-09,0.12
10837,2019-10-10,0.14
10838,2019-10-11,0.13
10839,2019-10-15,0.16
10840,2019-10-16,0.17
10841,2019-10-17,0.16
10842,2019-10-18,0.18
10843,2019-10-21,0.18
10844,2019-10-22,0.18
10845,2019-10-23,0.19
10846,2019-10-24,0.19
10847,2019-10-25,0.17
10848,2019-10-28,0.21
10849,2019-10-29,0.2
10850,2019-10-30,0.17
10851,2019-10-31,0.17
10852,2019-11-01,0.17
10853,2019-11-04,0.19
10854,2019-11-05,0.23
10855,2019-11-06,0.2
10856,2019-11-07,0.24
10857,2019-11-08,0.26
10858,2019-11-12,0.26
10859,2019-11-13,0.25
10860,2019-11-14,0.24
10861,2019-11-15,0.23
10862,2019-11-18,0.21
10863,2019-11-19,0.19
10864,2019-11-20,0.17
10865,2019-11-21,0.17
10866,2019-11-22,0.16
10867,2019-11-25,0.15
10868,2019-11-26,0.16
10869,2019-11-27,0.14
10870,2019-11-29,0.17
10871,2019-12-02,0.22
10872,2019-12-03,0.19
10873,2019-12-04,0.19
10874,2019-12-05,0.22
10875,2019-12-06,0.23
10876,2019-12-09,0.2
10877,2019-12-10,0.2
10878,2019-12-11,0.18
10879,2019-12-12,0.24
10880,2019-12-13,0.21
10881,2019-12-16,0.24
10882,2019-12-17,0.26
10883,2019-12-18,0.29
10884,2019-12-19,0.3
10885,2019-12-20,0.29
10886,2019-12-23,0.29
10887,2019-12-24,0.28
10888,2019-12-26,0.26
10889,2019-12-27,0.29
10890,2019-12-30,0.32
10891,2019-12-31,0.34
10892,2020-01-02,0.3
10893,2020-01-03,0.27
10894,2020-01-06,0.27
10895,2020-01-07,0.29
10896,2020-01-08,0.29
10897,2020-01-09,0.27
10898,2020-01-10,0.27
10899,2020-01-13,0.27
10900,2020-01-14,0.24
10901,2020-01-15,0.23
10902,2020-01-16,0.23
10903,2020-01-17,0.26
10904,2020-01-21,0.25
10905,2020-01-22,0.24
10906,2020-01-23,0.23
10907,2020-01-24,0.21
10908,2020-01-27,0.17
10909,2020-01-28,0.2
10910,2020-01-29,0.18
10911,2020-01-30,0.16
10912,2020-01-31,0.18
10913,2020-02-03,0.18
10914,2020-02-04,0.2
10915,2020-02-05,0.22
10916,2020-02-06,0.21
10917,2020-02-07,0.18
10918,2020-02-10,0.19
10919,2020-02-11,0.18
10920,2020-02-12,0.18
10921,2020-02-13,0.17
10922,2020-02-14,0.17
10923,2020-02-18,0.14
10924,2020-02-19,0.14
10925,2020-02-20,0.13
10926,2020-02-21,0.12
10927,2020-02-24,0.12
10928,2020-02-25,0.13
10929,2020-02-26,0.17
10930,2020-02-27,0.19
10931,2020-02-28,0.27
10932,2020-03-02,0.26
10933,2020-03-03,0.31
10934,2020-03-04,0.35
10935,2020-03-05,0.33
10936,2020-03-06,0.25
10937,2020-03-09,0.16
10938,2020-03-10,0.26
10939,2020-03-11,0.32
10940,2020-03-12,0.38
10941,2020-03-13,0.45
10942,2020-03-16,0.37
10943,2020-03-17,0.55
10944,2020-03-18,0.64
10945,2020-03-19,0.68
10946,2020-03-20,0.55
10947,2020-03-23,0.48
10948,2020-03-24,0.46
10949,2020-03-25,0.54
10950,2020-03-26,0.53
10951,2020-03-27,0.47
10952,2020-03-30,0.47
10953,2020-03-31,0.47
10954,2020-04-01,0.39
10955,2020-04-02,0.4
10956,2020-04-03,0.39
10957,2020-04-06,0.4
10958,2020-04-07,0.47
10959,2020-04-08,0.5
10960,2020-04-09,0.5
10961,2020-04-13,0.51
10962,2020-04-14,0.53
10963,2020-04-15,0.43
10964,2020-04-16,0.41
10965,2020-04-17,0.45
10966,2020-04-20,0.43
10967,2020-04-21,0.38
10968,2020-04-22,0.41
10969,2020-04-23,0.39
10970,2020-04-24,0.38
10971,2020-04-27,0.43
10972,2020-04-28,0.42
10973,2020-04-29,0.43
10974,2020-04-30,0.44
10975,2020-05-01,0.44
10976,2020-05-04,0.45
10977,2020-05-05,0.47
10978,2020-05-06,0.55
10979,2020-05-07,0.5
10980,2020-05-08,0.53
10981,2020-05-11,0.56
10982,2020-05-12,0.52
10983,2020-05-13,0.48
10984,2020-05-14,0.47
10985,2020-05-15,0.48
10986,2020-05-18,0.55
10987,2020-05-19,0.53
10988,2020-05-20,0.52
10989,2020-05-21,0.51
10990,2020-05-22,0.49
10991,2020-05-26,0.51
10992,2020-05-27,0.49
10993,2020-05-28,0.53
10994,2020-05-29,0.49
10995,2020-06-01,0.52
10996,2020-06-02,0.51
10997,2020-06-03,0.58
10998,2020-06-04,0.63
10999,2020-06-05,0.69
11000,2020-06-08,0.66
11001,2020-06-09,0.64
11002,2020-06-10,0.58
11003,2020-06-11,0.47
11004,2020-06-12,0.52
11005,2020-06-15,0.52
11006,2020-06-16,0.54
11007,2020-06-17,0.55
11008,2020-06-18,0.52
11009,2020-06-19,0.51
11010,2020-06-22,0.52
11011,2020-06-23,0.54
11012,2020-06-24,0.5
11013,2020-06-25,0.51
11014,2020-06-26,0.47
11015,2020-06-29,0.48
11016,2020-06-30,0.5
11017,2020-07-01,0.52
11018,2020-07-02,0.52
11019,2020-07-06,0.53
11020,2020-07-07,0.49
11021,2020-07-08,0.51
11022,2020-07-09,0.46
11023,2020-07-10,0.49
11024,2020-07-13,0.48
11025,2020-07-14,0.49
11026,2020-07-15,0.48
11027,2020-07-16,0.46
11028,2020-07-17,0.5
11029,2020-07-20,0.46
11030,2020-07-21,0.47
11031,2020-07-22,0.46
11032,2020-07-23,0.43
11033,2020-07-24,0.45
11034,2020-07-27,0.47
11035,2020-07-28,0.45
11036,2020-07-29,0.46
11037,2020-07-30,0.44
11038,2020-07-31,0.44
11039,2020-08-03,0.45
11040,2020-08-04,0.41
11041,2020-08-05,0.44
11042,2020-08-06,0.44
11043,2020-08-07,0.44
11044,2020-08-10,0.45
11045,2020-08-11,0.48
11046,2020-08-12,0.53
11047,2020-08-13,0.55
11048,2020-08-14,0.57
11049,2020-08-17,0.55
11050,2020-08-18,0.53
11051,2020-08-19,0.54
11052,2020-08-20,0.52
11053,2020-08-21,0.48
11054,2020-08-24,0.51
11055,2020-08-25,0.54
11056,2020-08-26,0.53
11057,2020-08-27,0.58
11058,2020-08-28,0.6
11059,2020-08-31,0.58
11060,2020-09-01,0.55
11061,2020-09-02,0.52
11062,2020-09-03,0.5
11063,2020-09-04,0.58
11064,2020-09-08,0.55
11065,2020-09-09,0.57
11066,2020-09-10,0.54
11067,2020-09-11,0.54
11068,2020-09-14,0.54
11069,2020-09-15,0.54
11070,2020-09-16,0.55
11071,2020-09-17,0.56
11072,2020-09-18,0.56
11073,2020-09-21,0.54
11074,2020-09-22,0.55
11075,2020-09-23,0.54
11076,2020-09-24,0.53
11077,2020-09-25,0.54
11078,2020-09-28,0.53
11079,2020-09-29,0.55
11080,2020-09-30,0.56
11081,2020-10-01,0.54
11082,2020-10-02,0.57
11083,2020-10-05,0.64
11084,2020-10-06,0.62
11085,2020-10-07,0.65
11086,2020-10-08,0.65
11087,2020-10-09,0.63
11088,2020-10-13,0.58
11089,2020-10-14,0.59
11090,2020-10-15,0.6
11091,2020-10-16,0.62
11092,2020-10-19,0.62
11093,2020-10-20,0.67
11094,2020-10-21,0.69
11095,2020-10-22,0.71
11096,2020-10-23,0.67
11097,2020-10-26,0.65
11098,2020-10-27,0.63
11099,2020-10-28,0.63
11100,2020-10-29,0.69
11101,2020-10-30,0.74
11102,2020-11-02,0.71
11103,2020-11-03,0.73
11104,2020-11-04,0.64
11105,2020-11-05,0.65
11106,2020-11-06,0.67
11107,2020-11-09,0.79
11108,2020-11-10,0.79
11109,2020-11-12,0.71
11110,2020-11-13,0.72
11111,2020-11-16,0.72
11112,2020-11-17,0.69
11113,2020-11-18,0.72
11114,2020-11-19,0.68
11115,2020-11-20,0.67
11116,2020-11-23,0.7
11117,2020-11-24,0.72
11118,2020-11-25,0.71
11119,2020-11-27,0.68
11120,2020-11-30,0.68
11121,2020-12-01,0.75
11122,2020-12-02,0.79
11123,2020-12-03,0.76
11124,2020-12-04,0.81
11125,2020-12-07,0.8
11126,2020-12-08,0.78
11127,2020-12-09,0.79
11128,2020-12-10,0.78
11129,2020-12-11,0.79
11130,2020-12-14,0.77
11131,2020-12-15,0.81
11132,2020-12-16,0.79
11133,2020-12-17,0.81
11134,2020-12-18,0.82
11135,2020-12-21,0.82
11136,2020-12-22,0.8
11137,2020-12-23,0.83
11138,2020-12-24,0.81
11139,2020-12-28,0.81
11140,2020-12-29,0.82
11141,2020-12-30,0.81
11142,2020-12-31,0.8
11143,2021-01-04,0.82
11144,2021-01-05,0.83
11145,2021-01-06,0.9
11146,2021-01-07,0.94
11147,2021-01-08,0.99
11148,2021-01-11,1.01
11149,2021-01-12,1.01
11150,2021-01-13,0.96
11151,2021-01-14,0.99
11152,2021-01-15,0.98
11153,2021-01-19,0.96
11154,2021-01-20,0.97
11155,2021-01-21,0.99
11156,2021-01-22,0.97
11157,2021-01-25,0.92
11158,2021-01-26,0.94
11159,2021-01-27,0.92
11160,2021-01-28,0.95
11161,2021-01-29,1.0
11162,2021-02-01,0.98
11163,2021-02-02,1.01
11164,2021-02-03,1.04
11165,2021-02-04,1.04
11166,2021-02-05,1.1
11167,2021-02-08,1.08
11168,2021-02-09,1.07
11169,2021-02-10,1.04
11170,2021-02-11,1.05
11171,2021-02-12,1.09
11172,2021-02-16,1.17
11173,2021-02-17,1.18
11174,2021-02-18,1.18
11175,2021-02-19,1.23
11176,2021-02-22,1.26
11177,2021-02-23,1.26
11178,2021-02-24,1.26
11179,2021-02-25,1.37
11180,2021-02-26,1.3
11181,2021-03-01,1.32
11182,2021-03-02,1.29
11183,2021-03-03,1.33
11184,2021-03-04,1.4
11185,2021-03-05,1.42
11186,2021-03-08,1.42
11187,2021-03-09,1.38
11188,2021-03-10,1.37
11189,2021-03-11,1.4
11190,2021-03-12,1.5
11191,2021-03-15,1.48
11192,2021-03-16,1.47
11193,2021-03-17,1.5
11194,2021-03-18,1.55
11195,2021-03-19,1.58
11196,2021-03-22,1.54
11197,2021-03-23,1.48
11198,2021-03-24,1.48
11199,2021-03-25,1.49
11200,2021-03-26,1.53
11201,2021-03-29,1.59
11202,2021-03-30,1.57
11203,2021-03-31,1.58
11204,2021-04-01,1.52
11205,2021-04-02,1.53
11206,2021-04-05,1.56
11207,2021-04-06,1.51
11208,2021-04-07,1.52
11209,2021-04-08,1.5
11210,2021-04-09,1.51
11211,2021-04-12,1.51
11212,2021-04-13,1.48
11213,2021-04-14,1.48
11214,2021-04-15,1.4
11215,2021-04-16,1.43
11216,2021-04-19,1.45
11217,2021-04-20,1.43
11218,2021-04-21,1.42
11219,2021-04-22,1.41
11220,2021-04-23,1.42
11221,2021-04-26,1.4
11222,2021-04-27,1.46
11223,2021-04-28,1.46
11224,2021-04-29,1.49
11225,2021-04-30,1.49
11226,2021-05-03,1.47
11227,2021-05-04,1.45
11228,2021-05-05,1.43
11229,2021-05-06,1.42
11230,2021-05-07,1.46
11231,2021-05-10,1.47
11232,2021-05-11,1.48
11233,2021-05-12,1.53
11234,2021-05-13,1.5
11235,2021-05-14,1.47
11236,2021-05-17,1.48
11237,2021-05-18,1.48
11238,2021-05-19,1.52
11239,2021-05-20,1.48
11240,2021-05-21,1.46
11241,2021-05-24,1.46
11242,2021-05-25,1.41
11243,2021-05-26,1.44
11244,2021-05-27,1.47
11245,2021-05-28,1.44
11246,2021-06-01,1.46
11247,2021-06-02,1.46
11248,2021-06-03,1.47
11249,2021-06-04,1.42
11250,2021-06-07,1.41
11251,2021-06-08,1.39
11252,2021-06-09,1.34
11253,2021-06-10,1.31
11254,2021-06-11,1.31
11255,2021-06-14,1.35
11256,2021-06-15,1.35
11257,2021-06-16,1.36
11258,2021-06-17,1.29
11259,2021-06-18,1.19
11260,2021-06-21,1.23
11261,2021-06-22,1.23
11262,2021-06-23,1.24
11263,2021-06-24,1.23
11264,2021-06-25,1.26
11265,2021-06-28,1.24
11266,2021-06-29,1.22
11267,2021-06-30,1.2
11268,2021-07-01,1.23
11269,2021-07-02,1.2
11270,2021-07-06,1.15
11271,2021-07-07,1.11
11272,2021-07-08,1.11
11273,2021-07-09,1.14
11274,2021-07-12,1.15
11275,2021-07-13,1.16
11276,2021-07-14,1.14
11277,2021-07-15,1.08
11278,2021-07-16,1.06
11279,2021-07-19,0.98
11280,2021-07-20,1.03
11281,2021-07-21,1.08
11282,2021-07-22,1.07
11283,2021-07-23,1.08
11284,2021-07-26,1.07
11285,2021-07-27,1.05
11286,2021-07-28,1.06
11287,2021-07-29,1.08
11288,2021-07-30,1.05
11289,2021-08-02,1.03
11290,2021-08-03,1.02
11291,2021-08-04,1.02
11292,2021-08-05,1.02
11293,2021-08-06,1.1
11294,2021-08-09,1.1
11295,2021-08-10,1.12
11296,2021-08-11,1.12
11297,2021-08-12,1.13
11298,2021-08-13,1.06
11299,2021-08-16,1.05
11300,2021-08-17,1.03
11301,2021-08-18,1.04
11302,2021-08-19,1.02
11303,2021-08-20,1.03
11304,2021-08-23,1.02
11305,2021-08-24,1.05
11306,2021-08-25,1.12
11307,2021-08-26,1.09
11308,2021-08-27,1.09
11309,2021-08-30,1.09
11310,2021-08-31,1.1
11311,2021-09-01,1.11
11312,2021-09-02,1.09
11313,2021-09-03,1.12
11314,2021-09-07,1.16
11315,2021-09-08,1.13
11316,2021-09-09,1.07
11317,2021-09-10,1.12
11318,2021-09-13,1.12
11319,2021-09-14,1.07
11320,2021-09-15,1.1
11321,2021-09-16,1.11
11322,2021-09-17,1.14
11323,2021-09-20,1.08
11324,2021-09-21,1.11
11325,2021-09-22,1.07
11326,2021-09-23,1.14
11327,2021-09-24,1.18
11328,2021-09-27,1.17
11329,2021-09-28,1.23
11330,2021-09-29,1.25
11331,2021-09-30,1.24
11332,2021-10-01,1.21
11333,2021-10-04,1.22
11334,2021-10-05,1.26
11335,2021-10-06,1.23
11336,2021-10-07,1.26
11337,2021-10-08,1.29
11338,2021-10-12,1.24
11339,2021-10-13,1.19
11340,2021-10-14,1.16
11341,2021-10-15,1.18
11342,2021-10-18,1.15
11343,2021-10-19,1.24
11344,2021-10-20,1.25
11345,2021-10-21,1.23
11346,2021-10-22,1.18
11347,2021-10-25,1.17
11348,2021-10-26,1.16
11349,2021-10-27,1.04
11350,2021-10-28,1.07
11351,2021-10-29,1.07
11352,2021-11-01,1.08
11353,2021-11-02,1.1
11354,2021-11-03,1.13
11355,2021-11-04,1.12
11356,2021-11-05,1.06
11357,2021-11-08,1.06
11358,2021-11-09,1.05
11359,2021-11-10,1.05
11360,2021-11-12,1.05
11361,2021-11-15,1.1
11362,2021-11-16,1.09
11363,2021-11-17,1.08
11364,2021-11-18,1.07
11365,2021-11-19,1.02
11366,2021-11-22,1.0
11367,2021-11-23,1.07
11368,2021-11-24,1.0
11369,2021-11-26,0.98
11370,2021-11-29,1.01
11371,2021-11-30,0.91
11372,2021-12-01,0.87
11373,2021-12-02,0.81
11374,2021-12-03,0.75
11375,2021-12-06,0.78
11376,2021-12-07,0.78
11377,2021-12-08,0.84
11378,2021-12-09,0.79
11379,2021-12-10,0.81
11380,2021-12-13,0.76
11381,2021-12-14,0.77
11382,2021-12-15,0.78
11383,2021-12-16,0.8
11384,2021-12-17,0.75
11385,2021-12-20,0.78
11386,2021-12-21,0.78
11387,2021-12-22,0.78
11388,2021-12-23,0.79
11389,2021-12-27,0.72
11390,2021-12-28,0.75
11391,2021-12-29,0.8
11392,2021-12-30,0.79
11393,2021-12-31,0.79
11394,2022-01-03,0.85
11395,2022-01-04,0.89
11396,2022-01-05,0.88
11397,2022-01-06,0.85
11398,2022-01-07,0.89
11399,2022-01-10,0.86
11400,2022-01-11,0.85
11401,2022-01-12,0.82
11402,2022-01-13,0.79
11403,2022-01-14,0.79
11404,2022-01-18,0.81
11405,2022-01-19,0.79
11406,2022-01-20,0.75
11407,2022-01-21,0.74
11408,2022-01-24,0.76
11409,2022-01-25,0.76
11410,2022-01-26,0.72
11411,2022-01-27,0.63
11412,2022-01-28,0.63
11413,2022-01-31,0.61
11414,2022-02-01,0.63
11415,2022-02-02,0.62
11416,2022-02-03,0.63
11417,2022-02-04,0.62
11418,2022-02-07,0.62
11419,2022-02-08,0.61
11420,2022-02-09,0.58
11421,2022-02-10,0.42
11422,2022-02-11,0.42
11423,2022-02-14,0.4
11424,2022-02-15,0.47
11425,2022-02-16,0.51
11426,2022-02-17,0.48
11427,2022-02-18,0.45
11428,2022-02-22,0.38
11429,2022-02-23,0.41
11430,2022-02-24,0.42
11431,2022-02-25,0.42
11432,2022-02-28,0.39
11433,2022-03-01,0.41
11434,2022-03-02,0.36
11435,2022-03-03,0.33
11436,2022-03-04,0.24
11437,2022-03-07,0.23
11438,2022-03-08,0.23
11439,2022-03-09,0.26
11440,2022-03-10,0.26
11441,2022-03-11,0.25
11442,2022-03-14,0.27
11443,2022-03-15,0.3
11444,2022-03-16,0.24
11445,2022-03-17,0.26
11446,2022-03-18,0.17
11447,2022-03-21,0.18
11448,2022-03-22,0.2
11449,2022-03-23,0.19
11450,2022-03-24,0.21
11451,2022-03-25,0.18
11452,2022-03-28,0.11
11453,2022-03-29,0.06
11454,2022-03-30,0.04
11455,2022-03-31,0.04
11456,2022-04-01,-0.05
11457,2022-04-04,-0.01
11458,2022-04-05,0.03
11459,2022-04-06,0.11
11460,2022-04-07,0.19
11461,2022-04-08,0.19
11462,2022-04-11,0.29
11463,2022-04-12,0.33
11464,2022-04-13,0.33
11465,2022-04-14,0.36
11466,2022-04-18,0.39
11467,2022-04-19,0.32
11468,2022-04-20,0.25
11469,2022-04-21,0.22
11470,2022-04-22,0.18
11471,2022-04-25,0.18
11472,2022-04-26,0.23
11473,2022-04-27,0.24
11474,2022-04-28,0.22
11475,2022-04-29,0.19
11476,2022-05-02,0.26
11477,2022-05-03,0.19
11478,2022-05-04,0.27
11479,2022-05-05,0.34
11480,2022-05-06,0.4
11481,2022-05-09,0.44
11482,2022-05-10,0.37
11483,2022-05-11,0.25
11484,2022-05-12,0.28
11485,2022-05-13,0.32
11486,2022-05-16,0.3
11487,2022-05-17,0.27
11488,2022-05-18,0.21
11489,2022-05-19,0.21
11490,2022-05-20,0.18
11491,2022-05-23,0.21
11492,2022-05-24,0.26
11493,2022-05-25,0.27
11494,2022-05-26,0.29
11495,2022-05-27,0.27
11496,2022-05-31,0.32
11497,2022-06-01,0.28
11498,2022-06-02,0.27
11499,2022-06-03,0.3
11500,2022-06-06,0.31
11501,2022-06-07,0.23
11502,2022-06-08,0.25
11503,2022-06-09,0.21
11504,2022-06-10,0.09
11505,2022-06-13,0.03
11506,2022-06-14,0.04
11507,2022-06-15,0.13
11508,2022-06-16,0.14
11509,2022-06-17,0.08
11510,2022-06-21,0.1
11511,2022-06-22,0.1
11512,2022-06-23,0.08
11513,2022-06-24,0.09
11514,2022-06-27,0.12
11515,2022-06-28,0.1
11516,2022-06-29,0.04
11517,2022-06-30,0.06
11518,2022-07-01,0.04
11519,2022-07-05,0.0
11520,2022-07-06,-0.04
11521,2022-07-07,-0.02
11522,2022-07-08,-0.03
11523,2022-07-11,-0.08
11524,2022-07-12,-0.07
11525,2022-07-13,-0.22
11526,2022-07-14,-0.19
11527,2022-07-15,-0.2
11528,2022-07-18,-0.19
11529,2022-07-19,-0.22
11530,2022-07-20,-0.21
11531,2022-07-21,-0.19
11532,2022-07-22,-0.21
11533,2022-07-25,-0.19
11534,2022-07-26,-0.21
11535,2022-07-27,-0.18
11536,2022-07-28,-0.17
11537,2022-07-29,-0.22
11538,2022-08-01,-0.3
11539,2022-08-02,-0.31
11540,2022-08-03,-0.37
11541,2022-08-04,-0.35
11542,2022-08-05,-0.41
11543,2022-08-08,-0.44
11544,2022-08-09,-0.48
11545,2022-08-10,-0.45
11546,2022-08-11,-0.36
11547,2022-08-12,-0.41
11548,2022-08-15,-0.41
11549,2022-08-16,-0.43
11550,2022-08-17,-0.39
11551,2022-08-18,-0.34
11552,2022-08-19,-0.27
11553,2022-08-22,-0.29
11554,2022-08-23,-0.24
11555,2022-08-24,-0.25
11556,2022-08-25,-0.32
11557,2022-08-26,-0.33
11558,2022-08-29,-0.3
11559,2022-08-30,-0.35
11560,2022-08-31,-0.3
11561,2022-09-01,-0.25
11562,2022-09-02,-0.2
11563,2022-09-06,-0.17
11564,2022-09-07,-0.18
11565,2022-09-08,-0.19
11566,2022-09-09,-0.23
11567,2022-09-12,-0.21
11568,2022-09-13,-0.33
11569,2022-09-14,-0.37
11570,2022-09-15,-0.42
11571,2022-09-16,-0.4
11572,2022-09-19,-0.46
11573,2022-09-20,-0.39
11574,2022-09-21,-0.51
11575,2022-09-22,-0.41
11576,2022-09-23,-0.51
11577,2022-09-26,-0.39
11578,2022-09-27,-0.33
11579,2022-09-28,-0.35
11580,2022-09-29,-0.4
11581,2022-09-30,-0.39
11582,2022-10-03,-0.45
11583,2022-10-04,-0.48
11584,2022-10-05,-0.39
11585,2022-10-06,-0.4
11586,2022-10-07,-0.41
11587,2022-10-11,-0.37
11588,2022-10-12,-0.37
11589,2022-10-13,-0.5
11590,2022-10-14,-0.48
11591,2022-10-17,-0.43
11592,2022-10-18,-0.42
11593,2022-10-19,-0.41
11594,2022-10-20,-0.38
11595,2022-10-21,-0.28
11596,2022-10-24,-0.25
11597,2022-10-25,-0.32
11598,2022-10-26,-0.35
11599,2022-10-27,-0.34
11600,2022-10-28,-0.39
11601,2022-10-31,-0.41
11602,2022-11-01,-0.47
11603,2022-11-02,-0.51
11604,2022-11-03,-0.57
11605,2022-11-04,-0.49
11606,2022-11-07,-0.5
11607,2022-11-08,-0.53
11608,2022-11-09,-0.49
11609,2022-11-10,-0.52
11610,2022-11-14,-0.52
11611,2022-11-15,-0.57
11612,2022-11-16,-0.68
11613,2022-11-17,-0.66
11614,2022-11-18,-0.69
11615,2022-11-21,-0.65
11616,2022-11-22,-0.71
11617,2022-11-23,-0.75
11618,2022-11-25,-0.74
11619,2022-11-28,-0.77
11620,2022-11-29,-0.73
11621,2022-11-30,-0.7
11622,2022-12-01,-0.72
11623,2022-12-02,-0.77
11624,2022-12-05,-0.81
11625,2022-12-06,-0.83
11626,2022-12-07,-0.84
11627,2022-12-08,-0.83
11628,2022-12-09,-0.76
11629,2022-12-12,-0.78
11630,2022-12-13,-0.71
11631,2022-12-14,-0.74
11632,2022-12-15,-0.79
11633,2022-12-16,-0.69
11634,2022-12-19,-0.68
11635,2022-12-20,-0.56
11636,2022-12-21,-0.53
11637,2022-12-22,-0.57
11638,2022-12-23,-0.56
11639,2022-12-27,-0.48
11640,2022-12-28,-0.43
11641,2022-12-29,-0.51
11642,2022-12-30,-0.53
11643,2023-01-03,-0.61
11644,2023-01-04,-0.67
11645,2023-01-05,-0.74
11646,2023-01-06,-0.69
11647,2023-01-09,-0.66
11648,2023-01-10,-0.63
11649,2023-01-11,-0.66
11650,2023-01-12,-0.69
11651,2023-01-13,-0.73
11652,2023-01-17,-0.65
11653,2023-01-18,-0.69
11654,2023-01-19,-0.7
11655,2023-01-20,-0.66
11656,2023-01-23,-0.69
11657,2023-01-24,-0.66
11658,2023-01-25,-0.65
11659,2023-01-26,-0.68
11660,2023-01-27,-0.67
11661,2023-01-30,-0.7
11662,2023-01-31,-0.69
11663,2023-02-01,-0.7
11664,2023-02-02,-0.69
11665,2023-02-03,-0.77
11666,2023-02-06,-0.81
11667,2023-02-07,-0.8
11668,2023-02-08,-0.82
11669,2023-02-09,-0.81
11670,2023-02-10,-0.76
11671,2023-02-13,-0.8
11672,2023-02-14,-0.83
11673,2023-02-15,-0.81
11674,2023-02-16,-0.76
11675,2023-02-17,-0.78
11676,2023-02-21,-0.72
11677,2023-02-22,-0.73
11678,2023-02-23,-0.78
11679,2023-02-24,-0.83
11680,2023-02-27,-0.86
11681,2023-02-28,-0.89
11682,2023-03-01,-0.88
11683,2023-03-02,-0.81
11684,2023-03-03,-0.89
11685,2023-03-06,-0.91
11686,2023-03-07,-1.03
11687,2023-03-08,-1.07
11688,2023-03-09,-0.97
11689,2023-03-10,-0.9
11690,2023-03-13,-0.48
11691,2023-03-14,-0.56
11692,2023-03-15,-0.42
11693,2023-03-16,-0.58
11694,2023-03-17,-0.42
11695,2023-03-20,-0.45
11696,2023-03-21,-0.58
11697,2023-03-22,-0.48
11698,2023-03-23,-0.38
11699,2023-03-24,-0.38
11700,2023-03-27,-0.41
11701,2023-03-28,-0.47
11702,2023-03-29,-0.51
11703,2023-03-30,-0.55
11704,2023-03-31,-0.58
11705,2023-04-03,-0.54
11706,2023-04-04,-0.49
11707,2023-04-05,-0.49
11708,2023-04-06,-0.52
11709,2023-04-07,-0.58
11710,2023-04-10,-0.59
11711,2023-04-11,-0.6
11712,2023-04-12,-0.54
11713,2023-04-13,-0.51
11714,2023-04-14,-0.56
11715,2023-04-17,-0.58
11716,2023-04-18,-0.61
11717,2023-04-19,-0.64
11718,2023-04-20,-0.6
11719,2023-04-21,-0.6
11720,2023-04-24,-0.6
11721,2023-04-25,-0.46
11722,2023-04-26,-0.47
11723,2023-04-27,-0.54
11724,2023-04-28,-0.6
11725,2023-05-01,-0.55
11726,2023-05-02,-0.53
11727,2023-05-03,-0.51
11728,2023-05-04,-0.38
11729,2023-05-05,-0.48
11730,2023-05-08,-0.48
11731,2023-05-09,-0.48
11732,2023-05-10,-0.47
11733,2023-05-11,-0.5
11734,2023-05-12,-0.52
11735,2023-05-15,-0.49
11736,2023-05-16,-0.52
11737,2023-05-17,-0.55
11738,2023-05-18,-0.59
11739,2023-05-19,-0.58
11740,2023-05-22,-0.57
11741,2023-05-23,-0.56
11742,2023-05-24,-0.58
11743,2023-05-25,-0.67
11744,2023-05-26,-0.74
11745,2023-05-30,-0.77
11746,2023-05-31,-0.76
11747,2023-06-01,-0.72
11748,2023-06-02,-0.81
11749,2023-06-05,-0.77
11750,2023-06-06,-0.81
11751,2023-06-07,-0.77
11752,2023-06-08,-0.79
11753,2023-06-09,-0.84
11754,2023-06-12,-0.82
11755,2023-06-13,-0.83
11756,2023-06-14,-0.91
11757,2023-06-15,-0.9
11758,2023-06-16,-0.93
11759,2023-06-20,-0.94
11760,2023-06-21,-0.96
11761,2023-06-22,-0.97
11762,2023-06-23,-0.97
11763,2023-06-26,-0.93
11764,2023-06-27,-0.97
11765,2023-06-28,-1.0
11766,2023-06-29,-1.02
11767,2023-06-30,-1.06
11768,2023-07-03,-1.08
11769,2023-07-05,-0.99
11770,2023-07-06,-0.94
11771,2023-07-07,-0.88
11772,2023-07-10,-0.84
11773,2023-07-11,-0.89
11774,2023-07-12,-0.86
11775,2023-07-13,-0.83
11776,2023-07-14,-0.91
11777,2023-07-17,-0.93
11778,2023-07-18,-0.94
11779,2023-07-19,-0.99
11780,2023-07-20,-0.95
11781,2023-07-21,-0.98
11782,2023-07-24,-0.95
11783,2023-07-25,-0.94
11784,2023-07-26,-0.96
11785,2023-07-27,-0.9
11786,2023-07-28,-0.91
11787,2023-07-31,-0.91
11788,2023-08-01,-0.87
11789,2023-08-02,-0.8
11790,2023-08-03,-0.7
11791,2023-08-04,-0.73
11792,2023-08-07,-0.67
11793,2023-08-08,-0.72
11794,2023-08-09,-0.79
11795,2023-08-10,-0.73
11796,2023-08-11,-0.73
11797,2023-08-14,-0.77
11798,2023-08-15,-0.71
11799,2023-08-16,-0.69
11800,2023-08-17,-0.64
11801,2023-08-18,-0.66
11802,2023-08-21,-0.63
11803,2023-08-22,-0.68
11804,2023-08-23,-0.76
11805,2023-08-24,-0.75
11806,2023-08-25,-0.78
11807,2023-08-28,-0.78
11808,2023-08-29,-0.75
11809,2023-08-30,-0.78
11810,2023-08-31,-0.76
11811,2023-09-01,-0.69
11812,2023-09-05,-0.67
11813,2023-09-06,-0.71
11814,2023-09-07,-0.67
11815,2023-09-08,-0.72
11816,2023-09-11,-0.68
11817,2023-09-12,-0.71
11818,2023-09-13,-0.71
11819,2023-09-14,-0.71
11820,2023-09-15,-0.69
11821,2023-09-18,-0.73
11822,2023-09-19,-0.71
11823,2023-09-20,-0.77
11824,2023-09-21,-0.63
11825,2023-09-22,-0.66
11826,2023-09-25,-0.54
11827,2023-09-26,-0.48
11828,2023-09-27,-0.49
11829,2023-09-28,-0.45
11830,2023-09-29,-0.44
11831,2023-10-02,-0.43
11832,2023-10-03,-0.34
11833,2023-10-04,-0.32
11834,2023-10-05,-0.31
11835,2023-10-06,-0.3
11836,2023-10-10,-0.3
11837,2023-10-11,-0.41
11838,2023-10-12,-0.36
11839,2023-10-13,-0.41
11840,2023-10-16,-0.38
11841,2023-10-17,-0.36
11842,2023-10-18,-0.28
11843,2023-10-19,-0.16
11844,2023-10-20,-0.14
11845,2023-10-23,-0.19
11846,2023-10-24,-0.19
11847,2023-10-25,-0.13
11848,2023-10-26,-0.16
11849,2023-10-27,-0.15
11850,2023-10-30,-0.15
11851,2023-10-31,-0.19
11852,2023-11-01,-0.18
11853,2023-11-02,-0.31
11854,2023-11-03,-0.26
11855,2023-11-06,-0.26
11856,2023-11-07,-0.33
11857,2023-11-08,-0.44
11858,2023-11-09,-0.41
11859,2023-11-10,-0.43
11860,2023-11-13,-0.39
11861,2023-11-14,-0.36
11862,2023-11-15,-0.37
11863,2023-11-16,-0.38
11864,2023-11-17,-0.44
11865,2023-11-20,-0.47
11866,2023-11-21,-0.45
11867,2023-11-22,-0.47
11868,2023-11-24,-0.45
11869,2023-11-27,-0.45
11870,2023-11-28,-0.39
11871,2023-11-29,-0.37
11872,2023-11-30,-0.36
11873,2023-12-01,-0.34
11874,2023-12-04,-0.36
11875,2023-12-05,-0.39
11876,2023-12-06,-0.48
11877,2023-12-07,-0.44
11878,2023-12-08,-0.48
11879,2023-12-11,-0.48
11880,2023-12-12,-0.53
11881,2023-12-13,-0.42
11882,2023-12-14,-0.45
11883,2023-12-15,-0.53
11884,2023-12-18,-0.48
11885,2023-12-19,-0.48
11886,2023-12-20,-0.48
11887,2023-12-21,-0.44
11888,2023-12-22,-0.41
11889,2023-12-26,-0.37
11890,2023-12-27,-0.41
11891,2023-12-28,-0.42
11892,2023-12-29,-0.35
11893,2024-01-02,-0.38
11894,2024-01-03,-0.42
11895,2024-01-04,-0.39
11896,2024-01-05,-0.35
11897,2024-01-08,-0.35
11898,2024-01-09,-0.34
11899,2024-01-10,-0.33
11900,2024-01-11,-0.28
11901,2024-01-12,-0.18
11902,2024-01-16,-0.15
11903,2024-01-17,-0.24
11904,2024-01-18,-0.2
11905,2024-01-19,-0.24
11906,2024-01-22,-0.26
11907,2024-01-23,-0.17
11908,2024-01-24,-0.16
11909,2024-01-25,-0.14
11910,2024-01-26,-0.19
11911,2024-01-29,-0.21
11912,2024-01-30,-0.3
11913,2024-01-31,-0.28
11914,2024-02-01,-0.33
11915,2024-02-02,-0.33
11916,2024-02-05,-0.29
11917,2024-02-06,-0.3
11918,2024-02-07,-0.32
11919,2024-02-08,-0.31
11920,2024-02-09,-0.31
11921,2024-02-12,-0.29
11922,2024-02-13,-0.33
11923,2024-02-14,-0.29
11924,2024-02-15,-0.32
11925,2024-02-16,-0.34
11926,2024-02-20,-0.32
11927,2024-02-21,-0.32
11928,2024-02-22,-0.36
11929,2024-02-23,-0.41
11930,2024-02-26,-0.41
11931,2024-02-27,-0.39
11932,2024-02-28,-0.37
11933,2024-02-29,-0.39
11934,2024-03-01,-0.35
11935,2024-03-04,-0.39
11936,2024-03-05,-0.41
11937,2024-03-06,-0.44
11938,2024-03-07,-0.41
11939,2024-03-08,-0.39
11940,2024-03-11,-0.41
11941,2024-03-12,-0.42
11942,2024-03-13,-0.42
11943,2024-03-14,-0.39
11944,2024-03-15,-0.41
11945,2024-03-18,-0.39
11946,2024-03-19,-0.38
11947,2024-03-20,-0.32
11948,2024-03-21,-0.35
11949,2024-03-22,-0.37
11950,2024-03-25,-0.29
11951,2024-03-26,-0.32
11952,2024-03-27,-0.34
11953,2024-03-28,-0.39
11954,2024-04-01,-0.39
11955,2024-04-02,-0.34
11956,2024-04-03,-0.32
11957,2024-04-04,-0.34
11958,2024-04-05,-0.34
11959,2024-04-08,-0.36
11960,2024-04-09,-0.38
11961,2024-04-10,-0.42
11962,2024-04-11,-0.37
11963,2024-04-12,-0.38
11964,2024-04-15,-0.3
11965,2024-04-16,-0.3
11966,2024-04-17,-0.34
11967,2024-04-18,-0.34
11968,2024-04-19,-0.35
11969,2024-04-22,-0.35
11970,2024-04-23,-0.25
11971,2024-04-24,-0.24
11972,2024-04-25,-0.26
11973,2024-04-26,-0.29
11974,2024-04-29,-0.34
11975,2024-04-30,-0.35
11976,2024-05-01,-0.33
11977,2024-05-02,-0.29
11978,2024-05-03,-0.31
11979,2024-05-06,-0.33
11980,2024-05-07,-0.35
11981,2024-05-08,-0.36
11982,2024-05-09,-0.35
11983,2024-05-10,-0.37
11984,2024-05-13,-0.37
11985,2024-05-14,-0.36
11986,2024-05-15,-0.37
11987,2024-05-16,-0.4
11988,2024-05-17,-0.41
11989,2024-05-20,-0.38
11990,2024-05-21,-0.41
11991,2024-05-22,-0.43
11992,2024-05-23,-0.44
11993,2024-05-24,-0.47
11994,2024-05-28,-0.4
11995,2024-05-29,-0.35
11996,2024-05-30,-0.37
11997,2024-05-31,-0.38
11998,2024-06-03,-0.41
11999,2024-06-04,-0.44
12000,2024-06-05,-0.43
12001,2024-06-06,-0.44
12002,2024-06-07,-0.44
12003,2024-06-10,-0.4
12004,2024-06-11,-0.42
12005,2024-06-12,-0.44
12006,2024-06-13,-0.44
12007,2024-06-14,-0.47
12008,2024-06-17,-0.47
12009,2024-06-18,-0.47
12010,2024-06-20,-0.45
12011,2024-06-21,-0.45
12012,2024-06-24,-0.46
12013,2024-06-25,-0.42
12014,2024-06-26,-0.39
12015,2024-06-27,-0.41
12016,2024-06-28,-0.35
12017,2024-07-01,-0.29
12018,2024-07-02,-0.31
12019,2024-07-03,-0.35
12020,2024-07-05,-0.32
12021,2024-07-08,-0.34
12022,2024-07-09,-0.32
12023,2024-07-10,-0.34
12024,2024-07-11,-0.3
12025,2024-07-12,-0.27
12026,2024-07-15,-0.21
12027,2024-07-16,-0.26
12028,2024-07-17,-0.26
12029,2024-07-18,-0.26
12030,2024-07-19,-0.24
12031,2024-07-22,-0.24
12032,2024-07-23,-0.15
12033,2024-07-24,-0.09
12034,2024-07-25,-0.14
12035,2024-07-26,-0.16
12036,2024-07-29,-0.19
12037,2024-07-30,-0.2
12038,2024-07-31,-0.2
12039,2024-08-01,-0.17
12040,2024-08-02,-0.08
12041,2024-08-05,-0.11
12042,2024-08-06,-0.09
12043,2024-08-07,-0.04
12044,2024-08-08,-0.05
12045,2024-08-09,-0.11
12046,2024-08-12,-0.11
12047,2024-08-13,-0.08
12048,2024-08-14,-0.11
12049,2024-08-15,-0.16
12050,2024-08-16,-0.17
12051,2024-08-19,-0.2
12052,2024-08-20,-0.17
12053,2024-08-21,-0.13
12054,2024-08-22,-0.13
12055,2024-08-23,-0.09
12056,2024-08-26,-0.09
12057,2024-08-27,0.0
12058,2024-08-28,0.01
12059,2024-08-29,0.0
12060,2024-08-30,0.0
12061,2024-09-03,-0.04
12062,2024-09-04,0.01
12063,2024-09-05,-0.02
12064,2024-09-06,0.06
12065,2024-09-09,0.02
12066,2024-09-10,0.06
12067,2024-09-11,0.03
12068,2024-09-12,0.04
12069,2024-09-13,0.09
12070,2024-09-16,0.07
12071,2024-09-17,0.06
12072,2024-09-18,0.09
12073,2024-09-19,0.14
12074,2024-09-20,0.18
12075,2024-09-23,0.18
12076,2024-09-24,0.25
12077,2024-09-25,0.26
12078,2024-09-26,0.19
12079,2024-09-27,0.2
12080,2024-09-30,0.15
12081,2024-10-01,0.13
12082,2024-10-02,0.16
12083,2024-10-03,0.15
12084,2024-10-04,0.05
12085,2024-10-07,0.04
12086,2024-10-08,0.06
12087,2024-10-09,0.07
12088,2024-10-10,0.11
12089,2024-10-11,0.13
12090,2024-10-15,0.08
12091,2024-10-16,0.09
12092,2024-10-17,0.13
12093,2024-10-18,0.13
12094,2024-10-21,0.17
12095,2024-10-22,0.17
12096,2024-10-23,0.17
12097,2024-10-24,0.14
12098,2024-10-25,0.14
12099,2024-10-28,0.16
12100,2024-10-29,0.17
12101,2024-10-30,0.14
12102,2024-10-31,0.12
12103,2024-11-01,0.16
12104,2024-11-04,0.14
12105,2024-11-05,0.07
12106,2024-11-06,0.15
12107,2024-11-07,0.1
12108,2024-11-08,0.04
12109,2024-11-12,0.09
12110,2024-11-13,0.17
12111,2024-11-14,0.09
12112,2024-11-15,0.12
12113,2024-11-18,0.13
12114,2024-11-19,0.12
12115,2024-11-20,0.1
12116,2024-11-21,0.09
12117,2024-11-22,0.04
12118,2024-11-25,0.06
12119,2024-11-26,0.09
12120,2024-11-27,0.06
12121,2024-11-29,0.05
12122,2024-12-02,0.02
12123,2024-12-03,0.06
12124,2024-12-04,0.06
12125,2024-12-05,0.02
12126,2024-12-06,0.05
12127,2024-12-09,0.07
12128,2024-12-10,0.07
12129,2024-12-11,0.11
12130,2024-12-12,0.14
12131,2024-12-13,0.15
12132,2024-12-16,0.14
12133,2024-12-17,0.15
12134,2024-12-18,0.15
12135,2024-12-19,0.25
12136,2024-12-20,0.22
12137,2024-12-23,0.29
12138,2024-12-24,0.3
12139,2024-12-26,0.28
12140,2024-12-27,0.31
12141,2024-12-30,0.31
12142,2024-12-31,0.33
12143,2025-01-02,0.32
12144,2025-01-03,0.32
12145,2025-01-06,0.34
12146,2025-01-07,0.37
12147,2025-01-08,0.39
12148,2025-01-09,0.41
12149,2025-01-10,0.37
12150,2025-01-13,0.39
12151,2025-01-14,0.41
12152,2025-01-15,0.39
12153,2025-01-16,0.38
12154,2025-01-17,0.34
12155,2025-01-21,0.28
12156,2025-01-22,0.31
12157,2025-01-23,0.36
12158,2025-01-24,0.36
12159,2025-01-27,0.36
12160,2025-01-28,0.36
12161,2025-01-29,0.34
12162,2025-01-30,0.34
12163,2025-01-31,0.36
12164,2025-02-03,0.28
12165,2025-02-04,0.31
12166,2025-02-05,0.26
12167,2025-02-06,0.24
12168,2025-02-07,0.2
12169,2025-02-10,0.23
12170,2025-02-11,0.25
12171,2025-02-12,0.26
12172,2025-02-13,0.21
12173,2025-02-14,0.21
12174,2025-02-18,0.26
12175,2025-02-19,0.25
12176,2025-02-20,0.22
12177,2025-02-21,0.23
12178,2025-02-24,0.27
12179,2025-02-25,0.23
12180,2025-02-26,0.2
12181,2025-02-27,0.22
12182,2025-02-28,0.25
12183,2025-03-03,0.2
12184,2025-03-04,0.26
12185,2025-03-05,0.29
12186,2025-03-06,0.33
12187,2025-03-07,0.33
12188,2025-03-10,0.33
12189,2025-03-11,0.34
12190,2025-03-12,0.31
12191,2025-03-13,0.33
12192,2025-03-14,0.29
12193,2025-03-17,0.25
12194,2025-03-18,0.25
12195,2025-03-19,0.26
12196,2025-03-20,0.29
12197,2025-03-21,0.31
12198,2025-03-24,0.3
12199,2025-03-25,0.35
12200,2025-03-26,0.37
12201,2025-03-27,0.41
12202,2025-03-28,0.38
12203,2025-03-31,0.34
12204,2025-04-01,0.3
12205,2025-04-02,0.29
12206,2025-04-03,0.35
12207,2025-04-04,0.33
12208,2025-04-07,0.42
12209,2025-04-08,0.55
12210,2025-04-09,0.43
12211,2025-04-10,0.56
12212,2025-04-11,0.52
12213,2025-04-14,0.54
12214,2025-04-15,0.51
12215,2025-04-16,0.52
12216,2025-04-17,0.53
12217,2025-04-21,0.67
12218,2025-04-22,0.65
12219,2025-04-23,0.59
12220,2025-04-24,0.55
12221,2025-04-25,0.55
12222,2025-04-28,0.56
12223,2025-04-29,0.54
12224,2025-04-30,0.57
12225,2025-05-01,0.55
12226,2025-05-02,0.5
12227,2025-05-05,0.53
12228,2025-05-06,0.52
12229,2025-05-07,0.48
12230,2025-05-08,0.47
12231,2025-05-09,0.49
12232,2025-05-12,0.47
12233,2025-05-13,0.47
12234,2025-05-14,0.48
12235,2025-05-15,0.49
12236,2025-05-16,0.45
12237,2025-05-19,0.49
12238,2025-05-20,0.51
12239,2025-05-21,0.58
12240,2025-05-22,0.54
12241,2025-05-23,0.51
12242,2025-05-27,0.51
12243,2025-05-28,0.51
12244,2025-05-29,0.51
12245,2025-05-30,0.52
12246,2025-06-02,0.52
12247,2025-06-03,0.5
12248,2025-06-04,0.5
12249,2025-06-05,0.48
12250,2025-06-06,0.47
12251,2025-06-09,0.48
12252,2025-06-10,0.46
12253,2025-06-11,0.47
12254,2025-06-12,0.46
12255,2025-06-13,0.45
12256,2025-06-16,0.49
12257,2025-06-17,0.45
12258,2025-06-18,0.44
12259,2025-06-20,0.48
12260,2025-06-23,0.5
12261,2025-06-24,0.55
12262,2025-06-25,0.55
12263,2025-06-26,0.56
12264,2025-06-27,0.56
12265,2025-06-30,0.52
12266,2025-07-01,0.48
12267,2025-07-02,0.52
12268,2025-07-03,0.47
12269,2025-07-07,0.5
12270,2025-07-08,0.52
12271,2025-07-09,0.48
12272,2025-07-10,0.49
12273,2025-07-11,0.53
12274,2025-07-14,0.53
12275,2025-07-15,0.55
12276,2025-07-16,0.58
12277,2025-07-17,0.56
12278,2025-07-18,0.56
12279,2025-07-21,0.53
12280,2025-07-22,0.52
12281,2025-07-23,0.52
12282,2025-07-24,0.52
12283,2025-07-25,0.49
12284,2025-07-28,0.51
12285,2025-07-29,0.48
12286,2025-07-30,0.44
12287,2025-07-31,0.43
12288,2025-08-01,0.54
12289,2025-08-04,0.53
12290,2025-08-05,0.5
12291,2025-08-06,0.53
12292,2025-08-07,0.51
12293,2025-08-08,0.51
12294,2025-08-11,0.51
12295,2025-08-12,0.57
12296,2025-08-13,0.57
12297,2025-08-14,0.55
12298,2025-08-15,0.58
12299,2025-08-18,0.57
12300,2025-08-19,0.55
12301,2025-08-20,0.55
12302,2025-08-21,0.54
12303,2025-08-22,0.58
12304,2025-08-25,0.55
12305,2025-08-26,0.65
12306,2025-08-27,0.65
12307,2025-08-28,0.6
12308,2025-08-29,0.64
12309,2025-09-02,0.62
12310,2025-09-03,0.61
12311,2025-09-04,0.58
12312,2025-09-05,0.59
12313,2025-09-08,0.56
12314,2025-09-09,0.54
12315,2025-09-10,0.5
12316,2025-09-11,0.49
12317,2025-09-12,0.5
12318,2025-09-15,0.51
12319,2025-09-16,0.53
12320,2025-09-17,0.54
12321,2025-09-18,0.54
12322,2025-09-19,0.57
12323,2025-09-22,0.54
12324,2025-09-23,0.59
12325,2025-09-24,0.59
12326,2025-09-25,0.54
12327,2025-09-26,0.57
12328,2025-09-29,0.52
12329,2025-09-30,0.56
12330,2025-10-01,0.57
12331,2025-10-02,0.55
12332,2025-10-03,0.55
12333,2025-10-06,0.58
12334,2025-10-07,0.57
12335,2025-10-08,0.55
12336,2025-10-09,0.54
12337,2025-10-10,0.53
12338,2025-10-14,0.55
12339,2025-10-15,0.55
12340,2025-10-16,0.58
12341,2025-10-17,0.56
12342,2025-10-20,0.54
12343,2025-10-21,0.53
12344,2025-10-22,0.52
12345,2025-10-23,0.53
12346,2025-10-24,0.54
12347,2025-10-27,0.53
12348,2025-10-28,0.52
12349,2025-10-29,0.49
12350,2025-10-30,0.5
12351,2025-10-31,0.51
12352,2025-11-03,0.53
12353,2025-11-04,0.52
12354,2025-11-05,0.54
12355,2025-11-06,0.54
12356,2025-11-07,0.56
12357,2025-11-10,0.55
12358,2025-11-12,0.52
12359,2025-11-13,0.53
12360,2025-11-14,0.52
12361,2025-11-17,0.53
12362,2025-11-18,0.54
12363,2025-11-19,0.55
12364,2025-11-20,0.55
12365,2025-11-21,0.55
12366,2025-11-24,0.58
12367,2025-11-25,0.58
12368,2025-11-26,0.55
12369,2025-11-28,0.55
12370,2025-12-01,0.55
12371,2025-12-02,0.58
12372,2025-12-03,0.57
12373,2025-12-04,0.59
12374,2025-12-05,0.58
12375,2025-12-08,0.6
12376,2025-12-09,0.57
12377,2025-12-10,0.59
12378,2025-12-11,0.62
12379,2025-12-12,0.67
12380,2025-12-15,0.67
12381,2025-12-16,0.67
12382,2025-12-17,0.67
12383,2025-12-18,0.66
12384,2025-12-19,0.68
12385,2025-12-22,0.73
12386,2025-12-23,0.7
12387,2025-12-24,0.68
12388,2025-12-26,0.68
12389,2025-12-29,0.67
12390,2025-12-30,0.69
12391,2025-12-31,0.71
12392,2026-01-02,0.72
12393,2026-01-05,0.71
12394,2026-01-06,0.71
12395,2026-01-07,0.68
12396,2026-01-08,0.7
12397,2026-01-09,0.64
12398,2026-01-12,0.65
12399,2026-01-13,0.65
12400,2026-01-14,0.64
12401,2026-01-15,0.61
12402,2026-01-16,0.65
12403,2026-01-20,0.7
12404,2026-01-21,0.66
12405,2026-01-22,0.65
12406,2026-01-23,0.64
12407,2026-01-26,0.66
12408,2026-01-27,0.71
12409,2026-01-28,0.7
12410,2026-01-29,0.71
12411,2026-01-30,0.74
12412,2026-02-02,0.72
12413,2026-02-03,0.71
12414,2026-02-04,0.72
12415,2026-02-05,0.74
12416,2026-02-06,0.72
12417,2026-02-09,0.74
12418,2026-02-10,0.71
12419,2026-02-11,0.66
12420,2026-02-12,0.62
12421,2026-02-13,0.64
12422,2026-02-17,0.62
12423,2026-02-18,0.62
12424,2026-02-19,0.61
12425,2026-02-20,0.6
12426,2026-02-23,0.6
12427,2026-02-24,0.61
12428,2026-02-25,0.6
12429,2026-02-26,0.6
12430,2026-02-27,0.59
12431,2026-03-02,0.58
12432,2026-03-03,0.55
12433,2026-03-04,0.55
12434,2026-03-05,0.56
12435,2026-03-06,0.59
12436,2026-03-09,0.56
12437,2026-03-10,0.58
12438,2026-03-11,0.57
12439,2026-03-12,0.51
12440,2026-03-13,0.55
12441,2026-03-16,0.55
12442,2026-03-17,0.52
12443,2026-03-18,0.5
12444,2026-03-19,0.46
12445,2026-03-20,0.51
12446,2026-03-23,0.51
12447,2026-03-24,0.49
12448,2026-03-25,0.49
12449,2026-03-26,0.46
12450,2026-03-27,0.56
12451,2026-03-30,0.53
12452,2026-03-31,0.51
12453,2026-04-01,0.52
12454,2026-04-02,0.52
12455,2026-04-03,0.51
12456,2026-04-06,0.5
12457,2026-04-07,0.52
12458,2026-04-08,0.5
12459,2026-04-09,0.51
12460,2026-04-10,0.5
