Date,vix
2016-04-11 00:00:00-05:00,16.260000228881836
2016-04-12 00:00:00-05:00,14.850000381469727
2016-04-13 00:00:00-05:00,13.84000015258789
2016-04-14 00:00:00-05:00,13.720000267028809
2016-04-15 00:00:00-05:00,13.619999885559082
2016-04-18 00:00:00-05:00,13.350000381469727
2016-04-19 00:00:00-05:00,13.239999771118164
2016-04-20 00:00:00-05:00,13.279999732971191
2016-04-21 00:00:00-05:00,13.949999809265137
2016-04-22 00:00:00-05:00,13.220000267028809
2016-04-25 00:00:00-05:00,14.079999923706055
2016-04-26 00:00:00-05:00,13.960000038146973
2016-04-27 00:00:00-05:00,13.770000457763672
2016-04-28 00:00:00-05:00,15.220000267028809
2016-04-29 00:00:00-05:00,15.699999809265137
2016-05-02 00:00:00-05:00,14.680000305175781
2016-05-03 00:00:00-05:00,15.600000381469727
2016-05-04 00:00:00-05:00,16.049999237060547
2016-05-05 00:00:00-05:00,15.90999984741211
2016-05-06 00:00:00-05:00,14.720000267028809
2016-05-09 00:00:00-05:00,14.569999694824219
2016-05-10 00:00:00-05:00,13.630000114440918
2016-05-11 00:00:00-05:00,14.6899995803833
2016-05-12 00:00:00-05:00,14.40999984741211
2016-05-13 00:00:00-05:00,15.039999961853027
2016-05-16 00:00:00-05:00,14.680000305175781
2016-05-17 00:00:00-05:00,15.569999694824219
2016-05-18 00:00:00-05:00,15.949999809265137
2016-05-19 00:00:00-05:00,16.329999923706055
2016-05-20 00:00:00-05:00,15.199999809265137
2016-05-23 00:00:00-05:00,15.819999694824219
2016-05-24 00:00:00-05:00,14.420000076293945
2016-05-25 00:00:00-05:00,13.899999618530273
2016-05-26 00:00:00-05:00,13.430000305175781
2016-05-27 00:00:00-05:00,13.119999885559082
2016-05-31 00:00:00-05:00,14.1899995803833
2016-06-01 00:00:00-05:00,14.199999809265137
2016-06-02 00:00:00-05:00,13.630000114440918
2016-06-03 00:00:00-05:00,13.470000267028809
2016-06-06 00:00:00-05:00,13.649999618530273
2016-06-07 00:00:00-05:00,14.050000190734863
2016-06-08 00:00:00-05:00,14.079999923706055
2016-06-09 00:00:00-05:00,14.640000343322754
2016-06-10 00:00:00-05:00,17.030000686645508
2016-06-13 00:00:00-05:00,20.969999313354492
2016-06-14 00:00:00-05:00,20.5
2016-06-15 00:00:00-05:00,20.139999389648438
2016-06-16 00:00:00-05:00,19.3700008392334
2016-06-17 00:00:00-05:00,19.40999984741211
2016-06-20 00:00:00-05:00,18.3700008392334
2016-06-21 00:00:00-05:00,18.479999542236328
2016-06-22 00:00:00-05:00,21.170000076293945
2016-06-23 00:00:00-05:00,17.25
2016-06-24 00:00:00-05:00,25.760000228881836
2016-06-27 00:00:00-05:00,23.850000381469727
2016-06-28 00:00:00-05:00,18.75
2016-06-29 00:00:00-05:00,16.639999389648438
2016-06-30 00:00:00-05:00,15.630000114440918
2016-07-01 00:00:00-05:00,14.770000457763672
2016-07-05 00:00:00-05:00,15.579999923706055
2016-07-06 00:00:00-05:00,14.960000038146973
2016-07-07 00:00:00-05:00,14.760000228881836
2016-07-08 00:00:00-05:00,13.199999809265137
2016-07-11 00:00:00-05:00,13.539999961853027
2016-07-12 00:00:00-05:00,13.550000190734863
2016-07-13 00:00:00-05:00,13.039999961853027
2016-07-14 00:00:00-05:00,12.819999694824219
2016-07-15 00:00:00-05:00,12.670000076293945
2016-07-18 00:00:00-05:00,12.4399995803833
2016-07-19 00:00:00-05:00,11.970000267028809
2016-07-20 00:00:00-05:00,11.770000457763672
2016-07-21 00:00:00-05:00,12.739999771118164
2016-07-22 00:00:00-05:00,12.020000457763672
2016-07-25 00:00:00-05:00,12.869999885559082
2016-07-26 00:00:00-05:00,13.050000190734863
2016-07-27 00:00:00-05:00,12.829999923706055
2016-07-28 00:00:00-05:00,12.720000267028809
2016-07-29 00:00:00-05:00,11.869999885559082
2016-08-01 00:00:00-05:00,12.4399995803833
2016-08-02 00:00:00-05:00,13.369999885559082
2016-08-03 00:00:00-05:00,12.859999656677246
2016-08-04 00:00:00-05:00,12.420000076293945
2016-08-05 00:00:00-05:00,11.390000343322754
2016-08-08 00:00:00-05:00,11.5
2016-08-09 00:00:00-05:00,11.65999984741211
2016-08-10 00:00:00-05:00,12.050000190734863
2016-08-11 00:00:00-05:00,11.680000305175781
2016-08-12 00:00:00-05:00,11.550000190734863
2016-08-15 00:00:00-05:00,11.8100004196167
2016-08-16 00:00:00-05:00,12.640000343322754
2016-08-17 00:00:00-05:00,12.1899995803833
2016-08-18 00:00:00-05:00,11.430000305175781
2016-08-19 00:00:00-05:00,11.34000015258789
2016-08-22 00:00:00-05:00,12.270000457763672
2016-08-23 00:00:00-05:00,12.380000114440918
2016-08-24 00:00:00-05:00,13.449999809265137
2016-08-25 00:00:00-05:00,13.630000114440918
2016-08-26 00:00:00-05:00,13.649999618530273
2016-08-29 00:00:00-05:00,12.9399995803833
2016-08-30 00:00:00-05:00,13.119999885559082
2016-08-31 00:00:00-05:00,13.420000076293945
2016-09-01 00:00:00-05:00,13.479999542236328
2016-09-02 00:00:00-05:00,11.979999542236328
2016-09-06 00:00:00-05:00,12.020000457763672
2016-09-07 00:00:00-05:00,11.9399995803833
2016-09-08 00:00:00-05:00,12.510000228881836
2016-09-09 00:00:00-05:00,17.5
2016-09-12 00:00:00-05:00,15.15999984741211
2016-09-13 00:00:00-05:00,17.850000381469727
2016-09-14 00:00:00-05:00,18.139999389648438
2016-09-15 00:00:00-05:00,16.299999237060547
2016-09-16 00:00:00-05:00,15.369999885559082
2016-09-19 00:00:00-05:00,15.529999732971191
2016-09-20 00:00:00-05:00,15.920000076293945
2016-09-21 00:00:00-05:00,13.300000190734863
2016-09-22 00:00:00-05:00,12.020000457763672
2016-09-23 00:00:00-05:00,12.289999961853027
2016-09-26 00:00:00-05:00,14.5
2016-09-27 00:00:00-05:00,13.100000381469727
2016-09-28 00:00:00-05:00,12.390000343322754
2016-09-29 00:00:00-05:00,14.020000457763672
2016-09-30 00:00:00-05:00,13.289999961853027
2016-10-03 00:00:00-05:00,13.569999694824219
2016-10-04 00:00:00-05:00,13.630000114440918
2016-10-05 00:00:00-05:00,12.989999771118164
2016-10-06 00:00:00-05:00,12.84000015258789
2016-10-07 00:00:00-05:00,13.479999542236328
2016-10-10 00:00:00-05:00,13.380000114440918
2016-10-11 00:00:00-05:00,15.359999656677246
2016-10-12 00:00:00-05:00,15.90999984741211
2016-10-13 00:00:00-05:00,16.690000534057617
2016-10-14 00:00:00-05:00,16.1200008392334
2016-10-17 00:00:00-05:00,16.209999084472656
2016-10-18 00:00:00-05:00,15.279999732971191
2016-10-19 00:00:00-05:00,14.40999984741211
2016-10-20 00:00:00-05:00,13.75
2016-10-21 00:00:00-05:00,13.34000015258789
2016-10-24 00:00:00-05:00,13.020000457763672
2016-10-25 00:00:00-05:00,13.460000038146973
2016-10-26 00:00:00-05:00,14.239999771118164
2016-10-27 00:00:00-05:00,15.359999656677246
2016-10-28 00:00:00-05:00,16.190000534057617
2016-10-31 00:00:00-05:00,17.059999465942383
2016-11-01 00:00:00-05:00,18.559999465942383
2016-11-02 00:00:00-05:00,19.31999969482422
2016-11-03 00:00:00-05:00,22.079999923706055
2016-11-04 00:00:00-05:00,22.510000228881836
2016-11-07 00:00:00-06:00,18.709999084472656
2016-11-08 00:00:00-06:00,18.739999771118164
2016-11-09 00:00:00-06:00,14.380000114440918
2016-11-10 00:00:00-06:00,14.739999771118164
2016-11-11 00:00:00-06:00,14.170000076293945
2016-11-14 00:00:00-06:00,14.479999542236328
2016-11-15 00:00:00-06:00,13.369999885559082
2016-11-16 00:00:00-06:00,13.720000267028809
2016-11-17 00:00:00-06:00,13.350000381469727
2016-11-18 00:00:00-06:00,12.850000381469727
2016-11-21 00:00:00-06:00,12.420000076293945
2016-11-22 00:00:00-06:00,12.40999984741211
2016-11-23 00:00:00-06:00,12.430000305175781
2016-11-25 00:00:00-06:00,12.34000015258789
2016-11-28 00:00:00-06:00,13.149999618530273
2016-11-29 00:00:00-06:00,12.899999618530273
2016-11-30 00:00:00-06:00,13.329999923706055
2016-12-01 00:00:00-06:00,14.069999694824219
2016-12-02 00:00:00-06:00,14.119999885559082
2016-12-05 00:00:00-06:00,12.140000343322754
2016-12-06 00:00:00-06:00,11.789999961853027
2016-12-07 00:00:00-06:00,12.220000267028809
2016-12-08 00:00:00-06:00,12.640000343322754
2016-12-09 00:00:00-06:00,11.75
2016-12-12 00:00:00-06:00,12.640000343322754
2016-12-13 00:00:00-06:00,12.720000267028809
2016-12-14 00:00:00-06:00,13.1899995803833
2016-12-15 00:00:00-06:00,12.789999961853027
2016-12-16 00:00:00-06:00,12.199999809265137
2016-12-19 00:00:00-06:00,11.710000038146973
2016-12-20 00:00:00-06:00,11.449999809265137
2016-12-21 00:00:00-06:00,11.270000457763672
2016-12-22 00:00:00-06:00,11.430000305175781
2016-12-23 00:00:00-06:00,11.4399995803833
2016-12-27 00:00:00-06:00,11.989999771118164
2016-12-28 00:00:00-06:00,12.949999809265137
2016-12-29 00:00:00-06:00,13.369999885559082
2016-12-30 00:00:00-06:00,14.039999961853027
2017-01-03 00:00:00-06:00,12.850000381469727
2017-01-04 00:00:00-06:00,11.850000381469727
2017-01-05 00:00:00-06:00,11.670000076293945
2017-01-06 00:00:00-06:00,11.319999694824219
2017-01-09 00:00:00-06:00,11.5600004196167
2017-01-10 00:00:00-06:00,11.489999771118164
2017-01-11 00:00:00-06:00,11.260000228881836
2017-01-12 00:00:00-06:00,11.539999961853027
2017-01-13 00:00:00-06:00,11.229999542236328
2017-01-17 00:00:00-06:00,11.869999885559082
2017-01-18 00:00:00-06:00,12.479999542236328
2017-01-19 00:00:00-06:00,12.779999732971191
2017-01-20 00:00:00-06:00,11.539999961853027
2017-01-23 00:00:00-06:00,11.770000457763672
2017-01-24 00:00:00-06:00,11.069999694824219
2017-01-25 00:00:00-06:00,10.8100004196167
2017-01-26 00:00:00-06:00,10.630000114440918
2017-01-27 00:00:00-06:00,10.579999923706055
2017-01-30 00:00:00-06:00,11.880000114440918
2017-01-31 00:00:00-06:00,11.989999771118164
2017-02-01 00:00:00-06:00,11.8100004196167
2017-02-02 00:00:00-06:00,11.930000305175781
2017-02-03 00:00:00-06:00,10.970000267028809
2017-02-06 00:00:00-06:00,11.369999885559082
2017-02-07 00:00:00-06:00,11.289999961853027
2017-02-08 00:00:00-06:00,11.449999809265137
2017-02-09 00:00:00-06:00,10.880000114440918
2017-02-10 00:00:00-06:00,10.850000381469727
2017-02-13 00:00:00-06:00,11.069999694824219
2017-02-14 00:00:00-06:00,10.739999771118164
2017-02-15 00:00:00-06:00,11.970000267028809
2017-02-16 00:00:00-06:00,11.760000228881836
2017-02-17 00:00:00-06:00,11.489999771118164
2017-02-21 00:00:00-06:00,11.569999694824219
2017-02-22 00:00:00-06:00,11.739999771118164
2017-02-23 00:00:00-06:00,11.710000038146973
2017-02-24 00:00:00-06:00,11.470000267028809
2017-02-27 00:00:00-06:00,12.09000015258789
2017-02-28 00:00:00-06:00,12.920000076293945
2017-03-01 00:00:00-06:00,12.539999961853027
2017-03-02 00:00:00-06:00,11.8100004196167
2017-03-03 00:00:00-06:00,10.960000038146973
2017-03-06 00:00:00-06:00,11.239999771118164
2017-03-07 00:00:00-06:00,11.449999809265137
2017-03-08 00:00:00-06:00,11.859999656677246
2017-03-09 00:00:00-06:00,12.300000190734863
2017-03-10 00:00:00-06:00,11.65999984741211
2017-03-13 00:00:00-05:00,11.350000381469727
2017-03-14 00:00:00-05:00,12.300000190734863
2017-03-15 00:00:00-05:00,11.630000114440918
2017-03-16 00:00:00-05:00,11.210000038146973
2017-03-17 00:00:00-05:00,11.279999732971191
2017-03-20 00:00:00-05:00,11.34000015258789
2017-03-21 00:00:00-05:00,12.470000267028809
2017-03-22 00:00:00-05:00,12.8100004196167
2017-03-23 00:00:00-05:00,13.119999885559082
2017-03-24 00:00:00-05:00,12.960000038146973
2017-03-27 00:00:00-05:00,12.5
2017-03-28 00:00:00-05:00,11.529999732971191
2017-03-29 00:00:00-05:00,11.420000076293945
2017-03-30 00:00:00-05:00,11.539999961853027
2017-03-31 00:00:00-05:00,12.369999885559082
2017-04-03 00:00:00-05:00,12.380000114440918
2017-04-04 00:00:00-05:00,11.789999961853027
2017-04-05 00:00:00-05:00,12.890000343322754
2017-04-06 00:00:00-05:00,12.390000343322754
2017-04-07 00:00:00-05:00,12.869999885559082
2017-04-10 00:00:00-05:00,14.050000190734863
2017-04-11 00:00:00-05:00,15.069999694824219
2017-04-12 00:00:00-05:00,15.770000457763672
2017-04-13 00:00:00-05:00,15.960000038146973
2017-04-17 00:00:00-05:00,14.65999984741211
2017-04-18 00:00:00-05:00,14.420000076293945
2017-04-19 00:00:00-05:00,14.930000305175781
2017-04-20 00:00:00-05:00,14.149999618530273
2017-04-21 00:00:00-05:00,14.630000114440918
2017-04-24 00:00:00-05:00,10.84000015258789
2017-04-25 00:00:00-05:00,10.760000228881836
2017-04-26 00:00:00-05:00,10.850000381469727
2017-04-27 00:00:00-05:00,10.359999656677246
2017-04-28 00:00:00-05:00,10.819999694824219
2017-05-01 00:00:00-05:00,10.109999656677246
2017-05-02 00:00:00-05:00,10.59000015258789
2017-05-03 00:00:00-05:00,10.680000305175781
2017-05-04 00:00:00-05:00,10.460000038146973
2017-05-05 00:00:00-05:00,10.569999694824219
2017-05-08 00:00:00-05:00,9.770000457763672
2017-05-09 00:00:00-05:00,9.960000038146973
2017-05-10 00:00:00-05:00,10.210000038146973
2017-05-11 00:00:00-05:00,10.600000381469727
2017-05-12 00:00:00-05:00,10.399999618530273
2017-05-15 00:00:00-05:00,10.420000076293945
2017-05-16 00:00:00-05:00,10.649999618530273
2017-05-17 00:00:00-05:00,15.59000015258789
2017-05-18 00:00:00-05:00,14.65999984741211
2017-05-19 00:00:00-05:00,12.039999961853027
2017-05-22 00:00:00-05:00,10.930000305175781
2017-05-23 00:00:00-05:00,10.720000267028809
2017-05-24 00:00:00-05:00,10.020000457763672
2017-05-25 00:00:00-05:00,9.989999771118164
2017-05-26 00:00:00-05:00,9.8100004196167
2017-05-30 00:00:00-05:00,10.380000114440918
2017-05-31 00:00:00-05:00,10.40999984741211
2017-06-01 00:00:00-05:00,9.890000343322754
2017-06-02 00:00:00-05:00,9.75
2017-06-05 00:00:00-05:00,10.069999694824219
2017-06-06 00:00:00-05:00,10.449999809265137
2017-06-07 00:00:00-05:00,10.390000343322754
2017-06-08 00:00:00-05:00,10.15999984741211
2017-06-09 00:00:00-05:00,10.699999809265137
2017-06-12 00:00:00-05:00,11.460000038146973
2017-06-13 00:00:00-05:00,10.420000076293945
2017-06-14 00:00:00-05:00,10.640000343322754
2017-06-15 00:00:00-05:00,10.899999618530273
2017-06-16 00:00:00-05:00,10.380000114440918
2017-06-19 00:00:00-05:00,10.369999885559082
2017-06-20 00:00:00-05:00,10.859999656677246
2017-06-21 00:00:00-05:00,10.75
2017-06-22 00:00:00-05:00,10.479999542236328
2017-06-23 00:00:00-05:00,10.020000457763672
2017-06-26 00:00:00-05:00,9.899999618530273
2017-06-27 00:00:00-05:00,11.0600004196167
2017-06-28 00:00:00-05:00,10.029999732971191
2017-06-29 00:00:00-05:00,11.4399995803833
2017-06-30 00:00:00-05:00,11.180000305175781
2017-07-03 00:00:00-05:00,11.220000267028809
2017-07-05 00:00:00-05:00,11.069999694824219
2017-07-06 00:00:00-05:00,12.539999961853027
2017-07-07 00:00:00-05:00,11.1899995803833
2017-07-10 00:00:00-05:00,11.109999656677246
2017-07-11 00:00:00-05:00,10.890000343322754
2017-07-12 00:00:00-05:00,10.300000190734863
2017-07-13 00:00:00-05:00,9.899999618530273
2017-07-14 00:00:00-05:00,9.510000228881836
2017-07-17 00:00:00-05:00,9.819999694824219
2017-07-18 00:00:00-05:00,9.890000343322754
2017-07-19 00:00:00-05:00,9.789999961853027
2017-07-20 00:00:00-05:00,9.579999923706055
2017-07-21 00:00:00-05:00,9.359999656677246
2017-07-24 00:00:00-05:00,9.430000305175781
2017-07-25 00:00:00-05:00,9.430000305175781
2017-07-26 00:00:00-05:00,9.600000381469727
2017-07-27 00:00:00-05:00,10.109999656677246
2017-07-28 00:00:00-05:00,10.289999961853027
2017-07-31 00:00:00-05:00,10.260000228881836
2017-08-01 00:00:00-05:00,10.09000015258789
2017-08-02 00:00:00-05:00,10.279999732971191
2017-08-03 00:00:00-05:00,10.4399995803833
2017-08-04 00:00:00-05:00,10.029999732971191
2017-08-07 00:00:00-05:00,9.930000305175781
2017-08-08 00:00:00-05:00,10.960000038146973
2017-08-09 00:00:00-05:00,11.109999656677246
2017-08-10 00:00:00-05:00,16.040000915527344
2017-08-11 00:00:00-05:00,15.510000228881836
2017-08-14 00:00:00-05:00,12.329999923706055
2017-08-15 00:00:00-05:00,12.039999961853027
2017-08-16 00:00:00-05:00,11.739999771118164
2017-08-17 00:00:00-05:00,15.550000190734863
2017-08-18 00:00:00-05:00,14.260000228881836
2017-08-21 00:00:00-05:00,13.1899995803833
2017-08-22 00:00:00-05:00,11.350000381469727
2017-08-23 00:00:00-05:00,12.25
2017-08-24 00:00:00-05:00,12.229999542236328
2017-08-25 00:00:00-05:00,11.279999732971191
2017-08-28 00:00:00-05:00,11.319999694824219
2017-08-29 00:00:00-05:00,11.699999809265137
2017-08-30 00:00:00-05:00,11.220000267028809
2017-08-31 00:00:00-05:00,10.59000015258789
2017-09-01 00:00:00-05:00,10.130000114440918
2017-09-05 00:00:00-05:00,12.229999542236328
2017-09-06 00:00:00-05:00,11.630000114440918
2017-09-07 00:00:00-05:00,11.550000190734863
2017-09-08 00:00:00-05:00,12.119999885559082
2017-09-11 00:00:00-05:00,10.729999542236328
2017-09-12 00:00:00-05:00,10.579999923706055
2017-09-13 00:00:00-05:00,10.5
2017-09-14 00:00:00-05:00,10.4399995803833
2017-09-15 00:00:00-05:00,10.170000076293945
2017-09-18 00:00:00-05:00,10.149999618530273
2017-09-19 00:00:00-05:00,10.180000305175781
2017-09-20 00:00:00-05:00,9.779999732971191
2017-09-21 00:00:00-05:00,9.670000076293945
2017-09-22 00:00:00-05:00,9.59000015258789
2017-09-25 00:00:00-05:00,10.210000038146973
2017-09-26 00:00:00-05:00,10.170000076293945
2017-09-27 00:00:00-05:00,9.869999885559082
2017-09-28 00:00:00-05:00,9.550000190734863
2017-09-29 00:00:00-05:00,9.510000228881836
2017-10-02 00:00:00-05:00,9.449999809265137
2017-10-03 00:00:00-05:00,9.510000228881836
2017-10-04 00:00:00-05:00,9.630000114440918
2017-10-05 00:00:00-05:00,9.1899995803833
2017-10-06 00:00:00-05:00,9.649999618530273
2017-10-09 00:00:00-05:00,10.329999923706055
2017-10-10 00:00:00-05:00,10.079999923706055
2017-10-11 00:00:00-05:00,9.850000381469727
2017-10-12 00:00:00-05:00,9.90999984741211
2017-10-13 00:00:00-05:00,9.609999656677246
2017-10-16 00:00:00-05:00,9.90999984741211
2017-10-17 00:00:00-05:00,10.3100004196167
2017-10-18 00:00:00-05:00,10.069999694824219
2017-10-19 00:00:00-05:00,10.050000190734863
2017-10-20 00:00:00-05:00,9.970000267028809
2017-10-23 00:00:00-05:00,11.069999694824219
2017-10-24 00:00:00-05:00,11.15999984741211
2017-10-25 00:00:00-05:00,11.229999542236328
2017-10-26 00:00:00-05:00,11.300000190734863
2017-10-27 00:00:00-05:00,9.800000190734863
2017-10-30 00:00:00-05:00,10.5
2017-10-31 00:00:00-05:00,10.180000305175781
2017-11-01 00:00:00-05:00,10.199999809265137
2017-11-02 00:00:00-05:00,9.930000305175781
2017-11-03 00:00:00-05:00,9.140000343322754
2017-11-06 00:00:00-06:00,9.399999618530273
2017-11-07 00:00:00-06:00,9.890000343322754
2017-11-08 00:00:00-06:00,9.779999732971191
2017-11-09 00:00:00-06:00,10.5
2017-11-10 00:00:00-06:00,11.289999961853027
2017-11-13 00:00:00-06:00,11.5
2017-11-14 00:00:00-06:00,11.59000015258789
2017-11-15 00:00:00-06:00,13.130000114440918
2017-11-16 00:00:00-06:00,11.760000228881836
2017-11-17 00:00:00-06:00,11.430000305175781
2017-11-20 00:00:00-06:00,10.649999618530273
2017-11-21 00:00:00-06:00,9.729999542236328
2017-11-22 00:00:00-06:00,9.880000114440918
2017-11-24 00:00:00-06:00,9.670000076293945
2017-11-27 00:00:00-06:00,9.869999885559082
2017-11-28 00:00:00-06:00,10.029999732971191
2017-11-29 00:00:00-06:00,10.699999809265137
2017-11-30 00:00:00-06:00,11.279999732971191
2017-12-01 00:00:00-06:00,11.430000305175781
2017-12-04 00:00:00-06:00,11.680000305175781
2017-12-05 00:00:00-06:00,11.329999923706055
2017-12-06 00:00:00-06:00,11.020000457763672
2017-12-07 00:00:00-06:00,10.15999984741211
2017-12-08 00:00:00-06:00,9.579999923706055
2017-12-11 00:00:00-06:00,9.34000015258789
2017-12-12 00:00:00-06:00,9.920000076293945
2017-12-13 00:00:00-06:00,10.180000305175781
2017-12-14 00:00:00-06:00,10.489999771118164
2017-12-15 00:00:00-06:00,9.420000076293945
2017-12-18 00:00:00-06:00,9.529999732971191
2017-12-19 00:00:00-06:00,10.029999732971191
2017-12-20 00:00:00-06:00,9.720000267028809
2017-12-21 00:00:00-06:00,9.619999885559082
2017-12-22 00:00:00-06:00,9.899999618530273
2017-12-26 00:00:00-06:00,10.25
2017-12-27 00:00:00-06:00,10.470000267028809
2017-12-28 00:00:00-06:00,10.180000305175781
2017-12-29 00:00:00-06:00,11.039999961853027
2018-01-02 00:00:00-06:00,9.770000457763672
2018-01-03 00:00:00-06:00,9.149999618530273
2018-01-04 00:00:00-06:00,9.220000267028809
2018-01-05 00:00:00-06:00,9.220000267028809
2018-01-08 00:00:00-06:00,9.520000457763672
2018-01-09 00:00:00-06:00,10.079999923706055
2018-01-10 00:00:00-06:00,9.819999694824219
2018-01-11 00:00:00-06:00,9.880000114440918
2018-01-12 00:00:00-06:00,10.15999984741211
2018-01-16 00:00:00-06:00,11.65999984741211
2018-01-17 00:00:00-06:00,11.90999984741211
2018-01-18 00:00:00-06:00,12.220000267028809
2018-01-19 00:00:00-06:00,11.270000457763672
2018-01-22 00:00:00-06:00,11.029999732971191
2018-01-23 00:00:00-06:00,11.100000381469727
2018-01-24 00:00:00-06:00,11.470000267028809
2018-01-25 00:00:00-06:00,11.579999923706055
2018-01-26 00:00:00-06:00,11.079999923706055
2018-01-29 00:00:00-06:00,13.84000015258789
2018-01-30 00:00:00-06:00,14.789999961853027
2018-01-31 00:00:00-06:00,13.539999961853027
2018-02-01 00:00:00-06:00,13.470000267028809
2018-02-02 00:00:00-06:00,17.309999465942383
2018-02-05 00:00:00-06:00,37.31999969482422
2018-02-06 00:00:00-06:00,29.979999542236328
2018-02-07 00:00:00-06:00,27.729999542236328
2018-02-08 00:00:00-06:00,33.459999084472656
2018-02-09 00:00:00-06:00,29.059999465942383
2018-02-12 00:00:00-06:00,25.610000610351562
2018-02-13 00:00:00-06:00,24.969999313354492
2018-02-14 00:00:00-06:00,19.260000228881836
2018-02-15 00:00:00-06:00,19.1299991607666
2018-02-16 00:00:00-06:00,19.459999084472656
2018-02-20 00:00:00-06:00,20.600000381469727
2018-02-21 00:00:00-06:00,20.020000457763672
2018-02-22 00:00:00-06:00,18.719999313354492
2018-02-23 00:00:00-06:00,16.489999771118164
2018-02-26 00:00:00-06:00,15.800000190734863
2018-02-27 00:00:00-06:00,18.59000015258789
2018-02-28 00:00:00-06:00,19.850000381469727
2018-03-01 00:00:00-06:00,22.469999313354492
2018-03-02 00:00:00-06:00,19.59000015258789
2018-03-05 00:00:00-06:00,18.729999542236328
2018-03-06 00:00:00-06:00,18.360000610351562
2018-03-07 00:00:00-06:00,17.760000228881836
2018-03-08 00:00:00-06:00,16.540000915527344
2018-03-09 00:00:00-06:00,14.640000343322754
2018-03-12 00:00:00-05:00,15.779999732971191
2018-03-13 00:00:00-05:00,16.350000381469727
2018-03-14 00:00:00-05:00,17.229999542236328
2018-03-15 00:00:00-05:00,16.59000015258789
2018-03-16 00:00:00-05:00,15.800000190734863
2018-03-19 00:00:00-05:00,19.020000457763672
2018-03-20 00:00:00-05:00,18.200000762939453
2018-03-21 00:00:00-05:00,17.860000610351562
2018-03-22 00:00:00-05:00,23.34000015258789
2018-03-23 00:00:00-05:00,24.8700008392334
2018-03-26 00:00:00-05:00,21.030000686645508
2018-03-27 00:00:00-05:00,22.5
2018-03-28 00:00:00-05:00,22.8700008392334
2018-03-29 00:00:00-05:00,19.969999313354492
2018-04-02 00:00:00-05:00,23.6200008392334
2018-04-03 00:00:00-05:00,21.100000381469727
2018-04-04 00:00:00-05:00,20.059999465942383
2018-04-05 00:00:00-05:00,18.940000534057617
2018-04-06 00:00:00-05:00,21.489999771118164
2018-04-09 00:00:00-05:00,21.770000457763672
2018-04-10 00:00:00-05:00,20.469999313354492
2018-04-11 00:00:00-05:00,20.239999771118164
2018-04-12 00:00:00-05:00,18.489999771118164
2018-04-13 00:00:00-05:00,17.40999984741211
2018-04-16 00:00:00-05:00,16.559999465942383
2018-04-17 00:00:00-05:00,15.25
2018-04-18 00:00:00-05:00,15.600000381469727
2018-04-19 00:00:00-05:00,15.960000038146973
2018-04-20 00:00:00-05:00,16.8799991607666
2018-04-23 00:00:00-05:00,16.34000015258789
2018-04-24 00:00:00-05:00,18.020000457763672
2018-04-25 00:00:00-05:00,17.84000015258789
2018-04-26 00:00:00-05:00,16.239999771118164
2018-04-27 00:00:00-05:00,15.40999984741211
2018-04-30 00:00:00-05:00,15.930000305175781
2018-05-01 00:00:00-05:00,15.489999771118164
2018-05-02 00:00:00-05:00,15.970000267028809
2018-05-03 00:00:00-05:00,15.899999618530273
2018-05-04 00:00:00-05:00,14.770000457763672
2018-05-07 00:00:00-05:00,14.75
2018-05-08 00:00:00-05:00,14.710000038146973
2018-05-09 00:00:00-05:00,13.420000076293945
2018-05-10 00:00:00-05:00,13.229999542236328
2018-05-11 00:00:00-05:00,12.649999618530273
2018-05-14 00:00:00-05:00,12.930000305175781
2018-05-15 00:00:00-05:00,14.630000114440918
2018-05-16 00:00:00-05:00,13.420000076293945
2018-05-17 00:00:00-05:00,13.430000305175781
2018-05-18 00:00:00-05:00,13.420000076293945
2018-05-21 00:00:00-05:00,13.079999923706055
2018-05-22 00:00:00-05:00,13.220000267028809
2018-05-23 00:00:00-05:00,12.579999923706055
2018-05-24 00:00:00-05:00,12.529999732971191
2018-05-25 00:00:00-05:00,13.220000267028809
2018-05-29 00:00:00-05:00,17.020000457763672
2018-05-30 00:00:00-05:00,14.9399995803833
2018-05-31 00:00:00-05:00,15.430000305175781
2018-06-01 00:00:00-05:00,13.460000038146973
2018-06-04 00:00:00-05:00,12.739999771118164
2018-06-05 00:00:00-05:00,12.399999618530273
2018-06-06 00:00:00-05:00,11.640000343322754
2018-06-07 00:00:00-05:00,12.130000114440918
2018-06-08 00:00:00-05:00,12.180000305175781
2018-06-11 00:00:00-05:00,12.350000381469727
2018-06-12 00:00:00-05:00,12.34000015258789
2018-06-13 00:00:00-05:00,12.9399995803833
2018-06-14 00:00:00-05:00,12.119999885559082
2018-06-15 00:00:00-05:00,11.979999542236328
2018-06-18 00:00:00-05:00,12.3100004196167
2018-06-19 00:00:00-05:00,13.350000381469727
2018-06-20 00:00:00-05:00,12.789999961853027
2018-06-21 00:00:00-05:00,14.640000343322754
2018-06-22 00:00:00-05:00,13.770000457763672
2018-06-25 00:00:00-05:00,17.329999923706055
2018-06-26 00:00:00-05:00,15.920000076293945
2018-06-27 00:00:00-05:00,17.90999984741211
2018-06-28 00:00:00-05:00,16.850000381469727
2018-06-29 00:00:00-05:00,16.09000015258789
2018-07-02 00:00:00-05:00,15.600000381469727
2018-07-03 00:00:00-05:00,16.139999389648438
2018-07-05 00:00:00-05:00,14.970000267028809
2018-07-06 00:00:00-05:00,13.369999885559082
2018-07-09 00:00:00-05:00,12.6899995803833
2018-07-10 00:00:00-05:00,12.640000343322754
2018-07-11 00:00:00-05:00,13.630000114440918
2018-07-12 00:00:00-05:00,12.579999923706055
2018-07-13 00:00:00-05:00,12.180000305175781
2018-07-16 00:00:00-05:00,12.829999923706055
2018-07-17 00:00:00-05:00,12.0600004196167
2018-07-18 00:00:00-05:00,12.100000381469727
2018-07-19 00:00:00-05:00,12.869999885559082
2018-07-20 00:00:00-05:00,12.859999656677246
2018-07-23 00:00:00-05:00,12.619999885559082
2018-07-24 00:00:00-05:00,12.40999984741211
2018-07-25 00:00:00-05:00,12.289999961853027
2018-07-26 00:00:00-05:00,12.140000343322754
2018-07-27 00:00:00-05:00,13.029999732971191
2018-07-30 00:00:00-05:00,14.260000228881836
2018-07-31 00:00:00-05:00,12.829999923706055
2018-08-01 00:00:00-05:00,13.149999618530273
2018-08-02 00:00:00-05:00,12.1899995803833
2018-08-03 00:00:00-05:00,11.640000343322754
2018-08-06 00:00:00-05:00,11.270000457763672
2018-08-07 00:00:00-05:00,10.930000305175781
2018-08-08 00:00:00-05:00,10.850000381469727
2018-08-09 00:00:00-05:00,11.270000457763672
2018-08-10 00:00:00-05:00,13.15999984741211
2018-08-13 00:00:00-05:00,14.779999732971191
2018-08-14 00:00:00-05:00,13.3100004196167
2018-08-15 00:00:00-05:00,14.640000343322754
2018-08-16 00:00:00-05:00,13.449999809265137
2018-08-17 00:00:00-05:00,12.640000343322754
2018-08-20 00:00:00-05:00,12.489999771118164
2018-08-21 00:00:00-05:00,12.859999656677246
2018-08-22 00:00:00-05:00,12.25
2018-08-23 00:00:00-05:00,12.40999984741211
2018-08-24 00:00:00-05:00,11.989999771118164
2018-08-27 00:00:00-05:00,12.15999984741211
2018-08-28 00:00:00-05:00,12.5
2018-08-29 00:00:00-05:00,12.25
2018-08-30 00:00:00-05:00,13.529999732971191
2018-08-31 00:00:00-05:00,12.859999656677246
2018-09-04 00:00:00-05:00,13.15999984741211
2018-09-05 00:00:00-05:00,13.90999984741211
2018-09-06 00:00:00-05:00,14.649999618530273
2018-09-07 00:00:00-05:00,14.880000114440918
2018-09-10 00:00:00-05:00,14.15999984741211
2018-09-11 00:00:00-05:00,13.220000267028809
2018-09-12 00:00:00-05:00,13.140000343322754
2018-09-13 00:00:00-05:00,12.369999885559082
2018-09-14 00:00:00-05:00,12.069999694824219
2018-09-17 00:00:00-05:00,13.680000305175781
2018-09-18 00:00:00-05:00,12.789999961853027
2018-09-19 00:00:00-05:00,11.75
2018-09-20 00:00:00-05:00,11.800000190734863
2018-09-21 00:00:00-05:00,11.680000305175781
2018-09-24 00:00:00-05:00,12.199999809265137
2018-09-25 00:00:00-05:00,12.420000076293945
2018-09-26 00:00:00-05:00,12.890000343322754
2018-09-27 00:00:00-05:00,12.40999984741211
2018-09-28 00:00:00-05:00,12.119999885559082
2018-10-01 00:00:00-05:00,12.0
2018-10-02 00:00:00-05:00,12.050000190734863
2018-10-03 00:00:00-05:00,11.609999656677246
2018-10-04 00:00:00-05:00,14.220000267028809
2018-10-05 00:00:00-05:00,14.819999694824219
2018-10-08 00:00:00-05:00,15.6899995803833
2018-10-09 00:00:00-05:00,15.949999809265137
2018-10-10 00:00:00-05:00,22.959999084472656
2018-10-11 00:00:00-05:00,24.979999542236328
2018-10-12 00:00:00-05:00,21.309999465942383
2018-10-15 00:00:00-05:00,21.299999237060547
2018-10-16 00:00:00-05:00,17.6200008392334
2018-10-17 00:00:00-05:00,17.399999618530273
2018-10-18 00:00:00-05:00,20.059999465942383
2018-10-19 00:00:00-05:00,19.889999389648438
2018-10-22 00:00:00-05:00,19.639999389648438
2018-10-23 00:00:00-05:00,20.709999084472656
2018-10-24 00:00:00-05:00,25.229999542236328
2018-10-25 00:00:00-05:00,24.219999313354492
2018-10-26 00:00:00-05:00,24.15999984741211
2018-10-29 00:00:00-05:00,24.700000762939453
2018-10-30 00:00:00-05:00,23.350000381469727
2018-10-31 00:00:00-05:00,21.229999542236328
2018-11-01 00:00:00-05:00,19.34000015258789
2018-11-02 00:00:00-05:00,19.510000228881836
2018-11-05 00:00:00-06:00,19.959999084472656
2018-11-06 00:00:00-06:00,19.90999984741211
2018-11-07 00:00:00-06:00,16.360000610351562
2018-11-08 00:00:00-06:00,16.719999313354492
2018-11-09 00:00:00-06:00,17.360000610351562
2018-11-12 00:00:00-06:00,20.450000762939453
2018-11-13 00:00:00-06:00,20.020000457763672
2018-11-14 00:00:00-06:00,21.25
2018-11-15 00:00:00-06:00,19.979999542236328
2018-11-16 00:00:00-06:00,18.139999389648438
2018-11-19 00:00:00-06:00,20.100000381469727
2018-11-20 00:00:00-06:00,22.479999542236328
2018-11-21 00:00:00-06:00,20.799999237060547
2018-11-23 00:00:00-06:00,21.520000457763672
2018-11-26 00:00:00-06:00,18.899999618530273
2018-11-27 00:00:00-06:00,19.020000457763672
2018-11-28 00:00:00-06:00,18.489999771118164
2018-11-29 00:00:00-06:00,18.790000915527344
2018-11-30 00:00:00-06:00,18.06999969482422
2018-12-03 00:00:00-06:00,16.440000534057617
2018-12-04 00:00:00-06:00,20.739999771118164
2018-12-06 00:00:00-06:00,21.190000534057617
2018-12-07 00:00:00-06:00,23.229999542236328
2018-12-10 00:00:00-06:00,22.639999389648438
2018-12-11 00:00:00-06:00,21.760000228881836
2018-12-12 00:00:00-06:00,21.459999084472656
2018-12-13 00:00:00-06:00,20.649999618530273
2018-12-14 00:00:00-06:00,21.6299991607666
2018-12-17 00:00:00-06:00,24.520000457763672
2018-12-18 00:00:00-06:00,25.579999923706055
2018-12-19 00:00:00-06:00,25.579999923706055
2018-12-20 00:00:00-06:00,28.3799991607666
2018-12-21 00:00:00-06:00,30.110000610351562
2018-12-24 00:00:00-06:00,36.06999969482422
2018-12-26 00:00:00-06:00,30.40999984741211
2018-12-27 00:00:00-06:00,29.959999084472656
2018-12-28 00:00:00-06:00,28.34000015258789
2018-12-31 00:00:00-06:00,25.420000076293945
2019-01-02 00:00:00-06:00,23.219999313354492
2019-01-03 00:00:00-06:00,25.450000762939453
2019-01-04 00:00:00-06:00,21.3799991607666
2019-01-07 00:00:00-06:00,21.399999618530273
2019-01-08 00:00:00-06:00,20.469999313354492
2019-01-09 00:00:00-06:00,19.979999542236328
2019-01-10 00:00:00-06:00,19.5
2019-01-11 00:00:00-06:00,18.190000534057617
2019-01-14 00:00:00-06:00,19.06999969482422
2019-01-15 00:00:00-06:00,18.600000381469727
2019-01-16 00:00:00-06:00,19.040000915527344
2019-01-17 00:00:00-06:00,18.059999465942383
2019-01-18 00:00:00-06:00,17.799999237060547
2019-01-22 00:00:00-06:00,20.799999237060547
2019-01-23 00:00:00-06:00,19.520000457763672
2019-01-24 00:00:00-06:00,18.889999389648438
2019-01-25 00:00:00-06:00,17.420000076293945
2019-01-28 00:00:00-06:00,18.8700008392334
2019-01-29 00:00:00-06:00,19.1299991607666
2019-01-30 00:00:00-06:00,17.65999984741211
2019-01-31 00:00:00-06:00,16.56999969482422
2019-02-01 00:00:00-06:00,16.139999389648438
2019-02-04 00:00:00-06:00,15.729999542236328
2019-02-05 00:00:00-06:00,15.569999694824219
2019-02-06 00:00:00-06:00,15.380000114440918
2019-02-07 00:00:00-06:00,16.3700008392334
2019-02-08 00:00:00-06:00,15.720000267028809
2019-02-11 00:00:00-06:00,15.970000267028809
2019-02-12 00:00:00-06:00,15.430000305175781
2019-02-13 00:00:00-06:00,15.649999618530273
2019-02-14 00:00:00-06:00,16.219999313354492
2019-02-15 00:00:00-06:00,14.90999984741211
2019-02-19 00:00:00-06:00,14.880000114440918
2019-02-20 00:00:00-06:00,14.020000457763672
2019-02-21 00:00:00-06:00,14.460000038146973
2019-02-22 00:00:00-06:00,13.510000228881836
2019-02-25 00:00:00-06:00,14.850000381469727
2019-02-26 00:00:00-06:00,15.170000076293945
2019-02-27 00:00:00-06:00,14.699999809265137
2019-02-28 00:00:00-06:00,14.779999732971191
2019-03-01 00:00:00-06:00,13.569999694824219
2019-03-04 00:00:00-06:00,14.630000114440918
2019-03-05 00:00:00-06:00,14.739999771118164
2019-03-06 00:00:00-06:00,15.739999771118164
2019-03-07 00:00:00-06:00,16.59000015258789
2019-03-08 00:00:00-06:00,16.049999237060547
2019-03-11 00:00:00-05:00,14.329999923706055
2019-03-12 00:00:00-05:00,13.770000457763672
2019-03-13 00:00:00-05:00,13.40999984741211
2019-03-14 00:00:00-05:00,13.5
2019-03-15 00:00:00-05:00,12.880000114440918
2019-03-18 00:00:00-05:00,13.100000381469727
2019-03-19 00:00:00-05:00,13.5600004196167
2019-03-20 00:00:00-05:00,13.90999984741211
2019-03-21 00:00:00-05:00,13.630000114440918
2019-03-22 00:00:00-05:00,16.479999542236328
2019-03-25 00:00:00-05:00,16.329999923706055
2019-03-26 00:00:00-05:00,14.680000305175781
2019-03-27 00:00:00-05:00,15.149999618530273
2019-03-28 00:00:00-05:00,14.430000305175781
2019-03-29 00:00:00-05:00,13.710000038146973
2019-04-01 00:00:00-05:00,13.399999618530273
2019-04-02 00:00:00-05:00,13.359999656677246
2019-04-03 00:00:00-05:00,13.739999771118164
2019-04-04 00:00:00-05:00,13.579999923706055
2019-04-05 00:00:00-05:00,12.819999694824219
2019-04-08 00:00:00-05:00,13.180000305175781
2019-04-09 00:00:00-05:00,14.279999732971191
2019-04-10 00:00:00-05:00,13.300000190734863
2019-04-11 00:00:00-05:00,13.020000457763672
2019-04-12 00:00:00-05:00,12.010000228881836
2019-04-15 00:00:00-05:00,12.319999694824219
2019-04-16 00:00:00-05:00,12.180000305175781
2019-04-17 00:00:00-05:00,12.600000381469727
2019-04-18 00:00:00-05:00,12.09000015258789
2019-04-22 00:00:00-05:00,12.420000076293945
2019-04-23 00:00:00-05:00,12.279999732971191
2019-04-24 00:00:00-05:00,13.140000343322754
2019-04-25 00:00:00-05:00,13.25
2019-04-26 00:00:00-05:00,12.729999542236328
2019-04-29 00:00:00-05:00,13.109999656677246
2019-04-30 00:00:00-05:00,13.119999885559082
2019-05-01 00:00:00-05:00,14.800000190734863
2019-05-02 00:00:00-05:00,14.420000076293945
2019-05-03 00:00:00-05:00,12.869999885559082
2019-05-06 00:00:00-05:00,15.4399995803833
2019-05-07 00:00:00-05:00,19.31999969482422
2019-05-08 00:00:00-05:00,19.399999618530273
2019-05-09 00:00:00-05:00,19.100000381469727
2019-05-10 00:00:00-05:00,16.040000915527344
2019-05-13 00:00:00-05:00,20.549999237060547
2019-05-14 00:00:00-05:00,18.059999465942383
2019-05-15 00:00:00-05:00,16.440000534057617
2019-05-16 00:00:00-05:00,15.289999961853027
2019-05-17 00:00:00-05:00,15.960000038146973
2019-05-20 00:00:00-05:00,16.309999465942383
2019-05-21 00:00:00-05:00,14.949999809265137
2019-05-22 00:00:00-05:00,14.75
2019-05-23 00:00:00-05:00,16.920000076293945
2019-05-24 00:00:00-05:00,15.850000381469727
2019-05-28 00:00:00-05:00,17.5
2019-05-29 00:00:00-05:00,17.899999618530273
2019-05-30 00:00:00-05:00,17.299999237060547
2019-05-31 00:00:00-05:00,18.709999084472656
2019-06-03 00:00:00-05:00,18.860000610351562
2019-06-04 00:00:00-05:00,16.969999313354492
2019-06-05 00:00:00-05:00,16.09000015258789
2019-06-06 00:00:00-05:00,15.930000305175781
2019-06-07 00:00:00-05:00,16.299999237060547
2019-06-10 00:00:00-05:00,15.9399995803833
2019-06-11 00:00:00-05:00,15.989999771118164
2019-06-12 00:00:00-05:00,15.90999984741211
2019-06-13 00:00:00-05:00,15.819999694824219
2019-06-14 00:00:00-05:00,15.279999732971191
2019-06-17 00:00:00-05:00,15.350000381469727
2019-06-18 00:00:00-05:00,15.149999618530273
2019-06-19 00:00:00-05:00,14.329999923706055
2019-06-20 00:00:00-05:00,14.75
2019-06-21 00:00:00-05:00,15.399999618530273
2019-06-24 00:00:00-05:00,15.260000228881836
2019-06-25 00:00:00-05:00,16.280000686645508
2019-06-26 00:00:00-05:00,16.209999084472656
2019-06-27 00:00:00-05:00,15.819999694824219
2019-06-28 00:00:00-05:00,15.079999923706055
2019-07-01 00:00:00-05:00,14.0600004196167
2019-07-02 00:00:00-05:00,12.930000305175781
2019-07-03 00:00:00-05:00,12.569999694824219
2019-07-05 00:00:00-05:00,13.279999732971191
2019-07-08 00:00:00-05:00,13.960000038146973
2019-07-09 00:00:00-05:00,14.09000015258789
2019-07-10 00:00:00-05:00,13.029999732971191
2019-07-11 00:00:00-05:00,12.930000305175781
2019-07-12 00:00:00-05:00,12.390000343322754
2019-07-15 00:00:00-05:00,12.680000305175781
2019-07-16 00:00:00-05:00,12.859999656677246
2019-07-17 00:00:00-05:00,13.970000267028809
2019-07-18 00:00:00-05:00,13.529999732971191
2019-07-19 00:00:00-05:00,14.449999809265137
2019-07-22 00:00:00-05:00,13.529999732971191
2019-07-23 00:00:00-05:00,12.609999656677246
2019-07-24 00:00:00-05:00,12.069999694824219
2019-07-25 00:00:00-05:00,12.739999771118164
2019-07-26 00:00:00-05:00,12.15999984741211
2019-07-29 00:00:00-05:00,12.829999923706055
2019-07-30 00:00:00-05:00,13.9399995803833
2019-07-31 00:00:00-05:00,16.1200008392334
2019-08-01 00:00:00-05:00,17.8700008392334
2019-08-02 00:00:00-05:00,17.610000610351562
2019-08-05 00:00:00-05:00,24.59000015258789
2019-08-06 00:00:00-05:00,20.170000076293945
2019-08-07 00:00:00-05:00,19.489999771118164
2019-08-08 00:00:00-05:00,16.90999984741211
2019-08-09 00:00:00-05:00,17.969999313354492
2019-08-12 00:00:00-05:00,21.09000015258789
2019-08-13 00:00:00-05:00,17.520000457763672
2019-08-14 00:00:00-05:00,22.100000381469727
2019-08-15 00:00:00-05:00,21.18000030517578
2019-08-16 00:00:00-05:00,18.469999313354492
2019-08-19 00:00:00-05:00,16.8799991607666
2019-08-20 00:00:00-05:00,17.5
2019-08-21 00:00:00-05:00,15.800000190734863
2019-08-22 00:00:00-05:00,16.68000030517578
2019-08-23 00:00:00-05:00,19.8700008392334
2019-08-26 00:00:00-05:00,19.31999969482422
2019-08-27 00:00:00-05:00,20.309999465942383
2019-08-28 00:00:00-05:00,19.350000381469727
2019-08-29 00:00:00-05:00,17.8799991607666
2019-08-30 00:00:00-05:00,18.979999542236328
2019-09-03 00:00:00-05:00,19.65999984741211
2019-09-04 00:00:00-05:00,17.329999923706055
2019-09-05 00:00:00-05:00,16.270000457763672
2019-09-06 00:00:00-05:00,15.0
2019-09-09 00:00:00-05:00,15.270000457763672
2019-09-10 00:00:00-05:00,15.199999809265137
2019-09-11 00:00:00-05:00,14.609999656677246
2019-09-12 00:00:00-05:00,14.220000267028809
2019-09-13 00:00:00-05:00,13.739999771118164
2019-09-16 00:00:00-05:00,14.670000076293945
2019-09-17 00:00:00-05:00,14.4399995803833
2019-09-18 00:00:00-05:00,13.949999809265137
2019-09-19 00:00:00-05:00,14.050000190734863
2019-09-20 00:00:00-05:00,15.319999694824219
2019-09-23 00:00:00-05:00,14.90999984741211
2019-09-24 00:00:00-05:00,17.049999237060547
2019-09-25 00:00:00-05:00,15.960000038146973
2019-09-26 00:00:00-05:00,16.06999969482422
2019-09-27 00:00:00-05:00,17.219999313354492
2019-09-30 00:00:00-05:00,16.239999771118164
2019-10-01 00:00:00-05:00,18.559999465942383
2019-10-02 00:00:00-05:00,20.559999465942383
2019-10-03 00:00:00-05:00,19.1200008392334
2019-10-04 00:00:00-05:00,17.040000915527344
2019-10-07 00:00:00-05:00,17.860000610351562
2019-10-08 00:00:00-05:00,20.280000686645508
2019-10-09 00:00:00-05:00,18.639999389648438
2019-10-10 00:00:00-05:00,17.56999969482422
2019-10-11 00:00:00-05:00,15.579999923706055
2019-10-14 00:00:00-05:00,14.569999694824219
2019-10-15 00:00:00-05:00,13.539999961853027
2019-10-16 00:00:00-05:00,13.680000305175781
2019-10-17 00:00:00-05:00,13.789999961853027
2019-10-18 00:00:00-05:00,14.25
2019-10-21 00:00:00-05:00,14.0
2019-10-22 00:00:00-05:00,14.460000038146973
2019-10-23 00:00:00-05:00,14.010000228881836
2019-10-24 00:00:00-05:00,13.710000038146973
2019-10-25 00:00:00-05:00,12.649999618530273
2019-10-28 00:00:00-05:00,13.109999656677246
2019-10-29 00:00:00-05:00,13.199999809265137
2019-10-30 00:00:00-05:00,12.329999923706055
2019-10-31 00:00:00-05:00,13.220000267028809
2019-11-01 00:00:00-05:00,12.300000190734863
2019-11-04 00:00:00-06:00,12.829999923706055
2019-11-05 00:00:00-06:00,13.100000381469727
2019-11-06 00:00:00-06:00,12.619999885559082
2019-11-07 00:00:00-06:00,12.729999542236328
2019-11-08 00:00:00-06:00,12.069999694824219
2019-11-11 00:00:00-06:00,12.6899995803833
2019-11-12 00:00:00-06:00,12.680000305175781
2019-11-13 00:00:00-06:00,13.0
2019-11-14 00:00:00-06:00,13.050000190734863
2019-11-15 00:00:00-06:00,12.050000190734863
2019-11-18 00:00:00-06:00,12.460000038146973
2019-11-19 00:00:00-06:00,12.859999656677246
2019-11-20 00:00:00-06:00,12.779999732971191
2019-11-21 00:00:00-06:00,13.130000114440918
2019-11-22 00:00:00-06:00,12.34000015258789
2019-11-25 00:00:00-06:00,11.869999885559082
2019-11-26 00:00:00-06:00,11.539999961853027
2019-11-27 00:00:00-06:00,11.75
2019-11-29 00:00:00-06:00,12.619999885559082
2019-12-02 00:00:00-06:00,14.90999984741211
2019-12-03 00:00:00-06:00,15.960000038146973
2019-12-04 00:00:00-06:00,14.800000190734863
2019-12-05 00:00:00-06:00,14.520000457763672
2019-12-06 00:00:00-06:00,13.619999885559082
2019-12-09 00:00:00-06:00,15.859999656677246
2019-12-10 00:00:00-06:00,15.680000305175781
2019-12-11 00:00:00-06:00,14.989999771118164
2019-12-12 00:00:00-06:00,13.9399995803833
2019-12-13 00:00:00-06:00,12.630000114440918
2019-12-16 00:00:00-06:00,12.140000343322754
2019-12-17 00:00:00-06:00,12.289999961853027
2019-12-18 00:00:00-06:00,12.579999923706055
2019-12-19 00:00:00-06:00,12.5
2019-12-20 00:00:00-06:00,12.510000228881836
2019-12-23 00:00:00-06:00,12.609999656677246
2019-12-24 00:00:00-06:00,12.670000076293945
2019-12-26 00:00:00-06:00,12.649999618530273
2019-12-27 00:00:00-06:00,13.430000305175781
2019-12-30 00:00:00-06:00,14.819999694824219
2019-12-31 00:00:00-06:00,13.779999732971191
2020-01-02 00:00:00-06:00,12.470000267028809
2020-01-03 00:00:00-06:00,14.020000457763672
2020-01-06 00:00:00-06:00,13.850000381469727
2020-01-07 00:00:00-06:00,13.789999961853027
2020-01-08 00:00:00-06:00,13.449999809265137
2020-01-09 00:00:00-06:00,12.539999961853027
2020-01-10 00:00:00-06:00,12.5600004196167
2020-01-13 00:00:00-06:00,12.319999694824219
2020-01-14 00:00:00-06:00,12.390000343322754
2020-01-15 00:00:00-06:00,12.420000076293945
2020-01-16 00:00:00-06:00,12.319999694824219
2020-01-17 00:00:00-06:00,12.100000381469727
2020-01-21 00:00:00-06:00,12.850000381469727
2020-01-22 00:00:00-06:00,12.90999984741211
2020-01-23 00:00:00-06:00,12.979999542236328
2020-01-24 00:00:00-06:00,14.5600004196167
2020-01-27 00:00:00-06:00,18.229999542236328
2020-01-28 00:00:00-06:00,16.280000686645508
2020-01-29 00:00:00-06:00,16.389999389648438
2020-01-30 00:00:00-06:00,15.489999771118164
2020-01-31 00:00:00-06:00,18.84000015258789
2020-02-03 00:00:00-06:00,17.969999313354492
2020-02-04 00:00:00-06:00,16.049999237060547
2020-02-05 00:00:00-06:00,15.149999618530273
2020-02-06 00:00:00-06:00,14.960000038146973
2020-02-07 00:00:00-06:00,15.470000267028809
2020-02-10 00:00:00-06:00,15.039999961853027
2020-02-11 00:00:00-06:00,15.180000305175781
2020-02-12 00:00:00-06:00,13.739999771118164
2020-02-13 00:00:00-06:00,14.149999618530273
2020-02-14 00:00:00-06:00,13.680000305175781
2020-02-18 00:00:00-06:00,14.829999923706055
2020-02-19 00:00:00-06:00,14.380000114440918
2020-02-20 00:00:00-06:00,15.5600004196167
2020-02-21 00:00:00-06:00,17.079999923706055
2020-02-24 00:00:00-06:00,25.030000686645508
2020-02-25 00:00:00-06:00,27.850000381469727
2020-02-26 00:00:00-06:00,27.559999465942383
2020-02-27 00:00:00-06:00,39.15999984741211
2020-02-28 00:00:00-06:00,40.11000061035156
2020-03-02 00:00:00-06:00,33.41999816894531
2020-03-03 00:00:00-06:00,36.81999969482422
2020-03-04 00:00:00-06:00,31.989999771118164
2020-03-05 00:00:00-06:00,39.619998931884766
2020-03-06 00:00:00-06:00,41.939998626708984
2020-03-09 00:00:00-05:00,54.459999084472656
2020-03-10 00:00:00-05:00,47.29999923706055
2020-03-11 00:00:00-05:00,53.900001525878906
2020-03-12 00:00:00-05:00,75.47000122070312
2020-03-13 00:00:00-05:00,57.83000183105469
2020-03-16 00:00:00-05:00,82.69000244140625
2020-03-17 00:00:00-05:00,75.91000366210938
2020-03-18 00:00:00-05:00,76.44999694824219
2020-03-19 00:00:00-05:00,72.0
2020-03-20 00:00:00-05:00,66.04000091552734
2020-03-23 00:00:00-05:00,61.59000015258789
2020-03-24 00:00:00-05:00,61.66999816894531
2020-03-25 00:00:00-05:00,63.95000076293945
2020-03-26 00:00:00-05:00,61.0
2020-03-27 00:00:00-05:00,65.54000091552734
2020-03-30 00:00:00-05:00,57.08000183105469
2020-03-31 00:00:00-05:00,53.540000915527344
2020-04-01 00:00:00-05:00,57.060001373291016
2020-04-02 00:00:00-05:00,50.90999984741211
2020-04-03 00:00:00-05:00,46.79999923706055
2020-04-06 00:00:00-05:00,45.2400016784668
2020-04-07 00:00:00-05:00,46.70000076293945
2020-04-08 00:00:00-05:00,43.349998474121094
2020-04-09 00:00:00-05:00,41.66999816894531
2020-04-13 00:00:00-05:00,41.16999816894531
2020-04-14 00:00:00-05:00,37.7599983215332
2020-04-15 00:00:00-05:00,40.84000015258789
2020-04-16 00:00:00-05:00,40.11000061035156
2020-04-17 00:00:00-05:00,38.150001525878906
2020-04-20 00:00:00-05:00,43.83000183105469
2020-04-21 00:00:00-05:00,45.40999984741211
2020-04-22 00:00:00-05:00,41.97999954223633
2020-04-23 00:00:00-05:00,41.380001068115234
2020-04-24 00:00:00-05:00,35.93000030517578
2020-04-27 00:00:00-05:00,33.290000915527344
2020-04-28 00:00:00-05:00,33.56999969482422
2020-04-29 00:00:00-05:00,31.229999542236328
2020-04-30 00:00:00-05:00,34.150001525878906
2020-05-01 00:00:00-05:00,37.189998626708984
2020-05-04 00:00:00-05:00,35.970001220703125
2020-05-05 00:00:00-05:00,33.61000061035156
2020-05-06 00:00:00-05:00,34.119998931884766
2020-05-07 00:00:00-05:00,31.440000534057617
2020-05-08 00:00:00-05:00,27.979999542236328
2020-05-11 00:00:00-05:00,27.56999969482422
2020-05-12 00:00:00-05:00,33.040000915527344
2020-05-13 00:00:00-05:00,35.279998779296875
2020-05-14 00:00:00-05:00,32.61000061035156
2020-05-15 00:00:00-05:00,31.889999389648438
2020-05-18 00:00:00-05:00,29.299999237060547
2020-05-19 00:00:00-05:00,30.530000686645508
2020-05-20 00:00:00-05:00,27.989999771118164
2020-05-21 00:00:00-05:00,29.530000686645508
2020-05-22 00:00:00-05:00,28.15999984741211
2020-05-26 00:00:00-05:00,28.010000228881836
2020-05-27 00:00:00-05:00,27.6200008392334
2020-05-28 00:00:00-05:00,28.59000015258789
2020-05-29 00:00:00-05:00,27.510000228881836
2020-06-01 00:00:00-05:00,28.229999542236328
2020-06-02 00:00:00-05:00,26.84000015258789
2020-06-03 00:00:00-05:00,25.65999984741211
2020-06-04 00:00:00-05:00,25.809999465942383
2020-06-05 00:00:00-05:00,24.520000457763672
2020-06-08 00:00:00-05:00,25.809999465942383
2020-06-09 00:00:00-05:00,27.56999969482422
2020-06-10 00:00:00-05:00,27.56999969482422
2020-06-11 00:00:00-05:00,40.790000915527344
2020-06-12 00:00:00-05:00,36.09000015258789
2020-06-15 00:00:00-05:00,34.400001525878906
2020-06-16 00:00:00-05:00,33.66999816894531
2020-06-17 00:00:00-05:00,33.470001220703125
2020-06-18 00:00:00-05:00,32.939998626708984
2020-06-19 00:00:00-05:00,35.119998931884766
2020-06-22 00:00:00-05:00,31.770000457763672
2020-06-23 00:00:00-05:00,31.3700008392334
2020-06-24 00:00:00-05:00,33.84000015258789
2020-06-25 00:00:00-05:00,32.220001220703125
2020-06-26 00:00:00-05:00,34.72999954223633
2020-06-29 00:00:00-05:00,31.780000686645508
2020-06-30 00:00:00-05:00,30.43000030517578
2020-07-01 00:00:00-05:00,28.6200008392334
2020-07-02 00:00:00-05:00,27.68000030517578
2020-07-06 00:00:00-05:00,27.940000534057617
2020-07-07 00:00:00-05:00,29.43000030517578
2020-07-08 00:00:00-05:00,28.079999923706055
2020-07-09 00:00:00-05:00,29.260000228881836
2020-07-10 00:00:00-05:00,27.290000915527344
2020-07-13 00:00:00-05:00,32.189998626708984
2020-07-14 00:00:00-05:00,29.520000457763672
2020-07-15 00:00:00-05:00,27.760000228881836
2020-07-16 00:00:00-05:00,28.0
2020-07-17 00:00:00-05:00,25.68000030517578
2020-07-20 00:00:00-05:00,24.459999084472656
2020-07-21 00:00:00-05:00,24.84000015258789
2020-07-22 00:00:00-05:00,24.31999969482422
2020-07-23 00:00:00-05:00,26.079999923706055
2020-07-24 00:00:00-05:00,25.84000015258789
2020-07-27 00:00:00-05:00,24.739999771118164
2020-07-28 00:00:00-05:00,25.440000534057617
2020-07-29 00:00:00-05:00,24.100000381469727
2020-07-30 00:00:00-05:00,24.760000228881836
2020-07-31 00:00:00-05:00,24.459999084472656
2020-08-03 00:00:00-05:00,24.280000686645508
2020-08-04 00:00:00-05:00,23.760000228881836
2020-08-05 00:00:00-05:00,22.989999771118164
2020-08-06 00:00:00-05:00,22.649999618530273
2020-08-07 00:00:00-05:00,22.209999084472656
2020-08-10 00:00:00-05:00,22.1299991607666
2020-08-11 00:00:00-05:00,24.030000686645508
2020-08-12 00:00:00-05:00,22.280000686645508
2020-08-13 00:00:00-05:00,22.1299991607666
2020-08-14 00:00:00-05:00,22.049999237060547
2020-08-17 00:00:00-05:00,21.350000381469727
2020-08-18 00:00:00-05:00,21.510000228881836
2020-08-19 00:00:00-05:00,22.540000915527344
2020-08-20 00:00:00-05:00,22.719999313354492
2020-08-21 00:00:00-05:00,22.540000915527344
2020-08-24 00:00:00-05:00,22.3700008392334
2020-08-25 00:00:00-05:00,22.030000686645508
2020-08-26 00:00:00-05:00,23.270000457763672
2020-08-27 00:00:00-05:00,24.469999313354492
2020-08-28 00:00:00-05:00,22.959999084472656
2020-08-31 00:00:00-05:00,26.40999984741211
2020-09-01 00:00:00-05:00,26.1200008392334
2020-09-02 00:00:00-05:00,26.56999969482422
2020-09-03 00:00:00-05:00,33.599998474121094
2020-09-04 00:00:00-05:00,30.75
2020-09-08 00:00:00-05:00,31.459999084472656
2020-09-09 00:00:00-05:00,28.809999465942383
2020-09-10 00:00:00-05:00,29.709999084472656
2020-09-11 00:00:00-05:00,26.8700008392334
2020-09-14 00:00:00-05:00,25.850000381469727
2020-09-15 00:00:00-05:00,25.59000015258789
2020-09-16 00:00:00-05:00,26.040000915527344
2020-09-17 00:00:00-05:00,26.459999084472656
2020-09-18 00:00:00-05:00,25.829999923706055
2020-09-21 00:00:00-05:00,27.780000686645508
2020-09-22 00:00:00-05:00,26.860000610351562
2020-09-23 00:00:00-05:00,28.579999923706055
2020-09-24 00:00:00-05:00,28.510000228881836
2020-09-25 00:00:00-05:00,26.3799991607666
2020-09-28 00:00:00-05:00,26.190000534057617
2020-09-29 00:00:00-05:00,26.270000457763672
2020-09-30 00:00:00-05:00,26.3700008392334
2020-10-01 00:00:00-05:00,26.700000762939453
2020-10-02 00:00:00-05:00,27.6299991607666
2020-10-05 00:00:00-05:00,27.959999084472656
2020-10-06 00:00:00-05:00,29.479999542236328
2020-10-07 00:00:00-05:00,28.059999465942383
2020-10-08 00:00:00-05:00,26.360000610351562
2020-10-09 00:00:00-05:00,25.0
2020-10-12 00:00:00-05:00,25.06999969482422
2020-10-13 00:00:00-05:00,26.06999969482422
2020-10-14 00:00:00-05:00,26.399999618530273
2020-10-15 00:00:00-05:00,26.969999313354492
2020-10-16 00:00:00-05:00,27.40999984741211
2020-10-19 00:00:00-05:00,29.18000030517578
2020-10-20 00:00:00-05:00,29.350000381469727
2020-10-21 00:00:00-05:00,28.649999618530273
2020-10-22 00:00:00-05:00,28.110000610351562
2020-10-23 00:00:00-05:00,27.549999237060547
2020-10-26 00:00:00-05:00,32.459999084472656
2020-10-27 00:00:00-05:00,33.349998474121094
2020-10-28 00:00:00-05:00,40.279998779296875
2020-10-29 00:00:00-05:00,37.59000015258789
2020-10-30 00:00:00-05:00,38.02000045776367
2020-11-02 00:00:00-06:00,37.130001068115234
2020-11-03 00:00:00-06:00,35.54999923706055
2020-11-04 00:00:00-06:00,29.56999969482422
2020-11-05 00:00:00-06:00,27.579999923706055
2020-11-06 00:00:00-06:00,24.860000610351562
2020-11-09 00:00:00-06:00,25.75
2020-11-10 00:00:00-06:00,24.799999237060547
2020-11-11 00:00:00-06:00,23.450000762939453
2020-11-12 00:00:00-06:00,25.350000381469727
2020-11-13 00:00:00-06:00,23.100000381469727
2020-11-16 00:00:00-06:00,22.450000762939453
2020-11-17 00:00:00-06:00,22.709999084472656
2020-11-18 00:00:00-06:00,23.84000015258789
2020-11-19 00:00:00-06:00,23.110000610351562
2020-11-20 00:00:00-06:00,23.700000762939453
2020-11-23 00:00:00-06:00,22.65999984741211
2020-11-24 00:00:00-06:00,21.639999389648438
2020-11-25 00:00:00-06:00,21.25
2020-11-27 00:00:00-06:00,20.84000015258789
2020-11-30 00:00:00-06:00,20.56999969482422
2020-12-01 00:00:00-06:00,20.770000457763672
2020-12-02 00:00:00-06:00,21.170000076293945
2020-12-03 00:00:00-06:00,21.280000686645508
2020-12-04 00:00:00-06:00,20.790000915527344
2020-12-07 00:00:00-06:00,21.299999237060547
2020-12-08 00:00:00-06:00,20.68000030517578
2020-12-09 00:00:00-06:00,22.270000457763672
2020-12-10 00:00:00-06:00,22.520000457763672
2020-12-11 00:00:00-06:00,23.309999465942383
2020-12-14 00:00:00-06:00,24.719999313354492
2020-12-15 00:00:00-06:00,22.889999389648438
2020-12-16 00:00:00-06:00,22.5
2020-12-17 00:00:00-06:00,21.93000030517578
2020-12-18 00:00:00-06:00,21.56999969482422
2020-12-21 00:00:00-06:00,25.15999984741211
2020-12-22 00:00:00-06:00,24.229999542236328
2020-12-23 00:00:00-06:00,23.309999465942383
2020-12-24 00:00:00-06:00,21.530000686645508
2020-12-28 00:00:00-06:00,21.700000762939453
2020-12-29 00:00:00-06:00,23.079999923706055
2020-12-30 00:00:00-06:00,22.770000457763672
2020-12-31 00:00:00-06:00,22.75
2021-01-04 00:00:00-06:00,26.969999313354492
2021-01-05 00:00:00-06:00,25.34000015258789
2021-01-06 00:00:00-06:00,25.06999969482422
2021-01-07 00:00:00-06:00,22.3700008392334
2021-01-08 00:00:00-06:00,21.559999465942383
2021-01-11 00:00:00-06:00,24.079999923706055
2021-01-12 00:00:00-06:00,23.329999923706055
2021-01-13 00:00:00-06:00,22.209999084472656
2021-01-14 00:00:00-06:00,23.25
2021-01-15 00:00:00-06:00,24.34000015258789
2021-01-19 00:00:00-06:00,23.239999771118164
2021-01-20 00:00:00-06:00,21.579999923706055
2021-01-21 00:00:00-06:00,21.31999969482422
2021-01-22 00:00:00-06:00,21.90999984741211
2021-01-25 00:00:00-06:00,23.190000534057617
2021-01-26 00:00:00-06:00,23.020000457763672
2021-01-27 00:00:00-06:00,37.209999084472656
2021-01-28 00:00:00-06:00,30.209999084472656
2021-01-29 00:00:00-06:00,33.09000015258789
2021-02-01 00:00:00-06:00,30.239999771118164
2021-02-02 00:00:00-06:00,25.559999465942383
2021-02-03 00:00:00-06:00,22.90999984741211
2021-02-04 00:00:00-06:00,21.770000457763672
2021-02-05 00:00:00-06:00,20.8700008392334
2021-02-08 00:00:00-06:00,21.239999771118164
2021-02-09 00:00:00-06:00,21.6299991607666
2021-02-10 00:00:00-06:00,21.989999771118164
2021-02-11 00:00:00-06:00,21.25
2021-02-12 00:00:00-06:00,19.969999313354492
2021-02-16 00:00:00-06:00,21.459999084472656
2021-02-17 00:00:00-06:00,21.5
2021-02-18 00:00:00-06:00,22.489999771118164
2021-02-19 00:00:00-06:00,22.049999237060547
2021-02-22 00:00:00-06:00,23.450000762939453
2021-02-23 00:00:00-06:00,23.110000610351562
2021-02-24 00:00:00-06:00,21.34000015258789
2021-02-25 00:00:00-06:00,28.889999389648438
2021-02-26 00:00:00-06:00,27.950000762939453
2021-03-01 00:00:00-06:00,23.350000381469727
2021-03-02 00:00:00-06:00,24.100000381469727
2021-03-03 00:00:00-06:00,26.670000076293945
2021-03-04 00:00:00-06:00,28.56999969482422
2021-03-05 00:00:00-06:00,24.65999984741211
2021-03-08 00:00:00-06:00,25.469999313354492
2021-03-09 00:00:00-06:00,24.030000686645508
2021-03-10 00:00:00-06:00,22.559999465942383
2021-03-11 00:00:00-06:00,21.90999984741211
2021-03-12 00:00:00-06:00,20.690000534057617
2021-03-15 00:00:00-05:00,20.030000686645508
2021-03-16 00:00:00-05:00,19.790000915527344
2021-03-17 00:00:00-05:00,19.229999542236328
2021-03-18 00:00:00-05:00,21.579999923706055
2021-03-19 00:00:00-05:00,20.950000762939453
2021-03-22 00:00:00-05:00,18.8799991607666
2021-03-23 00:00:00-05:00,20.299999237060547
2021-03-24 00:00:00-05:00,21.200000762939453
2021-03-25 00:00:00-05:00,19.809999465942383
2021-03-26 00:00:00-05:00,18.860000610351562
2021-03-29 00:00:00-05:00,20.739999771118164
2021-03-30 00:00:00-05:00,19.610000610351562
2021-03-31 00:00:00-05:00,19.399999618530273
2021-04-01 00:00:00-05:00,17.329999923706055
2021-04-05 00:00:00-05:00,17.90999984741211
2021-04-06 00:00:00-05:00,18.1200008392334
2021-04-07 00:00:00-05:00,17.15999984741211
2021-04-08 00:00:00-05:00,16.950000762939453
2021-04-09 00:00:00-05:00,16.690000534057617
2021-04-12 00:00:00-05:00,16.90999984741211
2021-04-13 00:00:00-05:00,16.649999618530273
2021-04-14 00:00:00-05:00,16.989999771118164
2021-04-15 00:00:00-05:00,16.56999969482422
2021-04-16 00:00:00-05:00,16.25
2021-04-19 00:00:00-05:00,17.290000915527344
2021-04-20 00:00:00-05:00,18.68000030517578
2021-04-21 00:00:00-05:00,17.5
2021-04-22 00:00:00-05:00,18.709999084472656
2021-04-23 00:00:00-05:00,17.329999923706055
2021-04-26 00:00:00-05:00,17.639999389648438
2021-04-27 00:00:00-05:00,17.559999465942383
2021-04-28 00:00:00-05:00,17.280000686645508
2021-04-29 00:00:00-05:00,17.610000610351562
2021-04-30 00:00:00-05:00,18.610000610351562
2021-05-03 00:00:00-05:00,18.309999465942383
2021-05-04 00:00:00-05:00,19.479999542236328
2021-05-05 00:00:00-05:00,19.149999618530273
2021-05-06 00:00:00-05:00,18.389999389648438
2021-05-07 00:00:00-05:00,16.690000534057617
2021-05-10 00:00:00-05:00,19.65999984741211
2021-05-11 00:00:00-05:00,21.84000015258789
2021-05-12 00:00:00-05:00,27.59000015258789
2021-05-13 00:00:00-05:00,23.1299991607666
2021-05-14 00:00:00-05:00,18.809999465942383
2021-05-17 00:00:00-05:00,19.719999313354492
2021-05-18 00:00:00-05:00,21.34000015258789
2021-05-19 00:00:00-05:00,22.18000030517578
2021-05-20 00:00:00-05:00,20.670000076293945
2021-05-21 00:00:00-05:00,20.149999618530273
2021-05-24 00:00:00-05:00,18.399999618530273
2021-05-25 00:00:00-05:00,18.84000015258789
2021-05-26 00:00:00-05:00,17.360000610351562
2021-05-27 00:00:00-05:00,16.739999771118164
2021-05-28 00:00:00-05:00,16.760000228881836
2021-06-01 00:00:00-05:00,17.899999618530273
2021-06-02 00:00:00-05:00,17.479999542236328
2021-06-03 00:00:00-05:00,18.040000915527344
2021-06-04 00:00:00-05:00,16.420000076293945
2021-06-07 00:00:00-05:00,16.420000076293945
2021-06-08 00:00:00-05:00,17.06999969482422
2021-06-09 00:00:00-05:00,17.889999389648438
2021-06-10 00:00:00-05:00,16.100000381469727
2021-06-11 00:00:00-05:00,15.649999618530273
2021-06-14 00:00:00-05:00,16.389999389648438
2021-06-15 00:00:00-05:00,17.020000457763672
2021-06-16 00:00:00-05:00,18.149999618530273
2021-06-17 00:00:00-05:00,17.75
2021-06-18 00:00:00-05:00,20.700000762939453
2021-06-21 00:00:00-05:00,17.889999389648438
2021-06-22 00:00:00-05:00,16.65999984741211
2021-06-23 00:00:00-05:00,16.31999969482422
2021-06-24 00:00:00-05:00,15.970000267028809
2021-06-25 00:00:00-05:00,15.619999885559082
2021-06-28 00:00:00-05:00,15.760000228881836
2021-06-29 00:00:00-05:00,16.020000457763672
2021-06-30 00:00:00-05:00,15.829999923706055
2021-07-01 00:00:00-05:00,15.479999542236328
2021-07-02 00:00:00-05:00,15.069999694824219
2021-07-06 00:00:00-05:00,16.440000534057617
2021-07-07 00:00:00-05:00,16.200000762939453
2021-07-08 00:00:00-05:00,19.0
2021-07-09 00:00:00-05:00,16.18000030517578
2021-07-12 00:00:00-05:00,16.170000076293945
2021-07-13 00:00:00-05:00,17.1200008392334
2021-07-14 00:00:00-05:00,16.329999923706055
2021-07-15 00:00:00-05:00,17.010000228881836
2021-07-16 00:00:00-05:00,18.450000762939453
2021-07-19 00:00:00-05:00,22.5
2021-07-20 00:00:00-05:00,19.729999542236328
2021-07-21 00:00:00-05:00,17.90999984741211
2021-07-22 00:00:00-05:00,17.690000534057617
2021-07-23 00:00:00-05:00,17.200000762939453
2021-07-26 00:00:00-05:00,17.579999923706055
2021-07-27 00:00:00-05:00,19.360000610351562
2021-07-28 00:00:00-05:00,18.309999465942383
2021-07-29 00:00:00-05:00,17.700000762939453
2021-07-30 00:00:00-05:00,18.239999771118164
2021-08-02 00:00:00-05:00,19.459999084472656
2021-08-03 00:00:00-05:00,18.040000915527344
2021-08-04 00:00:00-05:00,17.969999313354492
2021-08-05 00:00:00-05:00,17.280000686645508
2021-08-06 00:00:00-05:00,16.149999618530273
2021-08-09 00:00:00-05:00,16.719999313354492
2021-08-10 00:00:00-05:00,16.790000915527344
2021-08-11 00:00:00-05:00,16.170000076293945
2021-08-12 00:00:00-05:00,15.59000015258789
2021-08-13 00:00:00-05:00,15.449999809265137
2021-08-16 00:00:00-05:00,16.1200008392334
2021-08-17 00:00:00-05:00,17.90999984741211
2021-08-18 00:00:00-05:00,21.56999969482422
2021-08-19 00:00:00-05:00,21.670000076293945
2021-08-20 00:00:00-05:00,18.559999465942383
2021-08-23 00:00:00-05:00,17.149999618530273
2021-08-24 00:00:00-05:00,17.219999313354492
2021-08-25 00:00:00-05:00,16.790000915527344
2021-08-26 00:00:00-05:00,18.84000015258789
2021-08-27 00:00:00-05:00,16.389999389648438
2021-08-30 00:00:00-05:00,16.190000534057617
2021-08-31 00:00:00-05:00,16.479999542236328
2021-09-01 00:00:00-05:00,16.110000610351562
2021-09-02 00:00:00-05:00,16.40999984741211
2021-09-03 00:00:00-05:00,16.40999984741211
2021-09-07 00:00:00-05:00,18.139999389648438
2021-09-08 00:00:00-05:00,17.959999084472656
2021-09-09 00:00:00-05:00,18.799999237060547
2021-09-10 00:00:00-05:00,20.950000762939453
2021-09-13 00:00:00-05:00,19.3700008392334
2021-09-14 00:00:00-05:00,19.459999084472656
2021-09-15 00:00:00-05:00,18.18000030517578
2021-09-16 00:00:00-05:00,18.690000534057617
2021-09-17 00:00:00-05:00,20.809999465942383
2021-09-20 00:00:00-05:00,25.709999084472656
2021-09-21 00:00:00-05:00,24.360000610351562
2021-09-22 00:00:00-05:00,20.8700008392334
2021-09-23 00:00:00-05:00,18.6299991607666
2021-09-24 00:00:00-05:00,17.75
2021-09-27 00:00:00-05:00,18.760000228881836
2021-09-28 00:00:00-05:00,23.25
2021-09-29 00:00:00-05:00,22.559999465942383
2021-09-30 00:00:00-05:00,23.139999389648438
2021-10-01 00:00:00-05:00,21.100000381469727
2021-10-04 00:00:00-05:00,22.959999084472656
2021-10-05 00:00:00-05:00,21.299999237060547
2021-10-06 00:00:00-05:00,21.0
2021-10-07 00:00:00-05:00,19.540000915527344
2021-10-08 00:00:00-05:00,18.770000457763672
2021-10-11 00:00:00-05:00,20.0
2021-10-12 00:00:00-05:00,19.850000381469727
2021-10-13 00:00:00-05:00,18.639999389648438
2021-10-14 00:00:00-05:00,16.860000610351562
2021-10-15 00:00:00-05:00,16.299999237060547
2021-10-18 00:00:00-05:00,16.309999465942383
2021-10-19 00:00:00-05:00,15.699999809265137
2021-10-20 00:00:00-05:00,15.489999771118164
2021-10-21 00:00:00-05:00,15.010000228881836
2021-10-22 00:00:00-05:00,15.430000305175781
2021-10-25 00:00:00-05:00,15.239999771118164
2021-10-26 00:00:00-05:00,15.979999542236328
2021-10-27 00:00:00-05:00,16.979999542236328
2021-10-28 00:00:00-05:00,16.530000686645508
2021-10-29 00:00:00-05:00,16.260000228881836
2021-11-01 00:00:00-05:00,16.40999984741211
2021-11-02 00:00:00-05:00,16.030000686645508
2021-11-03 00:00:00-05:00,15.100000381469727
2021-11-04 00:00:00-05:00,15.4399995803833
2021-11-05 00:00:00-05:00,16.479999542236328
2021-11-08 00:00:00-06:00,17.219999313354492
2021-11-09 00:00:00-06:00,17.780000686645508
2021-11-10 00:00:00-06:00,18.729999542236328
2021-11-11 00:00:00-06:00,17.65999984741211
2021-11-12 00:00:00-06:00,16.290000915527344
2021-11-15 00:00:00-06:00,16.489999771118164
2021-11-16 00:00:00-06:00,16.3700008392334
2021-11-17 00:00:00-06:00,17.110000610351562
2021-11-18 00:00:00-06:00,17.59000015258789
2021-11-19 00:00:00-06:00,17.90999984741211
2021-11-22 00:00:00-06:00,19.170000076293945
2021-11-23 00:00:00-06:00,19.3799991607666
2021-11-24 00:00:00-06:00,18.579999923706055
2021-11-26 00:00:00-06:00,28.6200008392334
2021-11-29 00:00:00-06:00,22.959999084472656
2021-11-30 00:00:00-06:00,27.190000534057617
2021-12-01 00:00:00-06:00,31.1200008392334
2021-12-02 00:00:00-06:00,27.950000762939453
2021-12-03 00:00:00-06:00,30.670000076293945
2021-12-06 00:00:00-06:00,27.18000030517578
2021-12-07 00:00:00-06:00,21.889999389648438
2021-12-08 00:00:00-06:00,19.899999618530273
2021-12-09 00:00:00-06:00,21.579999923706055
2021-12-10 00:00:00-06:00,18.690000534057617
2021-12-13 00:00:00-06:00,20.309999465942383
2021-12-14 00:00:00-06:00,21.889999389648438
2021-12-15 00:00:00-06:00,19.290000915527344
2021-12-16 00:00:00-06:00,20.56999969482422
2021-12-17 00:00:00-06:00,21.56999969482422
2021-12-20 00:00:00-06:00,22.8700008392334
2021-12-21 00:00:00-06:00,21.010000228881836
2021-12-22 00:00:00-06:00,18.6299991607666
2021-12-23 00:00:00-06:00,17.959999084472656
2021-12-27 00:00:00-06:00,17.68000030517578
2021-12-28 00:00:00-06:00,17.540000915527344
2021-12-29 00:00:00-06:00,16.950000762939453
2021-12-30 00:00:00-06:00,17.329999923706055
2021-12-31 00:00:00-06:00,17.219999313354492
2022-01-03 00:00:00-06:00,16.600000381469727
2022-01-04 00:00:00-06:00,16.90999984741211
2022-01-05 00:00:00-06:00,19.729999542236328
2022-01-06 00:00:00-06:00,19.610000610351562
2022-01-07 00:00:00-06:00,18.760000228881836
2022-01-10 00:00:00-06:00,19.399999618530273
2022-01-11 00:00:00-06:00,18.40999984741211
2022-01-12 00:00:00-06:00,17.6200008392334
2022-01-13 00:00:00-06:00,20.309999465942383
2022-01-14 00:00:00-06:00,19.190000534057617
2022-01-18 00:00:00-06:00,22.790000915527344
2022-01-19 00:00:00-06:00,23.850000381469727
2022-01-20 00:00:00-06:00,25.59000015258789
2022-01-21 00:00:00-06:00,28.850000381469727
2022-01-24 00:00:00-06:00,29.899999618530273
2022-01-25 00:00:00-06:00,31.15999984741211
2022-01-26 00:00:00-06:00,31.959999084472656
2022-01-27 00:00:00-06:00,30.489999771118164
2022-01-28 00:00:00-06:00,27.65999984741211
2022-01-31 00:00:00-06:00,24.829999923706055
2022-02-01 00:00:00-06:00,21.959999084472656
2022-02-02 00:00:00-06:00,22.09000015258789
2022-02-03 00:00:00-06:00,24.350000381469727
2022-02-04 00:00:00-06:00,23.219999313354492
2022-02-07 00:00:00-06:00,22.860000610351562
2022-02-08 00:00:00-06:00,21.440000534057617
2022-02-09 00:00:00-06:00,19.959999084472656
2022-02-10 00:00:00-06:00,23.90999984741211
2022-02-11 00:00:00-06:00,27.360000610351562
2022-02-14 00:00:00-06:00,28.329999923706055
2022-02-15 00:00:00-06:00,25.700000762939453
2022-02-16 00:00:00-06:00,24.290000915527344
2022-02-17 00:00:00-06:00,28.110000610351562
2022-02-18 00:00:00-06:00,27.75
2022-02-22 00:00:00-06:00,28.809999465942383
2022-02-23 00:00:00-06:00,31.020000457763672
2022-02-24 00:00:00-06:00,30.31999969482422
2022-02-25 00:00:00-06:00,27.59000015258789
2022-02-28 00:00:00-06:00,30.149999618530273
2022-03-01 00:00:00-06:00,33.31999969482422
2022-03-02 00:00:00-06:00,30.739999771118164
2022-03-03 00:00:00-06:00,30.479999542236328
2022-03-04 00:00:00-06:00,31.979999542236328
2022-03-07 00:00:00-06:00,36.45000076293945
2022-03-08 00:00:00-06:00,35.130001068115234
2022-03-09 00:00:00-06:00,32.45000076293945
2022-03-10 00:00:00-06:00,30.229999542236328
2022-03-11 00:00:00-06:00,30.75
2022-03-14 00:00:00-05:00,31.770000457763672
2022-03-15 00:00:00-05:00,29.829999923706055
2022-03-16 00:00:00-05:00,26.670000076293945
2022-03-17 00:00:00-05:00,25.670000076293945
2022-03-18 00:00:00-05:00,23.8700008392334
2022-03-21 00:00:00-05:00,23.530000686645508
2022-03-22 00:00:00-05:00,22.940000534057617
2022-03-23 00:00:00-05:00,23.56999969482422
2022-03-24 00:00:00-05:00,21.670000076293945
2022-03-25 00:00:00-05:00,20.809999465942383
2022-03-28 00:00:00-05:00,19.6299991607666
2022-03-29 00:00:00-05:00,18.899999618530273
2022-03-30 00:00:00-05:00,19.329999923706055
2022-03-31 00:00:00-05:00,20.559999465942383
2022-04-01 00:00:00-05:00,19.6299991607666
2022-04-04 00:00:00-05:00,18.56999969482422
2022-04-05 00:00:00-05:00,21.030000686645508
2022-04-06 00:00:00-05:00,22.100000381469727
2022-04-07 00:00:00-05:00,21.549999237060547
2022-04-08 00:00:00-05:00,21.15999984741211
2022-04-11 00:00:00-05:00,24.3700008392334
2022-04-12 00:00:00-05:00,24.260000228881836
2022-04-13 00:00:00-05:00,21.81999969482422
2022-04-14 00:00:00-05:00,22.700000762939453
2022-04-18 00:00:00-05:00,22.170000076293945
2022-04-19 00:00:00-05:00,21.3700008392334
2022-04-20 00:00:00-05:00,20.31999969482422
2022-04-21 00:00:00-05:00,22.68000030517578
2022-04-22 00:00:00-05:00,28.209999084472656
2022-04-25 00:00:00-05:00,27.020000457763672
2022-04-26 00:00:00-05:00,33.52000045776367
2022-04-27 00:00:00-05:00,31.600000381469727
2022-04-28 00:00:00-05:00,29.989999771118164
2022-04-29 00:00:00-05:00,33.400001525878906
2022-05-02 00:00:00-05:00,32.34000015258789
2022-05-03 00:00:00-05:00,29.25
2022-05-04 00:00:00-05:00,25.420000076293945
2022-05-05 00:00:00-05:00,31.200000762939453
2022-05-06 00:00:00-05:00,30.190000534057617
2022-05-09 00:00:00-05:00,34.75
2022-05-10 00:00:00-05:00,32.9900016784668
2022-05-11 00:00:00-05:00,32.560001373291016
2022-05-12 00:00:00-05:00,31.770000457763672
2022-05-13 00:00:00-05:00,28.8700008392334
2022-05-16 00:00:00-05:00,27.469999313354492
2022-05-17 00:00:00-05:00,26.100000381469727
2022-05-18 00:00:00-05:00,30.959999084472656
2022-05-19 00:00:00-05:00,29.350000381469727
2022-05-20 00:00:00-05:00,29.43000030517578
2022-05-23 00:00:00-05:00,28.479999542236328
2022-05-24 00:00:00-05:00,29.450000762939453
2022-05-25 00:00:00-05:00,28.3700008392334
2022-05-26 00:00:00-05:00,27.5
2022-05-27 00:00:00-05:00,25.719999313354492
2022-05-31 00:00:00-05:00,26.190000534057617
2022-06-01 00:00:00-05:00,25.690000534057617
2022-06-02 00:00:00-05:00,24.719999313354492
2022-06-03 00:00:00-05:00,24.790000915527344
2022-06-06 00:00:00-05:00,25.06999969482422
2022-06-07 00:00:00-05:00,24.020000457763672
2022-06-08 00:00:00-05:00,23.959999084472656
2022-06-09 00:00:00-05:00,26.09000015258789
2022-06-10 00:00:00-05:00,27.75
2022-06-13 00:00:00-05:00,34.02000045776367
2022-06-14 00:00:00-05:00,32.689998626708984
2022-06-15 00:00:00-05:00,29.6200008392334
2022-06-16 00:00:00-05:00,32.95000076293945
2022-06-17 00:00:00-05:00,31.1299991607666
2022-06-21 00:00:00-05:00,30.190000534057617
2022-06-22 00:00:00-05:00,28.950000762939453
2022-06-23 00:00:00-05:00,29.049999237060547
2022-06-24 00:00:00-05:00,27.229999542236328
2022-06-27 00:00:00-05:00,26.950000762939453
2022-06-28 00:00:00-05:00,28.360000610351562
2022-06-29 00:00:00-05:00,28.15999984741211
2022-06-30 00:00:00-05:00,28.709999084472656
2022-07-01 00:00:00-05:00,26.700000762939453
2022-07-05 00:00:00-05:00,27.540000915527344
2022-07-06 00:00:00-05:00,26.729999542236328
2022-07-07 00:00:00-05:00,26.079999923706055
2022-07-08 00:00:00-05:00,24.639999389648438
2022-07-11 00:00:00-05:00,26.170000076293945
2022-07-12 00:00:00-05:00,27.290000915527344
2022-07-13 00:00:00-05:00,26.81999969482422
2022-07-14 00:00:00-05:00,26.399999618530273
2022-07-15 00:00:00-05:00,24.229999542236328
2022-07-18 00:00:00-05:00,25.299999237060547
2022-07-19 00:00:00-05:00,24.5
2022-07-20 00:00:00-05:00,23.8799991607666
2022-07-21 00:00:00-05:00,23.110000610351562
2022-07-22 00:00:00-05:00,23.030000686645508
2022-07-25 00:00:00-05:00,23.360000610351562
2022-07-26 00:00:00-05:00,24.690000534057617
2022-07-27 00:00:00-05:00,23.239999771118164
2022-07-28 00:00:00-05:00,22.329999923706055
2022-07-29 00:00:00-05:00,21.329999923706055
2022-08-01 00:00:00-05:00,22.84000015258789
2022-08-02 00:00:00-05:00,23.93000030517578
2022-08-03 00:00:00-05:00,21.950000762939453
2022-08-04 00:00:00-05:00,21.440000534057617
2022-08-05 00:00:00-05:00,21.149999618530273
2022-08-08 00:00:00-05:00,21.290000915527344
2022-08-09 00:00:00-05:00,21.770000457763672
2022-08-10 00:00:00-05:00,19.739999771118164
2022-08-11 00:00:00-05:00,20.200000762939453
2022-08-12 00:00:00-05:00,19.530000686645508
2022-08-15 00:00:00-05:00,19.950000762939453
2022-08-16 00:00:00-05:00,19.690000534057617
2022-08-17 00:00:00-05:00,19.899999618530273
2022-08-18 00:00:00-05:00,19.559999465942383
2022-08-19 00:00:00-05:00,20.600000381469727
2022-08-22 00:00:00-05:00,23.799999237060547
2022-08-23 00:00:00-05:00,24.110000610351562
2022-08-24 00:00:00-05:00,22.81999969482422
2022-08-25 00:00:00-05:00,21.780000686645508
2022-08-26 00:00:00-05:00,25.559999465942383
2022-08-29 00:00:00-05:00,26.209999084472656
2022-08-30 00:00:00-05:00,26.209999084472656
2022-08-31 00:00:00-05:00,25.8700008392334
2022-09-01 00:00:00-05:00,25.559999465942383
2022-09-02 00:00:00-05:00,25.469999313354492
2022-09-06 00:00:00-05:00,26.90999984741211
2022-09-07 00:00:00-05:00,24.639999389648438
2022-09-08 00:00:00-05:00,23.610000610351562
2022-09-09 00:00:00-05:00,22.790000915527344
2022-09-12 00:00:00-05:00,23.8700008392334
2022-09-13 00:00:00-05:00,27.270000457763672
2022-09-14 00:00:00-05:00,26.15999984741211
2022-09-15 00:00:00-05:00,26.270000457763672
2022-09-16 00:00:00-05:00,26.299999237060547
2022-09-19 00:00:00-05:00,25.760000228881836
2022-09-20 00:00:00-05:00,27.15999984741211
2022-09-21 00:00:00-05:00,27.989999771118164
2022-09-22 00:00:00-05:00,27.350000381469727
2022-09-23 00:00:00-05:00,29.920000076293945
2022-09-26 00:00:00-05:00,32.2599983215332
2022-09-27 00:00:00-05:00,32.599998474121094
2022-09-28 00:00:00-05:00,30.18000030517578
2022-09-29 00:00:00-05:00,31.84000015258789
2022-09-30 00:00:00-05:00,31.6200008392334
2022-10-03 00:00:00-05:00,30.100000381469727
2022-10-04 00:00:00-05:00,29.06999969482422
2022-10-05 00:00:00-05:00,28.549999237060547
2022-10-06 00:00:00-05:00,30.520000457763672
2022-10-07 00:00:00-05:00,31.360000610351562
2022-10-10 00:00:00-05:00,32.45000076293945
2022-10-11 00:00:00-05:00,33.630001068115234
2022-10-12 00:00:00-05:00,33.56999969482422
2022-10-13 00:00:00-05:00,31.940000534057617
2022-10-14 00:00:00-05:00,32.02000045776367
2022-10-17 00:00:00-05:00,31.3700008392334
2022-10-18 00:00:00-05:00,30.5
2022-10-19 00:00:00-05:00,30.760000228881836
2022-10-20 00:00:00-05:00,29.979999542236328
2022-10-21 00:00:00-05:00,29.690000534057617
2022-10-24 00:00:00-05:00,29.850000381469727
2022-10-25 00:00:00-05:00,28.459999084472656
2022-10-26 00:00:00-05:00,27.280000686645508
2022-10-27 00:00:00-05:00,27.389999389648438
2022-10-28 00:00:00-05:00,25.75
2022-10-31 00:00:00-05:00,25.8799991607666
2022-11-01 00:00:00-05:00,25.809999465942383
2022-11-02 00:00:00-05:00,25.860000610351562
2022-11-03 00:00:00-05:00,25.299999237060547
2022-11-04 00:00:00-05:00,24.549999237060547
2022-11-07 00:00:00-06:00,24.350000381469727
2022-11-08 00:00:00-06:00,25.540000915527344
2022-11-09 00:00:00-06:00,26.09000015258789
2022-11-10 00:00:00-06:00,23.530000686645508
2022-11-11 00:00:00-06:00,22.520000457763672
2022-11-14 00:00:00-06:00,23.729999542236328
2022-11-15 00:00:00-06:00,24.540000915527344
2022-11-16 00:00:00-06:00,24.110000610351562
2022-11-17 00:00:00-06:00,23.93000030517578
2022-11-18 00:00:00-06:00,23.1200008392334
2022-11-21 00:00:00-06:00,22.360000610351562
2022-11-22 00:00:00-06:00,21.290000915527344
2022-11-23 00:00:00-06:00,20.350000381469727
2022-11-25 00:00:00-06:00,20.5
2022-11-28 00:00:00-06:00,22.209999084472656
2022-11-29 00:00:00-06:00,21.889999389648438
2022-11-30 00:00:00-06:00,20.579999923706055
2022-12-01 00:00:00-06:00,19.84000015258789
2022-12-02 00:00:00-06:00,19.059999465942383
2022-12-05 00:00:00-06:00,20.75
2022-12-06 00:00:00-06:00,22.170000076293945
2022-12-07 00:00:00-06:00,22.68000030517578
2022-12-08 00:00:00-06:00,22.290000915527344
2022-12-09 00:00:00-06:00,22.829999923706055
2022-12-12 00:00:00-06:00,25.0
2022-12-13 00:00:00-06:00,22.549999237060547
2022-12-14 00:00:00-06:00,21.139999389648438
2022-12-15 00:00:00-06:00,22.829999923706055
2022-12-16 00:00:00-06:00,22.6200008392334
2022-12-19 00:00:00-06:00,22.420000076293945
2022-12-20 00:00:00-06:00,21.479999542236328
2022-12-21 00:00:00-06:00,20.06999969482422
2022-12-22 00:00:00-06:00,21.969999313354492
2022-12-23 00:00:00-06:00,20.8700008392334
2022-12-27 00:00:00-06:00,21.649999618530273
2022-12-28 00:00:00-06:00,22.139999389648438
2022-12-29 00:00:00-06:00,21.440000534057617
2022-12-30 00:00:00-06:00,21.670000076293945
2023-01-03 00:00:00-06:00,22.899999618530273
2023-01-04 00:00:00-06:00,22.010000228881836
2023-01-05 00:00:00-06:00,22.459999084472656
2023-01-06 00:00:00-06:00,21.1299991607666
2023-01-09 00:00:00-06:00,21.969999313354492
2023-01-10 00:00:00-06:00,20.579999923706055
2023-01-11 00:00:00-06:00,21.09000015258789
2023-01-12 00:00:00-06:00,18.829999923706055
2023-01-13 00:00:00-06:00,18.350000381469727
2023-01-17 00:00:00-06:00,19.360000610351562
2023-01-18 00:00:00-06:00,20.34000015258789
2023-01-19 00:00:00-06:00,20.520000457763672
2023-01-20 00:00:00-06:00,19.850000381469727
2023-01-23 00:00:00-06:00,19.809999465942383
2023-01-24 00:00:00-06:00,19.200000762939453
2023-01-25 00:00:00-06:00,19.079999923706055
2023-01-26 00:00:00-06:00,18.729999542236328
2023-01-27 00:00:00-06:00,18.510000228881836
2023-01-30 00:00:00-06:00,19.940000534057617
2023-01-31 00:00:00-06:00,19.399999618530273
2023-02-01 00:00:00-06:00,17.8700008392334
2023-02-02 00:00:00-06:00,18.729999542236328
2023-02-03 00:00:00-06:00,18.329999923706055
2023-02-06 00:00:00-06:00,19.43000030517578
2023-02-07 00:00:00-06:00,18.65999984741211
2023-02-08 00:00:00-06:00,19.6299991607666
2023-02-09 00:00:00-06:00,20.709999084472656
2023-02-10 00:00:00-06:00,20.530000686645508
2023-02-13 00:00:00-06:00,20.34000015258789
2023-02-14 00:00:00-06:00,18.90999984741211
2023-02-15 00:00:00-06:00,18.229999542236328
2023-02-16 00:00:00-06:00,20.170000076293945
2023-02-17 00:00:00-06:00,20.020000457763672
2023-02-21 00:00:00-06:00,22.8700008392334
2023-02-22 00:00:00-06:00,22.290000915527344
2023-02-23 00:00:00-06:00,21.139999389648438
2023-02-24 00:00:00-06:00,21.670000076293945
2023-02-27 00:00:00-06:00,20.950000762939453
2023-02-28 00:00:00-06:00,20.700000762939453
2023-03-01 00:00:00-06:00,20.579999923706055
2023-03-02 00:00:00-06:00,19.59000015258789
2023-03-03 00:00:00-06:00,18.489999771118164
2023-03-06 00:00:00-06:00,18.610000610351562
2023-03-07 00:00:00-06:00,19.59000015258789
2023-03-08 00:00:00-06:00,19.110000610351562
2023-03-09 00:00:00-06:00,22.610000610351562
2023-03-10 00:00:00-06:00,24.799999237060547
2023-03-13 00:00:00-05:00,26.520000457763672
2023-03-14 00:00:00-05:00,23.729999542236328
2023-03-15 00:00:00-05:00,26.139999389648438
2023-03-16 00:00:00-05:00,22.989999771118164
2023-03-17 00:00:00-05:00,25.510000228881836
2023-03-20 00:00:00-05:00,24.149999618530273
2023-03-21 00:00:00-05:00,21.3799991607666
2023-03-22 00:00:00-05:00,22.260000228881836
2023-03-23 00:00:00-05:00,22.610000610351562
2023-03-24 00:00:00-05:00,21.739999771118164
2023-03-27 00:00:00-05:00,20.600000381469727
2023-03-28 00:00:00-05:00,19.969999313354492
2023-03-29 00:00:00-05:00,19.1200008392334
2023-03-30 00:00:00-05:00,19.020000457763672
2023-03-31 00:00:00-05:00,18.700000762939453
2023-04-03 00:00:00-05:00,18.549999237060547
2023-04-04 00:00:00-05:00,19.0
2023-04-05 00:00:00-05:00,19.079999923706055
2023-04-06 00:00:00-05:00,18.399999618530273
2023-04-10 00:00:00-05:00,18.969999313354492
2023-04-11 00:00:00-05:00,19.100000381469727
2023-04-12 00:00:00-05:00,19.09000015258789
2023-04-13 00:00:00-05:00,17.799999237060547
2023-04-14 00:00:00-05:00,17.06999969482422
2023-04-17 00:00:00-05:00,16.950000762939453
2023-04-18 00:00:00-05:00,16.829999923706055
2023-04-19 00:00:00-05:00,16.459999084472656
2023-04-20 00:00:00-05:00,17.170000076293945
2023-04-21 00:00:00-05:00,16.770000457763672
2023-04-24 00:00:00-05:00,16.889999389648438
2023-04-25 00:00:00-05:00,18.760000228881836
2023-04-26 00:00:00-05:00,18.84000015258789
2023-04-27 00:00:00-05:00,17.030000686645508
2023-04-28 00:00:00-05:00,15.779999732971191
2023-05-01 00:00:00-05:00,16.079999923706055
2023-05-02 00:00:00-05:00,17.780000686645508
2023-05-03 00:00:00-05:00,18.34000015258789
2023-05-04 00:00:00-05:00,20.09000015258789
2023-05-05 00:00:00-05:00,17.190000534057617
2023-05-08 00:00:00-05:00,16.979999542236328
2023-05-09 00:00:00-05:00,17.709999084472656
2023-05-10 00:00:00-05:00,16.940000534057617
2023-05-11 00:00:00-05:00,16.93000030517578
2023-05-12 00:00:00-05:00,17.030000686645508
2023-05-15 00:00:00-05:00,17.1200008392334
2023-05-16 00:00:00-05:00,17.989999771118164
2023-05-17 00:00:00-05:00,16.8700008392334
2023-05-18 00:00:00-05:00,16.049999237060547
2023-05-19 00:00:00-05:00,16.809999465942383
2023-05-22 00:00:00-05:00,17.209999084472656
2023-05-23 00:00:00-05:00,18.530000686645508
2023-05-24 00:00:00-05:00,20.030000686645508
2023-05-25 00:00:00-05:00,19.139999389648438
2023-05-26 00:00:00-05:00,17.950000762939453
2023-05-30 00:00:00-05:00,17.459999084472656
2023-05-31 00:00:00-05:00,17.940000534057617
2023-06-01 00:00:00-05:00,15.649999618530273
2023-06-02 00:00:00-05:00,14.600000381469727
2023-06-05 00:00:00-05:00,14.729999542236328
2023-06-06 00:00:00-05:00,13.960000038146973
2023-06-07 00:00:00-05:00,13.9399995803833
2023-06-08 00:00:00-05:00,13.649999618530273
2023-06-09 00:00:00-05:00,13.829999923706055
2023-06-12 00:00:00-05:00,15.010000228881836
2023-06-13 00:00:00-05:00,14.609999656677246
2023-06-14 00:00:00-05:00,13.880000114440918
2023-06-15 00:00:00-05:00,14.5
2023-06-16 00:00:00-05:00,13.539999961853027
2023-06-20 00:00:00-05:00,13.880000114440918
2023-06-21 00:00:00-05:00,13.199999809265137
2023-06-22 00:00:00-05:00,12.90999984741211
2023-06-23 00:00:00-05:00,13.4399995803833
2023-06-26 00:00:00-05:00,14.25
2023-06-27 00:00:00-05:00,13.739999771118164
2023-06-28 00:00:00-05:00,13.430000305175781
2023-06-29 00:00:00-05:00,13.539999961853027
2023-06-30 00:00:00-05:00,13.59000015258789
2023-07-03 00:00:00-05:00,13.569999694824219
2023-07-05 00:00:00-05:00,14.180000305175781
2023-07-06 00:00:00-05:00,15.4399995803833
2023-07-07 00:00:00-05:00,14.829999923706055
2023-07-10 00:00:00-05:00,15.069999694824219
2023-07-11 00:00:00-05:00,14.84000015258789
2023-07-12 00:00:00-05:00,13.539999961853027
2023-07-13 00:00:00-05:00,13.609999656677246
2023-07-14 00:00:00-05:00,13.34000015258789
2023-07-17 00:00:00-05:00,13.479999542236328
2023-07-18 00:00:00-05:00,13.300000190734863
2023-07-19 00:00:00-05:00,13.760000228881836
2023-07-20 00:00:00-05:00,13.989999771118164
2023-07-21 00:00:00-05:00,13.600000381469727
2023-07-24 00:00:00-05:00,13.90999984741211
2023-07-25 00:00:00-05:00,13.859999656677246
2023-07-26 00:00:00-05:00,13.1899995803833
2023-07-27 00:00:00-05:00,14.40999984741211
2023-07-28 00:00:00-05:00,13.329999923706055
2023-07-31 00:00:00-05:00,13.630000114440918
2023-08-01 00:00:00-05:00,13.930000305175781
2023-08-02 00:00:00-05:00,16.09000015258789
2023-08-03 00:00:00-05:00,15.920000076293945
2023-08-04 00:00:00-05:00,17.100000381469727
2023-08-07 00:00:00-05:00,15.770000457763672
2023-08-08 00:00:00-05:00,15.989999771118164
2023-08-09 00:00:00-05:00,15.960000038146973
2023-08-10 00:00:00-05:00,15.850000381469727
2023-08-11 00:00:00-05:00,14.84000015258789
2023-08-14 00:00:00-05:00,14.819999694824219
2023-08-15 00:00:00-05:00,16.459999084472656
2023-08-16 00:00:00-05:00,16.780000686645508
2023-08-17 00:00:00-05:00,17.889999389648438
2023-08-18 00:00:00-05:00,17.299999237060547
2023-08-21 00:00:00-05:00,17.1299991607666
2023-08-22 00:00:00-05:00,16.969999313354492
2023-08-23 00:00:00-05:00,15.979999542236328
2023-08-24 00:00:00-05:00,17.200000762939453
2023-08-25 00:00:00-05:00,15.680000305175781
2023-08-28 00:00:00-05:00,15.079999923706055
2023-08-29 00:00:00-05:00,14.449999809265137
2023-08-30 00:00:00-05:00,13.880000114440918
2023-08-31 00:00:00-05:00,13.569999694824219
2023-09-01 00:00:00-05:00,13.09000015258789
2023-09-05 00:00:00-05:00,14.010000228881836
2023-09-06 00:00:00-05:00,14.449999809265137
2023-09-07 00:00:00-05:00,14.399999618530273
2023-09-08 00:00:00-05:00,13.84000015258789
2023-09-11 00:00:00-05:00,13.800000190734863
2023-09-12 00:00:00-05:00,14.229999542236328
2023-09-13 00:00:00-05:00,13.479999542236328
2023-09-14 00:00:00-05:00,12.819999694824219
2023-09-15 00:00:00-05:00,13.789999961853027
2023-09-18 00:00:00-05:00,14.0
2023-09-19 00:00:00-05:00,14.109999656677246
2023-09-20 00:00:00-05:00,15.140000343322754
2023-09-21 00:00:00-05:00,17.540000915527344
2023-09-22 00:00:00-05:00,17.200000762939453
2023-09-25 00:00:00-05:00,16.899999618530273
2023-09-26 00:00:00-05:00,18.940000534057617
2023-09-27 00:00:00-05:00,18.219999313354492
2023-09-28 00:00:00-05:00,17.34000015258789
2023-09-29 00:00:00-05:00,17.520000457763672
2023-10-02 00:00:00-05:00,17.610000610351562
2023-10-03 00:00:00-05:00,19.780000686645508
2023-10-04 00:00:00-05:00,18.579999923706055
2023-10-05 00:00:00-05:00,18.489999771118164
2023-10-06 00:00:00-05:00,17.450000762939453
2023-10-09 00:00:00-05:00,17.700000762939453
2023-10-10 00:00:00-05:00,17.030000686645508
2023-10-11 00:00:00-05:00,16.09000015258789
2023-10-12 00:00:00-05:00,16.690000534057617
2023-10-13 00:00:00-05:00,19.31999969482422
2023-10-16 00:00:00-05:00,17.209999084472656
2023-10-17 00:00:00-05:00,17.8799991607666
2023-10-18 00:00:00-05:00,19.219999313354492
2023-10-19 00:00:00-05:00,21.399999618530273
2023-10-20 00:00:00-05:00,21.709999084472656
2023-10-23 00:00:00-05:00,20.3700008392334
2023-10-24 00:00:00-05:00,18.969999313354492
2023-10-25 00:00:00-05:00,20.190000534057617
2023-10-26 00:00:00-05:00,20.68000030517578
2023-10-27 00:00:00-05:00,21.270000457763672
2023-10-30 00:00:00-05:00,19.75
2023-10-31 00:00:00-05:00,18.139999389648438
2023-11-01 00:00:00-05:00,16.8700008392334
2023-11-02 00:00:00-05:00,15.65999984741211
2023-11-03 00:00:00-05:00,14.90999984741211
2023-11-06 00:00:00-06:00,14.890000343322754
2023-11-07 00:00:00-06:00,14.8100004196167
2023-11-08 00:00:00-06:00,14.449999809265137
2023-11-09 00:00:00-06:00,15.289999961853027
2023-11-10 00:00:00-06:00,14.170000076293945
2023-11-13 00:00:00-06:00,14.760000228881836
2023-11-14 00:00:00-06:00,14.15999984741211
2023-11-15 00:00:00-06:00,14.180000305175781
2023-11-16 00:00:00-06:00,14.319999694824219
2023-11-17 00:00:00-06:00,13.800000190734863
2023-11-20 00:00:00-06:00,13.40999984741211
2023-11-21 00:00:00-06:00,13.350000381469727
2023-11-22 00:00:00-06:00,12.850000381469727
2023-11-24 00:00:00-06:00,12.460000038146973
2023-11-27 00:00:00-06:00,12.6899995803833
2023-11-28 00:00:00-06:00,12.6899995803833
2023-11-29 00:00:00-06:00,12.979999542236328
2023-11-30 00:00:00-06:00,12.920000076293945
2023-12-01 00:00:00-06:00,12.630000114440918
2023-12-04 00:00:00-06:00,13.079999923706055
2023-12-05 00:00:00-06:00,12.850000381469727
2023-12-06 00:00:00-06:00,12.970000267028809
2023-12-07 00:00:00-06:00,13.0600004196167
2023-12-08 00:00:00-06:00,12.350000381469727
2023-12-11 00:00:00-06:00,12.630000114440918
2023-12-12 00:00:00-06:00,12.069999694824219
2023-12-13 00:00:00-06:00,12.1899995803833
2023-12-14 00:00:00-06:00,12.479999542236328
2023-12-15 00:00:00-06:00,12.279999732971191
2023-12-18 00:00:00-06:00,12.5600004196167
2023-12-19 00:00:00-06:00,12.529999732971191
2023-12-20 00:00:00-06:00,13.670000076293945
2023-12-21 00:00:00-06:00,13.649999618530273
2023-12-22 00:00:00-06:00,13.029999732971191
2023-12-26 00:00:00-06:00,12.989999771118164
2023-12-27 00:00:00-06:00,12.430000305175781
2023-12-28 00:00:00-06:00,12.470000267028809
2023-12-29 00:00:00-06:00,12.449999809265137
2024-01-02 00:00:00-06:00,13.199999809265137
2024-01-03 00:00:00-06:00,14.039999961853027
2024-01-04 00:00:00-06:00,14.130000114440918
2024-01-05 00:00:00-06:00,13.350000381469727
2024-01-08 00:00:00-06:00,13.079999923706055
2024-01-09 00:00:00-06:00,12.760000228881836
2024-01-10 00:00:00-06:00,12.6899995803833
2024-01-11 00:00:00-06:00,12.4399995803833
2024-01-12 00:00:00-06:00,12.699999809265137
2024-01-16 00:00:00-06:00,13.84000015258789
2024-01-17 00:00:00-06:00,14.789999961853027
2024-01-18 00:00:00-06:00,14.130000114440918
2024-01-19 00:00:00-06:00,13.300000190734863
2024-01-22 00:00:00-06:00,13.1899995803833
2024-01-23 00:00:00-06:00,12.550000190734863
2024-01-24 00:00:00-06:00,13.140000343322754
2024-01-25 00:00:00-06:00,13.449999809265137
2024-01-26 00:00:00-06:00,13.260000228881836
2024-01-29 00:00:00-06:00,13.600000381469727
2024-01-30 00:00:00-06:00,13.3100004196167
2024-01-31 00:00:00-06:00,14.350000381469727
2024-02-01 00:00:00-06:00,13.880000114440918
2024-02-02 00:00:00-06:00,13.850000381469727
2024-02-05 00:00:00-06:00,13.670000076293945
2024-02-06 00:00:00-06:00,13.0600004196167
2024-02-07 00:00:00-06:00,12.829999923706055
2024-02-08 00:00:00-06:00,12.789999961853027
2024-02-09 00:00:00-06:00,12.930000305175781
2024-02-12 00:00:00-06:00,13.930000305175781
2024-02-13 00:00:00-06:00,15.850000381469727
2024-02-14 00:00:00-06:00,14.380000114440918
2024-02-15 00:00:00-06:00,14.010000228881836
2024-02-16 00:00:00-06:00,14.239999771118164
2024-02-20 00:00:00-06:00,15.420000076293945
2024-02-21 00:00:00-06:00,15.34000015258789
2024-02-22 00:00:00-06:00,14.539999961853027
2024-02-23 00:00:00-06:00,13.75
2024-02-26 00:00:00-06:00,13.739999771118164
2024-02-27 00:00:00-06:00,13.430000305175781
2024-02-28 00:00:00-06:00,13.84000015258789
2024-02-29 00:00:00-06:00,13.399999618530273
2024-03-01 00:00:00-06:00,13.109999656677246
2024-03-04 00:00:00-06:00,13.489999771118164
2024-03-05 00:00:00-06:00,14.460000038146973
2024-03-06 00:00:00-06:00,14.5
2024-03-07 00:00:00-06:00,14.4399995803833
2024-03-08 00:00:00-06:00,14.739999771118164
2024-03-11 00:00:00-05:00,15.220000267028809
2024-03-12 00:00:00-05:00,13.84000015258789
2024-03-13 00:00:00-05:00,13.75
2024-03-14 00:00:00-05:00,14.399999618530273
2024-03-15 00:00:00-05:00,14.40999984741211
2024-03-18 00:00:00-05:00,14.329999923706055
2024-03-19 00:00:00-05:00,13.819999694824219
2024-03-20 00:00:00-05:00,13.039999961853027
2024-03-21 00:00:00-05:00,12.920000076293945
2024-03-22 00:00:00-05:00,13.0600004196167
2024-03-25 00:00:00-05:00,13.1899995803833
2024-03-26 00:00:00-05:00,13.239999771118164
2024-03-27 00:00:00-05:00,12.779999732971191
2024-03-28 00:00:00-05:00,13.010000228881836
2024-04-01 00:00:00-05:00,13.649999618530273
2024-04-02 00:00:00-05:00,14.609999656677246
2024-04-03 00:00:00-05:00,14.329999923706055
2024-04-04 00:00:00-05:00,16.350000381469727
2024-04-05 00:00:00-05:00,16.030000686645508
2024-04-08 00:00:00-05:00,15.1899995803833
2024-04-09 00:00:00-05:00,14.979999542236328
2024-04-10 00:00:00-05:00,15.800000190734863
2024-04-11 00:00:00-05:00,14.90999984741211
2024-04-12 00:00:00-05:00,17.309999465942383
2024-04-15 00:00:00-05:00,19.229999542236328
2024-04-16 00:00:00-05:00,18.399999618530273
2024-04-17 00:00:00-05:00,18.209999084472656
2024-04-18 00:00:00-05:00,18.0
2024-04-19 00:00:00-05:00,18.709999084472656
2024-04-22 00:00:00-05:00,16.940000534057617
2024-04-23 00:00:00-05:00,15.6899995803833
2024-04-24 00:00:00-05:00,15.970000267028809
2024-04-25 00:00:00-05:00,15.369999885559082
2024-04-26 00:00:00-05:00,15.029999732971191
2024-04-29 00:00:00-05:00,14.670000076293945
2024-04-30 00:00:00-05:00,15.649999618530273
2024-05-01 00:00:00-05:00,15.390000343322754
2024-05-02 00:00:00-05:00,14.680000305175781
2024-05-03 00:00:00-05:00,13.489999771118164
2024-05-06 00:00:00-05:00,13.489999771118164
2024-05-07 00:00:00-05:00,13.229999542236328
2024-05-08 00:00:00-05:00,13.0
2024-05-09 00:00:00-05:00,12.6899995803833
2024-05-10 00:00:00-05:00,12.550000190734863
2024-05-13 00:00:00-05:00,13.600000381469727
2024-05-14 00:00:00-05:00,13.420000076293945
2024-05-15 00:00:00-05:00,12.449999809265137
2024-05-16 00:00:00-05:00,12.420000076293945
2024-05-17 00:00:00-05:00,11.989999771118164
2024-05-20 00:00:00-05:00,12.149999618530273
2024-05-21 00:00:00-05:00,11.859999656677246
2024-05-22 00:00:00-05:00,12.289999961853027
2024-05-23 00:00:00-05:00,12.770000457763672
2024-05-24 00:00:00-05:00,11.930000305175781
2024-05-28 00:00:00-05:00,12.920000076293945
2024-05-29 00:00:00-05:00,14.279999732971191
2024-05-30 00:00:00-05:00,14.470000267028809
2024-05-31 00:00:00-05:00,12.920000076293945
2024-06-03 00:00:00-05:00,13.109999656677246
2024-06-04 00:00:00-05:00,13.15999984741211
2024-06-05 00:00:00-05:00,12.630000114440918
2024-06-06 00:00:00-05:00,12.579999923706055
2024-06-07 00:00:00-05:00,12.220000267028809
2024-06-10 00:00:00-05:00,12.739999771118164
2024-06-11 00:00:00-05:00,12.850000381469727
2024-06-12 00:00:00-05:00,12.039999961853027
2024-06-13 00:00:00-05:00,11.9399995803833
2024-06-14 00:00:00-05:00,12.65999984741211
2024-06-17 00:00:00-05:00,12.75
2024-06-18 00:00:00-05:00,12.300000190734863
2024-06-20 00:00:00-05:00,13.279999732971191
2024-06-21 00:00:00-05:00,13.199999809265137
2024-06-24 00:00:00-05:00,13.329999923706055
2024-06-25 00:00:00-05:00,12.84000015258789
2024-06-26 00:00:00-05:00,12.550000190734863
2024-06-27 00:00:00-05:00,12.239999771118164
2024-06-28 00:00:00-05:00,12.4399995803833
2024-07-01 00:00:00-05:00,12.220000267028809
2024-07-02 00:00:00-05:00,12.029999732971191
2024-07-03 00:00:00-05:00,12.09000015258789
2024-07-05 00:00:00-05:00,12.479999542236328
2024-07-08 00:00:00-05:00,12.369999885559082
2024-07-09 00:00:00-05:00,12.510000228881836
2024-07-10 00:00:00-05:00,12.850000381469727
2024-07-11 00:00:00-05:00,12.920000076293945
2024-07-12 00:00:00-05:00,12.460000038146973
2024-07-15 00:00:00-05:00,13.119999885559082
2024-07-16 00:00:00-05:00,13.1899995803833
2024-07-17 00:00:00-05:00,14.479999542236328
2024-07-18 00:00:00-05:00,15.930000305175781
2024-07-19 00:00:00-05:00,16.520000457763672
2024-07-22 00:00:00-05:00,14.90999984741211
2024-07-23 00:00:00-05:00,14.720000267028809
2024-07-24 00:00:00-05:00,18.040000915527344
2024-07-25 00:00:00-05:00,18.459999084472656
2024-07-26 00:00:00-05:00,16.389999389648438
2024-07-29 00:00:00-05:00,16.600000381469727
2024-07-30 00:00:00-05:00,17.690000534057617
2024-07-31 00:00:00-05:00,16.360000610351562
2024-08-01 00:00:00-05:00,18.59000015258789
2024-08-02 00:00:00-05:00,23.389999389648438
2024-08-05 00:00:00-05:00,38.56999969482422
2024-08-06 00:00:00-05:00,27.709999084472656
2024-08-07 00:00:00-05:00,27.850000381469727
2024-08-08 00:00:00-05:00,23.790000915527344
2024-08-09 00:00:00-05:00,20.3700008392334
2024-08-12 00:00:00-05:00,20.709999084472656
2024-08-13 00:00:00-05:00,18.1200008392334
2024-08-14 00:00:00-05:00,16.190000534057617
2024-08-15 00:00:00-05:00,15.229999542236328
2024-08-16 00:00:00-05:00,14.800000190734863
2024-08-19 00:00:00-05:00,14.649999618530273
2024-08-20 00:00:00-05:00,15.880000114440918
2024-08-21 00:00:00-05:00,16.270000457763672
2024-08-22 00:00:00-05:00,17.549999237060547
2024-08-23 00:00:00-05:00,15.859999656677246
2024-08-26 00:00:00-05:00,16.149999618530273
2024-08-27 00:00:00-05:00,15.430000305175781
2024-08-28 00:00:00-05:00,17.110000610351562
2024-08-29 00:00:00-05:00,15.649999618530273
2024-08-30 00:00:00-05:00,15.0
2024-09-03 00:00:00-05:00,20.719999313354492
2024-09-04 00:00:00-05:00,21.31999969482422
2024-09-05 00:00:00-05:00,19.899999618530273
2024-09-06 00:00:00-05:00,22.3799991607666
2024-09-09 00:00:00-05:00,19.450000762939453
2024-09-10 00:00:00-05:00,19.079999923706055
2024-09-11 00:00:00-05:00,17.690000534057617
2024-09-12 00:00:00-05:00,17.06999969482422
2024-09-13 00:00:00-05:00,16.559999465942383
2024-09-16 00:00:00-05:00,17.139999389648438
2024-09-17 00:00:00-05:00,17.610000610351562
2024-09-18 00:00:00-05:00,18.229999542236328
2024-09-19 00:00:00-05:00,16.329999923706055
2024-09-20 00:00:00-05:00,16.149999618530273
2024-09-23 00:00:00-05:00,15.890000343322754
2024-09-24 00:00:00-05:00,15.390000343322754
2024-09-25 00:00:00-05:00,15.40999984741211
2024-09-26 00:00:00-05:00,15.369999885559082
2024-09-27 00:00:00-05:00,16.959999084472656
2024-09-30 00:00:00-05:00,16.729999542236328
2024-10-01 00:00:00-05:00,19.260000228881836
2024-10-02 00:00:00-05:00,18.899999618530273
2024-10-03 00:00:00-05:00,20.489999771118164
2024-10-04 00:00:00-05:00,19.209999084472656
2024-10-07 00:00:00-05:00,22.639999389648438
2024-10-08 00:00:00-05:00,21.420000076293945
2024-10-09 00:00:00-05:00,20.860000610351562
2024-10-10 00:00:00-05:00,20.93000030517578
2024-10-11 00:00:00-05:00,20.459999084472656
2024-10-14 00:00:00-05:00,19.700000762939453
2024-10-15 00:00:00-05:00,20.639999389648438
2024-10-16 00:00:00-05:00,19.579999923706055
2024-10-17 00:00:00-05:00,19.110000610351562
2024-10-18 00:00:00-05:00,18.030000686645508
2024-10-21 00:00:00-05:00,18.3700008392334
2024-10-22 00:00:00-05:00,18.200000762939453
2024-10-23 00:00:00-05:00,19.239999771118164
2024-10-24 00:00:00-05:00,19.079999923706055
2024-10-25 00:00:00-05:00,20.329999923706055
2024-10-28 00:00:00-05:00,19.799999237060547
2024-10-29 00:00:00-05:00,19.34000015258789
2024-10-30 00:00:00-05:00,20.350000381469727
2024-10-31 00:00:00-05:00,23.15999984741211
2024-11-01 00:00:00-05:00,21.8799991607666
2024-11-04 00:00:00-06:00,21.979999542236328
2024-11-05 00:00:00-06:00,20.489999771118164
2024-11-06 00:00:00-06:00,16.270000457763672
2024-11-07 00:00:00-06:00,15.199999809265137
2024-11-08 00:00:00-06:00,14.9399995803833
2024-11-11 00:00:00-06:00,14.970000267028809
2024-11-12 00:00:00-06:00,14.710000038146973
2024-11-13 00:00:00-06:00,14.020000457763672
2024-11-14 00:00:00-06:00,14.3100004196167
2024-11-15 00:00:00-06:00,16.139999389648438
2024-11-18 00:00:00-06:00,15.579999923706055
2024-11-19 00:00:00-06:00,16.350000381469727
2024-11-20 00:00:00-06:00,17.15999984741211
2024-11-21 00:00:00-06:00,16.8700008392334
2024-11-22 00:00:00-06:00,15.239999771118164
2024-11-25 00:00:00-06:00,14.600000381469727
2024-11-26 00:00:00-06:00,14.100000381469727
2024-11-27 00:00:00-06:00,14.100000381469727
2024-11-29 00:00:00-06:00,13.510000228881836
2024-12-02 00:00:00-06:00,13.34000015258789
2024-12-03 00:00:00-06:00,13.300000190734863
2024-12-04 00:00:00-06:00,13.449999809265137
2024-12-05 00:00:00-06:00,13.539999961853027
2024-12-06 00:00:00-06:00,12.770000457763672
2024-12-09 00:00:00-06:00,14.1899995803833
2024-12-10 00:00:00-06:00,14.180000305175781
2024-12-11 00:00:00-06:00,13.579999923706055
2024-12-12 00:00:00-06:00,13.920000076293945
2024-12-13 00:00:00-06:00,13.8100004196167
2024-12-16 00:00:00-06:00,14.6899995803833
2024-12-17 00:00:00-06:00,15.869999885559082
2024-12-18 00:00:00-06:00,27.6200008392334
2024-12-19 00:00:00-06:00,24.09000015258789
2024-12-20 00:00:00-06:00,18.360000610351562
2024-12-23 00:00:00-06:00,16.780000686645508
2024-12-24 00:00:00-06:00,14.270000457763672
2024-12-26 00:00:00-06:00,14.729999542236328
2024-12-27 00:00:00-06:00,15.949999809265137
2024-12-30 00:00:00-06:00,17.399999618530273
2024-12-31 00:00:00-06:00,17.350000381469727
2025-01-02 00:00:00-06:00,17.93000030517578
2025-01-03 00:00:00-06:00,16.1299991607666
2025-01-06 00:00:00-06:00,16.040000915527344
2025-01-07 00:00:00-06:00,17.81999969482422
2025-01-08 00:00:00-06:00,17.700000762939453
2025-01-10 00:00:00-06:00,19.540000915527344
2025-01-13 00:00:00-06:00,19.190000534057617
2025-01-14 00:00:00-06:00,18.709999084472656
2025-01-15 00:00:00-06:00,16.1200008392334
2025-01-16 00:00:00-06:00,16.600000381469727
2025-01-17 00:00:00-06:00,15.970000267028809
2025-01-21 00:00:00-06:00,15.0600004196167
2025-01-22 00:00:00-06:00,15.100000381469727
2025-01-23 00:00:00-06:00,15.020000457763672
2025-01-24 00:00:00-06:00,14.850000381469727
2025-01-27 00:00:00-06:00,17.899999618530273
2025-01-28 00:00:00-06:00,16.40999984741211
2025-01-29 00:00:00-06:00,16.559999465942383
2025-01-30 00:00:00-06:00,15.84000015258789
2025-01-31 00:00:00-06:00,16.43000030517578
2025-02-03 00:00:00-06:00,18.6200008392334
2025-02-04 00:00:00-06:00,17.209999084472656
2025-02-05 00:00:00-06:00,15.770000457763672
2025-02-06 00:00:00-06:00,15.5
2025-02-07 00:00:00-06:00,16.540000915527344
2025-02-10 00:00:00-06:00,15.8100004196167
2025-02-11 00:00:00-06:00,16.020000457763672
2025-02-12 00:00:00-06:00,15.890000343322754
2025-02-13 00:00:00-06:00,15.100000381469727
2025-02-14 00:00:00-06:00,14.770000457763672
2025-02-18 00:00:00-06:00,15.350000381469727
2025-02-19 00:00:00-06:00,15.270000457763672
2025-02-20 00:00:00-06:00,15.65999984741211
2025-02-21 00:00:00-06:00,18.209999084472656
2025-02-24 00:00:00-06:00,18.979999542236328
2025-02-25 00:00:00-06:00,19.43000030517578
2025-02-26 00:00:00-06:00,19.100000381469727
2025-02-27 00:00:00-06:00,21.1299991607666
2025-02-28 00:00:00-06:00,19.6299991607666
2025-03-03 00:00:00-06:00,22.780000686645508
2025-03-04 00:00:00-06:00,23.510000228881836
2025-03-05 00:00:00-06:00,21.93000030517578
2025-03-06 00:00:00-06:00,24.8700008392334
2025-03-07 00:00:00-06:00,23.3700008392334
2025-03-10 00:00:00-05:00,27.860000610351562
2025-03-11 00:00:00-05:00,26.920000076293945
2025-03-12 00:00:00-05:00,24.229999542236328
2025-03-13 00:00:00-05:00,24.65999984741211
2025-03-14 00:00:00-05:00,21.770000457763672
2025-03-17 00:00:00-05:00,20.510000228881836
2025-03-18 00:00:00-05:00,21.700000762939453
2025-03-19 00:00:00-05:00,19.899999618530273
2025-03-20 00:00:00-05:00,19.799999237060547
2025-03-21 00:00:00-05:00,19.280000686645508
2025-03-24 00:00:00-05:00,17.479999542236328
2025-03-25 00:00:00-05:00,17.149999618530273
2025-03-26 00:00:00-05:00,18.329999923706055
2025-03-27 00:00:00-05:00,18.690000534057617
2025-03-28 00:00:00-05:00,21.649999618530273
2025-03-31 00:00:00-05:00,22.280000686645508
2025-04-01 00:00:00-05:00,21.770000457763672
2025-04-02 00:00:00-05:00,21.510000228881836
2025-04-03 00:00:00-05:00,30.020000457763672
2025-04-04 00:00:00-05:00,45.310001373291016
2025-04-07 00:00:00-05:00,46.97999954223633
2025-04-08 00:00:00-05:00,52.33000183105469
2025-04-09 00:00:00-05:00,33.619998931884766
2025-04-10 00:00:00-05:00,40.720001220703125
2025-04-11 00:00:00-05:00,37.560001373291016
2025-04-14 00:00:00-05:00,30.889999389648438
2025-04-15 00:00:00-05:00,30.1200008392334
2025-04-16 00:00:00-05:00,32.63999938964844
2025-04-17 00:00:00-05:00,29.649999618530273
2025-04-21 00:00:00-05:00,33.81999969482422
2025-04-22 00:00:00-05:00,30.56999969482422
2025-04-23 00:00:00-05:00,28.450000762939453
2025-04-24 00:00:00-05:00,26.469999313354492
2025-04-25 00:00:00-05:00,24.84000015258789
2025-04-28 00:00:00-05:00,25.149999618530273
2025-04-29 00:00:00-05:00,24.170000076293945
2025-04-30 00:00:00-05:00,24.700000762939453
2025-05-01 00:00:00-05:00,24.600000381469727
2025-05-02 00:00:00-05:00,22.68000030517578
2025-05-05 00:00:00-05:00,23.639999389648438
2025-05-06 00:00:00-05:00,24.760000228881836
2025-05-07 00:00:00-05:00,23.549999237060547
2025-05-08 00:00:00-05:00,22.479999542236328
2025-05-09 00:00:00-05:00,21.899999618530273
2025-05-12 00:00:00-05:00,18.389999389648438
2025-05-13 00:00:00-05:00,18.219999313354492
2025-05-14 00:00:00-05:00,18.6200008392334
2025-05-15 00:00:00-05:00,17.829999923706055
2025-05-16 00:00:00-05:00,17.239999771118164
2025-05-19 00:00:00-05:00,18.139999389648438
2025-05-20 00:00:00-05:00,18.09000015258789
2025-05-21 00:00:00-05:00,20.8700008392334
2025-05-22 00:00:00-05:00,20.280000686645508
2025-05-23 00:00:00-05:00,22.290000915527344
2025-05-27 00:00:00-05:00,18.959999084472656
2025-05-28 00:00:00-05:00,19.309999465942383
2025-05-29 00:00:00-05:00,19.18000030517578
2025-05-30 00:00:00-05:00,18.56999969482422
2025-06-02 00:00:00-05:00,18.360000610351562
2025-06-03 00:00:00-05:00,17.690000534057617
2025-06-04 00:00:00-05:00,17.610000610351562
2025-06-05 00:00:00-05:00,18.479999542236328
2025-06-06 00:00:00-05:00,16.770000457763672
2025-06-09 00:00:00-05:00,17.15999984741211
2025-06-10 00:00:00-05:00,16.950000762939453
2025-06-11 00:00:00-05:00,17.260000228881836
2025-06-12 00:00:00-05:00,18.020000457763672
2025-06-13 00:00:00-05:00,20.81999969482422
2025-06-16 00:00:00-05:00,19.110000610351562
2025-06-17 00:00:00-05:00,21.600000381469727
2025-06-18 00:00:00-05:00,20.139999389648438
2025-06-20 00:00:00-05:00,20.6200008392334
2025-06-23 00:00:00-05:00,19.829999923706055
2025-06-24 00:00:00-05:00,17.479999542236328
2025-06-25 00:00:00-05:00,16.760000228881836
2025-06-26 00:00:00-05:00,16.59000015258789
2025-06-27 00:00:00-05:00,16.31999969482422
2025-06-30 00:00:00-05:00,16.729999542236328
2025-07-01 00:00:00-05:00,16.829999923706055
2025-07-02 00:00:00-05:00,16.639999389648438
2025-07-03 00:00:00-05:00,16.3799991607666
2025-07-07 00:00:00-05:00,17.790000915527344
2025-07-08 00:00:00-05:00,16.809999465942383
2025-07-09 00:00:00-05:00,15.9399995803833
2025-07-10 00:00:00-05:00,15.779999732971191
2025-07-11 00:00:00-05:00,16.399999618530273
2025-07-14 00:00:00-05:00,17.200000762939453
2025-07-15 00:00:00-05:00,17.3799991607666
2025-07-16 00:00:00-05:00,17.15999984741211
2025-07-17 00:00:00-05:00,16.520000457763672
2025-07-18 00:00:00-05:00,16.40999984741211
2025-07-21 00:00:00-05:00,16.649999618530273
2025-07-22 00:00:00-05:00,16.5
2025-07-23 00:00:00-05:00,15.369999885559082
2025-07-24 00:00:00-05:00,15.390000343322754
2025-07-25 00:00:00-05:00,14.930000305175781
2025-07-28 00:00:00-05:00,15.029999732971191
2025-07-29 00:00:00-05:00,15.979999542236328
2025-07-30 00:00:00-05:00,15.479999542236328
2025-07-31 00:00:00-05:00,16.719999313354492
2025-08-01 00:00:00-05:00,20.3799991607666
2025-08-04 00:00:00-05:00,17.520000457763672
2025-08-05 00:00:00-05:00,17.850000381469727
2025-08-06 00:00:00-05:00,16.770000457763672
2025-08-07 00:00:00-05:00,16.56999969482422
2025-08-08 00:00:00-05:00,15.149999618530273
2025-08-11 00:00:00-05:00,16.25
2025-08-12 00:00:00-05:00,14.729999542236328
2025-08-13 00:00:00-05:00,14.489999771118164
2025-08-14 00:00:00-05:00,14.829999923706055
2025-08-15 00:00:00-05:00,15.09000015258789
2025-08-18 00:00:00-05:00,14.989999771118164
2025-08-19 00:00:00-05:00,15.569999694824219
2025-08-20 00:00:00-05:00,15.6899995803833
2025-08-21 00:00:00-05:00,16.600000381469727
2025-08-22 00:00:00-05:00,14.220000267028809
2025-08-25 00:00:00-05:00,14.789999961853027
2025-08-26 00:00:00-05:00,14.619999885559082
2025-08-27 00:00:00-05:00,14.850000381469727
2025-08-28 00:00:00-05:00,14.430000305175781
2025-08-29 00:00:00-05:00,15.359999656677246
2025-09-02 00:00:00-05:00,17.170000076293945
2025-09-03 00:00:00-05:00,16.350000381469727
2025-09-04 00:00:00-05:00,15.300000190734863
2025-09-05 00:00:00-05:00,15.180000305175781
2025-09-08 00:00:00-05:00,15.109999656677246
2025-09-09 00:00:00-05:00,15.039999961853027
2025-09-10 00:00:00-05:00,15.350000381469727
2025-09-11 00:00:00-05:00,14.710000038146973
2025-09-12 00:00:00-05:00,14.760000228881836
2025-09-15 00:00:00-05:00,15.6899995803833
2025-09-16 00:00:00-05:00,16.360000610351562
2025-09-17 00:00:00-05:00,15.720000267028809
2025-09-18 00:00:00-05:00,15.699999809265137
2025-09-19 00:00:00-05:00,15.449999809265137
2025-09-22 00:00:00-05:00,16.100000381469727
2025-09-23 00:00:00-05:00,16.639999389648438
2025-09-24 00:00:00-05:00,16.18000030517578
2025-09-25 00:00:00-05:00,16.739999771118164
2025-09-26 00:00:00-05:00,15.289999961853027
2025-09-29 00:00:00-05:00,16.1200008392334
2025-09-30 00:00:00-05:00,16.280000686645508
2025-10-01 00:00:00-05:00,16.290000915527344
2025-10-02 00:00:00-05:00,16.6299991607666
2025-10-03 00:00:00-05:00,16.649999618530273
2025-10-06 00:00:00-05:00,16.3700008392334
2025-10-07 00:00:00-05:00,17.239999771118164
2025-10-08 00:00:00-05:00,16.299999237060547
2025-10-09 00:00:00-05:00,16.43000030517578
2025-10-10 00:00:00-05:00,21.65999984741211
2025-10-13 00:00:00-05:00,19.030000686645508
2025-10-14 00:00:00-05:00,20.809999465942383
2025-10-15 00:00:00-05:00,20.639999389648438
2025-10-16 00:00:00-05:00,25.309999465942383
2025-10-17 00:00:00-05:00,20.780000686645508
2025-10-20 00:00:00-05:00,18.229999542236328
2025-10-21 00:00:00-05:00,17.8700008392334
2025-10-22 00:00:00-05:00,18.600000381469727
2025-10-23 00:00:00-05:00,17.299999237060547
2025-10-24 00:00:00-05:00,16.3700008392334
2025-10-27 00:00:00-05:00,15.789999961853027
2025-10-28 00:00:00-05:00,16.420000076293945
2025-10-29 00:00:00-05:00,16.920000076293945
2025-10-30 00:00:00-05:00,16.90999984741211
2025-10-31 00:00:00-05:00,17.440000534057617
2025-11-03 00:00:00-06:00,17.170000076293945
2025-11-04 00:00:00-06:00,19.0
2025-11-05 00:00:00-06:00,18.010000228881836
2025-11-06 00:00:00-06:00,19.5
2025-11-07 00:00:00-06:00,19.079999923706055
2025-11-10 00:00:00-06:00,17.600000381469727
2025-11-11 00:00:00-06:00,17.280000686645508
2025-11-12 00:00:00-06:00,17.510000228881836
2025-11-13 00:00:00-06:00,20.0
2025-11-14 00:00:00-06:00,19.829999923706055
2025-11-17 00:00:00-06:00,22.3799991607666
2025-11-18 00:00:00-06:00,24.690000534057617
2025-11-19 00:00:00-06:00,23.65999984741211
2025-11-20 00:00:00-06:00,26.420000076293945
2025-11-21 00:00:00-06:00,23.43000030517578
2025-11-24 00:00:00-06:00,20.520000457763672
2025-11-25 00:00:00-06:00,18.559999465942383
2025-11-26 00:00:00-06:00,17.190000534057617
2025-11-28 00:00:00-06:00,16.350000381469727
2025-12-01 00:00:00-06:00,17.239999771118164
2025-12-02 00:00:00-06:00,16.59000015258789
2025-12-03 00:00:00-06:00,16.079999923706055
2025-12-04 00:00:00-06:00,15.779999732971191
2025-12-05 00:00:00-06:00,15.40999984741211
2025-12-08 00:00:00-06:00,16.65999984741211
2025-12-09 00:00:00-06:00,16.93000030517578
2025-12-10 00:00:00-06:00,15.770000457763672
2025-12-11 00:00:00-06:00,14.850000381469727
2025-12-12 00:00:00-06:00,15.739999771118164
2025-12-15 00:00:00-06:00,16.5
2025-12-16 00:00:00-06:00,16.479999542236328
2025-12-17 00:00:00-06:00,17.6200008392334
2025-12-18 00:00:00-06:00,16.8700008392334
2025-12-19 00:00:00-06:00,14.90999984741211
2025-12-22 00:00:00-06:00,14.079999923706055
2025-12-23 00:00:00-06:00,14.0
2025-12-24 00:00:00-06:00,13.470000267028809
2025-12-26 00:00:00-06:00,13.600000381469727
2025-12-29 00:00:00-06:00,14.199999809265137
2025-12-30 00:00:00-06:00,14.329999923706055
2025-12-31 00:00:00-06:00,14.949999809265137
2026-01-02 00:00:00-06:00,14.510000228881836
2026-01-05 00:00:00-06:00,14.899999618530273
2026-01-06 00:00:00-06:00,14.75
2026-01-07 00:00:00-06:00,15.380000114440918
2026-01-08 00:00:00-06:00,15.449999809265137
2026-01-09 00:00:00-06:00,14.489999771118164
2026-01-12 00:00:00-06:00,15.119999885559082
2026-01-13 00:00:00-06:00,15.979999542236328
2026-01-14 00:00:00-06:00,16.75
2026-01-15 00:00:00-06:00,15.84000015258789
2026-01-16 00:00:00-06:00,15.859999656677246
2026-01-20 00:00:00-06:00,20.09000015258789
2026-01-21 00:00:00-06:00,16.899999618530273
2026-01-22 00:00:00-06:00,15.640000343322754
2026-01-23 00:00:00-06:00,16.09000015258789
2026-01-26 00:00:00-06:00,16.149999618530273
2026-01-27 00:00:00-06:00,16.350000381469727
2026-01-28 00:00:00-06:00,16.350000381469727
2026-01-29 00:00:00-06:00,16.8799991607666
2026-01-30 00:00:00-06:00,17.440000534057617
2026-02-02 00:00:00-06:00,16.34000015258789
2026-02-03 00:00:00-06:00,18.0
2026-02-04 00:00:00-06:00,18.639999389648438
2026-02-05 00:00:00-06:00,21.770000457763672
2026-02-06 00:00:00-06:00,20.3700008392334
2026-02-09 00:00:00-06:00,17.360000610351562
2026-02-10 00:00:00-06:00,17.790000915527344
2026-02-11 00:00:00-06:00,17.649999618530273
2026-02-12 00:00:00-06:00,20.81999969482422
2026-02-13 00:00:00-06:00,20.600000381469727
2026-02-17 00:00:00-06:00,20.290000915527344
2026-02-18 00:00:00-06:00,19.6200008392334
2026-02-19 00:00:00-06:00,20.229999542236328
2026-02-20 00:00:00-06:00,19.09000015258789
2026-02-23 00:00:00-06:00,21.010000228881836
2026-02-24 00:00:00-06:00,19.549999237060547
2026-02-25 00:00:00-06:00,17.93000030517578
2026-02-26 00:00:00-06:00,18.6299991607666
2026-02-27 00:00:00-06:00,19.860000610351562
2026-03-02 00:00:00-06:00,21.440000534057617
2026-03-03 00:00:00-06:00,23.56999969482422
2026-03-04 00:00:00-06:00,21.149999618530273
2026-03-05 00:00:00-06:00,23.75
2026-03-06 00:00:00-06:00,29.489999771118164
2026-03-09 00:00:00-05:00,25.5
2026-03-10 00:00:00-05:00,24.93000030517578
2026-03-11 00:00:00-05:00,24.229999542236328
2026-03-12 00:00:00-05:00,27.290000915527344
2026-03-13 00:00:00-05:00,27.190000534057617
2026-03-16 00:00:00-05:00,23.510000228881836
2026-03-17 00:00:00-05:00,22.3700008392334
2026-03-18 00:00:00-05:00,25.09000015258789
2026-03-19 00:00:00-05:00,24.059999465942383
2026-03-20 00:00:00-05:00,26.780000686645508
2026-03-23 00:00:00-05:00,26.149999618530273
2026-03-24 00:00:00-05:00,26.950000762939453
2026-03-25 00:00:00-05:00,25.329999923706055
2026-03-26 00:00:00-05:00,27.440000534057617
2026-03-27 00:00:00-05:00,31.049999237060547
2026-03-30 00:00:00-05:00,30.610000610351562
2026-03-31 00:00:00-05:00,25.25
2026-04-01 00:00:00-05:00,24.540000915527344
2026-04-02 00:00:00-05:00,23.8700008392334
2026-04-06 00:00:00-05:00,24.170000076293945
2026-04-07 00:00:00-05:00,25.780000686645508
2026-04-08 00:00:00-05:00,21.040000915527344
2026-04-09 00:00:00-05:00,19.489999771118164
2026-04-10 00:00:00-05:00,19.229999542236328
